episode_reward,episode_success,episode_length,episode_terminated,num_trajectories,scenario_total_flow_vph,scenario_cav_penetration,scenario_cav_flow_vph,scenario_hdv_flow_vph,avg_speed,avg_jerk,total_fuel_mL,tet_seconds,tet_rate,trip50_avg_time_s,trip50_avg_stop_time_s,trip50_avg_speed_mps,trip50_num_completed,trip50_hdv_avg_time_s,trip50_hdv_avg_stop_time_s,trip50_hdv_avg_speed_mps,trip50_hdv_num_completed,trip50_mix_avg_time_s,trip50_mix_avg_stop_time_s,trip50_mix_avg_speed_mps,trip50_mix_num_completed,r_speed_mean,r_accel_mean,r_jerk_mean,r_safety_mean,r_lc_mean,r_idle_mean,r_energy_mean,r_terminal_mean,num_terminals,step,episode,elapsed_time,steps_per_second,critic_loss,actor_loss,alpha_loss,alpha_acc_loss,alpha_lane_loss,alpha,alpha_acc,alpha_lane,q_mean,logp_mean,logp_acc_mean,logp_lane_mean,lane_entropy_mean,attn_gate_mean_actor,attn_ego_weight_actor,attn_gate_mean_q1,attn_ego_weight_q1,critic_loss_mean,critic_loss_std,critic_loss_slope,actor_loss_mean,actor_loss_std,actor_loss_slope,alpha_loss_mean,alpha_loss_std,alpha_loss_slope,alpha_acc_loss_mean,alpha_acc_loss_std,alpha_acc_loss_slope,alpha_lane_loss_mean,alpha_lane_loss_std,alpha_lane_loss_slope,alpha_mean,alpha_std,alpha_slope,alpha_acc_mean,alpha_acc_std,alpha_acc_slope,alpha_lane_mean,alpha_lane_std,alpha_lane_slope,q_mean_mean,q_mean_std,q_mean_slope,logp_mean_mean,logp_mean_std,logp_mean_slope,logp_acc_mean_mean,logp_acc_mean_std,logp_acc_mean_slope,logp_lane_mean_mean,logp_lane_mean_std,logp_lane_mean_slope,lane_entropy_mean_mean,lane_entropy_mean_std,lane_entropy_mean_slope,attn_ego_weight_actor_mean,attn_ego_weight_actor_std,attn_ego_weight_actor_slope,attn_ego_weight_q1_mean,attn_ego_weight_q1_std,attn_ego_weight_q1_slope
-4069.7849103382655,0.0,1500.0,0.0,55.0,1942.0,0.9054173266933417,1758.0,184.0,1.928888075820248,8.463563240953206,2274.072137816727,52.0,0.029485144023588115,176.35999999999999,133.71999999999997,2.962005532629317,10.0,108.0,73.75,4.742491233019246,4.0,176.35999999999999,133.71999999999997,2.962005532629317,10.0,-0.008365203249351237,-0.023022733600276242,-0.06085000486565876,-0.0016716639374015467,-0.02493790262323497,-0.45263434237363437,-0.003846203684051721,0.1680304096963124,7.0,1500.0,0.0,50.88354206085205,29.47907986055958,,,,,,,,,,,,,,,,,,,,,,,,,,,,,,,,,,,,,,,,,,,,,,,,,,,,,,,,,,,,,,
-8221.856272757053,0.0,1500.0,0.0,33.0,2052.0,0.31864202907271094,653.0,1399.0,5.294304222043522,6.142227669272827,7919.173780322261,329.8,0.09345423632757155,64.16363636363637,26.312727272727265,7.667182259418207,55.0,57.50943396226416,19.773584905660375,7.902098997861624,53.0,64.16363636363637,26.312727272727265,7.667182259418207,55.0,-0.007245445343190734,-0.023856433555132738,-0.061078053726462946,-0.001317179615306553,-0.024205088827618203,-0.45221807266762065,-0.00401823452485854,0.0997571989468053,2.0,3000.0,1.0,76.15972590446472,39.3908980681367,,,,,,,,,,,,,,,,,,,,,,,,,,,,,,,,,,,,,,,,,,,,,,,,,,,,,,,,,,,,,,
-3606.9171181172132,0.0,1500.0,0.0,30.0,2044.0,0.26312945593648973,537.0,1507.0,4.42471148407179,6.241608876906119,8773.244289327477,306.8,0.0688015787585217,76.88275862068964,36.65517241379311,6.186965800433743,58.0,63.35555555555555,23.677777777777777,6.545960095847528,54.0,76.88275862068964,36.65517241379311,6.186965800433743,58.0,-0.007704856088051418,-0.023736270321927756,-0.06152758380992376,-0.0010644189115889863,-0.025859593139213356,-0.4516952532907858,-0.003920901574263683,0.08478762151113649,4.0,4500.0,2.0,100.53010320663452,44.76271143132598,,,,,,,,,,,,,,,,,,,,,,,,,,,,,,,,,,,,,,,,,,,,,,,,,,,,,,,,,,,,,,
-10681.541527360678,0.0,1500.0,0.0,42.0,2018.0,0.5101947975329254,1029.0,989.0,4.378326327049192,6.430489697795389,3910.0620874412266,128.6,0.06369489846458642,77.65384615384616,38.39999999999999,6.912793551281359,26.0,62.833333333333336,23.925,7.375684163390916,24.0,77.65384615384616,38.39999999999999,6.912793551281359,26.0,-0.007996605872685381,-0.02345186583694855,-0.0611348407447411,-0.0016303610891620346,-0.024438338451595758,-0.4529928344377997,-0.0038429741955418816,0.0879616862718196,2.0,6000.0,3.0,130.51673936843872,45.971114732359815,,,,,,,,,,,,,,,,,,,,,,,,,,,,,,,,,,,,,,,,,,,,,,,,,,,,,,,,,,,,,,
-7031.692962209384,0.0,1500.0,0.0,43.0,2001.0,0.7771467107628444,1555.0,446.0,2.5607881866790154,6.918177846963362,2200.4801411185595,57.800000000000004,0.03954570333880679,132.87272727272727,95.74545454545454,5.210436962578078,11.0,92.55000000000001,59.449999999999996,6.622442758152371,8.0,132.87272727272727,95.74545454545454,5.210436962578078,11.0,-0.009670188331439605,-0.023418792061542012,-0.06066612091084307,-0.0017255708295677461,-0.023359221176988777,-0.45429063662218333,-0.003750346632482138,0.10044701983401243,3.0,7500.0,4.0,159.05881333351135,47.15236988644037,,,,,,,,,,,,,,,,,,,,,,,,,,,,,,,,,,,,,,,,,,,,,,,,,,,,,,,,,,,,,,
-1554.8432998326089,0.0,1500.0,0.0,38.0,1933.0,0.35894378283200457,693.0,1240.0,3.060888782832409,6.3194921321067,9252.352922597891,343.6,0.05833814390981018,111.12830188679246,66.55094339622639,4.5884713014142315,53.0,88.44090909090909,45.654545454545456,5.190909800367941,44.0,111.12830188679246,66.55094339622639,4.5884713014142315,53.0,0.01387848450614234,-0.025714622553430516,-0.05983473670904643,-0.0020150787719354774,-0.027927052983709507,-0.39541743102766086,-0.0063655128653590225,0.1467945333893064,9.0,9000.0,5.0,198.75587821006775,45.281679621509255,0.13040325045585632,-5.802820682525635,-1.0835087299346924,-1.0835087299346924,0.0,0.7191411256790161,0.7191411256790161,0.7191411256790161,4.874944686889648,-1.3293523788452148,-1.3293523788452148,0.0,0.0,,0.11402840167284012,,0.11412371695041656,0.11087763532996178,0.034493219985830215,-0.0017916535857124276,-4.328450298309326,0.8970870222079201,-0.10299252211981265,-0.37121908679643334,0.42966088080147374,-0.04963973524734987,-0.37121908679643334,0.42966088080147374,-0.04963973524734987,0.0,0.0,0.0,0.901151563723882,0.11675098921645002,-0.013465833809802775,0.901151563723882,0.11675098921645002,-0.013465833809802775,0.901151563723882,0.11675098921645002,-0.013465833809802775,3.115176296234131,1.055326634492868,0.12112957160915758,-1.361623994509379,0.014178674044318612,0.0012708294776178546,-1.361623994509379,0.014178674044318612,0.0012708294776178546,0.0,0.0,0.0,0.0,0.0,0.0,0.11361887380480766,0.0020749531466054184,4.182477482697672e-06,0.11370949447154999,0.002142209931513128,2.6591097287525827e-05
-349.18916688036563,0.0,1500.0,0.0,120.0,2084.0,0.8574924208726179,1787.0,297.0,2.9274155342618924,6.591439575805257,13597.587618637694,476.8,0.05255384344068955,116.3153846153846,71.3794871794872,4.024801413456458,78.0,93.04615384615386,50.06153846153846,5.197966851821482,13.0,116.3153846153846,71.3794871794872,4.024801413456458,78.0,0.061641053008013126,-0.016712254523540224,-0.040677693672922115,-0.00320412919927902,-0.029095187960602377,-0.3258732272248715,-0.009702256597875485,1.3440763155314464,67.0,10500.0,6.0,262.5088438987732,39.998652403684105,0.185546875,-6.630075454711914,-2.346342086791992,-2.346342086791992,0.0,0.46209847927093506,0.46209847927093506,0.46209847927093506,6.060866355895996,-1.0805281400680542,-1.0805281400680542,0.0,0.0,,0.11403924971818924,,0.11405325680971146,0.1655832623442014,0.04733959192532319,0.0025058255544361174,-6.502760553359986,0.4241360088816549,-0.04483737468189059,-1.796766503651937,0.3810560406363192,-0.04385803130365186,-1.796766503651937,0.3810560406363192,-0.04385803130365186,0.0,0.0,0.0,0.5761705954869588,0.0734686000997935,-0.008472112328377667,0.5761705954869588,0.0734686000997935,-0.008472112328377667,0.5761705954869588,0.0734686000997935,-0.008472112328377667,5.703068129221598,0.5025236620576792,0.054305303826082715,-1.2656397263209025,0.06998607786704594,0.006329715503866602,-1.2656397263209025,0.06998607786704594,0.006329715503866602,0.0,0.0,0.0,0.0,0.0,0.0,0.11451735297838847,0.001412170105995469,-8.792019924679097e-06,0.11456306427717208,0.0014151527294160196,-1.0953835305967624e-05
1.9710497856140137,1.0,1500.0,0.0,127.0,2016.0,0.9385491590041329,1892.0,124.0,7.585105333935762,6.4414777200675015,16699.499740086543,370.8,0.06078289948200118,44.85588235294119,14.870588235294115,8.431047982630647,136.0,39.199999999999996,10.711111111111116,9.625676962444675,9.0,44.85588235294119,14.870588235294115,8.431047982630647,136.0,0.30059553874539524,-0.020963567338940624,-0.04104074695444415,-0.005259761596896781,-0.02554794520548265,-0.1831240487062405,-0.036574997859613614,4.43671963764046,127.0,12000.0,7.0,296.7110242843628,40.44339110399688,0.35938599705696106,-8.945320129394531,-3.3223071098327637,-3.3223071098327637,0.0,0.3009170591831207,0.3009170591831207,0.3009170591831207,8.432769775390625,-0.8071194887161255,-0.8071194887161255,0.0,0.0,,0.11387494206428528,,0.11812623590230942,0.3611598824461301,0.19761463395930992,0.009652805298533663,-8.338652165730794,0.7017741488544491,-0.07481272721847508,-2.9295956532160443,0.28133223738069324,-0.031800533004013906,-2.9295956532160443,0.28133223738069324,-0.031800533004013906,0.0,0.0,0.0,0.3728019545475642,0.046000878230402595,-0.0053057848213777245,0.3728019545475642,0.046000878230402595,-0.0053057848213777245,0.3728019545475642,0.046000878230402595,-0.0053057848213777245,7.716519323984782,0.7412509375977655,0.0794881303000103,-0.9986939291159312,0.10990274179887445,0.010723854370987086,-0.9986939291159312,0.10990274179887445,0.010723854370987086,0.0,0.0,0.0,0.0,0.0,0.0,0.11489201212922732,0.001540683938022275,3.752998004898286e-05,0.11598285560806593,0.0021027546009638205,0.00017583112131899315
30.86924244761467,1.0,1500.0,0.0,40.0,1926.0,0.3081354881787998,593.0,1333.0,9.8153222796786,3.5704171066497516,13296.6571019131,297.2,0.0665263911895062,34.63100775193798,9.179844961240308,11.06837229398778,129.0,34.73033707865167,9.238202247191012,11.021735314523294,89.0,34.63100775193798,9.179844961240308,11.06837229398778,129.0,0.424430302889258,-0.021271787777358532,-0.03402967257415784,-0.005158646073355294,-0.020872834259561462,-0.14751552795031056,-0.048088821034373445,8.310185823000804,40.0,13500.0,8.0,318.7452881336212,42.35356726070462,0.37390804290771484,-9.965486526489258,-4.469239234924316,-4.469239234924316,0.0,0.19601045548915863,0.19601045548915863,0.19601045548915863,9.56869888305664,-0.7830464243888855,-0.7830464243888855,0.0,0.0,,0.13550502061843872,,0.16038677096366882,0.6964851429065069,0.2521791459482806,0.011207412088805756,-9.58090098698934,0.3941669186215377,-0.011135057400543038,-3.9475719690322877,0.30225619546990146,-0.03237668319591815,-3.9475719690322877,0.30225619546990146,-0.03237668319591815,0.0,0.0,0.0,0.24306310564279557,0.030001018549804543,-0.00346106963441423,0.24306310564279557,0.030001018549804543,-0.00346106963441423,0.24306310564279557,0.030001018549804543,-0.00346106963441423,9.152961444854736,0.41154964377715625,0.01812616354631502,-0.8205686370531718,0.09305484373937996,0.005404070964511984,-0.8205686370531718,0.09305484373937996,0.005404070964511984,0.0,0.0,0.0,0.0,0.0,0.0,0.12472770288586617,0.006228230461738535,0.0005696828807553925,0.14124548410375912,0.011180029749787192,0.0011989897678505708
34.38191890716553,1.0,1500.0,0.0,33.0,2033.0,0.2369136290712322,481.0,1552.0,9.887750241309874,2.682563408642173,13301.407157671138,315.6,0.06701490635749777,34.37518248175185,9.008759124087591,11.14838474284095,137.0,34.49038461538463,9.053846153846157,11.117721524244818,104.0,34.37518248175185,9.008759124087591,11.14838474284095,137.0,0.4316032278475508,-0.017944834347771256,-0.025437592128831715,-0.007128106641101229,-0.021005025125627807,-0.1465326633165829,-0.04156333950122511,8.452871715839704,33.0,15000.0,9.0,340.39000821113586,44.06709844049199,1.3802573680877686,-9.989234924316406,-5.126626968383789,-5.126626968383789,0.0,0.1270197182893753,0.1270197182893753,0.1270197182893753,9.715641975402832,-0.5248837471008301,-0.5248837471008301,0.0,0.0,,0.14490017294883728,,0.18525342643260956,1.1514599243799846,0.3202391071779131,0.02215690801087952,-9.815352853139242,0.5031194410353623,0.02239142875119796,-4.851195128758748,0.31962758485958004,-0.02997828802887396,-4.851195128758748,0.31962758485958004,-0.02997828802887396,0.0,0.0,0.0,0.1579577664534251,0.019744278934510015,-0.002277846967550754,0.1579577664534251,0.019744278934510015,-0.002277846967550754,0.1579577664534251,0.019744278934510015,-0.002277846967550754,9.48692897160848,0.5245328591242375,-0.019035427403264416,-0.6603797217210133,0.10308983855270848,0.003939170023225457,-0.6603797217210133,0.10308983855270848,0.003939170023225457,0.0,0.0,0.0,0.0,0.0,0.0,0.1375083218018214,0.005876739165054432,0.00047933575308760395,0.16765273461739222,0.009865844139589,0.0009960330202263882
39.033584967736275,1.0,1500.0,0.0,62.0,1840.0,0.4993500761961034,918.0,922.0,10.347223480371424,2.5093435580629797,11311.968685095277,295.40000000000003,0.072533516672396,32.84354838709677,8.272580645161291,11.751106923288393,124.0,32.529032258064525,8.225806451612904,11.87752222178535,62.0,32.84354838709677,8.272580645161291,11.751106923288393,124.0,0.4444877179321162,-0.016345570657535304,-0.01803975562685414,-0.007115667898705543,-0.01817382705197175,-0.1414679705526865,-0.03933154627873146,9.086395009558597,62.0,16500.0,10.0,363.7238540649414,45.36408546098269,2.1533970832824707,-8.199250221252441,-6.531805038452148,-6.531805038452148,0.0,0.0823390856385231,0.0823390856385231,0.0823390856385231,7.942851543426514,-0.6562580466270447,-0.6562580466270447,0.0,0.0,,0.15255922079086304,,0.20060035586357117,1.6213839570681254,0.37449864140859823,-0.005040257632135695,-9.537806351979574,0.5520382203206264,-0.0006137896697959806,-5.7855608304341635,0.349653328696006,-0.030120599893096678,-5.7855608304341635,0.349653328696006,-0.030120599893096678,0.0,0.0,0.0,0.10230460464954376,0.012784769401643272,-0.001474667414276967,0.10230460464954376,0.012784769401643272,-0.001474667414276967,0.10230460464954376,0.012784769401643272,-0.001474667414276967,9.33472990989685,0.5436704432755747,0.005048478246398015,-0.5707866321007411,0.10564880087615573,0.002933543774654668,-0.5707866321007411,0.10564880087615573,0.002933543774654668,0.0,0.0,0.0,0.0,0.0,0.0,0.1487936109304428,0.006424289858315988,0.0003132056871696332,0.19316662847995758,0.009759358068971737,0.0007635591690479259
39.73362765957912,1.0,1500.0,0.0,120.0,1984.0,0.902077648573482,1789.0,195.0,10.110276522950317,2.6106726816190293,11780.49388700542,294.8,0.06595078299776286,33.609022556390975,8.52481203007519,11.446076999402628,133.0,34.58461538461539,9.600000000000003,11.233905482527838,13.0,33.609022556390975,8.52481203007519,11.446076999402628,133.0,0.43764833409190645,-0.015879222486821228,-0.014004930889709473,-0.006130959539573126,-0.014839070808843648,-0.14108592219423455,-0.0380560635931924,8.819411779092004,120.0,18000.0,11.0,391.9515655040741,45.92404160154554,1.6154813766479492,-10.477534294128418,-6.354655742645264,-6.354655742645264,0.0,0.0538487546145916,0.0538487546145916,0.0538487546145916,10.093561172485352,-0.2152860313653946,-0.2152860313653946,0.0,0.0,,0.14858940243721008,,0.22068558633327484,1.8806082010269165,0.5386761997807566,0.018823977280511685,-9.414913749694824,0.6343216291217612,0.005117517371596945,-6.300340843200684,0.2382953220329807,-0.011352383971081612,-6.300340843200684,0.2382953220329807,-0.011352383971081612,0.0,0.0,0.0,0.0666023841748635,0.00812865653051563,-0.0009377578979936152,0.0666023841748635,0.00812865653051563,-0.0009377578979936152,0.0666023841748635,0.00812865653051563,-0.0009377578979936152,9.298059272766114,0.6324632435474545,0.0029567701532788007,-0.3626768628756205,0.10665433229267242,0.008029901669738836,-0.3626768628756205,0.10665433229267242,0.008029901669738836,0.0,0.0,0.0,0.0,0.0,0.0,0.1500868077079455,0.0055272150279892,-8.918872730883378e-05,0.2119692549109459,0.009332439439969399,0.0006608833228388084
40.82008169513,1.0,1500.0,0.0,114.0,2069.0,0.8197722634388531,1696.0,373.0,10.038011144078789,2.153537643229149,11805.07844193021,317.0,0.06741238516502211,33.83021582733813,8.617266187050362,11.360560518205675,139.0,34.05600000000001,8.992000000000004,11.277419710217828,25.0,33.83021582733813,8.617266187050362,11.360560518205675,139.0,0.43538229984961535,-0.015220098990037385,-0.009936938624405641,-0.0058833730247491904,-0.011206896551723753,-0.14253460004691532,-0.03634950054285896,8.772658689974412,114.0,19500.0,12.0,419.7651159763336,46.45455102824555,1.8889987468719482,-6.07991361618042,-5.959995746612549,-5.959995746612549,0.0,0.03548527881503105,0.03548527881503105,0.03548527881503105,6.184213638305664,0.17469561100006104,0.17469561100006104,0.0,0.0,,0.13972750306129456,,0.21816635131835938,1.988397898276647,0.5520963839763654,0.007691142145332918,-9.524193207422892,1.2406723852175918,-0.016069202720124336,-6.400493208567301,0.29226717252827666,-0.0035749479979109247,-6.400493208567301,0.29226717252827666,-0.0035749479979109247,0.0,0.0,0.0,0.04368369852503141,0.0052480530978394405,-0.0006053770012797193,0.04368369852503141,0.0052480530978394405,-0.0006053770012797193,0.04368369852503141,0.0052480530978394405,-0.0006053770012797193,9.471472374598186,1.2355675969534017,0.021711931133163914,-0.082464256323874,0.11481526389506301,0.007878488418672058,-0.082464256323874,0.11481526389506301,0.007878488418672058,0.0,0.0,0.0,0.0,0.0,0.0,0.149293053150177,0.005714265775561597,0.0001291438721708721,0.23016456266244253,0.010189840961258158,0.0006986552934360118
40.792600573377406,1.0,1500.0,0.0,47.0,1845.0,0.37485200015083087,691.0,1154.0,9.877471896611615,1.573662569612397,10955.8309688737,294.0,0.06893964263940346,34.39193548387096,9.291935483870969,11.252085517311743,124.0,34.672727272727265,9.571428571428568,11.13668217752491,77.0,34.39193548387096,9.291935483870969,11.252085517311743,124.0,0.43269287538467405,-0.015553523895432327,-0.007789004644906428,-0.005617410059250114,-0.008715336728919158,-0.14657611771363893,-0.036937314238554314,8.985973556302879,47.0,21000.0,13.0,442.4931516647339,47.45836160626319,2.0599570274353027,-6.783829212188721,-6.3748555183410645,-6.3748555183410645,0.0,0.02372368797659874,0.02372368797659874,0.02372368797659874,6.553845405578613,0.25595495104789734,0.25595495104789734,0.0,0.0,,0.15860615670681,,0.26143959164619446,2.2751237869262697,0.6672473335518707,0.012296348259897142,-8.917514435450236,1.0931304839457678,0.07150327461845246,-6.138279962539673,0.3768449698456143,0.013340528974013395,-6.138279962539673,0.3768449698456143,0.013340528974013395,0.0,0.0,0.0,0.02897337091465791,0.003365646887778996,-0.00038820941403126997,0.02897337091465791,0.003365646887778996,-0.00038820941403126997,0.02897337091465791,0.003365646887778996,-0.00038820941403126997,8.890312004089356,1.0967467480557123,-0.07097137417225763,0.2269450897971789,0.13321474675936498,0.010297050031194167,0.2269450897971789,0.13321474675936498,0.010297050031194167,0.0,0.0,0.0,0.0,0.0,0.0,0.1518594498435656,0.006416716744393575,0.00038495185444166274,0.24200299133857092,0.009707861106531528,0.0005778567047087256
41.812285166267955,1.0,1500.0,0.0,109.0,2080.0,0.7842354002024517,1631.0,449.0,10.149891266697606,1.5521586933934233,11698.036994578099,277.2,0.05959239831455843,33.464748201438866,8.423021582733815,11.537838938706157,139.0,32.79333333333333,7.753333333333332,11.773098579207408,30.0,33.464748201438866,8.423021582733815,11.537838938706157,139.0,0.43673212676992457,-0.015540173792761729,-0.004985760190920291,-0.005421017279068566,-0.008715173134878913,-0.14422781228857864,-0.037577679250053564,8.956498650849538,109.0,22500.0,14.0,469.96305871009827,47.876103414926845,3.755131244659424,-7.785759449005127,-5.15769624710083,-5.15769624710083,0.0,0.016157343983650208,0.016157343983650208,0.016157343983650208,7.645516395568848,0.709683358669281,0.709683358669281,0.0,0.0,,0.16033297777175903,,0.2597481310367584,2.346696698665619,0.9130138011439979,-0.021467976230668064,-7.880747254689535,1.141362109824802,0.023810254267776547,-5.2362685362497965,0.44839873642143163,0.004645934332995247,-5.2362685362497965,0.44839873642143163,0.004645934332995247,0.0,0.0,0.0,0.019562845366696516,0.0021728330664517715,-0.00025074481591167965,0.019562845366696516,0.0021728330664517715,-0.00025074481591167965,0.019562845366696516,0.0021728330664517715,-0.00025074481591167965,7.860342009862264,1.1324290636882188,-0.021664958376773184,0.6296837717294693,0.12089763182655018,0.005423433079205031,0.6296837717294693,0.12089763182655018,0.005423433079205031,0.0,0.0,0.0,0.0,0.0,0.0,0.15618737836678823,0.00644312076681285,-1.9726863294611982e-05,0.25049859086672466,0.01217634199372863,0.00037320768740338537
42.05241050802428,1.0,1500.0,0.0,58.0,1962.0,0.43766973094116696,858.0,1104.0,10.23592431538251,1.5972870843404867,11752.929863115976,290.40000000000003,0.06625901250342248,33.20303030303029,8.525757575757575,11.567072489928702,132.0,33.1918918918919,8.383783783783782,11.521527991081857,74.0,33.20303030303029,8.525757575757575,11.567072489928702,132.0,0.4432972162519929,-0.015387479127972427,-0.003607670591252896,-0.005212967304798684,-0.010781671159029537,-0.14766201804757997,-0.03728999499064349,9.19220692778803,58.0,24000.0,15.0,493.2630424499512,48.655581169828174,3.9197793006896973,-5.037675857543945,-3.9957737922668457,-3.9957737922668457,0.0,0.011296379379928112,0.011296379379928112,0.011296379379928112,4.824928283691406,1.0686850547790527,1.0686850547790527,0.0,0.0,,0.15710410475730896,,0.25820714235305786,2.4350186944007874,0.6485658955414253,-0.000486596381173693,-7.016652425130208,1.076572598011173,0.04456829860292651,-4.449997520446777,0.6273796816680185,0.04494989509709831,-4.449997520446777,0.6273796816680185,0.04494989509709831,0.0,0.0,0.0,0.01348434512813886,0.0013879915760967045,-0.00016018739001239153,0.01348434512813886,0.0013879915760967045,-0.00016018739001239153,0.01348434512813886,0.0013879915760967045,-0.00016018739001239153,7.045764223734538,1.0889166371598369,-0.04783959287955331,0.9250689764817556,0.16186534551804171,0.01331752671283131,0.9250689764817556,0.16186534551804171,0.01331752671283131,0.0,0.0,0.0,0.0,0.0,0.0,0.15730251918236415,0.006399699423673219,-8.92533907237962e-05,0.25919844110806783,0.010077369015704954,0.00010727836902732218
44.15983516198617,1.0,1500.0,0.0,27.0,2023.0,0.19487578205219624,394.0,1629.0,10.189227921623702,2.07333049550135,12615.633108422868,307.6,0.0678070716868001,33.35588235294118,8.460294117647058,11.494703193509002,136.0,33.59816513761468,8.581651376146787,11.407728040870468,109.0,33.35588235294118,8.460294117647058,11.494703193509002,136.0,0.457329975565056,-0.015369377783260899,-0.0029249704460044875,-0.0078093212745898736,-0.01221532091097319,-0.13923395445134576,-0.037683675608429806,9.513585097847262,27.0,25500.0,16.0,514.2124886512756,49.59039417125744,2.470028877258301,-5.611083030700684,-2.742630958557129,-2.742630958557129,0.0,0.008139069192111492,0.008139069192111492,0.008139069192111492,5.495501518249512,1.3899123668670654,1.3899123668670654,0.0,0.0,,0.16213108599185944,,0.2615048885345459,2.272199483712514,0.501431904804906,0.006754413223903055,-6.207282773653666,1.41684747775412,0.07608203458308652,-3.300310754776001,0.6214250352173792,0.049240286596890254,-3.300310754776001,0.6214250352173792,0.049240286596890254,0.0,0.0,0.0,0.009543156220267216,0.0008994432416440651,-0.00010368956503633427,0.009543156220267216,0.0008994432416440651,-0.00010368956503633427,0.009543156220267216,0.0008994432416440651,-0.00010368956503633427,6.256863069534302,1.398570443838475,-0.07415360258736804,1.2490479310353597,0.1443417602516176,0.012247337356160015,1.2490479310353597,0.1443417602516176,0.012247337356160015,0.0,0.0,0.0,0.0,0.0,0.0,0.16277421514193216,0.010157256974299722,0.0002756035433993027,0.266120482981205,0.01367170601884036,-2.6594475326077526e-05
43.9109325222671,1.0,1500.0,0.0,96.0,2068.0,0.6956732113593945,1438.0,630.0,10.08348761143052,1.1258089483205844,11328.603948883057,279.6,0.05970021779049409,33.693525179856124,8.323741007194243,11.400727086089002,139.0,33.89767441860465,8.627906976744185,11.233869975396209,43.0,33.693525179856124,8.323741007194243,11.400727086089002,139.0,0.4368653017768339,-0.013858125166450918,-0.002763917370170595,-0.004555044040075947,-0.008770949720670192,-0.13708100558659217,-0.03536553686082198,8.935716041957589,96.0,27000.0,17.0,540.7401564121246,49.93156080574488,2.6347880363464355,-7.5980353355407715,-0.462841272354126,-0.462841272354126,0.0,0.006109877955168486,0.006109877955168486,0.006109877955168486,7.838064670562744,1.8692052364349365,1.8692052364349365,0.0,0.0,,0.16993582248687744,,0.278874933719635,2.4603734016418457,0.46888912896801715,-0.01126949376073383,-5.803489947319031,1.0350772498963274,-0.009846905367790657,-1.991788524389267,0.7728941353264135,0.03955884569876723,-1.991788524389267,0.7728941353264135,0.03955884569876723,0.0,0.0,0.0,0.007006586203351617,0.0005825382987659669,-6.709301893965036e-05,0.007006586203351617,0.0005825382987659669,-6.709301893965036e-05,0.007006586203351617,0.0005825382987659669,-6.709301893965036e-05,5.889588562647502,1.0308080000639868,0.018277619014990122,1.5575011213620504,0.15925722702055237,0.008746258461965991,1.5575011213620504,0.15925722702055237,0.008746258461965991,0.0,0.0,0.0,0.0,0.0,0.0,0.16903687318166097,0.007594212759905995,0.00013739425560523375,0.27479808032512665,0.011875160121169336,0.0005630545475591576
40.480751548057945,1.0,1500.0,0.0,117.0,1977.0,0.8832824103350333,1746.0,231.0,9.748411506057884,1.1077132532604748,10803.246057702218,238.20000000000002,0.05141821007641497,34.83157894736842,8.261654135338345,11.000151449673622,133.0,31.549999999999997,6.912499999999997,12.205021668832405,16.0,34.83157894736842,8.261654135338345,11.000151449673622,133.0,0.4094101343350408,-0.01288811046701671,-0.002690301219954367,-0.0047026787331616625,-0.016711736073553366,-0.13361276365603028,-0.032377160540879434,7.858167338626703,117.0,28500.0,18.0,569.2404546737671,50.066715684030946,3.58626651763916,-2.654045820236206,-2.0480825901031494,-2.0480825901031494,0.0,0.00477092619985342,0.00477092619985342,0.00477092619985342,2.595258951187134,1.5768193006515503,1.5768193006515503,0.0,0.0,,0.16257596015930176,,0.2785566747188568,2.449986517429352,0.708442727283792,0.019246203721696706,-4.431630619366964,1.1549845574348752,0.00607078799416419,-1.4534446626901627,0.763096411211709,0.03589929488795223,-1.4534446626901627,0.763096411211709,0.03589929488795223,0.0,0.0,0.0,0.005365022256349524,0.00037561355977065134,-4.328032292516804e-05,0.005365022256349524,0.00037561355977065134,-4.328032292516804e-05,0.005365022256349524,0.00037561355977065134,-4.328032292516804e-05,4.498036098480225,1.1858140515218865,0.0012193173799948994,1.68125209013621,0.14752639249635302,0.007316637834797152,1.68125209013621,0.14752639249635302,0.007316637834797152,0.0,0.0,0.0,0.0,0.0,0.0,0.1627612978219986,0.008282110664283445,-0.0002119193750706094,0.2728422115246455,0.009975746535560657,-8.038041721595058e-05
42.4738756610797,1.0,1500.0,0.0,65.0,2068.0,0.4650320388226479,961.0,1107.0,9.94085746375496,1.543732730745487,12056.545880327374,275.8,0.058065602762221565,34.17122302158271,8.4431654676259,11.225513565053134,139.0,34.31891891891894,8.605405405405405,11.154478423779386,74.0,34.17122302158271,8.4431654676259,11.225513565053134,139.0,0.4302016553341602,-0.013835418722861934,-0.002487219385284848,-0.005402529539147825,-0.014115611642580543,-0.13657642987991045,-0.033990444253195286,8.643108532108535,65.0,30000.0,19.0,593.5313565731049,50.54492853286163,2.800520896911621,-5.168465614318848,-0.5139373540878296,-0.5139373540878296,0.0,0.0041621350683271885,0.0041621350683271885,0.0041621350683271885,5.0105695724487305,1.8662424087524414,1.8662424087524414,0.0,0.0,,0.15837053954601288,,0.2758929431438446,2.4047895073890686,0.8166749566110668,-0.009981157543661925,-4.622493839263916,1.2624861169679686,0.01698909479465862,-0.1628478025396665,0.9435302248255829,0.03415234384931899,-0.1628478025396665,0.9435302248255829,0.03415234384931899,0.0,0.0,0.0,0.004384622552121679,0.00014860818985200068,-1.6592840899250368e-05,0.004384622552121679,0.00014860818985200068,-1.6592840899250368e-05,0.004384622552121679,0.00014860818985200068,-1.6592840899250368e-05,4.6868195613225305,1.295228289983895,-0.02299271696003728,1.929602324962616,0.17462614183074718,0.006348530336534814,1.929602324962616,0.17462614183074718,0.006348530336534814,0.0,0.0,0.0,0.0,0.0,0.0,0.1658538485566775,0.006688323246854108,-0.00017290843673489924,0.2799028754234314,0.009655478014485843,-0.00026686355985444774
42.800661590894066,1.0,1500.0,0.0,75.0,1890.0,0.5952623266138712,1125.0,765.0,10.098062430692629,1.1361463033468933,10138.294804082147,255.8,0.06031880777211847,33.657142857142865,8.387301587301586,11.47919353964751,126.0,33.749019607843145,8.188235294117648,11.405794860680638,51.0,33.657142857142865,8.387301587301586,11.47919353964751,126.0,0.43788778752806085,-0.013161487346943074,-0.0026007400659658893,-0.005463939950611661,-0.013529253651106148,-0.14299793925275514,-0.03347702842147361,9.071017891607688,75.0,31500.0,20.0,618.0745625495911,50.96472482229457,2.7695813179016113,-3.0213050842285156,1.0981794595718384,1.0981794595718384,0.0,0.003990192897617817,0.003990192897617817,0.003990192897617817,3.5262863636016846,2.1587963104248047,2.1587963104248047,0.0,0.0,,0.16583426296710968,,0.2857394218444824,3.100114087263743,2.2260373913617384,-0.009056149149630599,-3.3032969355583193,1.3139233229209093,-0.02823350296932801,0.08132022619247437,0.665925993331841,-0.003319459497199305,0.08132022619247437,0.665925993331841,-0.003319459497199305,0.0,0.0,0.0,0.004074677902584274,5.663170311447327e-05,-5.963939584965881e-06,0.004074677902584274,5.663170311447327e-05,-5.963939584965881e-06,0.004074677902584274,5.663170311447327e-05,-5.963939584965881e-06,3.369036050637563,1.2928747486557006,0.03663821567815451,1.9747907559076945,0.12082620789441152,-0.0006096159921207147,1.9747907559076945,0.12082620789441152,-0.0006096159921207147,0.0,0.0,0.0,0.0,0.0,0.0,0.1656877800822258,0.007056246882219898,0.00023089936034167215,0.27930623094240825,0.01075716339474826,0.00034203327802714747
43.00849337130785,1.0,1500.0,0.0,32.0,2032.0,0.2293658414375746,466.0,1566.0,10.12977371869388,1.6810175532569982,12451.619686479979,297.2,0.06467899891186071,33.54014598540146,8.297810218978102,11.471598231133422,137.0,33.65904761904762,8.354285714285709,11.411130416227566,105.0,33.54014598540146,8.297810218978102,11.471598231133422,137.0,0.4428031412519382,-0.014855340045703424,-0.0023498752373281636,-0.006715773306965569,-0.01549713801144798,-0.1375874496502014,-0.03684404412226129,9.25931288490029,32.0,33000.0,21.0,639.5775542259216,51.59655741818485,3.182614326477051,-5.232917785644531,-1.2088470458984375,-1.2088470458984375,0.0,0.004256763029843569,0.004256763029843569,0.004256763029843569,5.450719833374023,1.7385637760162354,1.7385637760162354,0.0,0.0,,0.17637494206428528,,0.2732255458831787,2.3177712241808575,0.7222241326409041,0.03418208141878526,-2.6378187040487924,1.2034540044860658,-0.025727074549381102,0.22630376319090525,0.7956097015185165,-0.006128536335485792,0.22630376319090525,0.7956097015185165,-0.006128536335485792,0.0,0.0,0.0,0.004057125188410282,9.91607979960851e-05,8.671761213804769e-06,0.004057125188410282,9.91607979960851e-05,8.671761213804769e-06,0.004057125188410282,9.91607979960851e-05,8.671761213804769e-06,2.7979249616463977,1.2780100477481438,0.029185008299894365,2.0009485046068827,0.14439452632399016,-0.0011266943079743805,2.0009485046068827,0.14439452632399016,-0.0011266943079743805,0.0,0.0,0.0,0.0,0.0,0.0,0.1694042464097341,0.0077339193584300605,0.0001933606832523348,0.2747779925664266,0.009062831097527604,-5.6479385617851174e-05
41.4202083317857,1.0,1500.0,0.0,76.0,1810.0,0.6273123987904075,1135.0,675.0,10.045843671184002,1.3866960405432096,10560.80465004819,268.0,0.06494135892216729,33.82622950819673,8.642622950819671,11.41279193838765,122.0,33.46521739130435,8.434782608695652,11.48317184484604,46.0,33.82622950819673,8.642622950819671,11.41279193838765,122.0,0.43108058932289844,-0.013869823645924331,-0.0031161574911575058,-0.005646795990917658,-0.012983617985360388,-0.14491111885674451,-0.034513050733419225,8.798165152325769,76.0,34500.0,22.0,664.1998076438904,51.94220113128536,2.533860206604004,-3.175891160964966,0.5982394218444824,0.5982394218444824,0.0,0.004175088834017515,0.004175088834017515,0.004175088834017515,3.070251703262329,2.069192409515381,2.069192409515381,0.0,0.0,,0.16736885905265808,,0.2704528868198395,2.3406110366185504,0.5380086020164062,0.005442680108533872,-2.2646060645580293,1.2176069263525346,0.04106337126423188,-0.020337548355261484,0.8340381214188493,0.003969631195731363,-0.020337548355261484,0.8340381214188493,0.003969631195731363,0.0,0.0,0.0,0.004333466788132985,7.045627754902493e-05,-1.3154959337201151e-06,0.004333466788132985,7.045627754902493e-05,-1.3154959337201151e-06,0.004333466788132985,7.045627754902493e-05,-1.3154959337201151e-06,2.364423919717471,1.1734287832884387,-0.03862166449145833,1.9562173326810202,0.15317385244133927,0.0007265848630792233,1.9562173326810202,0.15317385244133927,0.0007265848630792233,0.0,0.0,0.0,0.0,0.0,0.0,0.17231977730989456,0.008756296474125347,-0.00011925907832497048,0.2731101046005885,0.01032819074665332,-0.0003570150281484017
42.2325384279467,1.0,1500.0,0.0,53.0,1915.0,0.4146595840752294,794.0,1121.0,10.06309355712732,1.5683516743998094,11298.072343522203,278.0,0.06432504974779027,33.76406249999998,8.66875,11.475252019267707,128.0,33.792,8.746666666666666,11.44526416767686,75.0,33.76406249999998,8.66875,11.475252019267707,128.0,0.43502022049177586,-0.014100899041307752,-0.0027648379562145533,-0.0057587823201231,-0.01299306868304958,-0.14234404536862003,-0.035364846344274045,9.041220604441232,53.0,36000.0,23.0,687.1704938411713,52.38874532980288,1.548218011856079,-0.5128851532936096,0.10167455673217773,0.10167455673217773,0.0,0.004281699191778898,0.004281699191778898,0.004281699191778898,0.4791090488433838,1.978643536567688,1.978643536567688,0.0,0.0,,0.1757037341594696,,0.268093079328537,2.6911829193433126,1.78557613010712,0.033882657174141156,-1.889951271812121,1.4313089660832468,-0.022242460771980724,0.07826470782359442,0.9114728389118442,0.02202099013713099,0.07826470782359442,0.9114728389118442,0.02202099013713099,0.0,0.0,0.0,0.004176757236321767,0.00010963713352009723,-8.161163560474384e-06,0.004176757236321767,0.00010963713352009723,-8.161163560474384e-06,0.004176757236321767,0.00010963713352009723,-8.161163560474384e-06,1.943727296590805,1.4036965233547707,0.021520663461377498,1.97405557235082,0.16634802824976022,0.004002257448945312,1.97405557235082,0.16634802824976022,0.004002257448945312,0.0,0.0,0.0,0.0,0.0,0.0,0.17462472369273505,0.00714618651186757,3.646397020447629e-05,0.27125156422456104,0.009829445427163621,-9.573449414882719e-05
31.99129125050136,1.0,1500.0,0.0,7.0,1951.0,0.050280831653903284,98.0,1853.0,9.897492774868336,2.2990606473892474,12522.084518851658,300.2,0.06673780623360455,34.33740458015266,8.876335877862594,11.17177428579623,131.0,34.193548387096754,8.74516129032258,11.215137963667365,124.0,34.33740458015266,8.876335877862594,11.17177428579623,131.0,0.3937632608695558,-0.013669334102171027,-0.0026517815778374157,-0.0028883221735521865,-0.02277486910994773,-0.17102966841186737,-0.030168341221474184,7.339039116400782,7.0,37500.0,24.0,706.3415603637695,53.09046232631039,1.5548322200775146,-2.6708767414093018,1.1714247465133667,1.1714247465133667,0.0,0.003818839555606246,0.003818839555606246,0.003818839555606246,2.9602484703063965,2.1703920364379883,2.1703920364379883,0.0,0.0,,0.17915581166744232,,0.2791639566421509,2.4892317255338035,1.15187000033921,0.01371364601461981,-1.153844733039538,1.4471758661685472,0.010586772830918611,-0.17223398089408876,1.0018754560799852,0.007045596420300812,-0.17223398089408876,1.0018754560799852,0.007045596420300812,0.0,0.0,0.0,0.004061098784829179,0.00012711783081479424,-1.2069086837390769e-05,0.004061098784829179,0.00012711783081479424,-1.2069086837390769e-05,0.004061098784829179,0.00012711783081479424,-1.2069086837390769e-05,1.2210892935593922,1.4509803589662478,-0.012041661325630839,1.9286686937014261,0.1822175023668162,0.00128661928505725,1.9286686937014261,0.1822175023668162,0.00128661928505725,0.0,0.0,0.0,0.0,0.0,0.0,0.17704757948716482,0.006955396386961732,0.00013574308760306447,0.27063376158475877,0.012024347241271858,0.00021436343402564997
44.94389792283376,1.0,1500.0,0.0,36.0,2059.0,0.2609595715531248,537.0,1522.0,10.085662525016069,1.754736364134872,12590.054647210607,289.8,0.06231722002408395,33.69855072463766,8.392753623188405,11.357586947440955,138.0,33.933333333333316,8.617647058823527,11.254119806825322,102.0,33.69855072463766,8.392753623188405,11.357586947440955,138.0,0.447055375638578,-0.014392010626239451,-0.002616044110947142,-0.00551950554494815,-0.010874524714829,-0.13269961977186312,-0.0365129323845587,9.228389419039207,36.0,39000.0,25.0,728.2337176799774,53.554235478476656,2.4915924072265625,0.38672566413879395,-0.42260879278182983,-0.42260879278182983,0.0,0.0038910226430743933,0.0038910226430743933,0.0038910226430743933,-0.2303633689880371,1.8838428258895874,1.8838428258895874,0.0,0.0,,0.18559183180332184,,0.2768281102180481,2.232350520292918,0.8273959983038491,0.016935519275728884,-0.7639424035946528,1.372057368697089,0.02099674678220103,0.0006141925851504008,0.7197097865263782,-0.011885391091213088,0.0006141925851504008,0.7197097865263782,-0.011885391091213088,0.0,0.0,0.0,0.003871333102385203,4.602747299791634e-05,3.105218214572317e-06,0.003871333102385203,4.602747299791634e-05,3.105218214572317e-06,0.003871333102385203,4.602747299791634e-05,3.105218214572317e-06,0.8972568581501643,1.3844261592100002,-0.0243196063961946,1.9601226687431335,0.12970209935990873,-0.002147049553800117,1.9601226687431335,0.12970209935990873,-0.002147049553800117,0.0,0.0,0.0,0.0,0.0,0.0,0.18090339998404184,0.007570824770081936,3.300757376317257e-05,0.27015350659688314,0.008726432787550907,5.413837507117313e-05
40.10394736081362,1.0,1500.0,0.0,40.0,1800.0,0.33243284500018844,598.0,1202.0,9.918124294363025,1.467210307255672,11139.090772046242,292.0,0.07044292193380296,34.25785123966943,9.180165289256198,11.272543542823684,121.0,34.353086419753105,9.07407407407407,11.16380308528547,81.0,34.25785123966943,9.180165289256198,11.272543542823684,121.0,0.4299021406005628,-0.01408945381168631,-0.0024029366060167997,-0.00474106359960156,-0.014080317302925043,-0.15451991406379112,-0.03498341164377265,9.079707198329725,40.0,40500.0,26.0,749.8404705524445,54.01148856390967,2.245887279510498,-1.0954704284667969,-0.5394976139068604,-0.5394976139068604,0.0,0.003999575972557068,0.003999575972557068,0.003999575972557068,1.1626182794570923,1.8622913360595703,1.8622913360595703,0.0,0.0,,0.17816530168056488,,0.2648952603340149,2.309673281510671,0.7200675239855425,0.005772686402444928,-0.6154156019290288,1.061273986390972,0.007245091449166838,0.03874763151009877,0.6257619346520593,0.004998119097530376,0.03874763151009877,0.6257619346520593,0.004998119097530376,0.0,0.0,0.0,0.003915719284365574,4.0119158636715566e-05,1.681271372766668e-07,0.003915719284365574,4.0119158636715566e-05,1.681271372766668e-07,0.003915719284365574,4.0119158636715566e-05,1.681271372766668e-07,0.7624684711297353,1.1374755168384845,-0.01262574189231713,1.9670030037562052,0.11295268853862123,0.0009061732732413774,1.9670030037562052,0.11295268853862123,0.0009061732732413774,0.0,0.0,0.0,0.0,0.0,0.0,0.1863065297404925,0.008918097323490071,4.8739079373560623e-05,0.27391934593518574,0.011045335990009536,3.4352868497036406e-05
38.15908149069389,1.0,1500.0,0.0,113.0,2000.0,0.846403658669177,1692.0,308.0,9.639701297877112,1.6093058815184103,11654.176414663258,304.6,0.06451476257042403,35.23432835820896,9.386567164179105,10.900213521819202,134.0,35.51428571428571,10.295238095238094,10.823070451806192,21.0,35.23432835820896,9.386567164179105,10.900213521819202,134.0,0.4130939522476026,-0.01279975292761211,-0.003156441249443024,-0.0058498351932883075,-0.019752737947386873,-0.14672010838884497,-0.0324565999308043,8.004762459827674,113.0,42000.0,27.0,778.115336894989,53.97657391974544,1.4194674491882324,-0.20304560661315918,0.892121434211731,0.892121434211731,0.0,0.0037869736552238464,0.0037869736552238464,0.0037869736552238464,0.20527054369449615,2.1199865341186523,2.1199865341186523,0.0,0.0,,0.16878876090049744,,0.25321531295776367,2.7725470383961994,2.6756797809062336,0.014527064515433112,-0.2733489324649175,0.9516445387698944,-0.007232505958257975,0.1708754599094391,0.9940072593350977,0.014397559819682944,0.1708754599094391,0.9940072593350977,0.014397559819682944,0.0,0.0,0.0,0.0038249111113448937,7.757733554622222e-05,-5.752082864388315e-06,0.0038249111113448937,7.757733554622222e-05,-5.752082864388315e-06,0.0038249111113448937,7.757733554622222e-05,-5.752082864388315e-06,0.35161046832799914,0.9412158165949885,0.0021611535012125236,1.990680424372355,0.17856553603140046,0.0025627801893019723,1.990680424372355,0.17856553603140046,0.0025627801893019723,0.0,0.0,0.0,0.0,0.0,0.0,0.18353644808133443,0.0064469992896687605,-0.00026646280978227495,0.2708740661541621,0.008404988762231334,-0.00012412173994656855
43.32470836521874,1.0,1500.0,0.0,71.0,2081.0,0.5056900687143044,1052.0,1029.0,9.955137952922811,1.9178973268445845,12696.217348826822,283.0,0.05923972201289458,34.12285714285714,8.27428571428571,11.21993195447365,140.0,34.0695652173913,8.620289855072462,11.255296731751525,69.0,34.12285714285714,8.27428571428571,11.21993195447365,140.0,0.4292431879915859,-0.012900835975925232,-0.002946578531627107,-0.004385532527361902,-0.015437552310982504,-0.13066121082488608,-0.03277624357685454,8.470564994235025,71.0,43500.0,28.0,803.1678223609924,54.16053630252191,2.1629810333251953,2.8428874015808105,0.28059259057044983,0.28059259057044983,0.0,0.003603391582146287,0.003603391582146287,0.003603391582146287,-2.525557041168213,2.009875535964966,2.009875535964966,0.0,0.0,,0.16516616940498352,,0.24746452271938324,2.0551045258839924,0.6197726111782418,0.010288096800264155,-0.5759832988182704,1.7756048268723084,0.030634858140160478,-0.18570289860169092,1.0677689552739154,0.011000039291726622,-0.18570289860169092,1.0677689552739154,0.011000039291726622,0.0,0.0,0.0,0.0037347910615305106,9.31146596235114e-05,-9.020933419366651e-06,0.0037347910615305106,9.31146596235114e-05,-9.020933419366651e-06,0.0037347910615305106,9.31146596235114e-05,-9.020933419366651e-06,0.7497882495323817,1.781727739201842,-0.03154017175397572,1.9266716599464417,0.19118265253531438,0.001977515326723738,1.9266716599464417,0.19118265253531438,0.001977515326723738,0.0,0.0,0.0,0.0,0.0,0.0,0.18380627185106277,0.008958201023151686,0.00014426482466356724,0.2723325252532959,0.0128109173787482,-0.00016585551989622944
47.05504122928337,1.0,1500.0,0.0,54.0,1831.0,0.43619629879923,798.0,1033.0,10.298913964099137,1.5450238522496462,10488.637006972618,256.6,0.06322688744332743,32.995121951219524,7.985365853658537,11.68463537740296,123.0,33.37971014492753,8.428985507246376,11.55573028834886,69.0,32.995121951219524,7.985365853658537,11.68463537740296,123.0,0.4552142914089233,-0.011987282255386573,-0.001975822201983029,-0.00486500832969272,-0.013682040711156692,-0.12876835867044575,-0.03249292977230925,9.475052048083112,54.0,45000.0,29.0,825.8811912536621,54.48725612904611,2.756960868835449,0.22945284843444824,-0.1630016267299652,-0.1630016267299652,0.0,0.0035985151771456003,0.0035985151771456003,0.0035985151771456003,-0.33904945850372314,1.9310340881347656,1.9310340881347656,0.0,0.0,,0.18315042555332184,,0.2721691131591797,1.838995897769928,0.5988421158378298,0.006922003185921408,-0.41840336670478184,1.4864367127374012,0.026095245594575225,-0.21984418456753094,0.7789662811189012,-0.03130564891025674,-0.21984418456753094,0.7789662811189012,-0.03130564891025674,0.0,0.0,0.0,0.0037084655603393914,5.474289235713594e-05,-8.538352414651424e-07,0.0037084655603393914,5.474289235713594e-05,-8.538352414651424e-07,0.0037084655603393914,5.474289235713594e-05,-8.538352414651424e-07,0.5518049200375875,1.4874181304918617,-0.02801180453401253,1.9206528743108113,0.13926180003714522,-0.00559119303048791,1.9206528743108113,0.13926180003714522,-0.00559119303048791,0.0,0.0,0.0,0.0,0.0,0.0,0.18585379769404728,0.007800686863200385,0.00017667955431974812,0.2731143593788147,0.009480475147987583,0.00013717865121775133
41.59789967536926,1.0,1500.0,0.0,15.0,1965.0,0.11091043612546979,217.0,1748.0,9.800768201400556,2.2318772706149765,12649.824518490306,287.8,0.06284666113464646,34.69242424242423,9.127272727272727,11.016646195416145,132.0,34.87692307692307,9.309401709401714,10.962557243413253,117.0,34.69242424242423,9.127272727272727,11.016646195416145,132.0,0.4427174194652803,-0.015431200226190163,-0.003387075914463734,-0.006258910355481991,-0.02628959276018125,-0.13076923076923078,-0.0380545328935428,8.812273584764677,15.0,46500.0,30.0,846.1365830898285,54.955666649226316,1.3324782848358154,0.7432663440704346,-0.39603734016418457,-0.39603734016418457,0.0,0.003503490472212434,0.003503490472212434,0.003503490472212434,-0.6641578674316406,1.889955997467041,1.889955997467041,0.0,0.0,,0.192475825548172,,0.2785802483558655,2.049972089131673,0.6114784127783147,0.005718406023782921,-0.3278020014365514,1.47198797636855,0.040437312445730754,0.07881829713781675,1.0062541405725394,-0.009518505550001041,0.07881829713781675,1.0062541405725394,-0.009518505550001041,0.0,0.0,0.0,0.003544324488999943,4.9081177669647434e-05,-4.265959881188116e-06,0.003544324488999943,4.9081177669647434e-05,-4.265959881188116e-06,0.003544324488999943,4.9081177669647434e-05,-4.265959881188116e-06,0.388919789592425,1.5088349960484548,-0.04038485900578695,1.97397483587265,0.17838282217094986,-0.0016936306163122113,1.97397483587265,0.17838282217094986,-0.0016936306163122113,0.0,0.0,0.0,0.0,0.0,0.0,0.1883097733060519,0.008725827988071136,0.00030117928981780577,0.27442569931348165,0.009973918583226821,1.7725334018958828e-05
41.95117586698287,1.0,1500.0,0.0,78.0,2064.0,0.5650065459248755,1166.0,898.0,9.758075424336718,1.64945791012122,11773.32104095522,297.6,0.06195095549356759,34.81014492753624,8.620289855072464,11.02930939793652,138.0,34.37,8.746666666666666,11.182000894137445,60.0,34.81014492753624,8.620289855072464,11.02930939793652,138.0,0.4143853764950599,-0.011753389878468735,-0.002222392360853635,-0.004722404738179365,-0.0132912430305014,-0.13590521482453263,-0.029531085079008132,8.027587278232826,78.0,48000.0,31.0,871.8187773227692,55.05731380023855,2.049051284790039,0.6547216176986694,0.10564735531806946,0.10564735531806946,0.0,0.0034256840590387583,0.0034256840590387583,0.0034256840590387583,-0.6727002263069153,1.978611946105957,1.978611946105957,0.0,0.0,,0.1845625638961792,,0.26444023847579956,2.9840804874897002,4.683893288371638,0.07396676865249906,-0.21488455384969712,1.6245448382413652,-0.04125945468301637,-0.17182459185520807,0.9047136206283153,0.0015349561002548876,-0.17182459185520807,0.9047136206283153,0.0015349561002548876,0.0,0.0,0.0,0.0034324410449092587,6.12192520405958e-05,-5.5795529747467635e-06,0.0034324410449092587,6.12192520405958e-05,-5.5795529747467635e-06,0.0034324410449092587,6.12192520405958e-05,-5.5795529747467635e-06,0.39031843344370526,1.67828784355767,0.04641431239873869,1.9297147194544475,0.15933916648134713,0.0002696089272504007,1.9297147194544475,0.15933916648134713,0.0002696089272504007,0.0,0.0,0.0,0.0,0.0,0.0,0.18872437278429668,0.00988964762436241,0.00020321439185051897,0.27363296002149584,0.012636215171420346,1.978530435593498e-05
44.08837422957787,1.0,1500.0,0.0,78.0,2064.0,0.5616420727321008,1159.0,905.0,10.006411122267428,1.7765655794405888,11833.025829492834,265.40000000000003,0.0562192848669717,33.962589928057554,7.9093525179856075,11.306663311643112,139.0,33.973770491803286,8.186885245901639,11.304364868600523,61.0,33.962589928057554,7.9093525179856075,11.306663311643112,139.0,0.4319764189561258,-0.01240137903601096,-0.0033781255275148105,-0.0045094894687735115,-0.01724108586503215,-0.12747851246702407,-0.031819266460677204,8.662339240459708,78.0,49500.0,32.0,897.1814877986908,55.17278351501919,1.7805973291397095,1.835418701171875,-0.42968159914016724,-0.42968159914016724,0.0,0.003517481032758951,0.003517481032758951,0.003517481032758951,-1.6398775577545166,1.8839473724365234,1.8839473724365234,0.0,0.0,,0.1940801739692688,,0.27353453636169434,2.0478913744290668,1.0932632860326341,0.016171190470821703,0.0567708820104599,1.688503547912547,-0.04568069254993997,-0.12461357563734055,0.8749972033013161,0.0021960814849155638,-0.12461357563734055,0.8749972033013161,0.0021960814849155638,0.0,0.0,0.0,0.0034673286601901053,5.220401413249444e-05,2.2813599055282072e-06,0.0034673286601901053,5.220401413249444e-05,2.2813599055282072e-06,0.0034673286601901053,5.220401413249444e-05,2.2813599055282072e-06,0.08461765348911285,1.7185482832249357,0.05266065383381788,1.9379844069480896,0.1545696134682351,0.0003891912265136442,1.9379844069480896,0.1545696134682351,0.0003891912265136442,0.0,0.0,0.0,0.0,0.0,0.0,0.188886359333992,0.008730868043836026,0.00014245162683810934,0.2723522648215294,0.010263846842783725,0.0002818463144365974
43.4340806498247,1.0,1500.0,0.0,102.0,1818.0,0.8349592228434881,1517.0,301.0,10.156359568337093,1.530727571354767,9939.471332449517,232.20000000000002,0.05644690781796966,33.4439024390244,7.616260162601624,11.51971907798673,123.0,32.56190476190476,7.333333333333333,11.752358439235081,21.0,33.4439024390244,7.616260162601624,11.51971907798673,123.0,0.4363824116401546,-0.012446634675281017,-0.003240343154152148,-0.004508711675404791,-0.024269293924467358,-0.1284072249589491,-0.0319955716698738,8.877116779314802,102.0,51000.0,33.0,923.6512269973755,55.215646890647086,2.3638641834259033,-2.2161083221435547,-1.0259616374969482,-1.0259616374969482,0.0,0.0035153315402567387,0.0035153315402567387,0.0035153315402567387,2.3951196670532227,1.7784297466278076,1.7784297466278076,0.0,0.0,,0.1901971846818924,,0.26780539751052856,2.2775874892870585,1.5588878002887965,0.025056865960525275,-0.4308695654074351,1.7673311619450205,0.007407497816011555,-0.06797177294890086,1.012141094649385,-0.012841393161270859,-0.06797177294890086,1.012141094649385,-0.012841393161270859,0.0,0.0,0.0,0.0035164089407771827,4.3582120213277684e-05,1.1923850345133171e-06,0.0035164089407771827,4.3582120213277684e-05,1.1923850345133171e-06,0.0035164089407771827,4.3582120213277684e-05,1.1923850345133171e-06,0.6058521866798401,1.8245830471175353,-0.004527175293881047,1.9479610919952393,0.1792902677242773,-0.002274714163333638,1.9479610919952393,0.1792902677242773,-0.002274714163333638,0.0,0.0,0.0,0.0,0.0,0.0,0.1896840418378512,0.0104487079470899,-0.00026626549453969084,0.272907163699468,0.012520627968359338,-0.00022639354423633715
47.349153661937045,1.0,1500.0,0.0,57.0,1831.0,0.4626460004930176,847.0,984.0,10.367535686547054,1.3094613314067605,10249.389012025065,246.4,0.061165723364114785,32.75121951219512,7.652032520325202,11.700015335488633,123.0,33.257575757575765,8.078787878787878,11.461148818062453,66.0,32.75121951219512,7.652032520325202,11.700015335488633,123.0,0.46058689576274076,-0.012531594904325061,-0.0022339108099397416,-0.005597491077198754,-0.016790032075005745,-0.12552430298544287,-0.03288681511293558,9.660128463734743,57.0,52500.0,34.0,946.4917297363281,55.467996550403406,1.3916864395141602,-1.7238185405731201,-1.6565228700637817,-1.6565228700637817,0.0,0.0035088020376861095,0.0035088020376861095,0.0035088020376861095,1.8363686800003052,1.6669224500656128,1.6669224500656128,0.0,0.0,,0.18814173340797424,,0.26795098185539246,1.9919466773668926,1.416396359820769,0.009225808287886765,-1.5196933418512344,1.7077307893292213,-0.012694127110140667,0.09112900868058205,0.7101712307066962,-0.009274949040574684,0.09112900868058205,0.7101712307066962,-0.009274949040574684,0.0,0.0,0.0,0.0035361699915180604,2.2582539439744527e-05,1.441791251682894e-06,0.0035361699915180604,2.2582539439744527e-05,1.441791251682894e-06,0.0035361699915180604,2.2582539439744527e-05,1.441791251682894e-06,1.6823722769816716,1.701008184498431,0.013846832155783475,1.9761388023694357,0.12574824611607657,-0.0016323876460482183,1.9761388023694357,0.12574824611607657,-0.0016323876460482183,0.0,0.0,0.0,0.0,0.0,0.0,0.18960757007201512,0.00883278660033838,0.00017063828212135156,0.2744325911005338,0.012285642110996187,0.00023008216010847574
47.07744093661039,1.0,1500.0,0.0,53.0,1915.0,0.4084130846621015,782.0,1133.0,10.17660245937816,1.7879086423897999,11151.443909353226,265.40000000000003,0.06162347914925235,33.38604651162791,7.871317829457364,11.472348488585798,129.0,34.01052631578946,8.53157894736842,11.259475151698629,76.0,33.38604651162791,7.871317829457364,11.472348488585798,129.0,0.4559676045430972,-0.013158852260874468,-0.002933972746918971,-0.004758872901449508,-0.018053911900065285,-0.12064431295200526,-0.033530283209296026,9.355579342259547,53.0,54000.0,35.0,969.343211889267,55.70782292347521,1.5049371719360352,-1.5945589542388916,0.8035521507263184,0.8035521507263184,0.0,0.00337852630764246,0.00337852630764246,0.00337852630764246,1.6035364866256714,2.1012065410614014,2.1012065410614014,0.0,0.0,,0.19454830884933472,,0.28699418902397156,2.075349897146225,0.8500087005864676,0.022094866789222695,-0.6872770955165227,1.3760396577088985,-0.029234549618669028,0.11286418860157331,0.9669699544511337,0.008601450371463782,0.11286418860157331,0.9669699544511337,0.008601450371463782,0.0,0.0,0.0,0.0034219958276177445,4.8088017452074065e-05,-2.8311068272929482e-06,0.0034219958276177445,4.8088017452074065e-05,-2.8311068272929482e-06,0.0034219958276177445,4.8088017452074065e-05,-2.8311068272929482e-06,0.8596634169419607,1.437579240429138,0.02943101754045327,1.9798381090164185,0.17026087824872957,0.0015168888550313314,1.9798381090164185,0.17026087824872957,0.0015168888550313314,0.0,0.0,0.0,0.0,0.0,0.0,0.19299107591311138,0.007686031823523087,2.8843814724671843e-05,0.2757920106252035,0.010214959949122719,0.00015035668787887247
45.65654182732105,1.0,1500.0,0.0,80.0,1848.0,0.6455018487222266,1192.0,656.0,10.116979751719548,1.7841998606570646,10442.514012863836,237.0,0.05696019996154586,33.55483870967743,7.795161290322578,11.538320907731752,124.0,33.38636363636363,8.313636363636363,11.552801244528949,44.0,33.55483870967743,7.795161290322578,11.538320907731752,124.0,0.4361779150654167,-0.012494467945631405,-0.0026640285581142715,-0.004728629452824015,-0.013621902210314387,-0.12575351640991292,-0.031660898680106846,9.040049313991817,80.0,55500.0,36.0,994.1681048870087,55.825568862227584,1.416301965713501,-0.46708279848098755,2.5122594833374023,2.5122594833374023,0.0,0.0035741820465773344,0.0035741820465773344,0.0035741820465773344,0.427815318107605,2.40585994720459,2.40585994720459,0.0,0.0,,0.1892128586769104,,0.268909752368927,2.016021772225698,1.2660979627412512,0.004521058876071521,-1.2729879836241405,1.3129591561075664,0.04127784480772777,0.4351299648483594,1.3363201362896386,-0.0004862136815625756,0.4351299648483594,1.3363201362896386,-0.0004862136815625756,0.0,0.0,0.0,0.003517242195084691,3.1337967392920275e-05,1.287243812778983e-06,0.003517242195084691,3.1337967392920275e-05,1.287243812778983e-06,0.003517242195084691,3.1337967392920275e-05,1.287243812778983e-06,1.3838817685842515,1.3216583278889118,-0.04180242067847295,2.03691558043162,0.23645842174989687,-6.950604371956091e-05,2.03691558043162,0.23645842174989687,-6.950604371956091e-05,0.0,0.0,0.0,0.0,0.0,0.0,0.19306914707024891,0.006977215759331471,-0.00044036590482820635,0.2767440756162008,0.008432788795490224,-0.0002877172824405668
46.17800154004778,1.0,1500.0,0.0,35.0,1875.0,0.27476227315856977,515.0,1360.0,10.422885061203571,1.566802437602132,11299.691350475689,270.40000000000003,0.06583240005843112,32.5984126984127,7.806349206349206,11.802154488903225,126.0,32.56483516483517,7.9252747252747255,11.795144642147502,91.0,32.5984126984127,7.806349206349206,11.802154488903225,126.0,0.4513510683702363,-0.013111993369196676,-0.0027219759586470764,-0.0061183390462225306,-0.012914037854889699,-0.12933753943217666,-0.033702432612288113,9.450236669588861,35.0,57000.0,37.0,1015.7691400051117,56.11511292783827,2.5093331336975098,-1.5887402296066284,0.9030529260635376,0.9030529260635376,0.0,0.003608295228332281,0.003608295228332281,0.003608295228332281,1.691734790802002,2.120558261871338,2.120558261871338,0.0,0.0,,0.17917440831661224,,0.2648265063762665,2.0342429240544635,0.9652361505572153,0.023199158542280857,-1.539258033533891,1.3185577833448128,-0.01611846249480132,-0.10229440132776896,1.222869258593757,-0.027109243819392698,-0.10229440132776896,1.222869258593757,-0.027109243819392698,0.0,0.0,0.0,0.003696002795671423,7.489529704437738e-05,-3.393699577672936e-06,0.003696002795671423,7.489529704437738e-05,-3.393699577672936e-06,0.003696002795671423,7.489529704437738e-05,-3.393699577672936e-06,1.6670252849658331,1.3305703358665684,0.012468133613185401,1.9415280222892761,0.218229982819121,-0.004840429447118962,1.9415280222892761,0.218229982819121,-0.004840429447118962,0.0,0.0,0.0,0.0,0.0,0.0,0.19014509171247482,0.0085956582732267,-3.472515221299976e-05,0.2753361334403356,0.010778052112506636,1.8520608494616686e-05
44.97378586133321,1.0,1500.0,0.0,75.0,2094.0,0.5354018655858397,1121.0,973.0,10.022620006075849,1.3863384902318279,11593.93523513503,273.40000000000003,0.05763555105826798,33.882857142857134,8.00142857142857,11.383501056350696,140.0,33.76923076923077,8.107692307692304,11.376491492966062,65.0,33.882857142857134,8.00142857142857,11.383501056350696,140.0,0.4304577969173928,-0.012389191179300723,-0.002320165095437758,-0.005489152989236468,-0.008961806474375805,-0.13081062009349917,-0.03124677689423673,8.810254119889812,75.0,58500.0,38.0,1040.985865354538,56.19672845421021,1.5275990962982178,-2.3166654109954834,-1.876575231552124,-1.876575231552124,0.0,0.0034676771610975266,0.0034676771610975266,0.0034676771610975266,2.4601187705993652,1.6286799907684326,1.6286799907684326,0.0,0.0,,0.19631850719451904,,0.2735366225242615,2.8531089663505553,3.483257734917051,-0.06265131933935762,-1.535237830877304,1.2777847105607962,-0.007778689076293126,-0.27365579108397164,0.9512498439787166,-0.034456907807786145,-0.27365579108397164,0.9512498439787166,-0.034456907807786145,0.0,0.0,0.0,0.0035680578633521995,7.148254583380002e-05,-5.79424655154037e-06,0.0035680578633521995,7.148254583380002e-05,-5.79424655154037e-06,0.0035680578633521995,7.148254583380002e-05,-5.79424655154037e-06,1.6635129978259404,1.3312693793169854,0.007879010131282163,1.911550490061442,0.16859348446960665,-0.0060845614805635825,1.911550490061442,0.16859348446960665,-0.0060845614805635825,0.0,0.0,0.0,0.0,0.0,0.0,0.193563112616539,0.007284124199909686,0.00012020531697851129,0.27365271548430126,0.008100998072249692,-0.00020026522165411597
45.49646532803439,1.0,1500.0,0.0,89.0,1969.0,0.6740734611216923,1327.0,642.0,10.29275152578126,1.3159997465743203,10956.962977395044,240.20000000000002,0.05512714587349674,33.00909090909092,7.528787878787879,11.63479742345932,132.0,32.56744186046512,7.669767441860464,11.844443753354046,43.0,33.00909090909092,7.528787878787879,11.63479742345932,132.0,0.44172920954179473,-0.013143866802504567,-0.0025774397102515355,-0.004626747413147731,-0.01331507266225324,-0.1263029749676634,-0.03389248337172233,8.892379009325246,89.0,60000.0,39.0,1066.6284246444702,56.25201674144327,1.6941401958465576,0.2601475119590759,-0.8069184422492981,-0.8069184422492981,0.0,0.00346035766415298,0.00346035766415298,0.00346035766415298,-0.27160367369651794,1.8175926208496094,1.8175926208496094,0.0,0.0,,0.18266524374485016,,0.25589245557785034,2.470703665415446,1.6134741007409164,-0.009003635190087558,-1.0942268386483192,1.556143085235364,-0.013316351463717782,-0.14745309203863144,0.9504535624676327,-0.04325881800277614,-0.14745309203863144,0.9504535624676327,-0.04325881800277614,0.0,0.0,0.0,0.0034696187280739347,3.147864104556386e-05,2.1646658602989726e-06,0.0034696187280739347,3.147864104556386e-05,2.1646658602989726e-06,0.0034696187280739347,3.147864104556386e-05,2.1646658602989726e-06,1.2452272633711496,1.5710003030952304,0.016288430168313085,1.9339133818944296,0.16778660038146304,-0.007637134728097578,1.9339133818944296,0.16778660038146304,-0.007637134728097578,0.0,0.0,0.0,0.0,0.0,0.0,0.19186895787715913,0.007714891591828769,-0.00015435798945231274,0.27243051628271736,0.010913394347611587,1.0720979385026067e-05
43.72558419270949,1.0,1500.0,0.0,99.0,1999.0,0.7411388815720393,1481.0,518.0,9.823972977058398,1.2162749635505572,10542.727995919038,270.0,0.05824991370383155,34.59104477611939,8.24925373134328,11.129440195731737,134.0,33.92,8.96,11.313022754014732,35.0,34.59104477611939,8.24925373134328,11.129440195731737,134.0,0.4185725170938536,-0.012013560932112014,-0.002506556385680372,-0.004448819155206332,-0.011830618892507751,-0.12895765472312704,-0.030417495401405186,8.312388292448972,99.0,61500.0,40.0,1093.8528559207916,56.2232842078472,1.258203148841858,0.07234790921211243,-0.3312847912311554,-0.3312847912311554,0.0,0.0034991628490388393,0.0034991628490388393,0.0034991628490388393,-0.13143199682235718,1.9014215469360352,1.9014215469360352,0.0,0.0,,0.18182972073554993,,0.262794554233551,2.5319204052289326,2.1704873743845847,0.007446776693469263,-1.3208555003007254,1.2931638370475602,-0.003488291198340053,-0.09358383665482203,0.8863672308647219,-0.03156736811024198,-0.09358383665482203,0.8863672308647219,-0.03156736811024198,0.0,0.0,0.0,0.0035295780980959535,3.245117576831297e-05,-1.0842564634904618e-06,0.0035295780980959535,3.245117576831297e-05,-1.0842564634904618e-06,0.0035295780980959535,3.245117576831297e-05,-1.0842564634904618e-06,1.4490388313929239,1.3106435369351372,-0.0013678531492910455,1.9434316635131836,0.15696702598919407,-0.005576935175130895,1.9434316635131836,0.15696702598919407,-0.005576935175130895,0.0,0.0,0.0,0.0,0.0,0.0,0.18897786388794582,0.007246603655883783,-0.00037084759209922923,0.2729788323243459,0.009149044334188035,-0.00010075700428913266
43.92850794792175,1.0,1500.0,0.0,55.0,1826.0,0.444990595776847,812.0,1014.0,10.101510163590627,1.4460902175269075,10423.911296481507,241.60000000000002,0.058388515636328485,33.640650406504065,8.315447154471544,11.470874372598656,123.0,33.58823529411766,8.267647058823528,11.463989985956502,68.0,33.640650406504065,8.315447154471544,11.470874372598656,123.0,0.4354679227665896,-0.013175460629976689,-0.0027361639150420597,-0.004378215962196412,-0.00875167132612133,-0.13996596572262063,-0.03258725102231087,8.945329825977026,55.0,63000.0,41.0,1116.7944540977478,56.41145491799327,2.0036728382110596,-2.551175117492676,0.7913883924484253,0.7913883924484253,0.0,0.003394684288650751,0.003394684288650751,0.003394684288650751,2.658750057220459,2.0991883277893066,2.0991883277893066,0.0,0.0,,0.19049014151096344,,0.2752116918563843,1.7209109346071878,0.4745443473259002,0.006049182417660562,-2.0737637013196943,1.0940361651334336,0.012166087984110585,0.030812398592631022,0.6613924065187746,0.008608458410778605,0.030812398592631022,0.6613924065187746,0.008608458410778605,0.0,0.0,0.0,0.003409231073843936,4.210344783381211e-05,-9.009984940357293e-07,0.003409231073843936,4.210344783381211e-05,-9.009984940357293e-07,0.003409231073843936,4.210344783381211e-05,-9.009984940357293e-07,2.256527797381083,1.0639562973022474,-0.007539826850339522,1.9654702464739482,0.1164570599195759,0.0015056465040721796,1.9654702464739482,0.1164570599195759,0.0015056465040721796,0.0,0.0,0.0,0.0,0.0,0.0,0.19358806957801183,0.006343079070678912,-7.734140578048495e-05,0.2770558019479116,0.008666401667595287,-0.00024491929106241084
36.84612409273783,1.0,1500.0,0.0,12.0,1952.0,0.08939779127509695,174.0,1778.0,10.12783018186565,2.0363663224834165,12456.128086521188,289.2,0.06578707916287534,33.557251908396964,8.645801526717554,11.429609855333933,131.0,33.43697478991597,8.554621848739492,11.485296842410797,119.0,33.557251908396964,8.645801526717554,11.429609855333933,131.0,0.42146332166070727,-0.013778602060371105,-0.001976931611957892,-0.004198187502043917,-0.02605633802816924,-0.15520043336944744,-0.03141712967781349,7.796899533557762,12.0,64500.0,42.0,1136.6615068912506,56.745125623552056,1.5086147785186768,-4.349227428436279,-0.5838351845741272,-0.5838351845741272,0.0,0.0034950042609125376,0.0034950042609125376,0.0034950042609125376,4.453586101531982,1.8567838668823242,1.8567838668823242,0.0,0.0,,0.20321956276893616,,0.28554287552833557,2.104432304700216,1.8744125604174353,0.009945009786374538,-2.037694837649663,1.853842366343883,-0.012764314748553933,-0.0759252722064654,0.8510747110703619,-0.0010793582251392895,-0.0759252722064654,0.8510747110703619,-0.0010793582251392895,0.0,0.0,0.0,0.0035267922561615706,5.4729335464299775e-05,9.926442094187771e-07,0.0035267922561615706,5.4729335464299775e-05,9.926442094187771e-07,0.0035267922561615706,5.4729335464299775e-05,9.926442094187771e-07,2.195083129405975,1.8716998300191154,0.01489800937448908,1.9464367548624675,0.15080043977306007,-0.00017538229801238912,1.9464367548624675,0.15080043977306007,-0.00017538229801238912,0.0,0.0,0.0,0.0,0.0,0.0,0.19433728208144505,0.008670816302301388,0.00022889767194350508,0.27578534185886383,0.009919890943876016,5.486404670358131e-05
39.768655350333766,1.0,1500.0,0.0,38.0,2000.0,0.28230176729549566,564.0,1436.0,9.843434425666524,2.2540293016170434,12585.185817039302,276.6,0.05981833910034602,34.50746268656715,8.926865671641792,11.220747000725284,134.0,33.90416666666666,8.750000000000002,11.408195656408159,96.0,34.50746268656715,8.926865671641792,11.220747000725284,134.0,0.40182401893444325,-0.012292973277813628,-0.003138400948855867,-0.004185547466276023,-0.008450704225352188,-0.14551261054700296,-0.029711673898059853,7.8676804408602,38.0,66000.0,43.0,1158.8270955085754,56.954139453422535,1.0199050903320312,-3.6321210861206055,-1.27693510055542,-1.27693510055542,0.0,0.003438455518335104,0.003438455518335104,0.003438455518335104,3.997523307800293,1.734897494316101,1.734897494316101,0.0,0.0,,0.21088480949401855,,0.2963588237762451,1.8300397634506225,0.6875737119666068,-0.034240607557625626,-2.64215151766936,1.5087113810059831,0.028594357756539467,-0.2650090031325817,0.8126638162173531,-0.011123800760050115,-0.2650090031325817,0.8126638162173531,-0.011123800760050115,0.0,0.0,0.0,0.0034907588036730886,4.289957208904297e-05,-8.018638159628861e-07,0.0034907588036730886,4.289957208904297e-05,-8.018638159628861e-07,0.0034907588036730886,4.289957208904297e-05,-8.018638159628861e-07,2.824407222867012,1.5364164552822344,-0.028455814709255033,1.9130629062652589,0.14358819422612698,-0.00195891896927854,1.9130629062652589,0.14358819422612698,-0.00195891896927854,0.0,0.0,0.0,0.0,0.0,0.0,0.19517325162887572,0.008935637949450875,0.00030547301549136644,0.27307057976722715,0.00916837939994907,0.0001707205119997515
45.190475060515205,1.0,1500.0,0.0,73.0,2078.0,0.5256420306531825,1092.0,986.0,10.0002033849944,1.4892605938429468,11690.718734739112,247.8,0.052462209425413894,33.981294964028784,7.887769784172662,11.336309426499692,139.0,33.606060606060616,8.003030303030302,11.471438022932595,66.0,33.981294964028784,7.887769784172662,11.336309426499692,139.0,0.42691616715040065,-0.012181265839657668,-0.0025563674590681016,-0.004198942552377661,-0.008471984890727487,-0.12775429445093983,-0.031026300694290444,8.524123935622233,73.0,67500.0,44.0,1183.942037820816,57.01292617689431,1.067561388015747,-2.223686456680298,0.1154327392578125,0.1154327392578125,0.0,0.003422569017857313,0.003422569017857313,0.003422569017857313,2.3362154960632324,1.980332612991333,1.980332612991333,0.0,0.0,,0.19457155466079712,,0.27139633893966675,1.9030882716178894,1.041532494659096,-0.03586691576859052,-2.5157005647818247,1.6521619359465873,-0.021881766937200647,-0.04037248194217682,0.8919260027951689,-0.020530594595282198,-0.04037248194217682,0.8919260027951689,-0.020530594595282198,0.0,0.0,0.0,0.003483127717239161,5.00386061655011e-05,-2.9175791441898285e-06,0.003483127717239161,5.00386061655011e-05,-2.9175791441898285e-06,0.003483127717239161,5.00386061655011e-05,-2.9175791441898285e-06,2.6890086511770885,1.611627283420439,0.02086855332233478,1.9528451283772787,0.15750647709576623,-0.0036240370308067006,1.9528451283772787,0.15750647709576623,-0.0036240370308067006,0.0,0.0,0.0,0.0,0.0,0.0,0.1982189377148946,0.008386643870795183,0.0001312986563257118,0.2722409377495448,0.009239432358263971,0.0003052336156567106
45.46919488534331,1.0,1500.0,0.0,16.0,1951.0,0.11950411389056888,233.0,1718.0,10.080613853073158,1.532584665939757,11740.592447370753,287.40000000000003,0.06508741733852703,33.706870229007635,8.526717557251908,11.372802546707751,131.0,33.75826086956522,8.620869565217394,11.349999512282208,115.0,33.706870229007635,8.526717557251908,11.372802546707751,131.0,0.4417560234957331,-0.01274004521636014,-0.0031914623640486154,-0.0038964614813316754,-0.008979246082168586,-0.1329944938585345,-0.03289827152231923,9.012988765443204,16.0,69000.0,45.0,1204.02983045578,57.30755024057864,0.8635632991790771,-4.979947090148926,-0.300813227891922,-0.300813227891922,0.0,0.003402521600946784,0.003402521600946784,0.003402521600946784,5.07055139541626,1.907070517539978,1.907070517539978,0.0,0.0,,0.2114412784576416,,0.277225524187088,2.923602976401647,6.175210298456111,-0.1324726667101843,-2.6018550833066305,1.1692485935942016,-0.010871580180124579,0.08183712611595789,0.8334292983211021,-0.011072659402986263,0.08183712611595789,0.8334292983211021,-0.011072659402986263,0.0,0.0,0.0,0.003439415564450125,6.921806957912875e-05,5.175683956108386e-06,0.003439415564450125,6.921806957912875e-05,5.175683956108386e-06,0.003439415564450125,6.921806957912875e-05,5.175683956108386e-06,2.744471321503321,1.157536911364604,0.007320344660252904,1.974415163199107,0.14698322142253403,-0.0019494997380970834,1.974415163199107,0.14698322142253403,-0.0019494997380970834,0.0,0.0,0.0,0.0,0.0,0.0,0.20021035273869833,0.008777166302028266,6.0377211141104256e-05,0.27642843971649805,0.011028472378870792,-0.00023327516567986413
49.47318754035435,1.0,1500.0,0.0,89.0,1829.0,0.7283019354076471,1332.0,497.0,10.443180557170596,1.2737521482927063,9877.093503659406,208.20000000000002,0.05200579507418694,32.547967479674796,7.341463414634145,11.902690943197014,123.0,33.352941176470594,8.388235294117644,11.588381056044373,34.0,32.547967479674796,7.341463414634145,11.902690943197014,123.0,0.4582777095853105,-0.012465814030096929,-0.0023971592709396434,-0.004235313822080521,-0.006305031446540858,-0.12142295597484276,-0.03363357232270496,9.76708365448072,89.0,70500.0,46.0,1229.2229235172272,57.35330724086677,1.2330443859100342,-3.5025219917297363,0.5389530658721924,0.5389530658721924,0.0,0.003552241949364543,0.003552241949364543,0.003552241949364543,3.8559751510620117,2.0555574893951416,2.0555574893951416,0.0,0.0,,0.20480841398239136,,0.2674139440059662,1.9582931836446127,1.3460383478631825,-0.013269976540587812,-3.0747541904449465,1.3354178382068311,0.024877652761270602,0.08199103772640229,0.9773587646626395,0.02127891778282913,0.08199103772640229,0.9773587646626395,0.02127891778282913,0.0,0.0,0.0,0.003444262236977617,4.9398002755140724e-05,3.6726523402070715e-06,0.003444262236977617,4.9398002755140724e-05,3.6726523402070715e-06,0.003444262236977617,4.9398002755140724e-05,3.6726523402070715e-06,3.2127581437428794,1.2887701373905809,-0.024095188179058688,1.974449372291565,0.17231984359942282,0.0037574401023787855,1.974449372291565,0.17231984359942282,0.0037574401023787855,0.0,0.0,0.0,0.0,0.0,0.0,0.20135510017474492,0.00762291429128104,0.00024330607046671907,0.2789418429136276,0.01035917357808359,0.00012402723442857787
51.461149115529324,1.0,1500.0,0.0,72.0,1839.0,0.5861961410264059,1078.0,761.0,10.433227023840015,1.491962140984724,10071.654471426986,218.0,0.054396646371893405,32.58211382113821,6.891056910569107,11.732208825273991,123.0,32.67450980392157,7.901960784313726,11.686937428791412,51.0,32.58211382113821,6.891056910569107,11.732208825273991,123.0,0.4545075234714411,-0.011438403061061342,-0.0025057301917474776,-0.004216556946342947,-0.005008202258033433,-0.10725658593071505,-0.03100103795432833,9.277836543267505,72.0,72000.0,47.0,1253.1371266841888,57.45580309356295,2.5025737285614014,-3.188427448272705,-0.05993151664733887,-0.05993151664733887,0.0,0.003367288736626506,0.003367288736626506,0.003367288736626506,3.5545098781585693,1.9494740962982178,1.9494740962982178,0.0,0.0,,0.19710130989551544,,0.26867806911468506,1.8036967913309734,1.1737346299878926,0.005292924492722481,-3.7018530229727427,1.3911877885371826,-0.0008661521687787799,-0.13238836824893951,0.7735973894473572,0.012986744086654895,-0.13238836824893951,0.7735973894473572,0.012986744086654895,0.0,0.0,0.0,0.0034397039484853546,5.1473789571639055e-05,-1.8024104890788487e-06,0.0034397039484853546,5.1473789571639055e-05,-1.8024104890788487e-06,0.0034397039484853546,5.1473789571639055e-05,-1.8024104890788487e-06,3.9028178632259367,1.3905190886661012,-0.00099865012492438,1.9366179267565409,0.1363262666561706,0.00229255410534919,1.9366179267565409,0.1363262666561706,0.00229255410534919,0.0,0.0,0.0,0.0,0.0,0.0,0.20286432653665543,0.012395730047555597,-0.00011328011585422477,0.2774547626574834,0.012597917658910293,-0.00017595995917867103
45.856486834270854,1.0,1500.0,0.0,71.0,1812.0,0.5838955341527591,1058.0,754.0,10.264363110685292,1.1813936393932698,9853.997918058325,245.60000000000002,0.06081014162622561,33.10491803278689,7.850819672131146,11.643611006207442,122.0,32.70196078431371,7.784313725490196,11.731572109151376,51.0,33.10491803278689,7.850819672131146,11.643611006207442,122.0,0.4402100291326174,-0.012592651678250901,-0.00266286824388646,-0.005282824665573702,-0.0063397015492824334,-0.13325729493394164,-0.032067532553422304,9.106018004097113,71.0,73500.0,48.0,1277.1501908302307,57.550005103331046,1.8783245086669922,-2.077299118041992,0.943915605545044,0.943915605545044,0.0,0.0029864120297133923,0.0029864120297133923,0.0029864120297133923,2.3838882446289062,2.1223599910736084,2.1223599910736084,0.0,0.0,,0.19439174234867096,,0.26899081468582153,1.8408549149831137,0.7664474740922373,-0.022307654509157254,-3.2290913641452788,1.3076883106542443,0.02779604238981146,-0.32427420318126676,0.7595282461383456,-0.007644432478142003,-0.32427420318126676,0.7595282461383456,-0.007644432478142003,0.0,0.0,0.0,0.0032223244042446217,0.00012064743934605121,-1.1871465263231491e-05,0.0032223244042446217,0.00012064743934605121,-1.1871465263231491e-05,0.0032223244042446217,0.00012064743934605121,-1.1871465263231491e-05,3.437959031263987,1.3158220269549372,-0.024106463998788262,1.903573453426361,0.13246389322582539,-0.001298174550456421,1.903573453426361,0.13246389322582539,-0.001298174550456421,0.0,0.0,0.0,0.0,0.0,0.0,0.19991738299528758,0.007960407851629471,-1.8749658735234708e-05,0.27447662552197777,0.009555390426301179,-9.097067744899832e-05
47.80587468180088,1.0,1500.0,0.0,109.0,2035.0,0.8003024011252242,1628.0,407.0,10.287649631668721,1.2465753072339416,10695.000286489383,237.20000000000002,0.052415256109957134,33.03211678832118,7.223357664233575,11.575129991503582,137.0,32.528571428571425,7.3,11.679759530456362,28.0,33.03211678832118,7.223357664233575,11.575129991503582,137.0,0.44390380570408,-0.0123084853852933,-0.0025166229974322566,-0.004530778250316237,-0.005745835672842912,-0.12246553122465531,-0.0322185115001685,8.965983769811839,109.0,75000.0,49.0,1304.4270026683807,57.49650984422848,3.31172513961792,-1.9419355392456055,0.06283369660377502,0.06283369660377502,0.0,0.003335188375785947,0.003335188375785947,0.003335188375785947,2.3384125232696533,1.9710171222686768,1.9710171222686768,0.0,0.0,,0.20840153098106384,,0.28864145278930664,1.9192289570967356,1.1339726815534557,0.05260993125573941,-3.2806251933177313,1.5090332780808466,-0.026655396411363216,0.26484970649083456,0.7680175711587176,-0.00653776817512727,0.26484970649083456,0.7680175711587176,-0.00653776817512727,0.0,0.0,0.0,0.0031538561374569933,7.849269268340778e-05,7.724004939563101e-06,0.0031538561374569933,7.849269268340778e-05,7.724004939563101e-06,0.0031538561374569933,7.849269268340778e-05,7.724004939563101e-06,3.4486824462811154,1.4721112230102407,0.02465574646553015,2.0058703660964965,0.13327457773633172,-0.0011201470791962257,2.0058703660964965,0.13327457773633172,-0.0011201470791962257,0.0,0.0,0.0,0.0,0.0,0.0,0.20073247502247493,0.00906714852598484,-0.0003303365096101846,0.2741292039553324,0.01050999856868201,-0.00022602081298828247
47.93110179901123,1.0,1500.0,0.0,42.0,1915.0,0.3264245247098661,625.0,1290.0,10.268926886393688,1.3572607597096782,10933.422708003549,259.40000000000003,0.06124858330185115,33.087500000000006,7.962500000000002,11.640103755626052,128.0,32.9232558139535,8.239534883720932,11.710983487916735,86.0,33.087500000000006,7.962500000000002,11.640103755626052,128.0,0.4405271991042869,-0.011654582287490684,-0.002413983369431013,-0.004030067402949004,-0.003377834968634394,-0.12489946919736207,-0.030605001570883462,8.91998075188639,42.0,76500.0,50.0,1326.413083076477,57.674340653038655,3.6775176525115967,-3.4451355934143066,-0.0028791427612304688,-0.0028791427612304688,0.0,0.003244576044380665,0.003244576044380665,0.003244576044380665,3.58298921585083,1.9594976902008057,1.9594976902008057,0.0,0.0,,0.19726097583770752,,0.28101903200149536,1.970750274260839,1.1573850234671257,0.03727399190355324,-4.202289644877116,1.4101096037751082,-0.0028503072142467426,-0.36311837832132976,0.9981891515729221,-0.018421641108191455,-0.36311837832132976,0.9981891515729221,-0.018421641108191455,0.0,0.0,0.0,0.003350590898965796,5.1096117096116156e-05,-3.5399180506507066e-06,0.003350590898965796,5.1096117096116156e-05,-3.5399180506507066e-06,0.003350590898965796,5.1096117096116156e-05,-3.5399180506507066e-06,4.424257278442383,1.3694346406242734,0.005859434936149892,1.896271816889445,0.17532243561386973,-0.0032180771811786287,1.896271816889445,0.17532243561386973,-0.0032180771811786287,0.0,0.0,0.0,0.0,0.0,0.0,0.20191267083088557,0.009402310740115983,-0.00015909631671311963,0.2797034472227097,0.010802057562142036,-7.233031599620494e-05
50.594119535216805,1.0,1500.0,0.0,79.0,2090.0,0.5668036660717627,1184.0,906.0,10.183876194658152,1.5637657774479867,11327.958706529615,232.8,0.0498351671875669,33.367142857142845,6.852857142857142,11.44325211675008,140.0,33.20655737704919,7.6524590163934425,11.494496508711821,61.0,33.367142857142845,6.852857142857142,11.44325211675008,140.0,0.43786705436087286,-0.010912155450584307,-0.002545146121335133,-0.004638640069751988,-0.004674883127921845,-0.10467488312792181,-0.02920890350886668,8.714823282799003,79.0,78000.0,51.0,1351.772888660431,57.70200057592205,2.6053214073181152,-4.358974456787109,1.9732952117919922,1.9732952117919922,0.0,0.0032501271925866604,0.0032501271925866604,0.0032501271925866604,4.627859592437744,2.304417610168457,2.304417610168457,0.0,0.0,,0.1973353922367096,,0.2632090449333191,3.486198663711548,6.950402812089608,-0.15640966544824925,-4.460589277744293,1.526690404355284,-0.02043459696552233,0.22457720786333085,0.7619998244316558,0.04144000973598047,0.22457720786333085,0.7619998244316558,0.04144000973598047,0.0,0.0,0.0,0.0031501098070293664,5.3732510051772675e-05,2.6322947866857428e-06,0.0031501098070293664,5.3732510051772675e-05,2.6322947866857428e-06,0.0031501098070293664,5.3732510051772675e-05,2.6322947866857428e-06,4.703802768389384,1.5265813110922155,0.0197895788907738,1.9991434733072917,0.13260963764594072,0.007212565446456857,1.9991434733072917,0.13260963764594072,0.007212565446456857,0.0,0.0,0.0,0.0,0.0,0.0,0.2012841060757637,0.010944335648277648,-5.7352726265907815e-05,0.2781879206498464,0.010350413757098357,-9.847570446893316e-05
49.40136633797696,1.0,1500.0,0.0,95.0,2027.0,0.6970195883909308,1412.0,615.0,10.145347819449176,1.3776751074992553,11012.850405350908,234.4,0.051471234079929734,33.48529411764706,6.997058823529413,11.448625359286755,136.0,33.424390243902444,7.8878048780487795,11.4766403075458,41.0,33.48529411764706,6.997058823529413,11.448625359286755,136.0,0.437127429009653,-0.011857071332395656,-0.0025214349920621255,-0.004904395097737427,-0.003092783505154664,-0.11089535376359272,-0.03133623288571534,8.775782156553094,95.0,79500.0,52.0,1378.2282190322876,57.6827544975246,0.7757827639579773,-4.924636363983154,-0.3432183265686035,-0.3432183265686035,0.0,0.003262879094108939,0.003262879094108939,0.003262879094108939,5.140620708465576,1.900048017501831,1.900048017501831,0.0,0.0,,0.21209853887557983,,0.2781018614768982,2.5352724115053813,3.2664315534114157,-0.014163012950120723,-4.3538974046707155,1.8626911081912394,-0.06688958121353827,0.09877537935972214,0.6698633647221593,0.00910650808301997,0.09877537935972214,0.6698633647221593,0.00910650808301997,0.0,0.0,0.0,0.003331210394389927,6.881306365681596e-05,3.5237182694194735e-06,0.003331210394389927,6.881306365681596e-05,3.5237182694194735e-06,0.003331210394389927,6.881306365681596e-05,3.5237182694194735e-06,4.552769080797831,1.84824264769557,0.0643683826565344,1.9773783882459004,0.11729193441850752,0.0015893652653932646,1.9773783882459004,0.11729193441850752,0.0015893652653932646,0.0,0.0,0.0,0.0,0.0,0.0,0.20103330065806707,0.008688484335533484,-0.00013306983917521145,0.2766747067372004,0.010769280624470268,-0.00017906816570592319
46.774077184272535,1.0,1500.0,0.0,66.0,1893.0,0.5167219737946583,978.0,915.0,10.153479631512452,1.4258961487489485,11000.63983790767,246.4,0.057529768853607284,33.46093750000001,7.871875,11.509861606704849,128.0,32.98387096774193,8.312903225806453,11.70660042809719,62.0,33.46093750000001,7.871875,11.509861606704849,128.0,0.4298164203778678,-0.012231502870315453,-0.002751622925429782,-0.00420097957904767,-0.003604325190228298,-0.12319783740488587,-0.03126947528327802,8.55322810142723,66.0,81000.0,53.0,1402.2168245315552,57.76567402624058,1.1866648197174072,-5.620094299316406,0.4898267984390259,0.4898267984390259,0.0,0.0032557344529777765,0.0032557344529777765,0.0032557344529777765,5.925647258758545,2.0455267429351807,2.0455267429351807,0.0,0.0,,0.19204333424568176,,0.26704496145248413,2.7104655305544534,4.1060211954675205,-0.02449772766355152,-4.959376545747121,1.6990694941488138,-0.01838913873517601,-0.07065519317984581,0.8617593120533911,-0.011587989487756745,-0.07065519317984581,0.8617593120533911,-0.011587989487756745,0.0,0.0,0.0,0.0032645231811329724,6.573132892259902e-05,6.023356981069843e-06,0.0032645231811329724,6.573132892259902e-05,6.023356981069843e-06,0.0032645231811329724,6.573132892259902e-05,6.023356981069843e-06,5.160289339224497,1.7323116000767322,0.0232630139595939,1.9475989778836569,0.1506397515161169,-0.0020346953155467107,1.9475989778836569,0.1506397515161169,-0.0020346953155467107,0.0,0.0,0.0,0.0,0.0,0.0,0.20161231160163878,0.009397233108377291,-7.876926852811346e-05,0.2791244208812714,0.009279036669439845,3.676525875511005e-05
47.612121312027305,1.0,1500.0,0.0,117.0,2090.0,0.8335810505447071,1742.0,348.0,9.863140967846174,1.3041682429468922,10912.851874028122,204.60000000000002,0.04212997281937238,34.442553191489374,7.198581560283686,11.16694179378415,141.0,34.841666666666676,8.183333333333334,11.02737270782769,24.0,34.442553191489374,7.198581560283686,11.16694179378415,141.0,0.4245729668003393,-0.01138390017375666,-0.0027044980164433997,-0.004035605444662976,-0.006612308723332824,-0.11426337540489222,-0.02979346895855948,8.466878792501877,117.0,82500.0,54.0,1430.8845474720001,57.65664332999891,1.28843092918396,-5.747536659240723,0.5279890894889832,0.5279890894889832,0.0,0.003253174014389515,0.003253174014389515,0.003253174014389515,5.981736183166504,2.052173376083374,2.052173376083374,0.0,0.0,,0.19636037945747375,,0.2697485387325287,2.279443065325419,4.72671670115683,-0.13494372561457968,-5.666325334707896,1.772842043610328,-0.04135339403311587,-0.0052548823257287346,0.7358270699769393,0.007559962593872634,-0.0052548823257287346,0.7358270699769393,0.007559962593872634,0.0,0.0,0.0,0.0032475034163023035,4.661617997342891e-05,1.3623905116412e-06,0.0032475034163023035,4.661617997342891e-05,1.3623905116412e-06,0.0032475034163023035,4.661617997342891e-05,1.3623905116412e-06,5.879392274220785,1.7946473094169095,0.039082051490384746,1.9590644598007203,0.1284062327195516,0.0013177548685381086,1.9590644598007203,0.1284062327195516,0.0013177548685381086,0.0,0.0,0.0,0.0,0.0,0.0,0.1972731719414393,0.007891057974285035,-9.839390886241475e-05,0.27407133181889853,0.009379046182663943,-5.247730832211879e-05
48.44932905832926,1.0,1500.0,0.0,9.0,1910.0,0.06521253303077885,124.0,1786.0,10.086116710470812,2.2060434057037734,12302.595179057435,282.0,0.06489322533136967,33.686821705426354,8.541085271317828,11.399783668079461,129.0,33.75666666666665,8.616666666666664,11.366071482297361,120.0,33.686821705426354,8.541085271317828,11.399783668079461,129.0,0.4500852875529805,-0.012348539506303019,-0.0020414364732877373,-0.006821726317654873,-0.0019113149847094807,-0.12958715596330275,-0.031047714126626855,9.743080079495966,9.0,84000.0,55.0,1450.1048147678375,57.926847179973294,1.6171691417694092,-3.6519789695739746,-0.9524919986724854,-0.9524919986724854,0.0,0.0034667691215872765,0.0034667691215872765,0.0034667691215872765,3.6525769233703613,1.7918450832366943,1.7918450832366943,0.0,0.0,,0.2045232057571411,,0.2817615568637848,2.6768776853879293,3.2218476742135107,0.09175984997372741,-5.6337390820185345,1.637958281757435,-0.057871135641655934,0.0993474821249644,0.5981679354458758,-0.0206643737661958,0.0993474821249644,0.5981679354458758,-0.0206643737661958,0.0,0.0,0.0,0.0033376204160352548,0.00010676014893334661,1.1137001179117193e-05,0.0033376204160352548,0.00010676014893334661,1.1137001179117193e-05,0.0033376204160352548,0.00010676014893334661,1.1137001179117193e-05,5.812293783823649,1.6318323401022423,0.05867522550504377,1.9773225824038188,0.10500394764377978,-0.003619896530176866,1.9773225824038188,0.10500394764377978,-0.003619896530176866,0.0,0.0,0.0,0.0,0.0,0.0,0.19575293709834415,0.01020201246836672,0.00010095147521662608,0.2739500562349955,0.009881594211546274,9.224356480514215e-05
51.66794393391445,1.0,1500.0,0.0,58.0,1819.0,0.47148077139581157,857.0,962.0,10.589405759440039,1.4050346189060186,10034.795418249421,218.20000000000002,0.0552852944157292,32.087804878048786,6.772357723577234,12.014369975624934,123.0,31.6523076923077,7.1630769230769245,12.136188991409309,65.0,32.087804878048786,6.772357723577234,12.014369975624934,123.0,0.45196336154174876,-0.011626274944536823,-0.002480885582834106,-0.005167890267689459,-0.0009885659838018087,-0.10939733206288708,-0.03127458314024294,9.539155860002039,58.0,85500.0,56.0,1473.0154888629913,58.04419617202855,0.5871419310569763,-6.6894073486328125,-0.3216885030269623,-0.3216885030269623,0.0,0.003354079555720091,0.003354079555720091,0.003354079555720091,6.998618125915527,1.9035388231277466,1.9035388231277466,0.0,0.0,,0.19681920111179352,,0.2748740315437317,2.119419397910436,2.3763791067645696,-0.09049112254440858,-5.276019561290741,1.5636988199594133,-0.0044252129099656805,-0.05223293205102285,0.7836404368451816,0.022726108639338407,-0.05223293205102285,0.7836404368451816,0.022726108639338407,0.0,0.0,0.0,0.003346700252344211,4.493624444723569e-05,-2.785035729143868e-07,0.003346700252344211,4.493624444723569e-05,-2.785035729143868e-07,0.003346700252344211,4.493624444723569e-05,-2.785035729143868e-07,5.528161462148031,1.582683758192454,-0.0007310292346858731,1.9507842421531678,0.13744523212532403,0.003995082985705025,1.9507842421531678,0.13744523212532403,0.003995082985705025,0.0,0.0,0.0,0.0,0.0,0.0,0.20133009304602942,0.007914434254841509,-0.00011693079758009261,0.27551474471886955,0.008607124031219967,-0.0002703401681711274
49.94093722430142,1.0,1500.0,0.0,110.0,1953.0,0.8418502483076938,1644.0,309.0,10.19433167112505,1.3043527170832003,9997.704198234658,183.0,0.04192824084681299,33.31755725190839,6.772519083969466,11.555731765820832,131.0,32.58095238095239,7.9714285714285715,11.779116178489383,21.0,33.31755725190839,6.772519083969466,11.555731765820832,131.0,0.43808245840831556,-0.01070703333008059,-0.0023509235554558107,-0.003528001082399816,-0.006661370164395165,-0.1099737212002689,-0.029221380310593185,8.938229787420482,110.0,87000.0,57.0,1500.358587026596,57.986137948806096,5.576266288757324,-7.188055992126465,-0.03928869962692261,-0.03928869962692261,0.0,0.003071202663704753,0.003071202663704753,0.003071202663704753,7.514142990112305,1.953209400177002,1.953209400177002,0.0,0.0,,0.21014384925365448,,0.2837281823158264,2.371167971690496,1.6612230447229488,0.01944795234317371,-6.246666487058004,1.4159568588499034,0.000981672401555714,-0.07158382187287013,0.69730387284516,-0.010830075579702655,-0.07158382187287013,0.69730387284516,-0.010830075579702655,0.0,0.0,0.0,0.0032347355348368487,7.132157599401764e-05,-7.373930987911448e-06,0.0032347355348368487,7.132157599401764e-05,-7.373930987911448e-06,0.0032347355348368487,7.132157599401764e-05,-7.373930987911448e-06,6.4731811364491785,1.45567048764391,0.00012847541834529484,1.947519600391388,0.12164458093487684,-0.0018860689922753028,1.947519600391388,0.12164458093487684,-0.0018860689922753028,0.0,0.0,0.0,0.0,0.0,0.0,0.2021135111649831,0.00837522980172306,-0.00011385548631925528,0.2780730644861857,0.010571812542944986,-0.0002720786811777727
47.66593188930441,1.0,1500.0,0.0,108.0,2037.0,0.7934595513789517,1616.0,421.0,9.806386064173594,1.2538153263033094,10729.786333984062,242.60000000000002,0.05111242204618237,34.64525547445257,7.684671532846713,11.011707011565514,137.0,35.324137931034485,9.455172413793104,10.747666583635368,29.0,34.64525547445257,7.684671532846713,11.011707011565514,137.0,0.42305104892288137,-0.010870561054751902,-0.002098274427022534,-0.004223165405250018,-0.0026185591890913688,-0.11732231205502594,-0.028925051714679146,8.227005012564005,108.0,88500.0,58.0,1528.0832169055939,57.91569400206795,13.59572696685791,-6.528250694274902,1.5322133302688599,1.5322133302688599,0.0,0.0030118837021291256,0.0030118837021291256,0.0030118837021291256,6.9327168464660645,2.2239253520965576,2.2239253520965576,0.0,0.0,,0.18880519270896912,,0.26392078399658203,2.7732396006584166,3.431169890669407,0.14284343907777405,-6.13355614344279,0.9402403427079167,0.0027133653108218875,0.04751056283712387,0.7425873756473826,-0.004028862008661271,0.04751056283712387,0.7425873756473826,-0.004028862008661271,0.0,0.0,0.0,0.0030931134320174654,5.325930949971651e-05,5.080422139968832e-07,0.0030931134320174654,5.325930949971651e-05,5.080422139968832e-07,0.0030931134320174654,5.325930949971651e-05,5.080422139968832e-07,6.318696395556132,0.950962943577708,-0.0008009359489161896,1.9681503375371296,0.12847334411355915,-0.0007066524068559202,1.9681503375371296,0.12847334411355915,-0.0007066524068559202,0.0,0.0,0.0,0.0,0.0,0.0,0.19858471055825552,0.008055694883619973,3.853798973414025e-05,0.2721209158500036,0.011640347741909812,0.0003643281799269702
47.76901998519897,1.0,1500.0,0.0,10.0,1852.0,0.0744317527055041,137.0,1715.0,9.901048664756061,2.0905579365272584,11750.248529715007,272.8,0.06357196122296793,34.329600000000006,8.833599999999999,11.26625001812603,125.0,34.45217391304347,9.003478260869565,11.232624527322553,115.0,34.329600000000006,8.833599999999999,11.26625001812603,125.0,0.4484061173784087,-0.012858850675376107,-0.0035473529624102957,-0.005610061950243303,-0.012010981468771434,-0.11805078929306795,-0.03132068902952281,9.157444285128296,10.0,90000.0,59.0,1547.486498117447,58.158827304462484,1.8562723398208618,-6.858687877655029,1.483271598815918,1.483271598815918,0.0,0.002991948276758194,0.002991948276758194,0.002991948276758194,7.179482460021973,2.2152106761932373,2.2152106761932373,0.0,0.0,,0.20171906054019928,,0.2838385999202728,1.8145537326733272,1.6023278386527637,-0.0011380112542459504,-6.319579283396403,1.337576113716073,-0.043237566709253016,-0.02109404280781746,0.8371603787271693,0.026097893408262445,-0.02109404280781746,0.8371603787271693,0.026097893408262445,0.0,0.0,0.0,0.0029195510316640137,5.5961965353008145e-05,-1.8324572447940815e-06,0.0029195510316640137,5.5961965353008145e-05,-1.8324572447940815e-06,0.0029195510316640137,5.5961965353008145e-05,-1.8324572447940815e-06,6.515323225657145,1.3534382480006435,0.04020503174608883,1.9564178109169006,0.1433310185790308,0.00448155729338373,1.9564178109169006,0.1433310185790308,0.00448155729338373,0.0,0.0,0.0,0.0,0.0,0.0,0.2034265513221423,0.008054833639187025,3.4635400480366456e-05,0.2799672603607178,0.008566134783221593,4.0369781689324705e-05
48.881882183253765,1.0,1500.0,0.0,96.0,1927.0,0.7447420563730398,1435.0,492.0,9.927305612551477,1.2204201990503796,10014.753695824646,232.60000000000002,0.05269596737652923,34.217054263565906,7.097674418604648,11.264061452412195,129.0,33.38181818181818,8.290909090909091,11.593819126465787,33.0,34.217054263565906,7.097674418604648,11.264061452412195,129.0,0.42071988785170145,-0.010337722766364072,-0.002542680639308577,-0.004906588536234868,-0.00453808752025935,-0.10831982712047541,-0.026957752794585087,8.296049193344848,96.0,91500.0,60.0,1573.9902513027191,58.132507443594186,0.6917755603790283,-7.812207221984863,-0.4614028036594391,-0.4614028036594391,0.0,0.0031302464194595814,0.0031302464194595814,0.0031302464194595814,8.195535659790039,1.8799846172332764,1.8799846172332764,0.0,0.0,,0.18900825083255768,,0.2628122568130493,3.056479642788569,6.410874309686044,-0.11884208851316756,-6.617244044939677,1.56048961668804,-0.008492484479910375,0.09693477749824524,0.6322449270998485,0.00022453219527264668,0.09693477749824524,0.6322449270998485,0.00022453219527264668,0.0,0.0,0.0,0.003011037968099117,5.60688364650814e-05,1.9521980823013766e-06,0.003011037968099117,5.60688364650814e-05,1.9521980823013766e-06,0.003011037968099117,5.60688364650814e-05,1.9521980823013766e-06,6.814062690734863,1.5882695998608134,0.010229364465155408,1.9766788681348164,0.10897216987659669,3.385986714258706e-05,1.9766788681348164,0.10897216987659669,3.385986714258706e-05,0.0,0.0,0.0,0.0,0.0,0.0,0.2030692532658577,0.010243812266213384,-0.0003590130998242318,0.27850248018900553,0.010908165419921598,-0.0005244290603281342
49.942693906895656,1.0,1500.0,0.0,94.0,1934.0,0.7229959736136612,1398.0,536.0,10.110522190139921,1.281023668119719,9940.735918752776,189.8,0.04345238095238095,33.59999999999998,6.746153846153848,11.45002095341263,130.0,32.77777777777779,7.066666666666669,11.733711345259302,36.0,33.59999999999998,6.746153846153848,11.45002095341263,130.0,0.4305954306326479,-0.010416964833442245,-0.0022235667006821197,-0.0037837663498875543,-0.0027462854728540443,-0.10960495739736638,-0.02834617079201019,8.627796400579975,94.0,93000.0,61.0,1600.1789050102234,58.118501443065725,1.0453391075134277,-8.675487518310547,0.41136497259140015,0.41136497259140015,0.0,0.0028892746195197105,0.0028892746195197105,0.0028892746195197105,8.802850723266602,2.030357837677002,2.030357837677002,0.0,0.0,,0.19436539709568024,,0.2693643271923065,2.8285129566987357,3.9371789514177364,-0.0640559452526827,-6.70372904141744,1.508196368118903,-0.041701707108002056,0.03993209426601728,0.9751553560596112,0.0034382025229519864,0.03993209426601728,0.9751553560596112,0.0034382025229519864,0.0,0.0,0.0,0.002980402872587244,0.00010399979716441193,-1.1279386104611936e-05,0.002980402872587244,0.00010399979716441193,-1.1279386104611936e-05,0.002980402872587244,0.00010399979716441193,-1.1279386104611936e-05,6.906068380673727,1.5055024428026575,0.039588424705954944,1.9668366154034933,0.1672714381165512,0.0005712205496459933,1.9668366154034933,0.1672714381165512,0.0005712205496459933,0.0,0.0,0.0,0.0,0.0,0.0,0.19732582370440166,0.006552896973872278,0.00013544627105831076,0.271757502357165,0.008910154566792282,0.00015442785749975708
48.78713795054154,1.0,1500.0,0.0,122.0,1937.0,0.9430329819736614,1826.0,111.0,10.118393317487985,1.2476115550065987,9931.435339051743,210.20000000000002,0.04817565089842318,33.56307692307691,7.016923076923074,11.509196178802503,130.0,33.375,8.674999999999997,11.65270300353791,8.0,33.56307692307691,7.016923076923074,11.509196178802503,130.0,0.43426677263054325,-0.010902826797071928,-0.0021334193268787043,-0.0040717729173527385,-0.0057714379406459135,-0.1151554899710335,-0.030206283291640837,8.889847448219887,122.0,94500.0,62.0,1628.4211859703064,58.03166945638299,0.9410180449485779,-6.636406898498535,0.35328418016433716,0.35328418016433716,0.0,0.0027940161526203156,0.0027940161526203156,0.0027940161526203156,6.9066877365112305,2.0200793743133545,2.0200793743133545,0.0,0.0,,0.18681952357292175,,0.2686939537525177,1.5589600801467896,1.540675490653032,0.014217094823436246,-7.85591410001119,1.2552782789123251,0.003310209386738641,-0.2894321491320928,0.7821935208558418,0.017520444305640568,-0.2894321491320928,0.7821935208558418,0.017520444305640568,0.0,0.0,0.0,0.002789148602945109,8.903990104985044e-05,-8.409463016272904e-06,0.002789148602945109,8.903990104985044e-05,-8.409463016272904e-06,0.002789148602945109,8.903990104985044e-05,-8.409463016272904e-06,8.06910645167033,1.301846289899894,-0.0017251830477603494,1.910704525311788,0.13312474035562455,0.00299168529446847,1.910704525311788,0.13312474035562455,0.00299168529446847,0.0,0.0,0.0,0.0,0.0,0.0,0.19811802605787912,0.00783516763895171,-0.00027309426078542454,0.27204874753952024,0.007141724080316293,9.492668877453528e-05
52.5863026336712,1.0,1500.0,0.0,68.0,1953.0,0.5210056662266684,1017.0,936.0,10.139222899322684,1.5361478361991139,10618.619567684877,219.0,0.04990201886706467,33.50076335877863,6.737404580152672,11.428989157700958,131.0,33.22857142857142,7.882539682539685,11.507372846695024,63.0,33.50076335877863,6.737404580152672,11.428989157700958,131.0,0.43343712627006603,-0.009750477191940658,-0.002374203695199899,-0.0035504708248090206,-0.003544502105160114,-0.0944874179966709,-0.02710393496080503,8.636441620764915,68.0,96000.0,63.0,1652.6182463169098,58.08964061358356,0.505154550075531,-6.532552719116211,0.7360175251960754,0.7360175251960754,0.0,0.002968753920868039,0.002968753920868039,0.002968753920868039,6.887230396270752,2.0864672660827637,2.0864672660827637,0.0,0.0,,0.1950877457857132,,0.27114057540893555,1.570758338769277,2.1467369897350896,0.023438669762701533,-8.325087388356527,1.2313714791196064,0.013039300810376053,0.06837415620684624,0.5630784024729382,-0.010336257809062426,0.06837415620684624,0.5630784024729382,-0.010336257809062426,0.0,0.0,0.0,0.002870366450709601,3.7068938166195614e-05,3.3717718000240454e-06,0.002870366450709601,3.7068938166195614e-05,3.3717718000240454e-06,0.002870366450709601,3.7068938166195614e-05,3.3717718000240454e-06,8.516745106379192,1.233290712197833,-0.009815862844465239,1.971684753894806,0.09626327275375827,-0.0017613024016774378,1.971684753894806,0.09626327275375827,-0.0017613024016774378,0.0,0.0,0.0,0.0,0.0,0.0,0.1989704777797063,0.008410162397995679,0.0001367434047087856,0.2754065642754237,0.009388925253210514,0.00010779486747418799
52.01244197413325,1.0,1500.0,0.0,64.0,1852.0,0.516399959785628,956.0,896.0,10.091247630523634,1.4737540419124084,10150.400713936302,212.8,0.05097250167672703,33.66774193548387,7.233870967741934,11.401885078074462,124.0,33.673333333333346,8.616666666666664,11.432592807231762,60.0,33.66774193548387,7.233870967741934,11.401885078074462,124.0,0.43490146180612166,-0.010084219880606763,-0.0030526238050604688,-0.0038672778044783877,-0.0016897882549285449,-0.09909252112235319,-0.02710100107712872,8.56924611413768,64.0,97500.0,64.0,1676.266167640686,58.1649870898662,1.1449016332626343,-8.195690155029297,-0.43625879287719727,-0.43625879287719727,0.0,0.0028035049326717854,0.0028035049326717854,0.0028035049326717854,8.531885147094727,1.8857665061950684,1.8857665061950684,0.0,0.0,,0.19400732219219208,,0.25842151045799255,1.5830055803060532,2.6723979098019655,0.03920569062498175,-8.67376087506612,1.2797811984826486,0.014312261362892717,-0.013781953851381938,0.6987787107876178,0.016715475230646627,-0.013781953851381938,0.6987787107876178,0.016715475230646627,0.0,0.0,0.0,0.0029693306734164555,9.94936851000654e-05,-1.03741093798727e-05,0.0029693306734164555,9.94936851000654e-05,-1.03741093798727e-05,0.0029693306734164555,9.94936851000654e-05,-1.03741093798727e-05,8.864428726832072,1.3106810199353516,-0.012528059559483848,1.9574311971664429,0.11986383368791761,0.0028527766366688865,1.9574311971664429,0.11986383368791761,0.0028527766366688865,0.0,0.0,0.0,0.0,0.0,0.0,0.19748682876427967,0.009691948601307903,0.00047098430696132634,0.274021456638972,0.011807164736938925,0.00039977483675131975
49.15310070742952,1.0,1500.0,0.0,94.0,2083.0,0.6735363180118941,1402.0,681.0,9.955141819098703,1.3359073808903186,10906.900578981591,221.60000000000002,0.046377296890042274,34.13000000000001,7.304285714285713,11.312159021820111,140.0,34.160869565217396,8.395652173913042,11.301775215269439,46.0,34.13000000000001,7.304285714285713,11.312159021820111,140.0,0.4285616529031967,-0.010716083926956181,-0.002838575722599496,-0.0038357198442843733,-0.004211632796075724,-0.11135248773651016,-0.029056175804828034,8.688393852402827,94.0,99000.0,65.0,1702.9266741275787,58.1352101086316,0.36929839849472046,-12.666268348693848,-1.448616623878479,-1.448616623878479,0.0,0.0023531385231763124,0.0023531385231763124,0.0023531385231763124,12.6724853515625,1.7206270694732666,1.7206270694732666,0.0,0.0,,0.22761037945747375,,0.31343746185302734,1.423209970196088,2.0046346378544038,-0.05605351847324017,-9.434289836883545,1.5793052012616504,-0.010905613119530306,-0.3976241846879323,0.9037287646791339,-0.035216463832091455,-0.3976241846879323,0.9037287646791339,-0.035216463832091455,0.0,0.0,0.0,0.0026756160737325748,0.00017670415670042647,-1.9299361577156107e-05,0.0026756160737325748,0.00017670415670042647,-1.9299361577156107e-05,0.0026756160737325748,0.00017670415670042647,-1.9299361577156107e-05,9.674009434382121,1.5497419996820223,0.007807248426358608,1.8932813644409179,0.15272505936579,-0.005878799245407977,1.8932813644409179,0.15272505936579,-0.005878799245407977,0.0,0.0,0.0,0.0,0.0,0.0,0.20000646412372589,0.009083755628075082,9.556931171056237e-05,0.2785177807013194,0.010550723490998025,4.471974059922195e-05
49.81709347600522,1.0,1500.0,0.0,23.0,2035.0,0.16424447198006814,334.0,1701.0,9.933172702416087,1.9851971363999341,12617.805956390739,274.0,0.058467053601911914,34.207299270072994,8.407299270072993,11.22380217892605,137.0,34.19999999999999,8.72105263157895,11.218280583112069,114.0,34.207299270072994,8.407299270072993,11.22380217892605,137.0,0.426422085266674,-0.009386392782849829,-0.0025140128302366276,-0.004271775435163642,-0.001768397033656587,-0.11237877923559612,-0.025517473651760873,8.570489559869776,23.0,100500.0,66.0,1724.0210008621216,58.29395346677536,0.6897679567337036,-8.704002380371094,0.7480120658874512,0.7480120658874512,0.0,0.002565124537795782,0.002565124537795782,0.002565124537795782,8.859503746032715,2.0853867530822754,2.0853867530822754,0.0,0.0,,0.20506727695465088,,0.28599661588668823,1.51014457543691,2.8927990283967073,-0.009297520459294986,-8.604394340515137,1.235618218352372,0.008670506249280474,0.15276257569591203,0.8140480997592769,-0.028757432068348993,0.15276257569591203,0.8140480997592769,-0.028757432068348993,0.0,0.0,0.0,0.0025502048743267854,0.00010312928415154941,6.634490181162524e-06,0.0025502048743267854,0.00010312928415154941,6.634490181162524e-06,0.0025502048743267854,0.00010312928415154941,6.634490181162524e-06,8.765967798233032,1.2451852383035122,-0.003215854186502881,1.9853925824165344,0.1361076278140771,-0.00479575972403254,1.9853925824165344,0.1361076278140771,-0.00479575972403254,0.0,0.0,0.0,0.0,0.0,0.0,0.2009375050663948,0.008258023533583373,-6.965979254153288e-05,0.2773763914903005,0.010549433443467406,4.641553583876348e-05
46.85985533921224,1.0,1500.0,0.0,106.0,1946.0,0.8134936470977772,1583.0,363.0,9.876365797538677,1.1667364941925884,9863.887503821621,203.0,0.045039048633297836,34.406106870228996,7.589312977099237,11.140027821028458,131.0,32.376000000000005,6.9760000000000035,11.627090083263282,25.0,34.406106870228996,7.589312977099237,11.140027821028458,131.0,0.41793103288414213,-0.010388739752635096,-0.0022164510641373147,-0.003140676840603778,-0.0009970817120622546,-0.12460481517509728,-0.027412240135588354,8.196034041585627,106.0,102000.0,67.0,1751.427324771881,58.23821437368818,0.58697509765625,-10.452474594116211,-0.3071696162223816,-0.3071696162223816,0.0,0.0022562367375940084,0.0022562367375940084,0.0022562367375940084,10.575490951538086,1.9095945358276367,1.9095945358276367,0.0,0.0,,0.21223184466362,,0.27978476881980896,1.162749782204628,0.8861493109082791,-0.01706909480296469,-8.896052757898966,1.4559854022509267,-0.0034466389156418875,-0.27447276674211024,0.6830673809496548,-0.003311376602650999,-0.27447276674211024,0.6830673809496548,-0.003311376602650999,0.0,0.0,0.0,0.002428289595991373,6.51495732662399e-05,-4.9780179913238005e-06,0.002428289595991373,6.51495732662399e-05,-4.9780179913238005e-06,0.002428289595991373,6.51495732662399e-05,-4.9780179913238005e-06,9.134772857030233,1.4213784887653427,-0.0019607852643006764,1.9142991781234742,0.11369491569339285,-0.0005195222521518283,1.9142991781234742,0.11369491569339285,-0.0005195222521518283,0.0,0.0,0.0,0.0,0.0,0.0,0.20074048539002737,0.007696087174280456,3.832214666287496e-05,0.2770753691593806,0.010769072142743422,0.0002233571483773253
50.07255194336176,1.0,1500.0,0.0,64.0,1816.0,0.524166832237501,951.0,865.0,10.099728268719787,1.693389939917021,10086.527537018037,186.4,0.045394768886074716,33.65737704918033,6.967213114754093,11.423734658256777,122.0,32.9103448275862,7.427586206896551,11.652527675976577,58.0,33.65737704918033,6.967213114754093,11.423734658256777,122.0,0.4248051460978743,-0.009697613727123957,-0.0026395183930013524,-0.0033875032664923118,-0.0037502554669936903,-0.10709176374412425,-0.02584116626621507,8.421298100471477,64.0,103500.0,68.0,1775.1964814662933,58.30340533038355,19.304454803466797,-6.126055717468262,-1.7452116012573242,-1.7452116012573242,0.0,0.0022340768482536077,0.0022340768482536077,0.0022340768482536077,6.341161727905273,1.674063801765442,1.674063801765442,0.0,0.0,,0.19877232611179352,,0.2800558805465698,1.843164403239886,3.5407721865752593,0.1319785879040189,-8.667917664845785,1.29322957994157,0.02180001701210724,0.03524998774131139,0.8694462947110868,-0.019399148010305893,0.03524998774131139,0.8694462947110868,-0.019399148010305893,0.0,0.0,0.0,0.002301014408779641,5.525106916298465e-05,3.737356001977345e-06,0.002301014408779641,5.525106916298465e-05,3.737356001977345e-06,0.002301014408779641,5.525106916298465e-05,3.737356001977345e-06,8.863375027974447,1.318576876849436,-0.016349174024266024,1.965867555141449,0.14290352952143354,-0.0031716263201399075,1.965867555141449,0.14290352952143354,-0.0031716263201399075,0.0,0.0,0.0,0.0,0.0,0.0,0.2001076340675354,0.00967684224573109,9.755450440725373e-06,0.2790286143620809,0.010469149295239077,-7.154266614140755e-05
52.95216568924011,1.0,1500.0,0.0,94.0,1994.0,0.701425265820804,1398.0,596.0,10.129075009658312,1.3731676799893762,10327.86865068713,214.20000000000002,0.04766143028792666,33.53880597014927,6.320895522388059,11.394694907562968,134.0,33.589999999999996,8.040000000000001,11.330954087234925,40.0,33.53880597014927,6.320895522388059,11.394694907562968,134.0,0.43806425227284207,-0.010735112929154389,-0.0028366842062281863,-0.0038360285235631026,-0.001208178438661708,-0.09390191592793823,-0.028569851522796282,8.75953738432196,94.0,105000.0,69.0,1801.6212611198425,58.28083974471673,0.3716743588447571,-10.416448593139648,1.5200831890106201,1.5200831890106201,0.0,0.002445283578708768,0.002445283578708768,0.002445283578708768,10.546913146972656,2.2127575874328613,2.2127575874328613,0.0,0.0,,0.1988932341337204,,0.28033047914505005,1.6578223437070847,2.6384584920055287,-0.033055799138691916,-9.439005343119304,1.1636824447473393,0.02928944588768354,0.1754700760046641,0.8801900839747263,0.04069918906595873,0.1754700760046641,0.8801900839747263,0.04069918906595873,0.0,0.0,0.0,0.0022660744686921436,0.0001377728297905956,1.4550324935503293e-05,0.0022660744686921436,0.0001377728297905956,1.4550324935503293e-05,0.0022660744686921436,0.0001377728297905956,1.4550324935503293e-05,9.60641171137492,1.1745160569109254,-0.027069719800429506,1.9891441345214844,0.14452893285347732,0.0066820220501722085,1.9891441345214844,0.14452893285347732,0.0066820220501722085,0.0,0.0,0.0,0.0,0.0,0.0,0.2006815825899442,0.009612792125372183,-0.0001660569789544928,0.28011808594067894,0.00862617390659351,-0.0003582859861439714
53.66678165817914,1.0,1500.0,0.0,73.0,2086.0,0.5247849520817832,1094.0,992.0,10.050049765087762,1.8103930645124637,11585.306695465228,204.8,0.04325603007645841,33.81857142857142,6.384285714285714,11.307758569140226,140.0,33.83880597014926,7.69850746268657,11.28791900655451,67.0,33.81857142857142,6.384285714285714,11.307758569140226,140.0,0.43322539412324335,-0.009442703498830217,-0.0029332252463445925,-0.003367159611491909,-0.0051676995989792685,-0.08612832664965367,-0.026565694857496106,8.633396858608137,73.0,106500.0,70.0,1826.5286870002747,58.30732402834907,1.445918083190918,-10.054765701293945,0.7660659551620483,0.7660659551620483,0.0,0.002324712462723255,0.002324712462723255,0.002324712462723255,10.375814437866211,2.0863256454467773,2.0863256454467773,0.0,0.0,,0.21579860150814056,,0.27690112590789795,1.503212684392929,2.401132089172958,0.052314177675957925,-9.478402185440064,1.4190513384261814,0.019396966185267563,-0.1503796584904194,1.1509278124094493,0.010980761788777167,-0.1503796584904194,1.1509278124094493,0.010980761788777167,0.0,0.0,0.0,0.002332484054689606,5.23735657961899e-05,-3.158775063954762e-06,0.002332484054689606,5.23735657961899e-05,-3.158775063954762e-06,0.002332484054689606,5.23735657961899e-05,-3.158775063954762e-06,9.652344131469727,1.4106031540836275,-0.014763765260826,1.9350785573323568,0.19013740702483548,0.0018122461932121383,1.9350785573323568,0.19013740702483548,0.0018122461932121383,0.0,0.0,0.0,0.0,0.0,0.0,0.20267252971728641,0.010001100571308664,0.0005022206514642763,0.279976690808932,0.011039301143204372,0.0003183655333068091
61.7732310295105,1.0,1500.0,0.0,8.0,2086.0,0.05600761041056838,116.0,1970.0,10.311322196875702,2.1839860475444066,12972.26948187242,279.2,0.06048526863084922,32.97142857142858,7.6228571428571446,11.587485741608777,140.0,33.172727272727286,7.910606060606059,11.515538828645306,132.0,32.97142857142858,7.6228571428571446,11.587485741608777,140.0,0.510218052619851,-0.012126609716641493,-0.006804736255785243,-0.0021437878084896614,-0.00847784200385355,-0.05539499036608863,-0.035310815049931006,11.176015486109165,8.0,108000.0,71.0,1845.7371032238007,58.51320852323177,0.5907211899757385,-8.490795135498047,-1.175356149673462,-1.175356149673462,0.0,0.002287507988512516,0.002287507988512516,0.002287507988512516,8.713384628295898,1.7666842937469482,1.7666842937469482,0.0,0.0,,0.2022104412317276,,0.276716947555542,1.934022835890452,3.191818552664489,-0.08172546338716798,-9.478935527801514,1.4909324127282486,-0.02154551475278782,-0.00252191424369812,0.9831974615824673,0.0284694092690083,-0.00252191424369812,0.9831974615824673,0.0284694092690083,0.0,0.0,0.0,0.0022293200561155874,9.004104913355537e-05,2.9707237357093075e-06,0.0022293200561155874,9.004104913355537e-05,2.9707237357093075e-06,0.0022293200561155874,9.004104913355537e-05,2.9707237357093075e-06,9.700844875971477,1.4778504124107703,0.021520440968310597,1.9596594095230102,0.1609479453922806,0.0046593784357734334,1.9596594095230102,0.1609479453922806,0.0046593784357734334,0.0,0.0,0.0,0.0,0.0,0.0,0.20143828789393106,0.00953855274694249,0.00020175716768249482,0.2765510380268097,0.009774517108072686,1.451454650572976e-05
52.70364281264219,1.0,1500.0,0.0,44.0,2046.0,0.3230307840752872,660.0,1386.0,10.09036045154347,2.243114859571298,12189.896056549132,235.0,0.050945195976413456,33.67007299270074,7.283211678832118,11.403890173382203,137.0,33.561290322580646,8.234408602150538,11.451159101458357,93.0,33.67007299270074,7.283211678832118,11.403890173382203,137.0,0.4306209217290773,-0.009300226053877732,-0.00427565244095603,-0.002066859307583454,-0.009265944645006107,-0.08724428399518652,-0.0266016375701041,8.605295977498871,44.0,109500.0,72.0,1868.327513217926,58.60856794395858,7.125679969787598,-11.198394775390625,-1.4599175453186035,-1.4599175453186035,0.0,0.0021360558457672596,0.0021360558457672596,0.0021360558457672596,11.568975448608398,1.7225558757781982,1.7225558757781982,0.0,0.0,,0.20051929354667664,,0.2654356360435486,1.5627359211444856,1.9332318556451968,0.061286611140636285,-9.51324725151062,0.9257457921895844,0.0010352851816758258,-0.18470894396305085,0.9609925586370661,-0.015541372177200419,-0.18470894396305085,0.9609925586370661,-0.015541372177200419,0.0,0.0,0.0,0.0022217047633603217,5.3749011687965865e-05,-3.2140043055487582e-06,0.0022217047633603217,5.3749011687965865e-05,-3.2140043055487582e-06,0.0022217047633603217,5.3749011687965865e-05,-3.2140043055487582e-06,9.698031266530355,0.9151697460657072,-0.0003790084193892723,1.9297838409741719,0.157058062601238,-0.0025324307241217344,1.9297838409741719,0.157058062601238,-0.0025324307241217344,0.0,0.0,0.0,0.0,0.0,0.0,0.20207537959019342,0.007260490406979914,8.347475687839117e-05,0.27877572973569237,0.008974821353493864,7.281636237036438e-05
50.98438610388683,1.0,1500.0,0.0,65.0,1859.0,0.5186488551637277,964.0,895.0,10.23499917725414,1.7231933563219934,10085.970852724218,193.4,0.04661139496770462,33.19359999999999,6.5616,11.68544965085752,125.0,32.40666666666666,7.139999999999999,11.925180212457729,60.0,33.19359999999999,6.5616,11.68544965085752,125.0,0.43177606196465723,-0.0099624040753248,-0.003039035378369572,-0.003553255088493972,-0.009455324357405039,-0.09990820073439413,-0.027312464473397594,8.971171925769452,65.0,111000.0,73.0,1892.2117733955383,58.661510070203505,0.4603900611400604,-9.705517768859863,-0.33151665329933167,-0.33151665329933167,0.0,0.0019931269343942404,0.0019931269343942404,0.0019931269343942404,9.89744758605957,1.9066838026046753,1.9066838026046753,0.0,0.0,,0.20157645642757416,,0.2715809643268585,1.4222733010848363,2.610806531067581,-0.031397137698925666,-9.989650217692057,1.3039761074975922,0.0018610371896240323,-0.24995980262756348,0.8195632553709716,0.024856401941800145,-0.24995980262756348,0.8195632553709716,0.024856401941800145,0.0,0.0,0.0,0.0019890333525836466,4.876020498171194e-05,-4.588015630294882e-07,0.0019890333525836466,4.876020498171194e-05,-4.588015630294882e-07,0.0019890333525836466,4.876020498171194e-05,-4.588015630294882e-07,10.193573141098023,1.3520949404861125,-0.005595233204367779,1.9196119467417398,0.13177848478485352,0.004015819010665536,1.9196119467417398,0.13177848478485352,0.004015819010665536,0.0,0.0,0.0,0.0,0.0,0.0,0.20424923946460088,0.008997395532121352,0.000204572280469002,0.27973113059997556,0.014338115189182123,0.0001922386639375403
53.584554204940794,1.0,1500.0,0.0,25.0,1999.0,0.18781614214695735,375.0,1624.0,10.200031109143234,1.4105760168896928,11531.640725819243,252.8,0.05661306937788328,33.32388059701491,7.520895522388058,11.536302046535479,134.0,33.599999999999994,8.03669724770642,11.416750740003126,109.0,33.32388059701491,7.520895522388058,11.536302046535479,134.0,0.4601304140889169,-0.010382904279467229,-0.002840803950940103,-0.0030529584772273606,-0.015023869699522744,-0.09253018814939623,-0.029506575813460837,9.884943297799568,25.0,112500.0,74.0,1912.9203925132751,58.810602072254966,4.067734718322754,-10.926814079284668,0.9459980726242065,0.9459980726242065,0.0,0.0018820961704477668,0.0018820961704477668,0.0018820961704477668,10.951420783996582,2.11074161529541,2.11074161529541,0.0,0.0,,0.213340163230896,,0.2979448139667511,1.7569848239421844,3.287188811081588,-0.03490900332988704,-10.064085388183594,1.030894613936353,-0.0007039928330195102,-0.1531908421466748,0.8293167001272389,-0.033541256561460966,-0.1531908421466748,0.8293167001272389,-0.033541256561460966,0.0,0.0,0.0,0.001969800749793649,5.207919516074075e-05,-4.502881351481356e-06,0.001969800749793649,5.207919516074075e-05,-4.502881351481356e-06,0.001969800749793649,5.207919516074075e-05,-4.502881351481356e-06,10.22538636525472,1.0043159168960243,0.0028348207738955657,1.9355568885803223,0.1329505360523939,-0.005375901106599984,1.9355568885803223,0.1329505360523939,-0.005375901106599984,0.0,0.0,0.0,0.0,0.0,0.0,0.20560779571533203,0.012237004953310256,-2.5083139555349732e-05,0.2827223668495814,0.012078385094480514,5.243128876266965e-05
55.818137645721436,1.0,1500.0,0.0,124.0,1970.0,0.9369709755583328,1845.0,125.0,9.729434260917833,1.5586190920919727,9156.92759706939,126.60000000000001,0.02726215599293682,34.915789473684214,4.557894736842104,11.022255971363188,133.0,33.55555555555556,8.133333333333333,11.062044627371867,9.0,34.915789473684214,4.557894736842104,11.022255971363188,133.0,0.4143967961259917,-0.008459897674643045,-0.0028839508572381933,-0.0024708671766876084,-0.003805496828752647,-0.06871035940803383,-0.023876778797259884,8.244379689776105,124.0,114000.0,75.0,1942.2168786525726,58.6958136617,0.5317639708518982,-12.667770385742188,1.1302566528320312,1.1302566528320312,0.0,0.0022420180030167103,0.0022420180030167103,0.0022420180030167103,12.85659122467041,2.1452674865722656,2.1452674865722656,0.0,0.0,,0.20853795111179352,,0.2851329445838928,1.7037336736917497,2.5217377030735366,0.05522276905009955,-10.506140232086182,1.4797268196399262,-0.03744807874533152,0.4405453975001971,0.8372417834966797,0.009990823424697842,0.4405453975001971,0.8372417834966797,0.009990823424697842,0.0,0.0,0.0,0.0020734538052541514,9.649743425377127e-05,1.0954728842121352e-05,0.0020734538052541514,9.649743425377127e-05,1.0954728842121352e-05,0.0020734538052541514,9.649743425377127e-05,1.0954728842121352e-05,10.675191354751586,1.512983091229065,0.038010768763082695,2.0314193526903788,0.13489985758191642,0.0016768074406930036,2.0314193526903788,0.13489985758191642,0.0016768074406930036,0.0,0.0,0.0,0.0,0.0,0.0,0.20704546521107356,0.008681335052211865,-0.00023678455323611212,0.2815128912528356,0.013241792074793573,-0.00023954437757626052
52.06112769735393,1.0,1500.0,0.0,67.0,1817.0,0.5460547602202837,992.0,825.0,10.132903591234436,1.7267796511479776,9923.836268899247,162.8,0.03980440097799511,33.52459016393442,6.450819672131152,11.574645889485597,122.0,32.945454545454545,7.247272727272728,11.703139394474265,55.0,33.52459016393442,6.450819672131152,11.574645889485597,122.0,0.42938723548494145,-0.010334230676488724,-0.0031352756858829558,-0.0029311950165897605,-0.00521182266009857,-0.09566502463054187,-0.02795868077799374,9.014370696359261,67.0,115500.0,76.0,1965.9527361392975,58.750140772365064,1.669806718826294,-8.319137573242188,-0.00895160436630249,-0.00895160436630249,0.0,0.002172635169699788,0.002172635169699788,0.002172635169699788,8.352296829223633,1.9585402011871338,1.9585402011871338,0.0,0.0,,0.20516027510166168,,0.28709620237350464,0.7773185849189759,0.6563740742121894,-0.008123800579512376,-10.645404720306397,1.2743327999633423,0.0300116090275954,-0.1090260627369086,0.7077345982493223,-0.00971721806402864,-0.1090260627369086,0.7077345982493223,-0.00971721806402864,0.0,0.0,0.0,0.0022464657590414087,4.239327609261669e-05,-4.95637908942617e-07,0.0022464657590414087,4.239327609261669e-05,-4.95637908942617e-07,0.0022464657590414087,4.239327609261669e-05,-4.95637908942617e-07,10.82969954808553,1.2720415550548052,-0.02746476734572991,1.9420628627141316,0.11602930327075738,-0.0015951950637597184,1.9420628627141316,0.11602930327075738,-0.0015951950637597184,0.0,0.0,0.0,0.0,0.0,0.0,0.20257249722878137,0.008772319464597165,1.0087058461941167e-05,0.27891430457433064,0.012455301965649082,0.00011360244835841282
56.308297990742375,1.0,1500.0,0.0,118.0,2020.0,0.8736217734105521,1764.0,256.0,9.964463632701136,1.5827113931862966,9851.292761817394,138.20000000000002,0.02978576662787189,34.11617647058823,4.497058823529411,11.2328950042322,136.0,33.72222222222223,7.433333333333334,11.255973420403528,18.0,34.11617647058823,4.497058823529411,11.2328950042322,136.0,0.4270183406227018,-0.009476925270600936,-0.0030298477288567185,-0.0027080517826401215,-0.005854201446855776,-0.06636060100166945,-0.025872499260174514,8.533040516131122,118.0,117000.0,77.0,1994.1994194984436,58.67016049449377,2.502441644668579,-11.726762771606445,0.3003084659576416,0.3003084659576416,0.0,0.0019472581334412098,0.0019472581334412098,0.0019472581334412098,11.762998580932617,2.008117437362671,2.008117437362671,0.0,0.0,,0.1951419860124588,,0.26402443647384644,1.273452486594518,1.7244316298132447,0.02944184279150107,-10.715849669774373,1.5995442356343292,-0.05449213265577042,-0.026746097207069396,0.9912437114283411,-0.009142896523067245,-0.026746097207069396,0.9912437114283411,-0.009142896523067245,0.0,0.0,0.0,0.0020648119039833545,8.24785741029054e-05,-8.697593139196597e-06,0.0020648119039833545,8.24785741029054e-05,-8.697593139196597e-06,0.0020648119039833545,8.24785741029054e-05,-8.697593139196597e-06,10.915799887975057,1.6366081816447415,0.053136283590212635,1.9557469924290976,0.1602985541186692,-0.0014864072916372807,1.9557469924290976,0.1602985541186692,-0.0014864072916372807,0.0,0.0,0.0,0.0,0.0,0.0,0.20421255280574163,0.010936588055132526,1.9387378708534644e-05,0.2776157736778259,0.013009635140978805,0.0002828842142930382
46.267676080976216,1.0,1500.0,0.0,14.0,1832.0,0.11446034612586299,209.0,1623.0,10.24135600425509,2.0031224053266783,11704.884002779345,255.8,0.06266843059434563,33.18536585365853,8.195121951219512,11.612652948961463,123.0,33.15229357798165,8.348623853211011,11.607334834141714,109.0,33.18536585365853,8.195121951219512,11.612652948961463,123.0,0.44055697152099793,-0.013051289024416015,-0.0040276676289008224,-0.004555734446439415,-0.01910274963820564,-0.11818620356970574,-0.0325521032635413,9.385862760548518,14.0,118500.0,78.0,2013.7804028987885,58.8445492018008,0.6377255916595459,-11.700361251831055,-0.15198394656181335,-0.15198394656181335,0.0,0.0019137258641421795,0.0019137258641421795,0.0019137258641421795,11.901687622070312,1.935716152191162,1.935716152191162,0.0,0.0,,0.19456225633621216,,0.2769806981086731,2.0298295209805173,3.5522321873247544,0.022659438318087057,-10.954545291264852,1.3654193233311311,-0.008895549519573677,-0.1273768742879232,1.4237170893656739,0.009532058650049689,-0.1273768742879232,1.4237170893656739,0.009532058650049689,0.0,0.0,0.0,0.0019497915520332754,3.5410799772965575e-05,-2.162515245858768e-06,0.0019497915520332754,3.5410799772965575e-05,-2.162515245858768e-06,0.0019497915520332754,3.5410799772965575e-05,-2.162515245858768e-06,11.10826826095581,1.375023396918559,0.009467837807864284,1.9395069479942322,0.2283814087187016,0.001523243545557611,1.9395069479942322,0.2283814087187016,0.001523243545557611,0.0,0.0,0.0,0.0,0.0,0.0,0.20082460542519887,0.009500707929559244,9.555265025646603e-05,0.27841767271359763,0.010781104138119914,0.00012956333902971556
45.07813014984131,1.0,1500.0,0.0,10.0,2073.0,0.06657691714376392,138.0,1935.0,10.13215759530081,2.265841845739214,13330.505770809097,290.40000000000003,0.061860940695296525,33.53142857142856,8.145714285714284,11.438956211068554,140.0,33.48615384615384,8.2,11.443317393556836,130.0,33.53142857142856,8.145714285714284,11.438956211068554,140.0,0.4278277686151672,-0.012404307808239739,-0.0032490344062998124,-0.004359019741069818,-0.016765285996055288,-0.1222879684418146,-0.031175309180940265,8.941172239485587,10.0,120000.0,79.0,2033.7549290657043,59.00415939256129,0.4350668787956238,-7.9018964767456055,0.8223916292190552,0.8223916292190552,0.0,0.0022049210965633392,0.0022049210965633392,0.0022049210965633392,7.87515926361084,2.094437837600708,2.094437837600708,0.0,0.0,,0.20041388273239136,,0.2781978249549866,1.4666593939065933,2.5345800786062203,0.032264876796618415,-11.051014645894368,1.4602021606350657,-0.003982464171887871,0.2216121221582095,0.9707790115667527,0.021768684550970627,0.2216121221582095,0.9707790115667527,0.021768684550970627,0.0,0.0,0.0,0.0020416244321192303,8.80219249897961e-05,1.0034146597474195e-05,0.0020416244321192303,8.80219249897961e-05,1.0034146597474195e-05,0.0020416244321192303,8.80219249897961e-05,1.0034146597474195e-05,11.209581724802653,1.453748138698219,0.0026503508825585147,1.995934780438741,0.1566969938480992,0.003542666546627419,1.995934780438741,0.1566969938480992,0.003542666546627419,0.0,0.0,0.0,0.0,0.0,0.0,0.20596039295196533,0.009423852382032543,0.00020121513670092643,0.28317061165968577,0.012804754205913678,0.00021585222743907
53.01399647394816,1.0,1500.0,0.0,30.0,1817.0,0.24046549066807665,436.0,1381.0,10.251117238308918,1.8314128556601028,10846.726114126479,245.8,0.06031605810757754,33.13170731707316,7.131707317073169,11.634949942512348,123.0,32.95483870967742,7.877419354838707,11.697590611814539,93.0,33.13170731707316,7.131707317073169,11.634949942512348,123.0,0.435566804433189,-0.010100863123149109,-0.004515390863816907,-0.0020116064503055823,-0.016837416481069036,-0.08051224944320713,-0.026779377098047688,8.890781717698493,30.0,121500.0,80.0,2054.882802963257,59.12745964139179,4.801100254058838,-11.33978271484375,2.166271209716797,2.166271209716797,0.0,0.001915148925036192,0.001915148925036192,0.001915148925036192,11.613249778747559,2.306149482727051,2.306149482727051,0.0,0.0,,0.19713851809501648,,0.2740700840950012,2.321846593419711,3.570583715330018,-0.09127500369498426,-10.88403460184733,1.5776843152610283,0.03415440823530615,-0.31009758164485296,0.7965759858086474,0.021769467672463676,-0.31009758164485296,0.7965759858086474,0.021769467672463676,0.0,0.0,0.0,0.0020062581209155422,0.00011154330999656135,-1.2083356092591809e-05,0.0020062581209155422,0.00011154330999656135,-1.2083356092591809e-05,0.0020062581209155422,0.00011154330999656135,-1.2083356092591809e-05,11.107626628875732,1.6161645186334805,-0.04029448830643841,1.9099217216173807,0.12792747570916688,0.0035366451117034613,1.9099217216173807,0.12792747570916688,0.0035366451117034613,0.0,0.0,0.0,0.0,0.0,0.0,0.20281152228514354,0.009715375295645501,-0.000250791601662647,0.2784741123517354,0.009969370906451598,-0.0005519291317635331
56.69676700505343,1.0,1500.0,0.0,110.0,2015.0,0.8193091540338476,1650.0,365.0,9.834594884319872,1.8138099406017225,9712.838724936568,105.80000000000001,0.022695096314728217,34.531851851851876,3.903703703703704,10.983881339355293,135.0,32.376000000000005,5.399999999999998,11.53880953216663,25.0,34.531851851851876,3.903703703703704,10.983881339355293,135.0,0.4135323778643891,-0.008693461844533604,-0.0035473085397419216,-0.0023642933095962266,-0.006267773199465971,-0.056874238291451454,-0.024103416376820803,7.873216218032321,110.0,123000.0,81.0,2083.0882284641266,59.04694689321375,1.9003150463104248,-8.844188690185547,-0.7055222988128662,-0.7055222988128662,0.0,0.0022345136385411024,0.0022345136385411024,0.0022345136385411024,8.944093704223633,1.844416856765747,1.844416856765747,0.0,0.0,,0.1960100531578064,,0.25606149435043335,1.281759070356687,2.5674472647818947,0.03998676362769622,-10.542356014251709,1.1548773328513724,-0.03277122552721043,0.3105724846323331,0.8750652288806131,0.02707665927616985,0.3105724846323331,0.8750652288806131,0.02707665927616985,0.0,0.0,0.0,0.001968776946887374,0.00010948391109614461,1.0739117021671375e-05,0.001968776946887374,0.00010948391109614461,1.0739117021671375e-05,0.001968776946887374,0.00010948391109614461,1.0739117021671375e-05,10.725877316792806,1.1936339163397536,0.03377386820859946,2.0100285092989605,0.14030525566463373,0.004367943812530467,2.0100285092989605,0.14030525566463373,0.004367943812530467,0.0,0.0,0.0,0.0,0.0,0.0,0.20611591885487238,0.009774819690962274,-0.00022654584769545485,0.28158505658308663,0.012371567134342037,-9.228449244388299e-05
56.28147081228403,1.0,1500.0,0.0,13.0,2024.0,0.09014437370862065,182.0,1842.0,10.14636320159221,2.120068566649879,12619.695790659192,269.40000000000003,0.05912822088582591,33.50147058823529,8.09558823529412,11.425504725333624,136.0,33.897560975609764,8.50081300813008,11.30682476916706,123.0,33.50147058823529,8.09558823529412,11.425504725333624,136.0,0.506472507071011,-0.01229874065202317,-0.0032111015770142186,-0.00396927799522017,-0.01919905771495889,-0.08156654888103651,-0.03527369018048014,10.441466393186582,13.0,124500.0,82.0,2102.8304674625397,59.20591408884838,10.926107406616211,-10.349220275878906,-0.30849191546440125,-0.30849191546440125,0.0,0.002260002074763179,0.002260002074763179,0.002260002074763179,10.418814659118652,1.9093629121780396,1.9093629121780396,0.0,0.0,,0.22214937210083008,,0.2869361340999603,2.4348439395427706,4.430974146422076,-0.04840852723636158,-10.6086212793986,1.8051877146398458,-0.0026831137855535744,-0.07850904911756515,0.908205935609704,-0.020302198464268444,-0.07850904911756515,0.908205935609704,-0.020302198464268444,0.0,0.0,0.0,0.002265262122576435,4.8214425181662315e-05,2.3667598029264817e-06,0.002265262122576435,4.8214425181662315e-05,2.3667598029264817e-06,0.002265262122576435,4.8214425181662315e-05,2.3667598029264817e-06,10.793457126617431,1.8485550534079638,-0.0005986132001189787,1.9470304290453593,0.14916445246810403,-0.0033425564760626598,1.9470304290453593,0.14916445246810403,-0.0033425564760626598,0.0,0.0,0.0,0.0,0.0,0.0,0.2063957656423251,0.010254021926545445,0.0005539454428584668,0.2783904860417048,0.01338061271708034,0.0006087291161130817
55.380526530224344,1.0,1500.0,0.0,115.0,1997.0,0.8601832964586514,1717.0,280.0,9.867591049428123,1.7127947258135,9612.44861474688,119.60000000000001,0.0259256047862655,34.426865671641785,4.807462686567164,11.136704242162144,134.0,33.03157894736842,7.452631578947367,11.369980032588055,19.0,34.426865671641785,4.807462686567164,11.136704242162144,134.0,0.41958042384411354,-0.009447275325076275,-0.004126792680463914,-0.002155217127026947,-0.003288549103378524,-0.07063353757940301,-0.026088747535168162,8.380394462578648,115.0,126000.0,83.0,2131.2359120845795,59.12062540122945,0.3819790482521057,-11.754677772521973,-0.303180992603302,-0.303180992603302,0.0,0.0020822647493332624,0.0020822647493332624,0.0020822647493332624,11.715636253356934,1.910895586013794,1.910895586013794,0.0,0.0,,0.200644850730896,,0.2800438404083252,0.9340945750474929,1.2625862824220173,0.015869790726694553,-11.14951785405477,1.4200714527945086,-0.006598278677900826,-0.389893547197183,0.7078467178273216,0.013351839310070049,-0.389893547197183,0.7078467178273216,0.013351839310070049,0.0,0.0,0.0,0.002072036658258488,9.543861322776292e-05,-7.2949299447910335e-06,0.002072036658258488,9.543861322776292e-05,-7.2949299447910335e-06,0.002072036658258488,9.543861322776292e-05,-7.2949299447910335e-06,11.305435307820638,1.425222350621892,-0.0020587730195553962,1.8969687819480896,0.11420194012447872,0.0021873007626899187,1.8969687819480896,0.11420194012447872,0.0021873007626899187,0.0,0.0,0.0,0.0,0.0,0.0,0.205945718785127,0.009786801813222426,0.00012314957758210386,0.2791526705026627,0.010554214359642173,7.89103637945612e-05
53.89752708375454,1.0,1500.0,0.0,64.0,2014.0,0.47459209594810764,955.0,1059.0,10.133473655062245,1.6582113911769123,10809.256154029365,179.4,0.039634146341463415,33.52888888888891,6.2,11.472631059168672,135.0,32.7887323943662,7.129577464788732,11.668107263576841,71.0,33.52888888888891,6.2,11.472631059168672,135.0,0.42333541851345363,-0.008863788336874132,-0.003027036822993583,-0.0018522508245522392,-0.004694023011913287,-0.08420731086447408,-0.02537630599908791,8.580563191635463,64.0,127500.0,84.0,2155.387882232666,59.154085930894574,0.3678262233734131,-11.31658935546875,-0.7072092294692993,-0.7072092294692993,0.0,0.0019320694264024496,0.0019320694264024496,0.0019320694264024496,11.51936149597168,1.8468317985534668,1.8468317985534668,0.0,0.0,,0.21429502964019775,,0.2971152663230896,2.0569599439700443,5.44275398392173,0.1287840299333163,-11.989987627665203,1.3134791861229718,-0.025759600001792213,-0.24801627571384113,0.8976791577238392,0.01244982247788864,-0.24801627571384113,0.8976791577238392,0.01244982247788864,0.0,0.0,0.0,0.001957106605793039,3.717779136290122e-05,4.640906257709939e-07,0.001957106605793039,3.717779136290122e-05,4.640906257709939e-07,0.001957106605793039,3.717779136290122e-05,4.640906257709939e-07,12.138804848988851,1.3468312476062028,0.031153652585785833,1.9200254956881204,0.1441805985351001,0.00202682951798822,1.9200254956881204,0.1441805985351001,0.00202682951798822,0.0,0.0,0.0,0.0,0.0,0.0,0.20243660459915797,0.008943487833873501,-0.0002414308314328778,0.28085990448792775,0.010056738571676778,-0.00037034504007842897
49.493396561721276,1.0,1500.0,0.0,29.0,2088.0,0.20781881917871287,433.0,1655.0,9.881978170607287,1.9106074308747127,12451.1677953637,238.8,0.04961150122574479,34.381428571428586,7.937142857142862,11.200385217617741,140.0,34.1945945945946,8.367567567567571,11.21750033213092,111.0,34.381428571428586,7.937142857142862,11.200385217617741,140.0,0.41463823317475235,-0.008976339206048343,-0.0032420601012933528,-0.0028624420089852767,-0.0121359223300972,-0.10061782877316858,-0.02492840117440139,8.568617582840789,29.0,129000.0,85.0,2176.937034845352,59.25757058433436,0.4088138937950134,-11.538546562194824,1.1250425577163696,1.1250425577163696,0.0,0.0019234360661357641,0.0019234360661357641,0.0019234360661357641,11.582372665405273,2.139897584915161,2.139897584915161,0.0,0.0,,0.19419798254966736,,0.2682967782020569,2.254304978251457,4.996379121497535,-0.022438039510480883,-11.22215674718221,1.3574052444068485,0.0013770961655396124,0.13020031973719598,0.8015304163206608,0.01732830407721582,0.13020031973719598,0.8015304163206608,0.01732830407721582,0.0,0.0,0.0,0.0019399366807192563,2.3908326674445086e-05,1.1821717202033135e-06,0.0019399366807192563,2.3908326674445086e-05,1.1821717202033135e-06,0.0019399366807192563,2.3908326674445086e-05,1.1821717202033135e-06,11.365494028727214,1.3590119630312896,-0.0009012084383853952,1.980846107006073,0.12831174804235795,0.0027736082225540298,1.980846107006073,0.12831174804235795,0.0027736082225540298,0.0,0.0,0.0,0.0,0.0,0.0,0.20307819048563638,0.01022053593475486,1.3482318704196159e-05,0.2771710286537806,0.012210855157760882,0.00010495525976441977
55.64015358686447,1.0,1500.0,0.0,100.0,1985.0,0.7551853788823129,1499.0,486.0,9.970905712948422,1.5326163002602362,9597.221774525364,98.60000000000001,0.02175927969281017,34.070676691729325,5.1729323308270665,11.246217379092432,133.0,34.0060606060606,7.1939393939393925,11.208168937388981,33.0,34.070676691729325,5.1729323308270665,11.246217379092432,133.0,0.4259170894764659,-0.008650459056830963,-0.0035821849231681357,-0.0019118528380550688,-0.0031389252948886247,-0.07382044560943643,-0.025778127145655028,8.481397552585848,100.0,130500.0,86.0,2203.8252351284027,59.2152217516452,0.5390034914016724,-12.231412887573242,1.1921119689941406,1.1921119689941406,0.0,0.001764898537658155,0.001764898537658155,0.001764898537658155,12.415900230407715,2.1480321884155273,2.1480321884155273,0.0,0.0,,0.19370505213737488,,0.2750036120414734,2.5090415090322495,4.194199483755609,0.03265494289201938,-11.591395696004232,1.5134336227886025,0.03128492463550013,-0.3041834051410357,0.7542874203539903,0.02489100553766639,-0.3041834051410357,0.7542874203539903,0.02489100553766639,0.0,0.0,0.0,0.0018179317199004193,6.705336029650126e-05,-6.750670211955311e-06,0.0018179317199004193,6.705336029650126e-05,-6.750670211955311e-06,0.0018179317199004193,6.705336029650126e-05,-6.750670211955311e-06,11.769277509053548,1.4924050620845195,-0.029166944034903417,1.9116282264391582,0.11934697954038562,0.003967435288349662,1.9116282264391582,0.11934697954038562,0.003967435288349662,0.0,0.0,0.0,0.0,0.0,0.0,0.20169348567724227,0.009437437153972888,2.9668185416528286e-05,0.2797260055939356,0.011437554174583303,2.5334009471798554e-05
55.63773792379358,1.0,1500.0,0.0,89.0,1950.0,0.6828687991353298,1331.0,619.0,10.103422762023493,2.114746086210532,10619.560278587707,143.6,0.032608202007357284,33.616793893129746,5.141984732824425,11.481214126626593,131.0,32.13333333333333,6.566666666666667,11.821863514454426,42.0,33.616793893129746,5.141984732824425,11.481214126626593,131.0,0.42413881414141524,-0.009530746625454821,-0.003969644117230486,-0.0017170898893760947,-0.0029185304685781545,-0.07277993693627631,-0.027195494721058335,8.746779918433868,89.0,132000.0,87.0,2229.759270429611,59.19921569585732,0.4288138151168823,-11.839374542236328,1.6045739650726318,1.6045739650726318,0.0,0.0018411020282655954,0.0018411020282655954,0.0018411020282655954,12.0282564163208,2.2147884368896484,2.2147884368896484,0.0,0.0,,0.21381914615631104,,0.2802642285823822,2.6398839642604193,4.002917509136757,-0.0358753301211539,-12.104601033528645,1.4302436386812813,0.019178628125896373,0.004579693575700124,1.2082637569117876,-0.05942767830990315,0.004579693575700124,1.2082637569117876,-0.05942767830990315,0.0,0.0,0.0,0.0019473037333227693,0.00010676794334938238,-3.535258459410077e-06,0.0019473037333227693,0.00010676794334938238,-3.535258459410077e-06,0.0019473037333227693,0.00010676794334938238,-3.535258459410077e-06,12.270164966583252,1.421164643143871,-0.020359146024812393,1.9604954242706298,0.19339105643380552,-0.00950763588885186,1.9604954242706298,0.19339105643380552,-0.00950763588885186,0.0,0.0,0.0,0.0,0.0,0.0,0.2020343527197838,0.00954262279894636,6.751554362367528e-05,0.2800539712111155,0.010185584166304598,9.207266721629192e-05
56.27647603493111,1.0,1500.0,0.0,102.0,2058.0,0.742944955692187,1528.0,530.0,9.813586884054857,1.9895801212079063,10566.081642964491,116.60000000000001,0.024398409709144173,34.63043478260868,4.868115942028985,11.141122592214128,138.0,35.150000000000006,7.372222222222222,10.920233288736618,36.0,34.63043478260868,4.868115942028985,11.141122592214128,138.0,0.4228708127702948,-0.008646253544423521,-0.004088618789242441,-0.0019118037599116598,-0.0075338096453175275,-0.06430211788721613,-0.025765138191664327,8.537974063615373,102.0,133500.0,88.0,2257.2437992095947,59.14292467953479,4.6377763748168945,-12.663898468017578,0.008316516876220703,0.008316516876220703,0.0,0.0020412325393408537,0.0020412325393408537,0.0020412325393408537,12.809747695922852,1.961342692375183,1.961342692375183,0.0,0.0,,0.19572947919368744,,0.2526373863220215,1.856772326429685,2.8146023245702962,-0.06152941743709638,-11.611336390177408,1.1014857596336214,-0.002192266631842399,0.1981491098801295,1.2333090041564794,-0.07496394586642675,0.1981491098801295,1.2333090041564794,-0.07496394586642675,0.0,0.0,0.0,0.002074838452972472,8.17589071641214e-05,5.648444583836309e-06,0.002074838452972472,8.17589071641214e-05,5.648444583836309e-06,0.002074838452972472,8.17589071641214e-05,5.648444583836309e-06,11.773123327891032,1.101066769332708,0.007525227199804348,1.9916043837865194,0.19960159566141267,-0.012085890266070556,1.9916043837865194,0.19960159566141267,-0.012085890266070556,0.0,0.0,0.0,0.0,0.0,0.0,0.1967335303624471,0.009347066790862828,-8.581662602367134e-05,0.27615368862946826,0.008855978476437812,-0.0003895117059035172
55.167844489719094,1.0,1500.0,0.0,89.0,1997.0,0.6637073967807915,1325.0,672.0,9.981289147772555,1.8752712888835787,10419.275499386526,119.0,0.026093057930973995,34.03432835820895,4.940298507462686,11.361646707860862,134.0,33.404444444444444,5.8488888888888875,11.489421725326663,45.0,34.03432835820895,4.940298507462686,11.361646707860862,134.0,0.4231676898542562,-0.009195087233360611,-0.0034632878066060027,-0.0019595307293488935,-0.006564215148188743,-0.07281375777533845,-0.02668800357946579,8.724684436766214,89.0,135000.0,89.0,2283.406908273697,59.12218252070666,0.5949759483337402,-11.907012939453125,-0.043235570192337036,-0.043235570192337036,0.0,0.0020681903697550297,0.0020681903697550297,0.0020681903697550297,12.022001266479492,1.9530054330825806,1.9530054330825806,0.0,0.0,,0.17793124914169312,,0.2599320709705353,1.3024337669213613,2.876934827238295,-0.054963534281436806,-12.237996546427409,1.5529715447798287,0.02433967038707331,0.06766252666711807,0.9340998121401476,0.01932683049704263,0.06766252666711807,0.9340998121401476,0.01932683049704263,0.0,0.0,0.0,0.0020028418318058052,4.094511916386295e-05,-2.290331266480697e-06,0.0020028418318058052,4.094511916386295e-05,-2.290331266480697e-06,0.0020028418318058052,4.094511916386295e-05,-2.290331266480697e-06,12.347666041056316,1.5592154408547385,-0.023788795428758874,1.9707979242006937,0.15024095591336756,0.003103145449790036,1.9707979242006937,0.15024095591336756,0.003103145449790036,0.0,0.0,0.0,0.0,0.0,0.0,0.19385582506656646,0.00818981186105701,-8.130523731499603e-05,0.27398058970769246,0.011562364371636531,0.00038491299208066805
54.255724783671106,1.0,1500.0,0.0,118.0,2021.0,0.8692258759448626,1756.0,265.0,10.013485189354885,1.6287873979190763,10058.904471998547,103.2,0.02236574054007195,33.92794117647057,4.838235294117647,11.328853078948537,136.0,31.82222222222222,6.366666666666668,12.018884599242394,18.0,33.92794117647057,4.838235294117647,11.328853078948537,136.0,0.4238241483453141,-0.009558150212793999,-0.0030976361951724303,-0.0015676217877548693,-0.008599535757709486,-0.0750801370620095,-0.02759819783405224,8.51119864265644,118.0,136500.0,90.0,2311.7522571086884,59.04611948804615,0.4189818799495697,-12.63731575012207,-0.12414567917585373,-0.12414567917585373,0.0,0.002087128348648548,0.002087128348648548,0.002087128348648548,12.84774112701416,1.9398853778839111,1.9398853778839111,0.0,0.0,,0.20626705884933472,,0.2842443585395813,1.0861130108435948,1.7551185878175626,-0.01472693808351929,-12.297180048624675,1.3406820149217495,0.04887506232510973,-0.08980482295155526,0.9693268365659591,0.02515987722872362,-0.08980482295155526,0.9693268365659591,0.02515987722872362,0.0,0.0,0.0,0.002061059349216521,3.12697321874333e-05,1.1287616654915326e-06,0.002061059349216521,3.12697321874333e-05,1.1287616654915326e-06,0.002061059349216521,3.12697321874333e-05,1.1287616654915326e-06,12.460343106587727,1.3777737700222135,-0.05039079557934414,1.945488174756368,0.15667830028913765,0.004063799543030669,1.945488174756368,0.15667830028913765,0.004063799543030669,0.0,0.0,0.0,0.0,0.0,0.0,0.19303613156080246,0.010311115464339724,0.00011391701700954956,0.27504512667655945,0.01351392566121915,-0.00015462125103519878
50.554429583251476,1.0,1500.0,0.0,16.0,1935.0,0.11826667377352695,228.0,1707.0,10.257171064344364,1.691848773214174,11464.2599950989,274.40000000000003,0.0636895367189676,33.14153846153847,7.830769230769232,11.581280843063888,130.0,33.05964912280702,8.073684210526318,11.592825393411907,114.0,33.14153846153847,7.830769230769232,11.581280843063888,130.0,0.4370012076126124,-0.010008268397715596,-0.0027425436504086133,-0.002914530459461594,-0.014154103852596403,-0.10217755443886097,-0.02725006947549745,9.099624952368465,16.0,138000.0,91.0,2331.734389066696,59.183413276859596,0.35507988929748535,-14.26649284362793,-0.7868945598602295,-0.7868945598602295,0.0,0.0019697139505296946,0.0019697139505296946,0.0019697139505296946,14.479835510253906,1.8336827754974365,1.8336827754974365,0.0,0.0,,0.19124969840049744,,0.2941945195198059,1.2575107380747794,2.6721344456238123,0.01281058171368279,-12.466038036346436,1.2359594201380473,0.020934202514580707,0.1056919331351916,0.766577403029006,0.03564997771226527,0.1056919331351916,0.766577403029006,0.03564997771226527,0.0,0.0,0.0,0.0019978580996394156,3.36550833640592e-05,-3.048337507035772e-06,0.0019978580996394156,3.36550833640592e-05,-3.048337507035772e-06,0.0019978580996394156,3.36550833640592e-05,-3.048337507035772e-06,12.595885308583577,1.2227704229090695,-0.016559301891900167,1.9769009749094646,0.1232943846692204,0.00574052564559437,1.9769009749094646,0.1232943846692204,0.00574052564559437,0.0,0.0,0.0,0.0,0.0,0.0,0.19418242971102398,0.010860752632528434,-0.00018223998809153045,0.27719367295503616,0.014341895023518765,0.00010536438697436236
56.41099201758703,1.0,1500.0,0.0,75.0,2087.0,0.5388603300700869,1124.0,963.0,10.10994930483278,2.2361152831648323,11662.395979338957,156.20000000000002,0.033191670208244796,33.61428571428571,5.299999999999998,11.399725733628832,140.0,33.16615384615384,6.935384615384615,11.54395971285026,65.0,33.61428571428571,5.299999999999998,11.399725733628832,140.0,0.4288545240597422,-0.008483270175086495,-0.002665074942759575,-0.002277881063306562,-0.011203866432337173,-0.06397188049209139,-0.025233029421246552,8.61202998635914,75.0,139500.0,92.0,2356.7443845272064,59.19182449987486,0.8309701085090637,-14.652996063232422,-0.28441381454467773,-0.28441381454467773,0.0,0.001978607615455985,0.001978607615455985,0.001978607615455985,14.520170211791992,1.9143129587173462,1.9143129587173462,0.0,0.0,,0.18999411165714264,,0.2703501582145691,1.45510140756766,2.056106361253332,0.08405581792947048,-12.637535444895427,1.363238465399781,-0.012372794273299851,0.00959791640440623,0.6838985340559819,-0.01948512454451922,0.00959791640440623,0.6838985340559819,-0.01948512454451922,0.0,0.0,0.0,0.0020031158424293,2.984740406087262e-05,4.206434435089495e-07,0.0020031158424293,2.984740406087262e-05,4.206434435089495e-07,0.0020031158424293,2.984740406087262e-05,4.206434435089495e-07,12.783579381306966,1.3323018421423822,0.011328474645222096,1.9615695913632711,0.11007757667580802,-0.003135283160395339,1.9615695913632711,0.11007757667580802,-0.003135283160395339,0.0,0.0,0.0,0.0,0.0,0.0,0.19497251560290654,0.010528786627697032,3.95694186080134e-05,0.2764702677726746,0.01385772436708641,8.053717279062283e-05
59.75568676513174,1.0,1500.0,0.0,92.0,1813.0,0.7598237403147237,1377.0,436.0,10.232428226083044,1.8006390691911687,9102.06539540109,88.0,0.02171874228737845,33.21147540983606,4.080327868852459,11.668083008068667,122.0,31.800000000000008,6.100000000000002,12.048580619650236,30.0,33.21147540983606,4.080327868852459,11.668083008068667,122.0,0.4323855103755769,-0.007796289174587406,-0.0021159532160379586,-0.0015015230455373274,-0.0026266416510319127,-0.05679030163082696,-0.025002522012966523,9.060670330220445,92.0,141000.0,93.0,2382.458473920822,59.182563534026976,0.46798020601272583,-15.247648239135742,0.43507397174835205,0.43507397174835205,0.0,0.002011040225625038,0.002011040225625038,0.002011040225625038,15.336080551147461,2.0300698280334473,2.0300698280334473,0.0,0.0,,0.19228670001029968,,0.27579206228256226,1.4817459002137183,2.023883397652481,-0.0035078315534634685,-12.347931162516277,1.5316431217775623,-0.04665283271017269,0.2215503382186095,0.8358616262388076,0.028609054274566982,0.2215503382186095,0.8358616262388076,0.028609054274566982,0.0,0.0,0.0,0.0019531390746124087,7.49721729805626e-05,6.2796484328830525e-06,0.0019531390746124087,7.49721729805626e-05,6.2796484328830525e-06,0.0019531390746124087,7.49721729805626e-05,6.2796484328830525e-06,12.484486325581868,1.5696812311879125,0.0476165020426066,1.995767362912496,0.13381343155325962,0.004587182637979444,1.995767362912496,0.13381343155325962,0.004587182637979444,0.0,0.0,0.0,0.0,0.0,0.0,0.1928666020433108,0.011687253375219144,-0.00036237329675570837,0.27552604377269746,0.013354458453244645,-0.0003642525171676745
59.47673211899479,1.0,1500.0,0.0,113.0,1935.0,0.87197671990187,1687.0,248.0,10.27967547062599,1.84306210762049,9390.498710632903,64.2,0.014948309583682593,33.036923076923074,3.3938461538461553,11.590885522315883,130.0,30.635294117647064,4.564705882352942,12.548994833219233,17.0,33.036923076923074,3.3938461538461553,11.590885522315883,130.0,0.4366841414045006,-0.007884590018429264,-0.002625122713629401,-0.0015446659566445695,-0.005988023952095722,-0.05389221556886228,-0.02489314435609212,8.74790408052619,113.0,142500.0,94.0,2410.0444197654724,59.12754089979264,1.1673814058303833,-14.081790924072266,-0.8482800722122192,-0.8482800722122192,0.0,0.002049514790996909,0.002049514790996909,0.002049514790996909,14.179985046386719,1.8229652643203735,1.8229652643203735,0.0,0.0,,0.19207434356212616,,0.27333906292915344,1.5696458945671716,3.3534802320635806,-0.1705138183210266,-12.363647588094075,1.5433199909424355,-0.05351542386913193,-0.08680183639129004,0.8854664446846697,0.02112681041238572,-0.08680183639129004,0.8854664446846697,0.02112681041238572,0.0,0.0,0.0,0.001994860831958552,2.7328492573139977e-05,1.0406659570030601e-07,0.001994860831958552,2.7328492573139977e-05,1.0406659570030601e-07,0.001994860831958552,2.7328492573139977e-05,1.0406659570030601e-07,12.521451282501221,1.5486846422759284,0.05357084369765491,1.9459890882174173,0.1423852993868644,0.003392476605891587,1.9459890882174173,0.1423852993868644,0.003392476605891587,0.0,0.0,0.0,0.0,0.0,0.0,0.18997143159310023,0.010428598721798342,-0.00042706418687165406,0.2748887817064921,0.012523004309411103,-0.00013409117039902323
55.738097100841756,1.0,1500.0,0.0,98.0,2048.0,0.7105006429208945,1455.0,593.0,9.828866593605136,1.6596320287960082,10336.27738386637,141.0,0.02957214765100671,34.55072463768115,5.272463768115942,11.14895160811814,138.0,33.475,7.495000000000002,11.320414763714494,40.0,34.55072463768115,5.272463768115942,11.14895160811814,138.0,0.41381479045248853,-0.007902978669821295,-0.002535286955731974,-0.0017409285482397167,-0.005968593210399366,-0.06968788688342999,-0.023453837457962187,8.36202110917081,98.0,144000.0,95.0,2437.346410036087,59.08064582328613,0.25774455070495605,-13.778281211853027,-1.1042828559875488,-1.1042828559875488,0.0,0.0021777257788926363,0.0021777257788926363,0.0021777257788926363,14.00740909576416,1.7798300981521606,1.7798300981521606,0.0,0.0,,0.1973198801279068,,0.28766703605651855,1.6488036473592123,3.856405945511829,0.096212473395669,-13.180628712972005,1.1658513154438739,-0.014188354458241365,-0.16642043354610603,0.6812913094741351,-0.04756529219075625,-0.16642043354610603,0.6812913094741351,-0.04756529219075625,0.0,0.0,0.0,0.0022364978988965354,6.379109788524386e-05,5.013997396153731e-06,0.0022364978988965354,6.379109788524386e-05,5.013997396153731e-06,0.0022364978988965354,6.379109788524386e-05,5.013997396153731e-06,13.358871269226075,1.147512659262078,0.012987707560266378,1.9324602206548056,0.11146693788925702,-0.007771715571538274,1.9324602206548056,0.11146693788925702,-0.007771715571538274,0.0,0.0,0.0,0.0,0.0,0.0,0.18970006008942922,0.00789301430287406,-2.9410794791714313e-05,0.2753135561943054,0.011672168660873413,-0.0004501446733485352
55.12206701548011,1.0,1500.0,0.0,54.0,1841.0,0.43908011989777745,808.0,1033.0,10.227408628346714,1.8644301555793836,10193.877993555065,174.60000000000002,0.04273546113177991,33.21626016260162,6.295934959349594,11.614925655611211,123.0,33.22608695652173,7.614492753623188,11.549929925985722,69.0,33.21626016260162,6.295934959349594,11.614925655611211,123.0,0.4411576797582578,-0.008629116013881812,-0.003026719250964115,-0.0017673628898403505,-0.013500313087037965,-0.07795867251095805,-0.026337487202202515,9.291418959105393,54.0,145500.0,96.0,2460.127105951309,59.143285583911506,4.644383430480957,-11.734628677368164,0.3557274341583252,0.3557274341583252,0.0,0.002190831582993269,0.002190831582993269,0.002190831582993269,11.777170181274414,2.0180912017822266,2.0180912017822266,0.0,0.0,,0.19382750988006592,,0.2828085124492645,0.7097077171007792,0.8648424685829004,0.024134632159393272,-12.770735168457032,1.3364349663566832,-0.005772654074052309,-0.11428632040818533,0.9487541610289505,0.033782579497049874,-0.11428632040818533,0.9487541610289505,0.033782579497049874,0.0,0.0,0.0,0.002139333581241469,4.188357702278492e-05,1.3438616470081953e-06,0.002139333581241469,4.188357702278492e-05,1.3438616470081953e-06,0.002139333581241469,4.188357702278492e-05,1.3438616470081953e-06,12.913898245493572,1.2993980700192016,0.005578893973378692,1.941377059618632,0.15413155042324422,0.005492291328506522,1.941377059618632,0.15413155042324422,0.005492291328506522,0.0,0.0,0.0,0.0,0.0,0.0,0.1933049182097117,0.009030016581718434,0.0003229759492651335,0.27899228831132256,0.008420296419919026,0.0005773257294273965
59.96117571340157,1.0,1500.0,0.0,104.0,1900.0,0.8161978255403264,1550.0,350.0,10.076968567475962,1.4475781238792997,8892.76693404278,100.4,0.023269828025772956,33.7078125,3.871875000000001,11.406460760240654,128.0,32.583333333333336,7.158333333333336,11.666053131030152,24.0,33.7078125,3.871875000000001,11.406460760240654,128.0,0.4284576981107424,-0.007006560748307318,-0.002294120104389248,-0.0016602722526607356,-0.006036230048137754,-0.05127311882442361,-0.022508629031156857,8.698940563151645,104.0,147000.0,97.0,2487.014021873474,59.10702501358015,0.3271891474723816,-13.490947723388672,0.08305193483829498,0.08305193483829498,0.0,0.002127518178895116,0.002127518178895116,0.002127518178895116,13.640009880065918,1.9734985828399658,1.9734985828399658,0.0,0.0,,0.17717014253139496,,0.2709793448448181,1.140078635017077,2.0430292696868437,0.016494993618518514,-13.114546489715575,1.3822971769083123,-0.06456562398670747,0.08210223317146301,0.8602002410599068,-0.048020526564558845,0.08210223317146301,0.8602002410599068,-0.048020526564558845,0.0,0.0,0.0,0.0022486198771124086,8.191859403747433e-05,-7.079017645906348e-06,0.0022486198771124086,8.191859403747433e-05,-7.079017645906348e-06,0.0022486198771124086,8.191859403747433e-05,-7.079017645906348e-06,13.246651045481364,1.368470104323746,0.06623504922970752,1.9734920938809712,0.14122297299897793,-0.007875211803746113,1.9734920938809712,0.14122297299897793,-0.007875211803746113,0.0,0.0,0.0,0.0,0.0,0.0,0.18825825850168865,0.011253957450253975,-0.000484001603354605,0.276888840397199,0.013533310810122384,-0.0004106382705743694
54.89230691469633,1.0,1500.0,0.0,78.0,2088.0,0.5585824686060394,1166.0,922.0,9.890756260578256,1.9272550252339486,11307.143195472536,153.60000000000002,0.03195473079803612,34.33428571428573,5.372857142857143,11.178250641770703,140.0,33.11935483870969,6.609677419354839,11.615666603793064,62.0,34.33428571428573,5.372857142857143,11.178250641770703,140.0,0.4091145553624128,-0.007390611484389263,-0.0021748787414572965,-0.002323035540653963,-0.007830739299610796,-0.06939040207522698,-0.022444722660497612,7.832022973217652,78.0,148500.0,98.0,2512.8027601242065,59.09735628938091,0.530824601650238,-11.853307723999023,0.8099451661109924,0.8099451661109924,0.0,0.0021135059650987387,0.0021135059650987387,0.0021135059650987387,11.86042594909668,2.091498851776123,2.091498851776123,0.0,0.0,,0.17927983403205872,,0.26653924584388733,1.0288682669401168,1.5446543204501308,0.02458472971921501,-13.480242315928141,1.2430933271399087,0.017625717697738005,-0.104579396545887,0.8664901893416219,-0.026785362244182754,-0.104579396545887,0.8664901893416219,-0.026785362244182754,0.0,0.0,0.0,0.002178096282295883,5.07034775283391e-05,2.8645084679822187e-06,0.002178096282295883,5.07034775283391e-05,2.8645084679822187e-06,0.002178096282295883,5.07034775283391e-05,2.8645084679822187e-06,13.647158654530843,1.274785609614023,-0.013265072331412888,1.942846135298411,0.14134595305240788,-0.00437604707393289,1.942846135298411,0.14134595305240788,-0.00437604707393289,0.0,0.0,0.0,0.0,0.0,0.0,0.18704422165950138,0.00965892482670907,-0.0005236563845656817,0.2731110254923503,0.011458164258039052,-0.0005523359417517602
58.896138206124306,1.0,1500.0,0.0,80.0,2030.0,0.5868986242710985,1191.0,839.0,10.081550114239647,2.2442257703818185,11075.122457484073,131.0,0.02858015533641679,33.702941176470574,4.722058823529412,11.356244460507934,136.0,33.46428571428572,6.403571428571428,11.381719783463266,56.0,33.702941176470574,4.722058823529412,11.356244460507934,136.0,0.43101189180342175,-0.006932213806515926,-0.0022261353636777144,-0.0017123205428195836,-0.005739605764452571,-0.058721219148583734,-0.022885160871555225,8.66901708906927,80.0,150000.0,99.0,2538.155858516693,59.09802563805538,1.263741374015808,-14.5267333984375,0.36977148056030273,0.36977148056030273,0.0,0.002302538836374879,0.002302538836374879,0.002302538836374879,14.593291282653809,2.020878791809082,2.020878791809082,0.0,0.0,,0.17338325083255768,,0.2503020763397217,1.7385270103812218,4.086710197604783,0.08769336433312519,-13.67409127553304,1.1600979102339755,-0.049005437984614875,0.15048930570483207,0.7664793241262495,0.007827105244685864,0.15048930570483207,0.7664793241262495,0.007827105244685864,0.0,0.0,0.0,0.0021867490528772273,6.069549898432065e-05,2.848465115793231e-06,0.0021867490528772273,6.069549898432065e-05,2.848465115793231e-06,0.0021867490528772273,6.069549898432065e-05,2.848465115793231e-06,13.848759047190349,1.1741588658185538,0.04936527362522184,1.9844707290331522,0.12503501869274974,0.0012970497133468612,1.9844707290331522,0.12503501869274974,0.0012970497133468612,0.0,0.0,0.0,0.0,0.0,0.0,0.18272843460241953,0.008512173012495006,-0.0003240851194362667,0.27244643966356913,0.0115683627541642,-0.00023665409597327361
58.017875081549086,1.0,1500.0,0.0,48.0,1893.0,0.3734789300074158,706.0,1187.0,10.01579665681184,1.7618744724626973,10802.300793897815,194.4,0.04478437154441577,33.912499999999994,6.540624999999999,11.394168070863493,128.0,34.339999999999996,8.125,11.196062405974823,80.0,33.912499999999994,6.540624999999999,11.394168070863493,128.0,0.44210063896993,-0.008178785656530277,-0.002927754258688115,-0.0026750186221263864,-0.007693393562958851,-0.0660643704121965,-0.025094712151523528,9.394094768643912,48.0,151500.0,100.0,2560.5893063545227,59.166067601714914,1.7671360969543457,-13.140982627868652,-0.07082316279411316,-0.07082316279411316,0.0,0.0021683142986148596,0.0021683142986148596,0.0021683142986148596,13.384181022644043,1.948453426361084,1.948453426361084,0.0,0.0,,0.17976811528205872,,0.26517653465270996,0.8812662829955419,0.8010209759137421,-0.006636143135149338,-13.980780951182048,1.3547377693771403,-0.028971623260531633,0.07920301432410876,0.8049532590106379,-0.0017551698743700351,0.07920301432410876,0.8049532590106379,-0.0017551698743700351,0.0,0.0,0.0,0.002222699687505762,6.314581537581235e-05,-5.464508789731369e-06,0.002222699687505762,6.314581537581235e-05,-5.464508789731369e-06,0.002222699687505762,6.314581537581235e-05,-5.464508789731369e-06,14.123560428619385,1.3382610483268431,0.027328862284659045,1.9729037841161092,0.13161956121704294,-0.0002952506200092784,1.9729037841161092,0.13161956121704294,-0.0002952506200092784,0.0,0.0,0.0,0.0,0.0,0.0,0.18315435151259105,0.00873513003984126,0.00011665342381851142,0.2731219530105591,0.011560635024643249,4.9601672621264026e-05
58.32846504211426,1.0,1500.0,0.0,75.0,1933.0,0.5773491633562046,1116.0,817.0,9.964900984934069,1.7144030841366042,10328.93387969713,105.60000000000001,0.023825639637200486,34.09384615384617,4.813846153846152,11.291082154333829,130.0,33.80363636363637,6.592727272727273,11.322283744736948,55.0,34.09384615384617,4.813846153846152,11.291082154333829,130.0,0.4237842840765239,-0.007130837186913946,-0.0025587970830823386,-0.001886172799702175,-0.007470864498173543,-0.0572273438858932,-0.02318891203903994,8.607838997520666,75.0,153000.0,101.0,2585.419354915619,59.17802066001533,0.30493974685668945,-12.25290298461914,-1.613870620727539,-1.613870620727539,0.0,0.0020145513117313385,0.0020145513117313385,0.0020145513117313385,12.378129959106445,1.699990153312683,1.699990153312683,0.0,0.0,,0.18494698405265808,,0.2759958505630493,0.6272439584136009,0.4186196610985816,-0.016245189799747983,-13.867113494873047,1.4697099671336975,-0.010166297632541742,-0.23751834655801454,0.6308574639274068,0.0006696972701785709,-0.23751834655801454,0.6308574639274068,0.0006696972701785709,0.0,0.0,0.0,0.0020555600291118025,5.1475362972846235e-05,-3.1732239794645203e-06,0.0020555600291118025,5.1475362972846235e-05,-3.1732239794645203e-06,0.0020555600291118025,5.1475362972846235e-05,-3.1732239794645203e-06,13.989556121826173,1.4466690577081,0.008467722416454136,1.9215881903966268,0.10184573294876519,0.00012353705086882847,1.9215881903966268,0.10184573294876519,0.00012353705086882847,0.0,0.0,0.0,0.0,0.0,0.0,0.1868982012073199,0.012881693906320001,-7.997932569336484e-05,0.2751648485660553,0.013945141844161657,-4.767455301508171e-05
55.8218907659704,1.0,1500.0,0.0,33.0,1966.0,0.25188640036344284,495.0,1471.0,10.212801667666008,1.9562603238518967,11890.431943197345,228.8,0.05210183540556542,33.26818181818181,6.837878787878787,11.60674593986499,132.0,33.175757575757565,7.624242424242424,11.589055098655606,99.0,33.26818181818181,6.837878787878787,11.60674593986499,132.0,0.43643646921175433,-0.008344325810518265,-0.0025548563990142863,-0.001958313793709525,-0.011878172588832602,-0.0750253807106599,-0.025101840635768802,9.321893800406297,33.0,154500.0,102.0,2606.7609355449677,59.26895631021889,1.0157272815704346,-14.856231689453125,-0.3828662037849426,-0.3828662037849426,0.0,0.0020607667975127697,0.0020607667975127697,0.0020607667975127697,15.095573425292969,1.8980903625488281,1.8980903625488281,0.0,0.0,,0.1838262677192688,,0.263194739818573,1.119922977189223,2.1132314903494125,-0.05589318572811878,-13.44160000483195,1.3357242118978518,-0.036836815729024315,0.08853888461987178,0.7822115339931024,0.004525135492323781,0.08853888461987178,0.7822115339931024,0.004525135492323781,0.0,0.0,0.0,0.0020632691060503325,6.144950275306619e-05,5.727101975142343e-06,0.0020632691060503325,6.144950275306619e-05,5.727101975142343e-06,0.0020632691060503325,6.144950275306619e-05,5.727101975142343e-06,13.548422145843507,1.3228265400950079,0.03876202003046156,1.9743972500165303,0.1266978506777377,0.0007274979081116541,1.9743972500165303,0.1266978506777377,0.0007274979081116541,0.0,0.0,0.0,0.0,0.0,0.0,0.18586284120877583,0.010674881399590039,-0.00014070135865514252,0.2748754819234212,0.013253040390626835,0.00012471681176886256
59.305037691042976,1.0,1500.0,0.0,91.0,2011.0,0.6729333337646124,1353.0,658.0,9.971827851059553,1.9412621811733475,10565.288945477456,97.0,0.021096128751631145,34.059259259259264,4.324444444444443,11.338332995288527,135.0,33.790909090909096,6.536363636363635,11.377141102210828,44.0,34.059259259259264,4.324444444444443,11.338332995288527,135.0,0.42404808755671486,-0.006805361919627372,-0.0026559065801636237,-0.0019436617124012432,-0.00600645855758877,-0.053139576605669175,-0.02283271554757543,8.669779063577215,91.0,156000.0,103.0,2632.9708156585693,59.24866279270955,0.5978314876556396,-13.124855995178223,0.4278525710105896,0.4278525710105896,0.0,0.0023435992188751698,0.0023435992188751698,0.0023435992188751698,13.14173698425293,2.030644655227661,2.030644655227661,0.0,0.0,,0.19305090606212616,,0.2720341682434082,0.7385223656892776,1.1296981163355175,-0.024929965808739064,-13.910605907440186,1.11960535006421,0.0040628602958232155,0.12234508842229844,0.6392734932199935,0.020500315989350065,0.12234508842229844,0.6392734932199935,0.020500315989350065,0.0,0.0,0.0,0.0021246377611532806,9.731948428351031e-05,1.0656539787920565e-05,0.0021246377611532806,9.731948428351031e-05,1.0656539787920565e-05,0.0021246377611532806,9.731948428351031e-05,1.0656539787920565e-05,14.044049263000488,1.1159542544998033,-0.007729701974633475,1.9800222992897034,0.1040177358947275,0.0033503345971112306,1.9800222992897034,0.1040177358947275,0.0033503345971112306,0.0,0.0,0.0,0.0,0.0,0.0,0.18458008170127868,0.010239580951180572,-0.00010600949951486339,0.2732694317897161,0.01015095750178297,-2.21568498516018e-05
60.52414399736068,1.0,1500.0,0.0,119.0,1883.0,0.9423137979331323,1774.0,109.0,9.872585666256239,1.457770368836871,8694.977048516519,54.800000000000004,0.012537750526219457,34.41574803149606,3.209448818897639,11.20961249901831,127.0,32.15,6.225000000000002,11.821632978565905,8.0,34.41574803149606,3.209448818897639,11.20961249901831,127.0,0.41776294502855,-0.005825284891025918,-0.0021874871877479553,-0.0012264765409300354,-0.0037025008119519537,-0.048419400238172566,-0.020795872832099174,8.423439310937958,119.0,157500.0,104.0,2661.418639421463,59.17896480736951,0.5645766258239746,-15.818320274353027,0.3184576630592346,0.3184576630592346,0.0,0.0022743132431060076,0.0022743132431060076,0.0022743132431060076,16.034870147705078,2.012322425842285,2.012322425842285,0.0,0.0,,0.17722439765930176,,0.2725631594657898,0.6238282725214959,0.5596994711978129,0.008577274397695152,-14.2700545946757,1.4134021499983391,0.03924641572063324,-0.1319614018003146,0.6845490694262472,-0.0007424984512657986,-0.1319614018003146,0.6845490694262472,-0.0007424984512657986,0.0,0.0,0.0,0.0022783089894801377,3.4727271279116136e-05,-3.0834336575531413e-06,0.0022783089894801377,3.4727271279116136e-05,-3.0834336575531413e-06,0.0022783089894801377,3.4727271279116136e-05,-3.0834336575531413e-06,14.420395056406656,1.4246050911626884,-0.03913546488998499,1.938280741373698,0.11251245050215625,-0.0001213307640576604,1.938280741373698,0.11251245050215625,-0.0001213307640576604,0.0,0.0,0.0,0.0,0.0,0.0,0.18251462479432423,0.008186363083234881,-3.5824466732908725e-05,0.2673483396569888,0.010617097772608242,-0.00018675197682471693
47.88084780673186,1.0,1500.0,0.0,12.0,1965.0,0.08636013760429145,169.0,1796.0,9.752826423448846,2.549077353956226,13248.417092713109,278.8,0.060598156842288295,34.85454545454545,8.784848484848487,10.956165713191933,132.0,34.80499999999999,8.956666666666667,10.935147651271773,120.0,34.85454545454545,8.784848484848487,10.956165713191933,132.0,0.4116881734355787,-0.008444693721228825,-0.0018361105405382949,-0.003657179007699945,-0.013566507684154792,-0.11234764175940647,-0.02315601226088978,8.775912021953708,12.0,159000.0,105.0,2681.3373231887817,59.29876805314043,0.4752199649810791,-14.049201011657715,0.11970336735248566,0.11970336735248566,0.0,0.0020898780785501003,0.0020898780785501003,0.0020898780785501003,14.233604431152344,1.97939932346344,1.97939932346344,0.0,0.0,,0.18399058282375336,,0.25379982590675354,1.2398053427537283,2.0239946942715115,-0.007120251337333603,-13.812070910135905,1.3284160825559994,0.0193876476521223,-0.01686214531461398,0.6848264896245997,-0.0041129764960923364,-0.01686214531461398,0.6848264896245997,-0.0041129764960923364,0.0,0.0,0.0,0.0022068383715425927,5.525065388503272e-05,-5.170769390709229e-06,0.0022068383715425927,5.525065388503272e-05,-5.170769390709229e-06,0.0022068383715425927,5.525065388503272e-05,-5.170769390709229e-06,13.934308497111003,1.325521168207775,-0.014442595332297543,1.9572489897410075,0.1120390832880008,-0.0006739204266710975,1.9572489897410075,0.1120390832880008,-0.0006739204266710975,0.0,0.0,0.0,0.0,0.0,0.0,0.18202055593331654,0.00817807582459401,0.00030909934484123094,0.26670181651910146,0.009864211746826697,9.625207993291407e-05
58.03842446056463,1.0,1500.0,0.0,59.0,1831.0,0.4799197123896776,878.0,953.0,9.947262922712946,1.9474289809702614,10410.074831914244,135.6,0.0322749559670586,34.15772357723578,5.4699186991869935,11.345835950335811,123.0,33.73437500000001,7.068749999999999,11.47552956953552,64.0,34.15772357723578,5.4699186991869935,11.345835950335811,123.0,0.418988434498286,-0.006421044790273874,-0.0018296256619916526,-0.001827588358525861,-0.006974707106098832,-0.06011168290813533,-0.021402598896719548,8.438310639935144,59.0,160500.0,106.0,2704.733278989792,59.3404167600386,0.42420464754104614,-12.431144714355469,-0.7800477743148804,-0.7800477743148804,0.0,0.002229697536677122,0.002229697536677122,0.002229697536677122,12.55203914642334,1.8322391510009766,1.8322391510009766,0.0,0.0,,0.206015944480896,,0.288922518491745,0.8757901405294736,1.2618981149218222,0.016305712588106553,-13.957139333089193,0.9322959743274621,0.01729504730598039,0.10257181301712989,0.6509560141130681,-0.03835196869159834,0.10257181301712989,0.6509560141130681,-0.03835196869159834,0.0,0.0,0.0,0.0022089695557951927,6.090584331600569e-05,6.243176509660354e-06,0.0022089695557951927,6.090584331600569e-05,6.243176509660354e-06,0.0022089695557951927,6.090584331600569e-05,6.243176509660354e-06,14.07996416091919,0.9281093241687447,-0.018104894593507385,1.9765204429626464,0.10633188414998851,-0.006252828137628028,1.9765204429626464,0.10633188414998851,-0.006252828137628028,0.0,0.0,0.0,0.0,0.0,0.0,0.18585137029488882,0.011112551914579409,0.00039292463869088334,0.27246762414773307,0.01138389933962813,0.0003598797772166668
60.391605367660524,1.0,1500.0,0.0,75.0,1801.0,0.6190476397426095,1114.0,687.0,10.418023749738689,1.8711106379040077,9492.854338218101,106.0,0.02686536901865369,32.60826446280991,4.505785123966941,11.843408403539506,121.0,32.517391304347825,6.443478260869565,11.786809996763452,46.0,32.60826446280991,4.505785123966941,11.843408403539506,121.0,0.4502359332173018,-0.0076459808750803295,-0.0018983353716902872,-0.0015429860035479275,-0.007220946256316013,-0.05695911805236564,-0.02499786361452328,9.59918939153049,75.0,162000.0,107.0,2728.811923980713,59.36649520487254,0.31793540716171265,-11.790393829345703,-0.37670987844467163,-0.37670987844467163,0.0,0.002330898307263851,0.002330898307263851,0.002330898307263851,11.983695030212402,1.8978512287139893,1.8978512287139893,0.0,0.0,,0.18231801688671112,,0.2656163275241852,0.7565066908796628,0.9565314978423046,0.02059855770415008,-14.010965601603191,1.1817245400590737,0.0001609102106998546,0.012252553304036459,0.6041601421913174,-0.028765511937083082,0.012252553304036459,0.6041601421913174,-0.028765511937083082,0.0,0.0,0.0,0.0023450627457350494,7.361034528138097e-05,2.8809437215394066e-06,0.0023450627457350494,7.361034528138097e-05,2.8809437215394066e-06,0.0023450627457350494,7.361034528138097e-05,2.8809437215394066e-06,14.145153935750326,1.1489518924800666,0.003129071414934473,1.9618335723876954,0.09991674242622245,-0.004737089314105421,1.9618335723876954,0.09991674242622245,-0.004737089314105421,0.0,0.0,0.0,0.0,0.0,0.0,0.1835521563887596,0.009047663919951205,0.00016528981612441438,0.2710142900546392,0.011381853915110979,-3.6792011229167637e-05
60.80954925968962,1.0,1500.0,0.0,106.0,1967.0,0.8072679610217731,1587.0,380.0,10.110185773141234,1.3545534238410855,9251.999440509457,67.2,0.015150148796104247,33.603030303030316,3.046969696969698,11.473247462959892,132.0,32.253846153846155,4.600000000000002,11.957839961740547,26.0,33.603030303030316,3.046969696969698,11.473247462959892,132.0,0.428853767688957,-0.007038900377849185,-0.0021169068336638714,-0.0012026500293762384,-0.007878373336649489,-0.043837831115532896,-0.023366470964426147,8.708020134503991,106.0,163500.0,108.0,2756.089171886444,59.32318941919071,0.4632795453071594,-14.867033004760742,-0.8924399018287659,-0.8924399018287659,0.0,0.0023302193731069565,0.0023302193731069565,0.0023302193731069565,14.888612747192383,1.8127745389938354,1.8127745389938354,0.0,0.0,,0.1859188973903656,,0.27142783999443054,1.1434064621726672,1.7750521938271453,-0.011924825723099672,-14.526664702097575,1.6311988872999204,-0.03241919092129533,0.04783231367667516,0.7791201653767963,-0.03542180147200195,0.04783231367667516,0.7791201653767963,-0.03542180147200195,0.0,0.0,0.0,0.0023914223692069452,3.31741997596451e-05,8.005657139025778e-07,0.0023914223692069452,3.31741997596451e-05,8.005657139025778e-07,0.0023914223692069452,3.31741997596451e-05,8.005657139025778e-07,14.655790901184082,1.633745834620394,0.030339501776604782,1.9679079890251159,0.12898854572328552,-0.0058537372094770905,1.9679079890251159,0.12898854572328552,-0.0058537372094770905,0.0,0.0,0.0,0.0,0.0,0.0,0.18776698261499405,0.008842548156580761,0.0002507250718730932,0.27356643974781036,0.011025092959858651,0.00022301264811675257
58.96062171459198,1.0,1500.0,0.0,68.0,1980.0,0.5111940031106564,1012.0,968.0,10.130391051186454,2.3968445289632783,11635.711864547304,118.60000000000001,0.026584775396754235,33.54285714285715,4.726315789473682,11.464792515211132,133.0,32.978461538461545,6.286153846153844,11.629353173601254,65.0,33.54285714285715,4.726315789473682,11.464792515211132,133.0,0.4266266608846582,-0.0068090870429616274,-0.002280166482946317,-0.0014634485578422798,-0.01010715320011568,-0.05309392798532677,-0.022450770520379894,8.624701167340069,68.0,165000.0,109.0,2781.8091912269592,59.313917187549535,0.3091735243797302,-15.260089874267578,0.06556349247694016,0.06556349247694016,0.0,0.0021765369456261396,0.0021765369456261396,0.0021765369456261396,15.371453285217285,1.970695972442627,1.970695972442627,0.0,0.0,,0.1929253488779068,,0.28431278467178345,1.806985604763031,3.936538919057198,-0.05284336411515389,-14.909724394480387,1.3479385559165802,0.030569104755813543,-0.4016846391061942,0.6490308025499228,0.008988156200317182,-0.4016846391061942,0.6490308025499228,0.008988156200317182,0.0,0.0,0.0,0.002268554751450817,7.011869709575846e-05,-6.0400684199423766e-06,0.002268554751450817,7.011869709575846e-05,-6.0400684199423766e-06,0.002268554751450817,7.011869709575846e-05,-6.0400684199423766e-06,15.03057788213094,1.336870976000236,-0.03323340389434224,1.8938542167345682,0.10660664251173048,0.0014945197556254443,1.8938542167345682,0.10660664251173048,0.0014945197556254443,0.0,0.0,0.0,0.0,0.0,0.0,0.18439298421144484,0.010022695396877933,-3.6598256353016266e-05,0.27306629767020546,0.011873196057195499,0.00028042686197727885
55.0379698894642,1.0,1500.0,0.0,27.0,1942.0,0.20237297086307082,393.0,1549.0,9.807837914603326,2.1920861495186563,11950.886906729103,224.60000000000002,0.0495018954421229,34.635114503816794,7.341984732824426,11.12359525745677,131.0,34.59423076923076,8.086538461538462,11.12889491524917,104.0,34.635114503816794,7.341984732824426,11.12359525745677,131.0,0.41945522271897273,-0.007940658961103839,-0.001779489317489237,-0.0018770301078557742,-0.010637278390033627,-0.07235265931959751,-0.023693645038193618,8.478628749831463,27.0,166500.0,110.0,2803.5835309028625,59.388278667188686,0.2670014798641205,-14.030553817749023,0.8252231478691101,0.8252231478691101,0.0,0.002277633873745799,0.002277633873745799,0.002277633873745799,14.048966407775879,2.0956220626831055,2.0956220626831055,0.0,0.0,,0.17667566239833832,,0.2664243280887604,1.10353388885657,1.8754762439573627,-0.0008037076842400586,-14.421160252888997,1.191415979620055,0.0311490641287359,0.24269223362207412,0.6202342050883327,-0.005482946172174267,0.24269223362207412,0.6202342050883327,-0.005482946172174267,0.0,0.0,0.0,0.002271603203068177,6.607302264246145e-05,5.401636849885757e-06,0.002271603203068177,6.607302264246145e-05,5.401636849885757e-06,0.002271603203068177,6.607302264246145e-05,5.401636849885757e-06,14.567827002207439,1.1832742716334141,-0.030592477944854677,1.9997720956802367,0.10155100324207057,-0.0008928425717805033,1.9997720956802367,0.10155100324207057,-0.0008928425717805033,0.0,0.0,0.0,0.0,0.0,0.0,0.18743401964505513,0.01002479746156068,6.489266410420128e-05,0.27254120459159215,0.011856190215546345,0.00024251381931898294
62.37336223904449,1.0,1500.0,0.0,101.0,1857.0,0.8097382156871638,1503.0,354.0,9.941449001234357,1.6285735555111123,8929.741023073482,63.6,0.014889034553797172,34.172799999999995,2.9951999999999988,11.268146956072288,125.0,33.54166666666667,6.516666666666666,11.478441053432569,24.0,34.172799999999995,2.9951999999999988,11.268146956072288,125.0,0.42405232458258535,-0.006502274578786617,-0.0016692408059657863,-0.0009348147908411603,-0.006667958906764774,-0.034793564644310916,-0.021901261562503344,8.49758654943983,101.0,168000.0,111.0,2831.0530664920807,59.34187599251416,0.24296647310256958,-15.00969123840332,0.30584225058555603,0.30584225058555603,0.0,0.0023633758537471294,0.0023633758537471294,0.0023633758537471294,15.18586540222168,2.0105724334716797,2.0105724334716797,0.0,0.0,,0.20026662945747375,,0.2867676317691803,0.6820375154415766,0.6871425089396853,-0.004976124260926824,-14.656146176656087,1.2810473465745158,0.039585681274550304,-0.03067417467633883,0.4750542150799096,0.006806706727479278,-0.03067417467633883,0.4750542150799096,0.006806706727479278,0.0,0.0,0.0,0.0023275451269000767,3.723632958168386e-05,1.4646334140597281e-06,0.0023275451269000767,3.723632958168386e-05,1.4646334140597281e-06,0.0023275451269000767,3.723632958168386e-05,1.4646334140597281e-06,14.816871960957846,1.2790338453382502,-0.038012246374824255,1.954901134967804,0.07838661362987066,0.0011250365164971621,1.954901134967804,0.07838661362987066,0.0011250365164971621,0.0,0.0,0.0,0.0,0.0,0.0,0.18653165499369304,0.008558885209219555,1.7892664611251e-06,0.2719127476215363,0.010224833386478513,-8.841587253354729e-05
56.516962776581444,1.0,1500.0,0.0,24.0,1886.0,0.18578205490077926,350.0,1536.0,10.064103110792304,2.319525954266861,12356.996932265705,234.8,0.054765125717217894,33.75905511811024,7.411023622047241,11.372732142620311,127.0,33.73203883495147,8.153398058252426,11.331963257219238,103.0,33.75905511811024,7.411023622047241,11.372732142620311,127.0,0.4308312958432055,-0.008457119190619682,-0.0018197844967899207,-0.0025165311892174735,-0.009354304635761647,-0.06995033112582781,-0.025275758829780393,9.184886363471223,24.0,169500.0,112.0,2851.769537448883,59.43678048810009,1.2463178634643555,-15.112133026123047,0.4399952292442322,0.4399952292442322,0.0,0.002331084106117487,0.002331084106117487,0.002331084106117487,15.110956192016602,2.0325894355773926,2.0325894355773926,0.0,0.0,,0.19030258059501648,,0.2817595899105072,0.559332596262296,0.6602435998033788,-0.004562246196129438,-14.578990173339843,1.3215582048092511,-0.025521917629559913,0.04614218920469284,0.5196358528974645,-0.0179042105381693,0.04614218920469284,0.5196358528974645,-0.0179042105381693,0.0,0.0,0.0,0.0024257480166852475,7.583303973410621e-05,-5.813791945957968e-06,0.0024257480166852475,7.583303973410621e-05,-5.813791945957968e-06,0.0024257480166852475,7.583303973410621e-05,-5.813791945957968e-06,14.700795141855876,1.271793476710562,0.023640460777070407,1.9677102287610373,0.0862961206584459,-0.0029816290958307296,1.9677102287610373,0.0862961206584459,-0.0029816290958307296,0.0,0.0,0.0,0.0,0.0,0.0,0.18790344099203746,0.009088833207206645,0.0002763671060823046,0.2738228460152944,0.012534834742051783,0.00027437415616265185
58.33037567138672,1.0,1500.0,0.0,22.0,1848.0,0.17794320541540465,328.0,1520.0,10.297669530945395,1.852223345689133,10901.750036640742,208.20000000000002,0.05087976539589443,32.999999999999986,7.014516129032257,11.681960082009022,124.0,32.97254901960784,7.664705882352943,11.664950946401728,102.0,32.999999999999986,7.014516129032257,11.681960082009022,124.0,0.44648252136131583,-0.008815745814513574,-0.0016625595820308323,-0.0016354758917288153,-0.006333436820863092,-0.06830176963675877,-0.026465522697640003,9.536908163779948,22.0,171000.0,113.0,2872.071616411209,59.53890530545777,0.3899078667163849,-14.687440872192383,-0.17466025054454803,-0.17466025054454803,0.0,0.002422172576189041,0.002422172576189041,0.002422172576189041,14.680811882019043,1.931001901626587,1.931001901626587,0.0,0.0,,0.20101997256278992,,0.3040439784526825,0.8139792660872142,1.1281312802376948,0.002625157769450335,-14.899017365773519,1.284714539260135,-0.018584316325797386,0.13440403963128725,0.6034127652941808,0.0013000818211854615,0.13440403963128725,0.6034127652941808,0.0013000818211854615,0.0,0.0,0.0,0.0023791415073598425,3.9498830827355305e-05,3.103894938831823e-06,0.0023791415073598425,3.9498830827355305e-05,3.103894938831823e-06,0.0023791415073598425,3.9498830827355305e-05,3.103894938831823e-06,15.032968934377035,1.3027408900821886,0.01709312146179372,1.982249633471171,0.09984214356253368,0.00021801275989498362,1.982249633471171,0.09984214356253368,0.00021801275989498362,0.0,0.0,0.0,0.0,0.0,0.0,0.1903923859198888,0.007524129982466342,0.00043124213765008944,0.277360071738561,0.012824472213143007,0.0005798104607621298
60.58480851861495,1.0,1500.0,0.0,79.0,1989.0,0.5933381643188141,1180.0,809.0,9.852145444863185,1.8050034542474114,10412.842430522234,125.60000000000001,0.027402042063007243,34.463157894736845,4.288721804511279,11.244500434068517,133.0,33.570370370370384,6.451851851851852,11.46368447169127,54.0,34.463157894736845,4.288721804511279,11.244500434068517,133.0,0.41259281168528505,-0.006887783540136411,-0.0017118584890529348,-0.0011743130395539293,-0.0038058377681019512,-0.04458958232543138,-0.022198751041148736,8.429738085992946,79.0,172500.0,114.0,2897.4370205402374,59.5353751529815,0.7445473670959473,-13.900867462158203,0.3197043538093567,0.3197043538093567,0.0,0.0024223921354860067,0.0024223921354860067,0.0024223921354860067,14.23066234588623,2.013082981109619,2.013082981109619,0.0,0.0,,0.17990761995315552,,0.27526435256004333,0.7979669451713562,1.4567421286727165,0.016800705742119934,-14.90271692276001,1.213114436985173,0.00403240679103376,-0.062101311360796295,0.4783896582498159,-0.004290627799223744,-0.062101311360796295,0.4783896582498159,-0.004290627799223744,0.0,0.0,0.0,0.002430883973526458,4.842504703313184e-05,2.958096648764259e-06,0.002430883973526458,4.842504703313184e-05,2.958096648764259e-06,0.002430883973526458,4.842504703313184e-05,2.958096648764259e-06,15.036071014404296,1.2354347017220633,-0.00034180111826743136,1.9496352235476175,0.07921532558105872,-0.0007159889473665894,1.9496352235476175,0.07921532558105872,-0.0007159889473665894,0.0,0.0,0.0,0.0,0.0,0.0,0.18767800281445185,0.009225422611605498,-0.00014259141928892687,0.2741419285535812,0.010168303325202875,-7.680373409303977e-06
64.41705961681548,1.0,1500.0,0.0,105.0,1871.0,0.8392299031729858,1570.0,301.0,10.025528402641674,1.4845070952761068,8471.421273358568,22.0,0.005156088872222743,33.86349206349206,1.9031746031746037,11.38724365071076,126.0,32.77142857142857,4.009523809523811,11.645901523654308,21.0,33.86349206349206,1.9031746031746037,11.38724365071076,126.0,0.4255264859601267,-0.005828475039275134,-0.0013377883267415129,-0.0003720979223493093,-0.006710321172435183,-0.02425943249142501,-0.021760744462031842,8.637001888167003,105.0,174000.0,115.0,2924.5523357391357,59.496285251473935,0.366102397441864,-15.090707778930664,-0.06534835696220398,-0.06534835696220398,0.0,0.002671303926035762,0.002671303926035762,0.002671303926035762,15.260883331298828,1.9489710330963135,1.9489710330963135,0.0,0.0,,0.17279575765132904,,0.2676717936992645,0.8539920931061109,0.9410208844905641,0.0108903898313658,-14.494946893056234,1.1936357083978764,-0.014292534095161213,0.27750150163968407,0.4703005829537312,-0.0011391736641609153,0.27750150163968407,0.4703005829537312,-0.0011391736641609153,0.0,0.0,0.0,0.0025409663561731578,0.00010244525405918867,1.1480005418631047e-05,0.0025409663561731578,0.00010244525405918867,1.1480005418631047e-05,0.0025409663561731578,0.00010244525405918867,1.1480005418631047e-05,14.61363925933838,1.191387872794492,0.013768441154640853,2.006422706445058,0.07861333518517409,-0.00014941066470377203,2.006422706445058,0.07861333518517409,-0.00014941066470377203,0.0,0.0,0.0,0.0,0.0,0.0,0.1912471607327461,0.010176356202830816,-0.00014600373547653034,0.2755683581034342,0.013266225156080929,-0.000377956738859188
55.93458200494448,1.0,1500.0,0.0,24.0,1839.0,0.19209288713605993,353.0,1486.0,10.333157117118905,2.2089612892764716,11751.674012263778,217.8,0.053421633554083886,32.87903225806454,6.998387096774193,11.725803864126199,124.0,32.52,7.5360000000000005,11.80014686216939,100.0,32.87903225806454,6.998387096774193,11.725803864126199,124.0,0.4229530404492028,-0.007991237726058207,-0.0018765935977952393,-0.002605229297738,-0.0033668205267444943,-0.07751832745044801,-0.02364416746320282,8.983902617280872,24.0,175500.0,116.0,2945.124002933502,59.590020598518954,0.4832993745803833,-15.500608444213867,-0.2383638173341751,-0.2383638173341751,0.0,0.0024993312545120716,0.0024993312545120716,0.0024993312545120716,15.631691932678223,1.9202157258987427,1.9202157258987427,0.0,0.0,,0.18552982807159424,,0.2678113877773285,1.8482721785704295,3.847446127207606,-0.10976837894675204,-14.829468123118083,1.2440206330912873,0.01660759621387881,0.04596869399150213,0.6260837756737656,0.017656404419788663,0.04596869399150213,0.6260837756737656,0.017656404419788663,0.0,0.0,0.0,0.0026366465259343385,4.665623714635822e-05,-2.4873546808461114e-06,0.0026366465259343385,4.665623714635822e-05,-2.4873546808461114e-06,0.0026366465259343385,4.665623714635822e-05,-2.4873546808461114e-06,14.951003011067709,1.2243084189965254,-0.016429595607804673,1.9677799145380657,0.10555547345526722,0.0029734510733632445,1.9677799145380657,0.10555547345526722,0.0029734510733632445,0.0,0.0,0.0,0.0,0.0,0.0,0.18963820934295655,0.009354186895674271,-0.0001419313028206197,0.2764389599363009,0.014729139170566511,-0.0002039086931406962
65.07229280471802,1.0,1500.0,0.0,115.0,1917.0,0.893805725121739,1713.0,204.0,10.19201404623726,1.512029388490343,8768.300795527932,27.200000000000003,0.006329113924050633,33.314728682170525,1.5860465116279077,11.508447046978254,129.0,31.585714285714293,4.514285714285715,12.191846997755562,14.0,33.314728682170525,1.5860465116279077,11.508447046978254,129.0,0.43235217389223174,-0.006239231586639194,-0.0014043256889543704,-0.0005848076393447717,-0.0064063312344750725,-0.02042054185200162,-0.023016091855346008,8.731633698619149,115.0,177000.0,117.0,2972.924718618393,59.537329987372566,0.3323078155517578,-14.516050338745117,-1.005918025970459,-1.005918025970459,0.0,0.0025089385453611612,0.0025089385453611612,0.0025089385453611612,14.803101539611816,1.7920022010803223,1.7920022010803223,0.0,0.0,,0.22270122170448303,,0.2952049970626831,2.1881694560249647,3.9672452073552114,0.1756792301761693,-15.52624438603719,1.0981891386157714,0.03156042152039911,-0.07666641374429067,0.6675073106348696,-0.014941070660600672,-0.07666641374429067,0.6675073106348696,-0.014941070660600672,0.0,0.0,0.0,0.002505481701033811,9.487079808175818e-05,8.495976046158641e-06,0.002505481701033811,9.487079808175818e-05,8.495976046158641e-06,0.002505481701033811,9.487079808175818e-05,8.495976046158641e-06,15.654975827534994,1.1099138576161833,-0.029075905584520192,1.9471021016438803,0.11151723381896844,-0.0025157108455399666,1.9471021016438803,0.11151723381896844,-0.0025157108455399666,0.0,0.0,0.0,0.0,0.0,0.0,0.18931878556807835,0.010843052861021742,-7.568043848299326e-05,0.280483540892601,0.009374675609509707,-0.0002452220945920567
62.06972521025202,1.0,1500.0,0.0,92.0,1928.0,0.7089009912299779,1366.0,562.0,9.895179448674318,1.6385257555476793,9652.702592740556,47.0,0.01053622668579627,34.31384615384617,3.1661538461538465,11.289225214478455,130.0,32.857894736842105,5.936842105263158,11.678721794570642,38.0,34.31384615384617,3.1661538461538465,11.289225214478455,130.0,0.41294708382506284,-0.00681733571373775,-0.0014498134736501396,-0.000507471542343426,-0.007359667359667238,-0.032224532224532226,-0.022531330986513453,8.418838824659895,92.0,178500.0,118.0,2999.38298535347,59.51223997457071,0.9001522064208984,-14.725988388061523,0.4199025630950928,0.4199025630950928,0.0,0.002726419363170862,0.002726419363170862,0.002726419363170862,14.762248039245605,2.0311100482940674,2.0311100482940674,0.0,0.0,,0.19005456566810608,,0.277611643075943,1.4654397070407867,4.213403203936292,0.08820967487286407,-14.876996771494548,1.0433960384308778,0.0026745294437260482,-0.054701507836580274,0.6457869666814241,0.02769318839433595,-0.054701507836580274,0.6457869666814241,0.02769318839433595,0.0,0.0,0.0,0.0025142162339761853,8.610605013972715e-05,7.744914322710228e-06,0.0025142162339761853,8.610605013972715e-05,7.744914322710228e-06,0.0025142162339761853,8.610605013972715e-05,7.744914322710228e-06,14.992496109008789,1.028951644724027,-0.00436805792989978,1.9510758916536968,0.10786617573811914,0.004644574286277295,1.9510758916536968,0.10786617573811914,0.004644574286277295,0.0,0.0,0.0,0.0,0.0,0.0,0.18988720575968424,0.00855567999595867,4.453565573134689e-05,0.2780430446068446,0.01110956016687214,-9.675514578687147e-05
57.60724749931922,1.0,1500.0,0.0,13.0,1897.0,0.10136296619252544,192.0,1705.0,10.283595864479215,2.115873448739039,11699.315163146064,233.60000000000002,0.05568268497330282,33.033070866141735,7.192125984251968,11.591124696403007,127.0,33.026315789473685,7.52982456140351,11.583269465856054,114.0,33.033070866141735,7.192125984251968,11.591124696403007,127.0,0.4443920772418478,-0.007554122681785021,-0.001166114150625628,-0.0033157167506729516,-0.00826792255363682,-0.07195185766614338,-0.023095631227371134,9.23826429892064,13.0,180000.0,119.0,3018.947715997696,59.62342409779493,0.29120108485221863,-18.145214080810547,1.2261533737182617,1.2261533737182617,0.0,0.002588571049273014,0.002588571049273014,0.002588571049273014,18.21758270263672,2.1658411026000977,2.1658411026000977,0.0,0.0,,0.19368180632591248,,0.28066176176071167,1.458114555478096,2.969117910824355,-0.038907182369136734,-15.531148306528728,1.2457198030401815,-0.040692002675159086,-0.03516014615694682,0.8362396397384882,0.00545323371754604,-0.03516014615694682,0.8362396397384882,0.00545323371754604,0.0,0.0,0.0,0.002633645261327426,6.007376280957989e-05,-5.883755715557731e-06,0.002633645261327426,6.007376280957989e-05,-5.883755715557731e-06,0.002633645261327426,6.007376280957989e-05,-5.883755715557731e-06,15.622034804026287,1.2412839869524328,0.03877129284240195,1.954015608628591,0.14083551242416228,0.0009218347218462756,1.954015608628591,0.14083551242416228,0.0009218347218462756,0.0,0.0,0.0,0.0,0.0,0.0,0.19053918073574702,0.01083856841763828,-0.00010582604782202756,0.2766613349318504,0.014109049115583333,-0.00012317448688694494
59.26259243488312,1.0,1500.0,0.0,40.0,1881.0,0.3181122264223079,598.0,1283.0,10.091301668989987,1.9914451988188564,11158.376341891375,171.0,0.04031877770442328,33.660317460317465,6.161904761904762,11.48685328117904,126.0,33.297674418604636,7.434883720930232,11.547119825646309,86.0,33.660317460317465,6.161904761904762,11.48685328117904,126.0,0.4226468580824095,-0.007634115028180761,-0.0016881840919086512,-0.0008651891509114524,-0.005010574263868581,-0.05571823653814869,-0.02398731421846198,8.896649083203265,40.0,181500.0,120.0,3040.836012840271,59.68753304472714,0.16986747086048126,-14.096640586853027,0.9214626550674438,0.9214626550674438,0.0,0.0027863832656294107,0.0027863832656294107,0.0027863832656294107,14.226964950561523,2.1166257858276367,2.1166257858276367,0.0,0.0,,0.19151630997657776,,0.25784623622894287,0.8200590342283249,1.3113006345961704,0.012842479305086998,-15.385232098897298,1.1569188534777402,0.017726022807324205,0.06528118948141734,0.48629685951295304,0.0005550320739873379,0.06528118948141734,0.48629685951295304,0.0005550320739873379,0.0,0.0,0.0,0.0027256045956164598,4.753580426632669e-05,3.591531554073287e-06,0.0027256045956164598,4.753580426632669e-05,3.591531554073287e-06,0.0027256045956164598,4.753580426632669e-05,3.591531554073287e-06,15.517396100362141,1.132798823988757,-0.016965701874424664,1.970978852113088,0.08246438121417116,0.000104266703460288,1.970978852113088,0.08246438121417116,0.000104266703460288,0.0,0.0,0.0,0.0,0.0,0.0,0.19136383136113486,0.007958687926028829,0.00029681520546900663,0.27344174136718113,0.015759250532408994,0.0005552993500988466
57.22815017042489,1.0,1500.0,0.0,29.0,2059.0,0.20806160100192683,428.0,1631.0,9.821078957165643,2.1921081480760707,12636.66736562127,198.0,0.04147291692849064,34.595652173913024,7.107246376811597,11.076276796708463,138.0,34.48073394495412,7.972477064220184,11.063119436850261,109.0,34.595652173913024,7.107246376811597,11.076276796708463,138.0,0.4138541216543359,-0.007358444222851472,-0.0017582923216914574,-0.0012892738481986674,-0.00750770585645095,-0.06153676794363717,-0.023414108447171435,8.5207540599039,29.0,183000.0,121.0,3062.4806458950043,59.755479677984574,0.46236199140548706,-16.550312042236328,0.6466283798217773,0.6466283798217773,0.0,0.002584494650363922,0.002584494650363922,0.002584494650363922,16.669086456298828,2.068524122238159,2.068524122238159,0.0,0.0,,0.19049325585365295,,0.2690795660018921,0.9348748703797658,1.5098478615898858,-0.04429847358729074,-15.131934356689452,1.1014557902725384,-0.013284288603683702,-0.1508031316101551,0.7340975048122929,0.01606179829666162,-0.1508031316101551,0.7340975048122929,0.01606179829666162,0.0,0.0,0.0,0.0026379391085356472,6.030042148178534e-05,-5.8312480803062e-06,0.0026379391085356472,6.030042148178534e-05,-5.8312480803062e-06,0.0026379391085356472,6.030042148178534e-05,-5.8312480803062e-06,15.279193655649822,1.1023168691917513,0.01350279289304974,1.9345298329989116,0.12373649689892598,0.002711201695366862,1.9345298329989116,0.12373649689892598,0.002711201695366862,0.0,0.0,0.0,0.0,0.0,0.0,0.19179765383402506,0.008255170912736108,5.648541238336912e-05,0.2768268287181854,0.01324169686903853,3.228871787880525e-05
48.57841571172079,1.0,1500.0,0.0,12.0,1804.0,0.09843891692200041,177.0,1627.0,9.808500371105403,2.1413432393141503,11452.106053352592,248.20000000000002,0.05918824819955168,34.65619834710745,8.71404958677686,11.146476764458411,121.0,34.6605504587156,8.893577981651374,11.088552900274326,109.0,34.65619834710745,8.71404958677686,11.146476764458411,121.0,0.42242959668486857,-0.00915594831238854,-0.0018085151746934898,-0.001952700056124595,-0.01609756097560984,-0.11517615176151762,-0.025289137702822838,9.687417145464865,12.0,184500.0,122.0,3082.031686067581,59.86310940086629,0.21310636401176453,-16.793869018554688,0.04060995578765869,0.04060995578765869,0.0,0.002598273567855358,0.002598273567855358,0.002598273567855358,16.80360984802246,1.9668221473693848,1.9668221473693848,0.0,0.0,,0.1981026828289032,,0.28350967168807983,0.7358314702908199,0.7762082836202189,-0.027467459798257016,-15.450100294748943,1.1786832584438793,-0.0022728918922090813,-0.10463127767046293,0.5550210873653556,-0.016172237127389476,-0.10463127767046293,0.5550210873653556,-0.016172237127389476,0.0,0.0,0.0,0.002602328942157328,2.5426730610307883e-05,2.2032778312320183e-06,0.002602328942157328,2.5426730610307883e-05,2.2032778312320183e-06,0.002602328942157328,2.5426730610307883e-05,2.2032778312320183e-06,15.567285823822022,1.1621629369986857,-0.0048167794114096505,1.9423874497413636,0.0932924473501275,-0.0027215418481455972,1.9423874497413636,0.0932924473501275,-0.0027215418481455972,0.0,0.0,0.0,0.0,0.0,0.0,0.19638232837120692,0.01048274940333984,0.00028384615966554617,0.2793305774529775,0.012673136236434885,0.00019890929223167434
60.2328847249349,1.0,1500.0,0.0,105.0,2064.0,0.7572734217735904,1563.0,501.0,9.814063551230653,1.7282256028545468,10162.24155056969,27.6,0.005737091544025941,34.61007194244605,3.1223021582733805,11.163586807245274,139.0,33.788235294117655,5.394117647058824,11.296593951733794,34.0,34.61007194244605,3.1223021582733805,11.163586807245274,139.0,0.4138722312347628,-0.006979330951592933,-0.0013602500017876147,-0.00044640426918305596,-0.012784194528874915,-0.038054711246200607,-0.02366742118935375,8.442030255505003,105.0,186000.0,123.0,3110.1191952228546,59.80478185070724,0.3167627453804016,-16.758544921875,0.4709341526031494,0.4709341526031494,0.0,0.0028818403370678425,0.0028818403370678425,0.0028818403370678425,16.934993743896484,2.0405094623565674,2.0405094623565674,0.0,0.0,,0.20061694085597992,,0.29333388805389404,0.5209486241141955,0.5505951351569548,-0.013101296393704245,-15.622386042277018,1.0297701144715026,-0.044915168940423925,0.09116444687048594,0.5844295513880774,0.002223647476170834,0.09116444687048594,0.5844295513880774,0.002223647476170834,0.0,0.0,0.0,0.0027580705005675553,7.666026729427475e-05,7.225507901395075e-06,0.0027580705005675553,7.666026729427475e-05,7.225507901395075e-06,0.0027580705005675553,7.666026729427475e-05,7.225507901395075e-06,15.721622212727864,1.0558797144121337,0.04422633560401254,1.9755056222279868,0.09930056848352638,0.00038537660880926574,1.9755056222279868,0.09930056848352638,0.00038537660880926574,0.0,0.0,0.0,0.0,0.0,0.0,0.19785223702589672,0.011834872614143507,-0.00010686710360848799,0.28378603359063465,0.010453687903217287,0.00021487660747480927
61.73710387945175,1.0,1500.0,0.0,64.0,1935.0,0.49428497745984573,956.0,979.0,10.240969457389474,1.568555299089716,10116.190150797052,84.60000000000001,0.01962421711899791,33.16153846153845,3.947692307692308,11.640127319783447,130.0,32.16363636363636,5.127272727272729,11.882956118991732,66.0,33.16153846153845,3.947692307692308,11.640127319783447,130.0,0.42334429805321677,-0.006397935936331298,-0.0013494514479378658,-0.0006862249723459387,-0.0027090335064670645,-0.04450555046338731,-0.0229236790391373,8.841472156060208,64.0,187500.0,124.0,3135.465884208679,59.79972575824111,0.4341110289096832,-16.55356216430664,-0.37106209993362427,-0.37106209993362427,0.0,0.0030114571563899517,0.0030114571563899517,0.0030114571563899517,16.810365676879883,1.896083116531372,1.896083116531372,0.0,0.0,,0.20679408311843872,,0.30012911558151245,2.211432776848475,5.774734221363103,0.04888293934080569,-15.927665837605794,1.2016590220120664,-0.026552121392611355,-0.16080586661895116,0.6550811989911648,0.010415918699095871,-0.16080586661895116,0.6550811989911648,0.010415918699095871,0.0,0.0,0.0,0.002925155482565363,5.1943678196563125e-05,4.590421944060953e-06,0.002925155482565363,5.1943678196563125e-05,4.590421944060953e-06,0.002925155482565363,5.1943678196563125e-05,4.590421944060953e-06,16.03397912979126,1.1780362722382758,0.02229138481471061,1.9324972748756408,0.11221868608418467,0.0017821733890571244,1.9324972748756408,0.11221868608418467,0.0017821733890571244,0.0,0.0,0.0,0.0,0.0,0.0,0.1970905691385269,0.0111596771138729,-4.200501091886562e-05,0.2848539074261983,0.01695542403466652,-5.4288719334254244e-05
62.91228587376444,1.0,1500.0,0.0,114.0,1891.0,0.897582296674085,1697.0,194.0,9.864624556023411,1.4326067458288576,9039.601449446212,16.2,0.0037045506517265035,34.43307086614172,2.470866141732284,11.236507637927721,127.0,32.84615384615384,7.507692307692309,11.57713525593658,13.0,34.43307086614172,2.470866141732284,11.236507637927721,127.0,0.41641779002664975,-0.006805692380390062,-0.0014083810341402126,-0.0003054085664425092,-0.004066460152069849,-0.030442128977752746,-0.02390095730309804,8.480944163699354,114.0,189000.0,125.0,3164.072523832321,59.73314409717872,3.5482873916625977,-13.851783752441406,-0.7236823439598083,-0.7236823439598083,0.0,0.0029162652790546417,0.0029162652790546417,0.0029162652790546417,13.965177536010742,1.8360265493392944,1.8360265493392944,0.0,0.0,,0.18623203039169312,,0.2883097529411316,1.2750389263033868,2.091085091625065,0.04418543765157693,-15.653729438781738,1.3177346478645946,-0.015212378326856874,-0.18350695744156836,0.5189517703189904,0.007463250305085092,-0.18350695744156836,0.5189517703189904,0.007463250305085092,0.0,0.0,0.0,0.002903628411392371,4.287831049871418e-05,-2.4106261321448894e-06,0.002903628411392371,4.287831049871418e-05,-2.4106261321448894e-06,0.002903628411392371,4.287831049871418e-05,-2.4106261321448894e-06,15.844484424591064,1.3166969191211226,0.017203203695634158,1.928480581442515,0.08887220788891821,0.0012827258751840322,1.928480581442515,0.08887220788891821,0.0012827258751840322,0.0,0.0,0.0,0.0,0.0,0.0,0.19592174490292866,0.010717047830612201,-5.506235314688951e-05,0.2803647965192795,0.011034604695627037,0.0001305414452833822
62.629740868845296,1.0,1500.0,0.0,31.0,1952.0,0.23866951108086454,465.0,1487.0,10.126407078746837,2.394188024655541,12431.815942211924,199.0,0.04526224810080517,33.56183206106872,6.570992366412214,11.49971835095501,131.0,33.47800000000001,7.911999999999999,11.475530975967605,100.0,33.56183206106872,6.570992366412214,11.49971835095501,131.0,0.42888056071592473,-0.0075467048296829625,-0.0017090047664768608,-0.0014956213564168816,-0.004210974053594218,-0.03700552956188856,-0.024490286387263846,9.1752144597286,31.0,190500.0,126.0,3185.688136816025,59.79869711615826,0.18690510094165802,-16.04834747314453,0.4573137164115906,0.4573137164115906,0.0,0.002955536125227809,0.002955536125227809,0.002955536125227809,16.225753784179688,2.0385184288024902,2.0385184288024902,0.0,0.0,,0.19944816827774048,,0.30506962537765503,1.9486432060599328,2.8898774690096807,0.07269958037887188,-15.880214055379232,1.3201786115957053,-0.034328859136154535,0.029683481653531393,0.5208589291773509,0.010014804054022632,0.029683481653531393,0.5208589291773509,0.010014804054022632,0.0,0.0,0.0,0.0028679098545884092,3.814223368367526e-05,2.2241459834130713e-06,0.0028679098545884092,3.814223368367526e-05,2.2241459834130713e-06,0.0028679098545884092,3.814223368367526e-05,2.2241459834130713e-06,15.969988822937012,1.3476675173955457,0.035320436013022934,1.9650339523951212,0.08894417406545553,0.0017165917575823154,1.9650339523951212,0.08894417406545553,0.0017165917575823154,0.0,0.0,0.0,0.0,0.0,0.0,0.1943146010239919,0.009812379215929586,8.71957409235969e-05,0.282437402009964,0.014326271797763697,0.000255466846788549
61.899770143441856,1.0,1500.0,0.0,64.0,2013.0,0.47490462627336816,955.0,1058.0,9.918988716360005,1.7991163582763015,11032.328433901133,114.0,0.024658245371171485,34.245925925925924,4.752592592592592,11.284618465943188,135.0,33.86760563380281,6.901408450704224,11.29608155242761,71.0,34.245925925925924,4.752592592592592,11.284618465943188,135.0,0.41723502776774585,-0.006866605376286027,-0.0014594960348515075,-0.0005501466575662826,-0.005026641198351306,-0.03810194028350256,-0.022964685867188875,8.704221656129267,64.0,192000.0,127.0,3210.196739435196,59.80941842018711,0.330106258392334,-17.50655746459961,0.600659966468811,0.600659966468811,0.0,0.0029613396618515253,0.0029613396618515253,0.0029613396618515253,17.61206817626953,2.063163995742798,2.063163995742798,0.0,0.0,,0.2053338885307312,,0.2870190143585205,1.2000849997003873,2.1469559137420213,0.019085379579706366,-16.23985907236735,1.1197484077271742,-0.023080370927413253,0.02110008498032888,0.6388615586054615,-0.007997571023075417,0.02110008498032888,0.6388615586054615,-0.007997571023075417,0.0,0.0,0.0,0.002943161758594215,4.327396239083872e-05,-2.0871396270789885e-06,0.002943161758594215,4.327396239083872e-05,-2.0871396270789885e-06,0.002943161758594215,4.327396239083872e-05,-2.0871396270789885e-06,16.33668718338013,1.1196485109286207,0.021468616141890672,1.963638174533844,0.10958507689122979,-0.0013657141580465282,1.963638174533844,0.10958507689122979,-0.0013657141580465282,0.0,0.0,0.0,0.0,0.0,0.0,0.19792116483052571,0.011710609607763888,0.00021012137676107128,0.28226992587248484,0.014956146498785598,0.0003643626697336559
62.153494644165036,1.0,1500.0,0.0,35.0,1966.0,0.26051349057082224,512.0,1454.0,9.911305475428607,1.7330213734981652,11231.005335948024,164.8,0.036400583116137294,34.29848484848483,6.103030303030304,11.233183479636669,132.0,34.307216494845356,7.381443298969071,11.182364326650529,97.0,34.29848484848483,6.103030303030304,11.233183479636669,132.0,0.42577136598185045,-0.006632270374155084,-0.0011874424079204842,-0.0012107149357447977,-0.004020946325042086,-0.04189265008415934,-0.02209603355263345,8.877313017161148,35.0,193500.0,128.0,3231.9659476280212,59.87068030280826,0.5073499083518982,-15.506612777709961,0.5247417688369751,0.5247417688369751,0.0,0.0030664526857435703,0.0030664526857435703,0.0030664526857435703,15.635986328125,2.0506672859191895,2.0506672859191895,0.0,0.0,,0.19176121056079865,,0.2691882252693176,1.682265221575896,3.970704686861902,0.07079556863154134,-15.941000239054363,1.0017476334021773,0.011247662893259541,0.06639985963702202,0.7192461592524687,-0.0024290034764998473,0.06639985963702202,0.7192461592524687,-0.0024290034764998473,0.0,0.0,0.0,0.003056148416362703,3.060707247164589e-05,1.7091297276219412e-07,0.003056148416362703,3.060707247164589e-05,1.7091297276219412e-07,0.003056148416362703,3.060707247164589e-05,1.7091297276219412e-07,16.068669573465982,1.0110155372614584,-0.007331599064743435,1.9714272936185202,0.12419490452518853,-0.0004159124064631575,1.9714272936185202,0.12419490452518853,-0.0004159124064631575,0.0,0.0,0.0,0.0,0.0,0.0,0.19632673213879268,0.011400113348296647,-0.00041523676891879027,0.2804957076907158,0.013993839427517458,-0.0005830355394668994
57.74469835617963,1.0,1500.0,0.0,17.0,2018.0,0.12023045423754443,242.0,1776.0,9.951956851796389,1.9814268026655844,12362.618100325872,203.60000000000002,0.043849069607167473,34.14117647058823,7.013235294117648,11.257282495788207,136.0,33.7546218487395,7.505882352941175,11.375753109859081,119.0,34.14117647058823,7.013235294117648,11.257282495788207,136.0,0.38786883365658076,-0.006085788803580132,-0.0015937853129183832,-0.002436268094576578,-0.0013475177304964547,-0.05372340425531915,-0.018957148315711776,7.3620929200163445,17.0,195000.0,129.0,3252.758459329605,59.94911778361483,0.3516588807106018,-17.006786346435547,-0.18765610456466675,-0.18765610456466675,0.0,0.0029191996436566114,0.0029191996436566114,0.0029191996436566114,16.965633392333984,1.9278453588485718,1.9278453588485718,0.0,0.0,,0.1978779137134552,,0.2741454839706421,1.4199269831180572,3.3411315237949895,0.01681854616150307,-16.039031505584717,1.2333165927751908,0.01661647906955854,-0.0933268445233504,0.6075203383926576,-0.03667179202045564,-0.0933268445233504,0.6075203383926576,-0.03667179202045564,0.0,0.0,0.0,0.003100464291249712,0.00010420224424536581,-9.332558614625673e-06,0.003100464291249712,0.00010420224424536581,-9.332558614625673e-06,0.003100464291249712,0.00010420224424536581,-9.332558614625673e-06,16.159812863667806,1.2343007641389452,-0.018644181401101457,1.9440102696418762,0.105198925283627,-0.00633335418510229,1.9440102696418762,0.105198925283627,-0.00633335418510229,0.0,0.0,0.0,0.0,0.0,0.0,0.19824782113234202,0.008247404771674178,-1.6175951390169842e-05,0.2844620813926061,0.01067772872766809,-3.865239219750927e-05
65.32087150177398,1.0,1500.0,0.0,77.0,1940.0,0.5910340244127044,1146.0,794.0,9.932576210034071,1.9766961829387892,10230.135176324842,60.400000000000006,0.013587690092684243,34.19384615384615,3.3646153846153855,11.302706275976432,130.0,33.47547169811321,6.211320754716981,11.452498280756341,53.0,34.19384615384615,3.3646153846153855,11.302706275976432,130.0,0.4164096079883451,-0.005406956702065044,-0.0009075068379362316,-0.0005864253053368072,-0.0016271695594125507,-0.022571762349799733,-0.020478363480327468,8.53983591628634,77.0,196500.0,130.0,3278.3056218624115,59.93950005441164,0.3070455491542816,-15.404478073120117,1.3129194974899292,1.3129194974899292,0.0,0.0030790595337748528,0.0030790595337748528,0.0030790595337748528,15.536460876464844,2.187025308609009,2.187025308609009,0.0,0.0,,0.19810733199119568,,0.2811511158943176,0.8927147880196571,1.4654205460613767,0.06564497706688553,-16.00776964823405,1.1363323056160952,-0.050017907012158476,0.12149926498532296,0.6440585575208815,-0.00355100461485919,0.12149926498532296,0.6440585575208815,-0.00355100461485919,0.0,0.0,0.0,0.0030207732304309803,0.00011063246460640135,1.0428519803487789e-05,0.0030207732304309803,0.00011063246460640135,1.0428519803487789e-05,0.0030207732304309803,0.00011063246460640135,1.0428519803487789e-05,16.14796126683553,1.1756345891292845,0.053095610070148666,1.9808371186256408,0.111204673392549,-0.0006028091814680198,1.9808371186256408,0.111204673392549,-0.0006028091814680198,0.0,0.0,0.0,0.0,0.0,0.0,0.19888987342516581,0.010801021382380253,-0.00027611380954738614,0.2837785204251607,0.013758724944568588,-0.00026792981335531103
63.85766353785434,1.0,1500.0,0.0,107.0,2057.0,0.7741992562413375,1592.0,465.0,9.81153013514875,1.2740303511678217,9321.779017078503,31.400000000000002,0.006573713520077042,34.613043478260856,2.315942028985507,11.125956441430978,138.0,33.46451612903225,4.483870967741933,11.417461394388567,31.0,34.613043478260856,2.315942028985507,11.125956441430978,138.0,0.41257185819016645,-0.005558553751991417,-0.0009857045387074129,-0.0004022913786839797,-0.003498958643260968,-0.02686700386789646,-0.021069733255483978,8.230033270083242,107.0,198000.0,131.0,3306.5811035633087,59.88058172431549,0.8020484447479248,-16.93485450744629,0.891646683216095,0.891646683216095,0.0,0.003219087142497301,0.003219087142497301,0.003219087142497301,16.973546981811523,2.1153628826141357,2.1153628826141357,0.0,0.0,,0.20109280943870544,,0.3019968271255493,0.5488134503364563,0.32698591753668554,-0.0031748686006522874,-16.2271004041036,1.1720785613646667,-0.003213068375465032,0.17519269374509652,0.5054601845658657,-0.008464551866220301,0.17519269374509652,0.5054601845658657,-0.008464551866220301,0.0,0.0,0.0,0.003165911471781631,6.0876823878121105e-05,6.100186431683065e-06,0.003165911471781631,6.0876823878121105e-05,6.100186431683065e-06,0.003165911471781631,6.0876823878121105e-05,6.100186431683065e-06,16.32237091064453,1.1598403829719521,0.0012277898056485621,1.9904006759325663,0.08776274156231523,-0.0014639803246741365,1.9904006759325663,0.08776274156231523,-0.0014639803246741365,0.0,0.0,0.0,0.0,0.0,0.0,0.19549091905355453,0.009541971743452815,-0.0001512253609329534,0.28027385274569194,0.012583024677510936,8.54919298869916e-05
65.3242689246562,1.0,1500.0,0.0,67.0,1957.0,0.510984785025048,999.0,958.0,9.966406015076814,1.3642571874911469,9908.097492825698,73.0,0.016344991267744392,34.093129770992356,3.3511450381679375,11.243341490407092,131.0,33.57187499999999,5.393749999999998,11.35011841474661,64.0,34.093129770992356,3.3511450381679375,11.243341490407092,131.0,0.4191107081663319,-0.005266432096685226,-0.0008959142553808945,-0.0004693192801779856,-0.0018995275286857593,-0.022611127181563977,-0.020133567332427993,8.386732172000913,67.0,199500.0,132.0,3331.001231431961,59.89190220570322,0.20535722374916077,-15.635417938232422,-0.40682071447372437,-0.40682071447372437,0.0,0.0033183370251208544,0.0033183370251208544,0.0033183370251208544,15.716224670410156,1.8887321949005127,1.8887321949005127,0.0,0.0,,0.18504464626312256,,0.2770272493362427,1.008712755640348,1.6753058236801532,0.03386863610635741,-16.43444979985555,0.8100405838733107,0.014836429303162089,0.007785299668709437,0.4341511793471773,0.002580970666631309,0.007785299668709437,0.4341511793471773,0.002580970666631309,0.0,0.0,0.0,0.0032117353674645226,3.7134141115273574e-05,1.9818880554864654e-06,0.0032117353674645226,3.7134141115273574e-05,1.9818880554864654e-06,0.0032117353674645226,3.7134141115273574e-05,1.9818880554864654e-06,16.554106775919596,0.8309720538495535,-0.014344806268032667,1.961323094367981,0.07560280200716753,0.00044614926593845015,1.961323094367981,0.07560280200716753,0.00044614926593845015,0.0,0.0,0.0,0.0,0.0,0.0,0.19241893341143926,0.01173737977648375,-0.0002660575147730683,0.2805673937002818,0.013621954381415191,-0.0006056088759451
64.73940020022185,1.0,1500.0,0.0,69.0,2035.0,0.5038365979135585,1025.0,1010.0,9.931655382400796,1.6532376219328295,11027.954148287217,82.0,0.017498932991890738,34.20437956204379,3.594160583941605,11.236503234320313,137.0,33.72647058823529,5.644117647058825,11.19395416108617,68.0,34.20437956204379,3.594160583941605,11.236503234320313,137.0,0.4158081908186994,-0.0061370228789976375,-0.0010677704130271633,-0.0006547086960966865,-0.0014781072789811249,-0.025239379009017383,-0.02232897104640392,8.787062252114524,69.0,201000.0,133.0,3355.960602045059,59.89343256220421,0.44824689626693726,-17.158348083496094,-0.4353283941745758,-0.4353283941745758,0.0,0.0029615883249789476,0.0029615883249789476,0.0029615883249789476,17.15159797668457,1.8852214813232422,1.8852214813232422,0.0,0.0,,0.18263733386993408,,0.2715577483177185,1.5924563522140185,3.133886985394542,0.023912280211194088,-16.355712922414146,1.1294593526664434,0.026421333075365608,-0.05553984654446443,0.8051437956819075,-0.03406026004103985,-0.05553984654446443,0.8051437956819075,-0.03406026004103985,0.0,0.0,0.0,0.0032311835481474795,0.00010434574695549352,-1.0665858245234101e-05,0.0032311835481474795,0.00010434574695549352,-1.0665858245234101e-05,0.0032311835481474795,0.00010434574695549352,-1.0665858245234101e-05,16.480837853749595,1.1117477578079762,-0.02486127337836622,1.9505940556526185,0.1401468101237201,-0.005910767145761566,1.9505940556526185,0.1401468101237201,-0.005910767145761566,0.0,0.0,0.0,0.0,0.0,0.0,0.19302802036205927,0.010972354025149024,-0.0004504893161563644,0.27800148030122124,0.012043300487377527,-0.000414054790248601
65.30604095458985,1.0,1500.0,0.0,40.0,1943.0,0.3026740994751225,588.0,1355.0,10.0844181474658,1.6975618451701862,11161.307026649292,155.20000000000002,0.035164038426681164,33.69160305343512,5.682442748091605,11.480126651572855,131.0,33.529670329670346,7.525274725274726,11.47717723815521,91.0,33.69160305343512,5.682442748091605,11.480126651572855,131.0,0.42810263460165915,-0.006299425915209468,-0.0007000504542468938,-0.0011482473691456839,-0.0033728200065811158,-0.02451464297466272,-0.022436020158792033,9.140545108091603,40.0,202500.0,134.0,3378.2548880577087,59.94219107499766,7.342235565185547,-15.274288177490234,0.20105820894241333,0.20105820894241333,0.0,0.0031265425495803356,0.0031265425495803356,0.0031265425495803356,15.43681526184082,1.994859218597412,1.994859218597412,0.0,0.0,,0.20742498338222504,,0.27085214853286743,0.9815633480747541,1.4211661876992792,0.03258087283313207,-16.546349843343098,1.0180147265178272,-0.008181420687971019,0.12234830011924108,0.6250059273996603,0.009476185265982375,0.12234830011924108,0.6250059273996603,0.009476185265982375,0.0,0.0,0.0,0.0029687456398581466,9.317434369129573e-05,8.906242287447295e-06,0.0029687456398581466,9.317434369129573e-05,8.906242287447295e-06,0.0029687456398581466,9.317434369129573e-05,8.906242287447295e-06,16.662853368123372,1.0531903335321997,0.006045665465154133,1.9810535152753195,0.10731598199154246,0.0016340832556447182,1.9810535152753195,0.10731598199154246,0.0016340832556447182,0.0,0.0,0.0,0.0,0.0,0.0,0.19285290787617365,0.009818322659996622,-0.00011163183857787626,0.2756974816322327,0.011723744634046645,-0.0003154246109611413
56.72339016199112,1.0,1500.0,0.0,16.0,2097.0,0.11320199860668041,237.0,1860.0,9.904949128514405,2.017754167091844,13014.360597346968,246.8,0.051008597883597885,34.31489361702127,7.801418439716312,11.130259561324669,141.0,34.1632,8.2832,11.149913067772674,125.0,34.31489361702127,7.801418439716312,11.130259561324669,141.0,0.4057143098009727,-0.006866362920797365,-0.001493936259412733,-0.0033517320325586217,-0.004903883876029805,-0.06335817967830522,-0.02142242380128969,8.241762512021028,16.0,204000.0,135.0,3399.0522820949554,60.01672909669622,0.25186628103256226,-15.839837074279785,0.8298640251159668,0.8298640251159668,0.0,0.00305861234664917,0.00305861234664917,0.00305861234664917,16.036296844482422,2.1033174991607666,2.1033174991607666,0.0,0.0,,0.2107546031475067,,0.2901255488395691,0.856353256603082,2.022583574728941,0.07268988704588579,-16.71444803873698,0.9379752789021952,0.02069368500332982,0.010759144524733226,0.47460062824628496,0.016242050212933307,0.010759144524733226,0.47460062824628496,0.016242050212933307,0.0,0.0,0.0,0.003077756962738931,5.6063901362658735e-05,-5.3878654482401225e-06,0.003077756962738931,5.6063901362658735e-05,-5.3878654482401225e-06,0.003077756962738931,5.6063901362658735e-05,-5.3878654482401225e-06,16.819979190826416,0.9427974883855554,-0.016480526059567985,1.9617860039075217,0.08207452915381211,0.0028084851212973106,1.9617860039075217,0.08207452915381211,0.0028084851212973106,0.0,0.0,0.0,0.0,0.0,0.0,0.19690636644760767,0.010670070551877934,0.0002601120542233427,0.28197016020615895,0.00985854326838239,0.000132130190846118
64.69054843217899,1.0,1500.0,0.0,39.0,1947.0,0.2975411699878557,579.0,1368.0,10.29457428302073,2.272315306597208,12102.558824661675,142.6,0.032983300180413566,33.003053435114495,4.972519083969466,11.664738715014526,131.0,32.49565217391303,6.484782608695651,11.779879192868291,92.0,33.003053435114495,4.972519083969466,11.664738715014526,131.0,0.42387948751411614,-0.007044230338252037,-0.001071257156189898,-0.0007798642583742298,-0.004168061600267841,-0.022932708403080013,-0.02374384487479023,8.911842283999665,39.0,205500.0,136.0,3421.0796575546265,60.068756232028385,0.5350251197814941,-18.394794464111328,-0.6777828931808472,-0.6777828931808472,0.0,0.0029259221628308296,0.0029259221628308296,0.0029259221628308296,18.644559860229492,1.843820333480835,1.843820333480835,0.0,0.0,,0.20830388367176056,,0.30405792593955994,0.6649361744523048,0.6417602412299781,0.01665533306667615,-16.38542652130127,1.0257890645854015,-0.05043990418430928,-0.04618453731139501,0.7600536094959442,-0.0016928805359478659,-0.04618453731139501,0.7600536094959442,-0.0016928805359478659,0.0,0.0,0.0,0.002976150143270691,0.00010250768876523248,-7.085409326203322e-06,0.002976150143270691,0.00010250768876523248,-7.085409326203322e-06,0.002976150143270691,0.00010250768876523248,-7.085409326203322e-06,16.501051648457846,1.0303085606086766,0.0525746325364495,1.9520014723141987,0.13067143749773796,-0.00030802622255153377,1.9520014723141987,0.13067143749773796,-0.00030802622255153377,0.0,0.0,0.0,0.0,0.0,0.0,0.2009068638086319,0.008506668817595205,0.0001787731525497458,0.28506642679373423,0.011254062846386454,0.00013323784272317583
64.93631310982279,1.0,1500.0,0.0,101.0,1993.0,0.7568785494535535,1508.0,485.0,9.753805809258079,1.6301473918778178,9892.122789848509,34.6,0.007413756160274266,34.82835820895523,2.3999999999999995,11.19561906877398,134.0,34.230303030303034,5.890909090909091,11.219463074409473,33.0,34.82835820895523,2.3999999999999995,11.19561906877398,134.0,0.41174398371547327,-0.005968668717216403,-0.0015647839314027604,-0.00026160576634694737,-0.003908364277172925,-0.02001384605702058,-0.022014741727040425,8.615003719800026,101.0,207000.0,137.0,3448.6381118297577,60.02369436501158,0.5150205492973328,-17.215320587158203,-0.8626697063446045,-0.8626697063446045,0.0,0.002942123217508197,0.002942123217508197,0.002942123217508197,17.393680572509766,1.811991810798645,1.811991810798645,0.0,0.0,,0.19918310642242432,,0.2677508294582367,1.6028503189484278,5.091968501082865,-0.11395012904725173,-16.876624425252277,1.037227101931353,-0.030850985636302244,-0.08306397000948589,0.5366215304117717,0.002999701244016911,-0.08306397000948589,0.5366215304117717,0.002999701244016911,0.0,0.0,0.0,0.0029165346020211774,2.3143252834072982e-05,5.907049657438532e-07,0.0029165346020211774,2.3143252834072982e-05,5.907049657438532e-07,0.0029165346020211774,2.3143252834072982e-05,5.907049657438532e-07,17.01795336405436,1.002716001741828,0.03024035953441081,1.9458001375198364,0.09197100502125635,0.0005132711769078317,1.9458001375198364,0.09197100502125635,0.0005132711769078317,0.0,0.0,0.0,0.0,0.0,0.0,0.19857386002937952,0.011610802488813144,8.676935555008485e-05,0.28127232789993284,0.012449182068767675,-0.000301937664443588
66.81860787159688,1.0,1500.0,0.0,74.0,1933.0,0.5702641837273188,1102.0,831.0,10.179594044888786,2.3057868280394604,10724.49988269795,49.2,0.011337972991657832,33.37999999999999,2.9846153846153842,11.548551958475914,130.0,33.50357142857143,5.914285714285714,11.430834751761921,56.0,33.37999999999999,2.9846153846153842,11.548551958475914,130.0,0.43714012335720326,-0.006796565110011505,-0.0018339064944464375,-0.0003426716323738426,-0.004166289285390851,-0.01286115388098904,-0.024979986540477183,9.2025588649613,74.0,208500.0,138.0,3473.4025070667267,60.02759529763723,0.2713991403579712,-18.082719802856445,0.4486713409423828,0.4486713409423828,0.0,0.0028636534698307514,0.0028636534698307514,0.0028636534698307514,18.083839416503906,2.036623477935791,2.036623477935791,0.0,0.0,,0.20822328329086304,,0.28973692655563354,1.655258444448312,3.7409264822902366,0.08128302405951947,-16.732022444407146,0.981829684518527,0.011092061222064097,-0.04330997417370478,0.6412185368901674,0.0013455178667361254,-0.04330997417370478,0.6412185368901674,0.0013455178667361254,0.0,0.0,0.0,0.0029975375859066845,7.16591752466556e-05,9.80170961630986e-07,0.0029975375859066845,7.16591752466556e-05,9.80170961630986e-07,0.0029975375859066845,7.16591752466556e-05,9.80170961630986e-07,16.850958665211994,0.9663484519265851,-0.01192345391126068,1.9525529861450195,0.1102094490568011,0.00023266364788184575,1.9525529861450195,0.1102094490568011,0.00023266364788184575,0.0,0.0,0.0,0.0,0.0,0.0,0.1954583153128624,0.011491244689329452,6.370131709551452e-05,0.28046157360076907,0.013847027527335303,-8.066997379562273e-05
66.69492118741259,1.0,1500.0,0.0,81.0,1988.0,0.6092166249017766,1211.0,777.0,10.008168169695036,1.697296541688337,10260.435709963867,68.0,0.015057573073516387,33.954887218045116,3.178947368421053,11.383115225561307,133.0,33.81538461538462,6.730769230769233,11.263398922610472,52.0,33.954887218045116,3.178947368421053,11.383115225561307,133.0,0.4259833631068784,-0.005899567677873189,-0.0007864296445830354,-0.0004497277333356737,-0.0040368902192379616,-0.014723727853733517,-0.022038973209329082,9.002921710106966,81.0,210000.0,139.0,3498.9749875068665,60.017576790290754,0.7004621028900146,-17.484487533569336,0.2658842206001282,0.2658842206001282,0.0,0.0028115734457969666,0.0028115734457969666,0.0028115734457969666,17.698440551757812,2.005262851715088,2.005262851715088,0.0,0.0,,0.2010168731212616,,0.3059607744216919,1.3880417803923288,3.3777237455067324,-0.033746886797025595,-16.598439248402915,1.040965730615602,0.003818133675614496,-0.0792019451657931,0.5762937656873498,-0.013217087157974,-0.0792019451657931,0.5762937656873498,-0.013217087157974,0.0,0.0,0.0,0.002820079020845393,6.831782686305241e-05,-5.228059403639778e-06,0.002820079020845393,6.831782686305241e-05,-5.228059403639778e-06,0.002820079020845393,6.831782686305241e-05,-5.228059403639778e-06,16.737555503845215,1.0296131418018362,0.0003283495367299804,1.946599507331848,0.09815517983372525,-0.0022586937077982206,1.946599507331848,0.09815517983372525,-0.0022586937077982206,0.0,0.0,0.0,0.0,0.0,0.0,0.1953023264805476,0.009552920874932626,7.325951859470594e-05,0.28279562989870705,0.012064449239931916,0.0004145881490527029
67.65453036886747,1.0,1500.0,0.0,122.0,1917.0,0.9476269285152165,1816.0,101.0,9.968107167925435,1.0863771627017749,8111.979760245027,4.6000000000000005,0.0010465010465010465,34.074418604651164,0.8170542635658912,11.318013188369985,129.0,32.31428571428571,6.742857142857141,11.90872489815101,7.0,34.074418604651164,0.8170542635658912,11.318013188369985,129.0,0.4228488161737598,-0.005186241334238814,-0.0010414800406952722,-0.00010896885350902542,-0.002848759669245158,-0.007762069885302748,-0.02175210617949943,8.630951631396194,122.0,211500.0,140.0,3527.7735719680786,59.95282738115421,0.5798166990280151,-17.101783752441406,0.7382357120513916,0.7382357120513916,0.0,0.0027352101169526577,0.0027352101169526577,0.0027352101169526577,17.395618438720703,2.0850942134857178,2.0850942134857178,0.0,0.0,,0.1833534836769104,,0.25955769419670105,0.8678166036804517,1.0295552250634634,-0.0343253104155003,-17.03818524678548,1.2383385692421498,-0.008966325838387806,-0.11728006154298783,0.519771752335196,0.02547997076134794,-0.11728006154298783,0.519771752335196,0.02547997076134794,0.0,0.0,0.0,0.0026992804758871596,7.47389830564827e-05,-4.858549454304473e-06,0.0026992804758871596,7.47389830564827e-05,-4.858549454304473e-06,0.0026992804758871596,7.47389830564827e-05,-4.858549454304473e-06,17.206103483835857,1.2304378805408045,0.010013189305187686,1.9401051123936972,0.08791112505995406,0.004318326201136534,1.9401051123936972,0.08791112505995406,0.004318326201136534,0.0,0.0,0.0,0.0,0.0,0.0,0.1918729881445567,0.009350676099207011,7.232842641624096e-05,0.2800836091240247,0.013326410666108854,9.749164769593449e-05
66.41103416019016,1.0,1500.0,0.0,18.0,1804.0,0.14674202822506255,264.0,1540.0,10.457754429026844,1.5554531889377985,10518.871165902272,203.8,0.05183112919633774,32.49586776859504,6.299173553719009,11.834243254178515,121.0,32.477669902912616,7.196116504854369,11.82276183164497,103.0,32.49586776859504,6.299173553719009,11.834243254178515,121.0,0.4485228316025158,-0.007046751906324755,-0.002198712356109046,-0.001839197524803494,-0.0024027459954233383,-0.02002288329519451,-0.024986032220802926,9.59717249798453,18.0,213000.0,141.0,3547.739281654358,60.03823367219794,1.862784504890442,-18.771114349365234,0.3025978207588196,0.3025978207588196,0.0,0.0029783390928059816,0.0029783390928059816,0.0029783390928059816,18.829265594482422,2.012024402618408,2.012024402618408,0.0,0.0,,0.18958024680614471,,0.27765071392059326,1.9472871482372285,4.778573418981524,-0.15057164522113733,-17.021654510498045,1.116174674251328,1.3733758809920564e-05,0.17258799249927204,0.6924926134274061,-0.01347154374415672,0.17258799249927204,0.6924926134274061,-0.01347154374415672,0.0,0.0,0.0,0.00284549321513623,0.00010557688129724115,1.0509281113611156e-05,0.00284549321513623,0.00010557688129724115,1.0509281113611156e-05,0.00284549321513623,0.00010557688129724115,1.0509281113611156e-05,17.137213261922202,1.1163689231698921,-0.000983512547443456,1.9893799861272177,0.1181082607658093,-0.0022675617650831192,1.9893799861272177,0.1181082607658093,-0.0022675617650831192,0.0,0.0,0.0,0.0,0.0,0.0,0.19140992214282354,0.007702921043848811,7.072639080785323e-05,0.2785491794347763,0.012690393503627736,0.00035790994647346525
66.37544263795365,1.0,1500.0,0.0,129.0,2078.0,0.9291128904575178,1930.0,148.0,9.992657656299595,1.1612728011574402,8857.443293493994,7.4,0.001567730180924537,33.95827338129497,0.8546762589928052,11.340453940031525,139.0,32.300000000000004,2.459999999999999,11.869027699613023,10.0,33.95827338129497,0.8546762589928052,11.340453940031525,139.0,0.42458377716291157,-0.005851708196906459,-0.0012089238813551859,-0.00012025447885435605,-0.005579203405290261,-0.011933718455457586,-0.022248782257466765,8.60512339455185,129.0,214500.0,142.0,3577.3012149333954,59.96140305562547,3.6990368366241455,-18.530925750732422,-0.0615336149930954,-0.0615336149930954,0.0,0.0031643356196582317,0.0031643356196582317,0.0031643356196582317,18.567333221435547,1.9493094682693481,1.9493094682693481,0.0,0.0,,0.20703279972076416,,0.28934445977211,0.7152218669652939,0.7519338264490836,0.03413535211322305,-17.410635948181152,1.04635595366637,0.002628028114327912,0.11898108720779418,0.5795496839909386,0.004992254239168257,0.11898108720779418,0.5795496839909386,0.004992254239168257,0.0,0.0,0.0,0.0030528639287998277,0.00013431533424193454,1.3344306022227088e-05,0.0030528639287998277,0.00013431533424193454,1.3344306022227088e-05,0.0030528639287998277,0.00013431533424193454,1.3344306022227088e-05,17.51274840037028,1.0313236782186828,-0.003204925757759548,1.9805912653605142,0.09998622599868118,0.0008631486648712264,1.9805912653605142,0.09998622599868118,0.0008631486648712264,0.0,0.0,0.0,0.0,0.0,0.0,0.1934808557232221,0.008097517038614409,3.572393776444535e-05,0.2761538545290629,0.009817128932688867,0.0001845472911838874
66.99529293605259,1.0,1500.0,0.0,14.0,1894.0,0.10371862989453912,196.0,1698.0,10.108287833863995,2.4412882760028105,12228.285269338958,185.60000000000002,0.043120672831188145,33.626562499999984,6.654687500000002,11.392521893532646,128.0,33.73333333333332,7.347368421052634,11.31387836099711,114.0,33.626562499999984,6.654687500000002,11.392521893532646,128.0,0.44642349275388576,-0.007014752880883383,-0.001162783093424562,-0.002754197634438736,-0.0045853658536585285,-0.01731707317073171,-0.024161944973814183,9.972000174705908,14.0,216000.0,143.0,3597.329909801483,60.04453453420397,0.38491299748420715,-15.36069107055664,0.41834038496017456,0.41834038496017456,0.0,0.002899873536080122,0.002899873536080122,0.002899873536080122,15.46127700805664,2.031595468521118,2.031595468521118,0.0,0.0,,0.18764881789684296,,0.27681300044059753,1.5622829481959344,3.530524774353535,-0.05694404633941591,-16.819742711385093,1.10062194358796,-0.01736715144920107,-0.24471754903594653,0.6481449888567539,-0.02100358931420245,-0.24471754903594653,0.6481449888567539,-0.02100358931420245,0.0,0.0,0.0,0.003101715949984888,8.426783912811432e-05,-3.2906973210305927e-06,0.003101715949984888,8.426783912811432e-05,-3.2906973210305927e-06,0.003101715949984888,8.426783912811432e-05,-3.2906973210305927e-06,16.949259948730468,1.091976945277661,0.014333850576296272,1.9176010052363077,0.1120865764260213,-0.0036283959801391053,1.9176010052363077,0.1120865764260213,-0.0036283959801391053,0.0,0.0,0.0,0.0,0.0,0.0,0.1943495313326518,0.009555815724102548,0.0003783190608422374,0.2765374759833018,0.011627427763378074,-5.322961308667481e-05
64.40856913516396,1.0,1500.0,0.0,38.0,1957.0,0.2917408340736397,570.0,1387.0,10.098645805900569,1.9529054927090506,11350.53871049396,173.60000000000002,0.03937936666364214,33.65190839694655,5.810687022900762,11.446975818338634,131.0,33.39139784946235,7.5075268817204295,11.475151996901266,93.0,33.65190839694655,5.810687022900762,11.446975818338634,131.0,0.4246676742757083,-0.006741507836381161,-0.0010310992304839624,-0.0009612622538430562,-0.003181974544203645,-0.027089783281733747,-0.023108890622547847,8.937935047436742,38.0,217500.0,144.0,3619.541965007782,60.09047611623212,4.451488494873047,-15.469661712646484,0.35487955808639526,0.35487955808639526,0.0,0.0033017657697200775,0.0033017657697200775,0.0033017657697200775,15.551012992858887,2.0221123695373535,2.0221123695373535,0.0,0.0,,0.18982824683189392,,0.27972403168678284,1.6949219117561976,3.3122051283481535,0.02448529317328603,-16.88890641530355,1.2904984464160545,0.012263610975628768,0.02524196058511734,0.6386554385033631,0.005295528257649007,0.02524196058511734,0.6386554385033631,0.005295528257649007,0.0,0.0,0.0,0.0031245465157553553,0.00015198818398373228,1.6720366464291658e-05,0.0031245465157553553,0.00015198818398373228,1.6720366464291658e-05,0.0031245465157553553,0.00015198818398373228,1.6720366464291658e-05,17.003110949198405,1.3051149286655854,-0.01011786582870458,1.9644689043362935,0.11076024311029449,0.0009060255279794997,1.9644689043362935,0.11076024311029449,0.0009060255279794997,0.0,0.0,0.0,0.0,0.0,0.0,0.19523928612470626,0.010735539609311204,0.0002676257003799013,0.27997778058052064,0.014505290340872059,0.00022574968147064876
65.5670125749376,1.0,1500.0,0.0,54.0,2063.0,0.3911410682432141,806.0,1257.0,10.041591149552575,1.5854244681364498,11162.757874041075,120.0,0.02568933036478849,33.84927536231884,3.914492753623189,11.386436998202067,138.0,33.28333333333334,5.678571428571427,11.51543652513199,84.0,33.84927536231884,3.914492753623189,11.386436998202067,138.0,0.41770224260190614,-0.006290099317029005,-0.0011451125702775025,-0.00085539650978067,-0.002026704816404384,-0.018836432999523128,-0.021497828814480344,8.55180874005599,54.0,219000.0,145.0,3643.3102123737335,60.11017103517915,0.3164255917072296,-16.40675163269043,0.47347432374954224,0.47347432374954224,0.0,0.002955206437036395,0.002955206437036395,0.002955206437036395,16.56466293334961,2.0412936210632324,2.0412936210632324,0.0,0.0,,0.1973896324634552,,0.2773466408252716,1.2196529855330784,1.7134230809913682,0.030572622179056822,-17.034267934163413,1.3563913237210314,-0.028821396535972856,0.022186270852883657,0.5441866952416047,0.016305208603983073,0.022186270852883657,0.5441866952416047,0.016305208603983073,0.0,0.0,0.0,0.0030330559782062966,9.240060818246588e-05,-9.395372800040122e-06,0.0030330559782062966,9.240060818246588e-05,-9.395372800040122e-06,0.0030330559782062966,9.240060818246588e-05,-9.395372800040122e-06,17.190735912323,1.328925777091865,0.028804385065368955,1.9636946121851604,0.09377536190053458,0.0028117075380148875,1.9636946121851604,0.09377536190053458,0.0028117075380148875,0.0,0.0,0.0,0.0,0.0,0.0,0.19330259362856547,0.009308322369795091,0.00021218776835482475,0.27647345264752704,0.014616468630544922,0.0005751233344878928
68.13861781099568,1.0,1500.0,0.0,92.0,1817.0,0.7539071657704034,1369.0,448.0,10.384643159634017,1.526687208740929,8516.03812029564,14.600000000000001,0.0036587810745789895,32.70819672131148,1.2590163934426235,11.778718691915792,122.0,31.639999999999997,3.2666666666666666,12.112324316308442,30.0,32.70819672131148,1.2590163934426235,11.778718691915792,122.0,0.438932042714945,-0.0055348998478124785,-0.0011291038326484723,-1.2040712119273233e-05,-0.002282036278525466,-0.010166764189584553,-0.02303546956482871,9.174888622550974,92.0,220500.0,146.0,3668.9805047512054,60.09843871191465,0.3020205497741699,-17.71529769897461,0.24413621425628662,0.24413621425628662,0.0,0.0033383434638381004,0.0033383434638381004,0.0033383434638381004,17.867916107177734,2.002814769744873,2.002814769744873,0.0,0.0,,0.178447425365448,,0.2696077227592468,1.0028434664011001,1.3420941409084488,0.019584537288370837,-17.391055075327554,1.0393925284059726,-0.033264669984810806,0.24613086779912313,0.8038922200245809,0.02145595339699768,0.24613086779912313,0.8038922200245809,0.02145595339699768,0.0,0.0,0.0,0.0031284468326096735,0.00019649055288428917,1.9930299729920924e-05,0.0031284468326096735,0.00019649055288428917,1.9930299729920924e-05,0.0031284468326096735,0.00019649055288428917,1.9930299729920924e-05,17.512197812398274,1.0322813437795795,0.03065464117370491,2.0028876066207886,0.1387389490415497,0.0037186330364596064,2.0028876066207886,0.1387389490415497,0.0037186330364596064,0.0,0.0,0.0,0.0,0.0,0.0,0.19647337247927985,0.009194714247293439,-4.8084837182079805e-08,0.2810644308725993,0.01267862369393667,5.237027190550246e-05
68.10642828870175,1.0,1500.0,0.0,67.0,1828.0,0.5449704275228305,996.0,832.0,10.258025666488264,1.4806096212467186,9304.321376381093,56.400000000000006,0.013854089904200442,33.097560975609774,3.003252032520326,11.706086339147104,123.0,32.7607142857143,5.85,11.741976268941755,56.0,33.097560975609774,3.003252032520326,11.706086339147104,123.0,0.43669700040573417,-0.0060168001671837435,-0.001050139091283189,-0.0004058148927711337,-0.0019403880776155237,-0.010452090418083617,-0.022643969840945896,9.284195315859138,67.0,222000.0,147.0,3692.984450817108,60.11398178264205,0.38621366024017334,-19.297456741333008,0.7453358769416809,0.7453358769416809,0.0,0.003142268629744649,0.003142268629744649,0.003142268629744649,19.455036163330078,2.0893306732177734,2.0893306732177734,0.0,0.0,,0.18989181518554688,,0.2820092439651489,0.732115753988425,0.8536804731847537,0.011351370549573242,-17.458874066670734,1.0545176303618877,-0.026736470138668044,-0.003794924666484197,0.608388143708821,0.00392786858642724,-0.003794924666484197,0.608388143708821,0.00392786858642724,0.0,0.0,0.0,0.003250093952131768,6.272297632957921e-05,-5.985275625735121e-06,0.003250093952131768,6.272297632957921e-05,-5.985275625735121e-06,0.003250093952131768,6.272297632957921e-05,-5.985275625735121e-06,17.585963376363118,1.0580320067671156,0.02617820892503671,1.959327475229899,0.10620529070510341,0.0006796774795243297,1.959327475229899,0.10620529070510341,0.0006796774795243297,0.0,0.0,0.0,0.0,0.0,0.0,0.19888940801223118,0.011027641857990723,0.00037757662498910996,0.2830283612012863,0.011128411812681925,0.000575661586309556
67.45208252800836,1.0,1500.0,0.0,36.0,1892.0,0.2849979426572711,539.0,1353.0,10.348436660069275,1.9850597703429258,11304.891001545755,173.0,0.041478852977845974,32.84094488188976,5.755905511811024,11.753073240960951,127.0,33.01538461538462,7.6923076923076925,11.662592257295568,91.0,32.84094488188976,5.755905511811024,11.753073240960951,127.0,0.4522486000409285,-0.007002289576145984,-0.0012341643917913247,-0.0014673129491592283,-0.0036695485110470705,-0.014889529298751201,-0.02463522672091077,9.712651396769953,36.0,223500.0,148.0,3714.379290819168,60.17156097989911,0.9588064551353455,-16.15108299255371,0.6134490370750427,0.6134490370750427,0.0,0.0033035343512892723,0.0033035343512892723,0.0033035343512892723,16.312633514404297,2.067375898361206,2.067375898361206,0.0,0.0,,0.19563181698322296,,0.2745778560638428,0.930745567381382,1.5290544294148107,-0.009197085760989664,-16.81047468185425,0.9960482152200789,0.01860568032779239,0.156088038161397,0.6605330772111534,-0.0014316748699237476,0.156088038161397,0.6605330772111534,-0.0014316748699237476,0.0,0.0,0.0,0.0032839531544595958,5.229309773915808e-05,1.3192726073327574e-06,0.0032839531544595958,5.229309773915808e-05,1.3192726073327574e-06,0.0032839531544595958,5.229309773915808e-05,1.3192726073327574e-06,16.961395581563313,0.9815577163848278,-0.01652251127962278,1.9873009165128073,0.1155043166445988,-0.0002571426588913857,1.9873009165128073,0.1155043166445988,-0.0002571426588913857,0.0,0.0,0.0,0.0,0.0,0.0,0.19823872943719228,0.008898662206006882,-0.00027052244965041535,0.2837282449007034,0.012541623161484031,-0.00024446407467690925
67.80607424111201,1.0,1500.0,0.0,116.0,1957.0,0.8877083159329295,1737.0,220.0,10.160696174333225,1.0082960962137504,7916.729118065967,10.600000000000001,0.0024219713933190147,33.40916030534351,0.8641221374045805,11.460322936745246,131.0,33.41333333333333,2.4933333333333336,11.52110728008123,15.0,33.40916030534351,0.8641221374045805,11.460322936745246,131.0,0.43708080409459676,-0.005335449658389895,-0.0008717004221458986,-0.00016935514359526588,-0.002687861271676323,-0.010953757225433526,-0.021560182035610023,8.821650084691708,116.0,225000.0,149.0,3742.3568964004517,60.12253941263966,0.5600317716598511,-17.219491958618164,-0.03217340260744095,-0.03217340260744095,0.0,0.0032690567895770073,0.0032690567895770073,0.0032690567895770073,17.313045501708984,1.954378366470337,1.954378366470337,0.0,0.0,,0.21304097771644592,,0.2951500415802002,1.0573224614063899,1.3711222522788933,-0.025883877284004406,-17.391484546661378,1.0684741887198568,0.010342379433162394,0.12041134859124819,0.5975440310562689,-0.005723032695101416,0.12041134859124819,0.5975440310562689,-0.005723032695101416,0.0,0.0,0.0,0.003351414382147292,6.943259063837734e-05,-2.5536680078182867e-06,0.003351414382147292,6.943259063837734e-05,-2.5536680078182867e-06,0.003351414382147292,6.943259063837734e-05,-2.5536680078182867e-06,17.52862787246704,1.0821551109437708,-0.007813233448745927,1.9811580260594686,0.10504674275967539,-0.0010059356159045274,1.9811580260594686,0.10504674275967539,-0.0010059356159045274,0.0,0.0,0.0,0.0,0.0,0.0,0.20058604329824448,0.009092589406718954,-0.00026126105143576064,0.28772512674331663,0.010186701774296534,-0.00027776603836637793
67.29864965700635,1.0,1500.0,0.0,51.0,2018.0,0.37412735283806836,754.0,1264.0,10.043982113794133,1.6916471888296936,11446.631060795165,96.0,0.02086412240285143,33.83235294117645,4.1000000000000005,11.3796548763581,136.0,34.03529411764707,6.145882352941176,11.259377992153151,85.0,33.83235294117645,4.1000000000000005,11.3796548763581,136.0,0.4340031762473303,-0.006952348058922579,-0.0007552490312040885,-0.0009308387224848866,-0.0019856303069888913,-0.011495754408883082,-0.024268857583935374,9.118473410346546,51.0,226500.0,150.0,3765.652523756027,60.14893795194862,0.36723792552948,-17.618406295776367,0.8780856728553772,0.8780856728553772,0.0,0.003030952997505665,0.003030952997505665,0.003030952997505665,17.687191009521484,2.111419439315796,2.111419439315796,0.0,0.0,,0.18361854553222656,,0.270951509475708,0.6802074387669563,0.8178248308229972,-0.03921016498123846,-17.642415682474773,0.8145999354384295,-0.02620283684820651,-9.076545635859172e-05,0.57157817171101,-0.005800825612696186,-9.076545635859172e-05,0.57157817171101,-0.005800825612696186,0.0,0.0,0.0,0.003287961046832303,0.00011613411238844836,-1.0731096770013546e-05,0.003287961046832303,0.00011613411238844836,-1.0731096770013546e-05,0.003287961046832303,0.00011613411238844836,-1.0731096770013546e-05,17.752979628245036,0.799590413674621,0.022555435698342386,1.960001822312673,0.09995881687417622,-0.0010295860759408696,1.960001822312673,0.09995881687417622,-0.0010295860759408696,0.0,0.0,0.0,0.0,0.0,0.0,0.2008628914753596,0.00906421622630634,0.00012480723977221093,0.28553615013758343,0.012174255051934467,0.0003060363821511214
64.39571014203523,1.0,1500.0,0.0,38.0,2006.0,0.2845260992475534,570.0,1436.0,10.17801920762866,1.9486007786180193,11283.592507130183,136.0,0.030399213196834904,33.3865671641791,4.317910447761194,11.48283547970481,134.0,33.25416666666666,5.472916666666666,11.455369519126387,96.0,33.3865671641791,4.317910447761194,11.48283547970481,134.0,0.4351201692958847,-0.0071892429433374734,-0.0019728636421586184,-0.001342526307593861,-0.0087858021437358,-0.023370233702337023,-0.023662780265271483,9.163549006256066,38.0,228000.0,151.0,3788.365746498108,60.184262887172075,14.816123008728027,-17.621421813964844,-0.5695574283599854,-0.5695574283599854,0.0,0.003239045152440667,0.003239045152440667,0.003239045152440667,18.05063247680664,1.8606395721435547,1.8606395721435547,0.0,0.0,,0.20671193301677704,,0.2875255346298218,1.5271379336714745,2.934566349180264,0.07955887695904966,-17.49263095855713,0.9422806612164092,0.016319931335789063,0.24846292386452357,0.5967066429354225,0.0020643182239755216,0.24846292386452357,0.5967066429354225,0.0020643182239755216,0.0,0.0,0.0,0.0031216798272604746,9.753410648532889e-05,1.060279646683248e-05,0.0031216798272604746,9.753410648532889e-05,1.060279646683248e-05,0.0031216798272604746,9.753410648532889e-05,1.060279646683248e-05,17.64174722035726,0.9916386634020952,-0.012732211527756046,2.0031104763348897,0.10327486500225008,0.0003650527642220913,2.0031104763348897,0.10327486500225008,0.0003650527642220913,0.0,0.0,0.0,0.0,0.0,0.0,0.20127568244934083,0.009806484192587716,0.00017655665537671272,0.2859733005364736,0.014967440086340612,8.34954196009067e-05
64.62780176450129,1.0,1500.0,0.0,73.0,2010.0,0.5396436243686454,1084.0,926.0,10.024435787033136,2.1008425643246187,11189.510855345465,68.8,0.01503299392562164,33.90074074074076,3.223703703703703,11.379459022307541,135.0,33.31290322580646,5.567741935483871,11.43600672647514,62.0,33.90074074074076,3.223703703703703,11.379459022307541,135.0,0.41981836096160446,-0.0069925470808081215,-0.0014321544818762374,-0.0003527338752839468,-0.006340772228126125,-0.019925611052072262,-0.02374713533329778,8.78230174746169,73.0,229500.0,152.0,3814.3157427310944,60.16806564515693,0.3497445583343506,-18.161283493041992,0.1481960117816925,0.1481960117816925,0.0,0.003215635195374489,0.003215635195374489,0.003215635195374489,18.4061222076416,1.9858202934265137,1.9858202934265137,0.0,0.0,,0.19179221987724304,,0.27075791358947754,1.0072219024101894,1.483733298738435,-0.04873937638238225,-17.397620105743407,1.0112285370342875,-0.019585535603184757,-0.036964163680871326,0.6855852244993208,0.030504238370130568,-0.036964163680871326,0.6855852244993208,0.030504238370130568,0.0,0.0,0.0,0.00314513451885432,8.168182843154395e-05,6.538171174048115e-06,0.00314513451885432,8.168182843154395e-05,6.538171174048115e-06,0.00314513451885432,8.168182843154395e-05,6.538171174048115e-06,17.55541508992513,1.0023345305073,0.016934039462792275,1.9535633246103923,0.11922128415919542,0.005303399157073211,1.9535633246103923,0.11922128415919542,0.005303399157073211,0.0,0.0,0.0,0.0,0.0,0.0,0.19962172706921896,0.011492622137470583,0.00022961781075320892,0.28061892787615456,0.012266829261053562,-1.8004647086282316e-05
67.0891412176737,1.0,1500.0,0.0,82.0,1891.0,0.6435229178309391,1216.0,675.0,10.196160282833958,1.7628898029195346,9673.994195336445,33.0,0.007735221039801228,33.3296875,2.26875,11.569448848616807,128.0,32.90869565217391,4.88695652173913,11.756475909911362,46.0,33.3296875,2.26875,11.569448848616807,128.0,0.4347666796983318,-0.006076154359928217,-0.0011929806433095917,-0.0003520068433006331,-0.0029720706782835477,-0.01335396140379448,-0.022199467893136957,8.886181415373343,82.0,231000.0,153.0,3841.059058189392,60.13966369704541,1.778416633605957,-16.970809936523438,-0.4294123351573944,-0.4294123351573944,0.0,0.0035054022446274757,0.0035054022446274757,0.0035054022446274757,16.960712432861328,1.8840426206588745,1.8840426206588745,0.0,0.0,,0.20690104365348816,,0.2799062728881836,1.3965827057758966,3.260372923547666,0.02881075668255398,-17.853418254852294,1.0917690677120002,0.015331534151241008,0.1711103847871224,0.7550841363486991,-0.008217513013436335,0.1711103847871224,0.7550841363486991,-0.008217513013436335,0.0,0.0,0.0,0.0033752575671921175,0.00013592363241883047,1.2536904669974783e-05,0.0033752575671921175,0.00013592363241883047,1.2536904669974783e-05,0.0033752575671921175,0.00013592363241883047,1.2536904669974783e-05,17.974730491638184,1.1024758611819363,-0.019421881908039364,1.9899131019910177,0.13236202722188664,-0.001417076786580198,1.9899131019910177,0.13236202722188664,-0.001417076786580198,0.0,0.0,0.0,0.0,0.0,0.0,0.20041904747486114,0.007963769739442595,-3.755338597749121e-05,0.28092088798681897,0.010336919621197534,-0.0002189732168089543
66.66580178786297,1.0,1500.0,0.0,98.0,1834.0,0.7975283223149867,1462.0,372.0,10.221090839263976,1.339526582156671,8186.236292206381,14.8,0.003622833643395672,33.21300813008131,1.6601626016260163,11.596776471166342,123.0,32.59199999999999,4.608000000000001,11.853487867311905,25.0,33.21300813008131,1.6601626016260163,11.596776471166342,123.0,0.436863761550845,-0.006088673756393327,-0.0015082624495854687,-0.00031048973990263515,-0.004247896572953048,-0.015219919283124701,-0.022760786411452853,8.976284512231317,98.0,232500.0,154.0,3868.236453294754,60.104908995924774,0.6071672439575195,-17.176124572753906,-0.4240874648094177,-0.4240874648094177,0.0,0.003405147697776556,0.003405147697776556,0.003405147697776556,17.349443435668945,1.8853673934936523,1.8853673934936523,0.0,0.0,,0.19683006405830383,,0.2907659411430359,0.8345038339495658,0.9528547084674329,0.03477118646806816,-17.62804037729899,0.9912964941667809,0.008678007284977415,0.10190743766725063,0.436495690200296,0.006980633617143613,0.10190743766725063,0.436495690200296,0.006980633617143613,0.0,0.0,0.0,0.003470100563329955,6.0484005286006874e-05,-5.4508060718306285e-06,0.003470100563329955,6.0484005286006874e-05,-5.4508060718306285e-06,0.003470100563329955,6.0484005286006874e-05,-5.4508060718306285e-06,17.748920758565266,0.9658074471671869,-0.006552317940751602,1.9779603203137717,0.07711993382029479,0.0012311054151235919,1.9779603203137717,0.07711993382029479,0.0012311054151235919,0.0,0.0,0.0,0.0,0.0,0.0,0.19767500907182695,0.00919930857539416,-2.6050123807718465e-05,0.2781382421652476,0.010504543726383644,-0.00016725901369258754
55.27665436267853,1.0,1500.0,0.0,8.0,2093.0,0.054015158363240445,113.0,1980.0,9.822993623394149,2.7296740435985667,13775.927887542337,280.40000000000003,0.057461371367679,34.608510638297886,8.190070921985813,11.063612698044864,141.0,34.67368421052634,8.37443609022556,11.030803702071141,133.0,34.608510638297886,8.190070921985813,11.063612698044864,141.0,0.4428323916637662,-0.008988171833607464,-0.001296587846414646,-0.002896544385259364,-0.005937234944868525,-0.08693808312128923,-0.024766127347534576,9.294232676245034,8.0,234000.0,155.0,3887.8901555538177,60.186885595451564,0.40096038579940796,-17.74993133544922,0.3215263783931732,0.3215263783931732,0.0,0.00369576970115304,0.00369576970115304,0.00369576970115304,17.76885223388672,2.0174100399017334,2.0174100399017334,0.0,0.0,,0.1995055079460144,,0.2872549891471863,0.5814825211962064,0.45086699080167125,0.0028574761711848205,-17.647295061747233,0.9747822126389436,0.024514939814176368,0.2434228556851546,0.7152792514997138,0.02542191449639795,0.2434228556851546,0.7152792514997138,0.02542191449639795,0.0,0.0,0.0,0.0034665566325808566,0.00017994832226254752,1.755249769415482e-05,0.0034665566325808566,0.00017994832226254752,1.755249769415482e-05,0.0034665566325808566,0.00017994832226254752,1.755249769415482e-05,17.76066099802653,0.9793783956829164,-0.027624473105018244,2.003331772486369,0.12680775066641145,0.004526260511761061,2.003331772486369,0.12680775066641145,0.004526260511761061,0.0,0.0,0.0,0.0,0.0,0.0,0.2008849024772644,0.010282981576857012,-2.2988623055791467e-05,0.28742070496082306,0.013643471303782219,4.091475643755126e-05
67.71686567306519,1.0,1500.0,0.0,100.0,1811.0,0.8257837302420714,1495.0,316.0,10.243160264807267,1.550152983693631,8496.52721283832,10.200000000000001,0.002522379939660715,33.14590163934428,1.5704918032786892,11.68148339647691,122.0,34.43636363636364,5.9,11.250307283392832,22.0,33.14590163934428,1.5704918032786892,11.68148339647691,122.0,0.44443951124511566,-0.006388890102066699,-0.0015475347038974717,-0.00022855995890094455,-0.004492852280462935,-0.010517358747447242,-0.024196500197425024,9.38760345618542,100.0,235500.0,156.0,3914.1106910705566,60.16692387807456,0.2904418110847473,-18.58161163330078,0.5189868807792664,0.5189868807792664,0.0,0.0034504784271121025,0.0034504784271121025,0.0034504784271121025,18.817317962646484,2.051544427871704,2.051544427871704,0.0,0.0,,0.20969277620315552,,0.28859055042266846,0.5271824349959692,0.23360909133342125,0.0009017077184492417,-18.242127227783204,1.1788335618504737,-0.0415101574313254,-0.12293607244888942,0.6133648965146117,-0.018776935726835156,-0.12293607244888942,0.6133648965146117,-0.018776935726835156,0.0,0.0,0.0,0.0037339431311314304,0.00014167624423557662,-1.1241374313582848e-05,0.0037339431311314304,0.00014167624423557662,-1.1241374313582848e-05,0.0037339431311314304,0.00014167624423557662,-1.1241374313582848e-05,18.383690071105956,1.189221257781246,0.0433552586064318,1.937977397441864,0.10994381601783633,-0.003351737209103686,1.937977397441864,0.10994381601783633,-0.003351737209103686,0.0,0.0,0.0,0.0,0.0,0.0,0.20578626344601314,0.010081786822253722,0.00012077159756945354,0.2886637419462204,0.011381553206985692,3.283113340646726e-05
66.01988281171346,1.0,1500.0,0.0,97.0,1926.0,0.7509359440426363,1446.0,480.0,10.071714604738613,1.4842467295825397,8998.797590169554,23.200000000000003,0.005337014032666207,33.69767441860464,1.6651162790697676,11.450190145168921,129.0,33.03124999999999,3.4125000000000005,11.64048529134862,32.0,33.69767441860464,1.6651162790697676,11.450190145168921,129.0,0.42765907536016734,-0.006092390465450307,-0.0012511129268092211,-0.0002632557019923599,-0.00329692693847096,-0.017909232752187774,-0.022241007809054917,8.787547941020371,97.0,237000.0,157.0,3940.751440525055,60.14081415102465,0.30287787318229675,-16.548402786254883,-1.0983047485351562,-1.0983047485351562,0.0,0.0037595625035464764,0.0037595625035464764,0.0037595625035464764,16.684871673583984,1.7632921934127808,1.7632921934127808,0.0,0.0,,0.19536985456943512,,0.2940385341644287,0.8380381355683009,1.0472077902672796,-0.014993000527775491,-17.71670560836792,1.3209477660990083,0.022180179812354435,0.014485451579093932,0.7090062657450604,0.019304726969811226,0.014485451579093932,0.7090062657450604,0.019304726969811226,0.0,0.0,0.0,0.0035842253904168806,8.466619998891014e-05,7.229709575103907e-06,0.0035842253904168806,8.466619998891014e-05,7.229709575103907e-06,0.0035842253904168806,8.466619998891014e-05,7.229709575103907e-06,17.833139260609943,1.3210315458565414,-0.0246070303826764,1.9626580079396565,0.12604573796399882,0.003432588290849919,1.9626580079396565,0.12604573796399882,0.003432588290849919,0.0,0.0,0.0,0.0,0.0,0.0,0.19983770747979482,0.008998015023782054,-0.00012225250115781966,0.2862538735071818,0.011049908563054534,0.0002688236310829365
66.28581034986279,1.0,1500.0,0.0,79.0,2064.0,0.5687619739426768,1173.0,891.0,10.02108090732116,1.6762308563011667,10596.875460034855,59.400000000000006,0.012607717451288365,33.894964028776975,2.966906474820144,11.350771557818188,139.0,34.103333333333325,5.706666666666666,11.208410468189243,60.0,33.894964028776975,2.966906474820144,11.350771557818188,139.0,0.43154066735839236,-0.0066617013748108645,-0.0012699152257013352,-0.0004926004838196375,-0.005176608775904069,-0.014682439801996811,-0.023364691978955483,8.970098952255896,79.0,238500.0,158.0,3966.169453859329,60.13358803112275,0.33361682295799255,-16.84856414794922,-0.5249732136726379,-0.5249732136726379,0.0,0.0036602343898266554,0.0036602343898266554,0.0036602343898266554,16.904964447021484,1.866428017616272,1.866428017616272,0.0,0.0,,0.2195250540971756,,0.3076956272125244,0.7182837968071302,1.0684312935557,-0.0008669144684268662,-17.91901289621989,1.1937275820176798,0.05183965366860013,-0.006071813652912776,0.5582312367166641,0.015064411697385049,-0.006071813652912776,0.5582312367166641,0.015064411697385049,0.0,0.0,0.0,0.003551115095615387,9.369255936829829e-05,-2.3337747193086337e-06,0.003551115095615387,9.369255936829829e-05,-2.3337747193086337e-06,0.003551115095615387,9.369255936829829e-05,-2.3337747193086337e-06,18.021374956766763,1.1970414211982408,-0.05092733168893762,1.9589564720789592,0.09901552477116995,0.002681514975491495,1.9589564720789592,0.09901552477116995,0.002681514975491495,0.0,0.0,0.0,0.0,0.0,0.0,0.20041351864735285,0.012938535469029875,-0.00011507714616841436,0.2870546052853266,0.01493867117147011,-0.00014361595948360708
67.3919135080257,1.0,1500.0,0.0,71.0,1818.0,0.5809393260758289,1056.0,762.0,10.23131721833103,1.350303932714532,8938.308800539731,42.6,0.010521116325018523,33.18852459016392,2.9868852459016395,11.68433403049145,122.0,33.235294117647065,6.031372549019607,11.65025266959012,51.0,33.18852459016392,2.9868852459016395,11.68433403049145,122.0,0.4392816994420316,-0.006916497781176548,-0.0010640272654543472,-0.0003605691538378188,-0.0017362428842504734,-0.013472485768500948,-0.02445249407939249,9.3062132999307,71.0,240000.0,159.0,3990.324315071106,60.145487196000836,0.5015982389450073,-19.195140838623047,0.24121184647083282,0.24121184647083282,0.0,0.0035115520004183054,0.0035115520004183054,0.0035115520004183054,19.197071075439453,2.002680778503418,2.002680778503418,0.0,0.0,,0.201264888048172,,0.28226640820503235,0.8592920934160551,1.0959781306076708,0.02675573648480869,-17.914479637145995,0.8995547953243164,-0.026065077479343748,-0.13138093128800393,0.5841450911929362,-0.0034875606452928003,-0.13138093128800393,0.5841450911929362,-0.0034875606452928003,0.0,0.0,0.0,0.0036951775196939706,8.260691568289352e-05,-2.5696988249648668e-06,0.0036951775196939706,8.260691568289352e-05,-2.5696988249648668e-06,0.0036951775196939706,8.260691568289352e-05,-2.5696988249648668e-06,18.041555468241373,0.9060703772970239,0.025305803360477174,1.936621375878652,0.10431697407109804,-0.0006139552898216488,1.936621375878652,0.10431697407109804,-0.0006139552898216488,0.0,0.0,0.0,0.0,0.0,0.0,0.20579246481259664,0.011297750578888814,-9.400077470815667e-05,0.2932706743478775,0.014358945155183815,-0.0001563461590661987
66.26600703414606,1.0,1500.0,0.0,98.0,2097.0,0.7009470707601658,1469.0,628.0,9.926170304935138,1.4739885919053546,9698.56582894074,6.800000000000001,0.0014199206514930048,34.207142857142834,1.6414285714285715,11.22278115053809,140.0,34.00952380952382,3.5666666666666664,11.250836551722857,42.0,34.207142857142834,1.6414285714285715,11.22278115053809,140.0,0.4223985809939883,-0.00619133132033421,-0.0011997145736524256,-8.800667456547142e-05,-0.0035377671578388746,-0.013274923669188901,-0.022568470730074917,8.532731369051422,98.0,241500.0,160.0,4017.5950181484222,60.11058827708808,0.30528730154037476,-18.614168167114258,-0.3013933300971985,-0.3013933300971985,0.0,0.003816542448475957,0.003816542448475957,0.003816542448475957,18.693500518798828,1.905874490737915,1.905874490737915,0.0,0.0,,0.20006200671195984,,0.2865526080131531,0.6688945521910985,0.49662197401411523,-0.0022842517220006235,-18.14534282684326,1.1513897627294458,-0.026125580529879528,-0.052141971637805304,0.5938762500028603,0.003952430022903224,-0.052141971637805304,0.5938762500028603,0.003952430022903224,0.0,0.0,0.0,0.0036369906039908527,0.00013615877621530104,1.298838390350267e-05,0.0036369906039908527,0.00013615877621530104,1.298838390350267e-05,0.0036369906039908527,0.00013615877621530104,1.298838390350267e-05,18.25488847096761,1.1337546611252234,0.022999484069620046,1.950780729452769,0.105621970116462,0.0006873744746070802,1.950780729452769,0.105621970116462,0.0006873744746070802,0.0,0.0,0.0,0.0,0.0,0.0,0.20108993152777355,0.0113180189339725,-0.00038210647522541507,0.28851492603619894,0.014138760953162448,0.00010322564435879793
67.39421182520249,1.0,1500.0,0.0,34.0,1960.0,0.2600274518139068,509.0,1451.0,10.071576799441907,1.7771787647609913,11245.119981305968,127.4,0.028828747284576395,33.73435114503817,4.790839694656488,11.468727086847192,131.0,33.92577319587629,6.202061855670101,11.35819385785717,97.0,33.73435114503817,4.790839694656488,11.468727086847192,131.0,0.4388653360230808,-0.007338330472367583,-0.0007915221557024054,-0.001138163297696807,-0.002077973481100332,-0.01286364535919256,-0.025113564552141313,9.501374263707003,34.0,243000.0,161.0,4039.2317295074463,60.159955227335274,0.7621499300003052,-16.8277587890625,0.38242024183273315,0.38242024183273315,0.0,0.0038481380324810743,0.0038481380324810743,0.0038481380324810743,17.06536865234375,2.028777837753296,2.028777837753296,0.0,0.0,,0.19744235277175903,,0.2809675335884094,0.5633941466609637,0.3434142055487142,0.011681122811007678,-18.183140818277995,0.8310859425942432,0.005629282984240817,0.0014721103012561797,0.4409147063567073,-0.0040739564048965496,0.0014721103012561797,0.4409147063567073,-0.0040739564048965496,0.0,0.0,0.0,0.003893995479059716,4.342258770108013e-05,-4.582410083630833e-07,0.003893995479059716,4.342258770108013e-05,-4.582410083630833e-07,0.003893995479059716,4.342258770108013e-05,-4.582410083630833e-07,18.294392903645832,0.8160186062077108,-0.001984364782212454,1.960244639714559,0.07953541979739498,-0.000732780325001733,1.960244639714559,0.07953541979739498,-0.000732780325001733,0.0,0.0,0.0,0.0,0.0,0.0,0.2007236937681834,0.01021588270693705,0.0001528657981100203,0.2884746064742406,0.013741751258248055,0.00023241027841578005
53.954232406616214,1.0,1500.0,0.0,10.0,1934.0,0.07456042155134326,144.0,1790.0,10.308821986556643,2.410382974164288,12427.239815242792,274.0,0.06397086290623832,32.94769230769229,7.858461538461536,11.725935439060981,130.0,32.94333333333332,8.056666666666665,11.718841808544562,120.0,32.94769230769229,7.858461538461536,11.725935439060981,130.0,0.445796662572226,-0.010185432192483076,-0.0018239894932146187,-0.0033997028399640047,-0.005255972696245726,-0.09351535836177474,-0.028613481287132623,9.564331862456646,10.0,244500.0,162.0,4058.741093158722,60.2403539393338,0.30924615263938904,-17.63288688659668,-0.2511165142059326,-0.2511165142059326,0.0,0.0036512273363769054,0.0036512273363769054,0.0036512273363769054,17.81047248840332,1.915258526802063,1.915258526802063,0.0,0.0,,0.19776475429534912,,0.29025739431381226,0.8673151671886444,0.9143029460504006,0.013404273257504838,-18.120810572306315,0.9438031517395982,-0.03553482072637112,-0.19228639006614684,0.7291052995743562,0.00586404073755521,-0.19228639006614684,0.7291052995743562,0.00586404073755521,0.0,0.0,0.0,0.0036704161437228324,0.00017469152367037503,-1.358595154599373e-05,0.0036704161437228324,0.00017469152367037503,-1.358595154599373e-05,0.0036704161437228324,0.00017469152367037503,-1.358595154599373e-05,18.260070482889812,0.946419753608489,0.03504714329330176,1.9256657481193542,0.13007414779066448,0.001045298098987389,1.9256657481193542,0.13007414779066448,0.001045298098987389,0.0,0.0,0.0,0.0,0.0,0.0,0.20178458193937937,0.01393983777076609,0.0006126213259373373,0.29009571770826975,0.017583228034764545,0.0006111055181607174
63.91102663838134,1.0,1500.0,0.0,49.0,1968.0,0.3699598136138968,728.0,1240.0,9.799082262194707,1.858295701290054,11384.780376824885,108.60000000000001,0.023730443143081897,34.669696969696965,5.027272727272727,11.167048192038694,132.0,34.80722891566265,6.966265060240963,11.062244629841443,83.0,34.669696969696965,5.027272727272727,11.167048192038694,132.0,0.4221628720542205,-0.00711645926687019,-0.0007341318105913225,-0.0006439238991616747,-0.0041920933934730936,-0.028323162642610773,-0.023150272774593007,8.83704114354227,49.0,246000.0,163.0,4081.773129940033,60.26792576872446,0.385058730840683,-19.858654022216797,0.8031495809555054,0.8031495809555054,0.0,0.004225732292979956,0.004225732292979956,0.004225732292979956,19.88983726501465,2.1069133281707764,2.1069133281707764,0.0,0.0,,0.20888207852840424,,0.2906191349029541,0.4920924216508865,0.19002665950093384,-0.00014075081260902296,-18.070596567789714,0.9615461522661394,0.01604371373194646,0.4224276028573513,0.7012989824905196,0.015308937693928451,0.4224276028573513,0.7012989824905196,0.015308937693928451,0.0,0.0,0.0,0.0037489840993657707,0.00023283107324573434,2.435560077138744e-05,0.0037489840993657707,0.00023283107324573434,2.435560077138744e-05,0.0037489840993657707,0.00023283107324573434,2.435560077138744e-05,18.17857246398926,0.9606455199908686,-0.016102062900021474,2.035741476217906,0.1255679724264724,0.0028252862319266925,2.035741476217906,0.1255679724264724,0.0028252862319266925,0.0,0.0,0.0,0.0,0.0,0.0,0.2040384237964948,0.010701099135890922,-4.95136579762409e-06,0.28886686166127523,0.013384116409333128,0.0001856821530122491
65.01982276916505,1.0,1500.0,0.0,75.0,1975.0,0.569653322802561,1125.0,850.0,9.999373564097779,1.4254251489906555,9880.795698651622,59.6,0.013298228390378865,33.9530303030303,2.901515151515152,11.358149149790773,132.0,33.89473684210525,5.0,11.356487657532915,57.0,33.9530303030303,2.901515151515152,11.358149149790773,132.0,0.42712995079690363,-0.006908098313790671,-0.0011633120903401315,-0.0006555406503388329,-0.003915900131406077,-0.02146298729741568,-0.02331968315484658,8.750808632672738,75.0,247500.0,164.0,4106.842520713806,60.26527648714961,1.0410372018814087,-18.096969604492188,-1.4539271593093872,-1.4539271593093872,0.0,0.0036437781527638435,0.0036437781527638435,0.0036437781527638435,18.135147094726562,1.7010314464569092,1.7010314464569092,0.0,0.0,,0.1945296972990036,,0.2811242938041687,0.5227413073182106,0.47527108990754063,0.007562090753182945,-18.05238275527954,1.1962607333491626,-0.019088489036007756,-0.17413854425152142,0.6579782220061352,0.010729935926046472,-0.17413854425152142,0.6579782220061352,0.010729935926046472,0.0,0.0,0.0,0.003931304284681876,0.00023297588793668616,-2.595750755890466e-05,0.003931304284681876,0.00023297588793668616,-2.595750755890466e-05,0.003931304284681876,0.00023297588793668616,-2.595750755890466e-05,18.163107204437257,1.1942062296955267,0.01882162189589702,1.928367817401886,0.11822618238860849,0.0019621629736181596,1.928367817401886,0.11822618238860849,0.0019621629736181596,0.0,0.0,0.0,0.0,0.0,0.0,0.2002193421125412,0.0114592839452606,-0.00029507282048099663,0.2839567522207896,0.011720357080805472,-0.0006249452857207469
65.16111978991279,1.0,1500.0,0.0,29.0,2078.0,0.20245905014404608,420.0,1658.0,10.040366056757124,1.9588285052373628,12531.419005696196,160.4,0.03384823161981936,33.848571428571425,5.305714285714285,11.314499840658536,140.0,33.2990990990991,6.461261261261263,11.446545286283644,111.0,33.848571428571425,5.305714285714285,11.314499840658536,140.0,0.39936340858261055,-0.006880071845403096,-0.0008115441670062605,-0.000982736597774298,-0.002069112627986344,-0.013651877133105802,-0.021609504249843155,8.03887947494478,29.0,249000.0,165.0,4128.566365003586,60.3114926553406,0.5748882293701172,-19.659170150756836,0.9701140522956848,0.9701140522956848,0.0,0.0038064299151301384,0.0038064299151301384,0.0038064299151301384,19.77018928527832,2.1341347694396973,2.1341347694396973,0.0,0.0,,0.20792874693870544,,0.28197231888771057,0.5709100430210431,0.43697751141054264,0.0031092345283612174,-18.374124431610106,0.8881491263988422,-0.03486501186655118,0.11805589770277342,0.6594557742754095,0.014343039800844969,0.11805589770277342,0.6594557742754095,0.014343039800844969,0.0,0.0,0.0,0.003750357039583226,0.00011585063664276305,1.0526321934032521e-05,0.003750357039583226,0.00011585063664276305,1.0526321934032521e-05,0.003750357039583226,0.00011585063664276305,1.0526321934032521e-05,18.484741497039796,0.8869205745650423,0.03719821904471984,1.981195859114329,0.11769544964559663,0.002563722804603049,1.981195859114329,0.11769544964559663,0.002563722804603049,0.0,0.0,0.0,0.0,0.0,0.0,0.20773618618647258,0.010637153309556481,0.00030416112322695105,0.2893301725387573,0.011389884654029483,0.00030503135104067227
67.0841184438661,1.0,1500.0,0.0,86.0,2030.0,0.6345515766864419,1288.0,742.0,10.18689121833276,1.5222595104571515,10080.087628548063,38.2,0.008421888090303805,33.351470588235266,2.054411764705882,11.500602231860228,136.0,33.532000000000004,4.199999999999999,11.398813110640464,50.0,33.351470588235266,2.054411764705882,11.500602231860228,136.0,0.43864551688738174,-0.006526235225489939,-0.0011097099832622916,-0.00033201386804415574,-0.0029246168282765295,-0.01356740694401001,-0.023783144370629925,9.032191192698372,86.0,250500.0,166.0,4154.350244760513,60.29823804960398,0.7108296155929565,-18.537513732910156,-0.3143526613712311,-0.3143526613712311,0.0,0.0038518591318279505,0.0038518591318279505,0.0038518591318279505,18.574222564697266,1.9034518003463745,1.9034518003463745,0.0,0.0,,0.19767019152641296,,0.2962891459465027,0.48585874289274217,0.3584269307924091,-0.009064263937470672,-18.31227553685506,1.1754337517697075,-0.03468650525085642,0.1299087164302667,0.6035584756847003,-0.008567753880055784,0.1299087164302667,0.6035584756847003,-0.008567753880055784,0.0,0.0,0.0,0.00390745991996179,5.4400309383819725e-05,-1.999209515825073e-06,0.00390745991996179,5.4400309383819725e-05,-1.999209515825073e-06,0.00390745991996179,5.4400309383819725e-05,-1.999209515825073e-06,18.413043689727782,1.194136429837033,0.03596156293213405,1.9834126989046732,0.10887519623859512,-0.001546365851422499,1.9834126989046732,0.10887519623859512,-0.001546365851422499,0.0,0.0,0.0,0.0,0.0,0.0,0.20719964454571407,0.01242789658626914,0.00044765998510947895,0.2881234988570213,0.014496584166454444,0.0006560621822503467
55.50131745771928,1.0,1500.0,0.0,11.0,1916.0,0.08493802256407378,162.0,1754.0,10.021406738312772,2.268292090553299,12218.888977822051,250.4,0.05769585253456221,33.90624999999999,7.996874999999999,11.35500260773276,128.0,33.77264957264956,8.30940170940171,11.369099880791982,117.0,33.90624999999999,7.996874999999999,11.35500260773276,128.0,0.40872267364395465,-0.007757421362584968,-0.0010119381102694982,-0.00230129352377294,-0.004312823461759626,-0.07389304197814836,-0.023265047614157878,8.67777759435084,11.0,252000.0,167.0,4173.992234706879,60.3738545329845,0.2881275415420532,-17.897863388061523,-0.4088388681411743,-0.4088388681411743,0.0,0.003852070542052388,0.003852070542052388,0.003852070542052388,17.943073272705078,1.8864548206329346,1.8864548206329346,0.0,0.0,,0.19391432404518127,,0.2869262397289276,0.45432565609614056,0.2822572990084348,-0.0022976435198799956,-18.23196226755778,0.7847876417611509,-0.004033809827352217,-0.07900659888982772,0.6540088824753182,0.0004978583870793322,-0.07900659888982772,0.6540088824753182,0.0004978583870793322,0.0,0.0,0.0,0.003862307989038527,7.093804313080077e-05,-1.2099258580947195e-06,0.003862307989038527,7.093804313080077e-05,-1.2099258580947195e-06,0.003862307989038527,7.093804313080077e-05,-1.2099258580947195e-06,18.347045516967775,0.7939121118250669,0.001423807112340193,1.9456747055053711,0.1177572207170276,8.955808051830497e-05,1.9456747055053711,0.1177572207170276,8.955808051830497e-05,0.0,0.0,0.0,0.0,0.0,0.0,0.2044779285788536,0.011798941776853929,0.0002556863994036096,0.287321662902832,0.014709109712956607,-0.0002245519662460395
63.01283995310465,1.0,1500.0,0.0,102.0,2072.0,0.7360611560054066,1525.0,547.0,9.79714879425111,1.356567243987415,9869.256383840298,45.6,0.009464900992154095,34.660431654676266,2.923741007194244,11.062967244053286,139.0,34.35675675675675,5.578378378378377,11.160610618995378,37.0,34.660431654676266,2.923741007194244,11.062967244053286,139.0,0.4169213600117105,-0.006701051166490788,-0.0013014353095197179,-0.0003176070792053428,-0.0023638426626323918,-0.03151790216843167,-0.022358231311444262,8.21029584878637,102.0,253500.0,168.0,4201.593307495117,60.33425451906249,0.2695785164833069,-18.514923095703125,-0.43375876545906067,-0.43375876545906067,0.0,0.004187027458101511,0.004187027458101511,0.004187027458101511,18.641845703125,1.880781888961792,1.880781888961792,0.0,0.0,,0.18801462650299072,,0.26772797107696533,0.5295410151282947,0.5856614297798796,0.009348035558179688,-18.458872032165527,0.8151594241120557,0.014206286930004025,0.21315215900540352,0.6915915659301092,0.0034314927472023178,0.21315215900540352,0.6915915659301092,0.0034314927472023178,0.0,0.0,0.0,0.003935368622963628,0.0001536320968384901,1.3044591914360868e-05,0.003935368622963628,0.0001536320968384901,1.3044591914360868e-05,0.003935368622963628,0.0001536320968384901,1.3044591914360868e-05,18.574884033203126,0.798936466102813,-0.014911265474008045,1.998417337735494,0.1249144317447415,0.0006198548368934884,1.998417337735494,0.1249144317447415,0.0006198548368934884,0.0,0.0,0.0,0.0,0.0,0.0,0.21019774327675503,0.010853553622165552,-0.00017293837165939006,0.29401194453239443,0.012007668258148823,-0.0001579429204259815
65.54992929077149,1.0,1500.0,0.0,125.0,2039.0,0.9126106413924382,1860.0,179.0,9.99769154537924,1.0689489197129158,8683.176513193468,9.600000000000001,0.0020631850419084463,33.96350364963502,1.7576642335766426,11.310455130439122,137.0,34.4,6.116666666666668,11.274627003172078,12.0,33.96350364963502,1.7576642335766426,11.310455130439122,137.0,0.4298382569943759,-0.005931974351747046,-0.0009308511777740368,-0.00015418509017255886,-0.002711416490486282,-0.022119450317124735,-0.02194131217069297,8.63114277089208,125.0,255000.0,169.0,4230.643341302872,60.27452078280606,0.2179582566022873,-19.359621047973633,0.004033446311950684,0.004033446311950684,0.0,0.003993952181190252,0.003993952181190252,0.003993952181190252,19.56726837158203,1.9607303142547607,1.9607303142547607,0.0,0.0,,0.21217602491378784,,0.2913323640823364,0.38359322398900986,0.18165047389286385,-0.0020076851525216615,-18.806440099080405,0.8985292134485668,0.01846315258734811,-0.08165632834037145,0.5267374630008681,0.005022882589774087,-0.08165632834037145,0.5267374630008681,0.005022882589774087,0.0,0.0,0.0,0.003950401488691568,8.017095075678153e-05,6.038729760285077e-07,0.003950401488691568,8.017095075678153e-05,6.038729760285077e-07,0.003950401488691568,8.017095075678153e-05,6.038729760285077e-07,18.90245107014974,0.9003337561300787,-0.018334063062148503,1.9452418645222982,0.0951052959676518,0.0009140707361817188,1.9452418645222982,0.0951052959676518,0.0009140707361817188,0.0,0.0,0.0,0.0,0.0,0.0,0.20600514163573583,0.012697994366043137,1.358866227481598e-05,0.29443250795205433,0.016234214911205528,0.0002991334150842553
63.307524871826175,1.0,1500.0,0.0,100.0,2040.0,0.7331140711300049,1495.0,545.0,10.074092743640641,1.5743699836550602,10094.165900214322,41.0,0.008877148919586022,33.71240875912409,2.886131386861314,11.418391720886945,137.0,32.535135135135135,5.037837837837836,11.696596420945198,37.0,33.71240875912409,2.886131386861314,11.418391720886945,137.0,0.42558390770167065,-0.00647690630637598,-0.0008603938617002699,-0.0005074867898815805,-0.0035143979057591945,-0.03419502617801047,-0.02251017510963976,8.678541919109916,100.0,256500.0,170.0,4257.750574827194,60.24307800379085,0.4739145338535309,-18.264616012573242,0.6540312170982361,0.6540312170982361,0.0,0.003899343777447939,0.003899343777447939,0.003899343777447939,18.291818618774414,2.0779120922088623,2.0779120922088623,0.0,0.0,,0.18667224049568176,,0.272386372089386,0.39806612581014633,0.2334587780666391,0.009206291390075295,-18.339176241556803,0.7578887374580394,0.009242725902723079,0.055625694493452706,0.5639125380647804,0.011903932882893483,0.055625694493452706,0.5639125380647804,0.011903932882893483,0.0,0.0,0.0,0.00389942762752374,0.00012553241593612157,1.0618300397815088e-05,0.00389942762752374,0.00012553241593612157,1.0618300397815088e-05,0.00389942762752374,0.00012553241593612157,1.0618300397815088e-05,18.44227212270101,0.7521301124238623,-0.008822890250914265,1.9699962258338928,0.10183868360444952,0.002143301953197926,1.9699962258338928,0.10183868360444952,0.002143301953197926,0.0,0.0,0.0,0.0,0.0,0.0,0.20058857599894206,0.00849893668045703,1.9231919319398503e-05,0.28518143196900686,0.013242778769835614,-5.976403913191294e-05
65.67691440241677,1.0,1500.0,0.0,112.0,1900.0,0.8807789999699817,1673.0,227.0,10.224245063564025,1.0805766385729234,8437.5390804767,20.8,0.004892045721811939,33.217187500000016,1.9656250000000002,11.616237735497416,128.0,32.825,5.575000000000004,11.726963674274355,16.0,33.217187500000016,1.9656250000000002,11.616237735497416,128.0,0.439101719643754,-0.0062753600822157505,-0.0009486516277459554,-0.0002710661428467903,-0.0029885748647023713,-0.024263379434756465,-0.023049488989336897,9.059901243344198,112.0,258000.0,171.0,4285.221174001694,60.20692737291558,0.6651442050933838,-17.134748458862305,0.5397259593009949,0.5397259593009949,0.0,0.003521597944200039,0.003521597944200039,0.003521597944200039,17.29104995727539,2.055546283721924,2.055546283721924,0.0,0.0,,0.200327068567276,,0.2934078872203827,0.5271046747763951,0.42119134441428496,0.0057974242726475484,-18.703275616963705,0.8431527603209082,-0.011189017545129134,0.048356821139653526,0.5234782215665318,-0.0007513370741991595,0.048356821139653526,0.5234782215665318,-0.0007513370741991595,0.0,0.0,0.0,0.0037796118296682833,0.0001528883150831959,-1.5951766092765404e-05,0.0037796118296682833,0.0001528883150831959,-1.5951766092765404e-05,0.0037796118296682833,0.0001528883150831959,-1.5951766092765404e-05,18.83551133473714,0.8250560918677906,0.0114437994357604,1.9686051209767659,0.09394066898588434,-0.00015543915405955084,1.9686051209767659,0.09394066898588434,-0.00015543915405955084,0.0,0.0,0.0,0.0,0.0,0.0,0.20206111669540405,0.009634455690181112,-2.061405754728298e-06,0.28925730486710866,0.014938941906229495,0.00028362041453232123
62.86424971989223,1.0,1500.0,0.0,70.0,2050.0,0.5055689814659959,1036.0,1014.0,10.092640333644447,1.3790371755142676,11060.696246380008,95.80000000000001,0.02062876830318691,33.65217391304348,4.457971014492754,11.499327684454343,138.0,33.79705882352941,6.69705882352941,11.37379423530539,68.0,33.65217391304348,4.457971014492754,11.499327684454343,138.0,0.43449599196516164,-0.008031143142659958,-0.0008533793343441208,-0.0006558042264643169,-0.003011531497188619,-0.03807300104831793,-0.025813131522766142,9.191354978129473,70.0,259500.0,172.0,4309.929151296616,60.20980644703429,0.40119752287864685,-18.928369522094727,-0.3876495361328125,-0.3876495361328125,0.0,0.003871220862492919,0.003871220862492919,0.003871220862492919,18.919708251953125,1.890204906463623,1.890204906463623,0.0,0.0,,0.22862258553504944,,0.2995705008506775,0.613666241367658,0.6652199266611499,-0.025122851829507624,-18.779118220011394,1.0527212810723254,0.004219344566608782,0.2587162062525749,0.6058208400226437,0.005272627748689862,0.2587162062525749,0.6058208400226437,0.005272627748689862,0.0,0.0,0.0,0.00362447549123317,9.149861734839849e-05,8.596126891432243e-06,0.00362447549123317,9.149861734839849e-05,8.596126891432243e-06,0.00362447549123317,9.149861734839849e-05,8.596126891432243e-06,18.86772435506185,1.069266055688032,-0.006087472680148743,2.0060369928677875,0.10781213253250305,0.0009695498378443673,2.0060369928677875,0.10781213253250305,0.0009695498378443673,0.0,0.0,0.0,0.0,0.0,0.0,0.19916878889004389,0.011055045365225046,4.3198552492323595e-05,0.2864487091700236,0.01271583268900304,8.895672998650816e-05
66.02858563965442,1.0,1500.0,0.0,102.0,1906.0,0.7992033465625471,1523.0,383.0,10.037209245997342,1.222964397529668,9002.07892563718,30.0,0.006925207756232687,33.843750000000014,2.01875,11.435459131607585,128.0,33.792307692307695,5.630769230769231,11.377651855712761,26.0,33.843750000000014,2.01875,11.435459131607585,128.0,0.4300681020833909,-0.0067827815455530705,-0.000953955896388791,-0.00020586458153358942,-0.002837338861177713,-0.018138239295199844,-0.02378600981559905,8.917146559115155,102.0,261000.0,173.0,4336.939603090286,60.180685895193115,0.5268251895904541,-19.969402313232422,0.02374211698770523,0.02374211698770523,0.0,0.0042928182519972324,0.0042928182519972324,0.0042928182519972324,20.037273406982422,1.964355707168579,1.964355707168579,0.0,0.0,,0.20147104561328888,,0.2734949588775635,0.4714851106206576,0.3271459397398471,-0.0018220079521979189,-18.580239486694335,0.8011093601093416,0.006690242372710711,0.09272526577115059,0.8067052888910264,0.01843861365510571,0.09272526577115059,0.8067052888910264,0.01843861365510571,0.0,0.0,0.0,0.003895834623835981,0.00019248038278708952,1.8541553462788133e-05,0.003895834623835981,0.00019248038278708952,1.8541553462788133e-05,0.003895834623835981,0.00019248038278708952,1.8541553462788133e-05,18.683635203043618,0.8008822350131259,-0.0038898073393727663,1.9767426689465841,0.14537381526325543,0.0033177423265009108,1.9767426689465841,0.14537381526325543,0.0033177423265009108,0.0,0.0,0.0,0.0,0.0,0.0,0.1955951377749443,0.008537325458564603,0.00022583855471435205,0.2809482564528783,0.012801825141884035,-0.0002768985487860595
63.39916946518589,1.0,1500.0,0.0,71.0,2025.0,0.523711407891495,1060.0,965.0,9.975109154276293,1.2017633847890277,10264.11905220322,98.2,0.021202176353743846,34.05588235294118,3.9617647058823526,11.299647719272365,136.0,33.70769230769231,6.2953846153846165,11.347409934213074,65.0,34.05588235294118,3.9617647058823526,11.299647719272365,136.0,0.4208627962764892,-0.007193955151083035,-0.0008609375651827562,-0.00017105704911165312,-0.004017164247238232,-0.029580936729663106,-0.023752765549109243,8.590052214180092,71.0,262500.0,174.0,4361.902727603912,60.18015907113016,0.22946593165397644,-19.52171516418457,0.2890084385871887,0.2890084385871887,0.0,0.0035844244994223118,0.0035844244994223118,0.0035844244994223118,19.52751350402832,2.0113234519958496,2.0113234519958496,0.0,0.0,,0.17957279086112976,,0.2793276309967041,0.4438721815745036,0.3157392301744673,-0.0022879952981288997,-18.699736213684083,0.7936543354388316,-0.0025466592213730854,-0.1396560015777747,0.6021919979806932,0.023309957797124206,-0.1396560015777747,0.6021919979806932,0.023309957797124206,0.0,0.0,0.0,0.003754391218535602,0.00020397171633874524,-1.999153424099973e-05,0.003754391218535602,0.00020397171633874524,-1.999153424099973e-05,0.003754391218535602,0.00020397171633874524,-1.999153424099973e-05,18.814761352539062,0.7977094585954198,-0.00025547863511592915,1.934707248210907,0.10791619598949269,0.004208449898360141,1.934707248210907,0.10791619598949269,0.004208449898360141,0.0,0.0,0.0,0.0,0.0,0.0,0.1953862855831782,0.009152651103020987,-0.0001170178011341598,0.2822453439235687,0.010477476891197475,3.710039730728536e-05
60.93350460218347,1.0,1500.0,0.0,23.0,1866.0,0.18327310733917224,341.0,1525.0,10.229893174660795,1.5260244963235516,11128.718014427275,188.4,0.045397590361445785,33.2,6.7631999999999985,11.64720013559991,125.0,33.101960784313725,7.611764705882352,11.621442931459839,102.0,33.2,6.7631999999999985,11.64720013559991,125.0,0.43206338590010684,-0.008431654962045357,-0.0009223454825360522,-0.000855762105021078,-0.0043867243867243754,-0.049783549783549784,-0.026477810050221304,9.530148495073327,23.0,264000.0,175.0,4382.463568210602,60.24009005231583,0.25753724575042725,-21.4027156829834,0.948526918888092,0.948526918888092,0.0,0.0038899669889360666,0.0038899669889360666,0.0038899669889360666,21.381004333496094,2.1309168338775635,2.1309168338775635,0.0,0.0,,0.20344743132591248,,0.2979929447174072,1.2983451927701632,2.9161058138835827,0.02633971178425565,-18.83657086690267,1.1164844231293878,0.01190579237211297,0.26491839935382205,0.8019200745886754,0.007422913479990657,0.26491839935382205,0.8019200745886754,0.007422913479990657,0.0,0.0,0.0,0.00371596603654325,9.530281365676527e-05,6.555448968928886e-06,0.00371596603654325,9.530281365676527e-05,6.555448968928886e-06,0.00371596603654325,9.530281365676527e-05,6.555448968928886e-06,18.939887936909994,1.0824945168933522,-0.012549847782122663,2.0073077003161113,0.14308298225539676,0.0013444794165809286,2.0073077003161113,0.14308298225539676,0.0013444794165809286,0.0,0.0,0.0,0.0,0.0,0.0,0.19794544974962872,0.010171748941331143,0.00040470305353701165,0.28857411195834476,0.014556636635996061,0.0001420335556163838
60.3273316277398,1.0,1500.0,0.0,45.0,2007.0,0.3321370384497617,666.0,1341.0,9.966772719017344,1.147797927805484,11050.195036294506,129.8,0.02820145135358276,34.09333333333333,5.82666666666667,11.31413012066402,135.0,33.97777777777778,7.271111111111112,11.319614895457555,90.0,34.09333333333333,5.82666666666667,11.31413012066402,135.0,0.42368195773385664,-0.008485525173049705,-0.000994602392966079,-0.0007300034159269315,-0.0034188034188034283,-0.04787773431841229,-0.025634040535881822,8.701904065250734,45.0,265500.0,176.0,4405.250917673111,60.268984664383034,0.9267838597297668,-17.862323760986328,-0.9049080014228821,-0.9049080014228821,0.0,0.003331134095788002,0.003331134095788002,0.003331134095788002,18.113204956054688,1.8013591766357422,1.8013591766357422,0.0,0.0,,0.18339069187641144,,0.27420344948768616,0.6018208762009939,0.5280017583620353,-0.02099642838466421,-18.986160469055175,1.2374356190765938,0.009905641362717862,-0.2882700232168039,0.7480594931415716,-0.00791749475364291,-0.2882700232168039,0.7480594931415716,-0.00791749475364291,0.0,0.0,0.0,0.0036280090687796475,0.0001482253416804102,-1.3864321480852279e-05,0.0036280090687796475,0.0001482253416804102,-1.3864321480852279e-05,0.0036280090687796475,0.0001482253416804102,-1.3864321480852279e-05,19.08915049235026,1.2283814858681028,-0.010099020205828207,1.9087179104487102,0.13332697318071685,-0.0013246450328721095,1.9087179104487102,0.13332697318071685,-0.0013246450328721095,0.0,0.0,0.0,0.0,0.0,0.0,0.19759993155797323,0.01110553618310283,0.0002531685606391036,0.28775305350621544,0.012595597403538775,0.0003295833197265817
69.08849875132243,1.0,1500.0,0.0,12.0,1969.0,0.09176912382587052,180.0,1789.0,10.429293722538402,1.7201143464430801,11906.003732516163,253.8,0.05899307331132909,32.59242424242425,7.2681818181818185,11.716302195755057,132.0,33.040000000000006,7.906666666666668,11.549316759980481,120.0,32.59242424242425,7.2681818181818185,11.716302195755057,132.0,0.5388376801077829,-0.010514511756327975,-0.0011842609105594199,-0.0027077506538415066,-0.007432432432432417,-0.017905405405405406,-0.03600307943302403,11.974037186112179,12.0,267000.0,177.0,4424.53374505043,60.345341539926885,0.3511195182800293,-19.37725067138672,-0.7436926364898682,-0.7436926364898682,0.0,0.003530556336045265,0.003530556336045265,0.003530556336045265,19.510498046875,1.82828688621521,1.82828688621521,0.0,0.0,,0.19164341688156128,,0.29422688484191895,0.38575794994831086,0.17094628750704538,-0.0033432087524316516,-18.98269945780436,1.1043216334774155,-0.027653380363217787,0.1576121030996243,0.6159115425505369,-0.00584885684298859,0.1576121030996243,0.6159115425505369,-0.00584885684298859,0.0,0.0,0.0,0.0034329492831602693,0.0001152091307234361,1.2135352717673118e-05,0.0034329492831602693,0.0001152091307234361,1.2135352717673118e-05,0.0034329492831602693,0.0001152091307234361,1.2135352717673118e-05,19.081264432271322,1.0922949494245897,0.02759788648968113,1.9877267241477967,0.10851880984227517,-0.001036290809495598,1.9877267241477967,0.10851880984227517,-0.001036290809495598,0.0,0.0,0.0,0.0,0.0,0.0,0.19906787822643915,0.010783047063509715,0.0002799169604849869,0.2876978387435277,0.010864193484471943,-0.00010226683171096044
64.4564558892023,1.0,1500.0,0.0,126.0,2095.0,0.896354200138204,1877.0,218.0,10.056748903706504,1.182176444080986,9406.63700914772,20.200000000000003,0.004245838237766942,33.7418439716312,1.6964539007092199,11.446618709166495,141.0,32.46666666666667,3.5600000000000014,11.501717847378545,15.0,33.7418439716312,1.6964539007092199,11.446618709166495,141.0,0.4295158203578681,-0.0073762420209712515,-0.001229351342361904,-0.0003183070155695176,-0.005026205450733691,-0.024344863731656185,-0.02439118194795687,8.907963143774433,126.0,268500.0,178.0,4453.7492916584015,60.28628519860424,0.6213569641113281,-18.526506423950195,0.23638784885406494,0.23638784885406494,0.0,0.0034452008549124002,0.0034452008549124002,0.0034452008549124002,18.634748458862305,2.001683473587036,2.001683473587036,0.0,0.0,,0.19522105157375336,,0.286587655544281,0.4814792737364769,0.3377440126491586,-0.009907103562779393,-18.86700070699056,0.7417315505652309,0.011934005007463262,-0.07820615271727244,0.6921955061089659,-0.010888831428479033,-0.07820615271727244,0.6921955061089659,-0.010888831428479033,0.0,0.0,0.0,0.003538436706488331,8.558952538817146e-05,-6.847595226214479e-06,0.003538436706488331,8.558952538817146e-05,-6.847595226214479e-06,0.003538436706488331,8.558952538817146e-05,-6.847595226214479e-06,18.991228993733724,0.7418003806340949,-0.01009768357664124,1.946132747332255,0.12279443571527501,-0.0019268960390526272,1.946132747332255,0.12279443571527501,-0.0019268960390526272,0.0,0.0,0.0,0.0,0.0,0.0,0.20422216306130092,0.00822001571208199,-0.0002915558315092589,0.301551483074824,0.009786331348637219,-0.00021602899267093506
65.91037652550673,1.0,1500.0,0.0,82.0,1872.0,0.6512954149426795,1219.0,653.0,10.099016423251399,1.2034037304155552,9161.031895838832,39.400000000000006,0.009299910305433602,33.62380952380953,2.406349206349206,11.51707692225605,126.0,33.872727272727275,4.8999999999999995,11.461920383048163,44.0,33.62380952380953,2.406349206349206,11.51707692225605,126.0,0.43640621156725085,-0.007514432329870165,-0.0010526984605339733,-0.0005733039781511836,-0.003503470804409991,-0.017884850959575337,-0.02491265702253863,9.021182405010174,82.0,270000.0,179.0,4478.863992214203,60.28314333039635,0.5060518980026245,-19.72349739074707,0.6078466176986694,0.6078466176986694,0.0,0.0038081675302237272,0.0038081675302237272,0.0038081675302237272,19.802026748657227,2.069113254547119,2.069113254547119,0.0,0.0,,0.20296379923820496,,0.30496305227279663,0.553954829275608,0.7486686967757674,-0.01719834094119152,-19.129691314697265,1.0003018092491434,-0.010420127758327067,0.08139681170384089,0.5266696987446365,0.020676619984681944,0.08139681170384089,0.5266696987446365,0.020676619984681944,0.0,0.0,0.0,0.0036012551592042048,8.163859846853751e-05,8.442139126633855e-06,0.0036012551592042048,8.163859846853751e-05,8.442139126633855e-06,0.0036012551592042048,8.163859846853751e-05,8.442139126633855e-06,19.257239214579265,1.0137537386558622,0.008996344832609693,1.9745483954747518,0.09374073362532631,0.003691816329955995,1.9745483954747518,0.09374073362532631,0.003691816329955995,0.0,0.0,0.0,0.0,0.0,0.0,0.19962322612603506,0.008598069488795112,-0.00013664193758047214,0.29503204524517057,0.011639635727093822,3.402921328685185e-06
65.4581028620402,1.0,1500.0,0.0,78.0,2009.0,0.5801812341701501,1165.0,844.0,10.161041250851572,1.1868660085746972,10140.208664303998,75.0,0.01662086694441982,33.42518518518519,3.5022222222222217,11.518900669488938,135.0,33.705263157894734,6.564912280701757,11.396036610600811,57.0,33.42518518518519,3.5022222222222217,11.518900669488938,135.0,0.43962400272014557,-0.007841715397387167,-0.0007591104057169335,-0.0005848899632284016,-0.0038720829732066006,-0.021305099394987037,-0.02544862821738346,9.119251599046196,78.0,271500.0,180.0,4504.098612070084,60.27843157617249,0.27512913942337036,-19.19119644165039,-0.2062624990940094,-0.2062624990940094,0.0,0.0034492514096200466,0.0034492514096200466,0.0034492514096200466,19.307205200195312,1.9236201047897339,1.9236201047897339,0.0,0.0,,0.18631261587142944,,0.2655784487724304,0.7356422637899717,1.0329103135949858,-0.00841721091771686,-19.230359522501626,1.0639260613602572,-0.02093199240882842,-0.09534005771080653,0.4528669897283357,-0.00897795620630263,-0.09534005771080653,0.4528669897283357,-0.00897795620630263,0.0,0.0,0.0,0.0036468577105551957,0.00018430307218464555,-2.0388074144638212e-05,0.0036468577105551957,0.00018430307218464555,-2.0388074144638212e-05,0.0036468577105551957,0.00018430307218464555,-2.0388074144638212e-05,19.33082243601481,1.0623220627948684,0.019612668539180565,1.943069875240326,0.0805738282607277,-0.0015895396636776624,1.943069875240326,0.0805738282607277,-0.0015895396636776624,0.0,0.0,0.0,0.0,0.0,0.0,0.19556888937950134,0.008403417557724141,-0.0001125584322300332,0.2924344291289647,0.012219110447350181,-8.22069713881166e-05
65.11266318611477,1.0,1500.0,0.0,46.0,2036.0,0.33661693952507915,685.0,1351.0,10.224250764098583,1.3404115262939928,11212.449893407058,134.6,0.029566821896142695,33.229197080291954,4.737226277372264,11.576961157547547,137.0,33.19780219780219,6.413186813186814,11.50813946567711,91.0,33.229197080291954,4.737226277372264,11.576961157547547,137.0,0.43924742644599923,-0.008613320105700175,-0.0008028802870175274,-0.0007626290850143319,-0.0032815704658658144,-0.023952534427190156,-0.026374161315883195,9.39761547930827,46.0,273000.0,181.0,4526.845603227615,60.30689445324854,1.6145575046539307,-18.661834716796875,0.09946846961975098,0.09946846961975098,0.0,0.0034249036107212305,0.0034249036107212305,0.0034249036107212305,18.683738708496094,1.9775221347808838,1.9775221347808838,0.0,0.0,,0.2083023339509964,,0.30774468183517456,2.080446433524291,6.476872396698584,0.2164651866517423,-19.155564943949383,1.0192188779176996,0.03583870103812725,0.09171534180641175,0.49257635319829557,-0.019037070946645702,0.09171534180641175,0.49257635319829557,-0.019037070946645702,0.0,0.0,0.0,0.003474698448553681,3.868327653550782e-05,1.606224798849674e-07,0.003474698448553681,3.868327653550782e-05,1.606224798849674e-07,0.003474698448553681,3.868327653550782e-05,1.606224798849674e-07,19.279567782084147,1.012407496939074,-0.03731197361421022,1.9761991024017334,0.0869368969434209,-0.003356670299016635,1.9761991024017334,0.0869368969434209,-0.003356670299016635,0.0,0.0,0.0,0.0,0.0,0.0,0.19555452515681584,0.009913033308324746,2.8636650460964794e-06,0.287966458996137,0.014256427424161333,-0.00032653049446717245
63.82481954905612,1.0,1500.0,0.0,121.0,2091.0,0.862368684031796,1803.0,288.0,10.012230501304842,1.156008863622963,9662.443606407192,33.0,0.006902321690023008,33.90780141843973,2.3517730496453892,11.317955473090988,141.0,33.17999999999999,5.57,11.44754413868197,20.0,33.90780141843973,2.3517730496453892,11.317955473090988,141.0,0.42870486101961414,-0.0071130546805571685,-0.0008817099475959165,-0.0005057246976771965,-0.0030076826676837857,-0.02999509616956356,-0.023259662089492456,8.622949447924395,121.0,274500.0,182.0,4555.520318031311,60.2565636494903,0.2412814199924469,-19.308523178100586,-1.2121703624725342,-1.2121703624725342,0.0,0.003595053916797042,0.003595053916797042,0.003595053916797042,19.387144088745117,1.7446244955062866,1.7446244955062866,0.0,0.0,,0.20215775072574615,,0.3065725564956665,0.596015631655852,0.6166200851163368,0.0019794710055076425,-19.226231066385903,1.015133121572576,0.0030816512060116066,0.03340096299846967,0.5727021019633438,-0.005891828454442491,0.03340096299846967,0.5727021019633438,-0.005891828454442491,0.0,0.0,0.0,0.0035442634951323273,6.952773097747869e-05,6.273175352506772e-06,0.0035442634951323273,6.952773097747869e-05,6.273175352506772e-06,0.0035442634951323273,6.952773097747869e-05,6.273175352506772e-06,19.331763203938802,1.0554226078217703,-0.0028391225982431533,1.9658950686454773,0.10147029449184107,-0.001041832887821447,1.9658950686454773,0.10147029449184107,-0.001041832887821447,0.0,0.0,0.0,0.0,0.0,0.0,0.1938632662097613,0.008818659420572033,0.0002420601875286057,0.29437631865342456,0.010337001648798107,0.00037739931277358253
66.05763553928685,1.0,1500.0,0.0,74.0,1908.0,0.5752908910146677,1097.0,811.0,10.342425814015542,1.3705085719723575,9864.128723947286,61.6,0.014537216217491858,32.84806201550388,3.4480620155038766,11.744020707287365,129.0,33.08363636363636,6.36,11.55090666659505,55.0,32.84806201550388,3.4480620155038766,11.744020707287365,129.0,0.44901336753413196,-0.007234339294191187,-0.0009063155207589116,-0.0005376312378797507,-0.00513463324048287,-0.022051996285979574,-0.025431215002022462,9.62905892911921,74.0,276000.0,183.0,4579.775719404221,60.26495988233778,0.47843432426452637,-21.0587215423584,0.5720284581184387,0.5720284581184387,0.0,0.0035744940396398306,0.0035744940396398306,0.0035744940396398306,21.163414001464844,2.0615291595458984,2.0615291595458984,0.0,0.0,,0.1945684552192688,,0.2931366562843323,1.1223461896181106,4.028035908546607,0.05615369266477125,-19.10626354217529,1.0595737234127844,-0.04562810361053813,0.012979113062222799,0.6339693901741447,0.016013597238713574,0.012979113062222799,0.6339693901741447,0.016013597238713574,0.0,0.0,0.0,0.003572063101455569,8.865532737000297e-05,-2.5266632271953563e-06,0.003572063101455569,8.865532737000297e-05,-2.5266632271953563e-06,0.003572063101455569,8.865532737000297e-05,-2.5266632271953563e-06,19.196116828918456,1.0626763654119482,0.04272175492911461,1.9623350143432616,0.11245643113672417,0.0028280952483315837,1.9623350143432616,0.11245643113672417,0.0028280952483315837,0.0,0.0,0.0,0.0,0.0,0.0,0.1932390883564949,0.009167392899532554,-5.23529640161715e-05,0.29068004091580707,0.011401463872021908,-0.0002969252254329183
66.07638509949642,1.0,1500.0,0.0,67.0,1885.0,0.533025055544261,1004.0,881.0,10.222769159158597,1.5051505172540693,9867.98564211693,54.6,0.013040363028421305,33.230158730158735,3.2809523809523804,11.592366361235097,126.0,33.54237288135593,5.74237288135593,11.433659858674197,59.0,33.230158730158735,3.2809523809523804,11.592366361235097,126.0,0.443455771752487,-0.007574530973887255,-0.0008852724324466819,-0.0004662495555160924,-0.004370753473278607,-0.01891288915931447,-0.025479759938128857,9.29964490942269,67.0,277500.0,184.0,4603.619175195694,60.27866107934609,0.3170524835586548,-19.0482177734375,0.7137348651885986,0.7137348651885986,0.0,0.003604346886277199,0.003604346886277199,0.003604346886277199,19.11750030517578,2.086862087249756,2.086862087249756,0.0,0.0,,0.2211991548538208,,0.2850989103317261,0.9078176225225131,2.2361590044021433,-0.07173660736659486,-18.999667485555012,0.9459771569558876,-0.03039237543260906,-0.06718019594748816,0.5410779383387265,0.02109780187270003,-0.06718019594748816,0.5410779383387265,0.02109780187270003,0.0,0.0,0.0,0.0035226994038869935,6.764121960533283e-05,-3.1649316345094735e-06,0.0035226994038869935,6.764121960533283e-05,-3.1649316345094735e-06,0.0035226994038869935,6.764121960533283e-05,-3.1649316345094735e-06,19.10660368601481,0.9162629989914758,0.02925437485946263,1.9479913512865703,0.09588252822106899,0.0037438430563360983,1.9479913512865703,0.09588252822106899,0.0037438430563360983,0.0,0.0,0.0,0.0,0.0,0.0,0.196492800116539,0.011342080304205223,0.000180188878890002,0.297463658452034,0.015842329642079985,-3.528691107227524e-05
64.63545921325684,1.0,1500.0,0.0,75.0,1802.0,0.6212703693993317,1119.0,683.0,10.187418542666657,1.3028257613706504,9187.399452448451,62.800000000000004,0.015573851800416625,33.32561983471075,3.530578512396694,11.623211104629583,121.0,33.66521739130435,6.669565217391302,11.492194166659335,46.0,33.32561983471075,3.530578512396694,11.623211104629583,121.0,0.44182329324829084,-0.007509184165686439,-0.0011563532858303387,-0.0004913423294123071,-0.0052931081203143856,-0.027188149218679434,-0.025033625411059503,9.258090492011558,75.0,279000.0,185.0,4628.035528659821,60.28475759795915,3.559309959411621,-18.477752685546875,-1.0740776062011719,-1.0740776062011719,0.0,0.003660358488559723,0.003660358488559723,0.003660358488559723,18.489953994750977,1.7685424089431763,1.7685424089431763,0.0,0.0,,0.18735584616661072,,0.28906577825546265,0.5962398439645767,0.6586973500982712,0.01564878088083362,-19.099627939860024,1.0811051749725034,-0.028889730111907742,-0.028542034327983856,0.6781394284036235,-0.02364367976933885,-0.028542034327983856,0.6781394284036235,-0.02364367976933885,0.0,0.0,0.0,0.0038087936118245125,0.00010989045822545599,-5.53806763022185e-06,0.0038087936118245125,0.00010989045822545599,-5.53806763022185e-06,0.0038087936118245125,0.00010989045822545599,-5.53806763022185e-06,19.19006233215332,1.0836475706218984,0.029860461514040797,1.9547233700752258,0.12195471801538318,-0.004222892282802133,1.9547233700752258,0.12195471801538318,-0.004222892282802133,0.0,0.0,0.0,0.0,0.0,0.0,0.19208891491095226,0.0072036930403797704,-0.0001609710153934094,0.29339746534824374,0.013802919003483764,-0.00014315759379818956
62.89385064442953,1.0,1500.0,0.0,48.0,1972.0,0.36509144949474426,719.0,1253.0,10.057481478437516,1.822544695021754,11309.673286776277,114.60000000000001,0.025703135513389853,33.77727272727273,5.342424242424239,11.39974808025307,132.0,33.32142857142857,7.264285714285715,11.474891046846968,84.0,33.77727272727273,5.342424242424239,11.39974808025307,132.0,0.4184610515445534,-0.00737429189643455,-0.0015714682765072508,-0.00026723639671567476,-0.003736056981588513,-0.031917752990189494,-0.023883822525157788,8.681449608615686,48.0,280500.0,186.0,4650.911020278931,60.31076466029175,0.40463364124298096,-20.8640193939209,-0.019963473081588745,-0.019963473081588745,0.0,0.0034305949229747057,0.0034305949229747057,0.0034305949229747057,21.08095932006836,1.956482172012329,1.956482172012329,0.0,0.0,,0.18946242332458496,,0.2976647615432739,1.1597999423742293,1.7318704153771662,-0.03392717238262849,-19.165143394470213,0.9484016774354548,-0.019398707728231726,-0.1445005456606547,0.6401232848043127,0.003781217449366465,-0.1445005456606547,0.6401232848043127,0.003781217449366465,0.0,0.0,0.0,0.0035491896948466697,7.050389978755151e-05,4.715902587860074e-07,0.0035491896948466697,7.050389978755151e-05,4.715902587860074e-07,0.0035491896948466697,7.050389978755151e-05,4.715902587860074e-07,19.301976903279623,0.9370351504546686,0.018983392429032853,1.9343712290128072,0.1134473908139062,0.0006740280200164051,1.9343712290128072,0.1134473908139062,0.0006740280200164051,0.0,0.0,0.0,0.0,0.0,0.0,0.19333002865314483,0.007727605803872822,4.095076453831231e-05,0.2967184325059255,0.012227120932456885,0.0005691090335570082
65.025875960456,1.0,1500.0,0.0,90.0,1928.0,0.6976166460705763,1345.0,583.0,10.295582440407223,1.405982571613158,9448.394087921128,43.2,0.010154670678388416,32.9782945736434,2.9255813953488365,11.775203806875268,129.0,32.158974358974355,6.184615384615384,12.066776859448563,39.0,32.9782945736434,2.9255813953488365,11.775203806875268,129.0,0.4382581878874521,-0.0068661731514677036,-0.0008812893363813947,-0.0003992941139285327,-0.005677997758685092,-0.025438924168845724,-0.023937959918553305,9.246632043128214,90.0,282000.0,187.0,4676.721059083939,60.2986572081845,0.5137098431587219,-19.97796630859375,0.9269535541534424,0.9269535541534424,0.0,0.003827292937785387,0.003827292937785387,0.003827292937785387,20.068904876708984,2.1265459060668945,2.1265459060668945,0.0,0.0,,0.20100602507591248,,0.306418240070343,0.6370898604393005,0.98916775128863,-0.011006271852402062,-19.432686233520506,0.9067984156032974,0.0005225897630943927,0.27039616331458094,0.5410577881823998,0.003545457567269592,0.27039616331458094,0.5410577881823998,0.003545457567269592,0.0,0.0,0.0,0.0036400038205708068,0.00012069546122344882,1.3313377462534563e-05,0.0036400038205708068,0.00012069546122344882,1.3313377462534563e-05,0.0036400038205708068,0.00012069546122344882,1.3313377462534563e-05,19.544615745544434,0.8815926477900071,-0.0014207201354102567,2.008155882358551,0.0963303435302969,0.0006680729126638218,2.008155882358551,0.0963303435302969,0.0006680729126638218,0.0,0.0,0.0,0.0,0.0,0.0,0.19336506028970082,0.00775467312519749,5.674309141771249e-06,0.2959264636039734,0.011120944697614009,8.317679001035868e-06
54.88177830240001,1.0,1500.0,0.0,23.0,1920.0,0.1765737533086737,339.0,1581.0,9.922999047204371,2.3756009876371165,12258.211067566837,228.0,0.05162342073087896,34.237209302325574,7.293023255813951,11.234668673284261,129.0,33.95094339622641,7.864150943396224,11.271603497351872,106.0,34.237209302325574,7.293023255813951,11.234668673284261,129.0,0.4082403175198261,-0.008018672943420343,-0.0011036758287296196,-0.0009959822231719797,-0.009245541838134488,-0.07352537722908094,-0.022979748051288502,8.547279862068441,23.0,283500.0,188.0,4697.577595233917,60.35025377497421,0.3208467364311218,-18.708589553833008,0.26446014642715454,0.26446014642715454,0.0,0.003999179694801569,0.003999179694801569,0.003999179694801569,18.793651580810547,2.007891893386841,2.007891893386841,0.0,0.0,,0.19456535577774048,,0.27980169653892517,0.6701441973447799,1.0874652479235107,0.01602983797617562,-19.221423149108887,1.0980947371165921,0.03638174589536892,0.055672686298688254,0.5457447603613794,0.0018133229620597257,0.055672686298688254,0.5457447603613794,0.0018133229620597257,0.0,0.0,0.0,0.0039612026729931435,0.00011234613182845286,-9.685256482165516e-07,0.0039612026729931435,0.00011234613182845286,-9.685256482165516e-07,0.0039612026729931435,0.00011234613182845286,-9.685256482165516e-07,19.343130938212077,1.0755041632022804,-0.03579924119858163,1.9699969093004863,0.09862667580465781,0.0003305607298191561,1.9699969093004863,0.09862667580465781,0.0003305607298191561,0.0,0.0,0.0,0.0,0.0,0.0,0.19197353820006052,0.009168668942454335,0.0003773906538563372,0.2875797321399053,0.013995141026254388,0.00023703717681536373
64.27933073043823,1.0,1500.0,0.0,16.0,1890.0,0.12481804663251928,235.0,1655.0,10.209223266106534,2.237322399246531,11804.67608357906,207.8,0.04916713988264244,33.278740157480314,6.55748031496063,11.554708077374967,127.0,33.136936936936934,7.297297297297293,11.564850735728236,111.0,33.278740157480314,6.55748031496063,11.554708077374967,127.0,0.4256450834766998,-0.007380815801051622,-0.0034371553046801595,-0.001232067841514153,-0.00622185837085549,-0.023331968890708144,-0.022538947274696894,9.082452610570144,16.0,285000.0,189.0,4717.655039310455,60.41136912834906,2.2167396545410156,-19.241466522216797,-0.1833370476961136,-0.1833370476961136,0.0,0.0035276836715638638,0.0035276836715638638,0.0035276836715638638,19.31509017944336,1.9275333881378174,1.9275333881378174,0.0,0.0,,0.18930432200431824,,0.29043224453926086,1.3695760404070219,4.745924773927205,0.020318512388145544,-19.488105010986327,0.8968965263054278,0.011993135785367768,-0.22940673877795537,0.6011674052910357,-0.007993719014893388,-0.22940673877795537,0.6011674052910357,-0.007993719014893388,0.0,0.0,0.0,0.003745923136981825,0.00010251036905499564,-1.0596726398430369e-05,0.003745923136981825,0.00010251036905499564,-1.0596726398430369e-05,0.003745923136981825,0.00010251036905499564,-1.0596726398430369e-05,19.60115769704183,0.8773950997951379,-0.012872067070644096,1.9189893404642742,0.10752874743726612,-0.001414710183827865,1.9189893404642742,0.10752874743726612,-0.001414710183827865,0.0,0.0,0.0,0.0,0.0,0.0,0.1945297007759412,0.00947446590012515,-7.037554553672151e-05,0.29424954056739805,0.013837415600051235,-1.8196959914579044e-05
65.83585248094924,1.0,1500.0,0.0,94.0,1831.0,0.7639247983314003,1398.0,433.0,10.070202120889391,1.4785661196657227,8638.24595035821,22.200000000000003,0.00535326742223294,33.71544715447155,1.860162601626017,11.507405611172727,123.0,33.4896551724138,4.724137931034485,11.538280760712151,29.0,33.71544715447155,1.860162601626017,11.507405611172727,123.0,0.4312706647315306,-0.006599606903333987,-0.0014819355989589384,-0.00045452073542476604,-0.006259251427363025,-0.016176781560583633,-0.0234469837510902,8.95932692878924,94.0,286500.0,190.0,4743.8183970451355,60.39438612963288,0.32369622588157654,-20.032604217529297,-0.22108063101768494,-0.22108063101768494,0.0,0.0037726000882685184,0.0037726000882685184,0.0037726000882685184,20.12137794494629,1.920379638671875,1.920379638671875,0.0,0.0,,0.19124503433704376,,0.2868189513683319,1.7599440440535545,5.590564324802503,0.08365535849790288,-19.46013685862223,1.011524758354951,-0.0043993808801497825,0.05462457835674286,0.9029114369464424,-0.007735697611818317,0.05462457835674286,0.9029114369464424,-0.007735697611818317,0.0,0.0,0.0,0.0036981715510288875,0.0001623997656599034,1.533480818995635e-05,0.0036981715510288875,0.0001623997656599034,1.533480818995635e-05,0.0036981715510288875,0.0001623997656599034,1.533480818995635e-05,19.58000717163086,1.0123970640072597,0.0067963121730305045,1.9696081678072612,0.1615682220409607,-0.0014214383349137993,1.9696081678072612,0.1615682220409607,-0.0014214383349137993,0.0,0.0,0.0,0.0,0.0,0.0,0.19413504699865977,0.008308893950148222,0.00027379207271622136,0.29606556296348574,0.012305491611263835,9.03932085556948e-05
66.71996967966963,1.0,1500.0,0.0,82.0,2048.0,0.5951522809546574,1218.0,830.0,10.134473652502503,1.1820695851761172,9668.138750543227,34.6,0.007479787280038047,33.52028985507245,2.2637681159420278,11.485984897547608,138.0,33.84642857142857,4.42142857142857,11.406673944151061,56.0,33.52028985507245,2.2637681159420278,11.485984897547608,138.0,0.4389382242777858,-0.00622011894269283,-0.0010368064851426831,-0.0007415604898709066,-0.006329529595271315,-0.013299400706017568,-0.022656955996971633,8.985913650043182,82.0,288000.0,191.0,4769.360912561417,60.385448968953725,0.1912020742893219,-18.424964904785156,-0.1314009428024292,-0.1314009428024292,0.0,0.0038833471480757,0.0038833471480757,0.0038833471480757,18.605573654174805,1.936328649520874,1.936328649520874,0.0,0.0,,0.211735799908638,,0.300337016582489,1.0757596443096797,1.5429166083148287,-0.010965256755954065,-19.325235493977864,0.9267582073223198,0.0025255748506918052,0.09074245045582453,0.5031222635933028,0.02447154553435139,0.09074245045582453,0.5031222635933028,0.02447154553435139,0.0,0.0,0.0,0.003737352858297527,6.751540660185163e-05,3.5378848356883246e-06,0.003737352858297527,6.751540660185163e-05,3.5378848356883246e-06,0.003737352858297527,6.751540660185163e-05,3.5378848356883246e-06,19.446099853515626,0.910033276051907,-0.0005702518382518799,1.976343584060669,0.0901098600468048,0.004392612285423028,1.976343584060669,0.0901098600468048,0.004392612285423028,0.0,0.0,0.0,0.0,0.0,0.0,0.19093610793352128,0.010547030445927797,0.0001750798823438245,0.2955526649951935,0.00949145892628734,0.00012212067477827197
63.746095038749075,1.0,1500.0,0.0,37.0,1990.0,0.27667095604154485,550.0,1440.0,10.117161678282894,1.4132716757745591,10970.450641798494,158.8,0.035552769444320065,33.583458646616535,5.7624060150375955,11.444216427800582,133.0,33.485416666666666,7.281249999999999,11.459466139968802,96.0,33.583458646616535,5.7624060150375955,11.444216427800582,133.0,0.43254258272915935,-0.007459379288558203,-0.001087678324192046,-0.0013084595986438067,-0.0041314891323872924,-0.030267648643793783,-0.023480709275475194,8.857397740979506,37.0,289500.0,192.0,4791.482362270355,60.41971525964791,0.32574838399887085,-19.541271209716797,0.13999465107917786,0.13999465107917786,0.0,0.003582662669941783,0.003582662669941783,0.003582662669941783,19.80652618408203,1.9848589897155762,1.9848589897155762,0.0,0.0,,0.20109592378139496,,0.3228864371776581,1.556589736044407,2.662731329334589,-0.016997577062703384,-19.029092343648276,1.0417423607234708,-0.04347229894992335,-0.03899031430482865,0.6528998461658789,-0.011122239285767149,-0.03899031430482865,0.6528998461658789,-0.011122239285767149,0.0,0.0,0.0,0.0038768195391943056,0.0001251390039085321,-1.0524142649567602e-05,0.0038768195391943056,0.0001251390039085321,-1.0524142649567602e-05,0.0038768195391943056,0.0001251390039085321,-1.0524142649567602e-05,19.143315505981445,1.0408494901458247,0.045506736407422796,1.9530484358469644,0.11754843858432766,-0.0019994270019192445,1.9530484358469644,0.11754843858432766,-0.0019994270019192445,0.0,0.0,0.0,0.0,0.0,0.0,0.19573702613512675,0.009441954773786948,9.864851815814053e-05,0.2958457887172699,0.01173739810333125,0.00016569388456418637
64.73705333676831,1.0,1500.0,0.0,116.0,2082.0,0.8293342833429668,1726.0,356.0,10.002947207993502,1.2370586314515168,9561.566620918305,25.6,0.005385165551769111,33.95571428571427,2.3328571428571423,11.272209311619289,140.0,34.349999999999994,6.408333333333332,11.141155416170406,24.0,33.95571428571427,2.3328571428571423,11.272209311619289,140.0,0.42978458339196457,-0.0060249930440824835,-0.0010078547276759317,-0.00044120385848950115,-0.004970393987702079,-0.02459576406285584,-0.02160418088238974,8.541308726282809,116.0,291000.0,193.0,4820.189617156982,60.37106900612678,0.7935343384742737,-18.939313888549805,0.7494420409202576,0.7494420409202576,0.0,0.0036998039577156305,0.0036998039577156305,0.0036998039577156305,18.864547729492188,2.093837022781372,2.093837022781372,0.0,0.0,,0.1826016902923584,,0.29933038353919983,0.6576828012863795,1.4066473755552087,0.01983889975192416,-19.29694677988688,0.7632696648516764,0.02607554646832575,0.12938226362069447,0.6920329574693643,-0.020700127376995583,0.12938226362069447,0.6920329574693643,-0.020700127376995583,0.0,0.0,0.0,0.003749225032515824,9.121152843685491e-05,-3.8855992468930215e-06,0.003749225032515824,9.121152843685491e-05,-3.8855992468930215e-06,0.003749225032515824,9.121152843685491e-05,-3.8855992468930215e-06,19.414507993062337,0.7828767414687332,-0.030353858022722065,1.983231008052826,0.12390574621411707,-0.003716344721988313,1.983231008052826,0.12390574621411707,-0.003716344721988313,0.0,0.0,0.0,0.0,0.0,0.0,0.1934538811445236,0.00994344645450997,-0.0005301757436970871,0.2968799660603205,0.013204576275586594,-0.00012910978017050662
66.14302635192871,1.0,1500.0,0.0,16.0,1879.0,0.12581696876989606,236.0,1643.0,9.841889695669508,1.7961944075204708,11449.364482896286,221.20000000000002,0.050841224602371976,34.53015873015872,7.744444444444444,11.191942285925723,126.0,34.54727272727273,8.719999999999997,11.154418727363128,110.0,34.53015873015872,7.744444444444444,11.191942285925723,126.0,0.42244882872402584,-0.006824796396102442,-0.0010093738668246306,-0.001154972153689707,-0.002923264311814856,-0.016849370686155097,-0.022965785527145188,9.075120341869967,16.0,292500.0,194.0,4840.494766950607,60.42770710074908,0.27308356761932373,-20.488510131835938,-0.540439248085022,-0.540439248085022,0.0,0.00335727003403008,0.00335727003403008,0.00335727003403008,20.547815322875977,1.8651248216629028,1.8651248216629028,0.0,0.0,,0.2027917355298996,,0.3125431537628174,1.4537717138727506,3.6156239909959615,-0.06787805991854368,-19.370075225830078,1.1295269101454295,0.006094463887284183,-0.17384957497318584,0.6043630808359474,-0.0004845542143263642,-0.17384957497318584,0.6043630808359474,-0.0004845542143263642,0.0,0.0,0.0,0.003533965131888787,0.00011404037719625372,-9.90545677561928e-06,0.003533965131888787,0.00011404037719625372,-9.90545677561928e-06,0.003533965131888787,0.00011404037719625372,-9.90545677561928e-06,19.498238690694173,1.1243013171241887,-0.008035994159499337,1.9291750152905782,0.10700476059347387,-7.16959674313446e-05,1.9291750152905782,0.10700476059347387,-7.16959674313446e-05,0.0,0.0,0.0,0.0,0.0,0.0,0.1922452708085378,0.010447828265412885,-4.776585619229925e-05,0.2921288420756658,0.014786757375882486,-2.3348133874290835e-05
63.862996878447355,1.0,1500.0,0.0,54.0,1877.0,0.4253463018266442,798.0,1079.0,10.224781865568431,1.3786763935557853,10062.555126515797,60.800000000000004,0.01452599388379205,33.21904761904761,4.922222222222222,11.610023279765802,126.0,33.391666666666666,7.044444444444443,11.501349416853312,72.0,33.21904761904761,4.922222222222222,11.610023279765802,126.0,0.4441168250943923,-0.007387305835379913,-0.0009801108344511258,-0.00043141947801129954,-0.004094746125740228,-0.035592793246818695,-0.024702855251149923,9.343509741198103,54.0,294000.0,195.0,4863.580228567123,60.44929582391538,0.3320102095603943,-19.18891716003418,-0.004051931202411652,-0.004051931202411652,0.0,0.0035404893569648266,0.0035404893569648266,0.0035404893569648266,19.14908218383789,1.9592819213867188,1.9592819213867188,0.0,0.0,,0.19645802676677704,,0.2982555031776428,1.0118921130895615,2.4985269462459723,0.014953966659221269,-19.615084838867187,0.8122741111671768,-0.02412423207046444,0.025129665310184162,0.5377051307941626,-0.010811571255574906,0.025129665310184162,0.5377051307941626,-0.010811571255574906,0.0,0.0,0.0,0.0035005786300947267,7.197972085816356e-05,6.663169115118768e-06,0.0035005786300947267,7.197972085816356e-05,6.663169115118768e-06,0.0035005786300947267,7.197972085816356e-05,6.663169115118768e-06,19.74649149576823,0.8326844150629826,0.02525634680759599,1.9643238027890524,0.09496325499245285,-0.0019000983476904264,1.9643238027890524,0.09496325499245285,-0.0019000983476904264,0.0,0.0,0.0,0.0,0.0,0.0,0.19478293508291245,0.007393001424178714,-1.5900095922668815e-05,0.29755586783091226,0.011121561113460679,0.0004056919138211352
58.96798228309268,1.0,1500.0,0.0,105.0,2081.0,0.7568848388391828,1575.0,506.0,9.686438948935722,1.7280025973970121,10705.183751135904,42.0,0.008613264427217916,35.08057553956834,3.5697841726618718,10.940029088611913,139.0,33.7235294117647,5.500000000000001,11.29158765172426,34.0,35.08057553956834,3.5697841726618718,10.940029088611913,139.0,0.4055434785517823,-0.0072461287085181045,-0.0021546093932410543,-0.0003614444541557204,-0.005757286192068729,-0.04607620640229336,-0.02345445712350894,7.859976535870685,105.0,295500.0,196.0,4891.922157764435,60.40570362122052,0.19041532278060913,-19.424962997436523,0.17208778858184814,0.17208778858184814,0.0,0.003391214180737734,0.003391214180737734,0.003391214180737734,19.475357055664062,1.9902619123458862,1.9902619123458862,0.0,0.0,,0.18404948711395264,,0.27423495054244995,1.5460349897543588,5.2963237686509945,0.1551006800539634,-19.331664848327637,1.007023018966101,0.005250998678409605,-0.18921304494142532,0.7722084422838824,-0.019784628592423272,-0.18921304494142532,0.7722084422838824,-0.019784628592423272,0.0,0.0,0.0,0.003448465450977286,0.00013862660170157177,-1.0129610580020393e-05,0.003448465450977286,0.00013862660170157177,-1.0129610580020393e-05,0.003448465450977286,0.00013862660170157177,-1.0129610580020393e-05,19.42971280415853,1.0121470801034709,-0.004100769857676687,1.9267413457234701,0.13645213741069306,-0.003481792316288317,1.9267413457234701,0.13645213741069306,-0.003481792316288317,0.0,0.0,0.0,0.0,0.0,0.0,0.1938506563504537,0.010020416008995177,-0.0001983486041343817,0.2917570541302363,0.013083303698243464,-7.536638698005405e-05
62.08114205154718,1.0,1500.0,0.0,102.0,1920.0,0.7894113092726633,1515.0,405.0,9.847398576963833,1.2077443067716314,9288.740775522863,42.0,0.009442446043165468,34.48062015503874,3.0961240310077516,11.205887332715172,129.0,34.562962962962956,6.1185185185185205,11.095987812762948,27.0,34.48062015503874,3.0961240310077516,11.205887332715172,129.0,0.420893126702167,-0.007147419175465504,-0.0014493891210561375,-0.0006215314978707413,-0.0034132079069472123,-0.03721477149939617,-0.02390919062939975,8.536865923188024,102.0,297000.0,197.0,4919.157462120056,60.37619293284405,0.27950727939605713,-19.102188110351562,-0.3651800751686096,-0.3651800751686096,0.0,0.003341667354106903,0.003341667354106903,0.003341667354106903,19.217273712158203,1.8959459066390991,1.8959459066390991,0.0,0.0,,0.2017609179019928,,0.2914920449256897,0.9278596952557564,2.339654538571557,-0.04293026889325253,-19.100422922770182,0.7957824100601413,-0.021466863884676037,0.05950862765312195,0.6938680010738044,-0.006114497571951548,0.05950862765312195,0.6938680010738044,-0.006114497571951548,0.0,0.0,0.0,0.0033955327856043977,4.4930278679725785e-05,3.008311769786902e-07,0.0033955327856043977,4.4930278679725785e-05,3.008311769786902e-07,0.0033955327856043977,4.4930278679725785e-05,3.008311769786902e-07,19.222145652770998,0.7764061574908825,0.02009778176584502,1.9704968174298605,0.12214794307498733,-0.001080260340443493,1.9704968174298605,0.12214794307498733,-0.001080260340443493,0.0,0.0,0.0,0.0,0.0,0.0,0.19405754258235294,0.011683896559971197,-0.00037537018568550525,0.2946684827407201,0.01426567756403289,-0.00037960598413088506
64.54979282230526,1.0,1500.0,0.0,77.0,1928.0,0.596250484376609,1149.0,779.0,10.194042738398723,1.247456109727291,9784.110420576031,42.6,0.00991204802457071,33.31627906976744,2.860465116279072,11.615166742670107,129.0,32.161538461538456,4.853846153846156,12.022370267077152,52.0,33.31627906976744,2.860465116279072,11.615166742670107,129.0,0.42781278878280915,-0.007061789519042294,-0.0010209481853932117,-0.0008383964950900815,-0.002888641996410581,-0.024912400649517136,-0.023751795386252734,8.728605352118247,77.0,298500.0,198.0,4944.118074417114,60.37477169984287,0.22825224697589874,-19.96904945373535,0.4655107855796814,0.4655107855796814,0.0,0.003477398306131363,0.003477398306131363,0.003477398306131363,20.046932220458984,2.042224884033203,2.042224884033203,0.0,0.0,,0.18539032340049744,,0.27576833963394165,0.38529341767231623,0.2613679597019155,-0.0037250852856673257,-19.138016573588054,0.8517798131724815,-0.017226620802491738,0.16025543908278148,0.5452672776729774,0.013237041563160312,0.16025543908278148,0.5452672776729774,0.013237041563160312,0.0,0.0,0.0,0.00335530792362988,0.0001218676049530885,1.1961283711291737e-05,0.00335530792362988,0.0001218676049530885,1.1961283711291737e-05,0.00335530792362988,0.0001218676049530885,1.1961283711291737e-05,19.229070154825845,0.8635790692861497,0.01854978482900899,1.9881685177485149,0.09552575878256031,0.0023489873056549322,1.9881685177485149,0.09552575878256031,0.0023489873056549322,0.0,0.0,0.0,0.0,0.0,0.0,0.1935894638299942,0.011062472031239834,0.00025763625032511686,0.29559435447057086,0.01363091126565301,0.0003445131229744303
66.40063614181325,1.0,1500.0,0.0,79.0,1811.0,0.6475279742414716,1172.0,639.0,10.231250615651923,1.500743876791644,9463.414518860076,43.400000000000006,0.010719754977029096,33.185245901639355,2.7868852459016407,11.594863677253231,122.0,33.353488372093025,6.50232558139535,11.584547659140082,43.0,33.185245901639355,2.7868852459016407,11.594863677253231,122.0,0.440399271241403,-0.007252115111729977,-0.0014001790590066176,-0.0005149852572190189,-0.005455322787516087,-0.0129115006412997,-0.025117420737142328,8.999244246577884,79.0,300000.0,199.0,4968.860000610352,60.376021856753745,0.3153146505355835,-19.402374267578125,-0.021368682384490967,-0.021368682384490967,0.0,0.003430681535974145,0.003430681535974145,0.003430681535974145,19.47594451904297,1.9562344551086426,1.9562344551086426,0.0,0.0,,0.19238436222076416,,0.2838277816772461,1.3277583792805672,4.491857014248255,-0.0801235684397754,-19.151392618815105,0.8374854148475638,0.0009580864657022624,-0.048090733339389166,0.5308713300565737,0.013905422422657819,-0.048090733339389166,0.5308713300565737,0.013905422422657819,0.0,0.0,0.0,0.003394380467943847,5.4766547848576336e-05,-3.1461104754777755e-06,0.003394380467943847,5.4766547848576336e-05,-3.1461104754777755e-06,0.003394380467943847,5.4766547848576336e-05,-3.1461104754777755e-06,19.266272163391115,0.8409911454462372,-0.002283180330168854,1.9514790177345276,0.09337248813016874,0.002449151724411172,1.9514790177345276,0.09337248813016874,0.002449151724411172,0.0,0.0,0.0,0.0,0.0,0.0,0.19312753329674404,0.010170944591182039,-0.0001504352115285331,0.2931851903597514,0.013184419876322642,-0.00046528344424866957
63.48687155106489,1.0,1500.0,0.0,68.0,1890.0,0.5329699950806187,1007.0,883.0,10.349820947730768,1.2853932698420385,9660.566375789394,100.4,0.024082513792276324,32.826771653543304,4.261417322834646,11.820264483474816,127.0,32.396610169491524,6.911864406779658,11.873765034013186,59.0,32.826771653543304,4.261417322834646,11.820264483474816,127.0,0.4399082387809419,-0.00781865321228344,-0.00116179491238274,-0.0006865973401346905,-0.006951606505355047,-0.03307219357397858,-0.026166904117446585,9.500325066176186,68.0,301500.0,200.0,4992.719847202301,60.3879266666539,0.46934500336647034,-18.752487182617188,-0.2724704146385193,-0.2724704146385193,0.0,0.003401394234970212,0.003401394234970212,0.003401394234970212,18.841064453125,1.912056803703308,1.912056803703308,0.0,0.0,,0.1767733246088028,,0.28634631633758545,0.6513212636113167,0.793577514976389,-0.030571876938669276,-19.045421473185222,1.0408664273597221,-0.03485987984696507,0.09734542295336723,0.5662654020598975,-0.007340879937234,0.09734542295336723,0.5662654020598975,-0.007340879937234,0.0,0.0,0.0,0.003389194079985221,4.652236598633121e-05,3.7755936309611066e-06,0.003389194079985221,4.652236598633121e-05,3.7755936309611066e-06,0.003389194079985221,4.652236598633121e-05,3.7755936309611066e-06,19.148471641540528,1.0349085061221086,0.03626062098281353,1.977078382174174,0.09957520103584763,-0.0012867476173715389,1.977078382174174,0.09957520103584763,-0.0012867476173715389,0.0,0.0,0.0,0.0,0.0,0.0,0.19291837513446808,0.010144900593140539,-3.393135956583193e-05,0.2952936937411626,0.012281348183307849,3.065318366443909e-05
62.79556349345616,1.0,1500.0,0.0,56.0,1856.0,0.44929031717696805,833.0,1023.0,10.030818427016978,1.3938517981121934,9896.333042451864,114.80000000000001,0.02712152712152712,33.8624,4.644799999999999,11.36638830297355,125.0,33.48405797101448,6.756521739130434,11.464647142835659,69.0,33.8624,4.644799999999999,11.36638830297355,125.0,0.42338837644918015,-0.00702676064297769,-0.0008835829836985664,-0.0010795691977162334,-0.004631676946351716,-0.03328290468986384,-0.022791304796734798,8.522700615600765,56.0,303000.0,201.0,5016.079234838486,60.40574437013581,0.22003282606601715,-16.914527893066406,0.17883431911468506,0.17883431911468506,0.0,0.003493106458336115,0.003493106458336115,0.003493106458336115,17.111984252929688,1.9916136264801025,1.9916136264801025,0.0,0.0,,0.17918527126312256,,0.2902945876121521,0.7438286562760671,0.9814171332899432,0.00704363156213642,-18.767730712890625,1.0662161145593902,0.026990324875404592,0.08765063832203547,0.6897874929250281,-0.010497085029079083,0.08765063832203547,0.6897874929250281,-0.010497085029079083,0.0,0.0,0.0,0.003552035583804051,0.00010293507310174268,8.343665905139259e-06,0.003552035583804051,0.00010293507310174268,8.343665905139259e-06,0.003552035583804051,0.00010293507310174268,8.343665905139259e-06,18.895246251424155,1.036367857202367,-0.026737354859892502,1.9755497376124065,0.12220717697762004,-0.001851337133711044,1.9755497376124065,0.12220717697762004,-0.001851337133711044,0.0,0.0,0.0,0.0,0.0,0.0,0.19578187217315038,0.00749451143536217,-0.0004689216315414839,0.299111075202624,0.012583551333304422,-0.0006885394570029274
66.25482181880786,1.0,1500.0,0.0,46.0,1895.0,0.3598772258145745,681.0,1214.0,9.909013339154733,1.380639702614872,10568.93210154934,144.0,0.03307151715584952,34.28503937007874,5.601574803149603,11.249911694411106,127.0,34.612345679012336,8.19012345679012,11.046604698949537,81.0,34.28503937007874,5.601574803149603,11.249911694411106,127.0,0.43343801434619755,-0.0077613444343777194,-0.0008085111182460395,-0.0011719201275973898,-0.0017797713789610725,-0.017363623209376358,-0.025464592577193187,9.300932107162334,46.0,304500.0,202.0,5038.656080961227,60.4327811041849,0.3477518558502197,-18.823814392089844,-0.5035717487335205,-0.5035717487335205,0.0,0.0035477883648127317,0.0035477883648127317,0.0035477883648127317,18.89983367919922,1.8707387447357178,1.8707387447357178,0.0,0.0,,0.20612290501594543,,0.31419485807418823,1.662566214799881,4.320192093479661,0.06558258210591664,-18.64685490926107,1.044975282038341,-0.021426159070516225,0.07114763831098875,0.6339055162239702,0.005735055386224505,0.07114763831098875,0.6339055162239702,0.005735055386224505,0.0,0.0,0.0,0.003474384476430714,3.309939483797378e-05,5.420226421418119e-07,0.003474384476430714,3.309939483797378e-05,5.420226421418119e-07,0.003474384476430714,3.309939483797378e-05,5.420226421418119e-07,18.772598520914713,1.0552150734972263,0.020286890184786223,1.972514565785726,0.11191011807315782,0.0010118241039610727,1.972514565785726,0.11191011807315782,0.0010118241039610727,0.0,0.0,0.0,0.0,0.0,0.0,0.19154870609442393,0.009434069643158741,-0.00028189492305208673,0.2956556926170985,0.01279539363956823,2.817256962496789e-05
63.50235327234808,1.0,1500.0,0.0,106.0,2023.0,0.7807775971727892,1579.0,444.0,10.053955053195958,1.1184798213157818,9474.895382441971,50.6,0.011016284942959156,33.7735294117647,2.5161764705882352,11.385719033102072,136.0,32.38000000000001,4.8,11.793967138890952,30.0,33.7735294117647,2.5161764705882352,11.385719033102072,136.0,0.4256161852462907,-0.007162651184905528,-0.0011384960614715517,-0.0008385945467345496,-0.0021003212255992225,-0.03060909315542377,-0.024095634602098816,8.574423067225952,106.0,306000.0,203.0,5066.282278060913,60.3993191072487,1.9515494108200073,-17.725414276123047,-1.3484680652618408,-1.3484680652618408,0.0,0.0034567643888294697,0.0034567643888294697,0.0034567643888294697,17.971588134765625,1.7220571041107178,1.7220571041107178,0.0,0.0,,0.19041883945465088,,0.2912623882293701,0.5362562199433645,0.4676501748180775,0.020743424018577677,-18.9639466603597,1.1680135993092544,0.03369247385604275,-0.1112085406978925,0.6740856310067839,0.01575627774828932,-0.1112085406978925,0.6740856310067839,0.01575627774828932,0.0,0.0,0.0,0.003487753092000882,7.468410646367728e-05,-7.512705924778874e-06,0.003487753092000882,7.468410646367728e-05,-7.512705924778874e-06,0.003487753092000882,7.468410646367728e-05,-7.512705924778874e-06,19.060060373942058,1.1264255680920676,-0.03163175147950893,1.9402183612187704,0.11893206003532136,0.002781925530269189,1.9402183612187704,0.11893206003532136,0.002781925530269189,0.0,0.0,0.0,0.0,0.0,0.0,0.19187190334002177,0.009945736011802393,-0.00012989387628897615,0.2979575236638387,0.011069593826171944,1.1940408203827402e-05
65.69204240686753,1.0,1500.0,0.0,34.0,1962.0,0.2552542646595617,500.0,1462.0,10.038374474577365,1.5791382905943945,11317.317033253059,183.4,0.041052961454089626,33.843939393939394,6.078787878787879,11.406514323349878,132.0,34.03265306122449,7.716326530612245,11.320211362549228,98.0,33.843939393939394,6.078787878787879,11.406514323349878,132.0,0.44147984776964655,-0.007514599195979793,-0.0010454514949619126,-0.001203083334363723,-0.0024875621890547207,-0.02298507462686567,-0.024820792363720055,9.319925338226856,34.0,307500.0,204.0,5087.794686555862,60.43875960886295,0.32468780875205994,-20.27547836303711,-0.2503046989440918,-0.2503046989440918,0.0,0.003588699968531728,0.003588699968531728,0.003588699968531728,20.34526824951172,1.915540099143982,1.915540099143982,0.0,0.0,,0.19695095717906952,,0.30864810943603516,1.9149165148536365,5.862011399396922,0.22887453486245796,-19.065132840474448,1.388500185801529,0.0009985158918170167,0.1106007399658362,0.613129743623065,0.005868470219603118,0.1106007399658362,0.613129743623065,0.005868470219603118,0.0,0.0,0.0,0.0034380617241064706,8.304996099311375e-05,5.10979889248705e-06,0.0034380617241064706,8.304996099311375e-05,5.10979889248705e-06,0.0034380617241064706,8.304996099311375e-05,5.10979889248705e-06,19.158102544148765,1.3398196578788544,0.002416092614840923,1.9795674244562784,0.1079845231406905,0.0010447481450302086,1.9795674244562784,0.1079845231406905,0.0010447481450302086,0.0,0.0,0.0,0.0,0.0,0.0,0.19016183366378148,0.009223272089007488,0.000214829304990035,0.29915549556414284,0.014337770550775342,0.0003984238334969688
58.21857481182746,1.0,1500.0,0.0,53.0,1961.0,0.3995934136046297,783.0,1178.0,10.12015087866627,1.280207654570414,10594.405939208673,183.0,0.041301796515301976,33.566666666666684,5.78939393939394,11.427365166485632,132.0,33.15189873417722,7.078481012658228,11.484142739538548,79.0,33.566666666666684,5.78939393939394,11.427365166485632,132.0,0.42674678932454485,-0.008448576151669218,-0.0008371514069532042,-0.0018824795744032132,-0.0028737767868202723,-0.0634832156571287,-0.024671318595307568,8.782832400329124,53.0,309000.0,205.0,5111.030956745148,60.457469855901664,0.4351878762245178,-18.745708465576172,-0.9115570783615112,-0.9115570783615112,0.0,0.0034458269365131855,0.0034458269365131855,0.0034458269365131855,18.79549789428711,1.7992463111877441,1.7992463111877441,0.0,0.0,,0.19300441443920135,,0.30153387784957886,1.0429930716753006,2.154414325558968,-0.06738117955815676,-18.999901008605956,1.0491000948818816,0.0464969304034927,-0.11464146462579568,0.5938349794817065,-0.030325633556777844,-0.11464146462579568,0.5938349794817065,-0.030325633556777844,0.0,0.0,0.0,0.0035781837689379853,6.653904710136164e-05,-4.673438629465018e-06,0.0035781837689379853,6.653904710136164e-05,-4.673438629465018e-06,0.0035781837689379853,6.653904710136164e-05,-4.673438629465018e-06,19.122906748453776,1.0304322101390948,-0.0467282398126286,1.939771330356598,0.1052785485922142,-0.005362357684847305,1.939771330356598,0.1052785485922142,-0.005362357684847305,0.0,0.0,0.0,0.0,0.0,0.0,0.18900184333324432,0.008497671987109585,-0.0003353124532073773,0.29800648192564644,0.011239843293803661,-0.00019268588441630837
63.81217836551979,1.0,1500.0,0.0,61.0,1832.0,0.4953412896556224,907.0,925.0,10.371008851566959,1.2463197214764292,9569.184827320314,97.0,0.02408501762923971,32.743089430894315,4.253658536585365,11.76941653201023,123.0,32.20645161290323,6.44516129032258,11.928128567403462,62.0,32.743089430894315,4.253658536585365,11.76941653201023,123.0,0.4392961321317886,-0.007174443912164468,-0.0010459136850146517,-0.000953147925031602,-0.00316846986089646,-0.034113490836829324,-0.024351021008252895,9.094486727651136,61.0,310500.0,206.0,5134.453488826752,60.473816867888466,0.44254836440086365,-17.37363052368164,-0.22041791677474976,-0.22041791677474976,0.0,0.0033636472653597593,0.0033636472653597593,0.0033636472653597593,17.581012725830078,1.9212939739227295,1.9212939739227295,0.0,0.0,,0.18914775550365448,,0.28822195529937744,0.7555796022216479,1.1985395783057242,0.014496700606568894,-18.64835433959961,0.9211814973934428,-0.009106415609628868,-0.148501684765021,0.5397683671105653,-0.010949996332570626,-0.148501684765021,0.5397683671105653,-0.010949996332570626,0.0,0.0,0.0,0.003434885456226766,9.951619106227833e-05,5.7929637298003634e-06,0.003434885456226766,9.951619106227833e-05,5.7929637298003634e-06,0.003434885456226766,9.951619106227833e-05,5.7929637298003634e-06,18.751524925231934,0.9217071962272025,0.0103926801840636,1.9337974508603415,0.09527237842665533,-0.0019426855282471125,1.9337974508603415,0.09527237842665533,-0.0019426855282471125,0.0,0.0,0.0,0.0,0.0,0.0,0.19296043266852697,0.009245894050020284,0.00026868636470216866,0.2995025674502055,0.013091302101399093,0.0004711591892433335
65.29091360258019,1.0,1500.0,0.0,92.0,2068.0,0.6637400408887386,1372.0,696.0,9.96660759676526,1.2170034997725316,10002.750920247861,44.0,0.009289363678588018,34.07625899280575,2.351079136690648,11.248296462934126,139.0,33.319148936170215,4.757446808510639,11.550611643663187,47.0,34.07625899280575,2.351079136690648,11.248296462934126,139.0,0.4211295011824923,-0.006357978375286192,-0.0009856907149514188,-0.0005308164698670324,-0.0028492841526200933,-0.01819592354891036,-0.022143485178110392,8.25645274685778,92.0,312000.0,207.0,5161.22431063652,60.45077315415533,0.36480650305747986,-18.79846954345703,-0.1919165551662445,-0.1919165551662445,0.0,0.0035509432200342417,0.0035509432200342417,0.0035509432200342417,18.903961181640625,1.9259742498397827,1.9259742498397827,0.0,0.0,,0.20080141723155975,,0.3250758647918701,0.7552430709203084,1.8619810566176838,0.041158952616213176,-18.911954498291017,1.0147972386666297,-0.021909086165889234,-0.007141301035881042,0.5837653696937533,0.00017047415718485546,-0.007141301035881042,0.5837653696937533,0.00017047415718485546,0.0,0.0,0.0,0.003466032965419193,0.00011118138364610782,1.0318083075331985e-05,0.003466032965419193,0.00011118138364610782,1.0318083075331985e-05,0.003466032965419193,0.00011118138364610782,1.0318083075331985e-05,19.03018480936686,1.0108776974509122,0.024590193734683026,1.9586231509844463,0.10307272825360228,2.5134967086776007e-05,1.9586231509844463,0.10307272825360228,2.5134967086776007e-05,0.0,0.0,0.0,0.0,0.0,0.0,0.1939525509874026,0.010485510085628808,-9.117390674532316e-05,0.3029908239841461,0.012547964204288602,0.00039812256152159967
65.04188630519769,1.0,1500.0,0.0,78.0,2011.0,0.5754500070454227,1157.0,854.0,9.911485785218137,1.2701277200332568,9991.977103813479,65.2,0.014094859267586147,34.26518518518518,3.296296296296296,11.242331864941011,135.0,34.05614035087719,6.119298245614035,11.259854439700398,57.0,34.26518518518518,3.296296296296296,11.242331864941011,135.0,0.4227517978065559,-0.006939992713014532,-0.0012689100317525397,-0.0008068037913548767,-0.002587646076794672,-0.020075125208681134,-0.023398396853544157,8.570788825385863,78.0,313500.0,208.0,5186.5876288414,60.444365820930095,0.2565452456474304,-19.10870933532715,0.18238072097301483,0.18238072097301483,0.0,0.003568242536857724,0.003568242536857724,0.003568242536857724,19.156230926513672,1.9923620223999023,1.9923620223999023,0.0,0.0,,0.17878380417823792,,0.27494096755981445,0.5370379249254863,0.7927748081938347,-0.014830077861387054,-18.8104954401652,0.9242392352637089,-0.009349511966556045,0.02141310671965281,0.523060061768337,0.009819402299547877,0.02141310671965281,0.523060061768337,0.009819402299547877,0.0,0.0,0.0,0.0036167504188294214,4.62827525154404e-05,-3.7767176927628218e-06,0.0036167504188294214,4.62827525154404e-05,-3.7767176927628218e-06,0.0036167504188294214,4.62827525154404e-05,-3.7767176927628218e-06,18.93266035715739,0.9466653496040907,0.009515952427474352,1.963739029566447,0.09301569995082348,0.0017438608494165376,1.963739029566447,0.09301569995082348,0.0017438608494165376,0.0,0.0,0.0,0.0,0.0,0.0,0.19035208374261856,0.009537280845345164,-0.00025235607772568946,0.2956676214933395,0.018864254714476055,-0.0005520339868755699
64.82343022028606,1.0,1500.0,0.0,84.0,1881.0,0.6653655735010993,1251.0,630.0,10.089295004997158,1.6872509823906767,9728.602951761486,41.400000000000006,0.009690103922853665,33.64094488188975,2.4645669291338583,11.47774918120784,127.0,32.74883720930233,5.06511627906977,11.726605746526097,43.0,33.64094488188975,2.4645669291338583,11.47774918120784,127.0,0.42534295961119045,-0.007986917703808731,-0.002034445321207493,-0.0006170663852706219,-0.0029686769518466783,-0.018544491195262584,-0.025981320267410103,8.71898163302912,84.0,315000.0,209.0,5212.123587369919,60.436018969947646,0.2842137813568115,-19.558876037597656,1.6126400232315063,1.6126400232315063,0.0,0.0038063644897192717,0.0038063644897192717,0.0038063644897192717,19.601253509521484,2.249448537826538,2.249448537826538,0.0,0.0,,0.17867064476013184,,0.2728131413459778,0.6347469304998715,1.1145981871893342,-0.01190544714585561,-18.833260027567544,0.9076884885854463,-0.011598486895025193,0.3016999696691831,0.5678621704060018,0.017380921961998645,0.3016999696691831,0.5678621704060018,0.017380921961998645,0.0,0.0,0.0,0.0036210738743344944,0.00011182013863674345,1.109405560574349e-05,0.0036210738743344944,0.00011182013863674345,1.109405560574349e-05,0.0036210738743344944,0.00011182013863674345,1.109405560574349e-05,18.948027229309083,0.9029882879992773,0.012791708923950366,2.013775893052419,0.10120672157755728,0.003128638946439807,2.013775893052419,0.10120672157755728,0.003128638946439807,0.0,0.0,0.0,0.0,0.0,0.0,0.1871990775068601,0.008894893362739338,-2.9075765636263792e-05,0.2947797308365504,0.01479945063262265,7.098741473026583e-05
67.68997391064961,1.0,1500.0,0.0,48.0,1847.0,0.3898578115661391,720.0,1127.0,10.205897933428016,1.6716284118440217,10293.442945141564,74.2,0.017980032955316468,33.2806451612903,3.674193548387096,11.630437522804568,124.0,33.539473684210535,5.718421052631578,11.485979397908142,76.0,33.2806451612903,3.674193548387096,11.630437522804568,124.0,0.4433468817612842,-0.007443439075209782,-0.0016877950939741247,-0.0005904780691543273,-0.005702561199943442,-0.007428894863449837,-0.02575811623342578,9.573381351189978,48.0,316500.0,210.0,5234.43637752533,60.464962638371176,0.2390645146369934,-18.215103149414062,0.2932353913784027,0.2932353913784027,0.0,0.0036333161406219006,0.0036333161406219006,0.0036333161406219006,18.304973602294922,2.0121994018554688,2.0121994018554688,0.0,0.0,,0.16825242340564728,,0.3071218729019165,1.3941266799966494,3.7592527869725676,0.0534736362891945,-18.53262227376302,0.7319046286438183,0.0034730769105433324,0.01352851688861847,0.6351432305620519,0.006400499666095164,0.01352851688861847,0.6351432305620519,0.006400499666095164,0.0,0.0,0.0,0.0036922970709080496,0.00010835920341364152,-7.177205565691179e-06,0.0036922970709080496,0.00010835920341364152,-7.177205565691179e-06,0.0036922970709080496,0.00010835920341364152,-7.177205565691179e-06,18.66803398132324,0.71311650660842,-0.006582969181795259,1.9623914043108621,0.11359538986596365,0.00113506770637856,1.9623914043108621,0.11359538986596365,0.00113506770637856,0.0,0.0,0.0,0.0,0.0,0.0,0.1869543711344401,0.008998833170461178,0.00013433329520686244,0.2951714078585307,0.011679402586954232,0.0002791691675069391
64.8908008776213,1.0,1500.0,0.0,38.0,1801.0,0.31549059267080987,568.0,1233.0,10.365524433783902,1.4317333560657681,9931.547239296357,99.60000000000001,0.025110931827349737,32.78016528925621,4.391735537190083,11.81147415295193,121.0,32.2265060240964,5.8000000000000025,11.953404783516099,83.0,32.78016528925621,4.391735537190083,11.81147415295193,121.0,0.42716245032859973,-0.007206799598001933,-0.001770487444453602,-0.0008850244029530294,-0.004477095937770112,-0.021607605877268798,-0.024313967518841323,9.034879229256326,38.0,318000.0,211.0,5255.905051231384,60.503376088481104,0.32190847396850586,-20.650419235229492,1.920182704925537,1.920182704925537,0.0,0.003980149514973164,0.003980149514973164,0.003980149514973164,20.76177215576172,2.3074140548706055,2.3074140548706055,0.0,0.0,,0.19690445065498352,,0.2979680299758911,0.6262811467051506,0.8795586125568948,-0.006829665039352116,-18.844148667653403,1.223838929322178,0.020776277866724445,0.16461077655355136,0.6846815319599532,0.022808208072079443,0.16461077655355136,0.6846815319599532,0.022808208072079443,0.0,0.0,0.0,0.003652676528630157,0.00010972345901576838,9.440102493255696e-06,0.003652676528630157,0.00010972345901576838,9.440102493255696e-06,0.003652676528630157,0.00010972345901576838,9.440102493255696e-06,18.969020334879556,1.246442016636318,-0.024782977247397815,1.98954469760259,0.12236798115962699,0.004117499071445775,1.98954469760259,0.12236798115962699,0.004117499071445775,0.0,0.0,0.0,0.0,0.0,0.0,0.1933562785387039,0.009007136485128353,5.3805815629881855e-05,0.29870981971422833,0.011192049374061517,7.922746183078925e-05
64.7960345324348,1.0,1500.0,0.0,85.0,1852.0,0.6849800219029112,1268.0,584.0,10.17527918124712,1.3958371373590914,9124.648769088473,18.0,0.004352662378488175,33.35,2.3548387096774204,11.530326448443134,124.0,32.389743589743595,4.6461538461538465,11.891974107501364,39.0,33.35,2.3548387096774204,11.530326448443134,124.0,0.4286102859653969,-0.00730399363863721,-0.0017001512488602863,-0.00010685013858829604,-0.002511627906976759,-0.021472868217054263,-0.025505965911157173,8.64175368798061,85.0,319500.0,212.0,5281.288438081741,60.49660111274819,0.4045877158641815,-21.092830657958984,-1.563215970993042,-1.563215970993042,0.0,0.0037294551730155945,0.0037294551730155945,0.0037294551730155945,21.157058715820312,1.6804189682006836,1.6804189682006836,0.0,0.0,,0.1843688040971756,,0.29920750856399536,2.1777754669388134,6.318548649391024,-0.19193110152730947,-19.052279154459637,1.003044654671454,-0.0021598544348859034,-0.2669277419646581,1.0403108283250002,-0.00803652211476753,-0.2669277419646581,1.0403108283250002,-0.00803652211476753,0.0,0.0,0.0,0.003921243928683301,0.0001283020196100021,-4.42986706016934e-06,0.003921243928683301,0.0001283020196100021,-4.42986706016934e-06,0.003921243928683301,0.0001283020196100021,-4.42986706016934e-06,19.13548049926758,0.997874657925101,0.0002823622791591728,1.9116162975629172,0.18764666739902777,-0.0014162011353405083,1.9116162975629172,0.18764666739902777,-0.0014162011353405083,0.0,0.0,0.0,0.0,0.0,0.0,0.19101831515630086,0.01034434295404036,-0.00028473779940366866,0.29700377583503723,0.013730471058765915,-0.00015749183459595542
64.13090199690599,1.0,1500.0,0.0,52.0,1800.0,0.4290455112550855,772.0,1028.0,10.223161304174125,1.5580214652221873,9500.59603756928,60.2,0.014967677772252611,33.23966942148762,3.8297520661157023,11.604776181466645,121.0,32.42028985507247,5.6,11.870377151368443,69.0,33.23966942148762,3.8297520661157023,11.604776181466645,121.0,0.42348775699669994,-0.006927378710126955,-0.0016276833917571204,-0.0003063645451334935,-0.004775632990724526,-0.024128854349461017,-0.02349664349095068,8.557196917524303,52.0,321000.0,213.0,5304.2716608047485,60.5172624117255,0.22647453844547272,-18.5804443359375,-0.43448591232299805,-0.43448591232299805,0.0,0.0034125728998333216,0.0034125728998333216,0.0034125728998333216,18.72113800048828,1.8835079669952393,1.8835079669952393,0.0,0.0,,0.18209326267242432,,0.28574830293655396,0.6930289636055629,1.023770179692207,-0.004891439433622951,-18.84023291269938,1.0732229928724029,-0.00326235583414586,-0.1010432407259941,0.686964684454009,0.01116823457570974,-0.1010432407259941,0.686964684454009,0.01116823457570974,0.0,0.0,0.0,0.0034936558610449233,0.00010169871136701086,-3.3829368452011373e-06,0.0034936558610449233,0.00010169871136701086,-3.3829368452011373e-06,0.0034936558610449233,0.00010169871136701086,-3.3829368452011373e-06,18.966277249654134,1.0629171069789172,0.004046857025519211,1.9421176115671794,0.12130308583337189,0.001980263240080077,1.9421176115671794,0.12130308583337189,0.001980263240080077,0.0,0.0,0.0,0.0,0.0,0.0,0.19135633905728658,0.0077724909755423465,-6.682777298703858e-05,0.29305117626984917,0.010422082843932815,-1.7148216521258038e-05
67.98677943303035,1.0,1500.0,0.0,13.0,2060.0,0.09135061625512164,188.0,1872.0,10.057169646981723,2.257525462988073,13131.754235409024,240.0,0.05148667782211353,33.77826086956523,7.34927536231884,11.315181493822275,138.0,33.84480000000001,8.068799999999998,11.292707517158393,125.0,33.77826086956523,7.34927536231884,11.315181493822275,138.0,0.4408035000053457,-0.007128776956832693,-0.000880388581141826,-0.0010049200368705427,-0.0005194805194805194,-0.007272727272727273,-0.02537257209281875,8.959669970005411,13.0,322500.0,214.0,5324.437173366547,60.5697822134483,0.30926477909088135,-18.861534118652344,1.1255989074707031,1.1255989074707031,0.0,0.0034059565514326096,0.0034059565514326096,0.0034059565514326096,19.010433197021484,2.1580843925476074,2.1580843925476074,0.0,0.0,,0.19446459412574768,,0.29509639739990234,0.9637512291471163,1.8335663858864728,-0.03232345821396,-18.575466346740722,0.8270835316570858,-0.013371810234162885,0.10353397702177365,0.5544987892595826,0.01383212206593081,0.10353397702177365,0.5544987892595826,0.01383212206593081,0.0,0.0,0.0,0.003398128575645387,7.293557941834262e-05,2.927239414499196e-06,0.003398128575645387,7.293557941834262e-05,2.927239414499196e-06,0.003398128575645387,7.293557941834262e-05,2.927239414499196e-06,18.70100434621175,0.8527721744740759,0.01172293343719016,1.978154973189036,0.097582314364085,0.002436109671205502,1.978154973189036,0.097582314364085,0.002436109671205502,0.0,0.0,0.0,0.0,0.0,0.0,0.19133902887503307,0.009438089862382117,0.0004020676331737516,0.2940560152133306,0.014027014850563459,9.104970830161636e-06
64.70288794931739,1.0,1500.0,0.0,99.0,2094.0,0.7070950623370151,1480.0,614.0,9.865318703888212,1.5776242162808196,9899.325414961413,24.6,0.005103310928553647,34.43142857142858,1.8885714285714283,11.111960939300623,140.0,33.9170731707317,3.7317073170731687,11.299590234497584,41.0,34.43142857142858,1.8885714285714283,11.111960939300623,140.0,0.4190961604726144,-0.006454098405171785,-0.0018243002436765072,-0.00042157852757682634,-0.004495041753653469,-0.01816936325678497,-0.022381297826113308,8.1362999580445,99.0,324000.0,215.0,5351.796776771545,60.54041539960192,0.23259693384170532,-18.541057586669922,-1.3935288190841675,-1.3935288190841675,0.0,0.003707581665366888,0.003707581665366888,0.003707581665366888,18.71434783935547,1.7110211849212646,1.7110211849212646,0.0,0.0,,0.20259332656860352,,0.3012846112251282,1.7741325949629148,5.090423555967686,0.14740039829218615,-18.624113655090333,1.2264044369421814,-0.006939060351208843,0.028622925033171973,0.907441255415757,-0.05477615179985069,0.028622925033171973,0.907441255415757,-0.05477615179985069,0.0,0.0,0.0,0.0038821617995078365,0.00021331327277322005,1.5151939687378082e-05,0.0038821617995078365,0.00021331327277322005,1.5151939687378082e-05,0.0038821617995078365,0.00021331327277322005,1.5151939687378082e-05,18.727942085266115,1.2151020806828334,0.009516922438369583,1.9650476137797037,0.16356943591614814,-0.009812024066657772,1.9650476137797037,0.16356943591614814,-0.009812024066657772,0.0,0.0,0.0,0.0,0.0,0.0,0.19427026559909186,0.011167716306056591,-6.107997907547341e-05,0.29361024002234143,0.011875742083538256,-0.00016240116884234454
65.50229731108013,1.0,1500.0,0.0,95.0,2022.0,0.7025596088242906,1420.0,602.0,9.92448336908962,1.576248481099099,9717.55396001681,30.6,0.006573576799140709,34.22794117647059,2.65735294117647,11.23239058887375,136.0,34.78536585365854,6.190243902439025,11.096267773095684,41.0,34.22794117647059,2.65735294117647,11.23239058887375,136.0,0.42930521377855696,-0.006302464019705991,-0.0012975470669163687,-0.0006372214481258347,-0.004042228087234377,-0.01868315043756077,-0.022816239876796856,8.588312654361154,95.0,325500.0,216.0,5378.529451847076,60.518400598925396,0.3596697449684143,-19.87856674194336,-1.2331106662750244,-1.2331106662750244,0.0,0.0036166824866086245,0.0036166824866086245,0.0036166824866086245,19.822046279907227,1.7406589984893799,1.7406589984893799,0.0,0.0,,0.20082466304302216,,0.29939594864845276,0.43389373024304706,0.27834715707567914,-0.004523037226499806,-19.021787261962892,1.215803608328714,-0.013481062060600561,-0.08046835313240687,0.856327755770298,-0.006370934764455757,-0.08046835313240687,0.856327755770298,-0.006370934764455757,0.0,0.0,0.0,0.0036248128628358243,4.09952855529219e-05,1.0900239297524486e-06,0.0036248128628358243,4.09952855529219e-05,1.0900239297524486e-06,0.0036248128628358243,4.09952855529219e-05,1.0900239297524486e-06,19.094368807474773,1.2498654915320746,0.013425118400734654,1.94567977587382,0.1522599131525572,-0.0011379912379586746,1.94567977587382,0.1522599131525572,-0.0011379912379586746,0.0,0.0,0.0,0.0,0.0,0.0,0.19313270052274067,0.007711605206626723,4.714601429730698e-06,0.2946703642606735,0.010598430136128257,-7.552859913123514e-05
65.67017567463411,1.0,1500.0,0.0,78.0,1975.0,0.5883328648775416,1161.0,814.0,10.199347327130301,1.411079036325896,10076.399522966989,65.4,0.01476364621427604,33.306766917293245,3.181954887218044,11.590588899251399,133.0,33.19636363636364,5.930909090909091,11.579499653526051,55.0,33.306766917293245,3.181954887218044,11.590588899251399,133.0,0.4364552908033209,-0.007176738025315638,-0.0011148549362232079,-0.0005436991356807673,-0.0030729613733905784,-0.020815450643776823,-0.02512655255135223,9.122115632853593,78.0,327000.0,217.0,5403.637739658356,60.51478943528782,0.5927382111549377,-20.047574996948242,-0.004713144153356552,-0.004713144153356552,0.0,0.0033608993981033564,0.0033608993981033564,0.0033608993981033564,20.019580841064453,1.9591724872589111,1.9591724872589111,0.0,0.0,,0.21425937116146088,,0.31483709812164307,0.523468857506911,0.47575082658196954,-0.0014333075855147079,-18.726872444152832,0.971220705440467,-0.03663718888703877,-0.03716859904428323,0.7518488398912915,0.009971062277958576,-0.03716859904428323,0.7518488398912915,0.009971062277958576,0.0,0.0,0.0,0.0033448126322279375,0.00010731393592847065,1.457551943843663e-07,0.0033448126322279375,0.00010731393592847065,1.457551943843663e-07,0.0033448126322279375,0.00010731393592847065,1.457551943843663e-07,18.81617806752523,0.9836466492656336,0.035965013769232244,1.9534732381502786,0.1314237595410792,0.0017425509262933424,1.9534732381502786,0.1314237595410792,0.0017425509262933424,0.0,0.0,0.0,0.0,0.0,0.0,0.19657495766878127,0.009413274855683922,0.0005443151555416658,0.2972744862238566,0.012821563144807641,0.0006762161933805501
66.49435713352301,1.0,1500.0,0.0,39.0,1844.0,0.3141232477524769,579.0,1265.0,10.292637346457543,1.4426859162194066,10191.357523874016,145.20000000000002,0.035461339324964584,33.02096774193548,5.364516129032259,11.68611265546667,124.0,32.821176470588235,7.3176470588235265,11.692672583314142,85.0,33.02096774193548,5.364516129032259,11.68611265546667,124.0,0.4355893825297624,-0.0068287973913835395,-0.000785708639217516,-0.000981839750845509,-0.002312831934212775,-0.018416995031694364,-0.024009895705751745,9.28377767531444,39.0,328500.0,218.0,5425.468120098114,60.54777075974403,0.23736697435379028,-18.723623275756836,0.8353555202484131,0.8353555202484131,0.0,0.0032234310638159513,0.0032234310638159513,0.0032234310638159513,18.81509017944336,2.105597972869873,2.105597972869873,0.0,0.0,,0.2002573311328888,,0.3033059239387512,1.6247926488518716,5.608731539651551,0.03500693398336149,-18.751179377237957,1.112718845508688,0.005053537812196084,0.08829215615987777,0.6098015098813967,0.00011545209187155917,0.08829215615987777,0.6098015098813967,0.00011545209187155917,0.0,0.0,0.0,0.0032949857724209625,8.309734857338372e-05,2.5120836260983657e-06,0.0032949857724209625,8.309734857338372e-05,2.5120836260983657e-06,0.0032949857724209625,8.309734857338372e-05,2.5120836260983657e-06,18.853619448343913,1.120162979790305,-0.007069965994795988,1.975355076789856,0.10655042173495491,1.182015135762814e-05,1.975355076789856,0.10655042173495491,1.182015135762814e-05,0.0,0.0,0.0,0.0,0.0,0.0,0.19327226330836614,0.008636247850562443,6.009627701309992e-05,0.297479706009229,0.013605109136178236,-0.0004329254749221754
66.92617245378166,1.0,1500.0,0.0,29.0,2037.0,0.21247715959475977,432.0,1605.0,9.920449488994343,2.201977865235693,12446.143179542516,180.8,0.03880994290130082,34.254411764705885,6.419117647058824,11.18204903760777,136.0,34.28785046728972,7.971962616822432,11.128269280628588,107.0,34.254411764705885,6.419117647058824,11.18204903760777,136.0,0.4259256856852563,-0.006798043210471369,-0.0009474675373741233,-0.000548182087224074,-0.002642873277614632,-0.0112943302462164,-0.0232823578711413,8.854247210388019,29.0,330000.0,219.0,5447.0766270160675,60.58295533484636,0.1602284014225006,-16.39328384399414,-0.9110814332962036,-0.9110814332962036,0.0,0.0032369038090109825,0.0032369038090109825,0.0032369038090109825,16.442930221557617,1.8010766506195068,1.8010766506195068,0.0,0.0,,0.19305865466594696,,0.2747029662132263,0.7438592071334521,1.3345877519180331,0.01958895888225121,-18.512979634602864,1.1723259453880508,0.04719022214081226,0.06511281207203864,0.503695775778865,0.00102048347040066,0.06511281207203864,0.503695775778865,0.00102048347040066,0.0,0.0,0.0,0.003170179110020399,6.89591601445703e-05,2.8770922520534416e-06,0.003170179110020399,6.89591601445703e-05,2.8770922520534416e-06,0.003170179110020399,6.89591601445703e-05,2.8770922520534416e-06,18.632323900858562,1.1376029433507182,-0.04681700514474129,1.9712058424949646,0.08748584468634463,0.00017175125465772944,1.9712058424949646,0.08748584468634463,0.00017175125465772944,0.0,0.0,0.0,0.0,0.0,0.0,0.1933623234430949,0.009587825263718177,-5.904695348559925e-05,0.29494365950425466,0.011173290425000948,-4.689605270529863e-05
67.27007819510796,1.0,1500.0,0.0,37.0,1907.0,0.2863279375105716,546.0,1361.0,10.247626066054412,1.6527986367392102,11010.853948367941,153.60000000000002,0.03620080131982088,33.148437500000014,5.660937500000001,11.630708146004944,128.0,33.33626373626376,7.562637362637363,11.53651501143634,91.0,33.148437500000014,5.660937500000001,11.630708146004944,128.0,0.4455865597511076,-0.0064294309591344835,-0.0004246793940863888,-0.0007931760892991217,-0.0028202764976958455,-0.016774193548387096,-0.024013199432876553,9.452538638257366,37.0,331500.0,220.0,5468.741571903229,60.61723627665067,0.33347558975219727,-16.790258407592773,-0.2561221122741699,-0.2561221122741699,0.0,0.003423006273806095,0.003423006273806095,0.003423006273806095,16.95412826538086,1.9148863554000854,1.9148863554000854,0.0,0.0,,0.19839100539684296,,0.2833598852157593,0.8274955396850904,1.3958612091610547,0.0005776207591588037,-18.572850227355957,0.9901874432999259,-0.0031830992396330443,0.13101909731825193,0.7159021996131589,0.012752231247764558,0.13101909731825193,0.7159021996131589,0.012752231247764558,0.0,0.0,0.0,0.003270792410088082,0.00011368334119987909,1.0902462195650542e-05,0.003270792410088082,0.00011368334119987909,1.0902462195650542e-05,0.003270792410088082,0.00011368334119987909,1.0902462195650542e-05,18.680372746785483,0.9952075524418159,0.005618287830119,1.9828873117764791,0.12469838475938055,0.002226619831844755,1.9828873117764791,0.12469838475938055,0.002226619831844755,0.0,0.0,0.0,0.0,0.0,0.0,0.19995654871066412,0.01015643618715823,0.00030129584043521175,0.29791293740272523,0.012295538928221963,0.0002165484614048606
67.32663122090426,1.0,1500.0,0.0,88.0,1922.0,0.6832782608482394,1313.0,609.0,10.216087691577789,1.1525584095352024,9104.50398698745,39.0,0.009091332929274092,33.25426356589147,1.9209302325581399,11.536776328400865,129.0,32.5560975609756,4.7073170731707314,11.748343243671753,41.0,33.25426356589147,1.9209302325581399,11.536776328400865,129.0,0.4342554929915854,-0.006727388296107213,-0.0008873246510500511,-0.0002887948104130035,-0.0018712121212121273,-0.010378787878787878,-0.024008858778820356,8.812661797567433,88.0,333000.0,221.0,5494.440868616104,60.60671285081522,0.193812757730484,-18.838523864746094,0.14400553703308105,0.14400553703308105,0.0,0.0031697573140263557,0.0031697573140263557,0.0031697573140263557,18.903671264648438,1.9850265979766846,1.9850265979766846,0.0,0.0,,0.192119300365448,,0.3048448860645294,0.8516903415322303,1.3205324542869155,-0.02443784566490484,-18.485673014322916,0.9241771325466334,0.0035718084044667614,-0.14703116764624913,0.6092792940474641,-0.0025905504806155648,-0.14703116764624913,0.6092792940474641,-0.0025905504806155648,0.0,0.0,0.0,0.0032895536084348955,6.417840488004999e-05,-3.2960248176626593e-06,0.0032895536084348955,6.417840488004999e-05,-3.2960248176626593e-06,0.0032895536084348955,6.417840488004999e-05,-3.2960248176626593e-06,18.596302795410157,0.9003657059639332,-0.0026941327019716866,1.9342601776123047,0.10653499501382697,-0.0004413912373204842,1.9342601776123047,0.10653499501382697,-0.0004413912373204842,0.0,0.0,0.0,0.0,0.0,0.0,0.19594613313674927,0.011702627187818289,-0.00019656318313420831,0.29902914067109426,0.01297252329195121,-9.590012743423221e-05
65.05240607261658,1.0,1500.0,0.0,54.0,1902.0,0.4188333738759444,796.0,1106.0,10.224324180329544,1.494025586572123,10462.767417505143,67.60000000000001,0.015886444820454974,33.24374999999999,3.657812499999999,11.555168190357584,128.0,32.48378378378378,5.397297297297296,11.777186467321128,74.0,33.24374999999999,3.657812499999999,11.555168190357584,128.0,0.4239182563723006,-0.006985177734866736,-0.0006138407003360392,-0.00045146667805305823,-0.00273144790911289,-0.020788010635726373,-0.023713396054445935,8.569344950246277,54.0,334500.0,222.0,5517.635114192963,60.623798616107955,0.27092882990837097,-19.550228118896484,0.35872238874435425,0.35872238874435425,0.0,0.003355522407218814,0.003355522407218814,0.003355522407218814,19.738056182861328,2.022963762283325,2.022963762283325,0.0,0.0,,0.1967075914144516,,0.3173779845237732,1.276063513259093,2.047373194954109,0.028590051698870314,-18.746304766337076,1.1050750078945977,-0.045768403847834954,0.04883307665586471,0.5142983979739525,0.0023656108919054555,0.04883307665586471,0.5142983979739525,0.0023656108919054555,0.0,0.0,0.0,0.0031799292269473274,6.366118391303603e-05,5.289434390069978e-06,0.0031799292269473274,6.366118391303603e-05,5.289434390069978e-06,0.0031799292269473274,6.366118391303603e-05,5.289434390069978e-06,18.853634452819826,1.0913940770891315,0.04520347900730036,1.9685416142145793,0.08937452492426017,0.0004186336933173287,1.9685416142145793,0.08937452492426017,0.0004186336933173287,0.0,0.0,0.0,0.0,0.0,0.0,0.19253865083058674,0.00879350385756257,0.0005463626148703285,0.2927338033914566,0.009228698308562317,0.000347429447630216
64.53720042580052,1.0,1500.0,0.0,38.0,2049.0,0.27793572774590475,569.0,1480.0,10.090633886458397,1.8124404338716005,12038.151123871527,135.8,0.029452589572308494,33.65547445255475,5.513868613138687,11.36832742883269,137.0,33.81010101010102,7.028282828282828,11.276208393930148,99.0,33.65547445255475,5.513868613138687,11.36832742883269,137.0,0.43929495674927727,-0.00785642792284495,-0.0010041776492640678,-0.0008398994319387615,-0.003880914407230204,-0.026404394825447458,-0.026031701644623997,9.105500983947332,38.0,336000.0,223.0,5539.728726387024,60.65278944067304,0.27172619104385376,-19.84773826599121,0.2638876438140869,0.2638876438140869,0.0,0.003358259331434965,0.003358259331434965,0.003358259331434965,20.05559539794922,2.0063257217407227,2.0063257217407227,0.0,0.0,,0.18851222097873688,,0.2882128059864044,0.6991782849033673,0.9473140650560812,0.0052726893489962725,-19.108302561442056,1.1245650625496328,-0.024652434827488162,0.08612776299317677,0.5684709199818578,0.038514105881148925,0.08612776299317677,0.5684709199818578,0.038514105881148925,0.0,0.0,0.0,0.0032102019526064397,7.30809510270001e-05,4.920106716825988e-07,0.0032102019526064397,7.30809510270001e-05,4.920106716825988e-07,0.0032102019526064397,7.30809510270001e-05,4.920106716825988e-07,19.228414980570474,1.1293485275650144,0.025117006821679916,1.9749173442522685,0.09915257749337365,0.006734979749388902,1.9749173442522685,0.09915257749337365,0.006734979749388902,0.0,0.0,0.0,0.0,0.0,0.0,0.19570307582616805,0.007470434919503952,-0.00028224001007696206,0.2975403239329656,0.01432507812932483,-0.00018053912082159653
66.78636422704477,1.0,1500.0,0.0,61.0,2059.0,0.4393918526139899,904.0,1155.0,10.335470503952752,1.4208735945266302,10973.835497897437,92.80000000000001,0.02046216263891339,32.86376811594204,3.766666666666666,11.730890688417698,138.0,32.48571428571428,6.116883116883117,11.812480959676694,77.0,32.86376811594204,3.766666666666666,11.730890688417698,138.0,0.4368220196833122,-0.007501841083450511,-0.0009258447811752052,-0.0005023913940183041,-0.0028894748406943643,-0.013403647549989014,-0.02551312433955574,9.17731481865172,61.0,337500.0,224.0,5563.7028567790985,60.66103972263235,0.34540969133377075,-18.292531967163086,0.027059048414230347,0.027059048414230347,0.0,0.0030827659647911787,0.0030827659647911787,0.0030827659647911787,18.215757369995117,1.9646797180175781,1.9646797180175781,0.0,0.0,,0.19236421585083008,,0.3042604327201843,0.9179489240050316,2.571410309672355,0.0008378089767144158,-18.779194513956707,1.1068417383311526,-0.016626328753681842,-0.144054081539313,0.5220728384188439,0.015286167600794046,-0.144054081539313,0.5220728384188439,0.015286167600794046,0.0,0.0,0.0,0.003169665881432593,7.954646805931631e-05,-8.091064443494799e-06,0.003169665881432593,7.954646805931631e-05,-8.091064443494799e-06,0.003169665881432593,7.954646805931631e-05,-8.091064443494799e-06,18.91432933807373,1.1019126242349857,0.01491600477920839,1.9348204890886942,0.09087140927755814,0.002682328171141253,1.9348204890886942,0.09087140927755814,0.002682328171141253,0.0,0.0,0.0,0.0,0.0,0.0,0.19455827474594117,0.006595640554391525,-2.629111818264998e-05,0.29328209161758423,0.010137334558224822,0.00021030658874681118
66.47798219640204,1.0,1500.0,0.0,94.0,2068.0,0.6813399856570067,1409.0,659.0,10.024294572119322,1.3179273914597864,10076.869478761439,34.2,0.0073158209976897405,33.875362318840565,1.988405797101449,11.319706955799306,138.0,32.92272727272726,5.009090909090907,11.602408763491134,44.0,33.875362318840565,1.988405797101449,11.319706955799306,138.0,0.421640321153987,-0.006477363384415562,-0.0008688845132703186,-0.0003877322835926158,-0.0037871458189357643,-0.009329647546648237,-0.023389726728783224,8.382498878559598,94.0,339000.0,225.0,5590.532516241074,60.63823061849118,0.46870699524879456,-20.072288513183594,-0.15536370873451233,-0.15536370873451233,0.0,0.003058641217648983,0.003058641217648983,0.003058641217648983,20.12364959716797,1.933166265487671,1.933166265487671,0.0,0.0,,0.18874162435531616,,0.27895551919937134,1.7892604753375054,3.692587194542079,-0.10243253243446883,-18.565065956115724,1.0452549226486019,-0.04887393488899807,-0.01798404480020205,0.6319379429904483,-0.015750115690493883,-0.01798404480020205,0.6319379429904483,-0.015750115690493883,0.0,0.0,0.0,0.0031308614338437716,6.902497617793469e-05,1.4112889352311135e-06,0.0031308614338437716,6.902497617793469e-05,1.4112889352311135e-06,0.0031308614338437716,6.902497617793469e-05,1.4112889352311135e-06,18.700662740071614,1.056885350084699,0.053187215633201,1.956820046901703,0.10961886795968508,-0.002722083289047793,1.956820046901703,0.10961886795968508,-0.002722083289047793,0.0,0.0,0.0,0.0,0.0,0.0,0.1948183298110962,0.011807420493730255,-2.4786561694379515e-05,0.29763372937838234,0.013697552224898976,-0.00012235740931069332
65.7723527333093,1.0,1500.0,0.0,63.0,1922.0,0.49117888368867146,944.0,978.0,10.026251483363756,1.5264541888797776,10475.037353383705,65.4,0.014956776288706947,33.896124031007744,3.8542635658914732,11.317316179210614,129.0,33.78181818181819,6.675757575757576,11.30698030167483,66.0,33.896124031007744,3.8542635658914732,11.317316179210614,129.0,0.42657733654751184,-0.007377724590090524,-0.0010279668796366705,-0.0003760038620725415,-0.003301051754660021,-0.014734978652504426,-0.02504826305394162,8.655636772600555,63.0,340500.0,226.0,5614.435789108276,60.64723380763441,0.30930566787719727,-16.97254180908203,0.4812021851539612,0.4812021851539612,0.0,0.0030028263572603464,0.0030028263572603464,0.0030028263572603464,17.12160301208496,2.042850971221924,2.042850971221924,0.0,0.0,,0.18398436903953552,,0.28867971897125244,0.8420284435153007,1.4092977204131207,0.003741359050997868,-18.59433307647705,0.9206255899837321,-0.014923651146808815,-0.07232795010010401,0.7714391677597795,-0.03385607408933567,-0.07232795010010401,0.7714391677597795,-0.03385607408933567,0.0,0.0,0.0,0.003188243849823872,9.779893223032225e-05,-6.110351470540506e-06,0.003188243849823872,9.779893223032225e-05,-6.110351470540506e-06,0.003188243849823872,9.779893223032225e-05,-6.110351470540506e-06,18.680983289082846,0.8950954369559931,0.0144338813586542,1.947227708498637,0.13405510084968209,-0.005889577197286031,1.947227708498637,0.13405510084968209,-0.005889577197286031,0.0,0.0,0.0,0.0,0.0,0.0,0.19377273470163345,0.009551341957566878,-0.00024710805782089483,0.29692459404468535,0.011661538984284417,0.0001596116051657878
67.56199039396692,1.0,1500.0,0.0,61.0,1998.0,0.45601096845186784,911.0,1087.0,10.09958849174615,1.4855044686441337,10502.647166074283,71.8,0.01593006744763933,33.635820895522386,3.407462686567164,11.460254673039026,134.0,33.00547945205478,6.1424657534246565,11.646789037643087,73.0,33.635820895522386,3.407462686567164,11.460254673039026,134.0,0.42144233873273323,-0.00696611532780415,-0.0017717301773576542,-0.0003773787434203924,-0.0037647559289588676,-0.00218015526959481,-0.023990926433651086,8.617315492626858,61.0,342000.0,227.0,5638.525453567505,60.65415556182619,0.3255622386932373,-18.968297958374023,0.6277677416801453,0.6277677416801453,0.0,0.0028933624271303415,0.0028933624271303415,0.0028933624271303415,19.139707565307617,2.0673890113830566,2.0673890113830566,0.0,0.0,,0.20315134525299072,,0.30282869935035706,0.44847035060326257,0.7089000785479892,0.013386722232263793,-18.862166023254396,0.9720965285274804,-0.002855042912670312,-0.15532152305046718,0.6121574368934787,0.01968707529469513,-0.15532152305046718,0.6121574368934787,0.01968707529469513,0.0,0.0,0.0,0.0028748319717124106,7.191229384995102e-05,-6.9460141119258884e-06,0.0028748319717124106,7.191229384995102e-05,-6.9460141119258884e-06,0.0028748319717124106,7.191229384995102e-05,-6.9460141119258884e-06,18.98329887390137,0.9639535335543378,0.001168884345235857,1.9334201534589133,0.10459068942421455,0.003379228170774624,1.9334201534589133,0.10459068942421455,0.003379228170774624,0.0,0.0,0.0,0.0,0.0,0.0,0.19586025575796764,0.007129205585239949,0.00015569366390367798,0.30015282531579335,0.01203409213873203,4.889740296809856e-05
67.13201444874639,1.0,1500.0,0.0,115.0,1961.0,0.8748492220673069,1715.0,246.0,10.22534386017751,1.0915761307254037,8813.009904856246,27.200000000000003,0.006203813520664173,33.21515151515153,1.5530303030303036,11.609075333511962,132.0,34.129411764705885,6.670588235294115,11.438746065818941,17.0,33.21515151515153,1.5530303030303036,11.609075333511962,132.0,0.44228717684226254,-0.006654161796759366,-0.0008858000517089076,-0.00036596716187500784,-0.00338913120358367,-0.013497583402098313,-0.024245786049396353,9.115855159896764,115.0,343500.0,228.0,5666.331869840622,60.621228669696976,0.2231920063495636,-21.269662857055664,-0.28345274925231934,-0.28345274925231934,0.0,0.0030384068377316,0.0030384068377316,0.0030384068377316,21.227245330810547,1.9110984802246094,1.9110984802246094,0.0,0.0,,0.203125,,0.30116069316864014,1.5976155857245127,5.196286941797219,-0.10341640961448667,-18.65080000559489,0.9279653374750833,0.00293743697899503,-0.002138279875119527,0.5800678834519316,-0.026878549982363716,-0.002138279875119527,0.5800678834519316,-0.026878549982363716,0.0,0.0,0.0,0.003083047131076455,6.590171352271585e-05,4.252494189544229e-06,0.003083047131076455,6.590171352271585e-05,4.252494189544229e-06,0.003083047131076455,6.590171352271585e-05,4.252494189544229e-06,18.76059627532959,0.9161866170062875,-0.002304063994309478,1.959527273972829,0.1003682563203905,-0.004639711077672127,1.959527273972829,0.1003682563203905,-0.004639711077672127,0.0,0.0,0.0,0.0,0.0,0.0,0.1958398496111234,0.008989364474211373,-0.00011192379525559664,0.29548260668913523,0.01263224800112003,0.00015657981722982437
64.3401185764986,1.0,1500.0,0.0,68.0,1979.0,0.5144394599349772,1018.0,961.0,10.147378180318924,1.4416449889119254,10297.068185491291,80.4,0.01806254493170381,33.46766917293235,3.461654135338345,11.512300573467746,133.0,32.76307692307693,5.443076923076922,11.804235519221752,65.0,33.46766917293235,3.461654135338345,11.512300573467746,133.0,0.42556034503074486,-0.006943714871543054,-0.0009254552107728063,-0.0005304660481912911,-0.002059672762271418,-0.02564966313763234,-0.023704014579512492,8.456073389677154,68.0,345000.0,229.0,5690.886211633682,60.62324691973781,1.0668153762817383,-19.39449691772461,-0.032205551862716675,-0.032205551862716675,0.0,0.0032401434145867825,0.0032401434145867825,0.0032401434145867825,19.53672981262207,1.9543817043304443,1.9543817043304443,0.0,0.0,,0.21620939671993256,,0.3129331171512604,0.5762014905611674,0.5967829106492968,0.013830533162903063,-18.6912483215332,1.1974987351376638,-0.0211417778447946,0.05580414707461993,0.6002448027333154,-0.024467352568042444,0.05580414707461993,0.6002448027333154,-0.024467352568042444,0.0,0.0,0.0,0.0032036930322647096,4.687590355456455e-05,1.2501283808795691e-06,0.0032036930322647096,4.687590355456455e-05,1.2501283808795691e-06,0.0032036930322647096,4.687590355456455e-05,1.2501283808795691e-06,18.831065686543784,1.183650429821679,0.020527023892513558,1.9696640213330587,0.10446263156140904,-0.004252447328790334,1.9696640213330587,0.10446263156140904,-0.004252447328790334,0.0,0.0,0.0,0.0,0.0,0.0,0.1942080055673917,0.009567854459175115,-0.00013615554312578163,0.2934443950653076,0.012052756532424765,0.00013437878435789945
67.64384248394232,1.0,1500.0,0.0,104.0,1861.0,0.8334533196418985,1551.0,310.0,10.033687123501856,1.1229806562403868,8243.503588942876,11.8,0.0027890706249409096,33.84639999999999,1.2608000000000006,11.364577062618974,125.0,34.43809523809524,5.000000000000002,11.281156744337478,21.0,33.84639999999999,1.2608000000000006,11.364577062618974,125.0,0.43105985182452766,-0.005765940085234074,-0.0009555259129922773,-0.00014541494120713072,-0.003031074885379547,-0.008373662761079979,-0.022278100593980922,8.676812004160839,104.0,346500.0,230.0,5717.803336620331,60.60019549479794,0.22595205903053284,-19.918926239013672,0.8298884630203247,0.8298884630203247,0.0,0.0030022794380784035,0.0030022794380784035,0.0030022794380784035,19.95368194580078,2.1028683185577393,2.1028683185577393,0.0,0.0,,0.186879962682724,,0.28458625078201294,1.6104721441864966,4.975892474999375,-0.11116847382968213,-18.554498608907064,1.132636236545165,0.03977130936568565,-0.07762516339619954,0.794473882097145,0.013504117753800093,-0.07762516339619954,0.794473882097145,0.013504117753800093,0.0,0.0,0.0,0.003080624163461228,8.085510047373751e-05,-6.355896739245722e-06,0.003080624163461228,8.085510047373751e-05,-6.355896739245722e-06,0.003080624163461228,8.085510047373751e-05,-6.355896739245722e-06,18.671488030751547,1.1410333633521976,-0.041941993679433444,1.9464869936307272,0.1375425629081258,0.0023334183602761933,1.9464869936307272,0.1375425629081258,0.0023334183602761933,0.0,0.0,0.0,0.0,0.0,0.0,0.19754955718914669,0.010261388957325701,-8.838263913177314e-05,0.29606749514738717,0.013211944446831641,-0.0002110798910542076
66.75084253289234,1.0,1500.0,0.0,87.0,1995.0,0.6511760202403357,1299.0,696.0,10.104525912875221,1.409968142420949,9743.30718303834,44.800000000000004,0.009945830743273244,33.61492537313432,2.4253731343283573,11.425877736078627,134.0,32.965957446808524,5.812765957446809,11.598061157657257,47.0,33.61492537313432,2.4253731343283573,11.425877736078627,134.0,0.42860506640386425,-0.006270437749773865,-0.0011100731989382075,-0.000579515145603092,-0.005602240896358549,-0.00980392156862745,-0.02256468908007205,8.650343942815304,87.0,348000.0,231.0,5743.980083703995,60.58516828554058,0.5292848348617554,-17.14824104309082,-0.8405875563621521,-0.8405875563621521,0.0,0.0031611821614205837,0.0031611821614205837,0.0031611821614205837,17.33340835571289,1.8139758110046387,1.8139758110046387,0.0,0.0,,0.1955992728471756,,0.29943573474884033,1.1189875240127245,2.9729902464889117,0.0034719735781793496,-18.97941837310791,0.8562037858720731,0.017027101527332646,0.10246779421965281,0.6787010611931916,-0.020211450840130027,0.10246779421965281,0.6787010611931916,-0.020211450840130027,0.0,0.0,0.0,0.003164926605919997,6.389047077501928e-05,5.817186456169428e-06,0.003164926605919997,6.389047077501928e-05,5.817186456169428e-06,0.003164926605919997,6.389047077501928e-05,5.817186456169428e-06,19.082698186238606,0.8452740524375032,-0.01320918150022395,1.9777222593625388,0.11792416795166029,-0.0035088405195412902,1.9777222593625388,0.11792416795166029,-0.0035088405195412902,0.0,0.0,0.0,0.0,0.0,0.0,0.19349516580502193,0.007321024415039237,-0.0003229627653011647,0.29906547963619234,0.01093461350242631,-0.00017313558745040314
65.12515106201172,1.0,1500.0,0.0,70.0,1829.0,0.5710878899714594,1044.0,785.0,10.277069385344445,1.4230513425649742,9298.214633647658,53.800000000000004,0.01323297914207005,33.053658536585374,3.6325203252032523,11.717635895535208,123.0,32.592452830188684,6.313207547169809,11.886794465883069,53.0,33.053658536585374,3.6325203252032523,11.717635895535208,123.0,0.4371131266504392,-0.006643560323629271,-0.0007076013786900313,-0.00048819207100630693,-0.0029516051748922057,-0.0268806899856253,-0.023473398318262388,9.079053276216769,70.0,349500.0,232.0,5768.23153758049,60.59049428286287,0.3290640711784363,-17.604276657104492,-0.12871110439300537,-0.12871110439300537,0.0,0.00326372217386961,0.00326372217386961,0.00326372217386961,17.75560760498047,1.9375165700912476,1.9375165700912476,0.0,0.0,,0.18838045001029968,,0.29595431685447693,0.6857738643884659,1.2688955630755168,-0.0029126192425461693,-18.73659350077311,1.0341139696531938,0.0022473947357419355,0.10954613710443178,0.38057063366382043,0.002104000952737078,0.10954613710443178,0.38057063366382043,0.002104000952737078,0.0,0.0,0.0,0.003218272925975422,6.54851913159649e-05,7.094581506823073e-06,0.003218272925975422,6.54851913159649e-05,7.094581506823073e-06,0.003218272925975422,6.54851913159649e-05,7.094581506823073e-06,18.850485610961915,1.0227600022217762,-0.002042919324423661,1.979101292292277,0.06637980121672095,0.0003741180538732855,1.979101292292277,0.06637980121672095,0.0003741180538732855,0.0,0.0,0.0,0.0,0.0,0.0,0.19698857416709264,0.006801536378938004,0.0003764791702136809,0.29816413621107735,0.010496613517653124,0.00013643522416390528
62.37547828383365,1.0,1500.0,0.0,59.0,1936.0,0.45575227918491423,882.0,1054.0,10.15674450271079,1.4424815248481633,10336.951810507198,74.8,0.017196983630678682,33.458461538461535,4.19846153846154,11.534814919795332,130.0,32.52112676056338,5.873239436619719,11.837623670241195,71.0,33.458461538461535,4.19846153846154,11.534814919795332,130.0,0.4193625843281585,-0.006653708619977337,-0.0007970974483791665,-0.0008051497702858402,-0.004872974156811253,-0.035260621988611476,-0.022272802720169425,8.403775281805265,59.0,351000.0,233.0,5791.816988229752,60.602743614535704,0.2501131296157837,-19.004920959472656,0.1370275467634201,0.1370275467634201,0.0,0.0031502079218626022,0.0031502079218626022,0.0031502079218626022,18.939302444458008,1.9837886095046997,1.9837886095046997,0.0,0.0,,0.19043433666229248,,0.2896513044834137,1.285157398879528,4.794313786396331,-0.007066263634715687,-18.801453018188475,1.181221723127834,0.005036770965950057,-0.017159797623753546,0.6758051489014336,0.001395191367429669,-0.017159797623753546,0.6758051489014336,0.001395191367429669,0.0,0.0,0.0,0.0031882696319371464,5.9190738791147556e-05,-1.773287700665324e-06,0.0031882696319371464,5.9190738791147556e-05,-1.773287700665324e-06,0.0031882696319371464,5.9190738791147556e-05,-1.773287700665324e-06,18.901374181111652,1.176864476778524,-0.007060442830087703,1.9570316235224405,0.11768356221641982,0.0002441478385543058,1.9570316235224405,0.11768356221641982,0.0002441478385543058,0.0,0.0,0.0,0.0,0.0,0.0,0.1959813709060351,0.010042203775953362,-0.0005012685551128949,0.29608598053455354,0.011941737975105188,-0.0004304990023208846
66.25648832321167,1.0,1500.0,0.0,16.0,2003.0,0.11310996580745318,226.0,1777.0,9.963799097030101,2.068913405138441,12420.573300833916,231.0,0.05017594161344976,34.10222222222224,7.177777777777779,11.266745563104651,135.0,34.0655462184874,8.053781512605045,11.256667614030727,119.0,34.10222222222224,7.177777777777779,11.266745563104651,135.0,0.42037875105048633,-0.00695780469416994,-0.0008334163282615452,-0.0007651719114858765,-0.005984634047715311,-0.010715729882733522,-0.023044257859455373,8.747222243286611,16.0,352500.0,234.0,5812.29299902916,60.647321127630505,0.2615790069103241,-18.77736473083496,0.08012266457080841,0.08012266457080841,0.0,0.0030900759156793356,0.0030900759156793356,0.0030900759156793356,18.81922149658203,1.9738627672195435,1.9738627672195435,0.0,0.0,,0.221586674451828,,0.3251037001609802,0.4463130210836728,0.5027845583232556,0.008539726594266153,-18.816036160786947,1.0861605768259626,-0.03639399790525136,-0.13972700064380963,0.5017892842031701,-0.012297155742053865,-0.13972700064380963,0.5017892842031701,-0.012297155742053865,0.0,0.0,0.0,0.003158141494107743,0.00010200297441116283,-6.702192825937629e-06,0.003158141494107743,0.00010200297441116283,-6.702192825937629e-06,0.003158141494107743,0.00010200297441116283,-6.702192825937629e-06,18.937045923868816,1.1078590091071727,0.03743255411557505,1.9356754422187805,0.08715365179763236,-0.0021245539254686366,1.9356754422187805,0.08715365179763236,-0.0021245539254686366,0.0,0.0,0.0,0.0,0.0,0.0,0.19889886428912482,0.009217964927420684,0.0003759837090902753,0.29779474635918934,0.013392701088048506,0.0005477319105846266
67.08279557661577,1.0,1500.0,0.0,44.0,1961.0,0.3332872286798905,653.0,1308.0,10.120805421311802,1.9673893764516486,11339.695547001682,117.80000000000001,0.026573426573426574,33.583333333333336,4.690909090909091,11.419809269629711,132.0,33.49999999999999,6.695454545454546,11.368464694024242,88.0,33.583333333333336,4.690909090909091,11.419809269629711,132.0,0.4314166324071899,-0.006734004313396399,-0.000962909116493275,-0.0005827441328287021,-0.003809093646492034,-0.011291779584462511,-0.023632061165756536,9.055258134570314,44.0,354000.0,235.0,5834.77023267746,60.670769521897085,0.17981860041618347,-20.690135955810547,-0.2028743028640747,-0.2028743028640747,0.0,0.0030909732449799776,0.0030909732449799776,0.0030909732449799776,20.865764617919922,1.924896240234375,1.924896240234375,0.0,0.0,,0.20340555906295776,,0.3172253966331482,1.8617633908987046,6.597324948577194,-0.17412249180048017,-18.90221538543701,0.9218115898157672,-0.0080945792532336,0.030558283378680547,0.49185702193794933,-0.0072709425090417504,0.030558283378680547,0.49185702193794933,-0.0072709425090417504,0.0,0.0,0.0,0.0031255159294232724,4.094003973397869e-05,-1.9021064469858575e-06,0.0031255159294232724,4.094003973397869e-05,-1.9021064469858575e-06,0.0031255159294232724,4.094003973397869e-05,-1.9021064469858575e-06,19.04376163482666,0.9233095347202916,0.008723698786819004,1.9653222839037576,0.08532270889865766,-0.0012643418137038682,1.9653222839037576,0.08532270889865766,-0.0012643418137038682,0.0,0.0,0.0,0.0,0.0,0.0,0.19789781073729198,0.009987540775505632,-4.835218290598843e-05,0.29693525632222495,0.00988682486908377,-3.1806735759144346e-06
63.08275940838982,1.0,1500.0,0.0,17.0,2036.0,0.12552763700615133,255.0,1781.0,9.81714628009253,2.0696594492835945,12699.968726426607,249.8,0.05307215093056854,34.608823529411765,7.836764705882352,11.067622132451737,136.0,34.70420168067227,8.662184873949581,10.99251567610309,119.0,34.608823529411765,7.836764705882352,11.067622132451737,136.0,0.42780766464918724,-0.007520865926158085,-0.0013919047979496853,-0.0005111513358756268,-0.0059938128383603875,-0.03383604021655066,-0.02494959913828447,9.293306751940465,17.0,355500.0,236.0,5855.333580732346,60.71387651931804,0.37557095289230347,-19.777944564819336,-0.37737953662872314,-0.37737953662872314,0.0,0.00315084052272141,0.00315084052272141,0.00315084052272141,19.878101348876953,1.894484519958496,1.894484519958496,0.0,0.0,,0.1899569183588028,,0.2910861074924469,0.43410840034484866,0.46461445090097575,-0.011483194558851204,-18.45364907582601,0.959672610686187,-0.012852783966912543,0.08489846463004748,0.646050804375771,-0.00533341624679767,0.08489846463004748,0.646050804375771,-0.00533341624679767,0.0,0.0,0.0,0.0031843266760309538,5.9124759803276575e-05,8.120579651252568e-07,0.0031843266760309538,5.9124759803276575e-05,8.120579651252568e-07,0.0031843266760309538,5.9124759803276575e-05,8.120579651252568e-07,18.522908528645832,0.9487065663163591,0.012921923339300046,1.9747101108233134,0.112381773826318,-0.0009244251834670434,1.9747101108233134,0.112381773826318,-0.0009244251834670434,0.0,0.0,0.0,0.0,0.0,0.0,0.1992032011349996,0.009206448932977708,4.821022572586332e-05,0.3022109240293503,0.011500179436594479,0.000134403547800416
66.24025036873074,1.0,1500.0,0.0,109.0,1995.0,0.818433678628907,1632.0,363.0,10.302376278297519,1.403349561694514,9544.551295265968,19.6,0.004439411098527747,32.94776119402985,1.4253731343283587,11.70898441591096,134.0,31.296,3.4400000000000004,12.170150852486223,25.0,32.94776119402985,1.4253731343283587,11.70898441591096,134.0,0.4379499546880697,-0.007309942917974384,-0.001209075810766731,-0.0004430709212087194,-0.0033226482554555847,-0.016181728516829,-0.0254983621739941,9.093399652927854,109.0,357000.0,237.0,5882.710722446442,60.686308887807165,0.40273815393447876,-17.98918914794922,0.6833585500717163,0.6833585500717163,0.0,0.003398941131308675,0.003398941131308675,0.003398941131308675,18.124021530151367,2.08021879196167,2.08021879196167,0.0,0.0,,0.1923828125,,0.29104989767074585,1.5732487673560778,6.352468476343333,-0.08449143922169829,-18.740486272176106,1.1644905665847078,0.0707745009985602,0.16415998861193656,0.6751792884116079,-0.008496969499033738,0.16415998861193656,0.6751792884116079,-0.008496969499033738,0.0,0.0,0.0,0.003325790997284154,7.372537789563062e-05,6.317367748221525e-06,0.003325790997284154,7.372537789563062e-05,6.317367748221525e-06,0.003325790997284154,7.372537789563062e-05,6.317367748221525e-06,18.837115160624187,1.153890520477183,-0.07102976789463954,1.9886926412582397,0.11838547187370754,-0.0014786190397880338,1.9886926412582397,0.11838547187370754,-0.0014786190397880338,0.0,0.0,0.0,0.0,0.0,0.0,0.19731497367223103,0.009046558453631002,-8.704879790445743e-05,0.300436736146609,0.016274447414546866,-0.0006089916284941001
67.04042496552339,1.0,1500.0,0.0,37.0,2049.0,0.2687539269274468,550.0,1499.0,10.217157103475474,1.8696914218468315,11857.54169196287,144.4,0.03167917160282568,33.271532846715324,5.3197080291970815,11.52020134292202,137.0,33.11000000000001,6.965999999999999,11.505592330575455,100.0,33.271532846715324,5.3197080291970815,11.52020134292202,137.0,0.43286287397211487,-0.006550401274304998,-0.0004585945761834467,-0.0006569358076257904,-0.0028371341353923434,-0.014455018854372418,-0.023622941691207298,9.200814086318477,37.0,358500.0,238.0,5904.6136882305145,60.71523370184015,0.25436267256736755,-19.796937942504883,-1.1815427541732788,-1.1815427541732788,0.0,0.003337114816531539,0.003337114816531539,0.003337114816531539,19.894994735717773,1.752801775932312,1.752801775932312,0.0,0.0,,0.2012261301279068,,0.30710649490356445,1.4426573877533277,4.071604922352579,-0.02441907439202702,-18.7874755859375,1.0933288940504151,0.030020096622929968,-0.10361762667695681,0.5036556808891393,-0.03136699377860589,-0.10361762667695681,0.5036556808891393,-0.03136699377860589,0.0,0.0,0.0,0.0033994801342487335,6.595792258471024e-05,-5.900030344459541e-06,0.0033994801342487335,6.595792258471024e-05,-5.900030344459541e-06,0.0033994801342487335,6.595792258471024e-05,-5.900030344459541e-06,18.923735046386717,1.087463397852634,-0.03013711235547129,1.9418991287549336,0.08864188430023914,-0.0055195898314870165,1.9418991287549336,0.08864188430023914,-0.0055195898314870165,0.0,0.0,0.0,0.0,0.0,0.0,0.19923141052325566,0.010394917308436322,0.00010283101718868452,0.30233266750971477,0.01206162401770136,-3.0479481541151542e-05
60.17220009697808,1.0,1500.0,0.0,9.0,2067.0,0.06325512981240763,130.0,1937.0,10.05548846024103,2.074098517447654,13335.362375627295,258.40000000000003,0.05502555366269165,33.78417266187051,7.315107913669067,11.361864416362119,139.0,33.487692307692306,7.670769230769235,11.43228558206584,130.0,33.78417266187051,7.315107913669067,11.361864416362119,139.0,0.3724412188492072,-0.007339193825485847,-0.0014396919916866348,-0.0012185768423703977,-0.0032278889606197534,-0.0316333118140736,-0.020777211527186774,7.367592794418219,9.0,360000.0,239.0,5924.465860843658,60.76497163724649,0.17147371172904968,-19.702468872070312,-0.39767175912857056,-0.39767175912857056,0.0,0.0033805856946855783,0.0033805856946855783,0.0033805856946855783,19.67383575439453,1.8901035785675049,1.8901035785675049,0.0,0.0,,0.2166961133480072,,0.30420470237731934,0.34939626008272173,0.21638838225821946,0.0026315315579943676,-18.954177792867025,0.9360529907230462,-0.01236520540197078,-0.06797453500330448,0.6294830521212156,0.003767611264552635,-0.06797453500330448,0.6294830521212156,0.003767611264552635,0.0,0.0,0.0,0.003389266855083406,8.497868505691953e-05,8.241498834547746e-06,0.003389266855083406,8.497868505691953e-05,8.241498834547746e-06,0.003389266855083406,8.497868505691953e-05,8.241498834547746e-06,19.059223302205403,0.9366869919095271,0.012228067671761723,1.948080631097158,0.11082352238640404,0.0006552926160071748,1.948080631097158,0.11082352238640404,0.0006552926160071748,0.0,0.0,0.0,0.0,0.0,0.0,0.20120628972848256,0.009312233392360094,0.00017941074323600504,0.30260467529296875,0.012341874543625436,-1.913737402079525e-05
67.97905429204305,1.0,1500.0,0.0,48.0,1935.0,0.36960685712294816,715.0,1220.0,10.370989491873665,1.1410982963692702,10096.628858693875,134.0,0.031476087569294375,32.74769230769231,4.512307692307691,11.74015589875045,130.0,32.57560975609756,6.7926829268292686,11.739674472978102,82.0,32.74769230769231,4.512307692307691,11.74015589875045,130.0,0.44226092257800514,-0.00648635618680123,-0.0005957013426810543,-0.0006244475341463394,-0.0029918148461755617,-0.010443127293254304,-0.024240905501013873,9.389855301930913,48.0,361500.0,240.0,5946.983402252197,60.78712105755927,0.21421608328819275,-19.43886947631836,-0.6806901097297668,-0.6806901097297668,0.0,0.0036061727441847324,0.0036061727441847324,0.0036061727441847324,19.497974395751953,1.8389923572540283,1.8389923572540283,0.0,0.0,,0.19454985857009888,,0.30137231945991516,0.4637912268439929,0.6511802009825499,0.013315147310661121,-18.83382568359375,1.1369077288333034,-0.007849870454747535,0.1700781309356292,0.6600473160786564,0.014099588187140005,0.1700781309356292,0.6600473160786564,0.014099588187140005,0.0,0.0,0.0,0.0033654115706061322,8.262206635035168e-05,7.775875566748925e-06,0.0033654115706061322,8.262206635035168e-05,7.775875566748925e-06,0.0033654115706061322,8.262206635035168e-05,7.775875566748925e-06,18.9603520711263,1.1489789057954654,0.007290707122496798,1.9898948033650716,0.11607865291415971,0.0024893447740191583,1.9898948033650716,0.11607865291415971,0.0024893447740191583,0.0,0.0,0.0,0.0,0.0,0.0,0.19952820638815563,0.010902782329186688,0.0003059854099031764,0.29657496412595113,0.00936397444701824,0.00033829045110071623
66.50049763232205,1.0,1500.0,0.0,113.0,2022.0,0.8345109272970593,1687.0,335.0,10.125002949027404,1.1214980609775274,9187.001251061138,17.6,0.003858972110156113,33.53529411764705,1.3970588235294112,11.466111957275952,136.0,32.33043478260869,5.22608695652174,11.905338728163764,23.0,33.53529411764705,1.3970588235294112,11.466111957275952,136.0,0.4298184924633188,-0.006373318526099614,-0.0007639131421760051,-0.00036780630926508965,-0.006720037398468868,-0.010196926313329049,-0.02337878776756825,8.646790094693102,113.0,363000.0,241.0,5975.132563829422,60.75179021088626,4.128628730773926,-19.683277130126953,0.18107956647872925,0.18107956647872925,0.0,0.0036441239062696695,0.0036441239062696695,0.0036441239062696695,19.991119384765625,1.9922499656677246,1.9922499656677246,0.0,0.0,,0.20175936818122864,,0.3135840594768524,0.742848914861679,1.0724607273787314,0.034179674909430434,-19.469191042582192,1.0686945149185205,0.0012213748342073422,-0.07263738376398882,0.5156181558666962,-0.0037200755210752916,-0.07263738376398882,0.5156181558666962,-0.0037200755210752916,0.0,0.0,0.0,0.0034906084338823954,0.0001053956560710179,8.631274684252431e-06,0.0034906084338823954,0.0001053956560710179,8.631274684252431e-06,0.0034906084338823954,0.0001053956560710179,8.631274684252431e-06,19.582501284281413,1.0799178821923343,-0.002484075272574465,1.9470436890920004,0.09112658706340829,-0.0006713601452888469,1.9470436890920004,0.09112658706340829,-0.0006713601452888469,0.0,0.0,0.0,0.0,0.0,0.0,0.200434081753095,0.012495844470889991,-0.0001985054856810674,0.30401455660661064,0.013257463216773006,-2.077594482329172e-05
66.58012025109653,1.0,1500.0,0.0,116.0,2071.0,0.8405994592433133,1740.0,331.0,10.236700638669289,1.1226818184239857,9244.512104504158,25.8,0.005597257777584935,33.161151079136665,1.479136690647482,11.525120758885988,139.0,33.27826086956521,5.104347826086957,11.526204263072454,23.0,33.161151079136665,1.479136690647482,11.525120758885988,139.0,0.44110064345659084,-0.00646754486082378,-0.000950812040033661,-0.000457697296214068,-0.006442773016150545,-0.012856393213223719,-0.023663698951542512,8.878578029660915,116.0,364500.0,242.0,6003.169070720673,60.71793009758465,0.2047647088766098,-18.62694549560547,0.6349204778671265,0.6349204778671265,0.0,0.00383669207803905,0.00383669207803905,0.00383669207803905,18.798381805419922,2.074127197265625,2.074127197265625,0.0,0.0,,0.19030877947807312,,0.29862725734710693,1.6543518389264742,5.849350975906345,0.09270868486040028,-18.958568890889484,1.0440436195409828,0.004897265492610539,0.004294006526470185,0.48974460062371744,-0.01051958254367545,0.004294006526470185,0.48974460062371744,-0.01051958254367545,0.0,0.0,0.0,0.0037829152153184015,5.990505511758317e-05,5.99685308416756e-06,0.0037829152153184015,5.990505511758317e-05,5.99685308416756e-06,0.0037829152153184015,5.990505511758317e-05,5.99685308416756e-06,19.08299986521403,1.042087753114648,-0.00040491250518707967,1.9606842239697775,0.08773765823709882,-0.0018769523856107101,1.9606842239697775,0.08773765823709882,-0.0018769523856107101,0.0,0.0,0.0,0.0,0.0,0.0,0.20157640178998312,0.008656024135167263,-0.0002888030019299782,0.30421300133069357,0.01213522903462926,-3.648288257926307e-05
64.67965936660767,1.0,1500.0,0.0,64.0,2095.0,0.4516803850441653,946.0,1149.0,9.91330357655899,1.4423506102870025,11045.762971293068,98.80000000000001,0.020454639559438534,34.25673758865249,4.3617021276595755,11.18539108493796,141.0,34.24935064935066,6.750649350649353,11.150400458965231,77.0,34.25673758865249,4.3617021276595755,11.18539108493796,141.0,0.42544021675183796,-0.006510723961445823,-0.0006512308500361008,-0.0008768181134086227,-0.003386189258312041,-0.02434782608695652,-0.022207847222027132,8.555949537718048,64.0,366000.0,243.0,6027.570881843567,60.72097818085829,0.3715721070766449,-18.474882125854492,-0.2620084285736084,-0.2620084285736084,0.0,0.0035519576631486416,0.0035519576631486416,0.0035519576631486416,18.586532592773438,1.9135465621948242,1.9135465621948242,0.0,0.0,,0.1878596395254135,,0.2996440827846527,0.778598514944315,0.9634681910892706,0.03779376302498732,-18.93801472981771,1.0522137125954816,0.03800761018101788,-0.09181332290172577,0.4611380785929351,-0.0027778889697969065,-0.09181332290172577,0.4611380785929351,-0.0027778889697969065,0.0,0.0,0.0,0.0036015742768843967,7.611471858302365e-05,-5.678278088437148e-06,0.0036015742768843967,7.611471858302365e-05,-5.678278088437148e-06,0.0036015742768843967,7.611471858302365e-05,-5.678278088437148e-06,19.064573033650717,1.057322951406001,-0.03755840348189665,1.9436641295750936,0.08197229049720726,-0.0004856291549224715,1.9436641295750936,0.08197229049720726,-0.0004856291549224715,0.0,0.0,0.0,0.0,0.0,0.0,0.1979996512333552,0.006373403428718077,-3.912941499865584e-05,0.29684325158596037,0.01082617167345817,-0.00011747036547762346
64.18224572683826,1.0,1500.0,0.0,66.0,2097.0,0.47175423970508795,989.0,1108.0,9.840021952608154,1.3673433082186148,10689.252562062415,91.60000000000001,0.018954600008277117,34.51857142857142,4.038571428571426,11.101145245634877,140.0,34.00270270270269,6.454054054054054,11.234716394056246,74.0,34.51857142857142,4.038571428571426,11.101145245634877,140.0,0.41332019499251854,-0.0064567882470647295,-0.0008007474803730335,-0.0008161111016119207,-0.005005314523142378,-0.021209778722581892,-0.021456119835286096,8.113350357178305,66.0,367500.0,244.0,6052.3042957782745,60.720674645580196,0.603377640247345,-19.50251007080078,-0.520052433013916,-0.520052433013916,0.0,0.003511238843202591,0.003511238843202591,0.003511238843202591,19.579818725585938,1.867983341217041,1.867983341217041,0.0,0.0,,0.1901739239692688,,0.2851340174674988,1.945116809507211,5.695686750339022,-0.03180252866233151,-18.771211179097495,0.8540360916772248,0.0023224322496189246,-0.15149056365092595,0.5430978826590552,-0.016774608471634922,-0.15149056365092595,0.5430978826590552,-0.016774608471634922,0.0,0.0,0.0,0.003648732486180961,0.00010483704769604474,2.4989923282014683e-06,0.003648732486180961,0.00010483704769604474,2.4989923282014683e-06,0.003648732486180961,0.00010483704769604474,2.4989923282014683e-06,18.883052253723143,0.8416242701870805,0.0007489286089630058,1.9329325079917907,0.09689931763361687,-0.0029939883012527905,1.9329325079917907,0.09689931763361687,-0.0029939883012527905,0.0,0.0,0.0,0.0,0.0,0.0,0.20084878851970037,0.009200467033410344,-9.700653616658349e-05,0.2979277064402898,0.014090052635134211,-0.00016551216001372654
66.16192204019298,1.0,1500.0,0.0,46.0,2014.0,0.3367032673648207,678.0,1336.0,10.075510667049244,1.6625139646049933,11551.569465938202,105.0,0.022885789014821273,33.73529411764704,4.767647058823529,11.396454292388471,136.0,33.379999999999995,6.804444444444444,11.447908750405196,90.0,33.73529411764704,4.767647058823529,11.396454292388471,136.0,0.42017504807964434,-0.006890690817367475,-0.0006844576986988962,-0.0007202529246073496,-0.0035181536729524464,-0.012665353222628765,-0.02382634731126968,8.716122279067656,46.0,369000.0,245.0,6075.14598274231,60.73928117089198,4.774771690368652,-17.139257431030273,-0.5219728946685791,-0.5219728946685791,0.0,0.0037599981296807528,0.0037599981296807528,0.0037599981296807528,17.344833374023438,1.86650550365448,1.86650550365448,0.0,0.0,,0.18461060523986816,,0.27339601516723633,0.6244775126377742,0.8873936657305568,0.026707891859652864,-18.80739231109619,1.078939855457535,-0.002594561465457034,-0.058843645205100374,0.6704742643804417,-0.013588870097121626,-0.058843645205100374,0.6704742643804417,-0.013588870097121626,0.0,0.0,0.0,0.0037413910574590164,9.065754703103128e-05,-2.3364931141939644e-06,0.0037413910574590164,9.065754703103128e-05,-2.3364931141939644e-06,0.0037413910574590164,9.065754703103128e-05,-2.3364931141939644e-06,18.91118927001953,1.081257877230342,0.0022331976121465523,1.9493647774060567,0.1201604566990601,-0.002420043547506241,1.9493647774060567,0.1201604566990601,-0.002420043547506241,0.0,0.0,0.0,0.0,0.0,0.0,0.19750454823176067,0.009934977137007596,0.00010574123220262788,0.29823554555575055,0.01183183257408698,0.00016697316334164506
65.45262155428037,1.0,1500.0,0.0,91.0,1893.0,0.7172324511979684,1357.0,536.0,10.13939718904994,1.0970590452316742,8798.752599130667,29.6,0.006959793087232542,33.48818897637795,2.124409448818897,11.482370417251131,127.0,32.272222222222226,4.55,11.828298265043422,36.0,33.48818897637795,2.124409448818897,11.482370417251131,127.0,0.42899889382989365,-0.006780281079794358,-0.0008499166674623843,-0.0005603839203067099,-0.003913327052685013,-0.01913182114645989,-0.023340333435872943,8.67613085741386,91.0,370500.0,246.0,6101.142664909363,60.726329533470114,26.751258850097656,-17.487998962402344,0.3651621639728546,0.3651621639728546,0.0,0.0035284492187201977,0.0035284492187201977,0.0035284492187201977,17.767684936523438,2.024667263031006,2.024667263031006,0.0,0.0,,0.19171936810016632,,0.2824285328388214,1.5681469003359476,4.76144847567277,0.1506702491783592,-18.791922823588052,0.9586229636520117,-0.00047189417617293306,0.046191377689441045,0.3461998012174613,0.010755363373589334,0.046191377689441045,0.3461998012174613,0.010755363373589334,0.0,0.0,0.0,0.0035974964887524647,0.00010027898108370851,-9.484279401459604e-06,0.0035974964887524647,0.00010027898108370851,-9.484279401459604e-06,0.0035974964887524647,0.00010027898108370851,-9.484279401459604e-06,18.90957717895508,0.9594106193124754,-0.0013934932110447427,1.9681772192319233,0.06148887708921776,0.0019062405831291162,1.9681772192319233,0.06148887708921776,0.0019062405831291162,0.0,0.0,0.0,0.0,0.0,0.0,0.19624023934205373,0.009368699471897411,-0.0003512890174471156,0.2947514613469442,0.012196722697440465,-0.00033655252817343316
64.64118206885553,1.0,1500.0,0.0,93.0,1958.0,0.7068826168591351,1384.0,574.0,10.167652461989158,1.1990785999028917,9692.863203662335,39.800000000000004,0.009028218854913348,33.3969696969697,2.3484848484848504,11.554717409619332,132.0,32.53846153846154,5.205128205128207,11.838245862364774,39.0,33.3969696969697,2.3484848484848504,11.554717409619332,132.0,0.4326065595034969,-0.008637532696053066,-0.0010087904472733133,-0.0005305934778088578,-0.004916392739745631,-0.019115335143632985,-0.027783439374836228,8.87366608351191,93.0,372000.0,247.0,6127.350844144821,60.71139215987217,0.12650085985660553,-19.82244300842285,0.07059559226036072,0.07059559226036072,0.0,0.0033659981563687325,0.0033659981563687325,0.0033659981563687325,19.91223907470703,1.9723984003067017,1.9723984003067017,0.0,0.0,,0.19428014755249023,,0.277052640914917,0.5709632699688275,0.6424439916121486,0.0015750815029006205,-18.897205543518066,0.8996910281321941,-0.012298360364190172,-0.04211372608939807,0.6744319269187823,-0.0006139079193782474,-0.04211372608939807,0.6744319269187823,-0.0006139079193782474,0.0,0.0,0.0,0.003416365191030006,0.0001081962631564165,-9.520276935483174e-06,0.003416365191030006,0.0001081962631564165,-9.520276935483174e-06,0.003416365191030006,0.0001081962631564165,-9.520276935483174e-06,19.032388814290364,0.8963125823705544,0.01163123855336181,1.9525037328402202,0.11870261445106266,-0.00012201427485179774,1.9525037328402202,0.11870261445106266,-0.00012201427485179774,0.0,0.0,0.0,0.0,0.0,0.0,0.19983569284280142,0.009690379232904481,0.00014235554998522692,0.29701107541720073,0.011503943184171857,-0.0002159248867607851
68.18137029617552,1.0,1500.0,0.0,126.0,2012.0,0.934864101743559,1880.0,132.0,10.161515687944496,0.9200215220474023,8650.525104432603,7.2,0.0015965939329430547,33.40444444444444,0.5644444444444449,11.47069683535598,135.0,32.93333333333334,7.022222222222224,11.717364065615216,9.0,33.40444444444444,0.5644444444444449,11.47069683535598,135.0,0.43626496385993124,-0.006525218964130596,-0.0009160640359162749,-0.00015397882201996778,-0.0051479572862986114,-0.001726611060936089,-0.0243598906728038,8.808961154639688,126.0,373500.0,248.0,6156.124727964401,60.67128534666685,0.6145012378692627,-18.932353973388672,0.084628626704216,0.084628626704216,0.0,0.0032980130054056644,0.0032980130054056644,0.0032980130054056644,19.03338050842285,1.9748098850250244,1.9748098850250244,0.0,0.0,,0.2078295648097992,,0.30015918612480164,0.5614186053474745,0.5732839689472502,-0.004144884014421396,-18.953372955322266,0.9112590099648947,-0.01265120798011197,0.010445536052187284,0.6659340851916113,-0.006421746932658,0.010445536052187284,0.6659340851916113,-0.006421746932658,0.0,0.0,0.0,0.0033217485761269927,8.517680825584242e-05,-7.273087970025782e-06,0.0033217485761269927,8.517680825584242e-05,-7.273087970025782e-06,0.0033217485761269927,8.517680825584242e-05,-7.273087970025782e-06,19.06008790334066,0.9049523821925958,0.009749733539788566,1.96184344291687,0.11640770870176231,-0.001134552865458055,1.96184344291687,0.11640770870176231,-0.001134552865458055,0.0,0.0,0.0,0.0,0.0,0.0,0.1973342979947726,0.008658443616873372,-0.00020332151777354663,0.30176676412423453,0.010885639600871968,-0.0004237292141750012
65.83753081065852,1.0,1500.0,0.0,82.0,1919.0,0.6398355805661508,1227.0,692.0,10.084347707445238,1.3500439963385265,9750.66404673783,57.2,0.013163951026419958,33.68372093023256,2.400000000000001,11.44431463754592,129.0,33.17872340425532,5.251063829787236,11.648562951286147,47.0,33.68372093023256,2.400000000000001,11.44431463754592,129.0,0.42647432077385433,-0.007736006562535856,-0.0007341281666007319,-0.0006106173349212879,-0.003879069023434409,-0.012556986323282412,-0.025754292237418173,8.62819155878813,82.0,375000.0,249.0,6181.673956394196,60.6631800132564,0.2395840585231781,-19.20113754272461,-0.3280588984489441,-0.3280588984489441,0.0,0.0034447507932782173,0.0034447507932782173,0.0034447507932782173,19.337419509887695,1.9021501541137695,1.9021501541137695,0.0,0.0,,0.18632657825946808,,0.2731360197067261,0.516693056623141,0.9658827709262773,-0.0002571497796242224,-18.887243270874023,1.0896435459095994,0.0031684272944332414,0.004007750004529953,0.5390127264466067,-0.004337059717223424,0.004007750004529953,0.5390127264466067,-0.004337059717223424,0.0,0.0,0.0,0.003407280589453876,7.153690978827433e-05,7.588537596373204e-06,0.003407280589453876,7.153690978827433e-05,7.588537596373204e-06,0.003407280589453876,7.153690978827433e-05,7.588537596373204e-06,18.97185255686442,1.0982628176085694,-0.0038410084929173085,1.9607192198435466,0.09490651331287665,-0.0007654249999626834,1.9607192198435466,0.09490651331287665,-0.0007654249999626834,0.0,0.0,0.0,0.0,0.0,0.0,0.1924581492940585,0.009356594035767569,-0.0002591827455431585,0.2979936261971792,0.012220077021888105,-0.0005346278194856138
65.65821403723497,1.0,1500.0,0.0,104.0,1829.0,0.8487645811121663,1552.0,277.0,10.315931257957638,0.9564254928823421,8207.487256199865,30.200000000000003,0.007460842927022086,32.90894308943088,1.5707317073170728,11.722143250002818,123.0,30.010526315789487,3.778947368421052,12.872496229755482,19.0,32.90894308943088,1.5707317073170728,11.722143250002818,123.0,0.4348375227590968,-0.006594921884107836,-0.000702826051516542,-0.0006923681543674169,-0.004805903111966636,-0.01947385306384344,-0.02366043041061114,8.876780658671791,104.0,376500.0,250.0,6208.299016237259,60.64463052042072,0.2498108595609665,-18.01784896850586,-0.5861818790435791,-0.5861818790435791,0.0,0.0036472324281930923,0.0036472324281930923,0.0036472324281930923,18.103504180908203,1.8555846214294434,1.8555846214294434,0.0,0.0,,0.19470950961112976,,0.29523029923439026,0.9020815660556157,2.282448311092698,0.0782350840703797,-18.91942481994629,0.9955823975761423,-0.01602812057342316,0.02011583372950554,0.5650934603394565,0.00840377105323306,0.02011583372950554,0.5650934603394565,0.00840377105323306,0.0,0.0,0.0,0.003436015103943646,6.174921445255636e-05,3.480324956761412e-06,0.003436015103943646,6.174921445255636e-05,3.480324956761412e-06,0.003436015103943646,6.174921445255636e-05,3.480324956761412e-06,19.008761342366537,0.9998851667209019,0.015214078604047278,1.9635610977808635,0.09977469038110133,0.001484085959242469,1.9635610977808635,0.09977469038110133,0.001484085959242469,0.0,0.0,0.0,0.0,0.0,0.0,0.19442610492308934,0.008345171177608059,0.0002773884041555949,0.29840801656246185,0.008131470166448914,0.00010289995370637289
66.95240174399481,1.0,1500.0,0.0,72.0,2054.0,0.5208698988945193,1069.0,985.0,10.135872067655567,1.3158132135482599,10644.870149647277,58.6,0.012676848526803099,33.49710144927535,2.67536231884058,11.478528633664345,138.0,32.67878787878789,4.954545454545455,11.701962828833212,66.0,33.49710144927535,2.67536231884058,11.478528633664345,138.0,0.42319393649643144,-0.006560105076389758,-0.0005197550235820181,-0.0005094924190652924,-0.002569438161585102,-0.009544919931240388,-0.02343701465357794,8.60895510593636,72.0,378000.0,251.0,6233.355999946594,60.64149071595439,1.2525146007537842,-17.902441024780273,-0.4998827874660492,-0.4998827874660492,0.0,0.0033877487294375896,0.0033877487294375896,0.0033877487294375896,18.05716323852539,1.8721110820770264,1.8721110820770264,0.0,0.0,,0.19227585196495056,,0.2875237464904785,0.38992689152558646,0.25269279676191597,0.0017475292268929101,-18.994926007588706,0.8293395253365426,0.02109186132174358,-0.13957322339216868,0.5924761569089695,-0.017962345656616693,-0.13957322339216868,0.5924761569089695,-0.017962345656616693,0.0,0.0,0.0,0.0035810423471654457,0.0001369972855135157,-1.4502852088103597e-05,0.0035810423471654457,0.0001369972855135157,-1.4502852088103597e-05,0.0035810423471654457,0.0001369972855135157,-1.4502852088103597e-05,19.101620356241863,0.820973428111289,-0.021394085910614903,1.9352708419164022,0.10531010001320833,-0.003172252812030224,1.9352708419164022,0.10531010001320833,-0.003172252812030224,0.0,0.0,0.0,0.0,0.0,0.0,0.1897105981906255,0.008542898034857053,-7.387890964249681e-05,0.294280543923378,0.010314581901350803,-0.00040840839384926226
65.66466685039241,1.0,1500.0,0.0,82.0,1976.0,0.6224977196151046,1230.0,746.0,10.242191329552908,1.3965130007333597,9877.905211309704,66.8,0.015264384625931174,33.1530303030303,2.7818181818181826,11.60059788049182,132.0,32.352,5.884000000000001,11.87621105378749,50.0,33.1530303030303,2.7818181818181826,11.60059788049182,132.0,0.4316816588021845,-0.007666485134928665,-0.0009559678766931884,-0.0005513447668881534,-0.00501293661060807,-0.01475582147477361,-0.025783001063224575,8.80865376427439,82.0,379500.0,252.0,6258.7343673706055,60.63526229496045,0.2620973289012909,-18.934860229492188,-0.9502707719802856,-0.9502707719802856,0.0,0.0036276448518037796,0.0036276448518037796,0.0036276448518037796,19.030973434448242,1.7908793687820435,1.7908793687820435,0.0,0.0,,0.19459481537342072,,0.29218947887420654,0.9081541915734609,1.659031034189317,-0.010128711447434666,-19.000002288818358,0.9399239543602338,-0.04007267172264941,0.09911011618872484,0.5697955789143906,-0.023366237988693455,0.09911011618872484,0.5697955789143906,-0.023366237988693455,0.0,0.0,0.0,0.0036067302028338116,6.579650747943469e-05,6.030367229452859e-06,0.0036067302028338116,6.579650747943469e-05,6.030367229452859e-06,0.0036067302028338116,6.579650747943469e-05,6.030367229452859e-06,19.110305404663087,0.9485803421975324,0.03985513892932256,1.977522579828898,0.10111569133075765,-0.004130984890845555,1.977522579828898,0.10111569133075765,-0.004130984890845555,0.0,0.0,0.0,0.0,0.0,0.0,0.1884556904435158,0.006368906650798505,0.00013029580983488977,0.2951771845420202,0.012448755846927503,0.0002871815102781878
68.27346495426062,1.0,1500.0,0.0,66.0,1887.0,0.5210270574810965,983.0,904.0,10.386104284097778,1.1613454392374118,9778.329808407068,59.400000000000006,0.014298781955611189,32.71023622047244,2.7102362204724404,11.775813158806734,127.0,32.83606557377049,5.2655737704918035,11.683425702408863,61.0,32.71023622047244,2.7102362204724404,11.775813158806734,127.0,0.44776295373555397,-0.007621448083840678,-0.000843989139103344,-0.0005679923292531241,-0.0033319493460660355,-0.005968445090305169,-0.026957379946640617,9.524785940859811,66.0,381000.0,253.0,6282.506088733673,60.64458905710283,0.2292119860649109,-19.081531524658203,-0.054619818925857544,-0.054619818925857544,0.0,0.003595678135752678,0.003595678135752678,0.003595678135752678,19.144304275512695,1.9502947330474854,1.9502947330474854,0.0,0.0,,0.18318143486976624,,0.29784220457077026,0.9452942093213399,1.554157067782788,-0.04388437695444894,-18.855133310953775,1.0338881161413653,-0.0019286090990856474,0.03663899898529053,0.537311750366388,-0.001283050591211037,0.03663899898529053,0.537311750366388,-0.001283050591211037,0.0,0.0,0.0,0.003498298395425081,5.836681698055046e-05,2.5668899395043467e-06,0.003498298395425081,5.836681698055046e-05,2.5668899395043467e-06,0.003498298395425081,5.836681698055046e-05,2.5668899395043467e-06,18.943630345662434,1.0435972695742772,0.0017997130668728004,1.9664856274922689,0.09491404644665939,-0.00022417085454518173,1.9664856274922689,0.09491404644665939,-0.00022417085454518173,0.0,0.0,0.0,0.0,0.0,0.0,0.1881075382232666,0.006564789468718238,7.006615499765673e-05,0.2924214839935303,0.014003216415514913,-2.4368328035082832e-05
67.7624725341797,1.0,1500.0,0.0,60.0,1852.0,0.4800335855763516,889.0,963.0,10.261339999930629,1.2522072509280247,9584.624081082833,106.60000000000001,0.025774940761158664,33.0864,3.8223999999999996,11.691700306418829,125.0,32.91692307692309,6.926153846153845,11.660144588260971,65.0,33.0864,3.8223999999999996,11.691700306418829,125.0,0.43655545329480117,-0.007108165623651964,-0.0005106440915164855,-0.0005915723983789093,-0.004108977221974124,-0.007704332291201429,-0.025484981857546014,9.39222270937325,60.0,382500.0,254.0,6305.896299362183,60.657515100381275,0.31985217332839966,-19.779510498046875,0.6511127948760986,0.6511127948760986,0.0,0.003378017107024789,0.003378017107024789,0.003378017107024789,19.773542404174805,2.0744214057922363,2.0744214057922363,0.0,0.0,,0.18921905755996704,,0.29788994789123535,0.5279008949796359,1.032748581313077,-0.024605678587124282,-19.276449775695802,0.8604656457832117,-0.0026227053598776827,-0.07007429786026478,0.5076064543339723,-0.01312492609736784,-0.07007429786026478,0.5076064543339723,-0.01312492609736784,0.0,0.0,0.0,0.003558520297519863,0.00012316467572377589,-1.2325999732062056e-05,0.003558520297519863,0.00012316467572377589,-1.2325999732062056e-05,0.003558520297519863,0.00012316467572377589,-1.2325999732062056e-05,19.345226605733234,0.862367341115537,0.0012348565429412134,1.9477301677068075,0.08982307663715604,-0.002317875935317992,1.9477301677068075,0.08982307663715604,-0.002317875935317992,0.0,0.0,0.0,0.0,0.0,0.0,0.19154545317093533,0.008058517227970505,-0.00010040663307050346,0.29567519426345823,0.008978329247882473,-6.0507147940707165e-05
67.08066597922904,1.0,1500.0,0.0,122.0,1933.0,0.9403004852608123,1817.0,116.0,10.241844526451612,0.9938527916428082,8284.356050164411,11.4,0.0026443980514961724,33.16153846153847,0.6230769230769242,11.522895462061523,130.0,28.575000000000003,1.5500000000000003,13.001068958194551,8.0,33.16153846153847,0.6230769230769242,11.522895462061523,130.0,0.4339430082222158,-0.006771444595726687,-0.0007000393370447608,-0.00025673579711043984,-0.004061578774975437,-0.00936237580521891,-0.024331461791835794,8.75444683505123,122.0,384000.0,255.0,6334.157361507416,60.623691216382234,0.2558841407299042,-19.40999412536621,-0.3433356285095215,-0.3433356285095215,0.0,0.003369707614183426,0.003369707614183426,0.003369707614183426,19.489227294921875,1.8996894359588623,1.8996894359588623,0.0,0.0,,0.18740388751029968,,0.30587446689605713,0.4117796311775843,0.393596378655879,-0.006478509204141029,-19.108532206217447,0.9883503343710329,0.00435402162613461,-0.08454376608133315,0.5026678328475065,-0.012684671052040597,-0.08454376608133315,0.5026678328475065,-0.012684671052040597,0.0,0.0,0.0,0.0034056747254605094,4.636322787636494e-05,2.475035065024584e-06,0.0034056747254605094,4.636322787636494e-05,2.475035065024584e-06,0.0034056747254605094,4.636322787636494e-05,2.475035065024584e-06,19.199157333374025,1.0053754813040408,-0.004684821649706775,1.945072599252065,0.08847105319141513,-0.0022342412172090837,1.945072599252065,0.08847105319141513,-0.0022342412172090837,0.0,0.0,0.0,0.0,0.0,0.0,0.1894334425528844,0.006357300776257694,-0.00022514545347322476,0.29416891634464265,0.011621623142889463,-7.545735202191587e-05
63.61275323304263,1.0,1500.0,0.0,110.0,2027.0,0.8102782234997756,1642.0,385.0,10.14537800516542,1.0342142731473734,9256.52741039787,31.8,0.006985633320152893,33.472058823529395,2.4705882352941164,11.456661595412744,136.0,33.07692307692309,5.484615384615382,11.579165803829104,26.0,33.472058823529395,2.4705882352941164,11.456661595412744,136.0,0.4338093711430904,-0.007138805928451493,-0.0008275277172098832,-0.0005033883145840643,-0.006030150753768761,-0.029272870375976267,-0.024951265455299493,8.793526213442393,110.0,385500.0,256.0,6361.807033777237,60.59599072295573,0.16434186697006226,-20.247413635253906,0.6054397225379944,0.6054397225379944,0.0,0.0034440839663147926,0.0034440839663147926,0.0034440839663147926,20.257923126220703,2.066755771636963,2.066755771636963,0.0,0.0,,0.18836185336112976,,0.2982552647590637,0.3269296656052271,0.16517804675906458,3.385024023002259e-05,-19.234320704142252,0.9732098566873801,-0.010285053528985679,0.05817300329605738,0.5669135962580475,-0.0014163869871313512,0.05817300329605738,0.5669135962580475,-0.0014163869871313512,0.0,0.0,0.0,0.003407673304900527,7.898954919870344e-05,7.672570397180149e-06,0.003407673304900527,7.898954919870344e-05,7.672570397180149e-06,0.003407673304900527,7.898954919870344e-05,7.672570397180149e-06,19.326576805114748,0.9856235295987565,0.009077295339412289,1.970238729317983,0.09978182676404987,-0.0002475315524686203,1.970238729317983,0.09978182676404987,-0.0002475315524686203,0.0,0.0,0.0,0.0,0.0,0.0,0.18836542318264643,0.00930320600103909,9.606313188295924e-05,0.2942182719707489,0.013418587447699188,0.00018386177809802685
65.5121976852417,1.0,1500.0,0.0,110.0,1951.0,0.8399825394997781,1638.0,313.0,10.134029080451558,1.2833296880598186,8929.589170539208,16.0,0.0036436509382401167,33.520610687022916,1.3694656488549615,11.413836377706307,131.0,32.266666666666666,3.190476190476189,11.834578395045003,21.0,33.520610687022916,1.3694656488549615,11.413836377706307,131.0,0.4294091555837788,-0.006969274780351927,-0.001242472102726819,-0.0003074782715421243,-0.003760570983026487,-0.01685359563365921,-0.02460318738620563,8.570480708658637,110.0,387000.0,257.0,6389.535292863846,60.56778502064478,1.8795175552368164,-21.08059310913086,0.616660475730896,0.616660475730896,0.0,0.0033141656313091516,0.0033141656313091516,0.0033141656313091516,21.258289337158203,2.0680060386657715,2.0680060386657715,0.0,0.0,,0.19609063863754272,,0.28807246685028076,0.6423596397042275,1.0142055864054311,0.017841627166188995,-19.11973959604899,0.8476923008447591,0.002415315672606507,-0.026932053764661155,0.571675978144263,-0.004796164889754655,-0.026932053764661155,0.571675978144263,-0.004796164889754655,0.0,0.0,0.0,0.003409242443740368,7.224700608317429e-05,-7.416898937889758e-06,0.003409242443740368,7.224700608317429e-05,-7.416898937889758e-06,0.003409242443740368,7.224700608317429e-05,-7.416898937889758e-06,19.221155865987143,0.8451289526129219,-0.0015220807577271233,1.9552075544993082,0.10069576315603644,-0.0008427984324658333,1.9552075544993082,0.10069576315603644,-0.0008427984324658333,0.0,0.0,0.0,0.0,0.0,0.0,0.1864991545677185,0.008024795153856488,0.00014800395530641238,0.28981284201145174,0.014319866510119008,0.0007789477954584359
64.80700232377693,1.0,1500.0,0.0,67.0,1861.0,0.5327711419798647,991.0,870.0,10.218976275433711,1.433361280639069,9902.697278052732,53.0,0.012748352335594362,33.25920000000002,3.2576,11.57162747041161,125.0,31.53448275862069,5.631034482758621,12.138676632044273,58.0,33.25920000000002,3.2576,11.57162747041161,125.0,0.4151549947239495,-0.006654929006036044,-0.0008124598834579481,-0.0003126894939349475,-0.003561539196027906,-0.01923995034851523,-0.023230845068839927,8.324303303686394,67.0,388500.0,258.0,6413.868479728699,60.57186879148997,0.11541038751602173,-18.7255859375,1.2156496047973633,1.2156496047973633,0.0,0.003487482899799943,0.003487482899799943,0.003487482899799943,18.793964385986328,2.1748175621032715,2.1748175621032715,0.0,0.0,,0.180354043841362,,0.28283578157424927,0.5063332706689835,0.7699723202636878,0.0018968359448090196,-19.039174143473307,0.9082167198692822,0.024578030833413544,0.12991974080602328,0.6423607424141884,-0.017974623744360464,0.12991974080602328,0.6423607424141884,-0.017974623744360464,0.0,0.0,0.0,0.003497933348019918,9.366306688738752e-05,5.151424556970542e-06,0.003497933348019918,9.366306688738752e-05,5.151424556970542e-06,0.003497933348019918,9.366306688738752e-05,5.151424556970542e-06,19.14720427195231,0.9107949986336591,-0.02305666039862576,1.9827983538309732,0.11348750971660483,-0.00317072852434919,1.9827983538309732,0.11348750971660483,-0.00317072852434919,0.0,0.0,0.0,0.0,0.0,0.0,0.18742476999759675,0.00872954124977613,0.00010878976115395119,0.29127638737360634,0.014812803724222617,-0.00017178583728591487
66.82558019110498,1.0,1500.0,0.0,94.0,2084.0,0.672959417146631,1402.0,682.0,10.00831621693202,1.218669485332392,10043.161663402556,32.2,0.006779518275223177,33.925714285714285,2.368571428571429,11.335301856315208,140.0,34.08260869565217,5.978260869565219,11.282017391909271,46.0,33.925714285714285,2.368571428571429,11.335301856315208,140.0,0.42843480413874896,-0.00687539855812253,-0.0008620197208871047,-0.00012995144945115167,-0.0034618079887876966,-0.009915907498248073,-0.024532707236870482,8.734988836349363,94.0,390000.0,259.0,6440.578979969025,60.5535622205623,0.295948326587677,-20.768848419189453,1.0321238040924072,1.0321238040924072,0.0,0.003999832086265087,0.003999832086265087,0.003999832086265087,20.895845413208008,2.1469168663024902,2.1469168663024902,0.0,0.0,,0.19073505699634552,,0.2942165732383728,0.44524938116470975,0.5946482449371416,0.02269127839332958,-18.92276782989502,0.9935892113478964,-0.016884734818879248,0.08009666912257671,0.5691423105939861,0.01925372110474627,0.08009666912257671,0.5691423105939861,0.01925372110474627,0.0,0.0,0.0,0.0036951819667592643,0.00010801787386496382,1.005581155361326e-05,0.0036951819667592643,0.00010801787386496382,1.005581155361326e-05,0.0036951819667592643,0.00010801787386496382,1.005581155361326e-05,19.002597490946453,0.9930582589921022,0.017025718222205208,1.9744949261347453,0.10198948822770805,0.003474468914367156,1.9744949261347453,0.10198948822770805,0.003474468914367156,0.0,0.0,0.0,0.0,0.0,0.0,0.18784438371658324,0.008946096460662313,-0.00016855313064524676,0.29172441860040027,0.010966162585316437,-0.00020237175190409754
68.3872480000535,1.0,1500.0,0.0,73.0,1944.0,0.5618109547084754,1092.0,852.0,10.288797814620892,1.0100961438937817,9406.999478234662,42.800000000000004,0.009972970453909963,33.01230769230771,2.386153846153846,11.637522066205289,130.0,32.76491228070176,5.084210526315789,11.71843124535255,57.0,33.01230769230771,2.386153846153846,11.637522066205289,130.0,0.4387480529469115,-0.006677134210493537,-0.0008008860743020377,-0.0002862607992962888,-0.0023317972350230497,-0.004700460829493088,-0.024516647520700187,9.019188966903998,73.0,391500.0,260.0,6465.005650043488,60.556791624361,0.867885410785675,-19.890579223632812,-0.2758035659790039,-0.2758035659790039,0.0,0.0037864355836063623,0.0037864355836063623,0.0037864355836063623,19.996017456054688,1.910538911819458,1.910538911819458,0.0,0.0,,0.19151785969734192,,0.28806495666503906,1.572973016401132,6.201579671728414,0.20307747332153392,-19.49850991566976,0.8193784141394883,0.004928052093879684,-0.1618182914952437,0.5964137500496485,-0.004955701317816349,-0.1618182914952437,0.5964137500496485,-0.004955701317816349,0.0,0.0,0.0,0.003827075093674163,8.007601262184157e-05,-6.033353004045235e-06,0.003827075093674163,8.007601262184157e-05,-6.033353004045235e-06,0.003827075093674163,8.007601262184157e-05,-6.033353004045235e-06,19.60415242513021,0.8262452039091059,-0.0043746880349916795,1.9309819698333741,0.10729122537230878,-0.0008898694204939879,1.9309819698333741,0.10729122537230878,-0.0008898694204939879,0.0,0.0,0.0,0.0,0.0,0.0,0.18631800164779028,0.007173552376115791,-0.00035036597753128297,0.2905054907004038,0.013432042211225417,-0.00010865072785018636
64.91774067697646,1.0,1500.0,0.0,79.0,2024.0,0.5810449087656667,1176.0,848.0,9.98105113321215,1.2264794918182624,9991.356718074658,38.800000000000004,0.008384113401616319,34.02794117647059,2.7294117647058824,11.30383469910396,136.0,33.35789473684211,4.785964912280703,11.571683478227753,57.0,34.02794117647059,2.7294117647058824,11.30383469910396,136.0,0.4190325689384937,-0.006012749000763788,-0.0009465961565427805,-0.0002428305974538023,-0.003964037597057656,-0.020106252554147937,-0.022154275856102582,8.295116790554763,79.0,393000.0,261.0,6490.512810230255,60.54991515933208,0.29300761222839355,-17.79448127746582,0.24436841905117035,0.24436841905117035,0.0,0.0035327691584825516,0.0035327691584825516,0.0035327691584825516,17.847740173339844,2.003281593322754,2.003281593322754,0.0,0.0,,0.17415055632591248,,0.26022157073020935,0.4085521419843038,0.4322866774512131,0.00987292487045814,-19.256083424886068,0.8206019833081992,0.009308323844256549,-0.24657760386665661,0.5991614878449418,0.006597515992049517,-0.24657760386665661,0.5991614878449418,0.006597515992049517,0.0,0.0,0.0,0.00373549183520178,0.00012365775887122625,-1.0781609417002551e-05,0.00373549183520178,0.00012365775887122625,-1.0781609417002551e-05,0.00373549183520178,0.00012365775887122625,-1.0781609417002551e-05,19.35748570760091,0.8204279007873673,-0.009704326761180573,1.9158024390538533,0.10712347675213288,0.0011885643005370434,1.9158024390538533,0.10712347675213288,0.0011885643005370434,0.0,0.0,0.0,0.0,0.0,0.0,0.1830257445573807,0.008239024284336854,-0.0003089910884852992,0.29046222766240437,0.013794773249810696,-0.0005796304799293202
68.56531091169877,1.0,1500.0,0.0,22.0,2052.0,0.1564681004540892,321.0,1731.0,10.167998678964278,1.6487761528732088,12324.326771869259,210.20000000000002,0.04557280374642269,33.4231884057971,6.379710144927538,11.47042271752421,138.0,33.41724137931035,7.548275862068966,11.430888355693826,116.0,33.4231884057971,6.379710144927538,11.47042271752421,138.0,0.4351784870661792,-0.006326813675392044,-0.0007364029671825358,-0.00046404616467359184,-0.005100182149362468,-0.0036429872495446266,-0.023357449764671814,9.34059728634516,22.0,394500.0,262.0,6511.364306211472,60.586381201811946,0.3318209648132324,-19.60396385192871,1.4343838691711426,1.4343838691711426,0.0,0.003892221488058567,0.003892221488058567,0.003892221488058567,19.841323852539062,2.2184977531433105,2.2184977531433105,0.0,0.0,,0.1752464771270752,,0.2788495123386383,0.37192800442377727,0.2319727159893404,-3.4818268723967765e-05,-19.339013481140135,0.9986613461641499,-0.021663768882878118,0.11115712622801463,0.6415860727639761,0.01674289369211844,0.11115712622801463,0.6415860727639761,0.01674289369211844,0.0,0.0,0.0,0.0036203680482382577,0.00013289295504506545,1.1132318822789192e-05,0.0036203680482382577,0.00013289295504506545,1.1132318822789192e-05,0.0036203680482382577,0.00013289295504506545,1.1132318822789192e-05,19.45235563913981,1.015259938384391,0.02419109111102674,1.9799660801887513,0.11414094109345332,0.0030036543049456466,1.9799660801887513,0.11414094109345332,0.0030036543049456466,0.0,0.0,0.0,0.0,0.0,0.0,0.18215826004743577,0.008147963792227406,-2.7158856391912263e-05,0.28717522223790487,0.012129519629877968,0.00010550697069941702
63.295445426035734,1.0,1500.0,0.0,59.0,1835.0,0.47895272043218035,878.0,957.0,10.266613923189265,1.2816772476100724,9516.456916559064,106.2,0.02608951997248563,33.09430894308944,4.235772357723575,11.675904175798301,123.0,32.040625,6.2124999999999995,11.983008131897474,64.0,33.09430894308944,4.235772357723575,11.675904175798301,123.0,0.4244085980537263,-0.007055273372868728,-0.0007930009492890205,-0.00015271098365304126,-0.002269205224706666,-0.03414877130839052,-0.023793153441605534,8.755122961564282,59.0,396000.0,263.0,6534.785962820053,60.59877129152494,0.4128977060317993,-17.786327362060547,0.07534975558519363,0.07534975558519363,0.0,0.003987817093729973,0.003987817093729973,0.003987817093729973,17.79118537902832,1.9736390113830566,1.9736390113830566,0.0,0.0,,0.17713138461112976,,0.2831805348396301,1.3519827763239542,4.411788844040022,-0.08137905396131581,-19.485439364115397,0.8778895268525881,-0.00383344359604693,-0.09297071223457655,0.5487469021504664,0.023373062663335574,-0.09297071223457655,0.5487469021504664,0.023373062663335574,0.0,0.0,0.0,0.0038128557226931054,0.00011709259633033136,7.776311185372526e-06,0.0038128557226931054,0.00011709259633033136,7.776311185372526e-06,0.0038128557226931054,0.00011709259633033136,7.776311185372526e-06,19.587287521362306,0.8935192938677259,0.0027049004169667538,1.9433921933174134,0.09859084748342904,0.004196162245032218,1.9433921933174134,0.09859084748342904,0.004196162245032218,0.0,0.0,0.0,0.0,0.0,0.0,0.18471349477767945,0.007262802117140469,5.792347554767768e-05,0.29239624937375386,0.011161867305847211,-0.0001661544381842918
69.23683251274957,1.0,1500.0,0.0,18.0,2025.0,0.13040259683364014,264.0,1761.0,10.121156237779145,2.1520266700298816,12747.107517180279,212.4,0.046527929901423876,33.566176470588246,6.867647058823529,11.428883253526545,136.0,33.75593220338984,7.879661016949152,11.338981796009037,118.0,33.566176470588246,6.867647058823529,11.428883253526545,136.0,0.45454866804083566,-0.00646642439385177,-0.0013343117659762175,-0.0010813353438003462,-0.005208333333333321,-0.004050925925925926,-0.023915814913623754,9.838051502006016,18.0,397500.0,264.0,6555.270204544067,60.63823268863209,0.1425141990184784,-18.45516014099121,-0.9269189834594727,-0.9269189834594727,0.0,0.003583609126508236,0.003583609126508236,0.003583609126508236,18.533458709716797,1.7953927516937256,1.7953927516937256,0.0,0.0,,0.177734375,,0.28148090839385986,1.0143747866153716,3.3519280454271345,-0.03183370284959923,-19.447104326883952,1.1625095112869182,0.034906697936265274,-0.25904043540358546,0.7237873278861446,0.03221292694796446,-0.25904043540358546,0.7237873278861446,0.03221292694796446,0.0,0.0,0.0,0.003670539823360741,0.00020005242190568063,-2.024054959275515e-05,0.003670539823360741,0.00020005242190568063,-2.024054959275515e-05,0.003670539823360741,0.00020005242190568063,-2.024054959275515e-05,19.522876167297362,1.1543885404573937,-0.036193248082586796,1.9134373148282369,0.12935464542627598,0.0057705976541367965,1.9134373148282369,0.12935464542627598,0.0057705976541367965,0.0,0.0,0.0,0.0,0.0,0.0,0.1859850396712621,0.005519368625853813,-3.13406460012077e-05,0.2972856124242147,0.009871451129133579,-0.0001741236521219175
69.10721683502197,1.0,1500.0,0.0,60.0,1920.0,0.464683158616045,892.0,1028.0,10.223623896698024,1.2606572782924739,10190.887323763569,113.2,0.026417736289381565,33.217054263565885,3.9364341085271333,11.616673174145348,129.0,33.84347826086956,7.127536231884059,11.302749582880299,69.0,33.217054263565885,3.9364341085271333,11.616673174145348,129.0,0.4493413209567583,-0.0063625089854147865,-0.0005459687992356171,-0.0010163630924144688,-0.004241659979364927,-0.004585578356070159,-0.0243336326305244,9.753654175542408,60.0,399000.0,265.0,6578.834095001221,60.64904422854669,0.20516300201416016,-17.795352935791016,0.30495429039001465,0.30495429039001465,0.0,0.003430090844631195,0.003430090844631195,0.003430090844631195,17.87059211730957,2.0137312412261963,2.0137312412261963,0.0,0.0,,0.16967231035232544,,0.2807142734527588,0.41898225049177806,0.6798558450102571,0.00962934128036753,-19.45253480275472,0.9893180994544275,0.01339598243042991,-0.10975220712522665,0.8279727445096673,0.0075290764523494045,-0.10975220712522665,0.8279727445096673,0.0075290764523494045,0.0,0.0,0.0,0.003506416152231395,9.427487532966734e-05,-3.279712583633579e-06,0.003506416152231395,9.427487532966734e-05,-3.279712583633579e-06,0.003506416152231395,9.427487532966734e-05,-3.279712583633579e-06,19.55231825510661,0.9830895541636004,-0.014376837419588595,1.9405966798464458,0.14672782806573034,0.001323427878179308,1.9405966798464458,0.14672782806573034,0.001323427878179308,0.0,0.0,0.0,0.0,0.0,0.0,0.18935216615597408,0.010370390998663395,-2.5542509701681896e-05,0.3002345432837804,0.013610815689284388,-1.3552113820508249e-05
66.55124405195129,1.0,1500.0,0.0,53.0,1972.0,0.3978458723364165,784.0,1188.0,9.944675934000882,1.1960245578778392,10589.10659318997,158.8,0.03494718309859155,34.16541353383461,5.312781954887221,11.297212107714083,133.0,34.095000000000006,8.23,11.203494249523356,80.0,34.16541353383461,5.312781954887221,11.297212107714083,133.0,0.4236071214451139,-0.006303300967577171,-0.0005177507004375655,-0.0006688427114891472,-0.0036034928053130175,-0.01481982535973435,-0.022763444494945623,9.031251232368573,53.0,400500.0,266.0,6602.169174671173,60.66188087643896,0.1803506314754486,-20.50926971435547,0.4012831747531891,0.4012831747531891,0.0,0.0034780201967805624,0.0034780201967805624,0.0034780201967805624,20.51169204711914,2.030879020690918,2.030879020690918,0.0,0.0,,0.18208086490631104,,0.2846173644065857,1.7292482197284698,5.910292455483995,-0.16040096926742195,-19.395987256368002,0.8012618536457539,0.008415696140922307,0.08705631121993065,0.6265057594183807,0.004550662582058519,0.08705631121993065,0.6265057594183807,0.004550662582058519,0.0,0.0,0.0,0.003461131383664906,8.485490621673537e-05,-6.2456262816942425e-06,0.003461131383664906,8.485490621673537e-05,-6.2456262816942425e-06,0.003461131383664906,8.485490621673537e-05,-6.2456262816942425e-06,19.468231646219888,0.8211101108704437,-0.010195466700332743,1.975372354189555,0.11051153898275624,0.0007916233563448874,1.975372354189555,0.11051153898275624,0.0007916233563448874,0.0,0.0,0.0,0.0,0.0,0.0,0.18721907287836076,0.00813187030315413,-0.0002871682069723284,0.300559730331103,0.012615583842563777,-0.0003316236085966054
68.83183359418597,1.0,1500.0,0.0,70.0,2002.0,0.5213740905168808,1043.0,959.0,10.102062293427752,1.38242485260469,10172.68282031023,71.60000000000001,0.015887808991257267,33.63134328358209,3.0313432835820895,11.4094954387978,134.0,34.16250000000001,6.168750000000002,11.198043840514275,64.0,33.63134328358209,3.0313432835820895,11.4094954387978,134.0,0.4403169465083152,-0.006062634329127363,-0.0006178630381700719,-0.0007059737968058872,-0.0036540686463555987,-0.002747782491322792,-0.023211687839515084,9.071787453283521,70.0,402000.0,267.0,6626.687041044235,60.6637973862506,1.2320709228515625,-19.476255416870117,-0.20193348824977875,-0.20193348824977875,0.0,0.0037473291158676147,0.0037473291158676147,0.0037473291158676147,19.616294860839844,1.923853874206543,1.923853874206543,0.0,0.0,,0.20475415885448456,,0.31824302673339844,0.5801189164320628,0.8266957499373204,0.01304611083662947,-19.8000581741333,0.7025117261654081,-0.025220668992157958,0.014049551635980605,0.3781459680829763,-0.014767441652441711,0.014049551635980605,0.3781459680829763,-0.014767441652441711,0.0,0.0,0.0,0.00366039527580142,0.0001661152240986913,1.7676262435678286e-05,0.00366039527580142,0.0001661152240986913,1.7676262435678286e-05,0.00366039527580142,0.0001661152240986913,1.7676262435678286e-05,19.881141980489094,0.7124474264437841,0.022877809229628593,1.96235138575236,0.0674726244799762,-0.0026423561957575003,1.96235138575236,0.0674726244799762,-0.0026423561957575003,0.0,0.0,0.0,0.0,0.0,0.0,0.19052409132321677,0.009592564257839376,6.419542899253406e-05,0.29809692601362864,0.01331359034817529,0.0003273466073631256
66.4684526825708,1.0,1500.0,0.0,63.0,2079.0,0.45239942031867053,940.0,1139.0,9.989832489376708,1.1424385615224508,10511.850837963011,123.2,0.026064144876026065,34.00575539568345,3.9179856115107925,11.27680968433268,139.0,33.01578947368422,6.663157894736843,11.535995479904619,76.0,34.00575539568345,3.9179856115107925,11.27680968433268,139.0,0.41009451342556014,-0.005756146081944034,-0.0007634863014395003,-0.0006794190100384155,-0.0033373542420587253,-0.009599919581825492,-0.02064992440624118,8.152918929631973,63.0,403500.0,268.0,6651.164729118347,60.66606623551277,0.2839009165763855,-19.881813049316406,0.18481716513633728,0.18481716513633728,0.0,0.003595796413719654,0.003595796413719654,0.003595796413719654,19.841352462768555,1.9928393363952637,1.9928393363952637,0.0,0.0,,0.18955698609352112,,0.3007100224494934,0.584959332148234,1.2818447703200417,0.038796616097843815,-19.602002652486167,0.921128411248528,0.010428695339249991,-0.08689625362555185,0.5636576626118401,-0.006140234864195682,-0.08689625362555185,0.5636576626118401,-0.006140234864195682,0.0,0.0,0.0,0.0037299495112771788,5.215345721160855e-05,-3.941763592293532e-06,0.0037299495112771788,5.215345721160855e-05,-3.941763592293532e-06,0.0037299495112771788,5.215345721160855e-05,-3.941763592293532e-06,19.703077507019042,0.9038355448330639,-0.0124084425980313,1.944450306892395,0.10079379522615009,-0.0010992086238670554,1.944450306892395,0.10079379522615009,-0.0010992086238670554,0.0,0.0,0.0,0.0,0.0,0.0,0.1877395451068878,0.007149544668806525,-6.998364996990237e-05,0.3026725023984909,0.013665872101925285,0.0002443161172516666
68.30228445664892,1.0,1500.0,0.0,106.0,1973.0,0.8050386485392899,1588.0,385.0,10.16343751112743,0.9494789870220258,8590.795771593843,30.200000000000003,0.006849936490655054,33.4,1.640909090909091,11.50625540794757,132.0,32.5923076923077,6.653846153846154,11.67559783226267,26.0,33.4,1.640909090909091,11.50625540794757,132.0,0.4326608169593436,-0.005578501960472024,-0.0007635362836665417,-0.0002969017591067786,-0.0023311191878681702,-0.006830429878430881,-0.02187711786424568,8.838680383674182,106.0,405000.0,269.0,6678.528916835785,60.64209724076251,0.39772215485572815,-20.85239601135254,-0.4064490795135498,-0.4064490795135498,0.0,0.0037769018672406673,0.0037769018672406673,0.0037769018672406673,20.93978500366211,1.8871430158615112,1.8871430158615112,0.0,0.0,,0.18313026428222656,,0.2950395941734314,1.184195547302564,4.412092136359865,-0.09341386735638214,-19.841328811645507,1.0067695005880857,-0.0018331652886344244,0.14351170485218365,0.7324931222845054,0.015301429411526908,0.14351170485218365,0.7324931222845054,0.015301429411526908,0.0,0.0,0.0,0.0035771994618698953,0.00010716355217858334,3.678398362222089e-07,0.0035771994618698953,0.00010716355217858334,3.678398362222089e-07,0.0035771994618698953,0.00010716355217858334,3.678398362222089e-07,19.92747236887614,0.9961712530819872,0.001928932860376874,1.9854530175526937,0.13009876959675734,0.002712058596669328,1.9854530175526937,0.13009876959675734,0.002712058596669328,0.0,0.0,0.0,0.0,0.0,0.0,0.18945059577624004,0.01043079695241855,-0.00032684936937156446,0.29460020661354064,0.011446294973009575,0.00020227591373498543
67.63389299626937,1.0,1500.0,0.0,114.0,2096.0,0.8116305929156754,1701.0,395.0,10.171159656277021,1.1545754162779784,9671.033566586646,18.6,0.003951729412764511,33.38156028368795,1.2212765957446812,11.534989657487827,141.0,31.577777777777783,4.222222222222222,12.023899068569627,27.0,33.38156028368795,1.2212765957446812,11.534989657487827,141.0,0.4282094212653961,-0.005890769650028896,-0.0007175570787305907,-0.00028026108906927357,-0.0028416310500173516,-0.008403604019868314,-0.022499497502432325,8.769922642810668,114.0,406500.0,270.0,6706.8227689266205,60.60992127052396,1.6439290046691895,-20.353351593017578,-0.7868785858154297,-0.7868785858154297,0.0,0.003535789204761386,0.003535789204761386,0.003535789204761386,20.580297470092773,1.8205997943878174,1.8205997943878174,0.0,0.0,,0.18386812508106232,,0.2952730059623718,0.5677006339033445,0.9747687421924595,0.018290061955324663,-19.791881434122722,0.7654315121704147,0.022980267585186107,-0.17205159490307173,0.6408754750838581,0.022552000128719003,-0.17205159490307173,0.6408754750838581,0.022552000128719003,0.0,0.0,0.0,0.0034687634790316222,0.0001032843373751325,-1.2195873715489428e-06,0.0034687634790316222,0.0001032843373751325,-1.2195873715489428e-06,0.0034687634790316222,0.0001032843373751325,-1.2195873715489428e-06,19.900142669677734,0.7688303898922911,-0.02282929553073329,1.9294399658838908,0.11318148058958184,0.004003100612670029,1.9294399658838908,0.11318148058958184,0.004003100612670029,0.0,0.0,0.0,0.0,0.0,0.0,0.18650881797075272,0.007880816910188486,-0.0003292309926269623,0.2957763304313024,0.012627385469873843,-0.0002139226414337881
66.86241829913595,1.0,1500.0,0.0,46.0,1831.0,0.3698097052572509,677.0,1154.0,10.255167775853057,1.2126854114812176,9546.449526519726,126.4,0.03101383845323388,33.1349593495935,4.54471544715447,11.639481824825163,123.0,32.5974025974026,6.698701298701298,11.741824059935343,77.0,33.1349593495935,4.54471544715447,11.639481824825163,123.0,0.4274270965512483,-0.006165065661147218,-0.0007492796957593279,-0.0007867484016777368,-0.0020151493497213044,-0.015435186508503644,-0.021971652580431232,9.01487000028545,46.0,408000.0,271.0,6729.275912284851,60.63059463131273,0.20186787843704224,-18.455169677734375,0.7687150239944458,0.7687150239944458,0.0,0.0033909520134329796,0.0033909520134329796,0.0033909520134329796,18.617704391479492,2.0951714515686035,2.0951714515686035,0.0,0.0,,0.18820220232009888,,0.2856561243534088,0.5739620998501778,0.8827014856815848,0.03665198727165896,-19.54831485748291,0.7034950088369151,0.025213963781236255,-0.026105653246243796,0.6207459672670604,0.010670547218821347,-0.026105653246243796,0.6207459672670604,0.010670547218821347,0.0,0.0,0.0,0.0034262347966432572,7.225706206421588e-05,1.5309763175161599e-06,0.0034262347966432572,7.225706206421588e-05,1.5309763175161599e-06,0.0034262347966432572,7.225706206421588e-05,1.5309763175161599e-06,19.636897786458334,0.7180163197774522,-0.024330591492446468,1.9553941130638122,0.1093122789800366,0.0018707903659383267,1.9553941130638122,0.1093122789800366,0.0018707903659383267,0.0,0.0,0.0,0.0,0.0,0.0,0.18339973241090773,0.007173116081000966,-0.000127460770267537,0.2905839174985886,0.009962113115676964,-0.0002580943508063373
68.0748485326767,1.0,1500.0,0.0,96.0,1841.0,0.7795767241051352,1435.0,406.0,10.163850619321972,1.3808565908525778,8746.425061682383,11.0,0.0026543120505767097,33.42096774193549,1.3661290322580648,11.538450753966549,124.0,32.857142857142854,4.792857142857143,11.65966106663997,28.0,33.42096774193549,1.3661290322580648,11.538450753966549,124.0,0.43078691217719106,-0.006367680627568621,-0.0009513876010523067,-0.0001357646027794791,-0.0024259131633356463,-0.006064782908339076,-0.023401222926766895,8.910299304868934,96.0,409500.0,272.0,6755.607156276703,60.616313312346676,0.2819421589374542,-18.506324768066406,1.1677377223968506,1.1677377223968506,0.0,0.0035552161280065775,0.0035552161280065775,0.0035552161280065775,18.62462615966797,2.167060136795044,2.167060136795044,0.0,0.0,,0.19760200381278992,,0.31298327445983887,0.33142247249682744,0.3219847809979046,-0.008472874787148177,-19.793523597717286,0.8319221004485856,-0.010168093383245579,0.1510657990972201,0.8079656900074382,0.01393998168798388,0.1510657990972201,0.8079656900074382,0.01393998168798388,0.0,0.0,0.0,0.003443022243057688,0.00014243188561355622,9.109203219910962e-06,0.003443022243057688,0.00014243188561355622,9.109203219910962e-06,0.003443022243057688,0.00014243188561355622,9.109203219910962e-06,19.88980000813802,0.8265479231227475,0.008931323126770288,1.9865165630976358,0.14261803137141227,0.0024611099145568595,1.9865165630976358,0.14261803137141227,0.0024611099145568595,0.0,0.0,0.0,0.0,0.0,0.0,0.18515692353248597,0.00845596250003046,0.00036474372176359843,0.29182575444380443,0.013504848894812106,0.00048780146244502493
68.16010037590476,1.0,1500.0,0.0,34.0,1957.0,0.25559193813560593,500.0,1457.0,9.991237183790128,1.4677251743289266,11206.262336209165,195.60000000000002,0.04359260084689102,33.992424242424256,5.854545454545457,11.307181213762536,132.0,34.1265306122449,7.783673469387759,11.211222957915359,98.0,33.992424242424256,5.854545454545457,11.307181213762536,132.0,0.4332338262021563,-0.007011605321220097,-0.0006287030959138601,-0.0007559409726573529,-0.0031500684797495515,-0.004891410682840931,-0.02424238946939479,9.15004141176756,34.0,411000.0,273.0,6777.2913410663605,60.643696621035616,5.815019130706787,-19.997814178466797,0.22268760204315186,0.22268760204315186,0.0,0.003288280451670289,0.003288280451670289,0.003288280451670289,20.158565521240234,1.9989488124847412,1.9989488124847412,0.0,0.0,,0.19847625494003296,,0.30514466762542725,0.5152157455682754,1.0529493372981966,0.03724302060081643,-19.881523259480794,0.8468343339114582,-0.023467812203989108,0.022834735612074535,0.480522391664147,0.0011095790397603828,0.022834735612074535,0.480522391664147,0.0011095790397603828,0.0,0.0,0.0,0.0034228328848257663,8.386416793009688e-05,-8.486349444351657e-06,0.0034228328848257663,8.386416793009688e-05,-8.486349444351657e-06,0.0034228328848257663,8.386416793009688e-05,-8.486349444351657e-06,19.984684626261394,0.8496217910472564,0.025221813401337615,1.9639769474665323,0.08465926749714546,0.00019632616350720317,1.9639769474665323,0.08465926749714546,0.00019632616350720317,0.0,0.0,0.0,0.0,0.0,0.0,0.18473844726880392,0.006947854897845112,0.00047232527886667146,0.29131909310817716,0.012242781929030142,0.00055649663105159
69.08705584208171,1.0,1500.0,0.0,96.0,1866.0,0.7684825744315014,1433.0,433.0,10.452574271648684,1.2981239974871304,8901.0097806711,22.200000000000003,0.005466364621294199,32.48959999999999,1.2144000000000006,11.797153847942832,125.0,31.662068965517243,4.586206896551726,11.988724365880056,29.0,32.48959999999999,1.2144000000000006,11.797153847942832,125.0,0.44349819313471667,-0.006217193762206205,-0.0005487726289475584,-0.00017010877429489757,-0.002746124991152968,-0.00332649161299455,-0.02366329386684248,9.211560402252807,96.0,412500.0,274.0,6803.37469291687,60.63167451727479,0.6099027991294861,-20.476015090942383,-0.32224416732788086,-0.32224416732788086,0.0,0.0033391029573976994,0.0033391029573976994,0.0033391029573976994,20.58057403564453,1.9034875631332397,1.9034875631332397,0.0,0.0,,0.1855236291885376,,0.2951056957244873,0.8241064682602882,2.2272928145251387,-0.0027403504253096914,-19.792678960164388,0.9553218172398191,-0.024284905931177252,0.015063143521547317,0.46833513402259264,-0.020791734688738166,0.015063143521547317,0.46833513402259264,-0.020791734688738166,0.0,0.0,0.0,0.0034431226241091887,7.209518392224024e-05,2.758487130829069e-06,0.0034431226241091887,7.209518392224024e-05,2.758487130829069e-06,0.0034431226241091887,7.209518392224024e-05,2.758487130829069e-06,19.911012649536133,0.9369235404338757,0.024433208121870685,1.9626606901486714,0.08245182658179816,-0.003661402154950102,1.9626606901486714,0.08245182658179816,-0.003661402154950102,0.0,0.0,0.0,0.0,0.0,0.0,0.188462666173776,0.008004925811521279,-0.0004009872144533666,0.29569038450717927,0.013245753900543942,-0.00038489580021817396
59.59215654645647,1.0,1500.0,0.0,14.0,1993.0,0.10419345089826404,207.0,1786.0,10.077630798470981,2.43776171768166,12710.544450178757,235.8,0.05216814159292035,33.7313432835821,7.464179104477612,11.345696434898315,134.0,33.64,7.983333333333335,11.34991995859537,120.0,33.7313432835821,7.464179104477612,11.345696434898315,134.0,0.4210796558197669,-0.008314026178521,-0.0012786370031695376,-0.001774782375138115,-0.006116774791473573,-0.048887859128822986,-0.025070508772578038,8.780956060560777,14.0,414000.0,275.0,6823.618295907974,60.671623476985786,0.3249465823173523,-19.28466796875,-0.06593233346939087,-0.06593233346939087,0.0,0.003680627793073654,0.003680627793073654,0.003680627793073654,19.386720657348633,1.9482367038726807,1.9482367038726807,0.0,0.0,,0.19618676602840424,,0.30901628732681274,1.290925820916891,5.263847152706856,-0.01171969256391781,-19.80285364786784,0.8544159482760301,-0.004902641287899711,0.1764286145567894,0.8226292198963266,0.029826641006517475,0.1764286145567894,0.8226292198963266,0.029826641006517475,0.0,0.0,0.0,0.003353826111803452,9.723362069914632e-05,6.95008546263135e-06,0.003353826111803452,9.723362069914632e-05,6.95008546263135e-06,0.003353826111803452,9.723362069914632e-05,6.95008546263135e-06,19.885119247436524,0.8535449083472411,0.0058338313797552535,1.9911066214243571,0.14462127662905327,0.005268456116401541,1.9911066214243571,0.14462127662905327,0.005268456116401541,0.0,0.0,0.0,0.0,0.0,0.0,0.1840215822060903,0.008806856635025614,0.0003677895854126716,0.29590160846710206,0.011817574306616872,0.00010635634020251986
68.56118127071497,1.0,1500.0,0.0,33.0,1833.0,0.26809019094666925,491.0,1342.0,10.313504577754614,1.408321270066456,10390.012619862908,113.0,0.027884710295133747,32.946341463414626,4.780487804878047,11.72931383904291,123.0,33.21777777777777,6.326666666666665,11.59400980709742,90.0,32.946341463414626,4.780487804878047,11.72931383904291,123.0,0.45364310078590736,-0.007047769275584617,-0.0007964723900402802,-0.0006254167177617409,-0.003317933641327165,-0.009764804703905922,-0.025778561911286284,9.929107607844076,33.0,415500.0,276.0,6844.7642431259155,60.70333253877661,0.1671474277973175,-18.92426300048828,-0.47291257977485657,-0.47291257977485657,0.0,0.0038737375289201736,0.0038737375289201736,0.0038737375289201736,18.923917770385742,1.8748453855514526,1.8748453855514526,0.0,0.0,,0.19836309552192688,,0.28645071387290955,0.42937353601058326,0.6484050504537531,0.0055792380128474265,-19.82337646484375,0.8587918693021295,-0.011228494782070775,0.0820484183728695,0.7555463754947715,-0.022370854999716756,0.0820484183728695,0.7555463754947715,-0.022370854999716756,0.0,0.0,0.0,0.0038781721067304414,8.33370080990665e-05,7.209662312809467e-06,0.0038781721067304414,8.33370080990665e-05,7.209662312809467e-06,0.0038781721067304414,8.33370080990665e-05,7.209662312809467e-06,19.915705490112305,0.8559180981465604,0.00988524355267728,1.9747108538945517,0.13587979055772273,-0.004033035590200494,1.9747108538945517,0.13587979055772273,-0.004033035590200494,0.0,0.0,0.0,0.0,0.0,0.0,0.18797133564949037,0.007514836506272137,0.00032444221689650085,0.293853422999382,0.014627905394697193,0.0004795511055310835
62.82765236767855,1.0,1500.0,0.0,22.0,1958.0,0.1676525491734222,328.0,1630.0,10.309532736007275,1.5331474740576525,11336.020897444494,210.20000000000002,0.048691220755154044,32.954198473282446,6.709923664122138,11.672247193251808,131.0,32.98165137614678,7.6055045871559654,11.628181289829806,109.0,32.954198473282446,6.709923664122138,11.672247193251808,131.0,0.4490104457692545,-0.008651203662066377,-0.0012700472935367494,-0.0014051228606704088,-0.006560449859418941,-0.03905029678225554,-0.026888817588109806,9.693306542864327,22.0,417000.0,277.0,6865.343679666519,60.73985796735169,0.4760938882827759,-19.587142944335938,0.38705557584762573,0.38705557584762573,0.0,0.003998542670160532,0.003998542670160532,0.003998542670160532,19.65298080444336,2.0300936698913574,2.0300936698913574,0.0,0.0,,0.18585535883903503,,0.2891073226928711,0.391752290725708,0.45831873585682625,-0.001794683939888168,-19.71253356933594,1.020076344073663,0.008879445789919008,0.08946243648727735,0.5883070864463118,-0.002682279952044484,0.08946243648727735,0.5883070864463118,-0.002682279952044484,0.0,0.0,0.0,0.003950952583303054,0.00010719266694372555,4.385380660731703e-06,0.003950952583303054,0.00010719266694372555,4.385380660731703e-06,0.003950952583303054,0.00010719266694372555,4.385380660731703e-06,19.786307525634765,1.027491906615613,-0.008213513366903305,1.976089107990265,0.10639950187122338,-0.0004778817710410081,1.976089107990265,0.10639950187122338,-0.0004778817710410081,0.0,0.0,0.0,0.0,0.0,0.0,0.18480923821528752,0.008114205528488976,-1.3080060283128199e-05,0.29147254427274066,0.010366286745825593,-2.6455312735253994e-05
67.95094940397475,1.0,1500.0,0.0,108.0,1972.0,0.8185349842431061,1614.0,358.0,10.184371547826359,1.1230265362171457,9112.198415495392,20.200000000000003,0.004588197883069096,33.3530303030303,1.268181818181818,11.57745787005106,132.0,32.10833333333333,5.0916666666666694,12.057763219176008,24.0,33.3530303030303,1.268181818181818,11.57745787005106,132.0,0.4307936161232983,-0.006159586947691947,-0.0005898862209707139,-0.00021785716120989064,-0.00273334559048847,-0.006925292639578354,-0.02283057557105394,8.826439610877658,108.0,418500.0,278.0,6892.9424867630005,60.71427417299286,0.1792338341474533,-20.680809020996094,-0.2853173017501831,-0.2853173017501831,0.0,0.0035998914390802383,0.0035998914390802383,0.0035998914390802383,20.742389678955078,1.9092929363250732,1.9092929363250732,0.0,0.0,,0.20263516902923584,,0.31535887718200684,1.6584286188085875,5.492408955666666,-0.17986896561502227,-19.647964986165366,0.9683226190840198,-0.015651930319983902,-0.12442968338727951,0.6887653907848454,-0.017895542836030166,-0.12442968338727951,0.6887653907848454,-0.017895542836030166,0.0,0.0,0.0,0.003838263250266512,0.00019500712121184628,-2.134489144164422e-05,0.003838263250266512,0.00019500712121184628,-2.134489144164422e-05,0.003838263250266512,0.00019500712121184628,-2.134489144164422e-05,19.759357706705728,0.9841740294777801,0.01442181053628329,1.9377674102783202,0.12435040334935596,-0.003217538392318411,1.9377674102783202,0.12435040334935596,-0.003217538392318411,0.0,0.0,0.0,0.0,0.0,0.0,0.18959790865580242,0.008296335347927307,-0.0002155297258672047,0.2948703467845917,0.015460393175932433,-0.0003857285215273915
65.49551873678689,1.0,1500.0,0.0,91.0,1916.0,0.7053022013813885,1351.0,565.0,9.979755964227195,1.163912370868986,9235.341618171484,47.400000000000006,0.010799234484644126,34.0248062015504,2.4945736434108525,11.38565842724103,129.0,32.36842105263158,5.963157894736843,11.902942133851523,38.0,34.0248062015504,2.4945736434108525,11.38565842724103,129.0,0.41621787005336836,-0.005936312026348145,-0.0008489301280956942,-0.00038119573045037605,-0.004429710093813968,-0.016787754814135573,-0.021514574938798957,8.426177030364572,91.0,420000.0,279.0,6919.220484972,60.700479325988645,0.30892765522003174,-20.613283157348633,0.75856614112854,0.75856614112854,0.0,0.0037450874224305153,0.0037450874224305153,0.0037450874224305153,20.57874870300293,2.095764636993408,2.095764636993408,0.0,0.0,,0.18593594431877136,,0.3040637671947479,0.45994657774766284,0.5368699858810069,-0.021306263465637396,-19.931443150838216,0.857801396608253,0.0002782488558799736,-0.00226369413236777,0.6334106914413524,-0.020207357831771713,-0.00226369413236777,0.6334106914413524,-0.020207357831771713,0.0,0.0,0.0,0.0038587696307028335,0.00010457069488610757,-3.662603172796535e-07,0.0038587696307028335,0.00010457069488610757,-3.662603172796535e-07,0.0038587696307028335,0.00010457069488610757,-3.662603172796535e-07,20.010008748372396,0.8668837230933713,-0.0007561357984030892,1.9593703071276347,0.1138770959509125,-0.003613245102667091,1.9593703071276347,0.1138770959509125,-0.003613245102667091,0.0,0.0,0.0,0.0,0.0,0.0,0.1852665146191915,0.008249423948689176,-0.0002845926862935239,0.28955849905808767,0.011287241127818258,-0.0002632961058378016
64.38196266646933,1.0,1500.0,0.0,113.0,1952.0,0.8660128729517158,1690.0,262.0,10.031800564737102,1.0449730711015015,8917.381107579073,23.200000000000003,0.005229701095532212,33.86412213740457,1.8396946564885501,11.403711398232582,131.0,30.811111111111106,3.9888888888888854,12.352286877835304,18.0,33.86412213740457,1.8396946564885501,11.403711398232582,131.0,0.42155670061790695,-0.005973841315443211,-0.0007794249223777173,-0.000325898772493434,-0.005373254410665994,-0.024308947761622894,-0.021944663536532526,8.506170746571586,113.0,421500.0,280.0,6947.298515081406,60.67106503124849,0.7109102010726929,-20.437915802001953,-0.5189723372459412,-0.5189723372459412,0.0,0.0035321104805916548,0.0035321104805916548,0.0035321104805916548,20.571304321289062,1.8680723905563354,1.8680723905563354,0.0,0.0,,0.19400577247142792,,0.2913057804107666,0.8275082272787889,1.9456805491447482,-0.016172355375313818,-19.967150433858237,0.9472778729806337,-0.030211743364344252,-0.13554991881052653,0.44788243972492603,0.007143987199753626,-0.13554991881052653,0.44788243972492603,0.007143987199753626,0.0,0.0,0.0,0.0036288594904666147,6.803032450233963e-05,-5.100516486370203e-06,0.0036288594904666147,6.803032450233963e-05,-5.100516486370203e-06,0.0036288594904666147,6.803032450233963e-05,-5.100516486370203e-06,20.05765012105306,0.95764567434516,0.030605632709846432,1.9358904123306275,0.07965048784156355,0.0012784104989022665,1.9358904123306275,0.07965048784156355,0.0012784104989022665,0.0,0.0,0.0,0.0,0.0,0.0,0.18316520154476165,0.007643566260464163,-4.884305599669511e-06,0.28784747123718263,0.012076545301640821,-0.00015001861882024518
59.54019697781267,1.0,1500.0,0.0,29.0,2032.0,0.20831905520585797,423.0,1609.0,9.757271052118298,1.8916684952648808,12520.032485873853,195.4,0.04096951398498763,34.81313868613138,7.202919708029197,11.057556113076675,137.0,34.49629629629629,8.41851851851852,11.108876926444104,108.0,34.81313868613138,7.202919708029197,11.057556113076675,137.0,0.3998709519360005,-0.007663678058246021,-0.0005777608196423369,-0.0014490128475268633,-0.00739316239316244,-0.04145299145299145,-0.022797046128712396,8.134866296954113,29.0,423000.0,281.0,6969.079676151276,60.69668014379838,0.4663342833518982,-20.421783447265625,0.14093607664108276,0.14093607664108276,0.0,0.0035117948427796364,0.0035117948427796364,0.0035117948427796364,20.535083770751953,1.9849371910095215,1.9849371910095215,0.0,0.0,,0.18157240748405457,,0.304326593875885,0.5823923240105311,0.9868905757522934,0.0008677814640643362,-19.853178596496583,0.8847670447821229,0.010213173005949714,-0.14005126928289732,0.5538894184608639,-0.004952679256244541,-0.14005126928289732,0.5538894184608639,-0.004952679256244541,0.0,0.0,0.0,0.0035031449204931658,5.326342554098854e-05,7.905165464911883e-07,0.0035031449204931658,5.326342554098854e-05,7.905165464911883e-07,0.0035031449204931658,5.326342554098854e-05,7.905165464911883e-07,19.95826161702474,0.885475324297398,-0.010279950575781358,1.9351695736249288,0.09801982080481031,-0.0008856329689832554,1.9351695736249288,0.09801982080481031,-0.0008856329689832554,0.0,0.0,0.0,0.0,0.0,0.0,0.18559389511744182,0.007835956873403658,4.735243598929081e-05,0.29043925503889717,0.01380844076220018,7.898971289230069e-05
64.13350318727039,1.0,1500.0,0.0,42.0,1841.0,0.3381027051447322,622.0,1219.0,10.135200848502256,1.2352501061063972,10249.509429401814,147.6,0.035504666602520926,33.5258064516129,5.550000000000001,11.460317587685097,124.0,33.30975609756096,7.553658536585364,11.455498632478927,82.0,33.5258064516129,5.550000000000001,11.460317587685097,124.0,0.4285009542481089,-0.007744044133371573,-0.0009219310662858791,-0.0004537582157974907,-0.0036392156862745193,-0.026980392156862744,-0.025074726820029532,8.931029229122467,42.0,424500.0,282.0,6991.07150053978,60.72030588833549,0.2602393627166748,-19.408151626586914,0.08679856359958649,0.08679856359958649,0.0,0.0035606655292212963,0.0035606655292212963,0.0035606655292212963,19.474584579467773,1.9753955602645874,1.9753955602645874,0.0,0.0,,0.19415149092674255,,0.3047195374965668,0.5076591307918231,0.749290188269728,0.01657208978334178,-20.067208353678385,0.8973147362510904,0.0009971270704431502,-0.04047942782441775,0.4660459060895887,-0.011658355824077487,-0.04047942782441775,0.4660459060895887,-0.011658355824077487,0.0,0.0,0.0,0.0035569211623320976,6.569794945213256e-05,4.348920055305188e-07,0.0035569211623320976,6.569794945213256e-05,4.348920055305188e-07,0.0035569211623320976,6.569794945213256e-05,4.348920055305188e-07,20.168171437581382,0.9032089576071454,0.0003724001671231899,1.9528667370478312,0.08275718413134688,-0.002070266545415666,1.9528667370478312,0.08275718413134688,-0.002070266545415666,0.0,0.0,0.0,0.0,0.0,0.0,0.18719101399183274,0.00780592082538487,8.666086714047214e-05,0.28954731424649555,0.013918986079908912,0.0005896294077193173
65.61653561062283,1.0,1500.0,0.0,9.0,1873.0,0.06639591904420643,124.0,1749.0,10.050239459457448,1.6519790793576312,11530.733725198588,244.8,0.05746209098164405,33.81111111111111,7.7777777777777795,11.381673023204113,126.0,33.825641025641026,8.307692307692308,11.364710940236906,117.0,33.81111111111111,7.7777777777777795,11.381673023204113,126.0,0.43557806385965014,-0.009442070637228076,-0.0020591247251430787,-0.0017200907187341161,-0.0033407572383073497,-0.014847809948032665,-0.027964030170159023,9.311310803862616,9.0,426000.0,283.0,7010.346782207489,60.767321964899544,0.17461389303207397,-20.537202835083008,0.3192455470561981,0.3192455470561981,0.0,0.003571067936718464,0.003571067936718464,0.003571067936718464,20.710786819458008,2.0166544914245605,2.0166544914245605,0.0,0.0,,0.18835100531578064,,0.31468120217323303,1.906401945153872,6.048303391170162,-0.15494495481086928,-20.150791295369466,0.7802927940087836,-0.027833080185666235,0.0439037303129832,0.6486430183846416,-0.01239810301544139,0.0439037303129832,0.6486430183846416,-0.01239810301544139,0.0,0.0,0.0,0.0036358764317507546,0.0001116947530926827,-7.126386949711782e-06,0.0036358764317507546,0.0001116947530926827,-7.126386949711782e-06,0.0036358764317507546,0.0001116947530926827,-7.126386949711782e-06,20.22781136830648,0.8000159817738609,0.02739202777323611,1.9678119540214538,0.11592362529908304,-0.002217838284171122,1.9678119540214538,0.11592362529908304,-0.002217838284171122,0.0,0.0,0.0,0.0,0.0,0.0,0.19025716334581375,0.008879747895437365,-0.00018325674454282908,0.2921591689189275,0.013382726909176657,-2.820245813873404e-05
65.2360183927748,1.0,1500.0,0.0,36.0,2022.0,0.2671401442740119,540.0,1482.0,10.137409278659343,1.4132869913603534,11357.465679072513,152.20000000000002,0.03365767359575409,33.49629629629629,5.65037037037037,11.44971807985216,135.0,33.648484848484834,7.22020202020202,11.33273783945119,99.0,33.49629629629629,5.65037037037037,11.44971807985216,135.0,0.4414215818619067,-0.007884665950118476,-0.0009997013313555966,-0.0007372952790227581,-0.0053601655068647985,-0.02256911792364115,-0.02582987613823781,9.401499411250633,36.0,427500.0,284.0,7032.087638378143,60.79275771065293,0.39536455273628235,-19.078411102294922,0.3317006826400757,0.3317006826400757,0.0,0.0038083544932305813,0.0038083544932305813,0.0038083544932305813,19.015453338623047,2.019545316696167,2.019545316696167,0.0,0.0,,0.19471880793571472,,0.314632385969162,0.3212985346714656,0.1819092351153676,0.0011409717552919077,-19.9804323832194,1.0300710875333456,-0.005390233431296994,0.08229558145006498,0.5782757276561086,0.005478743618733351,0.08229558145006498,0.5782757276561086,0.005478743618733351,0.0,0.0,0.0,0.0036371071667720876,6.668605133570234e-05,4.877786652430433e-06,0.0036371071667720876,6.668605133570234e-05,4.877786652430433e-06,0.0036371071667720876,6.668605133570234e-05,4.877786652430433e-06,20.073638025919596,1.0277869272159692,0.0037935853137052206,1.97462770541509,0.10285826351267535,0.0009773214348696145,1.97462770541509,0.10285826351267535,0.0009773214348696145,0.0,0.0,0.0,0.0,0.0,0.0,0.18820493717988332,0.007889365524888323,1.4251470565789218e-05,0.29272893567879993,0.013323361324110751,9.46514399616491e-05
68.15191143117052,1.0,1500.0,0.0,94.0,1891.0,0.7451136771615631,1409.0,482.0,9.910470799343452,1.163621968238436,8898.39982972779,19.0,0.004363602958063479,34.285039370078756,1.4236220472440944,11.25319510314452,127.0,34.369696969696975,4.715151515151514,11.23843541532976,33.0,34.285039370078756,1.4236220472440944,11.25319510314452,127.0,0.42277171994183627,-0.005734967540209509,-0.0006904608942388752,-0.00011842038992669677,-0.0023199445983379642,-0.004362880886426593,-0.02146486894772821,8.536190731529931,94.0,429000.0,285.0,7058.637664318085,60.77660030187206,0.5434002876281738,-19.381298065185547,0.08275093138217926,0.08275093138217926,0.0,0.0039827050641179085,0.0039827050641179085,0.0039827050641179085,19.539396286010742,1.9749755859375,1.9749755859375,0.0,0.0,,0.212898388504982,,0.30516231060028076,0.7008050044377645,1.574155867783318,0.039376789238614686,-20.03809553782145,0.923271656087016,0.014190542711167225,0.03431278392672539,0.5142859761479844,-0.018561518618275517,0.03431278392672539,0.5142859761479844,-0.018561518618275517,0.0,0.0,0.0,0.0040049463044852015,0.0001183458310477309,1.1201372765858174e-05,0.0040049463044852015,0.0001183458310477309,1.1201372765858174e-05,0.0040049463044852015,0.0001183458310477309,1.1201372765858174e-05,20.136113039652507,0.9137251668414974,-0.015022067790302383,1.9660693009694417,0.09316516914836634,-0.003363169817558561,1.9660693009694417,0.09316516914836634,-0.003363169817558561,0.0,0.0,0.0,0.0,0.0,0.0,0.19230463951826096,0.00968188265929992,0.00012259135588389879,0.29589870969454446,0.013329504909194571,0.0004241610793303556
67.18632972240448,1.0,1500.0,0.0,96.0,2078.0,0.6926527433953629,1439.0,639.0,10.071575216074326,1.206364293595819,10264.237770184542,35.6,0.007594180639105764,33.725179856115105,1.7683453237410078,11.36415684035086,139.0,33.31627906976744,4.613953488372093,11.421260278350676,43.0,33.725179856115105,1.7683453237410078,11.36415684035086,139.0,0.42780507716744404,-0.005679160982234387,-0.0009599019463597597,-0.00020520412229419873,-0.005717027693995033,-0.008123114888949822,-0.021494802746285326,8.587266087444208,96.0,430500.0,286.0,7085.572459697723,60.75726449043547,0.21737587451934814,-20.78052520751953,0.12365047633647919,0.12365047633647919,0.0,0.004158384166657925,0.004158384166657925,0.004158384166657925,20.82659149169922,1.9825528860092163,1.9825528860092163,0.0,0.0,,0.20370474457740784,,0.30864113569259644,1.2452959209680556,4.379028073361523,-0.02205208077844446,-19.763207944234214,0.7716931523154972,-0.012534340337598232,0.08206328824162483,0.8019182215528731,0.019182165500783555,0.08206328824162483,0.8019182215528731,0.019182165500783555,0.0,0.0,0.0,0.00402032322405527,0.00012947304860933082,-8.20321821347641e-07,0.00402032322405527,0.00012947304860933082,-8.20321821347641e-07,0.00402032322405527,0.00012947304860933082,-8.20321821347641e-07,19.86372038523356,0.7475942835388166,0.014310204545170135,1.9748996297518413,0.14531262206595033,0.0034832659764867367,1.9748996297518413,0.14531262206595033,0.0034832659764867367,0.0,0.0,0.0,0.0,0.0,0.0,0.18918258448441824,0.008977352042658157,-7.872434293601188e-05,0.2905266592899958,0.014005850747623502,-9.928709009996532e-05
65.16131035486858,1.0,1500.0,0.0,48.0,1867.0,0.377960001201592,705.0,1162.0,10.043026669090898,1.4512212680430492,10429.67522105895,135.4,0.03176614114114114,33.828571428571436,4.949206349206349,11.436064115667962,126.0,32.87179487179488,7.197435897435897,11.661566244563458,78.0,33.828571428571436,4.949206349206349,11.436064115667962,126.0,0.4062747757197054,-0.005105111656448181,-0.0008024021863366963,-0.00023706147238058346,-0.003483043079743369,-0.020295927720309023,-0.019237599139030868,8.3430436046899,48.0,432000.0,287.0,7108.448714733124,60.772753287876654,0.3772525489330292,-19.336280822753906,0.4727860391139984,0.4727860391139984,0.0,0.00400942750275135,0.00400942750275135,0.00400942750275135,19.568923950195312,2.045659303665161,2.045659303665161,0.0,0.0,,0.19818174839019775,,0.3028727173805237,0.34814006884892784,0.3638825404811721,0.009092724416094176,-19.760627110799152,0.7690985965773499,-1.3276334598752608e-05,-0.05785352066159248,0.592079959341217,0.0015918754712493013,-0.05785352066159248,0.592079959341217,0.0015918754712493013,0.0,0.0,0.0,0.00401196014136076,6.370385801378694e-05,-3.0240414869269193e-06,0.00401196014136076,6.370385801378694e-05,-3.0240414869269193e-06,0.00401196014136076,6.370385801378694e-05,-3.0240414869269193e-06,19.867767651875813,0.7728721094247487,0.0003090248489802086,1.9494606932004293,0.10730950549736487,0.0002972914989585479,1.9494606932004293,0.10730950549736487,0.0002972914989585479,0.0,0.0,0.0,0.0,0.0,0.0,0.1885334034760793,0.009516072217347097,3.591592240253409e-05,0.28908714453379314,0.01512077792688278,-7.644752506684978e-05
68.48619942916066,1.0,1500.0,0.0,19.0,2000.0,0.13664250122593022,273.0,1727.0,10.17297534246937,1.9324350972604258,12453.013070767302,210.20000000000002,0.046632354246162036,33.389629629629646,6.5125925925925925,11.53488327373196,135.0,33.44482758620691,7.517241379310345,11.484255744626699,116.0,33.389629629629646,6.5125925925925925,11.53488327373196,135.0,0.4404584540250548,-0.005994247490119839,-0.0006900871764426238,-0.0008139194669857273,-0.005894886363636351,-0.006392045454545455,-0.022770451615240328,9.512813909826907,19.0,433500.0,288.0,7129.064151763916,60.80742026886388,0.35648906230926514,-20.51813507080078,-1.0366383790969849,-1.0366383790969849,0.0,0.004017752595245838,0.004017752595245838,0.004017752595245838,20.59596061706543,1.7720909118652344,1.7720909118652344,0.0,0.0,,0.21192026138305664,,0.3087753355503082,0.411860782901446,0.4731522174549601,0.017066808742728992,-19.93918253580729,0.8798450046091,-0.018726868252865174,-0.06511356458067893,0.7567032037925199,-0.02294790029227402,-0.06511356458067893,0.7567032037925199,-0.02294790029227402,0.0,0.0,0.0,0.004066575070222219,9.366715181604371e-05,-2.7688060606415923e-06,0.004066575070222219,9.366715181604371e-05,-2.7688060606415923e-06,0.004066575070222219,9.366715181604371e-05,-2.7688060606415923e-06,20.027810668945314,0.8711750945242948,0.017944436927260266,1.9480880578358968,0.1375532131699585,-0.00417499080781017,1.9480880578358968,0.1375532131699585,-0.00417499080781017,0.0,0.0,0.0,0.0,0.0,0.0,0.1921042114496231,0.01008141180889864,0.0007313026668497614,0.29655365546544393,0.011682300093810442,0.0006377079860784748
69.96652708382442,1.0,1500.0,0.0,29.0,1880.0,0.22943597277982475,431.0,1449.0,10.225480549212607,1.6132495262766775,10588.074267195898,135.0,0.03224111578142912,33.231746031746034,4.811111111111108,11.539275582449326,126.0,33.327835051546394,6.24948453608247,11.454131609003824,97.0,33.231746031746034,4.811111111111108,11.539275582449326,126.0,0.44284824147994173,-0.0053088485936754965,-0.0007924044788443995,-2.4048313146480115e-05,-0.004116959064327481,0.0,-0.022207161305726208,9.468080034529562,29.0,435000.0,289.0,7150.111856460571,60.83820907038684,0.2515648901462555,-20.054737091064453,-0.12690305709838867,-0.12690305709838867,0.0,0.004248352255672216,0.004248352255672216,0.004248352255672216,20.233318328857422,1.9367623329162598,1.9367623329162598,0.0,0.0,,0.19441810250282288,,0.28789782524108887,0.7922462935249011,2.40049728970387,-0.0573757987896248,-19.953639539082847,1.048815955049611,-0.0008100740901616787,0.09862701619664828,0.6146092512498985,-0.006432875339459783,0.09862701619664828,0.6146092512498985,-0.006432875339459783,0.0,0.0,0.0,0.004203686149170002,0.0001561454155449232,1.2701080575402849e-05,0.004203686149170002,0.0001561454155449232,1.2701080575402849e-05,0.004203686149170002,0.0001561454155449232,1.2701080575402849e-05,20.05445213317871,1.0627622392941145,0.0015742165095543085,1.977839708328247,0.11252550307158388,-0.0011645778002543129,1.977839708328247,0.11252550307158388,-0.0011645778002543129,0.0,0.0,0.0,0.0,0.0,0.0,0.19274140596389772,0.011557231079355877,0.00012318021861278897,0.2939974904060364,0.011691484618019807,0.00016851975469620893
68.66572008294574,1.0,1500.0,0.0,59.0,1815.0,0.4840902536684751,878.0,937.0,10.415596063220839,1.39747577617434,9622.049244841111,91.0,0.022860875244937948,32.62786885245901,3.5393442622950815,11.828927015196685,122.0,32.41269841269842,6.434920634920633,11.885928824241722,63.0,32.62786885245901,3.5393442622950815,11.828927015196685,122.0,0.4436442509312697,-0.0057092486894722355,-0.000622393776941275,-0.00039319819709652187,-0.002948289761603143,-0.007601059541633076,-0.022857106822439344,9.280923249661354,59.0,436500.0,290.0,7173.327114343643,60.85042450206728,0.21142229437828064,-18.90808868408203,-0.08213341236114502,-0.08213341236114502,0.0,0.0045053549110889435,0.0045053549110889435,0.0045053549110889435,19.014904022216797,1.9447968006134033,1.9447968006134033,0.0,0.0,,0.18753409385681152,,0.2863917350769043,0.4396183302005132,0.5563182024269184,0.008037347602632068,-19.808278274536132,0.9091015259960035,-0.025869653381415256,0.027082818746566772,0.7102073341859295,-0.03261793105302585,0.027082818746566772,0.7102073341859295,-0.03261793105302585,0.0,0.0,0.0,0.004564832725251714,0.0002308233672689235,2.019335904279849e-05,0.004564832725251714,0.0002308233672689235,2.019335904279849e-05,0.004564832725251714,0.0002308233672689235,2.019335904279849e-05,19.905514081319172,0.8850265362686706,0.026065410151497107,1.964769224325816,0.1322796996941343,-0.006063150404823004,1.964769224325816,0.1322796996941343,-0.006063150404823004,0.0,0.0,0.0,0.0,0.0,0.0,0.19722806165615717,0.010640622888677663,-7.952835257512441e-05,0.30091147919495903,0.01415083956923375,-3.166537528839031e-05
66.80615720060683,1.0,1500.0,0.0,97.0,2099.0,0.6889905210926272,1446.0,653.0,9.966746734334317,1.1213007052046453,10054.020376723252,46.0,0.009570970829345429,34.08652482269502,1.946099290780142,11.29045852530255,141.0,33.604545454545466,4.595454545454545,11.385660065072189,44.0,34.08652482269502,1.946099290780142,11.29045852530255,141.0,0.42285474245789945,-0.005557316915947764,-0.0006271092810853553,-0.00044195516326359005,-0.0033174400644685,-0.012121415620173258,-0.02067809305812199,8.453177864774927,97.0,438000.0,291.0,7200.4305555820465,60.82969575485258,0.2709617018699646,-21.060739517211914,-0.6549835205078125,-0.6549835205078125,0.0,0.004490146413445473,0.004490146413445473,0.004490146413445473,21.145919799804688,1.8388338088989258,1.8388338088989258,0.0,0.0,,0.19818638265132904,,0.2972254157066345,0.46838576942682264,0.7661423169535643,-0.021532140169976424,-19.72191594441732,0.9200811651285732,-0.03039242889777671,0.06662844866514206,0.8113422827137328,0.025709911730053454,0.06662844866514206,0.8113422827137328,0.025709911730053454,0.0,0.0,0.0,0.004365488809222977,9.016246030044984e-05,4.4664864255336025e-06,0.004365488809222977,9.016246030044984e-05,4.4664864255336025e-06,0.004365488809222977,9.016246030044984e-05,4.4664864255336025e-06,19.845432853698732,0.9183325800380032,0.030785241302048353,1.9722204128901164,0.1492770644015847,0.0047438055575225,1.9722204128901164,0.1492770644015847,0.0047438055575225,0.0,0.0,0.0,0.0,0.0,0.0,0.19619337419668834,0.0067514713310458125,-9.085272787940995e-05,0.3003258347511292,0.008091448610336512,-9.621738459297898e-05
68.00431160974985,1.0,1500.0,0.0,99.0,1830.0,0.8086667500369987,1479.0,351.0,10.04367574108244,1.248499471708427,8634.413921406933,13.600000000000001,0.0032681309174796944,33.83252032520326,1.2650406504065042,11.3755194680793,123.0,33.141666666666666,4.866666666666669,11.629300529212939,24.0,33.83252032520326,1.2650406504065042,11.3755194680793,123.0,0.4272328761543367,-0.005160381803205604,-0.0006902229793801065,-0.00030538640687895234,-0.0038295612928917868,-0.0064379106656932365,-0.020078322470785268,8.538196566930234,99.0,439500.0,292.0,7227.081800699234,60.81292728103306,0.7920187711715698,-19.142963409423828,-0.39375388622283936,-0.39375388622283936,0.0,0.0038353861309587955,0.0038353861309587955,0.0038353861309587955,19.205604553222656,1.8892239332199097,1.8892239332199097,0.0,0.0,,0.19942182302474976,,0.29586130380630493,0.40590267727772394,0.33061967397980424,-0.006203265174875276,-19.863318761189777,0.6331742524369817,0.010225018935156304,-0.15635985881090164,0.565698174805222,0.004487347052545514,-0.15635985881090164,0.565698174805222,0.004487347052545514,0.0,0.0,0.0,0.0041430910428365076,0.00013781438416786543,-1.2459230502534996e-05,0.0041430910428365076,0.00013781438416786543,-1.2459230502534996e-05,0.0041430910428365076,0.00013781438416786543,-1.2459230502534996e-05,19.949548530578614,0.5937281632349142,-0.011599772605005247,1.9314318458239237,0.10314322239994374,0.0008732741878878313,1.9314318458239237,0.10314322239994374,0.0008732741878878313,0.0,0.0,0.0,0.0,0.0,0.0,0.1941195492943128,0.009986388431012832,-0.0002473911235276847,0.2992213656504949,0.012473751851018627,0.0002666945518455411
67.48857862299138,1.0,1500.0,0.0,66.0,1834.0,0.5329582985401268,977.0,857.0,9.87736269271638,1.3698088076505688,9834.286732529308,55.400000000000006,0.01299554304480413,34.37903225806453,2.849999999999999,11.240049095221526,124.0,33.42068965517241,5.748275862068967,11.433321985663305,58.0,34.37903225806453,2.849999999999999,11.240049095221526,124.0,0.4079066478077173,-0.00514866700831864,-0.0008438586949398453,-0.0001301055782024406,-0.0032507887943398236,-0.004780571756382064,-0.019968400595563127,8.255101508814802,66.0,441000.0,293.0,7251.38595032692,60.81596028964891,0.20445868372917175,-19.72372817993164,1.4521360397338867,1.4521360397338867,0.0,0.004447859711945057,0.004447859711945057,0.004447859711945057,19.722349166870117,2.2281408309936523,2.2281408309936523,0.0,0.0,,0.17966580390930176,,0.28921884298324585,0.41183443864186603,0.3670301864608725,0.0007669648882809687,-19.665562502543132,0.9024736899691014,0.0075994688889080226,0.3051346274713675,0.8240168526679177,0.043192516976720906,0.3051346274713675,0.8240168526679177,0.043192516976720906,0.0,0.0,0.0,0.004019150665650765,0.00021558871242505212,2.2489520554348885e-05,0.004019150665650765,0.00021558871242505212,2.2489520554348885e-05,0.004019150665650765,0.00021558871242505212,2.2489520554348885e-05,19.767711512247722,0.8799659299625225,-0.00783580826705277,2.015837550163269,0.14993825616330414,0.007895080929205552,2.015837550163269,0.14993825616330414,0.007895080929205552,0.0,0.0,0.0,0.0,0.0,0.0,0.18933986475070316,0.00855634573030541,-3.489728963150288e-05,0.2912395358085632,0.011264276331742382,-0.000316965818670355
65.31473214285714,1.0,1500.0,0.0,14.0,1853.0,0.107916599881483,199.0,1654.0,10.144699752248131,1.8390604683054705,11367.579648164872,231.60000000000002,0.055311425296140616,33.4976,7.278399999999998,11.471476549955907,125.0,33.44684684684684,8.012612612612612,11.482801923183015,111.0,33.4976,7.278399999999998,11.471476549955907,125.0,0.4283333944828465,-0.004941928876296004,-0.0009336367672310799,-0.000770200298317519,-0.00461828463713477,-0.02403393025447691,-0.019196505438970835,8.65143413617672,14.0,442500.0,294.0,7271.346454381943,60.855304141550775,0.13554392755031586,-19.695640563964844,0.032606467604637146,0.032606467604637146,0.0,0.003999303560703993,0.003999303560703993,0.003999303560703993,19.727142333984375,1.9659053087234497,1.9659053087234497,0.0,0.0,,0.18792162835597992,,0.2928336262702942,0.41930417766173683,0.8298780461546131,0.005478322522526178,-19.709118588765463,0.7339344753671317,0.01133803005876275,-0.1301880660156409,0.93626533522981,0.007271685902945063,-0.1301880660156409,0.93626533522981,0.007271685902945063,0.0,0.0,0.0,0.004178833356127143,0.00013497890842140332,-9.68238740778216e-06,0.004178833356127143,0.00013497890842140332,-9.68238740778216e-06,0.004178833356127143,0.00013497890842140332,-9.68238740778216e-06,19.799057261149088,0.7382580653420052,-0.012021957753896001,1.936096759637197,0.17159283905433728,0.0013454864499831117,1.936096759637197,0.17159283905433728,0.0013454864499831117,0.0,0.0,0.0,0.0,0.0,0.0,0.18882570018370945,0.006917033076202463,0.00017015344905640383,0.29294017553329466,0.00898208791158684,-0.0001832621513935368
68.94326594618501,1.0,1500.0,0.0,61.0,1826.0,0.4973487382761264,908.0,918.0,10.087958720494736,1.474731055596537,10062.840457807328,40.0,0.009657636776280844,33.673170731707316,3.0276422764227626,11.437759937350439,123.0,33.88387096774194,5.822580645161287,11.302673506786093,62.0,33.673170731707316,3.0276422764227626,11.437759937350439,123.0,0.43400654015719803,-0.005217452562064336,-0.000655645952892694,-0.00030966547069623284,-0.0033548246093323317,-0.003114413725275926,-0.021527959571679516,8.96272418011485,61.0,444000.0,295.0,7294.715544700623,60.86597856753329,0.16443300247192383,-19.319141387939453,-0.16510359942913055,-0.16510359942913055,0.0,0.003951618913561106,0.003951618913561106,0.003951618913561106,19.43866539001465,1.9301633834838867,1.9301633834838867,0.0,0.0,,0.19731058180332184,,0.307689368724823,0.947466159860293,1.6776172313549418,-0.025787557026700863,-19.99181645711263,1.010040920909859,0.00023019045956035097,-0.021502994000911713,0.5636069097378308,-0.02756022430699448,-0.021502994000911713,0.5636069097378308,-0.02756022430699448,0.0,0.0,0.0,0.00410096775740385,7.805143374757638e-05,-2.1725524221034763e-06,0.00410096775740385,7.805143374757638e-05,-2.1725524221034763e-06,0.00410096775740385,7.805143374757638e-05,-2.1725524221034763e-06,20.073281160990398,0.9910233205932115,-0.001992388376272527,1.9561021010080972,0.10268300416199572,-0.005006815408573042,1.9561021010080972,0.10268300416199572,-0.005006815408573042,0.0,0.0,0.0,0.0,0.0,0.0,0.19245117654403052,0.007885819365660547,0.00035156080203007983,0.2991544077793757,0.013379790712103445,0.0003011599597464105
67.68627197678025,1.0,1500.0,0.0,37.0,1858.0,0.29786242747848757,553.0,1305.0,10.146341327864398,1.928074375156926,11339.035644866904,126.80000000000001,0.03053361587362743,33.49032258064516,4.630645161290321,11.493018858056303,124.0,32.95862068965517,6.501149425287353,11.609865009946606,87.0,33.49032258064516,4.630645161290321,11.493018858056303,124.0,0.4144860168562763,-0.0047641862586493625,-0.0009388028826448787,-0.0003533228813617281,-0.006158104134232872,-0.003719079743988929,-0.0193854377131403,8.443976933334676,37.0,445500.0,296.0,7316.453915119171,60.89015323111533,0.12005993723869324,-18.00697135925293,0.9245004653930664,0.9245004653930664,0.0,0.004147923551499844,0.004147923551499844,0.004147923551499844,18.01372718811035,2.128539562225342,2.128539562225342,0.0,0.0,,0.18699312210083008,,0.28513699769973755,0.4626682976881663,0.972577671765569,0.012915732041084193,-20.03454367319743,0.95978797935069,0.018183712646349087,0.09994580137232939,0.52997022521489,0.0031055951219578428,0.09994580137232939,0.52997022521489,0.0031055951219578428,0.0,0.0,0.0,0.0040593966686477264,0.00013143947142242813,1.282299235794636e-05,0.0040593966686477264,0.00013143947142242813,1.282299235794636e-05,0.0040593966686477264,0.00013143947142242813,1.282299235794636e-05,20.12214552561442,0.9775177323300338,-0.01707561310459492,1.978105370203654,0.09605388275072145,0.0005681933232223081,1.978105370203654,0.09605388275072145,0.0005681933232223081,0.0,0.0,0.0,0.0,0.0,0.0,0.19194976836442948,0.006214521037629439,-0.00011090809630605784,0.29419413208961487,0.010119517522573437,-0.00026996178144343376
66.40517024993896,1.0,1500.0,0.0,80.0,1945.0,0.6116983764801424,1189.0,756.0,9.628829559737367,1.2824645682540097,10405.674236118826,62.6,0.013541576533702518,35.28854961832061,2.5160305343511453,10.893877015907114,131.0,34.537254901960786,5.509803921568628,11.056564628506505,51.0,35.28854961832061,2.5160305343511453,10.893877015907114,131.0,0.40150204730398853,-0.004526569390810143,-0.0006758191846839591,-0.000417353544640696,-0.003288757580469626,-0.009446431348157362,-0.0181895550258257,7.72911771559278,80.0,447000.0,297.0,7342.270029783249,60.88035419383723,0.18164384365081787,-19.884052276611328,-0.011711210012435913,-0.011711210012435913,0.0,0.004668018314987421,0.004668018314987421,0.004668018314987421,20.036602020263672,1.9578180313110352,1.9578180313110352,0.0,0.0,,0.18557322025299072,,0.3004796504974365,0.2341324339310328,0.09942824281998273,0.0008827273187966114,-20.134329986572265,0.9483433185025657,-0.016970590966959444,0.07293712869286537,0.57997630067516,0.003409488585355946,0.07293712869286537,0.57997630067516,0.003409488585355946,0.0,0.0,0.0,0.00433144730826219,0.00015467786591011695,1.4887160069419924e-05,0.00433144730826219,0.00015467786591011695,1.4887160069419924e-05,0.00433144730826219,0.00015467786591011695,1.4887160069419924e-05,20.215038426717122,0.9297764618680557,0.015956615579538837,1.9733286102612813,0.10654841759726305,0.000624489306873085,1.9733286102612813,0.10654841759726305,0.000624489306873085,0.0,0.0,0.0,0.0,0.0,0.0,0.19129950155814487,0.011008101005824973,-0.00013404466352685937,0.29595555861790973,0.01442868906219114,-0.0003219491780401015
67.08926094902887,1.0,1500.0,0.0,54.0,2044.0,0.39422371318526456,805.0,1239.0,9.905820260772334,1.419425831148368,11640.946831094832,119.0,0.02530945595303926,34.31970802919709,4.848175182481752,11.150248102382367,137.0,34.45783132530119,7.419277108433734,10.961567432329046,83.0,34.31970802919709,4.848175182481752,11.150248102382367,137.0,0.42563506931785106,-0.004260004866053616,-0.00047888139616143787,-0.0006662658725020846,-0.004487568223165586,-0.014675560946027896,-0.019268319573841917,8.79429121896607,54.0,448500.0,298.0,7365.883569955826,60.88882558901073,0.18269318342208862,-19.634769439697266,-0.5081751346588135,-0.5081751346588135,0.0,0.0045661176554858685,0.0045661176554858685,0.0045661176554858685,19.820680618286133,1.865701675415039,1.865701675415039,0.0,0.0,,0.18350538611412048,,0.2993702292442322,0.7153812850515048,1.5745435158803656,-0.026021731121919335,-19.7627965927124,0.5398340387383292,0.005410000691822734,-0.06631029720107715,0.6361023394317704,-0.010162081586837244,-0.06631029720107715,0.6361023394317704,-0.010162081586837244,0.0,0.0,0.0,0.00466839342067639,0.00012320202446507736,2.3736350147157583e-06,0.00466839342067639,0.00012320202446507736,2.3736350147157583e-06,0.00466839342067639,0.00012320202446507736,2.3736350147157583e-06,19.85334847768148,0.5366591713615886,-0.004755772897213454,1.9476807475090028,0.11855572191933837,-0.001901104002030743,1.9476807475090028,0.11855572191933837,-0.001901104002030743,0.0,0.0,0.0,0.0,0.0,0.0,0.19026946276426315,0.00930638038137662,1.5106777328004697e-05,0.2958722005287806,0.01159897482827192,0.00036110614775549787
67.48523399011412,1.0,1500.0,0.0,67.0,1814.0,0.5539343814313047,1004.0,810.0,9.8933221963472,1.292795251411348,9647.341382148681,50.400000000000006,0.012028639618138425,34.34426229508197,2.9032786885245914,11.277908069058926,122.0,33.898181818181804,5.720000000000001,11.380027617480533,55.0,34.34426229508197,2.9032786885245914,11.277908069058926,122.0,0.4164592187826157,-0.004444821568456868,-0.000633571855451528,-0.0005196266706409472,-0.002597776073619643,-0.009490030674846626,-0.01926222698685831,8.394779801794439,67.0,450000.0,299.0,7390.1053647994995,60.89223059571478,0.18286263942718506,-20.214344024658203,-0.48236846923828125,-0.48236846923828125,0.0,0.004225758370012045,0.004225758370012045,0.004225758370012045,20.377033233642578,1.8717585802078247,1.8717585802078247,0.0,0.0,,0.20848989486694336,,0.3129512071609497,0.4268392396469911,0.40673917257633146,0.014363464217496257,-19.636731656392417,0.8511596564150388,0.0028813333479528742,-0.3438388332724571,0.5711963145627027,0.008414395238056342,-0.3438388332724571,0.5711963145627027,0.008414395238056342,0.0,0.0,0.0,0.004378752456977964,0.00011071316496458265,-4.737181392176229e-06,0.004378752456977964,0.00011071316496458265,-4.737181392176229e-06,0.004378752456977964,0.00011071316496458265,-4.737181392176229e-06,19.725795873006184,0.852418757194313,-0.001980837778467213,1.8966735323270163,0.1050192533871076,0.00156627467795123,1.8966735323270163,0.1050192533871076,0.00156627467795123,0.0,0.0,0.0,0.0,0.0,0.0,0.19130141337712606,0.007769970248953811,6.754129163680262e-05,0.30020976861317955,0.012788766803389303,0.00024823011360125964
68.1500507223195,1.0,1500.0,0.0,29.0,1871.0,0.23025729989984378,430.0,1441.0,10.227912373199798,1.6962762499215867,10985.922859052887,182.20000000000002,0.04351772236552976,33.228571428571406,5.806349206349204,11.564947844357171,126.0,33.05567010309277,7.441237113402061,11.557601482444815,97.0,33.228571428571406,5.806349206349204,11.564947844357171,126.0,0.43027908339715176,-0.004525524936493524,-0.0008195583826825978,-0.00034785886586574254,-0.008437856328392305,-0.005587229190421893,-0.019880059972471376,9.076390370740057,29.0,451500.0,300.0,7411.077493906021,60.92231532746207,0.28210943937301636,-19.84229278564453,0.23880480229854584,0.23880480229854584,0.0,0.004111146554350853,0.004111146554350853,0.004111146554350853,19.98318099975586,2.003465175628662,2.003465175628662,0.0,0.0,,0.1771608293056488,,0.29048722982406616,0.26018042465051017,0.1663322956119869,0.0007680216541014415,-20.050353558858237,0.9337655336824017,-0.0013696507166433163,0.012313449382781982,0.6694666811864218,-0.01875530054359734,0.012313449382781982,0.6694666811864218,-0.01875530054359734,0.0,0.0,0.0,0.004234830119336645,0.00011990492504869293,5.81102677775298e-06,0.004234830119336645,0.00011990492504869293,5.81102677775298e-06,0.004234830119336645,0.00011990492504869293,5.81102677775298e-06,20.14311548868815,0.9530696034362549,0.000715666061248412,1.9620771845181784,0.12259878999545162,-0.0034341958791714294,1.9620771845181784,0.12259878999545162,-0.0034341958791714294,0.0,0.0,0.0,0.0,0.0,0.0,0.19266317387421925,0.008165839324393347,-2.1548166423541978e-05,0.30322334468364714,0.012916689460436663,-0.0003078627307900392
63.57799850626195,1.0,1500.0,0.0,94.0,2041.0,0.6853590990134092,1398.0,643.0,9.657672868349758,1.1201001652252005,11078.303168807548,45.2,0.009369429128145599,35.21313868613139,2.9226277372262786,10.930761573926363,137.0,33.995348837209306,6.051162790697675,11.21822144407044,43.0,35.21313868613139,2.9226277372262786,10.930761573926363,137.0,0.4026021646298603,-0.005652893271696113,-0.0006053448507721826,-0.00040481674090241847,-0.0041199495787169515,-0.023253499635109136,-0.020367161894914956,7.743998499808958,94.0,453000.0,301.0,7438.165898323059,60.90211030411801,0.17797550559043884,-20.228057861328125,-0.5726642608642578,-0.5726642608642578,0.0,0.00451035238802433,0.00451035238802433,0.00451035238802433,20.288532257080078,1.8539774417877197,1.8539774417877197,0.0,0.0,,0.20979663729667664,,0.3038138747215271,0.5864628138641517,0.9960158312727841,-0.029616651935161085,-19.860879516601564,1.017622081366336,0.01744094101817849,-0.013274878015120823,0.6092123301246547,0.007846639198442727,-0.013274878015120823,0.6092123301246547,0.007846639198442727,0.0,0.0,0.0,0.004145757760852575,0.00015601364689797625,1.1048949964849924e-05,0.004145757760852575,0.00015601364689797625,1.1048949964849924e-05,0.004145757760852575,0.00015601364689797625,1.1048949964849924e-05,19.960557810465495,1.0197753477155689,-0.01846398681369106,1.9577148795127868,0.11144879335309446,0.0014410949522448756,1.9577148795127868,0.11144879335309446,0.0014410949522448756,0.0,0.0,0.0,0.0,0.0,0.0,0.19285642156998317,0.009270089375711969,0.0002927835678497287,0.3013058523337046,0.011480151186044268,-1.8525455101457015e-05
66.41767793135209,1.0,1500.0,0.0,55.0,1923.0,0.42513963877818406,817.0,1106.0,10.023308247476939,1.3664349701416982,11210.97241826138,103.2,0.023587493143170598,33.916279069767455,4.178294573643413,11.308450280807802,129.0,33.70540540540539,6.678378378378381,11.240831684540456,74.0,33.916279069767455,4.178294573643413,11.308450280807802,129.0,0.42543474755224336,-0.0057141590964759495,-0.0005393589913652185,-0.00040462642498557017,-0.005623734064101085,-0.013344453711426188,-0.021821052465686667,8.736805643848454,55.0,454500.0,302.0,7461.607532501221,60.91180727749241,0.35365232825279236,-21.527339935302734,-0.3835299015045166,-0.3835299015045166,0.0,0.004324170760810375,0.004324170760810375,0.004324170760810375,21.606430053710938,1.8895399570465088,1.8895399570465088,0.0,0.0,,0.18738839030265808,,0.3009430170059204,0.2346862092614174,0.10839638730489574,4.077080028074938e-05,-19.863978513081868,1.068036569551159,-0.0076735597298589414,-0.0018085810045401255,0.52123846418549,-0.007613897723072233,-0.0018085810045401255,0.52123846418549,-0.007613897723072233,0.0,0.0,0.0,0.004464428763215741,9.175601206210168e-05,-2.6373730328046474e-06,0.004464428763215741,9.175601206210168e-05,-2.6373730328046474e-06,0.004464428763215741,9.175601206210168e-05,-2.6373730328046474e-06,19.95893071492513,1.067488315159508,0.006217546643351067,1.9596522609392801,0.0964278518339013,-0.001403353901142817,1.9596522609392801,0.0964278518339013,-0.001403353901142817,0.0,0.0,0.0,0.0,0.0,0.0,0.19054160912831625,0.008238419652963546,-0.0003269512873470349,0.3004479606946309,0.013459479437543533,-9.547380504672869e-05
64.95826206044254,1.0,1500.0,0.0,117.0,2030.0,0.8589720969231792,1743.0,287.0,9.490970680940025,1.1508303021608226,10305.710116461763,26.8,0.005461808103040678,35.81605839416061,1.4043795620437953,10.631790833929896,137.0,35.279999999999994,3.3999999999999972,10.64065135736882,20.0,35.81605839416061,1.4043795620437953,10.631790833929896,137.0,0.40241572552471977,-0.004459250539140479,-0.0006918932174189614,-0.00048827783039002683,-0.004146237476017899,-0.016574291195907056,-0.017468870332913902,7.449503526889394,117.0,456000.0,303.0,7490.773563861847,60.87488776858855,0.32576894760131836,-19.823789596557617,0.2296418994665146,0.2296418994665146,0.0,0.004087065812200308,0.004087065812200308,0.004087065812200308,19.863237380981445,2.0017552375793457,2.0017552375793457,0.0,0.0,,0.19239521026611328,,0.31597742438316345,0.43822057942549386,0.7083869191259076,0.014841817079051845,-19.940596961975096,0.8491684459719728,-0.004647737615497708,-0.0900882825255394,0.5726511130157086,0.012250013183698786,-0.0900882825255394,0.5726511130157086,0.012250013183698786,0.0,0.0,0.0,0.004127887605379025,8.196623335988812e-05,2.7474906871527973e-06,0.004127887605379025,8.196623335988812e-05,2.7474906871527973e-06,0.004127887605379025,8.196623335988812e-05,2.7474906871527973e-06,20.02346566518148,0.8495813050847508,0.006106263989203115,1.9436026215553284,0.10441478793144998,0.0022248795088193624,1.9436026215553284,0.10441478793144998,0.0022248795088193624,0.0,0.0,0.0,0.0,0.0,0.0,0.19359705845514932,0.007831443968269142,-0.00014627559299066343,0.2994754731655121,0.010948707156778613,-0.00021572793285892143
65.87279784258673,1.0,1500.0,0.0,85.0,1895.0,0.6725685341443494,1274.0,621.0,9.565232492250473,1.2170486690763267,10493.6009486989,33.4,0.007399202481169694,35.54330708661416,1.8236220472440954,10.826765248247149,127.0,33.38095238095238,4.114285714285714,11.417932404941755,42.0,35.54330708661416,1.8236220472440954,10.826765248247149,127.0,0.39393146487752806,-0.004232728430423425,-0.0006147233330899067,-0.0006398865630331113,-0.003081797235023066,-0.010584677419354838,-0.016721524229620963,7.370639277632077,85.0,457500.0,304.0,7517.213426589966,60.8603180510648,0.17930912971496582,-19.718305587768555,-0.1564267873764038,-0.1564267873764038,0.0,0.004752228502184153,0.004752228502184153,0.004752228502184153,19.86029815673828,1.9307570457458496,1.9307570457458496,0.0,0.0,,0.1872597485780716,,0.28666871786117554,0.5104232877492905,1.2704938913226764,0.04154926391279075,-19.68949998219808,0.8449744426265868,0.030862101299213966,0.17910517727335293,0.597875128215687,-0.00472768744551168,0.17910517727335293,0.597875128215687,-0.00472768744551168,0.0,0.0,0.0,0.004465859569609165,0.0002538324992959158,2.8736426083741857e-05,0.004465859569609165,0.0002538324992959158,2.8736426083741857e-05,0.004465859569609165,0.0002538324992959158,2.8736426083741857e-05,19.76996110280355,0.83624131574413,-0.029578611397239895,1.9930092851320902,0.11060181932796014,-0.0008528812576056743,1.9930092851320902,0.11060181932796014,-0.0008528812576056743,0.0,0.0,0.0,0.0,0.0,0.0,0.19373832394679388,0.008930024179798908,-0.00022298589895777143,0.29698859552542367,0.012592093469310351,-0.0003521024119999891
67.96852744709362,1.0,1500.0,0.0,44.0,2045.0,0.32075793281681897,655.0,1390.0,9.800094309176806,1.4755553996037214,11886.847482455518,126.4,0.026603805354436773,34.68029197080293,4.702189781021899,11.028830102215226,137.0,34.477419354838716,6.76989247311828,10.972736825322828,93.0,34.68029197080293,4.702189781021899,11.028830102215226,137.0,0.4118326485961178,-0.0037299727155055197,-0.0004008485355234711,-9.189343099983719e-05,-0.005511355417329708,-0.005279907420801389,-0.017598076017903176,8.387801087058257,44.0,459000.0,305.0,7540.227370023727,60.87349591403046,0.1759813278913498,-20.645286560058594,-0.5491598844528198,-0.5491598844528198,0.0,0.004677180200815201,0.004677180200815201,0.004677180200815201,20.771047592163086,1.8576364517211914,1.8576364517211914,0.0,0.0,,0.19290830194950104,,0.3162453770637512,0.6766866301496823,1.299450576975223,0.03434383872154689,-19.61401793162028,0.7789322846023278,0.0014331529084785173,-0.24298627115786076,0.5513450400991641,-0.019224285455348118,-0.24298627115786076,0.5513450400991641,-0.019224285455348118,0.0,0.0,0.0,0.0048740646181007225,9.094015757159251e-05,-6.120132325886489e-06,0.0048740646181007225,9.094015757159251e-05,-6.120132325886489e-06,0.0048740646181007225,9.094015757159251e-05,-6.120132325886489e-06,19.719008255004884,0.7755439375771283,-0.002338125124922253,1.91437832514445,0.10357685165365366,-0.003587035475106131,1.91437832514445,0.10357685165365366,-0.003587035475106131,0.0,0.0,0.0,0.0,0.0,0.0,0.19501240352789562,0.00821684405951252,-0.0001250700239875336,0.2991964668035507,0.01338726489971155,-2.9823605025049452e-06
64.68935458556466,1.0,1500.0,0.0,92.0,2091.0,0.656306184525979,1372.0,719.0,9.2867326561668,1.1101296099604012,11304.637968090718,48.0,0.009366950277105612,36.602857142857154,2.135714285714285,10.471911079007263,140.0,35.362500000000004,4.745833333333334,10.884871167967814,48.0,36.602857142857154,2.135714285714285,10.471911079007263,140.0,0.3839842778429447,-0.003802532407036699,-0.0004955882314618304,-0.000507468153681423,-0.005702210663198913,-0.011573472041612484,-0.016141511570080872,6.887051863033576,92.0,460500.0,306.0,7567.999851465225,60.8483098623269,0.183628112077713,-19.82196044921875,-0.7668857574462891,-0.7668857574462891,0.0,0.004798511974513531,0.004798511974513531,0.004798511974513531,19.842927932739258,1.816368818283081,1.816368818283081,0.0,0.0,,0.18427889049053192,,0.2867860198020935,0.4751337066292763,0.8572819435408912,0.022809700424201756,-19.745346959431966,0.7513950286944772,0.016828728358658375,0.04644876345992088,0.5954897651880193,-0.006538599074815096,0.04644876345992088,0.5954897651880193,-0.006538599074815096,0.0,0.0,0.0,0.004671525194620093,7.088947125558529e-05,6.3632196385217196e-06,0.004671525194620093,7.088947125558529e-05,6.3632196385217196e-06,0.004671525194620093,7.088947125558529e-05,6.3632196385217196e-06,19.829621823628745,0.7445717216363031,-0.016391717233965864,1.9685904264450074,0.1110701634177152,-0.0012178165363656065,1.9685904264450074,0.1110701634177152,-0.0012178165363656065,0.0,0.0,0.0,0.0,0.0,0.0,0.19453275154034297,0.010194674257947442,-0.00011808536408078103,0.30086992383003236,0.015337539868169199,0.0002196992729874381
67.1915484911775,1.0,1500.0,0.0,73.0,1988.0,0.5437378953221219,1080.0,908.0,9.620044928797823,1.1753221373960792,11211.74962923049,103.80000000000001,0.021920006757612874,35.338805970149245,3.2671641791044768,10.818768465473756,134.0,34.52459016393444,6.904918032786884,11.013164765602756,61.0,35.338805970149245,3.2671641791044768,10.818768465473756,134.0,0.40102956656861477,-0.0041038737672248905,-0.0004016229620126398,-0.00040709820100249026,-0.0038746487269011648,-0.0035340202673933407,-0.017694936376491714,7.509219959818332,73.0,462000.0,307.0,7593.49828004837,60.84152296628387,0.15316303074359894,-20.281295776367188,-0.6263047456741333,-0.6263047456741333,0.0,0.004464335273951292,0.004464335273951292,0.004464335273951292,20.277057647705078,1.8442622423171997,1.8442622423171997,0.0,0.0,,0.18435485661029816,,0.290458083152771,0.3437717378139496,0.40231708752657774,0.005977978510108749,-19.729342460632324,1.0901871516819108,-0.010931678661647397,-0.11280672674377759,0.39154477579097396,-0.000654311537808915,-0.11280672674377759,0.39154477579097396,-0.000654311537808915,0.0,0.0,0.0,0.004696120135486126,0.00014567260896527427,-1.6489766902799035e-05,0.004696120135486126,0.00014567260896527427,-1.6489766902799035e-05,0.004696120135486126,0.00014567260896527427,-1.6489766902799035e-05,19.82839101155599,1.1039924094957632,0.010369004874393472,1.9389427423477172,0.07308619528016988,-0.00010132195554406233,1.9389427423477172,0.07308619528016988,-0.00010132195554406233,0.0,0.0,0.0,0.0,0.0,0.0,0.19489113340775172,0.01058065042809659,-6.492376924224719e-05,0.30192417502403257,0.014398115141098225,-3.0473713349716168e-05
61.842072759355815,1.0,1500.0,0.0,14.0,1977.0,0.10555963251476994,208.0,1769.0,9.893637864364607,1.852130644427453,12257.778510346243,222.8,0.049126830128770504,34.35757575757576,7.704545454545453,11.227540283507919,132.0,34.21016949152542,8.394915254237288,11.248041899036677,118.0,34.35757575757576,7.704545454545453,11.227540283507919,132.0,0.40522498406718155,-0.004798247674420698,-0.0007876610058088405,-0.001521926124389822,-0.013901345291479896,-0.029596412556053813,-0.018268812139065057,8.26623092932284,14.0,463500.0,308.0,7613.782001018524,60.876447465661066,0.1620846688747406,-19.609066009521484,-0.34156882762908936,-0.34156882762908936,0.0,0.004721829667687416,0.004721829667687416,0.004721829667687416,19.708711624145508,1.8962165117263794,1.8962165117263794,0.0,0.0,,0.19365854561328888,,0.29345905780792236,0.27402003705501554,0.11540688457081853,-0.00198010940838179,-19.90507869720459,0.8011123647057318,-0.013711044175738492,0.16529500732819238,0.4708636999521822,-0.014626891186690848,0.16529500732819238,0.4708636999521822,-0.014626891186690848,0.0,0.0,0.0,0.0046049654639015595,0.0001475416238195629,1.6100870526174995e-05,0.0046049654639015595,0.0001475416238195629,1.6100870526174995e-05,0.0046049654639015595,0.0001475416238195629,1.6100870526174995e-05,20.028268750508627,0.7990011176280658,0.012428233196525586,1.990583105882009,0.08784741981307453,-0.0027110742912675183,1.990583105882009,0.08784741981307453,-0.0027110742912675183,0.0,0.0,0.0,0.0,0.0,0.0,0.19398075938224793,0.009613543900335047,0.00027046167810713294,0.29746808807055153,0.013036725028038057,7.060591185317594e-05
67.22990037713733,1.0,1500.0,0.0,112.0,1840.0,0.9113294780555329,1676.0,164.0,9.739290522787467,1.0039305312813789,9509.316999366632,24.400000000000002,0.0056815535789130536,34.91544715447154,1.0991869918699195,11.013738421413551,123.0,32.709090909090904,7.200000000000002,11.680343992502845,11.0,34.91544715447154,1.0991869918699195,11.013738421413551,123.0,0.41222914718027837,-0.003908383062998608,-0.0005391503323880432,-0.0002764309965660769,-0.004273115220483642,-0.007965860597439544,-0.017146880237545917,7.895550093909994,112.0,465000.0,309.0,7641.6841633319855,60.85046045625198,0.14588618278503418,-18.958343505859375,-0.19812026619911194,-0.19812026619911194,0.0,0.00446871854364872,0.00446871854364872,0.00446871854364872,19.11260223388672,1.923382043838501,1.923382043838501,0.0,0.0,,0.18775421380996704,,0.29767608642578125,0.4160649294654528,0.6547881681324778,0.0199212705034833,-19.793078804016112,0.7327847976887801,-0.009346842102797123,-0.12610533659656842,0.5203043698309795,-0.006100472272503221,-0.12610533659656842,0.5203043698309795,-0.006100472272503221,0.0,0.0,0.0,0.004613391837726037,3.943467171387866e-05,-1.496495523627942e-06,0.004613391837726037,3.943467171387866e-05,-1.496495523627942e-06,0.004613391837726037,3.943467171387866e-05,-1.496495523627942e-06,19.862203470865886,0.7379536867500615,0.01015961915420298,1.9365537246068318,0.096731370052728,-0.0011306712836922322,1.9365537246068318,0.096731370052728,-0.0011306712836922322,0.0,0.0,0.0,0.0,0.0,0.0,0.19565145820379257,0.00851470008367906,3.1388631386800724e-05,0.3009226699670156,0.012322342943703912,0.0006433290156957381
66.7221368064343,1.0,1500.0,0.0,71.0,1904.0,0.5570997607450692,1060.0,844.0,9.605282788820437,1.4475090603828416,10736.670969693405,55.2,0.012184892499227407,35.39218750000002,3.081249999999999,10.868385298435634,128.0,35.424561403508775,6.136842105263155,10.766930989208214,57.0,35.39218750000002,3.081249999999999,10.868385298435634,128.0,0.4088880460677307,-0.004302953156749034,-0.0005645387741867831,-0.0005936275950925852,-0.003812577944058466,-0.009932300017815785,-0.018363687256078943,8.011996637326686,71.0,466500.0,310.0,7666.610342741013,60.84827311481884,0.5080389380455017,-20.323801040649414,-0.3542826771736145,-0.3542826771736145,0.0,0.004478370770812035,0.004478370770812035,0.004478370770812035,20.473461151123047,1.8944923877716064,1.8944923877716064,0.0,0.0,,0.19899243116378784,,0.3015655279159546,0.4939376533031464,0.946911558390721,0.046109537022795376,-19.549944368998208,0.9467524789402461,-0.040034174680444276,0.012603703886270523,0.6165122718287117,0.0024707122211726764,0.012603703886270523,0.6165122718287117,0.0024707122211726764,0.0,0.0,0.0,0.0044991015767057736,0.00010296870024328575,6.9851117898544535e-06,0.0044991015767057736,0.00010296870024328575,6.9851117898544535e-06,0.0044991015767057736,0.00010296870024328575,6.9851117898544535e-06,19.637780507405598,0.9550670520713939,0.041041322226518476,1.962284513314565,0.11431661731015141,0.0004469267651023782,1.962284513314565,0.11431661731015141,0.0004469267651023782,0.0,0.0,0.0,0.0,0.0,0.0,0.19641560316085815,0.008418077627194858,0.00011574639229142834,0.3035501797993978,0.01237113562247296,5.1440731171573705e-06
67.91614084658416,1.0,1500.0,0.0,46.0,1804.0,0.37561736874409263,677.0,1127.0,10.006391222335402,1.334515923490203,10553.90252219118,114.60000000000001,0.02766245051655885,33.95737704918034,4.444262295081968,11.35656003988844,122.0,33.028947368421065,6.96315789473684,11.557194110655972,76.0,33.95737704918034,4.444262295081968,11.35656003988844,122.0,0.4068570009403034,-0.0038605628624452,-0.00047577159107803157,-0.0008292978056500328,-0.003776683087027931,-0.004447181171319103,-0.01766097824012256,8.211921451068338,46.0,468000.0,311.0,7689.196861982346,60.864614133360256,0.2636406421661377,-20.413394927978516,1.2369468212127686,1.2369468212127686,0.0,0.004633094649761915,0.004633094649761915,0.004633094649761915,20.516586303710938,2.190136671066284,2.190136671066284,0.0,0.0,,0.19645027816295624,,0.2977834939956665,0.9223113864660263,2.4492373778511376,0.08184701890515803,-19.59523448944092,0.991792667864477,0.014989396329716746,0.10074247668186824,0.5573969341113425,0.027696008013936395,0.10074247668186824,0.5573969341113425,0.027696008013936395,0.0,0.0,0.0,0.00451725230862697,4.91038979166473e-05,2.2216931035174934e-06,0.00451725230862697,4.91038979166473e-05,2.2216931035174934e-06,0.00451725230862697,4.91038979166473e-05,2.2216931035174934e-06,19.696870549519858,0.9864918555475573,-0.0142792435456171,1.9786807378133138,0.10329024912475124,0.005139811232569958,1.9786807378133138,0.10329024912475124,0.005139811232569958,0.0,0.0,0.0,0.0,0.0,0.0,0.19656823525826136,0.007872770380047484,6.570668520200429e-05,0.3017269730567932,0.011469312487727265,0.0001794532223193265
68.49825318654378,1.0,1500.0,0.0,60.0,1894.0,0.46784717622093386,886.0,1008.0,9.928190529163873,1.2698800181814833,10672.408552397872,87.4,0.0199479618386817,34.22968750000001,3.3218749999999995,11.262349692155395,128.0,33.46764705882351,6.217647058823529,11.367776711735075,68.0,34.22968750000001,3.3218749999999995,11.262349692155395,128.0,0.4114094828511189,-0.003933297125145674,-0.0003782286726949828,-0.00018880434539984064,-0.00593346047891508,-0.0006357279084551812,-0.018369946064519662,8.414368808721504,60.0,469500.0,312.0,7713.330117940903,60.86865113006916,0.26464220881462097,-20.13577651977539,0.2562049925327301,0.2562049925327301,0.0,0.004487644415348768,0.004487644415348768,0.004487644415348768,20.16222381591797,2.007388114929199,2.007388114929199,0.0,0.0,,0.19272848963737488,,0.30932867527008057,0.3169216811656952,0.3302249873399333,-0.0011611433063651374,-19.569426091512046,0.811669688412435,-0.006064949417538036,0.08581624701619148,0.4745073235303502,-0.0027454777126582793,0.08581624701619148,0.4745073235303502,-0.0027454777126582793,0.0,0.0,0.0,0.004656845160449545,0.00011306599935268825,-2.637953788572547e-06,0.004656845160449545,0.00011306599935268825,-2.637953788572547e-06,0.004656845160449545,0.00011306599935268825,-2.637953788572547e-06,19.630868339538573,0.8110703006744854,0.004380650249816039,1.9759904781977335,0.08839215013049324,-0.0005188990753140273,1.9759904781977335,0.08839215013049324,-0.0005188990753140273,0.0,0.0,0.0,0.0,0.0,0.0,0.19827846239010494,0.011297861313113073,-0.000401388422002788,0.30553616682688395,0.01440960741769313,-0.0004160643684718238
66.91560342576769,1.0,1500.0,0.0,90.0,1938.0,0.691383033015284,1339.0,599.0,9.532694019509423,1.3807980910876787,10577.691997164984,44.0,0.009488893681259434,35.66923076923078,2.6492307692307695,10.864353467328883,130.0,35.465,7.535000000000001,10.846616599643273,40.0,35.66923076923078,2.6492307692307695,10.864353467328883,130.0,0.4028111917890474,-0.003946758081981901,-0.0003483235872865123,-0.00020230750247875323,-0.004935190961391851,-0.007451306577944132,-0.017823478733671152,7.908559902404141,90.0,471000.0,313.0,7740.0654401779175,60.85219868492137,0.2084348201751709,-21.585031509399414,-0.5435237288475037,-0.5435237288475037,0.0,0.004393881652504206,0.004393881652504206,0.004393881652504206,21.680648803710938,1.8598545789718628,1.8598545789718628,0.0,0.0,,0.20577102899551392,,0.3065482974052429,0.2817010295887788,0.19731215665164517,0.004484339035193826,-19.719511286417642,0.869495179539826,-0.030761222287730164,0.1075678991774718,0.4602653592916748,-0.0177210746786751,0.1075678991774718,0.4602653592916748,-0.0177210746786751,0.0,0.0,0.0,0.004509811258564393,9.508387346235428e-05,-5.988221826887657e-06,0.004509811258564393,9.508387346235428e-05,-5.988221826887657e-06,0.004509811258564393,9.508387346235428e-05,-5.988221826887657e-06,19.795328521728514,0.8960106586787026,0.032241920581515836,1.9799815972646078,0.08537860841986869,-0.0032800906757359393,1.9799815972646078,0.08537860841986869,-0.0032800906757359393,0.0,0.0,0.0,0.0,0.0,0.0,0.19566995749870936,0.010564925381684439,0.000195756528083152,0.30184061427911124,0.01340303173931042,-0.00014245038700846723
66.37800465311322,1.0,1500.0,0.0,112.0,1992.0,0.8432680370745307,1679.0,313.0,9.36398318467068,1.0790471654097278,10069.646577625572,11.200000000000001,0.002319512902290519,36.30526315789473,1.3624060150375934,10.509626855587493,133.0,35.34285714285714,6.39047619047619,10.772932223865256,21.0,36.30526315789473,1.3624060150375934,10.509626855587493,133.0,0.39365533743644465,-0.003924358545233959,-0.0006083558772526733,-0.000251040076110798,-0.00363656219285795,-0.0064158567216337226,-0.01695374186779897,7.206546160116025,112.0,472500.0,314.0,7768.96848654747,60.81888487746705,0.38280418515205383,-19.04354476928711,0.8127209544181824,0.8127209544181824,0.0,0.004272260703146458,0.004272260703146458,0.004272260703146458,19.17306137084961,2.1089704036712646,2.1089704036712646,0.0,0.0,,0.19742219150066376,,0.3054925203323364,0.5362211748957634,1.336576949410492,-0.004146213178109546,-19.740778541564943,0.8663042271315029,0.017132708811521402,-0.0593955139319102,0.5637286631209666,0.02101979912056675,-0.0593955139319102,0.5637286631209666,0.02101979912056675,0.0,0.0,0.0,0.004316808966298898,0.00010317117504928453,-7.773264082308354e-06,0.004316808966298898,0.00010317117504928453,-7.773264082308354e-06,0.004316808966298898,0.00010317117504928453,-7.773264082308354e-06,19.828142611185708,0.854090865681915,-0.01470678963836275,1.949048968156179,0.10369598262173768,0.0038532309855714157,1.949048968156179,0.10369598262173768,0.0038532309855714157,0.0,0.0,0.0,0.0,0.0,0.0,0.1980931729078293,0.009238244804972163,6.277754786805439e-06,0.3054355422655741,0.012164751140853773,0.00010677263124102419
53.11387342214584,1.0,1500.0,0.0,12.0,1802.0,0.09875354420350071,177.0,1625.0,9.831926293976759,1.6588252972794735,11307.515967936024,237.8,0.056857306809487376,34.56528925619837,7.963636363636363,11.1752236566443,121.0,33.80366972477066,8.343119266055046,11.376581219599052,109.0,34.56528925619837,7.963636363636363,11.1752236566443,121.0,0.3378755772878467,-0.00449275043489535,-0.0008611575770418044,-0.000348573208768945,-0.005167037861915356,-0.06035634743875278,-0.0134474256286015,5.743946366039126,12.0,474000.0,315.0,7788.911679267883,60.85574204951744,0.16363094747066498,-20.66769027709961,-0.33139586448669434,-0.33139586448669434,0.0,0.0039840079843997955,0.0039840079843997955,0.0039840079843997955,20.706558227539062,1.9000217914581299,1.9000217914581299,0.0,0.0,,0.19086061418056488,,0.30853357911109924,0.4359902525941531,0.6701194485180723,0.0005322464150236667,-19.28347485860189,0.8270436043338525,0.017583720172207905,0.0009515198568503062,0.6306307402857463,-0.014882145288324721,0.0009515198568503062,0.6306307402857463,-0.014882145288324721,0.0,0.0,0.0,0.004143880742291609,7.171776702395648e-05,-2.7282905243793748e-06,0.004143880742291609,7.171776702395648e-05,-2.7282905243793748e-06,0.004143880742291609,7.171776702395648e-05,-2.7282905243793748e-06,19.373590405782064,0.8214409860723735,-0.021163404505033335,1.9601661443710328,0.11494594810917799,-0.0026928524551986144,1.9601661443710328,0.11494594810917799,-0.0026928524551986144,0.0,0.0,0.0,0.0,0.0,0.0,0.19742936939001082,0.009994301332491882,8.288011601291547e-05,0.30817110240459444,0.01370389588542542,-5.370820722272991e-05
67.54818623860677,1.0,1500.0,0.0,30.0,1860.0,0.23657641622839093,440.0,1420.0,10.00912839216352,1.6198401635458195,11271.947813746447,165.0,0.03885644310474755,33.97119999999999,5.951999999999998,11.293198208169844,125.0,33.60842105263156,7.673684210526316,11.350753820543147,95.0,33.97119999999999,5.951999999999998,11.293198208169844,125.0,0.410982715015365,-0.00418806082127709,-0.0006537720622176115,-0.00022167181303860776,-0.0036417531230150276,-0.007939868727503706,-0.017981030451064,8.297118253593824,30.0,475500.0,316.0,7810.194807052612,60.88196411831151,0.4214697778224945,-17.68202018737793,0.48180848360061646,0.48180848360061646,0.0,0.004094347357749939,0.004094347357749939,0.004094347357749939,17.634143829345703,2.0476298332214355,2.0476298332214355,0.0,0.0,,0.18032614886760712,,0.31568899750709534,0.5495812505483627,1.155840284504975,-0.012365345164586504,-19.308289591471354,1.1051126799803157,0.04474257828794185,0.08954277684291204,0.5597020651265228,0.0004083890438875448,0.08954277684291204,0.5597020651265228,0.0004083890438875448,0.0,0.0,0.0,0.004039705917239189,7.077603080626573e-05,6.08430676021346e-06,0.004039705917239189,7.077603080626573e-05,6.08430676021346e-06,0.004039705917239189,7.077603080626573e-05,6.08430676021346e-06,19.39544169108073,1.1053991259996347,-0.046938973194500605,1.9762695630391438,0.10159925641903607,7.837410100440176e-05,1.9762695630391438,0.10159925641903607,7.837410100440176e-05,0.0,0.0,0.0,0.0,0.0,0.0,0.19815037300189337,0.009350243538988156,-0.00011523462442455877,0.3069394449392954,0.012007299607058711,-8.014120965433913e-05
67.1314789069878,1.0,1500.0,0.0,91.0,1835.0,0.7373563778242511,1353.0,482.0,9.890214191715968,1.2869885103359366,9894.980340674132,25.400000000000002,0.0059588044855252665,34.37580645161291,1.7758064516129024,11.19781810876403,124.0,33.55757575757577,5.224242424242422,11.343543262184047,33.0,34.37580645161291,1.7758064516129024,11.19781810876403,124.0,0.4185046181722216,-0.0047493196291844356,-0.0008518818822552677,-0.00031706182736143044,-0.00422135509045765,-0.008478183753103937,-0.019838456151985866,8.265746534278277,91.0,477000.0,317.0,7836.3153121471405,60.87044497311104,0.22718028724193573,-19.181312561035156,-0.790505588054657,-0.790505588054657,0.0,0.004055944737046957,0.004055944737046957,0.004055944737046957,19.283313751220703,1.8164639472961426,1.8164639472961426,0.0,0.0,,0.23426495492458344,,0.328731507062912,1.1255543500185012,4.519760230670003,0.07119778559125704,-19.322100130716958,1.0192269644831826,0.003997256625879115,-0.1401877428094546,0.6207413329768257,0.01601268761481539,-0.1401877428094546,0.6207413329768257,0.01601268761481539,0.0,0.0,0.0,0.00399220339798679,9.028081946463724e-05,-2.9764446358428742e-06,0.00399220339798679,9.028081946463724e-05,-2.9764446358428742e-06,0.00399220339798679,9.028081946463724e-05,-2.9764446358428742e-06,19.418940416971843,1.0120953542332096,-0.0034997878536106933,1.9346166054407756,0.11253881494575423,0.002906470728397852,1.9346166054407756,0.11253881494575423,0.002906470728397852,0.0,0.0,0.0,0.0,0.0,0.0,0.20157330334186555,0.011613185023758537,0.0001300565658077062,0.30615434249242146,0.01411197581633492,-0.00018349783836934006
63.709349905926246,1.0,1500.0,0.0,115.0,2072.0,0.8275063955242371,1714.0,358.0,9.274984410795952,1.2620167265806808,11006.545221980736,21.200000000000003,0.004160125588697017,36.66187050359712,1.637410071942445,10.388446063679844,139.0,35.949999999999996,3.6249999999999964,10.696299524476148,24.0,36.66187050359712,1.637410071942445,10.388446063679844,139.0,0.38962544349263145,-0.004410627714264392,-0.0006757105522911482,-0.0003988506815632141,-0.004320792496574961,-0.01852144588470861,-0.01730693124285827,6.941847144020235,115.0,478500.0,318.0,7865.7495470047,60.83336332291615,0.1851300299167633,-19.73335838317871,-0.6884608864784241,-0.6884608864784241,0.0,0.004012780264019966,0.004012780264019966,0.004012780264019966,19.772968292236328,1.8352363109588623,1.8352363109588623,0.0,0.0,,0.18884393572807312,,0.298377126455307,0.31487796107927957,0.37625601725951696,0.0011725922646591465,-19.458430544535318,0.7522056512586281,0.0036837496136935583,-0.07454830358425776,0.7878149651431177,-0.03271197992251634,-0.07454830358425776,0.7878149651431177,-0.03271197992251634,0.0,0.0,0.0,0.004245626274496317,0.0001677567590911885,-6.842645956358794e-06,0.004245626274496317,0.0001677567590911885,-6.842645956358794e-06,0.004245626274496317,0.0001677567590911885,-6.842645956358794e-06,19.552148882548014,0.7502127020843522,-0.004033445755022144,1.9463040192921957,0.14465102870609567,-0.005963951117204781,1.9463040192921957,0.14465102870609567,-0.005963951117204781,0.0,0.0,0.0,0.0,0.0,0.0,0.20073903848727545,0.008654352287704978,3.585728906815408e-05,0.3045480728149414,0.011621999249339009,0.0003296652413050967
67.38332570985307,1.0,1500.0,0.0,86.0,1890.0,0.679466321305677,1284.0,606.0,9.796652879527016,1.0685977418703343,10047.37843955355,75.0,0.017023015116437425,34.691338582677176,2.6299212598425203,11.097699603152336,127.0,34.19024390243902,7.4243902439024385,11.16411740689378,41.0,34.691338582677176,2.6299212598425203,11.097699603152336,127.0,0.4144323021524728,-0.004715356582192671,-0.0007303590144986794,-0.0003695443320376031,-0.004465282429113685,-0.005507181662573491,-0.019625367495589487,8.163777827004573,86.0,480000.0,319.0,7891.7483167648315,60.82302434560822,0.26825177669525146,-20.33177947998047,-0.8543797731399536,-0.8543797731399536,0.0,0.0035903481766581535,0.0035903481766581535,0.0035903481766581535,20.447023391723633,1.8082304000854492,1.8082304000854492,0.0,0.0,,0.20568421483039856,,0.30423086881637573,0.9129029457767804,2.3430270439624206,-0.08947002681861074,-19.151216634114583,0.8440412370540946,-0.015814092718851917,-0.19364735037088393,0.6205078344894943,-0.0004728964458450696,-0.19364735037088393,0.6205078344894943,-0.0004728964458450696,0.0,0.0,0.0,0.003762821201235056,0.0002081128533191197,-2.231323445118447e-05,0.003762821201235056,0.0002081128533191197,-2.231323445118447e-05,0.003762821201235056,0.0002081128533191197,-2.231323445118447e-05,19.24161574045817,0.844421850069332,0.01556529850264912,1.925234866142273,0.11116750886445452,-5.078692324839864e-05,1.925234866142273,0.11116750886445452,-5.078692324839864e-05,0.0,0.0,0.0,0.0,0.0,0.0,0.20232990582784016,0.007371707380328945,0.00011111855904702661,0.30908102889855704,0.008383577956605307,0.00017346791483801343
66.46217518024616,1.0,1500.0,0.0,111.0,1914.0,0.867477522165417,1660.0,254.0,9.508500762286749,1.1887056223402628,9636.68699022071,15.200000000000001,0.003320517301642782,35.762500000000024,1.2468750000000004,10.708362750301193,128.0,36.11764705882353,6.564705882352943,10.708490228530204,17.0,35.762500000000024,1.2468750000000004,10.708362750301193,128.0,0.404768568058122,-0.004366416093986168,-0.0008665581646664374,-0.0002055155385222186,-0.005449514343799345,-0.00677659814772984,-0.018112815338127225,7.596451833396112,111.0,481500.0,320.0,7920.497464179993,60.79163615385989,0.21709704399108887,-19.750743865966797,-0.7574421167373657,-0.7574421167373657,0.0,0.004157755058258772,0.004157755058258772,0.004157755058258772,19.846969604492188,1.8218469619750977,1.8218469619750977,0.0,0.0,,0.21941344439983368,,0.31475138664245605,0.752869226038456,1.9853123562485622,-0.021340588477747873,-19.39856128692627,0.79562067729882,-3.371742596425234e-05,0.07642061909039816,0.7302238935465872,-0.03259698917656245,0.07642061909039816,0.7302238935465872,-0.03259698917656245,0.0,0.0,0.0,0.0039607734574625885,0.0001639784937149832,1.7286763237468056e-05,0.0039607734574625885,0.0001639784937149832,1.7286763237468056e-05,0.0039607734574625885,0.0001639784937149832,1.7286763237468056e-05,19.49450823465983,0.8020860131415705,-0.0004997032768075765,1.9733996748924256,0.13177530793435205,-0.00586468844578191,1.9733996748924256,0.13177530793435205,-0.00586468844578191,0.0,0.0,0.0,0.0,0.0,0.0,0.20041031589110692,0.008498453218461887,0.00019985581597973772,0.3068922787904739,0.010165838620442937,-0.00026167841323624177
65.12769505129022,1.0,1500.0,0.0,59.0,1829.0,0.4785222518178303,875.0,954.0,9.674171706327051,1.3080660913154094,10336.301246451858,96.80000000000001,0.022397038408144377,35.13821138211382,4.024390243902439,10.98141584357127,123.0,33.93437500000001,6.881249999999998,11.311842631102026,64.0,35.13821138211382,4.024390243902439,10.98141584357127,123.0,0.3944639975907933,-0.004355409692415809,-0.0007557716192755791,-0.00048711375700093536,-0.004516664936143739,-0.014172983075485411,-0.017304759190490567,7.525941645707057,59.0,483000.0,321.0,7944.5706124305725,60.79623727483371,6.108283519744873,-20.49260902404785,0.7781538963317871,0.7781538963317871,0.0,0.004420844838023186,0.004420844838023186,0.004420844838023186,20.721771240234375,2.1035237312316895,2.1035237312316895,0.0,0.0,,0.20887741446495056,,0.32261520624160767,0.8681241437792778,1.8021054790042492,0.015532141357030417,-19.286990483601887,1.050666835958673,-0.013354784972940492,0.20553647590180238,0.5128070459036091,0.027004571508479482,0.20553647590180238,0.5128070459036091,0.027004571508479482,0.0,0.0,0.0,0.004036714819570382,0.0001471344954276961,1.0638011700252987e-05,0.004036714819570382,0.0001471344954276961,1.0638011700252987e-05,0.004036714819570382,0.0001471344954276961,1.0638011700252987e-05,19.38911329905192,1.0527095175273926,0.01264315638048843,1.9973714033762613,0.09305920054874295,0.0049257811502831815,1.9973714033762613,0.09305920054874295,0.0049257811502831815,0.0,0.0,0.0,0.0,0.0,0.0,0.19902922759453456,0.011020150462278434,0.00010685934970057243,0.3025127579768499,0.012395859693952044,0.00035402516899702335
67.63399238586426,1.0,1500.0,0.0,110.0,2048.0,0.8016724927634146,1641.0,407.0,9.738620645609156,1.2571586969473914,10591.799186097463,5.4,0.0011209366048075726,34.90869565217392,0.8362318840579709,10.945525718250416,138.0,32.85,3.4285714285714293,11.606315894189052,28.0,34.90869565217392,0.8362318840579709,10.945525718250416,138.0,0.4076236013476157,-0.004149233572097405,-0.0006590491782245456,-0.00011057666851956428,-0.00388143561518177,-0.0027806444215112947,-0.017826063559268034,7.662593120271167,110.0,484500.0,322.0,7973.105153560638,60.7667891829611,0.25229883193969727,-20.12380599975586,-0.6418358683586121,-0.6418358683586121,0.0,0.00440702959895134,0.00440702959895134,0.00440702959895134,20.162242889404297,1.841672420501709,1.841672420501709,0.0,0.0,,0.19019097089767456,,0.3158835768699646,0.2795405834913254,0.11109885627018158,0.003546724310175857,-18.86812254587809,0.8296900049098993,-0.01147521573789065,-0.018286420156558354,0.6172525431148784,-0.004721856828327307,-0.018286420156558354,0.6172525431148784,-0.004721856828327307,0.0,0.0,0.0,0.004459710620964567,5.404735235794559e-05,-1.4864675932718342e-06,0.004459710620964567,5.404735235794559e-05,-1.4864675932718342e-06,0.004459710620964567,5.404735235794559e-05,-1.4864675932718342e-06,18.943915939331056,0.8340762485644247,0.010940030684592851,1.9566571791966756,0.11407981110330159,-0.000868463304072054,1.9566571791966756,0.11407981110330159,-0.000868463304072054,0.0,0.0,0.0,0.0,0.0,0.0,0.19510463525851568,0.009832615422339144,-0.00017249758901267354,0.3013612846533457,0.010498415004391434,0.00015954818821058917
66.99439680421507,1.0,1500.0,0.0,77.0,1944.0,0.5925686999600815,1151.0,793.0,9.839468390738412,1.482127602624113,10738.440212623027,55.0,0.01224344419215529,34.55538461538461,2.5830769230769235,11.139546503010969,130.0,33.716981132075475,5.581132075471699,11.332793990240052,53.0,34.55538461538461,2.5830769230769235,11.139546503010969,130.0,0.4114800282253928,-0.004477737496044159,-0.0008720876547862424,-0.0002983618637775419,-0.0042864222001982545,-0.008259002312520648,-0.01857376564998688,8.072049043908873,77.0,486000.0,323.0,7998.448260307312,60.761785809354876,0.33614638447761536,-18.928512573242188,-0.3119298815727234,-0.3119298815727234,0.0,0.00403989851474762,0.00403989851474762,0.00403989851474762,18.92121124267578,1.9034031629562378,1.9034031629562378,0.0,0.0,,0.1872209906578064,,0.2857615351676941,0.5902628923455874,1.2652303500832496,-0.00825469999411481,-18.877114041646323,1.1383988198873498,-0.010731529685626047,-0.05779311507940292,0.7461684823629064,0.00655743426356355,-0.05779311507940292,0.7461684823629064,0.00655743426356355,0.0,0.0,0.0,0.0042658382871498665,9.399832886313073e-05,-6.537583321996068e-06,0.0042658382871498665,9.399832886313073e-05,-6.537583321996068e-06,0.0042658382871498665,9.399832886313073e-05,-6.537583321996068e-06,18.960159238179525,1.1430394732108697,0.012409493231003996,1.9493748466173808,0.13681090097963425,0.0012068380635890349,1.9493748466173808,0.13681090097963425,0.0012068380635890349,0.0,0.0,0.0,0.0,0.0,0.0,0.191224272052447,0.009780949872362447,-4.556305018627877e-05,0.302365830540657,0.015129526249883339,7.94501206500888e-05
67.0214254061381,1.0,1500.0,0.0,48.0,1803.0,0.39194125734179175,706.0,1097.0,9.84775574474337,1.0609665705845985,10144.443244882825,144.20000000000002,0.03422901633118116,34.5311475409836,5.224590163934427,11.225652314466375,122.0,33.85135135135135,8.240540540540543,11.33511913098426,74.0,34.5311475409836,5.224590163934427,11.225652314466375,122.0,0.4042780778975485,-0.0040141638321008625,-0.0006632430862606642,-9.43739272644621e-05,-0.004992830139486413,-0.00899491591709034,-0.017799623805112248,8.255344107291092,48.0,487500.0,324.0,8021.410959005356,60.7748440382176,0.19707220792770386,-19.249046325683594,0.32774817943573,0.32774817943573,0.0,0.0038588689640164375,0.0038588689640164375,0.0038588689640164375,19.205310821533203,2.018972873687744,2.018972873687744,0.0,0.0,,0.19664868712425232,,0.3072841167449951,0.8297794803977012,1.674904807974571,0.033856513479660295,-18.96638069152832,0.7685092468112344,0.01771963966038695,0.021690388768911363,0.7630990332608202,0.003799120418818566,0.021690388768911363,0.7630990332608202,0.003799120418818566,0.0,0.0,0.0,0.0038895202955851953,7.202653291986231e-05,-4.4075668570861055e-06,0.0038895202955851953,7.202653291986231e-05,-4.4075668570861055e-06,0.0038895202955851953,7.202653291986231e-05,-4.4075668570861055e-06,19.073920694986978,0.7549278606176972,-0.01833117933771943,1.9638401985168457,0.137590674521941,0.0006765982995971472,1.9638401985168457,0.137590674521941,0.0006765982995971472,0.0,0.0,0.0,0.0,0.0,0.0,0.1915064920981725,0.007904081674927307,0.0001030490249892598,0.30204296112060547,0.011138751380426333,0.00014764230959406845
66.71523458307439,1.0,1500.0,0.0,66.0,1866.0,0.52483700234165,979.0,887.0,10.065940501581357,1.4499629834291123,10317.72519441838,65.0,0.015285485843288496,33.74920634920634,3.450793650793652,11.408910257816792,126.0,33.12333333333334,6.260000000000001,11.580032433425295,60.0,33.74920634920634,3.450793650793652,11.408910257816792,126.0,0.42271358915432095,-0.00491629844823722,-0.0008942155957817309,-0.00017674906376544648,-0.002713905062666547,-0.014605743609987171,-0.019744236895943755,8.42554472544692,66.0,489000.0,325.0,8045.472292423248,60.77952694716398,0.3679085373878479,-19.81123924255371,0.1395738571882248,0.1395738571882248,0.0,0.004080528859049082,0.004080528859049082,0.004080528859049082,19.84849739074707,1.9853689670562744,1.9853689670562744,0.0,0.0,,0.18682415783405304,,0.30641406774520874,0.6711396008729935,1.92431654060427,-0.04576054339414181,-19.238752110799155,0.975926470086927,-0.009495782905213334,0.028911317388216656,0.7169774209153461,-0.013971196179660465,0.028911317388216656,0.7169774209153461,-0.013971196179660465,0.0,0.0,0.0,0.004103939731915792,0.0001437248166998947,1.1309146678056473e-05,0.004103939731915792,0.0001437248166998947,1.1309146678056473e-05,0.004103939731915792,0.0001437248166998947,1.1309146678056473e-05,19.347373135884602,0.9651857274596988,0.010096952461692022,1.965274743239085,0.13027964709241835,-0.002550228366066864,1.965274743239085,0.13027964709241835,-0.002550228366066864,0.0,0.0,0.0,0.0,0.0,0.0,0.19378488163153332,0.007970541405151074,0.00024336339767039362,0.30754932165145876,0.011528169860429892,0.0005484531267864062
68.14808724143289,1.0,1500.0,0.0,33.0,1916.0,0.2522992575957078,483.0,1433.0,10.07267497526962,1.5147115473583146,11083.719118072997,193.20000000000002,0.04439338235294118,33.736434108527135,5.675968992248062,11.42228085408469,129.0,33.19166666666668,7.570833333333334,11.548529362802602,96.0,33.736434108527135,5.675968992248062,11.42228085408469,129.0,0.4085709744154461,-0.004193165420147695,-0.000859687545215603,-0.0003681541009787066,-0.004650717703349297,-0.002583732057416268,-0.01780216651758244,8.28014006204409,33.0,490500.0,326.0,8067.300174713135,60.801010174068765,0.2407987415790558,-20.200401306152344,0.2351367473602295,0.2351367473602295,0.0,0.0041968640871346,0.0041968640871346,0.0041968640871346,20.326337814331055,2.0029585361480713,2.0029585361480713,0.0,0.0,,0.18982981145381927,,0.29799872636795044,0.3064416686693827,0.27575160904175544,-0.0029078270954072745,-18.99938856760661,0.8228444665869161,-0.016555103391110246,0.1516537035504977,0.5194240064919198,-0.0032222168497302106,0.1516537035504977,0.5194240064919198,-0.0032222168497302106,0.0,0.0,0.0,0.0041130627350260815,8.841525759275198e-05,6.251309887486312e-06,0.0041130627350260815,8.841525759275198e-05,6.251309887486312e-06,0.0041130627350260815,8.841525759275198e-05,6.251309887486312e-06,19.092114384969076,0.8228897139272552,0.017659646650574796,1.987607185045878,0.09451157321195194,-0.0005864973460740083,1.987607185045878,0.09451157321195194,-0.0005864973460740083,0.0,0.0,0.0,0.0,0.0,0.0,0.19417540033658345,0.008474404940219093,0.00012514481157296014,0.312383688489596,0.01361188311643354,-0.0002337973627020483
67.42004348754882,1.0,1500.0,0.0,50.0,1882.0,0.39677253978798094,746.0,1136.0,9.970554525362836,1.585479145867458,10712.197811550208,122.4,0.028492946599003678,34.0936507936508,4.312698412698412,11.371850745695408,126.0,33.46315789473684,6.947368421052632,11.521891365815936,76.0,34.0936507936508,4.312698412698412,11.371850745695408,126.0,0.41185883436943305,-0.00487482943610692,-0.001458250068016829,-0.0003720464502064705,-0.004913441955193518,-0.00490071283095723,-0.01969855811396196,8.39933002533014,50.0,492000.0,327.0,8090.320345401764,60.81341393108549,0.17085076868534088,-19.74785041809082,0.41731756925582886,0.41731756925582886,0.0,0.004163695499300957,0.004163695499300957,0.004163695499300957,19.88766860961914,2.036132574081421,2.036132574081421,0.0,0.0,,0.2123945951461792,,0.321690171957016,0.32636847893397014,0.23843181035266364,0.0022042328046346787,-18.951258595784505,0.8525632435097941,-0.017200643944660355,0.0641957568625609,0.6580398364564483,0.010759254114845311,0.0641957568625609,0.6580398364564483,0.010759254114845311,0.0,0.0,0.0,0.004090707019592325,6.997327029225647e-05,-1.7967952562452896e-06,0.004090707019592325,6.997327029225647e-05,-1.7967952562452896e-06,0.004090707019592325,6.997327029225647e-05,-1.7967952562452896e-06,19.049163373311362,0.8549455917967808,0.01944936639872728,1.9716286977132162,0.1196635603991875,0.001956119473704482,1.9716286977132162,0.1196635603991875,0.001956119473704482,0.0,0.0,0.0,0.0,0.0,0.0,0.1963132455945015,0.01022301395765937,6.706499483216265e-05,0.3074413160483042,0.01291477725094626,0.00034914617411153215
66.55743985298352,1.0,1500.0,0.0,39.0,2003.0,0.29070426040189407,582.0,1421.0,10.08864267829297,1.523251525536298,11775.407550237112,166.60000000000002,0.03691884944377964,33.676119402985066,5.501492537313434,11.41406751939632,134.0,33.193684210526314,7.404210526315792,11.490430050004205,95.0,33.676119402985066,5.501492537313434,11.41406751939632,134.0,0.41483250044467485,-0.004430582301389996,-0.0006466354393747089,-0.0003642663365521544,-0.005384110308601477,-0.01387065003282994,-0.018492427095956863,8.504767990845057,39.0,493500.0,328.0,8112.596570014954,60.83132517941667,0.26641958951950073,-19.431751251220703,-0.238221675157547,-0.238221675157547,0.0,0.004275156185030937,0.004275156185030937,0.004275156185030937,19.387100219726562,1.9163306951522827,1.9163306951522827,0.0,0.0,,0.20218564569950104,,0.33076196908950806,0.616860012213389,1.6087978573701207,-0.00077440520547522,-19.206191635131837,0.8952414415359914,0.0295087871615167,-0.0012837780018647512,0.6323595511901657,-0.021876796670631,-0.0012837780018647512,0.6323595511901657,-0.021876796670631,0.0,0.0,0.0,0.004252957226708531,8.105689258431331e-05,1.1418772047100496e-06,0.004252957226708531,8.105689258431331e-05,1.1418772047100496e-06,0.004252957226708531,8.105689258431331e-05,1.1418772047100496e-06,19.300632349650066,0.8886867165485959,-0.02775411807390181,1.9597582578659059,0.11587566362981395,-0.004006379809607669,1.9597582578659059,0.11587566362981395,-0.004006379809607669,0.0,0.0,0.0,0.0,0.0,0.0,0.20102647642294566,0.01193420448867033,-4.1443991316312535e-05,0.3136583884557088,0.014227994625466669,0.00037822425033941963
64.83160287608271,1.0,1500.0,0.0,115.0,1953.0,0.880855437979433,1720.0,233.0,9.763626154717034,1.0378607397201625,9611.05428607003,13.200000000000001,0.002894102170576628,34.81679389312978,1.480916030534351,11.039937773207958,131.0,33.50000000000001,2.8749999999999982,11.439385439871943,16.0,34.81679389312978,1.480916030534351,11.039937773207958,131.0,0.41365167218213367,-0.004914400088219296,-0.000930476440150218,-0.00024460845274130956,-0.004554290474868071,-0.02054984726464871,-0.019560743152340652,8.014507380703725,115.0,495000.0,329.0,8141.126478433609,60.80239648791703,0.15329276025295258,-19.519638061523438,0.6453830599784851,0.6453830599784851,0.0,0.004045693203806877,0.004045693203806877,0.004045693203806877,19.575456619262695,2.0771260261535645,2.0771260261535645,0.0,0.0,,0.21755331754684448,,0.32246217131614685,0.5460456942518552,0.7479597521844652,-0.01428798681437905,-19.029449017842612,0.7655440426083184,0.026980920522178743,0.08365182131528855,0.6155436815195513,-0.01622169387420107,0.08365182131528855,0.6155436815195513,-0.01622169387420107,0.0,0.0,0.0,0.004322278328860799,0.00018320334503964082,-1.3339735289934197e-05,0.004322278328860799,0.00018320334503964082,-1.3339735289934197e-05,0.004322278328860799,0.00018320334503964082,-1.3339735289934197e-05,19.145877647399903,0.7645875327101802,-0.02716573008706008,1.9755029439926148,0.11315076892544386,-0.002982500052956057,1.9755029439926148,0.11315076892544386,-0.002982500052956057,0.0,0.0,0.0,0.0,0.0,0.0,0.198880572617054,0.01075741870093183,0.00016967400626690396,0.3154825955629349,0.016378470489526436,7.447389527342475e-05
67.29125300320712,1.0,1500.0,0.0,44.0,1830.0,0.36006189335346706,658.0,1172.0,10.222593590392803,1.2828416925453674,10248.474861473185,125.0,0.030569821472242603,33.24390243902439,4.4845528455284525,11.586542210166304,123.0,32.688607594936705,6.582278481012659,11.691443756697694,79.0,33.24390243902439,4.4845528455284525,11.586542210166304,123.0,0.4246113584336025,-0.00393834984500072,-0.0005819249230591438,-0.0008789507553553518,-0.006613166889582458,-0.011740228860157527,-0.017996967584604263,8.739506213722121,44.0,496500.0,330.0,8163.272910833359,60.821193340369916,0.21594423055648804,-20.292034149169922,-0.6118900179862976,-0.6118900179862976,0.0,0.00432938477024436,0.00432938477024436,0.00432938477024436,20.526195526123047,1.8475680351257324,1.8475680351257324,0.0,0.0,,0.20827442407608032,,0.3331472873687744,0.39749887933333716,0.8405526922231507,-0.001503830243138239,-18.78104019165039,0.909092918763477,-0.04684934350884616,0.11767836002012094,0.6317798094009187,-0.017130532321231122,0.11767836002012094,0.6317798094009187,-0.017130532321231122,0.0,0.0,0.0,0.004249069824193915,0.00012255801534666352,1.0009440132421833e-05,0.004249069824193915,0.00012255801534666352,1.0009440132421833e-05,0.004249069824193915,0.00012255801534666352,1.0009440132421833e-05,18.87922083536784,0.8963410505788587,0.045191719640746295,1.9813671906789143,0.11567400596287919,-0.0031240629274668042,1.9813671906789143,0.11567400596287919,-0.0031240629274668042,0.0,0.0,0.0,0.0,0.0,0.0,0.1961989517013232,0.0103206466832422,0.00011868980424157014,0.3137079119682312,0.013343979274377976,0.0003380887500436157
68.17394702309056,1.0,1500.0,0.0,95.0,1927.0,0.7373256580690687,1420.0,507.0,10.19690340991837,1.203290719651023,9824.341161408405,35.4,0.008238305794740516,33.31007751937985,2.3720930232558133,11.630499865778903,129.0,32.95294117647058,7.647058823529412,11.693327663086786,34.0,33.31007751937985,2.3720930232558133,11.630499865778903,129.0,0.43553424760233894,-0.005202105302375851,-0.0012367438772546537,-0.00011202865478022963,-0.0035206308970567837,-0.00809745106323053,-0.021930529113304648,9.058531592443106,95.0,498000.0,331.0,8189.594984769821,60.80886795087302,0.19940602779388428,-19.000307083129883,0.2333710789680481,0.2333710789680481,0.0,0.004480494186282158,0.004480494186282158,0.004480494186282158,19.1208553314209,2.003152370452881,2.003152370452881,0.0,0.0,,0.19050408899784088,,0.3358984589576721,1.2343627537290256,5.250907594974386,0.04098367503739573,-18.982637468973795,0.9697094431112705,0.00965269171488886,-0.013642120858033497,0.48082969130601133,0.008042403700884783,-0.013642120858033497,0.48082969130601133,0.008042403700884783,0.0,0.0,0.0,0.004439354718973239,9.40760507002731e-05,6.792490868865292e-06,0.004439354718973239,9.40760507002731e-05,6.792490868865292e-06,0.004439354718973239,9.40760507002731e-05,6.792490868865292e-06,19.074726359049478,0.9678169338098376,-0.010696246494043223,1.9575857361157736,0.08874858121519527,0.0014729629501749723,1.9575857361157736,0.08874858121519527,0.0014729629501749723,0.0,0.0,0.0,0.0,0.0,0.0,0.19688507815202078,0.01008559087153764,-0.0001229144176996651,0.3158306290705999,0.011520475505386589,0.0002826301420358102
68.26575024293201,1.0,1500.0,0.0,101.0,1890.0,0.7983564860827151,1508.0,382.0,9.941380529796625,1.2515868127529932,9284.406599388312,18.400000000000002,0.004235922464201851,34.203149606299206,1.2125984251968496,11.264511898862267,127.0,34.07692307692308,4.6538461538461515,11.215498606014895,26.0,34.203149606299206,1.2125984251968496,11.264511898862267,127.0,0.4243485833142546,-0.0046764649317365065,-0.0010576333694518605,-0.0002987594550429607,-0.0026395807724655697,-0.005337387591382545,-0.019834969286286825,8.503204732970923,101.0,499500.0,332.0,8216.65993642807,60.79112484447563,0.4451506733894348,-18.450775146484375,-0.42621397972106934,-0.42621397972106934,0.0,0.004255448468029499,0.004255448468029499,0.004255448468029499,18.57741928100586,1.881932020187378,1.881932020187378,0.0,0.0,,0.19140470027923584,,0.28528299927711487,0.5876365045706431,1.073964383274576,-0.03817641010406419,-18.735717964172363,0.7930636065987631,0.009683665019917274,-0.1438855469226837,0.5390371143062236,0.0005137751974969344,-0.1438855469226837,0.5390371143062236,0.0005137751974969344,0.0,0.0,0.0,0.004301961123322447,6.321164239864338e-05,-2.9836377300927645e-06,0.004301961123322447,6.321164239864338e-05,-2.9836377300927645e-06,0.004301961123322447,6.321164239864338e-05,-2.9836377300927645e-06,18.82857831319173,0.7792456324167449,-0.009362652940930768,1.933605182170868,0.09898352798612112,9.867084172194228e-05,1.933605182170868,0.09898352798612112,9.867084172194228e-05,0.0,0.0,0.0,0.0,0.0,0.0,0.19746362616618474,0.009459658019318617,-1.1521415397512847e-05,0.3169073224067688,0.013256544091650207,-0.00032960828870236925
65.5041829889471,1.0,1500.0,0.0,55.0,1989.0,0.4122939277516682,820.0,1169.0,9.872836386875044,1.706028386381006,11126.940290352059,87.60000000000001,0.01914419336509463,34.4045112781955,4.209022556390979,11.226678762645484,133.0,34.18205128205129,6.315384615384614,11.204389306077001,78.0,34.4045112781955,4.209022556390979,11.226678762645484,133.0,0.4171967921861587,-0.004813545791383482,-0.0007347040418674974,-0.0007094372769418203,-0.005491803278688571,-0.019672131147540985,-0.018978089716654784,8.550599809067723,55.0,501000.0,333.0,8240.273394823074,60.79895362631435,0.13566194474697113,-17.405105590820312,0.05301997810602188,0.05301997810602188,0.0,0.004112510941922665,0.004112510941922665,0.004112510941922665,17.526601791381836,1.9696509838104248,1.9696509838104248,0.0,0.0,,0.17182695865631104,,0.29218512773513794,0.3387874732414881,0.2613838101395595,0.005539216308360364,-18.769832293192547,0.8498820335724299,-0.01771954673283334,-0.14230134983857473,0.46516572620373914,-0.009903198596632922,-0.14230134983857473,0.46516572620373914,-0.009903198596632922,0.0,0.0,0.0,0.004251617224266132,6.38408141063225e-05,-5.597085199910578e-06,0.004251617224266132,6.38408141063225e-05,-5.597085199910578e-06,0.004251617224266132,6.38408141063225e-05,-5.597085199910578e-06,18.86463165283203,0.8384027406610489,0.01835913737703316,1.9339368104934693,0.085256510212938,-0.0018092054678945856,1.9339368104934693,0.085256510212938,-0.0018092054678945856,0.0,0.0,0.0,0.0,0.0,0.0,0.19399962027867634,0.00952585720873329,2.1323790407017766e-05,0.31686484118302666,0.013012137579881882,0.00025612609802813955
66.51067733764648,1.0,1500.0,0.0,58.0,1837.0,0.46839113782549363,860.0,977.0,9.884500986580854,1.2596940621305435,9983.310667728098,118.2,0.027724351456583946,34.38225806451614,4.312903225806453,11.23104871215998,124.0,34.20303030303031,7.342424242424243,11.234040080966821,66.0,34.38225806451614,4.312903225806453,11.23104871215998,124.0,0.4188536211712769,-0.005161620806458463,-0.0010667759751414696,-0.00023051928979072993,-0.003185209934291139,-0.013977057578794966,-0.020306857008664397,8.468318211749681,58.0,502500.0,334.0,8263.824131965637,60.80719918230824,0.22848817706108093,-18.243305206298828,-0.34435486793518066,-0.34435486793518066,0.0,0.004222378600388765,0.004222378600388765,0.004222378600388765,18.328222274780273,1.8970153331756592,1.8970153331756592,0.0,0.0,,0.181594118475914,,0.3234598636627197,0.2961550310254097,0.17800476340577764,-0.0021712397342264016,-18.990803972880045,0.6261770007832755,0.0066729599694923996,0.06818327133854231,0.5348609852875698,0.014508900134197476,0.06818327133854231,0.5348609852875698,0.014508900134197476,0.0,0.0,0.0,0.004163642507046461,0.00011731533873490686,8.229613179823604e-06,0.004163642507046461,0.00011731533873490686,8.229613179823604e-06,0.004163642507046461,0.00011731533873490686,8.229613179823604e-06,19.071955553690593,0.6165675419793974,-0.006566317328091863,1.9725132743517557,0.09741181960459082,0.0026333924262754035,1.9725132743517557,0.09741181960459082,0.0026333924262754035,0.0,0.0,0.0,0.0,0.0,0.0,0.19236979484558106,0.007891240918816912,-0.00015251416385638546,0.31656382580598197,0.010873505341739581,-0.00040874114556360995
66.77004648844401,1.0,1500.0,0.0,45.0,1914.0,0.346459728553946,663.0,1251.0,10.041511014350078,1.5511546244402994,10800.15463614751,119.80000000000001,0.02743930371049015,33.84496124031009,4.984496124031007,11.381135795236032,129.0,33.46666666666667,7.259523809523809,11.430448110566886,84.0,33.84496124031009,4.984496124031007,11.381135795236032,129.0,0.4183911983532171,-0.0051403092910582435,-0.0008045004361198726,-0.00039802276184172636,-0.005064562410330019,-0.011908177905308464,-0.019904318971741494,8.660178675613729,45.0,504000.0,335.0,8286.453281879425,60.82216152743328,0.27126097679138184,-19.925296783447266,-0.6314442157745361,-0.6314442157745361,0.0,0.00407479889690876,0.00407479889690876,0.00407479889690876,19.900449752807617,1.845247745513916,1.845247745513916,0.0,0.0,,0.18993210792541504,,0.3382706642150879,0.6734121203422546,1.8753838987549234,-0.020269116762615308,-19.225888442993163,0.9144124322842654,-0.020998408876616213,-0.20102642923593522,0.5612614070313255,0.011863641117650758,-0.20102642923593522,0.5612614070313255,0.011863641117650758,0.0,0.0,0.0,0.004075550986453891,7.379379395879514e-05,9.032288510289132e-07,0.004075550986453891,7.379379395879514e-05,9.032288510289132e-07,0.004075550986453891,7.379379395879514e-05,9.032288510289132e-07,19.319131469726564,0.9051323828354216,0.02115256253285943,1.9234558383623759,0.10188203998439292,0.0021573025074365045,1.9234558383623759,0.10188203998439292,0.0021573025074365045,0.0,0.0,0.0,0.0,0.0,0.0,0.19270280798276265,0.008837054379965752,-8.358369945021573e-05,0.3162572592496872,0.01073977350935915,0.00012107571054485611
68.1280122756958,1.0,1500.0,0.0,40.0,1897.0,0.3121077731539757,592.0,1305.0,10.157318109592214,1.3072886167122202,10579.448831908763,140.0,0.03294582764625594,33.45984251968504,5.036220472440945,11.513806532027175,127.0,32.95402298850575,7.250574712643676,11.590798484254059,87.0,33.45984251968504,5.036220472440945,11.513806532027175,127.0,0.4197335990502682,-0.0048458956087534324,-0.0009980025629099695,-0.00030920093162975336,-0.006195406017470119,-0.0035587188612099642,-0.01971280017181077,8.763257431035267,40.0,505500.0,336.0,8308.959744930267,60.83794067102468,0.1567510962486267,-17.202816009521484,0.4338814318180084,0.4338814318180084,0.0,0.004240087233483791,0.004240087233483791,0.004240087233483791,17.317726135253906,2.0394186973571777,2.0394186973571777,0.0,0.0,,0.19576668739318848,,0.3173816502094269,0.45865942041079205,0.5492148657512316,-0.018195954187295613,-18.498055203755698,0.8304550504496573,0.005250244225490615,0.11105358079075814,0.5975599938045348,0.0025988319178046637,0.11105358079075814,0.5975599938045348,0.0025988319178046637,0.0,0.0,0.0,0.004090360691770911,6.990632863937458e-05,5.983490728927457e-06,0.004090360691770911,6.990632863937458e-05,5.983490728927457e-06,0.004090360691770911,6.990632863937458e-05,5.983490728927457e-06,18.58931229909261,0.825592969546537,-0.0049262656783638495,1.9802017211914062,0.10864859507509807,0.0004864931371771304,1.9802017211914062,0.10864859507509807,0.0004864931371771304,0.0,0.0,0.0,0.0,0.0,0.0,0.19356130361557006,0.005905368701153888,2.2686363194751932e-05,0.3135330339272817,0.011495931564889714,-0.00015067000012510128
65.11036829587792,1.0,1500.0,0.0,119.0,1961.0,0.9077816033777478,1780.0,181.0,9.85757037487401,1.132388476947505,9430.841671207518,4.4,0.000967032967032967,34.46969696969697,1.204545454545454,11.127402078294075,132.0,29.93846153846153,1.1846153846153806,12.595459625654488,13.0,34.46969696969697,1.204545454545454,11.127402078294075,132.0,0.41287628949119964,-0.004817055016042339,-0.0011719487979760686,-4.711372712407077e-05,-0.003885107979207982,-0.01923798295911259,-0.019323724315608713,7.967978148529111,119.0,507000.0,337.0,8337.733988046646,60.80788865738079,0.17816565930843353,-17.281997680664062,-0.33054354786872864,-0.33054354786872864,0.0,0.004323882050812244,0.004323882050812244,0.004323882050812244,17.364242553710938,1.8992775678634644,1.8992775678634644,0.0,0.0,,0.20373108983039856,,0.29546451568603516,0.30086813122034073,0.3034464835005364,-0.003995680666473741,-18.7677303314209,0.9063277333173692,-0.011542734182185611,0.14582403674721717,0.467948220714964,-0.013353556910067699,0.14582403674721717,0.467948220714964,-0.013353556910067699,0.0,0.0,0.0,0.0042822587924698985,5.49053782562995e-05,-2.5433000255894607e-07,0.0042822587924698985,5.49053782562995e-05,-2.5433000255894607e-07,0.0042822587924698985,5.49053782562995e-05,-2.5433000255894607e-07,18.855354881286623,0.9000830154398529,0.009111725209949677,1.9867132425308227,0.08577315950539438,-0.002454968846016679,1.9867132425308227,0.08577315950539438,-0.002454968846016679,0.0,0.0,0.0,0.0,0.0,0.0,0.19273525824149448,0.008524743385176685,-0.00010438923774757809,0.3094932158788045,0.010265291812975261,-0.00015325774340264417
67.36627908853384,1.0,1500.0,0.0,104.0,1807.0,0.8626597176919859,1558.0,249.0,10.211089791804097,1.113940551264883,8607.71291715218,4.2,0.0010429082240762813,33.28264462809917,1.2561983471074376,11.538767039330768,121.0,31.15294117647059,4.529411764705882,12.325601334100156,17.0,33.28264462809917,1.2561983471074376,11.538767039330768,121.0,0.43265476762513294,-0.0050500182860012555,-0.0010082947231296524,-8.618161751089708e-05,-0.0031433682596473567,-0.011979299769997445,-0.02089457832964198,8.597078486594791,104.0,508500.0,338.0,8364.502555847168,60.79261696734558,0.19793960452079773,-18.88962173461914,0.09391459822654724,0.09391459822654724,0.0,0.004156789742410183,0.004156789742410183,0.004156789742410183,18.988666534423828,1.9771287441253662,1.9771287441253662,0.0,0.0,,0.19361823797225952,,0.3061690926551819,0.5480875844756762,1.2990448263216736,-0.012757842628921386,-18.695186042785643,0.8529067628580759,-0.01859630928421408,-0.08071805387735367,0.48266572049040346,0.006788255809676801,-0.08071805387735367,0.48266572049040346,0.006788255809676801,0.0,0.0,0.0,0.004197645854825775,5.781451478250299e-05,2.42891817771146e-06,0.004197645854825775,5.781451478250299e-05,2.42891817771146e-06,0.004197645854825775,5.781451478250299e-05,2.42891817771146e-06,18.793246587117512,0.8556833795041001,0.01886385704439322,1.9452518105506897,0.08820319739767787,0.0012400278923110476,1.9452518105506897,0.08820319739767787,0.0012400278923110476,0.0,0.0,0.0,0.0,0.0,0.0,0.19360992759466172,0.00850755687315821,4.304463460262034e-05,0.31365298728148144,0.013953078173554859,0.0003888108374942502
68.67967420465806,1.0,1500.0,0.0,68.0,1816.0,0.5564849504346084,1010.0,806.0,10.33875329212705,1.3973448153823054,9489.912448098612,58.400000000000006,0.014570858283433134,32.85245901639344,2.49672131147541,11.765215510347488,122.0,31.84444444444444,5.359259259259261,12.033020427572717,54.0,32.85245901639344,2.49672131147541,11.765215510347488,122.0,0.4324120451333222,-0.005640005203588309,-0.0010974992992138122,-0.0001868562654198056,-0.003059030492572339,-0.003713838936669273,-0.02225251223546014,9.023757724750201,68.0,510000.0,339.0,8388.51647901535,60.797400979757526,0.3477866053581238,-18.16728973388672,-0.40883731842041016,-0.40883731842041016,0.0,0.0042793964967131615,0.0042793964967131615,0.0042793964967131615,18.19198989868164,1.8850395679473877,1.8850395679473877,0.0,0.0,,0.1916930079460144,,0.3023563623428345,0.598384877294302,1.2656077938506385,-0.019675355872866594,-18.848497835795083,0.7677134335140716,0.01601508143746464,-0.033978610982497534,0.5740730269341413,-0.02087924344023822,-0.033978610982497534,0.5740730269341413,-0.02087924344023822,0.0,0.0,0.0,0.004267235829805334,0.00011132074107825265,9.643304181410495e-06,0.004267235829805334,0.00011132074107825265,9.643304181410495e-06,0.004267235829805334,0.00011132074107825265,9.643304181410495e-06,18.932782491048176,0.7718608221289173,-0.017273592498066953,1.953602143128713,0.10533547600104382,-0.0038334191707403847,1.953602143128713,0.10533547600104382,-0.0038334191707403847,0.0,0.0,0.0,0.0,0.0,0.0,0.18903232465187708,0.00700038272327345,8.782359530052607e-05,0.3141925007104874,0.010335461559033901,3.0413637967469517e-05
65.77136634052664,1.0,1500.0,0.0,69.0,2084.0,0.4952539235879882,1032.0,1052.0,10.108078344412915,1.2361338659340524,10881.520396494097,65.2,0.013855242466743169,33.61285714285712,2.9128571428571433,11.425900676940717,140.0,32.8394366197183,4.574647887323945,11.575954638719175,71.0,33.61285714285712,2.9128571428571433,11.425900676940717,140.0,0.42007175833697313,-0.005365134121469019,-0.0010285554751790157,-0.00011453872999692904,-0.002701688555347105,-0.019465290806754222,-0.020795237580523238,8.516148936738942,69.0,511500.0,340.0,8413.320677042007,60.796446448994196,0.27847224473953247,-20.07486343383789,-0.1377740502357483,-0.1377740502357483,0.0,0.004288229160010815,0.004288229160010815,0.004288229160010815,20.210424423217773,1.9347281455993652,1.9347281455993652,0.0,0.0,,0.20031312108039856,,0.2927704453468323,0.4231635361909866,0.6449391667503774,-0.004003671186254086,-19.17907295227051,1.0439765733281443,0.0033561630164161446,0.033629526197910306,0.46185221193996095,0.004924605684033762,0.033629526197910306,0.46185221193996095,0.004924605684033762,0.0,0.0,0.0,0.004319336094583074,4.8267511160944034e-05,1.4370983804225695e-06,0.004319336094583074,4.8267511160944034e-05,1.4370983804225695e-06,0.004319336094583074,4.8267511160944034e-05,1.4370983804225695e-06,19.26485602060954,1.0422813720635633,-0.004242362169854184,1.9661495645840963,0.08477437091215265,0.0009055208974207663,1.9661495645840963,0.08477437091215265,0.0009055208974207663,0.0,0.0,0.0,0.0,0.0,0.0,0.18726423233747483,0.008491100642513984,-6.182251438021808e-06,0.3074625223875046,0.014371585061339736,-0.00011515965451123557
65.52820241978536,1.0,1500.0,0.0,65.0,2036.0,0.47489830506259656,966.0,1070.0,9.900477079465707,1.595863514716298,11114.39675320533,20.8,0.004422896997533384,34.32700729927006,2.484671532846715,11.191870895864984,137.0,33.824999999999996,3.827777777777778,11.358956610050516,72.0,34.32700729927006,2.484671532846715,11.191870895864984,137.0,0.414404415551351,-0.005633657964058776,-0.0011529280464479422,-7.758393384508867e-05,-0.0033267716535433276,-0.015895669291338583,-0.020802461332125412,8.082726478318627,65.0,513000.0,341.0,8437.916896343231,60.79699602425814,0.1435420960187912,-18.02206802368164,-0.15312862396240234,-0.15312862396240234,0.0,0.00418448681011796,0.00418448681011796,0.00418448681011796,18.195667266845703,1.932037115097046,1.932037115097046,0.0,0.0,,0.18537017703056335,,0.3055042624473572,0.3097752183675766,0.3273510531225064,0.007652822869505573,-18.645053418477378,0.9061702766879384,-0.018633309726057076,-0.05542329450448354,0.5779275124460409,0.022638304161945906,-0.05542329450448354,0.5779275124460409,0.022638304161945906,0.0,0.0,0.0,0.0041386720413963,6.940384521166116e-05,5.0142457143084765e-06,0.0041386720413963,6.940384521166116e-05,5.0142457143084765e-06,0.0041386720413963,6.940384521166116e-05,5.0142457143084765e-06,18.763416862487794,0.8939275521778215,0.020268239752203692,1.9498998403549195,0.10535949440594947,0.004127675884955387,1.9498998403549195,0.10535949440594947,0.004127675884955387,0.0,0.0,0.0,0.0,0.0,0.0,0.18564262390136718,0.00777708663562603,-8.46131094570878e-05,0.30915912985801697,0.010513880259244355,-0.00026534734764142436
67.16767196655273,1.0,1500.0,0.0,15.0,1805.0,0.1222742583644495,220.0,1585.0,10.422405061978779,2.135527988123342,11474.394630768069,198.4,0.05028131177454508,32.60991735537191,6.290909090909086,11.762935379903192,121.0,32.48301886792453,7.081132075471693,11.781232384056123,106.0,32.60991735537191,6.290909090909086,11.762935379903192,121.0,0.43418504529105867,-0.005701870865436844,-0.0006615982108200006,-0.0008659940536976272,-0.006705150976909397,-0.011767317939609237,-0.02183510304570455,9.118917607639142,15.0,514500.0,342.0,8457.684062480927,60.83225575691221,0.249769389629364,-17.44110107421875,0.7068431973457336,0.7068431973457336,0.0,0.0038969311863183975,0.0038969311863183975,0.0038969311863183975,17.590394973754883,2.0874133110046387,2.0874133110046387,0.0,0.0,,0.19766554236412048,,0.33768773078918457,0.25130626037716863,0.10828346950220989,0.0025163850625842163,-19.31030902862549,1.1967507356789684,-0.01635663220296257,-0.08796757062276205,0.734547689015885,-0.01798720564672496,-0.08796757062276205,0.734547689015885,-0.01798720564672496,0.0,0.0,0.0,0.004197543564562996,0.0001255847069715437,-1.0896738809227892e-05,0.004197543564562996,0.0001255847069715437,-1.0896738809227892e-05,0.004197543564562996,0.0001255847069715437,-1.0896738809227892e-05,19.394694519042968,1.1902917168169969,0.01828614384499433,1.9439249634742737,0.13425511729443565,-0.0032771664015841724,1.9439249634742737,0.13425511729443565,-0.0032771664015841724,0.0,0.0,0.0,0.0,0.0,0.0,0.19167612691720326,0.006309674751889872,5.69411724374842e-05,0.31666850646336875,0.011872428540267937,0.00023320294063003177
64.9440957216116,1.0,1500.0,0.0,52.0,1853.0,0.41918369754384727,776.0,1077.0,10.300627361181942,1.5182824643684303,10090.728322563658,117.0,0.02860495819275341,32.985483870967734,4.283870967741937,11.71431451522569,124.0,32.111111111111114,6.427777777777779,11.928300588137667,72.0,32.985483870967734,4.283870967741937,11.71431451522569,124.0,0.42433856669694875,-0.006073417471725585,-0.0010783236438429915,-0.0006607182421482314,-0.006420404573438932,-0.02148511119487373,-0.0219648607138899,8.824614699162161,52.0,516000.0,343.0,8480.565948963165,60.84499585350034,0.1341261863708496,-19.319087982177734,-0.7195989489555359,-0.7195989489555359,0.0,0.0037776276003569365,0.0037776276003569365,0.0037776276003569365,19.450695037841797,1.8310034275054932,1.8310034275054932,0.0,0.0,,0.17721818387508392,,0.3086070716381073,0.7564874216914177,1.4534057568446266,0.04802394700594023,-19.171905453999837,0.7864436277475926,-0.010520516248114753,-0.08598098779718082,0.5345960363925205,-0.012124723900478336,-0.08598098779718082,0.5345960363925205,-0.012124723900478336,0.0,0.0,0.0,0.003929718940829237,7.430208509051575e-05,-3.4784836004654235e-06,0.003929718940829237,7.430208509051575e-05,-3.4784836004654235e-06,0.003929718940829237,7.430208509051575e-05,-3.4784836004654235e-06,19.259067726135253,0.7804187081225549,0.008861171310814911,1.9444961190223693,0.09650223840861215,-0.0021764847805291103,1.9444961190223693,0.09650223840861215,-0.0021764847805291103,0.0,0.0,0.0,0.0,0.0,0.0,0.19137840022643407,0.009130303261594417,7.478976342515967e-05,0.31619269450505577,0.012483269404040475,-0.0003394541406260246
67.5696637080266,1.0,1500.0,0.0,52.0,1889.0,0.40607905250117377,767.0,1122.0,10.370378935516582,1.4787453687860543,10282.552971069588,87.2,0.02095750817150548,32.76220472440946,3.5543307086614173,11.742919220982076,127.0,32.34133333333334,5.496,11.844744384902237,75.0,32.76220472440946,3.5543307086614173,11.742919220982076,127.0,0.43759072370639535,-0.005830944171068579,-0.0007036561757188666,-0.0004284318752018726,-0.00303382390911439,-0.012651691195455719,-0.02232655011859374,9.085035775777492,52.0,517500.0,344.0,8503.284197568893,60.85883853534548,0.19594186544418335,-18.03057098388672,0.3205300569534302,0.3205300569534302,0.0,0.003904080716893077,0.003904080716893077,0.003904080716893077,18.110450744628906,2.0177950859069824,2.0177950859069824,0.0,0.0,,0.1786876916885376,,0.3022421598434448,1.4028238102793693,5.9042178474831815,0.1602203865834948,-19.05295327504476,1.135576674719342,0.005593128225562649,0.008625856786966323,0.602451874449453,0.010831865779351083,0.008625856786966323,0.602451874449453,0.010831865779351083,0.0,0.0,0.0,0.003867330448701978,9.089568756318169e-05,7.298045705701353e-06,0.003867330448701978,9.089568756318169e-05,7.298045705701353e-06,0.003867330448701978,9.089568756318169e-05,7.298045705701353e-06,19.14505999883016,1.1271625660211255,-0.007974346911947332,1.961663504441579,0.10834042190881923,0.0019422512828838924,1.961663504441579,0.10834042190881923,0.0019422512828838924,0.0,0.0,0.0,0.0,0.0,0.0,0.19391684532165526,0.010538448973860711,0.00023870316973251718,0.3164482355117798,0.012844315716538962,-7.46284629135171e-06
65.57975497245789,1.0,1500.0,0.0,80.0,1964.0,0.6054843038118931,1189.0,775.0,9.981528102342274,1.2394037880399307,10014.124225882255,46.2,0.010282204219709783,34.03939393939393,3.0833333333333344,11.327701146601374,132.0,33.2,6.157692307692307,11.656423428091935,52.0,34.03939393939393,3.0833333333333344,11.327701146601374,132.0,0.41855038292261265,-0.005665173327810632,-0.0007617517682023553,-0.00020835647968450632,-0.003282258064516154,-0.0175,-0.021445617809662528,8.278234973159902,80.0,519000.0,345.0,8528.891064882278,60.85199072796032,0.24445991218090057,-20.427227020263672,0.039834655821323395,0.039834655821323395,0.0,0.0041771577671170235,0.0041771577671170235,0.0041771577671170235,20.41891098022461,1.967271327972412,1.967271327972412,0.0,0.0,,0.20178726315498352,,0.33324381709098816,1.0342017136514188,3.923562158621547,-0.09664394657093382,-18.879625638326008,0.853310450700272,-0.006253995884776853,0.2896007684369882,0.5655690917968903,-0.036511098610877486,0.2896007684369882,0.5655690917968903,-0.036511098610877486,0.0,0.0,0.0,0.004176371715342005,0.00010206757610762924,9.146167920514882e-06,0.004176371715342005,0.00010206757610762924,9.146167920514882e-06,0.004176371715342005,0.00010206757610762924,9.146167920514882e-06,18.984335645039877,0.8529708558867961,0.006046896436985625,2.012637762228648,0.10295133384786517,-0.006618321671236654,2.012637762228648,0.10295133384786517,-0.006618321671236654,0.0,0.0,0.0,0.0,0.0,0.0,0.19009688397248586,0.009016650111157723,-0.00042385866034681054,0.31571814020474753,0.014067845104358944,-0.0003060591499320208
66.2559422492981,1.0,1500.0,0.0,80.0,2006.0,0.5954820548463494,1194.0,812.0,10.102408404698185,1.328052076905378,10292.115377744336,104.4,0.023004715525979463,33.616296296296305,3.352592592592593,11.432155865601402,135.0,32.76727272727273,6.938181818181817,11.69229379634171,55.0,33.616296296296305,3.352592592592593,11.432155865601402,135.0,0.42503867976031895,-0.005632290788749022,-0.0009140225560166459,-0.00024439657111625907,-0.00466295811518329,-0.014520615183246073,-0.021271300528303307,8.52915651357262,80.0,520500.0,346.0,8554.443329334259,60.8455722905008,0.37720656394958496,-18.184349060058594,-0.1379016488790512,-0.1379016488790512,0.0,0.0042404853738844395,0.0042404853738844395,0.0042404853738844395,18.199731826782227,1.9347578287124634,1.9347578287124634,0.0,0.0,,0.1784241795539856,,0.29425907135009766,0.30116209040085473,0.2611903901103615,-0.009091537610707493,-18.636904843648274,0.8667721677279838,0.029636519265520155,0.07270277092854181,0.4667026086980021,-0.003205815468136813,0.07270277092854181,0.4667026086980021,-0.003205815468136813,0.0,0.0,0.0,0.004169579145188133,6.092685856342155e-05,-2.0322815677757279e-07,0.004169579145188133,6.092685856342155e-05,-2.0322815677757279e-07,0.004169579145188133,6.092685856342155e-05,-2.0322815677757279e-07,18.717441368103028,0.8687065096657122,-0.030317943008644026,1.9732014775276183,0.08527152491589593,-0.0005830977199075192,1.9732014775276183,0.08527152491589593,-0.0005830977199075192,0.0,0.0,0.0,0.0,0.0,0.0,0.18577768603960673,0.007975040087907184,-3.502742201918824e-05,0.30865014692147574,0.010611032808585616,-0.00044746599817965983
65.97029563708183,1.0,1500.0,0.0,78.0,1874.0,0.6216181164318797,1164.0,710.0,10.133460760798854,1.194598871574804,9445.794343876772,73.60000000000001,0.017418469257348416,33.53492063492063,3.0730158730158736,11.550224954922173,126.0,32.075,6.220833333333332,11.931560335093986,48.0,33.53492063492063,3.0730158730158736,11.550224954922173,126.0,0.4213959404099697,-0.005213165839709439,-0.0009159663814794118,-0.00033792161882875065,-0.003986351531291645,-0.01843375499334221,-0.02070095250053377,8.69282298760508,78.0,522000.0,347.0,8579.505629777908,60.84266652710532,0.14524133503437042,-17.99074363708496,-0.5570749640464783,-0.5570749640464783,0.0,0.0041085281409323215,0.0041085281409323215,0.0041085281409323215,18.08649444580078,1.858612060546875,1.858612060546875,0.0,0.0,,0.20210504531860352,,0.32732078433036804,0.41280788828929266,0.42099166909976116,0.00415260798740174,-19.08115832010905,0.8843026770102511,0.024673039284643924,-0.1963305063545704,0.591847869635332,-0.007445649391618279,-0.1963305063545704,0.591847869635332,-0.007445649391618279,0.0,0.0,0.0,0.004241005315755804,8.38872228253842e-05,-9.178904685978125e-06,0.004241005315755804,8.38872228253842e-05,-9.178904685978125e-06,0.004241005315755804,8.38872228253842e-05,-9.178904685978125e-06,19.147539965311687,0.8886822452336481,-0.025808840148043462,1.924056108792623,0.10840897769598917,-0.0013513629242894306,1.924056108792623,0.10840897769598917,-0.0013513629242894306,0.0,0.0,0.0,0.0,0.0,0.0,0.18890687475601833,0.008442589793938327,-3.775292893538544e-05,0.3132690370082855,0.011124727104027251,-0.0002732449299236384
65.4579906463623,1.0,1500.0,0.0,77.0,2033.0,0.5658881088973281,1150.0,883.0,10.30578902818997,1.13895409588616,10120.302844855798,85.4,0.01904889364739472,32.96470588235293,3.3132352941176477,11.691716638856935,136.0,32.24406779661016,5.833898305084747,11.91220035638688,59.0,32.96470588235293,3.3132352941176477,11.691716638856935,136.0,0.4345800078298227,-0.006144529379837908,-0.0009963684320806693,-0.00029408086336009734,-0.003726815739296268,-0.023054255503553476,-0.023142353319803015,8.933537373118611,77.0,523500.0,348.0,8604.952244997025,60.83706046182491,0.21300290524959564,-19.754667282104492,0.2895280718803406,0.2895280718803406,0.0,0.004147393628954887,0.004147393628954887,0.004147393628954887,19.675825119018555,2.012782096862793,2.012782096862793,0.0,0.0,,0.19777250289916992,,0.3148658871650696,0.33568854530652364,0.5172221650272175,0.004617520082779263,-18.953462409973145,0.8456676967073663,-0.0242979119696522,0.07272048269708951,0.585308021639406,0.018069236709822283,0.07272048269708951,0.585308021639406,0.018069236709822283,0.0,0.0,0.0,0.004058453316489855,4.111408941612575e-05,-6.323976564461546e-07,0.004058453316489855,4.111408941612575e-05,-6.323976564461546e-07,0.004058453316489855,4.111408941612575e-05,-6.323976564461546e-07,19.03686587015788,0.8393830076974431,0.022754103986253733,1.9731622378031413,0.10627935311706907,0.0032826101687116072,1.9731622378031413,0.10627935311706907,0.0032826101687116072,0.0,0.0,0.0,0.0,0.0,0.0,0.18909071683883666,0.008596425361482762,-3.132580119590707e-05,0.3114176779985428,0.013209893834235976,-0.0002122553556461438
65.0294127628721,1.0,1500.0,0.0,58.0,1902.0,0.4506437427666408,857.0,1045.0,10.028674384729777,1.0829217700212603,9911.187679826935,122.2,0.02817745803357314,33.88125,4.575000000000001,11.364462633115354,128.0,33.44285714285714,7.288571428571427,11.468794243464986,70.0,33.88125,4.575000000000001,11.364462633115354,128.0,0.4216686152032484,-0.005486468777896603,-0.0008868752206469671,-0.0007674811900919868,-0.0057142857142857655,-0.02112044817927171,-0.02033877190069135,8.501188359908335,58.0,525000.0,349.0,8628.475281000137,60.84504885307461,0.20515021681785583,-18.31814193725586,-0.13624060153961182,-0.13624060153961182,0.0,0.003995773382484913,0.003995773382484913,0.003995773382484913,18.372953414916992,1.9353296756744385,1.9353296756744385,0.0,0.0,,0.18527096509933472,,0.288668155670166,0.22480492095152538,0.08310410132803314,-0.0010021021355511273,-19.01576105753581,0.8218640562311446,0.004960254673433044,-0.10084320157766342,0.5496434936854833,0.00028723387153316743,-0.10084320157766342,0.5496434936854833,0.00028723387153316743,0.0,0.0,0.0,0.004155694739893079,9.088839864207726e-05,-4.1654228840906465e-06,0.004155694739893079,9.088839864207726e-05,-4.1654228840906465e-06,0.004155694739893079,9.088839864207726e-05,-4.1654228840906465e-06,19.091785621643066,0.8238964474899911,-0.006295148787960598,1.9415596723556519,0.10027411060536687,6.058420302205999e-05,1.9415596723556519,0.10027411060536687,6.058420302205999e-05,0.0,0.0,0.0,0.0,0.0,0.0,0.186847618718942,0.007266867249441482,2.8661708943170864e-05,0.30967181821664175,0.013387854243611321,-0.00010704970996293147
67.58984699533947,1.0,1500.0,0.0,67.0,1979.0,0.5034204971465068,996.0,983.0,9.96286803399343,1.1834177488578936,9926.821437344743,51.6,0.011375661375661376,34.10526315789474,2.876691729323309,11.293252404278538,133.0,33.81515151515151,5.300000000000001,11.341225382487533,66.0,34.10526315789474,2.876691729323309,11.293252404278538,133.0,0.42407526626778597,-0.0057122344329117655,-0.0008856141432871022,-0.0002915317331980129,-0.0024946404209705802,-0.00799064509842136,-0.02151069293756211,8.592550591948362,67.0,526500.0,350.0,8652.882483005524,60.846775746008234,0.4755837023258209,-19.829925537109375,0.31111854314804077,0.31111854314804077,0.0,0.0038681814912706614,0.0038681814912706614,0.0038681814912706614,19.908950805664062,2.0160062313079834,2.0160062313079834,0.0,0.0,,0.19298425316810608,,0.307466596364975,1.1546122993032137,4.440406985462941,-0.03590721927906439,-18.983205223083495,0.9299232345942314,0.0345076390182617,-0.06990955099463463,0.6357541339700119,0.026716414019382594,-0.06990955099463463,0.6357541339700119,0.026716414019382594,0.0,0.0,0.0,0.0038661115647604066,0.00011357197515834072,-9.971687899647714e-06,0.0038661115647604066,0.00011357197515834072,-9.971687899647714e-06,0.0038661115647604066,0.00011357197515834072,-9.971687899647714e-06,19.065119552612305,0.9260102667380655,-0.034400829616457886,1.9472291032473246,0.11442121034352819,0.004809016380479729,1.9472291032473246,0.11442121034352819,0.004809016380479729,0.0,0.0,0.0,0.0,0.0,0.0,0.18924908488988876,0.008507632679194597,-0.0003592708517897831,0.31004222730795544,0.011018580068406659,-0.0004652405673590411
67.93226830388458,1.0,1500.0,0.0,71.0,1880.0,0.5626246552969472,1057.0,823.0,10.243456424742735,1.3112644170698382,9690.783861998854,56.400000000000006,0.013497343607906954,33.16349206349206,2.9730158730158722,11.6763150962196,126.0,32.97454545454546,5.978181818181819,11.795476191820693,55.0,33.16349206349206,2.9730158730158722,11.6763150962196,126.0,0.43836608393089294,-0.005821554841154287,-0.0009621546149371728,-0.00030014509267475354,-0.0019037696533434378,-0.010844856980488728,-0.0222359331680714,9.001130188726826,71.0,528000.0,351.0,8677.135083675385,60.84957706759066,0.17471373081207275,-20.181697845458984,0.8043338060379028,0.8043338060379028,0.0,0.004115386866033077,0.004115386866033077,0.004115386866033077,20.218318939208984,2.1064233779907227,2.1064233779907227,0.0,0.0,,0.1966223418712616,,0.32432088255882263,0.32140168448289236,0.3916141186265413,-0.017403334617879948,-18.904644521077476,0.7820684246814236,0.004482998280424614,0.1655993215739727,0.6420151824787426,0.0229286242661805,0.1655993215739727,0.6420151824787426,0.0229286242661805,0.0,0.0,0.0,0.004011335643008351,5.1212219780881e-05,2.1254286393771527e-06,0.004011335643008351,5.1212219780881e-05,2.1254286393771527e-06,0.004011335643008351,5.1212219780881e-05,2.1254286393771527e-06,19.003627713521322,0.7891657211093616,-0.007060431373265596,1.990011421839396,0.11632318880250465,0.004170547523540896,1.990011421839396,0.11632318880250465,0.004170547523540896,0.0,0.0,0.0,0.0,0.0,0.0,0.18480303684870403,0.006546823409311213,-5.9148294641926875e-05,0.3083267996708552,0.012559238126657121,-8.658473032872913e-06
72.68701521555583,1.0,1500.0,0.0,12.0,1846.0,0.0975523912758545,180.0,1666.0,10.414731271605874,1.71804828410083,11194.491804953852,242.0,0.05981807395689144,32.62580645161292,7.437096774193549,11.752114782144542,124.0,33.117857142857154,8.233928571428573,11.574920654124822,112.0,32.62580645161292,7.437096774193549,11.752114782144542,124.0,0.538292864546549,-0.0063561285064027305,-0.0007371955888216785,-0.001214072548953603,-0.007562457798784589,0.0,-0.028988469236553845,11.788966409675988,12.0,529500.0,352.0,8696.595731973648,60.88589332182659,0.18241144716739655,-19.90901756286621,0.3760061264038086,0.3760061264038086,0.0,0.003935342188924551,0.003935342188924551,0.003935342188924551,19.924827575683594,2.0278971195220947,2.0278971195220947,0.0,0.0,,0.19789186120033264,,0.3359658718109131,1.4368341952562331,5.689331292207202,-0.1230448911929953,-19.15812479654948,0.8312178082602307,-0.00033073382860241795,-0.02368162622054418,0.7837464854113729,0.014583246358509735,-0.02368162622054418,0.7837464854113729,0.014583246358509735,0.0,0.0,0.0,0.0039524656642849244,0.0001025556650148217,-8.383984972740534e-06,0.0039524656642849244,0.0001025556650148217,-8.383984972740534e-06,0.0039524656642849244,0.0001025556650148217,-8.383984972740534e-06,19.23034725189209,0.8444923442910328,-0.0019927142591979353,1.955634562174479,0.14196257745917945,0.002638205856051634,1.955634562174479,0.14196257745917945,0.002638205856051634,0.0,0.0,0.0,0.0,0.0,0.0,0.1886817971865336,0.006818633775959603,0.0003768242307181318,0.3125972976287206,0.014155760310902543,0.0007417961872194112
67.21112210409981,1.0,1500.0,0.0,28.0,2014.0,0.20333787718501328,409.0,1605.0,10.379597474497222,2.392413308164757,12330.628544414345,152.8,0.034579523852629676,32.731851851851864,4.819259259259259,11.724230233949157,135.0,32.616822429906556,5.852336448598132,11.728463983207595,107.0,32.731851851851864,4.819259259259259,11.724230233949157,135.0,0.4400161959083262,-0.005614663610609421,-0.001001504820645334,-0.0014056685546922697,-0.004533397636845912,-0.01470942850253195,-0.02145298506126173,9.257011766096957,28.0,531000.0,353.0,8717.711946249008,60.9104778035795,0.19824710488319397,-20.258554458618164,0.7564049959182739,0.7564049959182739,0.0,0.0041415514424443245,0.0041415514424443245,0.0041415514424443245,20.23839569091797,2.0978548526763916,2.0978548526763916,0.0,0.0,,0.20025886595249176,,0.3167960047721863,1.6661027843753498,5.757851850434482,-0.17136946174339945,-18.903569730122886,0.9693242067505916,-0.04858595028072034,0.08372825508316357,0.5478263437153627,-0.006445230228683447,0.08372825508316357,0.5478263437153627,-0.006445230228683447,0.0,0.0,0.0,0.004114722848559419,5.252156377051114e-05,4.162425247825891e-06,0.004114722848559419,5.252156377051114e-05,4.162425247825891e-06,0.004114722848559419,5.252156377051114e-05,4.162425247825891e-06,18.988493092854817,0.9675940053530381,0.04655887658922189,1.9751947164535522,0.099749833535022,-0.001164385739370019,1.9751947164535522,0.099749833535022,-0.001164385739370019,0.0,0.0,0.0,0.0,0.0,0.0,0.1894818052649498,0.008797464582937302,0.00030724223582975064,0.3146050830682119,0.011863078428844745,6.707451897812763e-05
67.8805633632616,1.0,1500.0,0.0,87.0,1946.0,0.668394147797081,1300.0,646.0,10.27627215788312,1.5236037829251556,9800.39004376203,31.8,0.00734614673812604,33.0442748091603,1.7053435114503812,11.672989454120364,131.0,31.640909090909098,4.313636363636364,12.109760258418294,44.0,33.0442748091603,1.7053435114503812,11.672989454120364,131.0,0.4310716888398352,-0.005868016306260309,-0.0011866228348532417,-0.00014027515491633902,-0.003907975927477753,-0.00639902491048983,-0.02219960424527475,8.828653318139214,87.0,532500.0,354.0,8743.387870788574,60.903165668661266,0.2262371927499771,-22.00747299194336,-0.3934513330459595,-0.3934513330459595,0.0,0.0040511395782232285,0.0040511395782232285,0.0040511395782232285,22.13669204711914,1.888578176498413,1.888578176498413,0.0,0.0,,0.20018136501312256,,0.34205183386802673,0.5125723933180173,0.8163915750641191,-0.01719178075718803,-19.100069745381674,1.0378264606848124,-0.04042162062461413,-0.14958023192981879,0.5353256920532997,0.011484306706768262,-0.14958023192981879,0.5353256920532997,0.011484306706768262,0.0,0.0,0.0,0.004028691568722328,6.895036090441931e-05,-4.121099906384163e-06,0.004028691568722328,6.895036090441931e-05,-4.121099906384163e-06,0.004028691568722328,6.895036090441931e-05,-4.121099906384163e-06,19.196040852864584,1.048031810920147,0.04057068533043395,1.9328551769256592,0.09702428500026992,0.0020872014250452845,1.9328551769256592,0.09702428500026992,0.0020872014250452845,0.0,0.0,0.0,0.0,0.0,0.0,0.1901096468170484,0.009427241855869265,3.205716477352271e-05,0.31083496709664665,0.013823165225163995,0.00045029410928719145
64.72964820861816,1.0,1500.0,0.0,50.0,1806.0,0.4082738995109158,737.0,1069.0,10.187386588792519,1.316525006256989,10006.64444239901,118.60000000000001,0.029155809036825804,33.342622950819674,5.00655737704918,11.583685414913607,122.0,33.02222222222223,7.325000000000001,11.601103527328164,72.0,33.342622950819674,5.00655737704918,11.583685414913607,122.0,0.4309218861241043,-0.006190811905775116,-0.0007427181054093026,-0.0006315790749734244,-0.004319597190936822,-0.027626871604611105,-0.02262774390446541,9.065608434528793,50.0,534000.0,355.0,8766.05187869072,60.91681949750875,0.18816357851028442,-18.921022415161133,-0.6061511039733887,-0.6061511039733887,0.0,0.003920427989214659,0.003920427989214659,0.003920427989214659,18.969253540039062,1.8506138324737549,1.8506138324737549,0.0,0.0,,0.1945297122001648,,0.3110976219177246,0.2627285810808341,0.2500796522923251,0.007998260963413948,-19.02517115275065,0.9407012579336811,-0.015275831721117423,0.14203401282429695,0.7205773785832306,0.007703866197150595,0.14203401282429695,0.7205773785832306,0.007703866197150595,0.0,0.0,0.0,0.004054490958030025,7.476062723277698e-05,-2.31196685332619e-06,0.004054490958030025,7.476062723277698e-05,-2.31196685332619e-06,0.004054490958030025,7.476062723277698e-05,-2.31196685332619e-06,19.109184900919598,0.9443831658712536,0.017873273940717076,1.9857961535453796,0.13110164789875423,0.0013996957273981615,1.9857961535453796,0.13110164789875423,0.0013996957273981615,0.0,0.0,0.0,0.0,0.0,0.0,0.18771087030569714,0.0072932220224515695,0.00012394430507409212,0.3074510296185811,0.010317597429309051,-0.00013308731944728893
67.16044054031372,1.0,1500.0,0.0,40.0,1988.0,0.29760554655852944,591.0,1397.0,10.149228648930702,2.021247995346786,11762.912680796042,88.60000000000001,0.019746812873317286,33.48358208955225,4.295522388059701,11.4520022226039,134.0,33.38936170212765,5.770212765957448,11.424865513698874,94.0,33.48358208955225,4.295522388059701,11.4520022226039,134.0,0.4326380506927302,-0.005225061831279987,-0.0010133526234465892,-0.0007584653730181051,-0.004152823920265795,-0.013787375415282393,-0.020452183553266057,8.879497380742077,40.0,535500.0,356.0,8788.377845525742,60.93274656740309,0.18448245525360107,-18.867088317871094,-0.2606968879699707,-0.2606968879699707,0.0,0.003869742387905717,0.003869742387905717,0.003869742387905717,18.91350746154785,1.91306734085083,1.91306734085083,0.0,0.0,,0.18481987714767456,,0.31744736433029175,0.2901024634639422,0.16428515077520842,-0.00015101264727129777,-18.821514797210693,1.2122889106411008,-0.004386277883017982,-0.0549322431286176,0.5812968257632096,-0.005276478096030582,-0.0549322431286176,0.5812968257632096,-0.005276478096030582,0.0,0.0,0.0,0.003901926955829064,6.975211707499218e-05,-5.240216478291146e-06,0.003901926955829064,6.975211707499218e-05,-5.240216478291146e-06,0.003901926955829064,6.975211707499218e-05,-5.240216478291146e-06,18.89134101867676,1.1906223843573265,0.0026178676108757595,1.950102428595225,0.10483302111471093,-0.0009528578852652889,1.950102428595225,0.10483302111471093,-0.0009528578852652889,0.0,0.0,0.0,0.0,0.0,0.0,0.1880839243531227,0.007232238820782865,5.7429642115071e-05,0.3092423498630524,0.011156935001774108,0.0004586379970936618
65.00224309424831,1.0,1500.0,0.0,73.0,2023.0,0.539734357647553,1091.0,932.0,10.030684430748448,1.5765079232825652,11040.644761879397,77.0,0.016718051152894178,33.86617647058824,3.391176470588235,11.37561116704689,136.0,33.28888888888889,5.844444444444445,11.538237456884955,63.0,33.86617647058824,3.391176470588235,11.37561116704689,136.0,0.4214451626957865,-0.006432652897333604,-0.0013347291595989864,-0.0002828845070579761,-0.002767150102322286,-0.020686893851766173,-0.022455652542214953,8.42462381646952,73.0,537000.0,357.0,8813.585163593292,60.928667509586475,0.22796912491321564,-18.210758209228516,0.4725359082221985,0.4725359082221985,0.0,0.0036253449507057667,0.0036253449507057667,0.0036253449507057667,18.25115966796875,2.044083595275879,2.044083595275879,0.0,0.0,,0.18644128739833832,,0.30846336483955383,0.23112018952767055,0.09233483794079721,-0.0009850735029203687,-19.03269100189209,1.2061283119337438,0.005125795986019101,-0.1753390483558178,0.45810825344165007,0.014401924276975168,-0.1753390483558178,0.45810825344165007,0.014401924276975168,0.0,0.0,0.0,0.003741572874908646,0.00010120398490696745,-1.0305350424682553e-05,0.003741572874908646,0.00010120398490696745,-1.0305350424682553e-05,0.003741572874908646,0.00010120398490696745,-1.0305350424682553e-05,19.10752067565918,1.1970374458186945,-0.004777549769112263,1.9285186489423116,0.08206807766157753,0.0025831428597845357,1.9285186489423116,0.08206807766157753,0.0025831428597845357,0.0,0.0,0.0,0.0,0.0,0.0,0.18805612673362096,0.007426482256170592,-2.561924653801888e-05,0.3105038811763128,0.011491122749690254,-0.00028493733904651165
65.4329169034958,1.0,1500.0,0.0,80.0,1950.0,0.612231202237895,1193.0,757.0,10.118329300664705,1.3380158626369707,10122.172690171812,73.60000000000001,0.01673335758457621,33.575572519083984,3.29618320610687,11.555443259393458,131.0,32.490196078431374,6.498039215686274,11.878038826371233,51.0,33.575572519083984,3.29618320610687,11.555443259393458,131.0,0.42236665935394885,-0.006011101305722283,-0.0012997777785401672,-0.00023601681340128225,-0.002692370261916398,-0.020416463315438425,-0.022409549882447255,8.680527371203192,80.0,538500.0,358.0,8838.913404941559,60.92377822130734,0.35678258538246155,-18.641494750976562,0.442440927028656,0.442440927028656,0.0,0.0036954896058887243,0.0036954896058887243,0.0036954896058887243,18.798295974731445,2.0389962196350098,2.0389962196350098,0.0,0.0,,0.20506572723388672,,0.3255470395088196,0.3669956480463346,0.5829772914062865,-0.004463260692934842,-19.12731787363688,0.9355502263842299,-0.032639415006881285,0.12059748073418936,0.541087843253333,-0.01554749128020248,0.12059748073418936,0.541087843253333,-0.01554749128020248,0.0,0.0,0.0,0.003727090707980096,7.728300746882619e-05,5.510478571587644e-06,0.003727090707980096,7.728300746882619e-05,5.510478571587644e-06,0.003727090707980096,7.728300746882619e-05,5.510478571587644e-06,19.220996284484862,0.9393957093581214,0.03375902059213417,1.9815315047899882,0.09666652901634352,-0.002773225426806546,1.9815315047899882,0.09666652901634352,-0.002773225426806546,0.0,0.0,0.0,0.0,0.0,0.0,0.1886976604660352,0.007020394145643507,0.00022379876973233287,0.3087772826353709,0.012235899450903023,0.0005396020956113637
63.77879864945371,1.0,1500.0,0.0,117.0,2067.0,0.8457174610929599,1748.0,319.0,9.784644427672347,1.3054934423533013,9721.659343310974,11.600000000000001,0.0024048428559582053,34.7021582733813,2.1956834532374105,11.106025084656894,139.0,34.43636363636364,5.790909090909094,11.12147331147891,22.0,34.7021582733813,2.1956834532374105,11.106025084656894,139.0,0.4174951838834084,-0.006377335776530715,-0.0012353812138948175,-0.00015828773743479014,-0.005960046227505262,-0.024462054922678993,-0.022033500675133644,8.292240449799191,117.0,540000.0,359.0,8867.892852544785,60.89383453083089,0.9207484722137451,-18.705169677734375,-0.3689426779747009,-0.3689426779747009,0.0,0.003158421954140067,0.003158421954140067,0.003158421954140067,18.80194854736328,1.8959206342697144,1.8959206342697144,0.0,0.0,,0.19108383357524872,,0.29336822032928467,0.36386049886544547,0.5158582411307548,0.004054587800988095,-18.82244873046875,1.0180239771024617,-0.01688242690581729,-0.267656010389328,0.5494073077378264,0.0080784693310603,-0.267656010389328,0.5494073077378264,0.0080784693310603,0.0,0.0,0.0,0.0034044821203375857,0.00013983204876862895,-1.539715308824498e-05,0.0034044821203375857,0.00013983204876862895,-1.539715308824498e-05,0.0034044821203375857,0.00013983204876862895,-1.539715308824498e-05,18.910712305704752,0.9987168539032245,0.016182156266836906,1.9128156940142313,0.09662249345347311,0.0014696320384176874,1.9128156940142313,0.09662249345347311,0.0014696320384176874,0.0,0.0,0.0,0.0,0.0,0.0,0.18962095230817794,0.009100997366338686,0.00018452549471340094,0.3108616640170415,0.010060175881387879,-0.00028263906615727606
64.49820082115404,1.0,1500.0,0.0,66.0,2016.0,0.48639689532205727,980.0,1036.0,10.087355750127301,1.3775772873813794,10694.55129472419,134.4,0.029350104821802937,33.670588235294126,4.267647058823529,11.481410059514248,136.0,32.54571428571428,6.948571428571429,11.78311725783436,70.0,33.670588235294126,4.267647058823529,11.481410059514248,136.0,0.41565607735055815,-0.006263593883401467,-0.0011509061254188395,-0.0006435719853557446,-0.003527353998639612,-0.022835487319016617,-0.0220717262876045,8.49591459563726,66.0,541500.0,360.0,8892.357269763947,60.89498921070391,0.14393621683120728,-19.49834442138672,-0.3230217695236206,-0.3230217695236206,0.0,0.00340956705622375,0.00340956705622375,0.00340956705622375,19.703815460205078,1.9031398296356201,1.9031398296356201,0.0,0.0,,0.18057571351528168,,0.29393285512924194,0.5550170796612899,1.2467743785457828,-0.024445233920856436,-19.172547149658204,0.7590906629527445,-0.004666233593152033,0.3508699061969916,0.8509164468447539,-0.04296105711723994,0.3508699061969916,0.8509164468447539,-0.04296105711723994,0.0,0.0,0.0,0.003433980738433699,0.00013676898071273344,1.127796710672906e-05,0.003433980738433699,0.00013676898071273344,1.127796710672906e-05,0.003433980738433699,0.00013676898071273344,1.127796710672906e-05,19.258373832702638,0.7694797605835485,0.004941530407999386,2.0215389728546143,0.1500645885026017,-0.007522445260749161,2.0215389728546143,0.1500645885026017,-0.007522445260749161,0.0,0.0,0.0,0.0,0.0,0.0,0.18947705030441284,0.007367221189695126,-0.00023725979585403992,0.3046601245800654,0.013282985486174709,-0.0003102395571644015
62.86188514323174,1.0,1500.0,0.0,79.0,2025.0,0.5843172809930911,1183.0,842.0,9.97433696119467,1.268909010822397,10655.427456677537,106.4,0.02296865555651498,34.06176470588235,4.024999999999999,11.359084377026244,136.0,33.08070175438597,6.866666666666665,11.628512251863237,57.0,34.06176470588235,4.024999999999999,11.359084377026244,136.0,0.4172319818062177,-0.006814145559697431,-0.001148801038677441,-0.00045461861407186633,-0.0037317689236535793,-0.031777071620630655,-0.02297993272402037,8.437243935658357,79.0,543000.0,361.0,8917.928364276886,60.88858060075137,0.4786611795425415,-19.286083221435547,-0.2522786855697632,-0.2522786855697632,0.0,0.003500985447317362,0.003500985447317362,0.003500985447317362,19.440780639648438,1.9153863191604614,1.9153863191604614,0.0,0.0,,0.19591239094734192,,0.3053012490272522,0.3796714459856351,0.39997766068572893,0.010809074589222228,-19.281608072916665,0.8484912911181891,0.014270350506096787,-0.022589856882890065,0.7429956581804705,0.010866172808959048,-0.022589856882890065,0.7429956581804705,0.010866172808959048,0.0,0.0,0.0,0.0034366234671324492,5.455013330090866e-05,4.958110582808586e-06,0.0034366234671324492,5.455013330090866e-05,4.958110582808586e-06,0.0034366234671324492,5.455013330090866e-05,4.958110582808586e-06,19.366432825724285,0.852286044506212,-0.013854215831990467,1.9560360670089723,0.13092234493680888,0.001910780269126296,1.9560360670089723,0.13092234493680888,0.001910780269126296,0.0,0.0,0.0,0.0,0.0,0.0,0.18815951893726984,0.008091888591893219,7.843513775176601e-07,0.30705821911493936,0.011142444779879414,-0.00011343392434720323
66.0785224257775,1.0,1500.0,0.0,106.0,1826.0,0.866418534302735,1582.0,244.0,10.20490750875429,1.3146238418682568,8919.453553168105,4.4,0.0010755316548521144,33.26016260162602,1.9739837398373987,11.656599518183269,123.0,33.29411764705883,7.094117647058823,11.647666695487334,17.0,33.26016260162602,1.9739837398373987,11.656599518183269,123.0,0.4372588930199072,-0.006719317395513957,-0.0016456990732069425,-7.289942620755586e-05,-0.0025069637883008544,-0.01934033932641175,-0.024539568424295593,9.088624754966306,106.0,544500.0,362.0,8944.84714269638,60.87303576166681,0.17393477261066437,-18.817224502563477,0.4540300667285919,0.4540300667285919,0.0,0.003439493477344513,0.003439493477344513,0.003439493477344513,18.826885223388672,2.040040969848633,2.040040969848633,0.0,0.0,,0.17878998816013336,,0.3047800660133362,1.3508689959843954,4.848288571736614,-0.006007859538474015,-18.935882822672525,0.6982167555026941,-0.0004945901397601372,-0.08554999629656473,0.6616491821146241,-0.0027466310409868335,-0.08554999629656473,0.6616491821146241,-0.0027466310409868335,0.0,0.0,0.0,0.0034477436915040017,3.771117073818702e-05,1.6932806685914388e-06,0.0034477436915040017,3.771117073818702e-05,1.6932806685914388e-06,0.0034477436915040017,3.771117073818702e-05,1.6932806685914388e-06,19.004608408610025,0.6859064631342875,-0.001521566049408726,1.9448859810829162,0.11672177161296206,-0.0004851022737310614,1.9448859810829162,0.11672177161296206,-0.0004851022737310614,0.0,0.0,0.0,0.0,0.0,0.0,0.18811808079481124,0.0077094822311740115,-5.097014288748866e-05,0.3074447313944499,0.010920435203287993,0.00026747957617872376
67.16013037074696,1.0,1500.0,0.0,88.0,1967.0,0.6700712710618258,1318.0,649.0,10.223235328463929,1.2396161541081698,9796.685193487981,30.400000000000002,0.006932092853559538,33.222727272727276,2.3318181818181816,11.596168199010993,132.0,33.350000000000016,5.6090909090909085,11.578856476229237,44.0,33.222727272727276,2.3318181818181816,11.596168199010993,132.0,0.43960724315908856,-0.006849342639439016,-0.0013802423752359522,-6.480219434444148e-05,-0.002963927395266928,-0.011679558857317914,-0.02453419752548258,8.977074260339377,88.0,546000.0,363.0,8970.59896683693,60.86550095690231,0.1883118748664856,-19.41305160522461,-0.3046319782733917,-0.3046319782733917,0.0,0.003268156200647354,0.003268156200647354,0.003268156200647354,19.44925880432129,1.9067749977111816,1.9067749977111816,0.0,0.0,,0.18820685148239136,,0.332270085811615,1.6358901912967363,4.876510766878125,-0.07218593499883266,-19.070517794291177,1.0108152181465202,-0.033569301567034734,-0.16399164038399855,0.5983668072599132,-0.008234589475645251,-0.16399164038399855,0.5983668072599132,-0.008234589475645251,0.0,0.0,0.0,0.0033902096174036464,6.500403964913845e-05,-7.110800919381012e-06,0.0033902096174036464,6.500403964913845e-05,-7.110800919381012e-06,0.0033902096174036464,6.500403964913845e-05,-7.110800919381012e-06,19.143073908487956,1.00496575700279,0.034904357774371335,1.9311989307403565,0.10529293431657691,-0.0014421840663481765,1.9311989307403565,0.10529293431657691,-0.0014421840663481765,0.0,0.0,0.0,0.0,0.0,0.0,0.1880773623784383,0.00852457552704079,-0.00021259720386467384,0.3076588581005732,0.013504323067555463,0.00023391061815721619
66.10460796984998,1.0,1500.0,0.0,91.0,1828.0,0.7395996156257555,1351.0,477.0,10.340470925186654,1.3504091374066536,8990.619553858869,21.200000000000003,0.0052420750704712925,32.879674796747956,1.8601626016260153,11.681187922818875,123.0,32.056250000000006,3.6625000000000005,12.009710230364252,32.0,32.879674796747956,1.8601626016260153,11.681187922818875,123.0,0.4416175501130035,-0.006396470814809109,-0.0012804160797965796,-0.00022344377739819636,-0.002618268372508199,-0.020752752157096103,-0.023309582605753804,8.925264781870847,91.0,547500.0,364.0,8996.246129512787,60.85871730475333,0.9970735311508179,-19.178295135498047,0.04912710562348366,0.04912710562348366,0.0,0.003209959249943495,0.003209959249943495,0.003209959249943495,19.289642333984375,1.9685568809509277,1.9685568809509277,0.0,0.0,,0.18753564357757568,,0.3133435845375061,0.744411060710748,1.7848103308569352,0.06376871845547163,-18.92793871561686,0.9964654429205527,-0.00471910640050319,0.03217763478557269,0.4656841154317176,-0.007060925380738091,0.03217763478557269,0.4656841154317176,-0.007060925380738091,0.0,0.0,0.0,0.003327777748927474,4.908429756063204e-05,-2.873035042118899e-06,0.003327777748927474,4.908429756063204e-05,-2.873035042118899e-06,0.003327777748927474,4.908429756063204e-05,-2.873035042118899e-06,19.022707557678224,1.0078718166857203,0.004595619261065541,1.9656006733576457,0.0816255624951088,-0.001238009661800787,1.9656006733576457,0.0816255624951088,-0.001238009661800787,0.0,0.0,0.0,0.0,0.0,0.0,0.18638734022776285,0.00807930293855842,-2.8604633683496795e-05,0.30459962983926137,0.013016963372627132,0.00031078655409467315
63.85331898519438,1.0,1500.0,0.0,73.0,1809.0,0.605321556281473,1095.0,714.0,10.248268794454054,1.432659554783038,9454.41085913582,35.6,0.00887824829168537,33.13884297520661,2.6132231404958692,11.651947144793626,121.0,32.166666666666664,3.8250000000000015,11.960627768667548,48.0,33.13884297520661,2.6132231404958692,11.651947144793626,121.0,0.43115436808559654,-0.007230189010209957,-0.0016152847173475815,-0.00012659257617396994,-0.0031437397783027642,-0.030119934581137563,-0.023745616872534014,8.79723451450955,73.0,549000.0,365.0,9020.592661619186,60.860746138763695,0.11477309465408325,-19.0642147064209,0.19366206228733063,0.19366206228733063,0.0,0.0031748306937515736,0.0031748306937515736,0.0031748306937515736,19.084251403808594,1.993665337562561,1.993665337562561,0.0,0.0,,0.18236762285232544,,0.3046935498714447,0.5069997350374857,0.9586122051431543,0.024274814089095122,-19.192718187967937,0.7118655822733825,-0.003095888216317357,0.25134849150975547,0.5727048336708526,0.006127839252866539,0.25134849150975547,0.5727048336708526,0.006127839252866539,0.0,0.0,0.0,0.00313951529096812,3.499041731268043e-05,-4.440133208129905e-07,0.00313951529096812,3.499041731268043e-05,-4.440133208129905e-07,0.00313951529096812,3.499041731268043e-05,-4.440133208129905e-07,19.27175954182943,0.7203891249536569,0.0016473780749765566,2.0036050279935202,0.09942458828239478,0.001063870561533896,2.0036050279935202,0.09942458828239478,0.001063870561533896,0.0,0.0,0.0,0.0,0.0,0.0,0.184115931391716,0.007990481100367618,-0.00012280287281159896,0.3030937482913335,0.011679550083978085,-4.938226255347669e-05
63.7702395439148,1.0,1500.0,0.0,120.0,2022.0,0.8842476315175731,1787.0,235.0,9.890148446926341,1.3054987053538276,9329.543184680004,15.600000000000001,0.0033409003298068276,34.333823529411774,1.9411764705882353,11.118132939930828,136.0,34.124999999999986,5.249999999999998,11.088823040727238,16.0,34.333823529411774,1.9411764705882353,11.118132939930828,136.0,0.42284940244155683,-0.006990481563973658,-0.001519836978412738,-0.0002099213906997959,-0.004646365955598948,-0.024425989252564728,-0.02343039601982907,8.251544659695384,120.0,550500.0,366.0,9049.410513877869,60.832691715750094,0.3133564293384552,-18.58995819091797,0.3117249011993408,0.3117249011993408,0.0,0.003229643451049924,0.003229643451049924,0.003229643451049924,18.629932403564453,2.014350414276123,2.014350414276123,0.0,0.0,,0.1916697770357132,,0.3079793453216553,0.2623135790228844,0.2066884774639215,0.004674194542664176,-19.13683859507243,0.8494275784333198,-0.007085551515436681,0.03472206816077232,0.6500736786845255,-0.02048917731500177,0.03472206816077232,0.6500736786845255,-0.02048917731500177,0.0,0.0,0.0,0.0033085225460429985,5.606008562375445e-05,3.0716013026577056e-07,0.0033085225460429985,5.606008562375445e-05,3.0716013026577056e-07,0.0033085225460429985,5.606008562375445e-05,3.0716013026577056e-07,19.22859992980957,0.8663036105585812,0.006104913357234453,1.966018537680308,0.1138284784948506,-0.0035836623163191766,1.966018537680308,0.1138284784948506,-0.0035836623163191766,0.0,0.0,0.0,0.0,0.0,0.0,0.18604471733172734,0.007588525225081449,-0.00014957041377088314,0.3068508674701055,0.012583713843073099,-0.00010469761388055767
62.85658989883051,1.0,1500.0,0.0,82.0,2098.0,0.5854190732385556,1228.0,870.0,9.884405917931105,1.3685706531386832,10662.197161026765,52.400000000000006,0.010892159308223164,34.36285714285715,3.4299999999999997,11.228392621366591,140.0,33.85862068965517,5.455172413793104,11.373238304681884,58.0,34.36285714285715,3.4299999999999997,11.228392621366591,140.0,0.4183545758636894,-0.007062156077022055,-0.0011586318144228458,-0.0003831705084052616,-0.0026274386406545157,-0.0322136563876652,-0.023455294581755465,8.372612091783234,82.0,552000.0,367.0,9075.428626298904,60.82357348945555,0.20007482171058655,-20.362335205078125,-0.010416477918624878,-0.010416477918624878,0.0,0.0032637270633131266,0.0032637270633131266,0.0032637270633131266,20.43032455444336,1.958180546760559,1.958180546760559,0.0,0.0,,0.18826109170913696,,0.3032360076904297,0.5332304187119007,1.0058583346182144,-0.001230636827473648,-19.209390958150227,0.9888716787408273,0.014011498049183608,-0.14448704496026038,0.5829336482471088,-0.004090215245860572,-0.14448704496026038,0.5829336482471088,-0.004090215245860572,0.0,0.0,0.0,0.003224820007259647,4.20251750323412e-05,3.525514561720136e-06,0.003224820007259647,4.20251750323412e-05,3.525514561720136e-06,0.003224820007259647,4.20251750323412e-05,3.525514561720136e-06,19.28771864573161,0.9895302312526695,-0.014013674845287667,1.9347864468892415,0.10170167000035912,-0.0007227419746068547,1.9347864468892415,0.10170167000035912,-0.0007227419746068547,0.0,0.0,0.0,0.0,0.0,0.0,0.18500377237796783,0.00922991252088641,-7.40031843323391e-05,0.3051565329233805,0.010379981860036651,0.00018646421368845054
64.38342450699716,1.0,1500.0,0.0,53.0,2031.0,0.3911201976229561,794.0,1237.0,10.095107407306433,1.3353898264652864,11211.548628490804,125.0,0.027314045975002185,33.649999999999984,5.438235294117646,11.442219582203418,136.0,33.922891566265065,7.744578313253012,11.242478689815101,83.0,33.649999999999984,5.438235294117646,11.442219582203418,136.0,0.4399648850017614,-0.007979366297446612,-0.001098127105861758,-0.000391985267657521,-0.0026490066225165598,-0.030820173204279166,-0.02618945668747308,9.4436069024673,53.0,553500.0,368.0,9098.828392982483,60.83200782497334,0.29524993896484375,-18.96640396118164,0.005626797676086426,0.005626797676086426,0.0,0.0030909795314073563,0.0030909795314073563,0.0030909795314073563,19.071504592895508,1.9609736204147339,1.9609736204147339,0.0,0.0,,0.18820373713970184,,0.30550187826156616,0.23374041269222895,0.10142381664965532,0.001117159530636458,-19.138103357950847,0.8154797491765198,-0.038007405655534725,-0.007628972331682841,0.6167340778211937,0.02850599738461556,-0.007628972331682841,0.6167340778211937,0.02850599738461556,0.0,0.0,0.0,0.0031018665603672465,6.353338817289373e-05,-6.0506765362915665e-06,0.0031018665603672465,6.353338817289373e-05,-6.0506765362915665e-06,0.0031018665603672465,6.353338817289373e-05,-6.0506765362915665e-06,19.211590258280435,0.8235634042696591,0.03717796699091091,1.9585233728090923,0.10689080207544159,0.00494607980047099,1.9585233728090923,0.10689080207544159,0.00494607980047099,0.0,0.0,0.0,0.0,0.0,0.0,0.18172856867313386,0.0070652822910805884,0.00037631653042072684,0.30521831711133324,0.00985418870758441,0.00023777292620750417
65.81723966598511,1.0,1500.0,0.0,100.0,1904.0,0.7880324922223082,1500.0,404.0,10.061992380211214,1.2099222752736176,8954.07608664688,8.0,0.001866368047779022,33.7511811023622,2.20472440944882,11.454705300014265,127.0,34.22222222222222,6.266666666666668,11.201371023674747,27.0,33.7511811023622,2.20472440944882,11.454705300014265,127.0,0.4326179645738881,-0.007308734570514091,-0.0013783084905580304,-0.00015417926183703047,-0.002949774116396516,-0.01840287005049163,-0.024776632986041852,8.973742899852363,100.0,555000.0,369.0,9125.707112073898,60.81720497754078,0.24179430305957794,-19.188495635986328,-0.2037719190120697,-0.2037719190120697,0.0,0.003200495382770896,0.003200495382770896,0.003200495382770896,19.274303436279297,1.9245272874832153,1.9245272874832153,0.0,0.0,,0.19386470317840576,,0.3152989149093628,0.22986357510089875,0.0749744978063067,-0.0018204146550680348,-19.426121584574382,0.8404813870522845,-0.007563858541418035,-0.008687418326735497,0.6928685492502601,-0.010588290224119092,-0.008687418326735497,0.6928685492502601,-0.010588290224119092,0.0,0.0,0.0,0.003191295126453042,3.8626014272962524e-05,5.783411664877968e-07,0.003191295126453042,3.8626014272962524e-05,5.783411664877968e-07,0.003191295126453042,3.8626014272962524e-05,5.783411664877968e-07,19.514940770467124,0.8542444285570604,0.007036827350484469,1.9584363937377929,0.12060642559367644,-0.0018396495844551811,1.9584363937377929,0.12060642559367644,-0.0018396495844551811,0.0,0.0,0.0,0.0,0.0,0.0,0.18593626121679943,0.00704263129915865,0.00017250904914932057,0.3075157900651296,0.01267707621963542,0.00046727187906674665
63.947190040248934,1.0,1500.0,0.0,118.0,2083.0,0.8429825576888837,1755.0,328.0,9.998289582394767,1.3819146539260878,9647.604060136931,18.0,0.0037851705429616856,33.967142857142875,2.285714285714285,11.319052101712424,140.0,33.309090909090905,5.354545454545453,11.460350672646637,22.0,33.967142857142875,2.285714285714285,11.319052101712424,140.0,0.42622117531960696,-0.0066401214279444235,-0.0014922070747057415,-0.0003258676756620908,-0.0034452100466770734,-0.028089575461213604,-0.02284496696788203,8.528167827554066,118.0,556500.0,370.0,9154.522311925888,60.78962735991475,0.14475592970848083,-18.822479248046875,1.162594199180603,1.162594199180603,0.0,0.0033263990189880133,0.0033263990189880133,0.0033263990189880133,18.943500518798828,2.163745641708374,2.163745641708374,0.0,0.0,,0.1906002014875412,,0.31569549441337585,0.22223198985060055,0.10826390910846219,-0.004084535868003451,-19.503462473551433,0.8843233669746697,0.012159096757085121,-0.0013867249091466269,0.6524601479631775,-0.024121571727536293,-0.0013867249091466269,0.6524601479631775,-0.024121571727536293,0.0,0.0,0.0,0.00332526551404347,7.577964568256611e-05,5.119650866069653e-06,0.00332526551404347,7.577964568256611e-05,5.119650866069653e-06,0.00332526551404347,7.577964568256611e-05,5.119650866069653e-06,19.581670570373536,0.8705189302346784,-0.011065722625698719,1.959686819712321,0.11427730820370521,-0.004224044833750872,1.959686819712321,0.11427730820370521,-0.004224044833750872,0.0,0.0,0.0,0.0,0.0,0.0,0.182209616402785,0.006273877275583138,-0.00023366089193389264,0.3058346370855967,0.009169217804829051,-0.00023367389025492853
68.0181304386684,1.0,1500.0,0.0,84.0,1980.0,0.6310673368054978,1249.0,731.0,10.232887694629843,1.4166185645997995,9778.891833722328,34.0,0.007701019252548132,33.1954887218045,2.190977443609023,11.577543811287407,133.0,32.80816326530612,5.138775510204083,11.765691030812762,49.0,33.1954887218045,2.190977443609023,11.577543811287407,133.0,0.43572371324762255,-0.005815566845851238,-0.0014133667565244961,-6.007746008096946e-05,-0.0022767075306479967,-0.00788091068301226,-0.022155518661799316,8.779092888712306,84.0,558000.0,371.0,9180.202231168747,60.78297470457359,0.15095949172973633,-20.545452117919922,0.9672669172286987,0.9672669172286987,0.0,0.003134879982098937,0.003134879982098937,0.003134879982098937,20.598957061767578,2.1277737617492676,2.1277737617492676,0.0,0.0,,0.198955237865448,,0.31649667024612427,1.2744213715195656,4.139913025789047,0.064794810081483,-19.143733278910318,0.8876156630174065,0.0013094438461632365,-0.013987685988346736,0.6542927887821365,0.008628291357412209,-0.013987685988346736,0.6542927887821365,0.008628291357412209,0.0,0.0,0.0,0.0032128129930545884,0.00010790948987974971,-1.0174865398278448e-05,0.0032128129930545884,0.00010790948987974971,-1.0174865398278448e-05,0.0032128129930545884,0.00010790948987974971,-1.0174865398278448e-05,19.20836613972982,0.8911522677386648,-0.0003051460783795053,1.9574777404467265,0.11433079859345995,0.001491435961145148,1.9574777404467265,0.11433079859345995,0.001491435961145148,0.0,0.0,0.0,0.0,0.0,0.0,0.18460421065489452,0.0063786024826375,7.657585738100107e-05,0.3039453854163488,0.010719753979753093,-1.5452580404232837e-05
65.14691505432128,1.0,1500.0,0.0,70.0,1974.0,0.5309000666241898,1047.0,927.0,10.002762562174789,1.514746404533162,10350.244046302643,64.8,0.014460412389538517,33.94848484848485,3.109090909090908,11.344357099408684,132.0,33.78387096774194,5.183870967741935,11.374162333620712,62.0,33.94848484848485,3.109090909090908,11.344357099408684,132.0,0.4264210290496762,-0.006775934842973597,-0.0013935714411640048,-0.00023394358876362018,-0.0030283142696418703,-0.020860678792424526,-0.02328893465534452,8.641547603789439,70.0,559500.0,372.0,9204.785941839218,60.78359709125465,0.20731255412101746,-19.629154205322266,-0.12920501828193665,-0.12920501828193665,0.0,0.003116954816505313,0.003116954816505313,0.003116954816505313,19.794265747070312,1.937610387802124,1.937610387802124,0.0,0.0,,0.19250062108039856,,0.3057596683502197,0.23075177967548371,0.07852242417622333,-0.0015140128546747744,-19.077387237548827,0.9127742072968458,-0.01884083137894065,0.0842871387799581,0.5851375363343568,-0.014874745416429087,0.0842871387799581,0.5851375363343568,-0.014874745416429087,0.0,0.0,0.0,0.0031049659786125026,3.805003423364113e-05,-3.3357208625762495e-07,0.0031049659786125026,3.805003423364113e-05,-3.3357208625762495e-07,0.0031049659786125026,3.805003423364113e-05,-3.3357208625762495e-07,19.140534909566245,0.9314725129021026,0.017809769627249537,1.9745904882748921,0.10133053025001976,-0.002583520404489037,1.9745904882748921,0.10133053025001976,-0.002583520404489037,0.0,0.0,0.0,0.0,0.0,0.0,0.18268332829078038,0.008515639338453502,0.00017961358135613496,0.3062057455380758,0.010001707094974376,0.00034816670868631727
61.47165817260742,1.0,1500.0,0.0,75.0,2027.0,0.5551328543450883,1125.0,902.0,10.033582373385247,1.39139507310342,10791.830731100883,91.0,0.019764562790495634,33.85441176470589,4.524999999999999,11.408432324059135,136.0,33.30491803278689,7.022950819672129,11.505314406961379,61.0,33.85441176470589,4.524999999999999,11.408432324059135,136.0,0.4223723088893837,-0.007697044991540131,-0.0016898397570993446,-0.00013708687197906414,-0.004026030368763592,-0.04056399132321041,-0.024691537432957548,8.676896718061808,75.0,561000.0,373.0,9229.899888753891,60.78072425070901,0.36471185088157654,-18.89569091796875,-1.5348408222198486,-1.5348408222198486,0.0,0.0034170851577073336,0.0034170851577073336,0.0034170851577073336,18.982566833496094,1.689719796180725,1.689719796180725,0.0,0.0,,0.17358165979385376,,0.29849931597709656,0.9441517854730288,3.73096544625869,0.037442112569018644,-19.307864507039387,1.0315279824900891,0.04624986149975709,0.14065164799491564,0.7905182551916655,-0.04416978202586182,0.14065164799491564,0.7905182551916655,-0.04416978202586182,0.0,0.0,0.0,0.0033873078723748525,0.00017441257281806442,1.7108925378925857e-05,0.0033873078723748525,0.00017441257281806442,1.7108925378925857e-05,0.0033873078723748525,0.00017441257281806442,1.7108925378925857e-05,19.384421412150065,1.013440268452572,-0.043904726497324166,1.9844147125879923,0.13918778040476404,-0.007767612650344108,1.9844147125879923,0.13918778040476404,-0.007767612650344108,0.0,0.0,0.0,0.0,0.0,0.0,0.18324988981088003,0.009113674516958074,-0.00023439477495145004,0.3087236970663071,0.011021185171007078,-1.6900303631660363e-05
62.86611560474743,1.0,1500.0,0.0,110.0,1885.0,0.8735236706840258,1646.0,239.0,10.116872136353134,1.2464852928242551,9111.246028113555,29.400000000000002,0.006948711888442449,33.57936507936507,3.0539682539682556,11.49475406443482,126.0,34.1125,8.412500000000001,11.299087592632757,16.0,33.57936507936507,3.0539682539682556,11.49475406443482,126.0,0.4346485990186839,-0.007164631219408199,-0.0014858751016063876,-0.0005414158055152259,-0.0025353308667435143,-0.037938982228422395,-0.024792325554747963,8.880177877699543,110.0,562500.0,374.0,9257.400506734848,60.762197723948084,0.4163757562637329,-19.65743637084961,0.6621829271316528,0.6621829271316528,0.0,0.003265345934778452,0.003265345934778452,0.003265345934778452,19.816370010375977,2.0756778717041016,2.0756778717041016,0.0,0.0,,0.18313957750797272,,0.3158590495586395,0.7391134336590767,2.6359106939790755,-0.024153649985989165,-19.489875729878744,0.9129956632585573,0.0022759082187403935,-0.13546577369173368,0.7646550023628261,0.00968517502137896,-0.13546577369173368,0.7646550023628261,0.00968517502137896,0.0,0.0,0.0,0.0032931310047085087,7.349564232285577e-05,-6.046599332446327e-06,0.0032931310047085087,7.349564232285577e-05,-6.046599332446327e-06,0.0032931310047085087,7.349564232285577e-05,-6.046599332446327e-06,19.574987093607586,0.9114724498056016,-0.0027764049865252063,1.9362046798070272,0.13360393453501618,0.0016894865619459408,1.9362046798070272,0.13360393453501618,0.0016894865619459408,0.0,0.0,0.0,0.0,0.0,0.0,0.18280635476112367,0.00767120800045033,-0.00017627769370498538,0.3076102674007416,0.012042723877782973,-0.00013171724801069813
65.97848011198498,1.0,1500.0,0.0,84.0,1910.0,0.6590223751225665,1258.0,652.0,10.316007769275437,1.6376904858059647,9812.21610684018,31.200000000000003,0.00740073058494236,32.935937500000016,2.4203125,11.69897452931696,128.0,32.90454545454545,4.677272727272728,11.736324007753309,44.0,32.935937500000016,2.4203125,11.69897452931696,128.0,0.44273532577642194,-0.0067028944986551155,-0.001558830494346227,-5.322784055761152e-05,-0.0034329563812601238,-0.0210016155088853,-0.024226724033479335,9.124939970381961,84.0,564000.0,375.0,9282.819474220276,60.75740259371725,0.4332638382911682,-16.921104431152344,-0.653652548789978,-0.653652548789978,0.0,0.003229317022487521,0.003229317022487521,0.003229317022487521,17.040008544921875,1.8460309505462646,1.8460309505462646,0.0,0.0,,0.17824280261993408,,0.2763550579547882,0.220120753099521,0.08384118522312321,0.0022646846691015935,-19.08067855834961,0.875172816834121,0.01561722972899638,-0.06217373535037041,0.5971474481667988,0.00769950990980539,-0.06217373535037041,0.5971474481667988,0.00769950990980539,0.0,0.0,0.0,0.0033244743244722486,5.874125077949235e-05,-1.9331415545391127e-06,0.0033244743244722486,5.874125077949235e-05,-1.9331415545391127e-06,0.0033244743244722486,5.874125077949235e-05,-1.9331415545391127e-06,19.14390296936035,0.8746522950207609,-0.015206873536242914,1.9490476409594217,0.10464705998973302,0.0013485324793848026,1.9490476409594217,0.10464705998973302,0.0013485324793848026,0.0,0.0,0.0,0.0,0.0,0.0,0.18328135510285695,0.00961979198422341,-3.8417573765469084e-05,0.3038020759820938,0.017415760209216237,8.495202053905738e-05
66.08326985285832,1.0,1500.0,0.0,52.0,2041.0,0.3772638337772166,769.0,1272.0,10.090326167003008,1.4439060825640675,11192.143152201843,76.60000000000001,0.01660452614237406,33.672992700729914,3.7080291970802923,11.403811342789052,137.0,33.604705882352945,5.461176470588237,11.394267268889948,85.0,33.672992700729914,3.7080291970802923,11.403811342789052,137.0,0.4301478565191232,-0.006796074965961115,-0.0016309683706486858,-0.0002084338057079257,-0.004803659931376321,-0.01391536408692337,-0.02402275807618694,8.765080572965323,52.0,565500.0,376.0,9306.095655679703,60.7666223218825,0.1767626404762268,-18.718242645263672,-1.2975696325302124,-1.2975696325302124,0.0,0.003390389494597912,0.003390389494597912,0.003390389494597912,18.83629608154297,1.7318189144134521,1.7318189144134521,0.0,0.0,,0.16507472097873688,,0.30817580223083496,0.22773513992627462,0.10346624305532412,-0.0027159513136966696,-19.66962636311849,0.9872042703250377,-0.009226385504835915,0.0639487162232399,0.6557942917145929,0.008221745839108363,0.0639487162232399,0.6557942917145929,0.008221745839108363,0.0,0.0,0.0,0.003365705534815788,8.190330899221996e-05,1.0380030374493888e-07,0.003365705534815788,8.190330899221996e-05,1.0380030374493888e-07,0.003365705534815788,8.190330899221996e-05,1.0380030374493888e-07,19.738232421875,0.9783703224009456,0.009858494844531508,1.9712773521741231,0.11510597652826171,0.0014228784998213302,1.9712773521741231,0.11510597652826171,0.0014228784998213302,0.0,0.0,0.0,0.0,0.0,0.0,0.18202928751707076,0.008011131478215158,3.325992550812401e-05,0.30669756333033243,0.012727675495325443,0.0002594549743431598
61.44563708098038,1.0,1500.0,0.0,23.0,1997.0,0.1684565856156991,336.0,1661.0,10.114056043209036,2.0131416006096767,12226.825116150529,218.0,0.04841647048372052,33.60149253731344,6.989552238805971,11.471209573490126,134.0,33.5963963963964,7.918918918918919,11.454062992167673,111.0,33.60149253731344,6.989552238805971,11.471209573490126,134.0,0.43544959488605983,-0.00816152023856854,-0.0017276217297077451,-0.0005185294085428531,-0.006742226097064824,-0.041848299912816043,-0.026134781052253503,9.035224715988369,23.0,567000.0,377.0,9327.117306470871,60.79048663906399,0.14461110532283783,-20.58981704711914,-0.40328729152679443,-0.40328729152679443,0.0,0.0034986892715096474,0.0034986892715096474,0.0034986892715096474,20.695072174072266,1.8886876106262207,1.8886876106262207,0.0,0.0,,0.19556361436843872,,0.3094140589237213,0.5378870653609434,1.4743324371098379,0.05611325327858114,-19.302940305074056,0.8953220479656553,-0.015598367981703437,0.2681224785745144,0.6480644126086141,-0.01787241893396761,0.2681224785745144,0.6480644126086141,-0.01787241893396761,0.0,0.0,0.0,0.003476555381591121,5.170349462730204e-05,1.475209053253525e-06,0.003476555381591121,5.170349462730204e-05,1.475209053253525e-06,0.003476555381591121,5.170349462730204e-05,1.475209053253525e-06,19.366351826985678,0.8837449082923238,0.014406243686017986,2.007285149892171,0.11440427549274762,-0.0031479101955427,2.007285149892171,0.11440427549274762,-0.0031479101955427,0.0,0.0,0.0,0.0,0.0,0.0,0.18536153783400852,0.008347800395198942,0.0005434167298909925,0.3077133446931839,0.011398036792743406,-6.886547611606381e-05
64.71297789874829,1.0,1500.0,0.0,76.0,2007.0,0.5667905300080025,1137.0,870.0,10.09678402799431,1.308567510069226,10252.199685151889,59.800000000000004,0.013267660631877884,33.635820895522386,3.7791044776119413,11.442583126924829,134.0,34.172413793103445,6.5965517241379334,11.240984175242556,58.0,33.635820895522386,3.7791044776119413,11.442583126924829,134.0,0.44003824004564684,-0.006861835365244436,-0.0009493138995601822,-0.00036211831432264173,-0.004439314569830457,-0.027479357187250288,-0.02439793620977937,9.05769828934799,76.0,568500.0,378.0,9352.120050668716,60.78835567977443,0.10990863293409348,-18.374114990234375,0.3700396418571472,0.3700396418571472,0.0,0.003352581290528178,0.003352581290528178,0.003352581290528178,18.478647232055664,2.024941921234131,2.024941921234131,0.0,0.0,,0.18102523684501648,,0.3007259666919708,0.47337627584735553,1.2234910088693225,-0.017437629474614982,-19.474170112609862,1.1658040879026823,-0.023811884743219987,-0.009227857490380605,0.5156190327390302,-0.00576834443944182,-0.009227857490380605,0.5156190327390302,-0.00576834443944182,0.0,0.0,0.0,0.003441020178919037,6.477585707860244e-05,-6.643568038178115e-06,0.003441020178919037,6.477585707860244e-05,-6.643568038178115e-06,0.003441020178919037,6.477585707860244e-05,-6.643568038178115e-06,19.54643580118815,1.1898942561148387,0.02584813916775972,1.9583771785100301,0.09081048349227176,-0.0010207132184598818,1.9583771785100301,0.09081048349227176,-0.0010207132184598818,0.0,0.0,0.0,0.0,0.0,0.0,0.18647068639596304,0.0076742272429498925,-1.4408743288685428e-05,0.309370885292689,0.012269207405499777,-0.00015841539497503209
60.76810569763184,1.0,1500.0,0.0,10.0,1967.0,0.07341062029887475,144.0,1823.0,10.1389999378598,2.340663116163719,12564.351881773997,233.8,0.05285526970203915,33.51060606060607,7.580303030303031,11.478289743580076,132.0,33.42786885245903,7.977049180327869,11.488878028854243,122.0,33.51060606060607,7.580303030303031,11.478289743580076,132.0,0.4220868211846692,-0.00817869434840997,-0.0013832564079324231,-0.0008479213459258922,-0.004613385315139695,-0.044509421702404156,-0.025975483533214258,8.968648425257374,10.0,570000.0,379.0,9371.66604065895,60.82162952959019,0.5306203365325928,-19.024642944335938,0.21102190017700195,0.21102190017700195,0.0,0.0034358249977231026,0.0034358249977231026,0.0034358249977231026,19.102798461914062,1.9971953630447388,1.9971953630447388,0.0,0.0,,0.17881014943122864,,0.2765025496482849,0.24199003204703332,0.13905047487213712,0.00424876570602147,-19.944150733947755,0.8425571512683605,-0.007009457003685067,0.18018868739406269,0.5286726140503384,0.007836223372959588,0.18018868739406269,0.5286726140503384,0.007836223372959588,0.0,0.0,0.0,0.0034459377794216076,6.483648003789115e-05,3.938761553224612e-06,0.0034459377794216076,6.483648003789115e-05,3.938761553224612e-06,0.0034459377794216076,6.483648003789115e-05,3.938761553224612e-06,20.027278963724772,0.8412873430142597,0.006283534965472377,1.9918015440305075,0.09327952870061927,0.001387182597456277,1.9918015440305075,0.09327952870061927,0.001387182597456277,0.0,0.0,0.0,0.0,0.0,0.0,0.18756288439035415,0.008299361213835288,-7.241847981866268e-05,0.3100699583689372,0.014959478065587476,-0.0003632518950771113
65.39781247115717,1.0,1500.0,0.0,123.0,2035.0,0.9001075536194068,1831.0,204.0,10.223814796539756,1.2920924873570998,9480.855832001333,8.0,0.0017578554163920018,33.2189781021898,1.6291970802919704,11.581684776479586,137.0,32.15714285714286,4.4,11.841905814928854,14.0,33.2189781021898,1.6291970802919704,11.581684776479586,137.0,0.4360153724782638,-0.006656967921036421,-0.0015152648553733677,-0.00012592170676883893,-0.003997389459944532,-0.021972045466905968,-0.024137457425886105,8.949673372934177,123.0,571500.0,380.0,9400.164427518845,60.79680886506007,0.13181786239147186,-19.76193618774414,-0.3880441188812256,-0.3880441188812256,0.0,0.0033290917053818703,0.0033290917053818703,0.0033290917053818703,19.873027801513672,1.8919806480407715,1.8919806480407715,0.0,0.0,,0.1909489631652832,,0.3039041757583618,0.930110165476799,3.8260550023445004,0.05441333172186065,-19.539355850219728,1.0472942140495511,-0.043163784990320656,0.08139644066492717,0.5943979155492135,-0.021634520684784338,0.08139644066492717,0.5943979155492135,-0.021634520684784338,0.0,0.0,0.0,0.0034081224507341783,4.718256872229214e-05,-4.285610735714821e-06,0.0034081224507341783,4.718256872229214e-05,-4.285610735714821e-06,0.0034081224507341783,4.718256872229214e-05,-4.285610735714821e-06,19.618007596333822,1.0722520458811369,0.04426133364803621,1.9744133869806926,0.10467725940945313,-0.0038136850342204653,1.9744133869806926,0.10467725940945313,-0.0038136850342204653,0.0,0.0,0.0,0.0,0.0,0.0,0.18800916175047558,0.008090378099833038,0.00015252178184712664,0.31228773593902587,0.01279245333551211,0.00037986852966240145
62.00569591824971,1.0,1500.0,0.0,63.0,1807.0,0.5227040577603754,944.0,863.0,10.446469498089321,1.299888548722873,9367.150885395135,64.4,0.016370106761565837,32.51239669421488,4.006611570247934,11.8524080175862,121.0,32.031034482758635,5.424137931034483,11.95263593063345,58.0,32.51239669421488,4.006611570247934,11.8524080175862,121.0,0.4439549572855161,-0.008266130405231857,-0.0016120519026895106,-0.00037249004655541177,-0.0020840082064571865,-0.04594536227189289,-0.0272333714384609,9.314788357441781,63.0,573000.0,381.0,9423.634583950043,60.804564830634526,0.1355862021446228,-20.808547973632812,0.057031504809856415,0.057031504809856415,0.0,0.0034750362392514944,0.0034750362392514944,0.0034750362392514944,20.93101692199707,1.970072627067566,1.970072627067566,0.0,0.0,,0.19791355729103088,,0.33996129035949707,0.7545310472448666,2.859216762649836,0.09609246780729135,-19.403710047403973,0.9931264044638386,0.002647040073280621,0.08197656621535619,0.5325128145185939,-0.0027559250990991774,0.08197656621535619,0.5325128145185939,-0.0027559250990991774,0.0,0.0,0.0,0.0034409953203673165,7.053028455829186e-05,7.215864154550517e-06,0.0034409953203673165,7.053028455829186e-05,7.215864154550517e-06,0.0034409953203673165,7.053028455829186e-05,7.215864154550517e-06,19.498182106018067,0.9971753859144908,-0.0004961911244972276,1.9744107007980347,0.09395774653143565,-0.00048942650783319,1.9744107007980347,0.09395774653143565,-0.00048942650783319,0.0,0.0,0.0,0.0,0.0,0.0,0.18578254381815593,0.008209138689245,9.305793398346545e-05,0.3092338085174561,0.014203870308654673,0.0008126209389513618
61.001278935646525,1.0,1500.0,0.0,98.0,1881.0,0.7766216326885114,1460.0,421.0,9.92312883060943,1.2335224642277296,9246.861870712271,45.6,0.010491441192711209,34.2236220472441,3.8314960629921284,11.31544775179195,127.0,34.86896551724138,7.186206896551725,11.061652929016494,29.0,34.2236220472441,3.8314960629921284,11.31544775179195,127.0,0.42769508958450203,-0.007609226381363409,-0.0013822128926240605,-0.0002093122062949131,-0.0033089469091885653,-0.04668098530102691,-0.024900069983656688,8.762900982311917,98.0,574500.0,382.0,9450.339282035828,60.79146820602181,0.24791255593299866,-17.762664794921875,-0.26502060890197754,-0.26502060890197754,0.0,0.0035600203555077314,0.0035600203555077314,0.0035600203555077314,17.91034507751465,1.9129927158355713,1.9129927158355713,0.0,0.0,,0.19261687994003296,,0.30139344930648804,1.3314202877382437,5.774890521037187,0.1099546041899051,-19.727680079142253,0.8643153749072535,0.012853857089202968,0.07311078955729802,0.6667812722385458,-0.008348951983504894,0.07311078955729802,0.6667812722385458,-0.008348951983504894,0.0,0.0,0.0,0.0035564931963259975,6.156325380543384e-05,5.553075339276288e-06,0.0035564931963259975,6.156325380543384e-05,5.553075339276288e-06,0.0035564931963259975,6.156325380543384e-05,5.553075339276288e-06,19.803501319885253,0.8568010114317322,-0.012943724822149923,1.9729680975278219,0.11824504977277056,-0.001477444689053713,1.9729680975278219,0.11824504977277056,-0.001477444689053713,0.0,0.0,0.0,0.0,0.0,0.0,0.18398778686920803,0.007197125486568381,-2.2746985560664565e-05,0.30842257936795553,0.013221672703406316,-0.00037641435099126306
62.68467082808503,1.0,1500.0,0.0,113.0,1850.0,0.9163809320018104,1695.0,155.0,10.095261637156378,1.3883839009919439,8739.504886733173,22.400000000000002,0.005369899793834204,33.64032258064516,2.753225806451613,11.425527987547454,124.0,34.38181818181818,8.836363636363638,11.135748952064738,11.0,33.64032258064516,2.753225806451613,11.425527987547454,124.0,0.4334770706258447,-0.007160116253212128,-0.001818411864517954,-0.00039137323293883,-0.004417741650468282,-0.0359604170348118,-0.024782477509636833,8.756924848755835,113.0,576000.0,383.0,9477.890501976013,60.77301693661809,3.767930507659912,-18.840961456298828,0.03589776158332825,0.03589776158332825,0.0,0.0034726792946457863,0.0034726792946457863,0.0034726792946457863,18.959590911865234,1.966339349746704,1.966339349746704,0.0,0.0,,0.18291017413139343,,0.33456701040267944,0.5674434209863345,0.9727021593426262,0.03631948376855542,-19.41335767110189,1.020262465893102,0.011033121179023251,-0.1654495065410932,0.6519496793446062,-0.042512481870985414,-0.1654495065410932,0.6519496793446062,-0.042512481870985414,0.0,0.0,0.0,0.0036042843712493777,6.800522874095558e-05,-2.1734038726316198e-07,0.0036042843712493777,6.800522874095558e-05,-2.1734038726316198e-07,0.0036042843712493777,6.800522874095558e-05,-2.1734038726316198e-07,19.498690795898437,1.0112217109254467,-0.01009442220142634,1.9304406960805258,0.11599139183850461,-0.007551079464701342,1.9304406960805258,0.11599139183850461,-0.007551079464701342,0.0,0.0,0.0,0.0,0.0,0.0,0.1847025915980339,0.01004263079850003,-0.00011826405867321303,0.3124695618947347,0.015588975741254774,0.0004650196456272605
61.86857631206512,1.0,1500.0,0.0,80.0,2080.0,0.5754087360637921,1196.0,884.0,9.828998244828762,1.3819951314317995,10682.890445049145,103.2,0.02149283572142619,34.543884892086325,4.130935251798561,11.162309597680318,139.0,34.61016949152544,6.45762711864407,11.091427570573815,59.0,34.543884892086325,4.130935251798561,11.162309597680318,139.0,0.42127007407573297,-0.007429271983652287,-0.0008350345307395905,-0.00035294306182783987,-0.0031972733912196943,-0.03919500121723606,-0.024147886879374317,8.554246572634835,80.0,577500.0,384.0,9503.609951257706,60.76638277053593,0.21136096119880676,-21.274078369140625,0.4102095663547516,0.4102095663547516,0.0,0.003527707187458873,0.003527707187458873,0.003527707187458873,21.321151733398438,2.0326404571533203,2.0326404571533203,0.0,0.0,,0.1887741982936859,,0.31003087759017944,0.3972518632809321,0.32074108399820844,-0.0029962319221857434,-19.52199338277181,1.024835767519014,-0.013253050943104857,0.0372213251888752,0.803993528033223,-0.0312591047006534,0.0372213251888752,0.803993528033223,-0.0312591047006534,0.0,0.0,0.0,0.0036854099482297896,0.0001651087174906984,9.535462932207295e-06,0.0036854099482297896,0.0001651087174906984,9.535462932207295e-06,0.0036854099482297896,0.0001651087174906984,9.535462932207295e-06,19.62414919535319,1.0422580766523435,0.01612416862513207,1.966605007648468,0.14367542370039282,-0.005572619056277362,1.966605007648468,0.14367542370039282,-0.005572619056277362,0.0,0.0,0.0,0.0,0.0,0.0,0.18434761861960094,0.006812566254079138,-8.432525018431481e-05,0.3141519665718079,0.011256239955366993,-0.000162145067772963
61.571029896638834,1.0,1500.0,0.0,49.0,1901.0,0.38341571880801917,728.0,1173.0,10.332902220222651,1.1153887243438503,10272.767297843151,145.0,0.034464727134436206,32.86875000000002,5.604687500000001,11.72837824833892,128.0,32.79493670886078,7.3265822784810135,11.687332538929237,79.0,32.86875000000002,5.604687500000001,11.72837824833892,128.0,0.4440022613397461,-0.008449470012143802,-0.0012562873186632534,-0.0002533832255456559,-0.004192115491393692,-0.048098278734036645,-0.02726939611257847,9.454745548817959,49.0,579000.0,385.0,9526.708989143372,60.7764969686623,0.3935391306877136,-17.999788284301758,0.6947728395462036,0.6947728395462036,0.0,0.003507754998281598,0.003507754998281598,0.003507754998281598,18.144813537597656,2.0829057693481445,2.0829057693481445,0.0,0.0,,0.1804625540971756,,0.28759685158729553,0.3331534519791603,0.29855651315836407,0.003103107813998507,-19.343853378295897,0.838424301143816,0.013368671489372378,0.10210053436458111,0.4874523624555336,0.0021702642460354683,0.10210053436458111,0.4874523624555336,0.0021702642460354683,0.0,0.0,0.0,0.0035429735435172915,5.450310200265206e-05,-3.01730504116518e-06,0.0035429735435172915,5.450310200265206e-05,-3.01730504116518e-06,0.0035429735435172915,5.450310200265206e-05,-3.01730504116518e-06,19.45067939758301,0.8363908319858033,-0.010145903217116328,1.9780957500139873,0.08644650812183143,0.000378291333742709,1.9780957500139873,0.08644650812183143,0.000378291333742709,0.0,0.0,0.0,0.0,0.0,0.0,0.18335746675729753,0.005416587177290359,6.5862767820963515e-06,0.30887751281261444,0.011123108368669345,-0.00046882937694419085
61.247966046236,1.0,1500.0,0.0,49.0,1909.0,0.3838568729332728,732.0,1177.0,10.191289394143617,1.6952930944849218,10766.529996354499,135.0,0.03164556962025317,33.328125,5.804687500000002,11.582212928244516,128.0,33.078481012658216,7.68354430379747,11.6340584652048,79.0,33.328125,5.804687500000002,11.582212928244516,128.0,0.4328864919740212,-0.007977785992884828,-0.0009326636356345062,-0.0006253936048989177,-0.0037866449511400825,-0.046145494028230184,-0.025821804571848277,8.980772029477416,49.0,580500.0,386.0,9549.496716737747,60.788543859336244,0.17672711610794067,-20.24293327331543,-0.04991863667964935,-0.04991863667964935,0.0,0.0037726685404777527,0.0037726685404777527,0.0037726685404777527,20.247013092041016,1.9510538578033447,1.9510538578033447,0.0,0.0,,0.18665054440498352,,0.3090052008628845,0.25793833782275516,0.10763731384951958,0.00023925053463363339,-19.50945765177409,0.915558546362639,0.008981280809515425,0.08840502748886744,0.7138170731294903,-0.016587726773489055,0.08840502748886744,0.7138170731294903,-0.016587726773489055,0.0,0.0,0.0,0.0036544260336086156,6.878839228225854e-05,6.324328011827899e-06,0.0036544260336086156,6.878839228225854e-05,6.324328011827899e-06,0.0036544260336086156,6.878839228225854e-05,6.324328011827899e-06,19.594853401184082,0.9088827544908283,-0.009004061638447611,1.975679842631022,0.12712531452223189,-0.002942859980633074,1.975679842631022,0.12712531452223189,-0.002942859980633074,0.0,0.0,0.0,0.0,0.0,0.0,0.18502485553423564,0.007876281611271163,-9.24576774190102e-06,0.31215125918388364,0.013338554610615578,-1.0078422750073154e-05
63.46306217050998,1.0,1500.0,0.0,107.0,1949.0,0.8214275605239106,1600.0,349.0,9.946695858321265,1.2230237276073694,9204.82652429021,31.0,0.0069295422031473534,34.1496183206107,2.7587786259541986,11.26564022862215,131.0,34.5,6.558333333333331,11.09036980333051,24.0,34.1496183206107,2.7587786259541986,11.26564022862215,131.0,0.4278675546607321,-0.006848546366520009,-0.0009561005104485583,-8.570959606663393e-05,-0.004280706070484059,-0.031213481763946123,-0.023746667492841298,8.647994954560925,107.0,582000.0,387.0,9577.033735513687,60.77038215306892,15.521900177001953,-19.88288116455078,-0.7563223242759705,-0.7563223242759705,0.0,0.0036727699916809797,0.0036727699916809797,0.0036727699916809797,20.124713897705078,1.8251032829284668,1.8251032829284668,0.0,0.0,,0.18508028984069824,,0.3126530349254608,0.9433103621006012,2.7282585806748445,0.09061522044249717,-19.435032971700032,1.0085060329053168,-0.005098808806252567,-0.09070035740733147,0.6496072280939506,0.003140110649309394,-0.09070035740733147,0.6496072280939506,0.003140110649309394,0.0,0.0,0.0,0.0036528565532838305,5.245548049580947e-05,-1.5040784473381398e-06,0.0036528565532838305,5.245548049580947e-05,-1.5040784473381398e-06,0.0036528565532838305,5.245548049580947e-05,-1.5040784473381398e-06,19.517050806681315,1.0169424180860598,0.006429841547574206,1.9437318444252014,0.11585470555206705,0.0005590060926783009,1.9437318444252014,0.11585470555206705,0.0005590060926783009,0.0,0.0,0.0,0.0,0.0,0.0,0.18441230654716492,0.006785982061783951,-0.00014864359469515012,0.30745131969451905,0.010352387302654571,-0.00012832712941494178
65.06798729752049,1.0,1500.0,0.0,66.0,1851.0,0.5282085457060043,977.0,874.0,10.36335895224702,1.4683056233006224,9633.168601525054,99.0,0.02415930499292303,32.78240000000001,4.046400000000001,11.767756056378454,125.0,32.69830508474576,6.867796610169492,11.752655674687652,59.0,32.78240000000001,4.046400000000001,11.767756056378454,125.0,0.4468278871249648,-0.007069748061913162,-0.0009491089077786279,-0.00038296985746402463,-0.0068572612388647725,-0.02605137766728817,-0.025025273501778314,9.41236251801399,66.0,583500.0,388.0,9600.782038927078,60.77629901753381,0.30017033219337463,-19.13274574279785,-0.40266579389572144,-0.40266579389572144,0.0,0.0038651523645967245,0.0038651523645967245,0.0038651523645967245,19.310558319091797,1.8875253200531006,1.8875253200531006,0.0,0.0,,0.1895693838596344,,0.29291874170303345,0.39986662318309146,0.3791497576856383,-0.011023768537301798,-19.21342601776123,0.9510899463979827,0.0006190379549057825,0.19247203146417935,0.5466626292466719,-0.02222236459359975,0.19247203146417935,0.5466626292466719,-0.02222236459359975,0.0,0.0,0.0,0.0038237565119440355,7.421873925564258e-05,6.190252265539565e-06,0.0038237565119440355,7.421873925564258e-05,6.190252265539565e-06,0.0038237565119440355,7.421873925564258e-05,6.190252265539565e-06,19.30262819925944,0.9725895489727164,-6.506880610666336e-05,1.9945229291915894,0.0983026212346786,-0.003990280323219551,1.9945229291915894,0.0983026212346786,-0.003990280323219551,0.0,0.0,0.0,0.0,0.0,0.0,0.182443268597126,0.006651080603200185,-5.577594804287125e-05,0.30039064089457196,0.011686908652985733,0.00021733391669488198
64.46651374687583,1.0,1500.0,0.0,118.0,1993.0,0.8828572855960818,1759.0,234.0,10.0800865505885,1.3201780250432051,9295.104131678678,16.8,0.003721589650436401,33.68805970149254,1.8731343283582083,11.335342611769956,134.0,33.0125,5.412499999999995,11.471276509850513,16.0,33.68805970149254,1.8731343283582083,11.335342611769956,134.0,0.430839792257905,-0.006948924996419093,-0.0011778903252444356,-0.00018851366843916395,-0.005212366043875835,-0.023060090893788923,-0.024351583508105783,8.595875790155228,118.0,585000.0,389.0,9629.093213558197,60.75338425183107,0.1765541136264801,-19.48422622680664,0.1180637776851654,0.1180637776851654,0.0,0.003938490524888039,0.003938490524888039,0.003938490524888039,19.487701416015625,1.9813232421875,1.9813232421875,0.0,0.0,,0.18672029674053192,,0.3008870482444763,0.44861230850219724,0.6198568126053858,0.00577359995136536,-19.389311408996583,0.7975320712038931,-6.707290123230478e-05,0.023830421765645347,0.5712172008314808,0.008823971216617627,0.023830421765645347,0.5712172008314808,0.008823971216617627,0.0,0.0,0.0,0.0038648504453400773,6.120768024639589e-05,-3.894780336716641e-06,0.0038648504453400773,6.120768024639589e-05,-3.894780336716641e-06,0.0038648504453400773,6.120768024639589e-05,-3.894780336716641e-06,19.47222766876221,0.7795181858566588,0.0023071641253678363,1.9643242557843525,0.10294604469453197,0.0015866018906317977,1.9643242557843525,0.10294604469453197,0.0015866018906317977,0.0,0.0,0.0,0.0,0.0,0.0,0.18002005020777384,0.009553976134669349,8.991679572422033e-05,0.3011067032814026,0.01219635175689174,-0.0003338270776131312
63.80613677566116,1.0,1500.0,0.0,111.0,1852.0,0.8929741331352742,1653.0,199.0,10.159253877503163,1.2074849400400411,8587.8423921849,16.2,0.0038767110175169906,33.43040000000001,2.3392,11.511094541946743,125.0,32.25714285714286,5.271428571428573,11.944069203423783,14.0,33.43040000000001,2.3392,11.511094541946743,125.0,0.43446569026101917,-0.00704637398877418,-0.0010149892318792816,-0.00017556948471286936,-0.002662099633435512,-0.03281052821344871,-0.02405474311988869,8.83066071769528,111.0,586500.0,390.0,9656.59878730774,60.73567028288189,0.2329382747411728,-18.533580780029297,0.6074313521385193,0.6074313521385193,0.0,0.0038842582143843174,0.0038842582143843174,0.0038842582143843174,18.66714859008789,2.069427490234375,2.069427490234375,0.0,0.0,,0.17601686716079712,,0.3095456659793854,0.3188512792189916,0.16905641265683707,0.004995472180564886,-19.248871994018554,1.03095266808013,0.014735501706269142,0.019171020636955898,0.6393893807440478,0.030987082166520612,0.019171020636955898,0.6393893807440478,0.030987082166520612,0.0,0.0,0.0,0.003770090554219981,7.126143730862831e-05,3.101253567120463e-06,0.003770090554219981,7.126143730862831e-05,3.101253567120463e-06,0.003770090554219981,7.126143730862831e-05,3.101253567120463e-06,19.367369842529296,1.0077709044878207,-0.014678616465398262,1.963383106390635,0.11461487616297543,0.0055616276680560675,1.963383106390635,0.11461487616297543,0.0055616276680560675,0.0,0.0,0.0,0.0,0.0,0.0,0.18062598357597986,0.009531163126213908,-0.00041585859321514244,0.3018825829029083,0.013769568017516992,-9.727216801203733e-05
64.75875403086344,1.0,1500.0,0.0,60.0,2076.0,0.42853454123279855,889.0,1187.0,10.080550461393452,1.527607849676406,11033.836183529833,90.60000000000001,0.01921364041226619,33.681428571428576,3.734285714285712,11.38378535890926,140.0,32.552499999999995,5.652499999999998,11.71719326369001,80.0,33.681428571428576,3.734285714285712,11.38378535890926,140.0,0.41018238780198374,-0.0062571797638312525,-0.0007923872381693085,-0.0002092694222711149,-0.00420318935473654,-0.018639771887210898,-0.021079982315984565,8.102474291799332,60.0,588000.0,391.0,9680.798166036606,60.73879342541151,0.9114810228347778,-18.94830322265625,-0.10209500789642334,-0.10209500789642334,0.0,0.0037900337483733892,0.0037900337483733892,0.0037900337483733892,19.06912612915039,1.9416881799697876,1.9416881799697876,0.0,0.0,,0.19202008843421936,,0.3110811114311218,0.5450784971316656,1.0843263287431688,0.0005666828725706572,-19.499816830952962,0.9546708921957306,-0.014501671796380046,0.03134571934739749,0.5975679676740153,2.1597691651049774e-05,0.03134571934739749,0.5975679676740153,2.1597691651049774e-05,0.0,0.0,0.0,0.0038441540983815987,7.371620311110841e-05,2.0245377086226626e-06,0.0038441540983815987,7.371620311110841e-05,2.0245377086226626e-06,0.0038441540983815987,7.371620311110841e-05,2.0245377086226626e-06,19.610672442118325,0.9577301355176667,0.014875364462710936,1.9656817396481832,0.10765758686808695,4.432172213006139e-06,1.9656817396481832,0.10765758686808695,4.432172213006139e-06,0.0,0.0,0.0,0.0,0.0,0.0,0.18287920902172725,0.009097684084424887,1.788646877805939e-05,0.30800592998663584,0.013765818793017746,0.00014984348459423514
66.69567657098537,1.0,1500.0,0.0,41.0,2005.0,0.30483766302693655,611.0,1394.0,10.191683607681897,1.665808365992334,11202.572975111534,137.0,0.030683090705487123,33.32089552238805,4.843283582089554,11.515340595179262,134.0,32.993548387096766,6.636559139784949,11.570052891941309,93.0,33.32089552238805,4.843283582089554,11.515340595179262,134.0,0.4267035106787885,-0.006266805570948543,-0.000885265961697778,-0.0005923051647500377,-0.0041133162612036,-0.012724071702944942,-0.022306491757687633,8.815537791952435,41.0,589500.0,392.0,9703.299732208252,60.75252916729628,0.2893145680427551,-18.379070281982422,-0.3390818238258362,-0.3390818238258362,0.0,0.003847514046356082,0.003847514046356082,0.003847514046356082,18.579124450683594,1.8990163803100586,1.8990163803100586,0.0,0.0,,0.18385417759418488,,0.3025459945201874,0.6440025582909584,1.4085555366496902,-0.01720383791491241,-19.018703015645347,0.9433730859180337,-0.036700852323029054,0.1587539794544379,0.4940974558053291,-0.0035438980637853773,0.1587539794544379,0.4940974558053291,-0.0035438980637853773,0.0,0.0,0.0,0.0037320715608075263,8.321647483693142e-05,7.969242478156204e-06,0.0037320715608075263,8.321647483693142e-05,7.969242478156204e-06,0.0037320715608075263,8.321647483693142e-05,7.969242478156204e-06,19.131216684977215,0.943778717791507,0.038065478162585,1.98830353418986,0.08840529314635416,-0.0006301074192442418,1.98830353418986,0.08840529314635416,-0.0006301074192442418,0.0,0.0,0.0,0.0,0.0,0.0,0.18041238288084666,0.0059954228962766695,0.00022745232560875505,0.3040886014699936,0.01363078966466107,0.00040168200637129655
63.11264470418294,1.0,1500.0,0.0,15.0,1881.0,0.1131236839775031,212.0,1669.0,10.362147477487792,2.2055730473378365,11603.31450159087,241.8,0.05806916426512968,32.787401574803155,7.0897637795275585,11.722155044076839,127.0,32.75535714285715,7.701785714285713,11.714384346185966,112.0,32.787401574803155,7.0897637795275585,11.722155044076839,127.0,0.44578292222773674,-0.006684734884279489,-0.0007179624164535311,-0.0022015427600047587,-0.004185623293903541,-0.042993630573248405,-0.022913387576566722,9.468838357012476,15.0,591000.0,393.0,9723.206904411316,60.78241528850626,0.16341063380241394,-19.36203384399414,-0.6998345851898193,-0.6998345851898193,0.0,0.003848862834274769,0.003848862834274769,0.003848862834274769,19.469026565551758,1.834123134613037,1.834123134613037,0.0,0.0,,0.1843843013048172,,0.2929965853691101,0.3346756671865781,0.18634366591950338,-0.008334355402708863,-18.972346687316893,1.0659380568983865,0.024493002971102157,0.18393638879060745,0.6640021885155795,-0.018741303891175582,0.18393638879060745,0.6640021885155795,-0.018741303891175582,0.0,0.0,0.0,0.003921517357230187,0.00012856891708807442,8.415033392301465e-06,0.003921517357230187,0.00012856891708807442,8.415033392301465e-06,0.003921517357230187,0.00012856891708807442,8.415033392301465e-06,19.068752352396647,1.0834259978710088,-0.023809432983398892,1.9932478586832683,0.11984928895396016,-0.0033787522618312247,1.9932478586832683,0.11984928895396016,-0.0033787522618312247,0.0,0.0,0.0,0.0,0.0,0.0,0.18130973378817242,0.007785209650544478,6.456837240394905e-05,0.29902498722076415,0.01414987866524518,-0.0003692429641197513
62.398503954817606,1.0,1500.0,0.0,82.0,1936.0,0.6310157715765643,1221.0,715.0,9.823915263611552,1.0848814049225033,9243.622260561378,87.2,0.01940192239231043,34.57230769230771,3.7030769230769236,11.17934985004751,130.0,34.237500000000004,6.049999999999998,11.31870331630355,48.0,34.57230769230771,3.7030769230769236,11.17934985004751,130.0,0.41834343605759267,-0.006095539812787864,-0.0009853349521580673,-0.0005261393398324214,-0.0034697088906373214,-0.037568843430369786,-0.020944872078301757,8.34178900154628,82.0,592500.0,394.0,9748.842468261719,60.77644622209662,0.3255573511123657,-18.65846061706543,0.1983931064605713,0.1983931064605713,0.0,0.0036418570671230555,0.0036418570671230555,0.0036418570671230555,18.816818237304688,1.9953298568725586,1.9953298568725586,0.0,0.0,,0.1903211772441864,,0.301108717918396,0.40370010286569596,0.3598963277483985,0.003649303595534416,-19.172107442220053,0.8462848347585483,-0.0010849100861847715,-0.14206802137196065,0.6454009231296841,0.012879858888660818,-0.14206802137196065,0.6454009231296841,0.012879858888660818,0.0,0.0,0.0,0.0036696373019367455,4.1388924051836036e-05,-2.324080262519655e-06,0.0036696373019367455,4.1388924051836036e-05,-2.324080262519655e-06,0.0036696373019367455,4.1388924051836036e-05,-2.324080262519655e-06,19.245599619547527,0.8635615828678083,0.003262638860071833,1.9346345861752827,0.11510818773490646,0.0023005871937192162,1.9346345861752827,0.11510818773490646,0.0023005871937192162,0.0,0.0,0.0,0.0,0.0,0.0,0.1851510852575302,0.007120300900432355,3.1116309765315264e-05,0.3020445595184962,0.01357964000648577,-1.2187081263786587e-05
68.05766034126282,1.0,1500.0,0.0,32.0,1991.0,0.23982570867509495,477.0,1514.0,10.345135164583693,1.6358865388425372,11472.647723044334,193.20000000000002,0.044208503043338974,32.85864661654134,5.751879699248121,11.693517640491438,133.0,32.85544554455444,7.384158415841586,11.655111571171888,101.0,32.85864661654134,5.751879699248121,11.693517640491438,133.0,0.444353000559914,-0.005802617824021213,-0.0005203891260069621,-0.0009155881603911474,-0.005511811023622068,-0.010214939348797617,-0.022371190889876033,9.464586546084677,32.0,594000.0,395.0,9770.361659526825,60.79611182261673,0.3774711489677429,-18.66677474975586,0.8477247953414917,0.8477247953414917,0.0,0.0038031735457479954,0.0038031735457479954,0.0038031735457479954,18.711280822753906,2.1121325492858887,2.1121325492858887,0.0,0.0,,0.18443390727043152,,0.31075507402420044,0.9348636637131373,2.837146477241022,0.04214497846411385,-19.088025538126626,0.9909460757882647,0.018605102606955443,-0.12170956830183664,0.5580605199961731,-0.008183192921692586,-0.12170956830183664,0.5580605199961731,-0.008183192921692586,0.0,0.0,0.0,0.0036959313321858643,4.667053037710003e-05,4.1626156561564815e-06,0.0036959313321858643,4.667053037710003e-05,4.1626156561564815e-06,0.0036959313321858643,4.667053037710003e-05,4.1626156561564815e-06,19.18449261983236,0.9861798638102929,-0.021751597301580914,1.938245916366577,0.09967329201630183,-0.0014652037381861138,1.938245916366577,0.09967329201630183,-0.0014652037381861138,0.0,0.0,0.0,0.0,0.0,0.0,0.1862057735522588,0.009099953216289041,-0.00022624959139458533,0.30598240594069165,0.01419851968510497,-0.0005884721692862883
65.25496981278906,1.0,1500.0,0.0,106.0,2075.0,0.7640640001129448,1585.0,490.0,9.922340534465404,1.5269071959139202,10053.374293327126,31.6,0.00664228360028587,34.22589928057553,2.3151079136690647,11.203868926125624,139.0,33.76363636363637,6.96969696969697,11.304001590435487,33.0,34.22589928057553,2.3151079136690647,11.203868926125624,139.0,0.42062440643820564,-0.0054272160655059855,-0.001158292809562323,-0.00024055493402827443,-0.009831254585472925,-0.014031548055759355,-0.021055009518610866,8.336008161685244,106.0,595500.0,396.0,9798.387146234512,60.77530833519358,0.2515263855457306,-21.064407348632812,-0.7453338503837585,-0.7453338503837585,0.0,0.0036993296816945076,0.0036993296816945076,0.0036993296816945076,21.153196334838867,1.8268907070159912,1.8268907070159912,0.0,0.0,,0.1768043339252472,,0.3033389151096344,0.45209947625796,0.43499474852153897,0.014256724884300522,-19.086726442972818,1.0804016956555504,-0.052918265048865994,-0.08669794350862503,0.5258327160979437,-0.018180564954230476,-0.08669794350862503,0.5258327160979437,-0.018180564954230476,0.0,0.0,0.0,0.003869942280774315,9.173765412242427e-05,-5.147958151557009e-06,0.003869942280774315,9.173765412242427e-05,-5.147958151557009e-06,0.003869942280774315,9.173765412242427e-05,-5.147958151557009e-06,19.200674374898274,1.0798431172456184,0.05127506913809905,1.9444474538167318,0.0946720987320059,-0.0032539984540759367,1.9444474538167318,0.0946720987320059,-0.0032539984540759367,0.0,0.0,0.0,0.0,0.0,0.0,0.18196630577246348,0.006431960313982794,-8.85825135949236e-05,0.30529066224892937,0.015071667281510114,0.000587264005016027
67.7666026188777,1.0,1500.0,0.0,65.0,2074.0,0.4674498520806338,969.0,1105.0,10.182211027765565,1.4425964689146227,10768.552311209247,71.4,0.015391911701302061,33.372661870503585,2.9366906474820134,11.49287672566047,139.0,32.754054054054045,5.0729729729729724,11.633122141101,74.0,33.372661870503585,2.9366906474820134,11.49287672566047,139.0,0.42774297669242023,-0.005019919706045122,-0.0009556660091787707,-0.00042061921231954487,-0.003794394414651448,-0.008297075786704442,-0.020740163068027576,8.69436999960232,65.0,597000.0,397.0,9822.900975704193,60.7763431064418,0.332386314868927,-20.827655792236328,-0.9448381662368774,-0.9448381662368774,0.0,0.003604444907978177,0.003604444907978177,0.003604444907978177,21.044818878173828,1.792039394378662,1.792039394378662,0.0,0.0,,0.20895648002624512,,0.3237079977989197,1.2528330008188884,4.899156084224513,-0.08332641223513912,-19.237375005086264,0.9610690041583204,-0.025839752774349634,-0.11796763390302659,0.5860928241190281,-0.01412477148189162,-0.11796763390302659,0.5860928241190281,-0.01412477148189162,0.0,0.0,0.0,0.003733137537104388,6.663338304899301e-05,2.568861618803706e-06,0.003733137537104388,6.663338304899301e-05,2.568861618803706e-06,0.003733137537104388,6.663338304899301e-05,2.568861618803706e-06,19.340037854512534,0.9867522308166339,0.02790077514987873,1.9389381170272828,0.10489658667130525,-0.00252013959661876,1.9389381170272828,0.10489658667130525,-0.00252013959661876,0.0,0.0,0.0,0.0,0.0,0.0,0.17946728716293972,0.007221823876689618,0.00010725310501187212,0.30038872063159944,0.01265241726725052,1.1753034803832355e-05
65.21307736819553,1.0,1500.0,0.0,97.0,2089.0,0.6898844162800197,1441.0,648.0,9.901906148764727,1.5313651681034028,10973.772415212545,40.800000000000004,0.008435329143235196,34.30354609929078,2.4014184397163127,11.219128418372616,141.0,32.904545454545456,5.331818181818182,11.623843973226096,44.0,34.30354609929078,2.4014184397163127,11.219128418372616,141.0,0.41298447030649615,-0.005481774361702516,-0.0009226729174011964,-0.0005961799744649506,-0.004011574378534828,-0.01709851374457451,-0.020955952762989373,8.164272139259667,97.0,598500.0,398.0,9850.339814901352,60.75932518537116,0.7639693021774292,-18.107650756835938,0.5045727491378784,0.5045727491378784,0.0,0.00357235549017787,0.00357235549017787,0.00357235549017787,18.183086395263672,2.049551486968994,2.049551486968994,0.0,0.0,,0.16968625783920288,,0.31372612714767456,0.3855809047818184,0.3022880630519431,0.003282143074492845,-19.323533566792808,0.5905314890923832,0.005527108927590032,0.0017691669364770255,0.543705183158316,0.016726693456310858,0.0017691669364770255,0.543705183158316,0.016726693456310858,0.0,0.0,0.0,0.0035744481331979236,4.77433756806982e-05,3.0330203585450187e-06,0.0035744481331979236,4.77433756806982e-05,3.0330203585450187e-06,0.0035744481331979236,4.77433756806982e-05,3.0330203585450187e-06,19.40634104410807,0.5985309763556187,-0.006455593087915016,1.9602579911549887,0.09646881515676685,0.0029645789319336243,1.9602579911549887,0.09646881515676685,0.0029645789319336243,0.0,0.0,0.0,0.0,0.0,0.0,0.1797637676199277,0.007411806192880818,-0.0003589587594828991,0.3080079515775045,0.0127759006170541,-0.00037598613902380037
65.82613596102087,1.0,1500.0,0.0,82.0,2038.0,0.6006641453097011,1224.0,814.0,9.958554595004914,1.2536020442919742,10611.594199429786,77.60000000000001,0.01660532397500642,34.11094890510948,3.12992700729927,11.302115053398065,137.0,33.89090909090908,6.712727272727274,11.34155835890149,55.0,34.11094890510948,3.12992700729927,11.302115053398065,137.0,0.42474061744254366,-0.006542834900364044,-0.000974652234858784,-0.0005101858217414086,-0.00735188581452827,-0.011881030220875529,-0.023250829163429125,8.591886778527508,82.0,600000.0,399.0,9876.146845579147,60.75243810986646,0.5690830945968628,-18.988571166992188,-0.053154170513153076,-0.053154170513153076,0.0,0.00313932285644114,0.00313932285644114,0.00313932285644114,19.047657012939453,1.9507777690887451,1.9507777690887451,0.0,0.0,,0.18333643674850464,,0.3127245306968689,0.3211498185992241,0.11573234796677052,-0.0026601574146442666,-19.296371205647787,1.1264319475124744,0.013789197096437828,-0.13150513619184495,0.47136881084442017,-0.005078017529311513,-0.13150513619184495,0.47136881084442017,-0.005078017529311513,0.0,0.0,0.0,0.003418826723160843,0.00010703914303879425,-1.0483136640921708e-05,0.003418826723160843,0.00010703914303879425,-1.0483136640921708e-05,0.003418826723160843,0.00010703914303879425,-1.0483136640921708e-05,19.382923380533853,1.1181015245993917,-0.012589904649371922,1.9368940393129985,0.08300098415267022,-0.0008757249929748875,1.9368940393129985,0.08300098415267022,-0.0008757249929748875,0.0,0.0,0.0,0.0,0.0,0.0,0.17805147618055345,0.008041272647908378,-0.00020076136236329032,0.3044024368127187,0.01020143077392331,0.00019272854914256576
