episode_reward,episode_success,episode_length,episode_terminated,num_trajectories,scenario_total_flow_vph,scenario_cav_penetration,scenario_cav_flow_vph,scenario_hdv_flow_vph,avg_speed,avg_jerk,total_fuel_mL,tet_seconds,tet_rate,trip50_avg_time_s,trip50_avg_stop_time_s,trip50_avg_speed_mps,trip50_num_completed,trip50_hdv_avg_time_s,trip50_hdv_avg_stop_time_s,trip50_hdv_avg_speed_mps,trip50_hdv_num_completed,trip50_mix_avg_time_s,trip50_mix_avg_stop_time_s,trip50_mix_avg_speed_mps,trip50_mix_num_completed,r_speed_mean,r_accel_mean,r_jerk_mean,r_safety_mean,r_lc_mean,r_idle_mean,r_energy_mean,r_terminal_mean,num_terminals,step,episode,elapsed_time,steps_per_second,ppo_loss,ppo_policy_loss,ppo_value_loss,ppo_entropy,ppo_num_samples,ppo_num_trajectories,ppo_loss_mean,ppo_loss_std,ppo_loss_slope,ppo_policy_loss_mean,ppo_policy_loss_std,ppo_policy_loss_slope,ppo_value_loss_mean,ppo_value_loss_std,ppo_value_loss_slope,ppo_entropy_mean,ppo_entropy_std,ppo_entropy_slope,ppo_num_samples_mean,ppo_num_samples_std,ppo_num_samples_slope,ppo_num_trajectories_mean,ppo_num_trajectories_std,ppo_num_trajectories_slope
-13185.47369414568,0.0,1500.0,0.0,49.0,1942.0,0.9054173266933417,1758.0,184.0,2.197219464379444,9.002954803806983,1030.6579295776555,16.2,0.02094105480868666,154.72,118.28,3.818448887136192,5.0,89.60000000000001,57.6,5.425095209063944,3.0,154.72,118.28,3.818448887136192,5.0,-0.013131656785044417,-0.022594164419289645,-0.06055590937038082,-0.0019183043588219735,-0.05684423624676677,-0.4624773428120807,-0.0032534114804452746,0.09840460686726814,2.0,1500.0,0.0,44.75659728050232,33.51461217212456,,,,,,,,,,,,,,,,,,,,,,,,
-15583.688956260681,0.0,1500.0,0.0,30.0,2052.0,0.31864202907271094,653.0,1399.0,4.519527185920903,6.610469621552035,7119.611442028391,255.60000000000002,0.0739283854919882,75.1608695652174,33.00000000000001,6.1192189270497614,46.0,71.17333333333335,29.146666666666675,6.22514134468325,45.0,75.1608695652174,33.00000000000001,6.1192189270497614,46.0,-0.009132988889297635,-0.023585732054878746,-0.06085708685902972,-0.0013522786924204503,-0.053490269199387916,-0.45313289049450334,-0.003808456354074193,0.0859986179894833,1.0,3000.0,1.0,69.10781407356262,43.41043108101516,,,,,,,,,,,,,,,,,,,,,,,,
-4348.544347127278,0.0,1500.0,0.0,25.0,2044.0,0.26312945593648973,537.0,1507.0,4.902930307471271,6.82731367381066,8531.410084092799,275.0,0.07349011223944414,69.29629629629629,31.20370370370371,6.722911045673213,54.0,62.93333333333332,25.364705882352943,6.908206151261649,51.0,69.29629629629629,31.20370370370371,6.722911045673213,54.0,-0.003973171626978896,-0.023362192667660764,-0.060602533766633764,-0.0012384257754245137,-0.053788426763110915,-0.4426084990958409,-0.004362736826446517,1.2503442822570099,3.0,4500.0,2.0,90.95829939842224,49.47322047313977,,,,,,,,,,,,,,,,,,,,,,,,
-4289.432597517967,0.0,1500.0,0.0,42.0,2018.0,0.5101947975329254,1029.0,989.0,3.7896457415164435,8.464563594221687,4760.725466328305,145.0,0.062263826863620746,89.56923076923077,48.715384615384615,5.867307200180677,26.0,63.84761904761905,24.666666666666668,6.842079297705223,21.0,89.56923076923077,48.715384615384615,5.867307200180677,26.0,-0.005967237734660418,-0.023382120024478453,-0.06052503740313936,-0.0013808747843108528,-0.05429527394393767,-0.4484037362330963,-0.004063758318256878,0.1508362823784121,5.0,6000.0,3.0,120.96754145622253,49.6000822019795,,,,,,,,,,,,,,,,,,,,,,,,
-8628.13186009725,0.0,1500.0,0.0,46.0,2001.0,0.7771467107628444,1555.0,446.0,2.7061283880385574,8.130693953526833,1724.7562424081248,49.800000000000004,0.04404740845568725,125.62222222222223,86.71111111111112,5.3735774935517036,9.0,85.28571428571429,49.40000000000002,6.540056492077336,7.0,125.62222222222223,86.71111111111112,5.3735774935517036,9.0,-0.010766187130458509,-0.02301932510410488,-0.05990183544707295,-0.001832811228645442,-0.05572314000893043,-0.455164612447859,-0.003603772423549937,0.07673704032970369,3.0,7500.0,4.0,154.2448649406433,48.62398500518094,,,,,,,,,,,,,,,,,,,,,,,,
-15088.092288196087,0.0,1500.0,0.0,28.0,1933.0,0.35894378283200457,693.0,1240.0,5.867021707736875,6.385634342244292,4763.02813076703,200.4,0.11153161175422974,57.96129032258063,22.219354838709677,7.361652474320776,31.0,57.96129032258063,22.219354838709677,7.361652474320776,31.0,57.96129032258063,22.219354838709677,7.361652474320776,31.0,-0.016453223008867996,-0.02533399216642603,-0.060721995313472416,-0.0013953931228591957,-0.054865596999370624,-0.46653469472806836,-0.003496606305086803,0.0,0.0,9000.0,5.0,178.00151705741882,50.56136682867049,,,,,,,,,,,,,,,,,,,,,,,,
-8927.010788242022,0.0,1500.0,0.0,50.0,2084.0,0.8574924208726179,1787.0,297.0,1.9705676423103429,9.167243317071632,1346.9125519144982,19.400000000000002,0.01870059764796607,172.9,138.29999999999998,4.978085074411626,6.0,105.60000000000001,76.53333333333335,8.415213361020049,3.0,172.9,138.29999999999998,4.978085074411626,6.0,-0.012554282691034296,-0.025885667343862946,-0.06204273861276754,-0.0016503253691439413,-0.05667512749455981,-0.4610530237757027,-0.0037888415221549033,0.12334364955086498,3.0,10500.0,6.0,217.95124006271362,48.17591309404211,6.887240409851074,-0.06035280227661133,13.895689964294434,2.51708722114563,23994.0,28.0,6.887240409851074,0.0,0.0,-0.06035280227661133,0.0,0.0,13.895689964294434,0.0,0.0,2.51708722114563,0.0,0.0,23994.0,0.0,0.0,28.0,0.0,0.0
-1737.4489410479864,0.0,1500.0,0.0,61.0,2016.0,0.9385491590041329,1892.0,124.0,1.9519498818359178,10.400559256753795,4089.04976086142,69.2,0.022032603158430974,174.4888888888889,123.10000000000001,2.6319408100287145,18.0,90.93333333333334,50.79999999999999,5.774702619747551,3.0,174.4888888888889,123.10000000000001,2.6319408100287145,18.0,0.004726243782132619,-0.02747318836782449,-0.061030080411697066,-0.002214351833078919,-0.05367168055402749,-0.41854777621469536,-0.005906327569797069,0.21994438388012538,15.0,12000.0,7.0,262.2303583621979,45.761291998942994,11.3886079788208,-0.06815298646688461,22.914026260375977,2.522030830383301,42943.0,50.0,11.3886079788208,0.0,0.0,-0.06815298646688461,0.0,0.0,22.914026260375977,0.0,0.0,2.522030830383301,0.0,0.0,42943.0,0.0,0.0,50.0,0.0,0.0
-2305.117041905721,0.0,1500.0,0.0,36.0,1926.0,0.3081354881787998,593.0,1333.0,4.23508275548784,7.765760429785842,10966.578495895048,352.0,0.06449957855389013,80.25588235294119,32.66764705882352,6.031668374152549,68.0,75.3225806451613,27.722580645161287,6.216323287000704,62.0,80.25588235294119,32.66764705882352,6.031668374152549,68.0,0.01318051290428234,-0.029996591229117915,-0.06168345790481655,-0.001799356882305241,-0.05447708300519126,-0.4030162230272484,-0.0071586840810219715,1.4783989148053136,6.0,13500.0,8.0,296.8847236633301,45.472194841891294,30.553850173950195,0.029170285910367966,61.049861907958984,2.5107762813568115,46205.0,61.0,30.553850173950195,0.0,0.0,0.029170285910367966,0.0,0.0,61.049861907958984,0.0,0.0,2.5107762813568115,0.0,0.0,46205.0,0.0,0.0,61.0,0.0,0.0
-1103.596580886841,0.0,1500.0,0.0,33.0,2033.0,0.2369136290712322,481.0,1552.0,4.83202512916215,7.563883098110435,12509.226596562365,388.20000000000005,0.06812916812916812,70.34567901234568,28.01481481481482,6.830697882191786,81.0,59.59154929577465,18.030985915492963,7.292482323882954,71.0,70.34567901234568,28.01481481481482,6.830697882191786,81.0,0.024083916994081446,-0.029651623680026634,-0.059646623796753805,-0.0019314672016598367,-0.05518745360059455,-0.3819831106161841,-0.008336201294780365,1.2722235187177326,10.0,15000.0,9.0,326.24099040031433,45.97828121351102,19.651277542114258,0.1072240099310875,39.088626861572266,2.592543840408325,25396.0,36.0,19.651277542114258,0.0,0.0,0.1072240099310875,0.0,0.0,39.088626861572266,0.0,0.0,2.592543840408325,0.0,0.0,25396.0,0.0,0.0,36.0,0.0,0.0
-616.8759806339557,0.0,1500.0,0.0,62.0,1840.0,0.4993500761961034,918.0,922.0,3.7875084442066664,9.439696306864944,11592.162451600232,402.40000000000003,0.06893952372794243,89.80000000000003,43.138461538461556,5.482918903128433,65.0,68.275,23.035000000000004,6.281304805290686,40.0,89.80000000000003,43.138461538461556,5.482918903128433,65.0,0.04653357211421392,-0.02997983763046416,-0.05983606081424527,-0.003446324906992109,-0.05627930625386372,-0.34074346082142254,-0.010529326218239028,1.679665361309773,26.0,16500.0,10.0,364.24509358406067,45.29916885810329,22.76486587524414,0.4111490845680237,44.70795440673828,2.6064867973327637,6404.0,16.0,25.852423667907715,3.087557792663574,-6.175115585327152,0.22061393689364195,0.19053514767438173,0.38107029534876335,51.26413345336914,6.556179046630859,-13.112358093261726,2.5673820972442627,0.03910470008850098,0.07820940017700151,13978.0,7574.0,-15148.0,24.5,8.5,-17.0
-486.6665701520714,0.0,1500.0,0.0,100.0,1984.0,0.902077648573482,1789.0,195.0,2.9594811907060996,8.983300586611286,8966.771647796959,293.8,0.05216248845962645,114.94693877551022,72.39183673469391,4.612474422288294,49.0,83.6,43.40000000000003,4.888778289205418,6.0,114.94693877551022,72.39183673469391,4.612474422288294,49.0,0.06192616707144514,-0.027421287205843956,-0.05514222541056427,-0.004164129307120205,-0.059431440835798696,-0.33907021948651495,-0.012106301205382466,2.0607370240212948,44.0,18000.0,11.0,411.30224108695984,43.76343769105391,16.37384605407715,-0.21567200124263763,33.17954635620117,2.5424492359161377,10398.0,16.0,24.84521738688151,11.841407089400404,-0.09842491149902757,-0.12091978639364243,0.0718515992111487,-0.08695827797055244,49.93277359008789,23.660212364300634,-0.022935867309578178,2.4893120924631753,0.0970468075699032,-0.014940977096558066,14591.0,10479.642074040506,-9300.000000000004,26.0,14.142135623730951,-15.000000000000005
-619.8401008447012,0.0,1500.0,0.0,114.0,2069.0,0.8197722634388531,1696.0,373.0,2.80747114050512,9.374131722099213,11691.484920554765,397.0,0.052779919700071794,121.31935483870967,72.76129032258062,4.069596875016526,62.0,84.67142857142858,39.92857142857143,6.047377587515725,14.0,121.31935483870967,72.76129032258062,4.069596875016526,62.0,0.04431188744833662,-0.028469164742759127,-0.05590936642949556,-0.0034490809925612495,-0.06077387013390095,-0.3528315187593013,-0.009761269466074906,1.0648347371238196,48.0,19500.0,12.0,474.9916787147522,41.053350771878215,14.297636985778809,-0.0573682077229023,28.710554122924805,2.7200167179107666,14711.0,16.0,19.456790685653687,5.214843482306509,-2.998330974578856,-0.09919225797057152,0.07966596811747276,0.0555564731359482,39.112486362457275,10.550408214856501,-6.107763099670412,2.605379104614258,0.07061796143811373,0.05888829231262203,16275.75,11105.722834984674,-5441.700000000003,29.0,22.516660498395403,-15.600000000000005
-363.3908487558365,0.0,1500.0,0.0,47.0,1845.0,0.37485200015083087,691.0,1154.0,4.58952275579051,7.36319727186528,13338.173064833665,304.2,0.04945537311006341,74.10843373493974,38.920481927710846,6.838661649495778,83.0,60.09090909090909,27.887272727272727,7.827897172674765,55.0,74.10843373493974,38.920481927710846,6.838661649495778,83.0,0.07760415213917653,-0.031650783956796935,-0.052954171640536965,-0.002855962951501782,-0.058492047097699146,-0.33871101012187566,-0.01573755298292096,2.1023861283252563,28.0,21000.0,13.0,507.5016567707062,41.37917525949672,19.4623966217041,-0.10110888630151749,39.1275749206543,2.812422752380371,5628.0,16.0,13.655590772628784,5.806805849075317,11.613611698150631,-0.13294344022870064,0.03183455392718315,0.06366910785436632,27.57759666442871,11.549978256225586,23.099956512451165,2.6373506784439087,0.1750720739364624,0.3501441478729246,19486.5,13858.5,-27716.999999999993,41.0,25.0,-50.0
-439.0765493683896,0.0,1500.0,0.0,109.0,2080.0,0.7842354002024517,1631.0,449.0,3.3992810210822637,9.11993669826521,13061.150550274539,399.8,0.05396285498326315,100.1189189189189,58.24594594594594,5.2182326800688,74.0,72.26249999999999,34.037499999999994,6.081637290544131,16.0,100.1189189189189,58.24594594594594,5.2182326800688,74.0,0.0594808252734592,-0.029440621389437056,-0.05453117194282971,-0.0033841072494877555,-0.06214448382729396,-0.34397527439598635,-0.01194033347275287,2.331241440943231,59.0,22500.0,14.0,562.4611282348633,40.00276440544496,16.79890251159668,-0.09748126566410065,33.79332733154297,2.7979354858398438,11596.0,16.0,12.472448825836182,3.8788875926690816,3.4085544586181644,-0.08011976373381913,0.05121760814389059,-0.01601409921422603,25.10568642616272,7.797916508576776,6.849134159088136,2.745890200138092,0.21666667895373462,-0.014564061164856187,9913.0,5867.6697674630595,-1739.600000000001,19.75,6.49519052838329,-4.500000000000002
-233.06663758255715,0.0,1500.0,0.0,58.0,1962.0,0.43766973094116696,858.0,1104.0,4.607028726730396,8.649662713341487,17612.617065210994,360.40000000000003,0.04649002863703207,73.83047619047619,34.500952380952384,6.218866926733367,105.0,60.03125000000002,22.446875,7.208897419155387,64.0,73.83047619047619,34.500952380952384,6.218866926733367,105.0,0.09650822509498899,-0.03827887865254585,-0.055962310769047875,-0.002928864580103245,-0.05901889887052803,-0.2965296156856898,-0.02015013479037254,1.73854228019942,43.0,24000.0,15.0,597.8079288005829,40.14667394618303,9.11119270324707,-0.18665574491024017,18.596269607543945,2.858940839767456,8374.0,16.0,9.216860294342041,2.108339677739979,1.2110273838043193,-0.12927330285310745,0.12317950800737257,-0.11425871774554253,18.692816734313965,4.447164107409517,2.6505894660949667,2.748272260030111,0.07825455343385301,0.08294713497161872,16663.0,14705.814790982058,-14476.000000000007,31.0,21.213203435596427,-22.499999999999996
-3.233592024216285,0.0,1500.0,0.0,27.0,2023.0,0.19487578205219624,394.0,1629.0,9.298538045210519,5.008603071566748,15602.447955176445,278.0,0.056309499696171765,36.57037037037037,8.868148148148148,10.53904834520536,135.0,34.93394495412843,8.51926605504587,10.8935982493568,109.0,36.57037037037037,8.868148148148148,10.53904834520536,135.0,0.30223546880043234,-0.04183319635053075,-0.05128292815612209,-0.0028412455821559485,-0.05161588180978671,-0.14478301015697137,-0.05185283040037096,5.508222076388549,26.0,25500.0,16.0,611.4044425487518,41.70725337503038,7.273346900939941,-0.06286241114139557,14.672933578491211,2.576016426086426,2669.0,16.0,7.816214084625244,0.5428671836853027,-1.0857343673706072,-0.10627295821905136,0.04341054707765579,0.08682109415531156,15.845547676086426,1.1726140975952148,-2.3452281951904297,2.8680347204208374,0.2920182943344116,-0.5840365886688232,8416.5,5747.5,-11495.0,21.0,5.0,-10.000000000000004
-59.45407288199977,0.0,1500.0,0.0,96.0,2068.0,0.6956732113593945,1438.0,630.0,5.5225946794665886,9.086343480066628,21043.28383622745,379.6,0.045338365621192936,61.56323529411764,23.46617647058823,6.5576033636865585,136.0,55.29767441860466,18.683720930232564,7.120467964538534,43.0,61.56323529411764,23.46617647058823,6.5576033636865585,136.0,0.18877705324465818,-0.03464112838993444,-0.05064035402496725,-0.002971803473963957,-0.05952136048822316,-0.21122197078790372,-0.03281644097825113,2.8801177674140286,95.0,27000.0,17.0,643.3112399578094,41.97035326441794,7.716768264770508,0.0024026278406381607,15.429262161254883,2.6537368297576904,6474.0,16.0,6.794804493586223,1.576280268260535,0.11214679990495903,0.002938691216210524,0.09298166285240575,0.009262434020638456,13.584261894226074,3.042881194007425,0.20577125549316272,2.6512025594711304,0.1416157906128154,0.012542268208094913,4639.166666666667,1322.8730622735081,737.1142857142859,16.0,0.0,0.0
-13.341527948012718,0.0,1500.0,0.0,117.0,1977.0,0.8832824103350333,1746.0,231.0,7.475218753137998,8.298950420477032,19079.123796123255,315.0,0.05210228588441563,45.45714285714287,15.300751879699249,8.411678759504921,133.0,40.25,12.225000000000005,9.645934892223,16.0,45.45714285714287,15.300751879699249,8.411678759504921,133.0,0.29303611091022996,-0.03538403340242532,-0.04367972228451847,-0.0044636557730486585,-0.05806712168328371,-0.184927910827511,-0.050500027778031704,4.43271299759779,117.0,28500.0,18.0,670.2977185249329,42.51842011743308,0.7124133110046387,-0.15499114990234375,1.7353532314300537,2.7216358184814453,4538.0,16.0,3.2907798886299133,2.512566460209739,-0.4635708218529109,-0.11291983863338828,0.08288237333195017,0.005367783253036797,6.807954549789429,5.087146141456086,-0.9378777855918521,2.775625377893448,0.11862642831043699,-0.0027104985146296713,3604.75,797.7242239646481,83.76190476190487,16.0,0.0,-1.2010364325881774e-15
-3.974003302134,0.0,1500.0,0.0,65.0,2068.0,0.4650320388226479,961.0,1107.0,8.435533508318422,6.879043928492783,18512.44138834873,317.20000000000005,0.056600406837728844,40.31798561151079,12.015827338129496,9.4347653568672,139.0,37.859459459459465,11.062162162162162,10.067164675282536,74.0,40.31798561151079,12.015827338129496,9.4347653568672,139.0,0.3217840495740383,-0.040177867415684805,-0.04325300129420048,-0.004007500025634682,-0.055842005676450056,-0.16702144433932514,-0.05694306331909908,4.897153027234369,65.0,30000.0,19.0,687.8338959217072,43.615181191092034,1.7062345743179321,-0.054191846400499344,3.521435022354126,2.9103691577911377,3569.0,16.0,6.078524261713028,3.982527921123062,-1.7509925961494444,-0.005294138565659523,0.06665836465496784,-0.0533445529639721,12.168236076831818,7.944037761889455,-3.3953071832656865,2.9976998567581177,0.10435612475979074,-0.05570368766784657,3109.75,346.9469519969876,309.3000000000001,16.0,0.0,-1.89900533991096e-15
-5.137332925796509,0.0,1500.0,0.0,75.0,1890.0,0.5952623266138712,1125.0,765.0,8.341544876476405,7.219873067666767,17184.19679235828,323.0,0.06291880941249806,40.74285714285715,13.142857142857142,9.563107178394652,126.0,38.34901960784314,11.450980392156861,10.105436761714268,51.0,40.74285714285715,13.142857142857142,9.563107178394652,126.0,0.3264768579513264,-0.039151215585909074,-0.0405601046657432,-0.0049007338194169674,-0.05496679579414168,-0.18494050913115662,-0.05789599216239047,5.644624992531866,75.0,31500.0,20.0,705.7257752418518,44.63490084261832,5.0095038414001465,0.05784258991479874,9.903966903686523,3.220892906188965,3935.0,16.0,2.29330512881279,1.6042597651856132,0.9577200770378115,-0.07884415239095688,0.0846696108489585,0.037798188626766205,4.744915246963501,3.04379213287627,1.839852237701416,3.083035707473755,0.11295558474398784,0.041950702667236224,3028.0,561.1670874169297,473.20000000000005,16.0,0.0,-1.89900533991096e-15
23.559364892542362,1.0,1500.0,0.0,32.0,2032.0,0.2293658414375746,466.0,1566.0,9.908770481914878,3.730582489284901,14811.493192745715,297.6,0.06334340811374568,34.293430656934305,8.872992700729924,11.199331985374938,137.0,34.47428571428571,9.032380952380947,11.101284241885898,105.0,34.293430656934305,8.872992700729924,11.199331985374938,137.0,0.433721850744491,-0.03663093425272035,-0.03347131738702901,-0.005279354495514993,-0.05189425478767488,-0.13873855120732723,-0.07043933136486542,8.956990833788254,32.0,33000.0,21.0,716.7203686237335,46.043061484868254,0.795601487159729,-0.09416854381561279,1.780156135559082,3.080596446990967,2267.0,16.0,1.8232759833335876,1.0276744961738586,-2.0553489923477173,-0.045027040876448154,0.04914150293916464,-0.09828300587832926,3.7372443675994873,1.9570882320404053,-3.91417646408081,3.1921701431274414,0.11157369613647461,-0.2231473922729501,2664.0,397.0,-794.0000000000005,16.0,0.0,-1.7763568394002505e-15
13.393123091051454,1.0,1500.0,0.0,76.0,1810.0,0.6273123987904075,1135.0,675.0,9.45120002991066,7.308935600223978,16369.390517846516,284.8,0.06489541083716903,35.97213114754098,9.61311475409836,10.622335147780332,122.0,34.634782608695666,9.126086956521737,11.056144644154994,46.0,35.97213114754098,9.61311475409836,10.622335147780332,122.0,0.39182846606345634,-0.04012962871084873,-0.03990632758017807,-0.005393181360673768,-0.05144619822130257,-0.14974761637689288,-0.06667958457433433,7.066252988539995,76.0,34500.0,22.0,733.0685904026031,47.06244470391579,1.0982491970062256,-0.21899431943893433,2.635155200958252,3.3414742946624756,2594.0,16.0,1.2055566549301147,0.3415469804836038,0.0638600230216978,-0.0571932973805815,0.08339239356141437,-0.03247608554083852,2.5261446475982665,0.6393669084308607,0.19268348217010467,3.2237743854522707,0.09048547234962699,0.05646104812622052,2575.6,144.8925118838099,-6.400000000000351,16.2,0.39999999999999997,-2.594535229648264e-15
14.040935165477249,1.0,1500.0,0.0,53.0,1915.0,0.4146595840752294,794.0,1121.0,9.486229778410348,6.0991974367503845,16188.124517775977,296.40000000000003,0.06465686488373108,35.814062499999984,9.6875,10.683598855337628,128.0,35.37066666666666,9.66666666666667,10.816068428269805,75.0,35.814062499999984,9.6875,10.683598855337628,128.0,0.3960336835002217,-0.04045306509588177,-0.03823418250730674,-0.005538720133753509,-0.05284769748289469,-0.1482426632641225,-0.06927309164690304,7.299595373969469,53.0,36000.0,23.0,746.546139717102,48.222069721828476,0.9773575663566589,-0.019554683938622475,1.994537591934204,3.5656991004943848,2726.0,16.0,1.0451689958572388,0.23574375196389266,-0.19220378994941711,0.018264316022396088,0.027541683720423118,-0.024329744279384613,2.054493506749471,0.4766872558325801,-0.3357203006744387,3.4208898544311523,0.11379750230663671,0.13901054859161338,2776.0,80.81254028099022,6.99999999999997,16.0,0.0,7.944109290391273e-16
22.23671531677246,1.0,1500.0,0.0,7.0,1951.0,0.050280831653903284,98.0,1853.0,9.891963631307393,2.949988916884121,13295.459289445365,283.8,0.06307788051209104,34.34503816793894,8.88854961832061,11.158347106571693,131.0,34.23709677419355,8.841935483870966,11.198497896791258,124.0,34.34503816793894,8.88854961832061,11.158347106571693,131.0,0.405538687340986,-0.03071294550692014,-0.02917131113262761,-0.0037098354323571404,-0.039157706093190275,-0.15053763440860216,-0.05858283086478146,7.303609719188394,7.0,37500.0,24.0,754.3538312911987,49.711419819811454,0.6464272141456604,0.010817436501383781,1.2718517780303955,3.1611173152923584,2548.0,16.0,0.6464272141456604,0.0,0.0,0.010817436501383781,0.0,0.0,1.2718517780303955,0.0,0.0,3.1611173152923584,0.0,0.0,2548.0,0.0,0.0,16.0,0.0,0.0
17.301877154244316,1.0,1500.0,0.0,36.0,2059.0,0.2609595715531248,537.0,1522.0,9.593020079636945,4.41514221326366,15420.774938457387,273.8,0.05602389916516615,35.4144927536232,9.382608695652173,10.805453419678665,138.0,35.43137254901961,9.354901960784309,10.744661755623573,102.0,35.4144927536232,9.382608695652173,10.805453419678665,138.0,0.4100054231151423,-0.03871967616677249,-0.03505012532116076,-0.00609424723725361,-0.05322069693769804,-0.14906722984864484,-0.07029697818796189,8.21754759300281,36.0,39000.0,25.0,766.0271546840668,50.91203328958332,0.7121632099151611,-0.07124287635087967,1.5674406290054321,3.1422290802001953,2759.0,16.0,0.848116546869278,0.13595333695411682,-0.27190667390823375,-0.03643059293972328,0.034812283411156386,-0.06962456682231274,1.7697306275367737,0.20228999853134155,-0.4045799970626831,3.1817437410354614,0.03951466083526611,-0.07902932167053267,2553.5,205.5,410.99999999999955,16.0,0.0,-1.7763568394002505e-15
15.741477560997009,1.0,1500.0,0.0,40.0,1800.0,0.33243284500018844,598.0,1202.0,9.79554300086035,4.783715341626413,13820.55979822996,282.2,0.06721928445524272,34.69586776859505,9.287603305785126,11.081273378675885,121.0,34.32592592592593,8.980246913580247,11.166674563616304,81.0,34.69586776859505,9.287603305785126,11.081273378675885,121.0,0.40795785155833186,-0.03902953807961657,-0.036674469280752305,-0.006497732635028697,-0.05168769716088423,-0.15591482649842273,-0.06917391901865605,7.978199411918122,40.0,40500.0,26.0,777.5884046554565,52.08410999640001,3.1624913215637207,-0.023480217903852463,6.372562885284424,3.1002297401428223,2589.0,16.0,1.6823106110095978,1.480180710554123,2.9603614211082454,-0.08436240814626217,0.060882190242409706,0.1217643804848194,3.5339933931827545,2.8385694921016693,5.677138984203337,3.2373974323272705,0.13716769218444824,-0.27433538436889693,2484.0,105.0,209.99999999999977,16.0,0.0,-1.7763568394002505e-15
-12.550589381066043,0.0,1500.0,0.0,113.0,2000.0,0.846403658669177,1692.0,308.0,7.661445842603052,9.125962965991135,20785.545580484628,298.0,0.05011604049645151,44.37462686567167,15.116417910447762,8.77300366047133,134.0,43.21904761904762,14.2,8.830205643851187,21.0,44.37462686567167,15.116417910447762,8.77300366047133,134.0,0.3065894453228305,-0.04355646173402541,-0.04218252081907231,-0.004310933894169868,-0.056519091937023286,-0.18737496738279552,-0.06008555832227787,5.242307917839934,113.0,42000.0,27.0,802.5290603637695,52.33455344403639,9.13137435913086,-0.0021413848735392094,18.26776123046875,3.653388261795044,3533.0,16.0,3.341564808573042,3.11592473438217,1.2859510736806055,-0.049103493469634225,0.07735838548108208,0.023587578125963262,6.782021488462176,6.142580434585691,2.5247447916439603,3.424872738974435,0.22737074686092937,0.08953790153775892,3012.285714285714,587.010030161499,204.57142857142856,16.142857142857142,0.3499271061118825,-0.10714285714285757
12.050432279915876,1.0,1500.0,0.0,71.0,2081.0,0.5056900687143044,1052.0,1029.0,9.115348781664538,6.925781855067268,19204.640145815498,338.40000000000003,0.06482510248649477,37.28714285714287,10.534285714285712,10.162499264238607,140.0,37.39130434782607,11.049275362318838,10.121726298480494,69.0,37.28714285714287,10.534285714285712,10.162499264238607,140.0,0.3857711764162991,-0.04357724616427086,-0.03868810148639455,-0.005725181193011857,-0.04568892645816182,-0.14983093829247676,-0.07125000501889431,6.883424994603887,71.0,43500.0,28.0,819.6114792823792,53.07392721986636,1.0276498794555664,-0.03187918663024902,2.119830369949341,3.8615047931671143,2834.0,16.0,1.5008466124534607,1.059763982996176,0.22204189300537097,-0.04012487977743149,0.23174943162156955,0.08461117148399355,3.0826618909835815,1.8749244514098318,0.27488956451416047,3.594687747955322,0.2740368788946651,0.14070520401000933,2971.0,821.2787590093877,-274.20000000000044,16.0,0.0,-1.297267614824132e-15
21.88699002839901,1.0,1500.0,0.0,54.0,1831.0,0.43619629879923,798.0,1033.0,10.060682538663253,5.624302040171302,14634.287041887927,248.8,0.059845095492375044,33.800000000000004,8.603252032520324,11.423359809081472,123.0,33.678260869565214,8.55072463768116,11.47298787699355,69.0,33.800000000000004,8.603252032520324,11.423359809081472,123.0,0.43081668462679,-0.041736393228731204,-0.03512958079335821,-0.005545113488210713,-0.04210590831086168,-0.14304976709977935,-0.07568219174449092,8.657776497982011,54.0,45000.0,29.0,832.4619855880737,54.05652243472809,0.7924013137817383,-0.00722144078463316,1.59995436668396,3.544001340866089,2513.0,16.0,0.953591525554657,0.17739631854093557,-0.2041354775428771,0.018277638591825962,0.04604741478429054,0.0068222428672015676,1.8713288307189941,0.40496290508676536,-0.42191088199615473,3.5053107738494873,0.02942587203246034,0.022382736206054885,2523.6666666666665,82.81035898699845,42.4999999999999,16.0,0.0,7.944109290391273e-16
33.94137331644694,1.0,1500.0,0.0,15.0,1965.0,0.11091043612546979,217.0,1748.0,9.987595912589049,3.1414073839927212,13233.225456827271,280.40000000000003,0.06241930457236988,34.031818181818174,8.359090909090908,11.223655206025121,132.0,34.3008547008547,8.601709401709403,11.126055630294431,117.0,34.031818181818174,8.359090909090908,11.223655206025121,132.0,0.467450596604853,-0.034870217722280175,-0.03425263522867471,-0.0048190637975192505,-0.03857482185273143,-0.11401425178147269,-0.0682066199564312,9.7039841752372,15.0,46500.0,30.0,841.3480441570282,55.268447253110025,0.41733863949775696,-0.012748482637107372,0.8608633279800415,3.445451021194458,2502.0,16.0,0.41733863949775696,0.0,0.0,-0.012748482637107372,0.0,0.0,0.8608633279800415,0.0,0.0,3.445451021194458,0.0,0.0,2502.0,0.0,0.0,16.0,0.0,0.0
15.779337210532946,1.0,1500.0,0.0,78.0,2064.0,0.5650065459248755,1166.0,898.0,9.327072268800395,6.5010921800028205,17988.053342860443,319.0,0.06343461660833598,36.44057971014491,9.75217391304348,10.454880248006582,138.0,36.82000000000001,9.986666666666666,10.325172498188495,60.0,36.44057971014491,9.75217391304348,10.454880248006582,138.0,0.4011836955140174,-0.043381575465707374,-0.03406823806938337,-0.00589795274794133,-0.04365939142903107,-0.1472837342679624,-0.07482594196982366,7.39924245423254,78.0,48000.0,31.0,858.2254083156586,55.92936253682368,1.2274301052093506,0.05627073720097542,2.3430655002593994,3.7342870235443115,2809.0,16.0,0.783562958240509,0.29857402640895075,0.1359452366828918,-0.024335014633834362,0.07340270695963316,-0.0054035445675253875,1.6165173649787903,0.5439579804310053,0.2827183842658995,3.6071879386901857,0.20108284385931988,0.10422492027282668,2495.6,189.8384576422807,108.89999999999955,16.0,0.0,-1.297267614824132e-15
23.148023333304966,1.0,1500.0,0.0,78.0,2064.0,0.5616420727321008,1159.0,905.0,9.8095995025174,6.0131220876453035,17549.245144777793,307.20000000000005,0.06382183072256617,34.62877697841727,8.844604316546764,11.00545642925046,139.0,35.1344262295082,9.304918032786883,10.831591450964984,61.0,34.62877697841727,8.844604316546764,11.00545642925046,139.0,0.42698970180680307,-0.03973503894950687,-0.030016522438169425,-0.0057623666458590074,-0.04101289289627051,-0.13853543439791016,-0.07423581126558142,8.28511784500137,78.0,49500.0,32.0,874.6058630943298,56.59692221233283,0.6232432723045349,0.11807966977357864,1.0110877752304077,3.8028504848480225,2257.0,16.0,0.7076117873191834,0.30672917074697803,-0.14344513416290292,0.0729757234454155,0.06716479316041986,0.00511734969913958,1.2700261235237122,0.5397831916258848,-0.29712794423103367,3.770112991333008,0.07875384438499394,-0.014940333366394788,2487.2,142.33537859576583,-82.90000000000008,16.4,0.4898979485566356,-0.20000000000000318
25.15494074190364,1.0,1500.0,0.0,102.0,1818.0,0.8349592228434881,1517.0,301.0,9.996952251172814,5.592489629297993,15131.110194039471,289.0,0.06910569105691057,34.0,8.578861788617886,11.261585662001137,123.0,34.19047619047618,8.28571428571429,11.195655817757359,21.0,34.0,8.578861788617886,11.261585662001137,123.0,0.4330810162847607,-0.03506078549996194,-0.024977818210182835,-0.006080246482605604,-0.04537212184463438,-0.1430761202791729,-0.06764933273823212,8.491557953751874,102.0,51000.0,33.0,892.7523591518402,57.126704261473556,0.4124687612056732,0.08414608240127563,0.6573969125747681,3.7577896118164062,2180.0,16.0,0.923933689792951,0.47744863273881166,-0.2225233103547778,0.07059984530011813,0.11355126614828172,-0.04304842799901962,1.7074284553527832,0.8837228384490089,-0.3589523792266845,3.803786873817444,0.03133394348946717,-0.01305474553789427,2405.1666666666665,308.2068659556795,-40.88571428571438,16.0,0.0,0.0
34.242834055632876,1.0,1500.0,0.0,57.0,1831.0,0.4626460004930176,847.0,984.0,10.357701087529927,3.0285506351238873,12203.357985937684,274.40000000000003,0.06797126579142927,32.821138211382106,8.121951219512194,11.698449553446931,123.0,33.0939393939394,8.066666666666666,11.58048539709263,66.0,32.821138211382106,8.121951219512194,11.698449553446931,123.0,0.45624680330750067,-0.026057156129985222,-0.013903242380746956,-0.006864612723677812,-0.039615949119374404,-0.14218444227005872,-0.05470190793566568,9.4395044486569,57.0,52500.0,34.0,905.6954753398895,57.96650356489613,0.2752760648727417,0.06414628773927689,0.42290621995925903,3.233454704284668,2113.0,16.0,0.5054113194346428,0.19178706441110918,-0.017692592740058865,0.07300528057385236,0.04512499974212483,-0.023891380755230795,0.8655021339654922,0.443714695217727,0.012373715639114375,3.4503650665283203,0.20779020974056842,-0.11921339035034206,2328.5,174.86637755726514,-137.20000000000007,16.0,0.0,-1.89900533991096e-15
37.046736856676496,1.0,1500.0,0.0,53.0,1915.0,0.4084130846621015,782.0,1133.0,10.237863042927318,2.381714729287917,12342.351077876581,281.6,0.06580976863753213,33.17054263565892,8.316279069767441,11.5608671170789,129.0,33.968421052631584,8.521052631578947,11.235186559375162,76.0,33.17054263565892,8.316279069767441,11.5608671170789,129.0,0.46487324886992365,-0.023343604943069675,-0.010498239599591322,-0.0072434033117907085,-0.03816211878009582,-0.14138576779026218,-0.05110992534971692,9.804447604359853,53.0,54000.0,35.0,918.0997107028961,58.81714085135444,0.6796554327011108,0.13686063885688782,1.086200475692749,3.0546364784240723,2196.0,16.0,0.8740096886952718,0.39194703814085236,0.07901394367218004,0.10252186159292857,0.03161313372481487,0.013357292860746375,1.543603201707204,0.8394389207608269,0.13130900263786313,3.1376041571299234,0.0890133620023949,-0.021230816841125582,2347.3333333333335,115.73629028480605,-140.5000000000004,16.0,0.0,7.944109290391273e-16
35.078550496697424,1.0,1500.0,0.0,80.0,1848.0,0.6455018487222266,1192.0,656.0,10.22921211507617,2.848295990638313,12299.150383355956,301.2,0.07313519813519813,33.212903225806464,8.429032258064513,11.644412516076121,124.0,33.75000000000001,8.654545454545453,11.466754373822539,44.0,33.212903225806464,8.429032258064513,11.644412516076121,124.0,0.4507639302372797,-0.022951932005736905,-0.011695223277863586,-0.006888222759797774,-0.03925032313658208,-0.14261094355881085,-0.05035785107493093,9.401118878112241,80.0,55500.0,36.0,933.1461720466614,59.4762124762001,0.5904682874679565,0.07005517184734344,1.041407823562622,2.908252000808716,2292.0,16.0,0.5086241245269776,0.09439810935430433,0.05662743151187895,0.09835186451673508,0.03011829237068429,0.0005501501262187875,0.8211172103881836,0.16814495214557143,0.11216459870338429,2.8635762214660643,0.08182811754710685,0.05029559135436989,2281.8,91.93562965466653,27.09999999999998,16.2,0.39999999999999997,0.0999999999999977
38.172376707621986,1.0,1500.0,0.0,35.0,1875.0,0.27476227315856977,515.0,1360.0,10.47241375597017,1.7106652011825567,11743.738428316947,271.8,0.06648077487525682,32.447619047619064,8.185714285714283,11.890711431943403,126.0,32.393406593406596,8.156043956043952,11.882395175323639,91.0,32.447619047619064,8.185714285714283,11.890711431943403,126.0,0.45366851602227515,-0.01975949200610921,-0.006059826198355127,-0.005429723643149485,-0.036666006731339094,-0.1431399722827163,-0.04536015070890187,9.705900731253218,35.0,57000.0,37.0,943.7051405906677,60.4002220061274,0.27098530530929565,0.024479474872350693,0.4934835731983185,2.359520673751831,2173.0,16.0,0.37084147334098816,0.0998561680316925,-0.19971233606338504,-0.6086306739598513,0.633110148832202,1.266220297664404,1.9593461900949478,1.4658626168966293,-2.9317252337932582,2.0094130635261536,0.3501076102256775,0.7002152204513545,2367.5,194.5,-389.00000000000045,16.0,0.0,-1.7763568394002505e-15
31.452870713869732,1.0,1500.0,0.0,75.0,2094.0,0.5354018655858397,1121.0,973.0,9.668501296662507,2.706984078194035,14369.179842146981,332.8,0.06762303409598895,35.152857142857144,9.63571428571429,10.922016746085578,140.0,35.64307692307691,9.581538461538464,10.74818824306443,65.0,35.152857142857144,9.63571428571429,10.922016746085578,140.0,0.4223233905227488,-0.02077216138795735,-0.008972594970662745,-0.0056883917720568465,-0.03448096435695273,-0.15670800450958286,-0.04539101804480836,8.343169876913446,75.0,58500.0,38.0,959.7218861579895,60.95515882647041,0.15207122266292572,-0.05308625102043152,0.41078463196754456,2.348417282104492,2274.0,16.0,0.2835398346185684,0.09265451839282675,-0.02147196829319005,0.049982056766748426,0.07715369557796638,-0.020043643936514872,0.4676217198371887,0.03782255924983377,-0.0028627336025238716,2.530819272994995,0.16482989356995428,-0.03040077686309863,2396.8,82.11552837314025,-37.200000000000394,16.0,0.0,-1.297267614824132e-15
34.09228701906258,1.0,1500.0,0.0,89.0,1969.0,0.6740734611216923,1327.0,642.0,10.043797791030245,2.7146537735195473,13651.508808729684,314.40000000000003,0.07039226222461042,33.836363636363636,8.913636363636364,11.378539190519644,132.0,34.45116279069768,9.1953488372093,11.14107072429456,43.0,33.836363636363636,8.913636363636364,11.378539190519644,132.0,0.4391955527198842,-0.02115050497793339,-0.008810651860902168,-0.006306547013276212,-0.03971233913702125,-0.1469341408024224,-0.04708938215809203,8.979633318422378,89.0,60000.0,39.0,976.3172905445099,61.45543111966901,0.407634973526001,0.20003430545330048,0.4156380295753479,2.183438301086426,2737.0,16.0,0.3366230189800262,0.07719376337548894,0.04379639923572535,0.0762286551296711,0.09125634679013882,0.057909600064158434,0.5213084161281586,0.12940696220486533,-0.028254145383834906,2.5983617305755615,0.24887436941755411,-0.13870964050293003,2443.2,190.14668022345273,28.29999999999987,16.0,0.0,-1.297267614824132e-15
30.520409266153973,1.0,1500.0,0.0,99.0,1999.0,0.7411388815720393,1481.0,518.0,9.697265479380539,2.619183927607869,13308.50083849821,335.0,0.071316047175033,35.05522388059701,9.513432835820897,10.979220581591706,134.0,35.622857142857136,9.29142857142857,10.801167380413169,35.0,35.05522388059701,9.513432835820897,10.979220581591706,134.0,0.42139849303436766,-0.01919778221943126,-0.007141167478166078,-0.006188778866213897,-0.04787910574969498,-0.15429751524290303,-0.04263830959802081,8.325625011366972,99.0,61500.0,40.0,995.0418019294739,61.80644861426532,0.4584675133228302,0.012314450927078724,0.8927440047264099,2.1893186569213867,2491.0,16.0,0.45685685532433645,0.10866411761452888,-0.004401795566081971,0.06359295267611742,0.047173627630362626,0.004562201477321132,0.7869079538754055,0.24658610492168134,-0.01794298312493726,1.9007305247443063,0.3686781129006004,-0.07493879539625986,2480.4285714285716,440.82839458159646,63.464285714285815,16.142857142857142,0.3499271061118825,-0.10714285714285757
37.414782985773954,1.0,1500.0,0.0,55.0,1826.0,0.444990595776847,812.0,1014.0,9.972540116338232,1.8798622067016846,11550.093079890465,288.6,0.06884541984732824,34.08130081300813,8.921951219512191,11.332514025935957,123.0,34.70588235294118,9.173529411764703,11.158384403243872,68.0,34.08130081300813,8.921951219512191,11.332514025935957,123.0,0.4449918665978973,-0.018113509836650638,-0.0044092890490010925,-0.0062675932026079705,-0.035897435897435576,-0.14567075436640653,-0.04157764603602431,9.077725295214321,55.0,63000.0,41.0,1007.6636564731598,62.520861594335045,0.24055205285549164,0.021892713382840157,0.437529057264328,1.0518877506256104,2266.0,16.0,0.3496001710494359,0.14071875061420933,-0.009702749550342586,0.05791625240817666,0.06563526144567125,0.01002525934018194,0.5836489299933115,0.15416846175868548,-0.0395209938287735,1.4054267803827922,0.26831410526661187,-0.32483321428298945,2377.0,78.87120302535436,-88.00000000000031,16.0,0.0,7.944109290391273e-16
33.08734965324402,1.0,1500.0,0.0,12.0,1952.0,0.08939779127509695,174.0,1778.0,10.187960154649405,2.2551917147643947,12550.549928391569,288.2,0.0659526751796421,33.357251908396954,8.596946564885494,11.535320864845655,131.0,33.260504201680675,8.478991596638654,11.56382627821929,119.0,33.357251908396954,8.596946564885494,11.535320864845655,131.0,0.43017455643545793,-0.016265208618143363,-0.002862500936789485,-0.002606678204330822,-0.04958677685950367,-0.16033057851239668,-0.03690183547927395,8.642176497603193,12.0,64500.0,42.0,1016.1629469394684,63.474071943150854,0.4918009340763092,-0.023124929517507553,1.030051827430725,1.0005711317062378,2260.0,16.0,0.4918009340763092,0.0,0.0,-0.023124929517507553,0.0,0.0,1.030051827430725,0.0,0.0,1.0005711317062378,0.0,0.0,2260.0,0.0,0.0,16.0,0.0,0.0
31.524682954738015,1.0,1500.0,0.0,38.0,2000.0,0.28230176729549566,564.0,1436.0,9.766982513382471,1.7935757999540505,12635.606383852126,298.8,0.0641091658084449,34.782089552238794,9.319402985074626,11.089173497290792,134.0,34.61041666666666,8.864583333333334,11.103721810954736,96.0,34.782089552238794,9.319402985074626,11.089173497290792,134.0,0.4162273178982077,-0.01641452360350553,-0.002950300118139454,-0.005579745179343922,-0.038993073154247535,-0.16666666666666666,-0.03731490794935446,8.42374508364449,38.0,66000.0,43.0,1027.756484746933,64.21754664603391,0.2528417408466339,0.07721418887376785,0.35132965445518494,0.372799277305603,2697.0,17.0,0.26342184841632843,0.010580107569694519,-0.02116021513938912,0.06795649789273739,0.009257690981030464,0.018515381962060914,0.39099985361099243,0.039670199155807495,-0.07934039831161505,0.34584470093250275,0.02695457637310028,0.05390915274620045,2531.0,166.0,331.9999999999998,16.5,0.5,0.9999999999999964
30.764652778024544,1.0,1500.0,0.0,73.0,2078.0,0.5256420306531825,1092.0,986.0,9.593033480109312,2.2524525088637213,13680.605569147892,312.0,0.06337599024984765,35.417266187050366,9.546762589928056,10.83355467278214,139.0,36.215151515151526,9.730303030303027,10.544095226921893,66.0,35.417266187050366,9.546762589928056,10.83355467278214,139.0,0.4240433188856282,-0.01749216175598032,-0.00395260900926534,-0.006211844712247625,-0.05903032471599262,-0.1518919402451024,-0.039878824578360256,8.470109904164252,73.0,67500.0,44.0,1043.467422246933,64.68817191690567,0.5122804641723633,0.08169620484113693,0.8610900044441223,-0.3927118182182312,2537.0,16.0,0.4360430479049683,0.10723376766726281,0.06108401417732233,0.055422592908144,0.10635911247527322,0.05215015299618245,0.7612038016319275,0.10787880737505944,0.017853122949600134,-0.18547842409461737,0.3221341292368567,-0.07305108159780509,2466.8,51.448615141712025,24.09999999999984,16.0,0.0,-1.297267614824132e-15
32.348358035087585,1.0,1500.0,0.0,16.0,1951.0,0.11950411389056888,233.0,1718.0,10.044542233206757,1.8696198101196466,12262.685875220432,281.0,0.06339394486306006,33.83664122137406,8.798473282442746,11.34779018202069,131.0,33.98956521739131,8.85391304347826,11.298259750277344,115.0,33.83664122137406,8.798473282442746,11.34779018202069,131.0,0.45246293917487895,-0.0180969677371589,-0.003963697676004183,-0.004433258999319642,-0.07910899653978974,-0.1453287197231834,-0.04195417447424025,9.289462527519479,16.0,69000.0,45.0,1052.3460018634796,65.56778842492466,0.28840726613998413,0.07716924697160721,0.4224569797515869,-0.09525113552808762,2406.0,16.0,0.28840726613998413,0.0,0.0,0.07716924697160721,0.0,0.0,0.4224569797515869,0.0,0.0,-0.09525113552808762,0.0,0.0,2406.0,0.0,0.0,16.0,0.0,0.0
36.55245541454701,1.0,1500.0,0.0,89.0,1829.0,0.7283019354076471,1332.0,497.0,10.310303149350661,1.7414515228070329,11507.528984477103,260.6,0.06431709363739573,32.94146341463415,8.323577235772357,11.74946920049504,123.0,33.717647058823516,8.694117647058825,11.347872605190938,34.0,32.94146341463415,8.323577235772357,11.74946920049504,123.0,0.4545123792819627,-0.017543587348893185,-0.003472169359859851,-0.005054052888117202,-0.05826439831435158,-0.14129077571406273,-0.04233827919061926,9.693574435132332,89.0,70500.0,46.0,1068.1648330688477,66.00104947983809,0.3330707848072052,0.1243843138217926,0.4172316789627075,-0.7062597870826721,2409.0,16.0,0.3642565429210663,0.16508010322398445,0.021866735816001886,0.04489890187978744,0.22253089148940156,0.09545421302318575,0.6385944485664368,0.21553976639805802,-0.14718806147575386,-0.6041024565696717,0.19618398767125775,-0.06551910638809198,2301.2,270.39408277549273,93.99999999999967,16.2,0.39999999999999997,0.0999999999999977
37.266959124141266,1.0,1500.0,0.0,72.0,1839.0,0.5861961410264059,1078.0,761.0,10.135854665405052,2.0738072967705996,11874.814562580796,252.0,0.06109090909090909,33.536585365853654,8.391869918699184,11.405489005361531,123.0,34.74509803921568,8.93333333333333,10.930928304021789,51.0,33.536585365853654,8.391869918699184,11.405489005361531,123.0,0.4529996214590063,-0.01840921475703712,-0.003949322253718083,-0.005480347433598937,-0.05032233233907922,-0.13773693832387185,-0.043224935907175056,9.28142087760255,72.0,72000.0,47.0,1082.6050868034363,66.50624579327578,0.32943347096443176,-0.034433916211128235,0.727588951587677,-0.7290314435958862,2296.0,16.0,0.1878988265991211,0.1334033398573542,0.014868964254856065,-0.06188254617154598,0.0726041698120981,-0.0014483062550425408,0.499424946308136,0.1564356416768189,0.03261612057685844,-0.6889851987361908,0.17252292244668588,-0.09208524823188775,2322.0,52.188121253787244,-25.20000000000017,16.0,0.0,-1.297267614824132e-15
36.730354369526175,1.0,1500.0,0.0,71.0,1812.0,0.5838955341527591,1058.0,754.0,10.146431102456255,1.8010535802892815,11586.536291475017,305.40000000000003,0.07469914881127092,33.51147540983605,8.82131147540984,11.526560302776392,122.0,33.88627450980391,9.12549019607843,11.380443869918977,51.0,33.51147540983605,8.82131147540984,11.526560302776392,122.0,0.44468434377376526,-0.017420539971689915,-0.0029993680811742237,-0.00537608746966344,-0.04477168073676493,-0.14591327705295473,-0.041100413878907845,9.260474834831923,71.0,73500.0,48.0,1096.8353068828583,67.01097196522849,0.2896820604801178,0.10024715960025787,0.3787974417209625,-0.3617933988571167,2418.0,16.0,0.23909605853259563,0.08254430536817692,0.062387444823980336,0.056078713736496866,0.042167663124449396,0.03662710296921433,0.36592552438378334,0.08992249966054162,0.051532174646854396,-0.5458412766456604,0.11276636972533548,0.057480096817016615,2359.0,169.5921578375604,116.20000000000006,16.0,0.0,-1.89900533991096e-15
40.21810623155822,1.0,1500.0,0.0,109.0,2035.0,0.8003024011252242,1628.0,407.0,10.350318138792723,1.3678134989255262,12086.290941089297,314.0,0.06977777777777777,32.84671532846718,8.192700729927008,11.680007156822564,137.0,32.98571428571429,7.928571428571426,11.613999573920752,28.0,32.84671532846718,8.192700729927008,11.680007156822564,137.0,0.4507117096620144,-0.016930805617671886,-0.002770495475992562,-0.0065902032625184855,-0.028456723778215454,-0.14231523044825187,-0.040124801233221895,9.233699277053324,109.0,75000.0,49.0,1115.2872190475464,67.24725139776092,0.10983701795339584,-0.097151979804039,0.41380271315574646,-0.8764450550079346,1994.0,16.0,0.2517794689961842,0.12049815499618055,-0.014878503179975926,0.028761551279395853,0.0761225237947771,-0.0076114779988399415,0.44592013316495077,0.1268508102959886,-0.014557571283408587,-0.5785563247544425,0.26567097671955164,-0.11759667417832786,2314.1428571428573,321.98466182254646,0.749999999999988,16.142857142857142,0.3499271061118825,-0.07142857142857134
41.445154309272766,1.0,1500.0,0.0,42.0,1915.0,0.3264245247098661,625.0,1290.0,10.102036373639287,1.5591165749856564,11808.45017606482,302.6,0.07029362572012637,33.631249999999994,8.6515625,11.443822968209707,128.0,33.76744186046512,8.730232558139534,11.403713900616625,86.0,33.631249999999994,8.6515625,11.443822968209707,128.0,0.4413916855836506,-0.016159971560872708,-0.0020617891028080395,-0.0074527959059122375,-0.014159149484535966,-0.14360502577319587,-0.03860454586304454,9.02337011746626,42.0,76500.0,50.0,1126.6166582107544,67.90242221475236,0.4851304292678833,0.1974514275789261,0.5750958919525146,-1.3107328414916992,2253.0,16.0,0.3516310751438141,0.1334993541240692,0.2669987082481383,0.15603695064783096,0.04141447693109512,0.08282895386219022,0.3909054398536682,0.18419045209884644,0.3683809041976928,-1.4141405820846558,0.10340774059295654,0.2068154811859132,2364.5,111.5,-223.0,16.0,0.0,-1.7763568394002505e-15
41.111845536322534,1.0,1500.0,0.0,79.0,2090.0,0.5668036660717627,1184.0,906.0,10.077817271334155,1.1412756728404643,12024.066965368065,311.40000000000003,0.0659773719225391,33.71285714285712,8.624285714285719,11.34254415369816,140.0,33.62295081967214,8.495081967213117,11.337449592461509,61.0,33.71285714285712,8.624285714285719,11.34254415369816,140.0,0.43549946156212643,-0.01587516505809645,-0.0023501252815482203,-0.005026637343493565,-0.012275803722503895,-0.14576988155668358,-0.03763465945832684,8.709007796821144,79.0,78000.0,51.0,1142.620038986206,68.26416248502503,0.3696749806404114,0.23927350342273712,0.260721355676651,-0.4079377055168152,2755.0,16.0,0.303671783208847,0.06377403350923208,-0.010733470320701662,0.1664994625141844,0.0966704709666915,-0.024808535084594074,0.2741618752479553,0.0790654945227196,0.028137645125389077,-0.9138557553291321,0.5001451946213794,-0.06237066984176627,2512.0,231.56856436053664,-21.80000000000037,16.6,0.7999999999999999,-0.40000000000000185
40.35999306001161,1.0,1500.0,0.0,95.0,2027.0,0.6970195883909308,1412.0,615.0,10.146183979092038,1.2997850802463042,12331.131639953826,330.20000000000005,0.07248858447488585,33.49411764705883,8.776470588235297,11.513952039057475,136.0,34.136585365853655,9.078048780487803,11.30321244182147,41.0,33.49411764705883,8.776470588235297,11.513952039057475,136.0,0.4431058295788884,-0.017734345523538135,-0.0030838744013496513,-0.006876290223846699,-0.01529117541979222,-0.1464451589853519,-0.04189641064387775,9.161664954352451,95.0,79500.0,52.0,1159.847157716751,68.54351409241016,1.2422113418579102,0.17598627507686615,2.132256269454956,-0.9691049456596375,2123.0,16.0,0.492094745238622,0.39315135072129404,0.18733837434223716,0.14643165717522302,0.15618797158036013,0.045301706876073544,0.6911889612674713,0.6630000493583453,0.28407509156635824,-0.6860817944010099,0.5272841742606038,0.00880666502884462,2321.5,243.0238328504703,-22.942857142857264,16.166666666666668,0.3726779962499649,-0.14285714285714313
40.17108762264252,1.0,1500.0,0.0,66.0,1893.0,0.5167219737946583,978.0,915.0,10.086765559030699,1.3806844528092015,11698.547435736145,306.40000000000003,0.07105751391465677,33.6875,9.031249999999998,11.48687211678557,128.0,34.01290322580645,9.21612903225807,11.350474635427737,62.0,33.6875,9.031249999999998,11.48687211678557,128.0,0.44081474597890646,-0.016953461719173994,-0.0023055303741513523,-0.006094376192263463,-0.016695669976455628,-0.14919643771112703,-0.040262769037047286,9.19055351067326,66.0,81000.0,53.0,1174.0326035022736,68.99297324313459,0.22106540203094482,0.11548639088869095,0.2109767496585846,-0.9063798785209656,2466.0,16.0,0.1527105923742056,0.09326351058695266,-0.004893781989812869,0.01756768301129341,0.0977183871735382,0.0016016975045203886,0.2701314501464367,0.05350819730125262,-0.013032577931880923,-0.7718394920229912,0.2997403503021329,-0.20810548961162573,2499.5,94.02526256278149,-65.40000000000038,16.0,0.0,-1.89900533991096e-15
39.53934347629547,1.0,1500.0,0.0,117.0,2090.0,0.8335810505447071,1742.0,348.0,9.970372132299872,1.0392148886792452,12359.470719131761,313.40000000000003,0.06523187078511365,34.07375886524823,8.835460992907802,11.281069153543822,141.0,35.15,9.341666666666663,10.754447908720865,24.0,34.07375886524823,8.835460992907802,11.281069153543822,141.0,0.434194434122819,-0.016536540783410755,-0.0028040505436480435,-0.005964207235882912,-0.019510111079465074,-0.14525776132156082,-0.03958938451965246,8.850745853135512,117.0,82500.0,54.0,1193.7337863445282,69.11088631631421,0.3053961396217346,0.12370210886001587,0.363105833530426,-1.4111928939819336,2218.0,16.0,0.41050570883921217,0.3723153814916848,-0.05600512214004992,0.09975225877548967,0.08727665350461675,0.03174912902925696,0.6213732063770294,0.8066066513356824,-0.17554602771997455,-0.6684208267501422,0.47798061820620086,-0.18765640125742983,2387.5714285714284,327.2311795932032,8.714285714285737,16.142857142857142,0.3499271061118825,-0.07142857142857134
38.01852724287245,1.0,1500.0,0.0,9.0,1910.0,0.06521253303077885,124.0,1786.0,10.014183212807197,2.4002870832328753,12584.935737162743,279.40000000000003,0.0638307593895641,33.931782945736416,8.610852713178293,11.26478464211225,129.0,33.936666666666646,8.576666666666664,11.257678647333954,120.0,33.931782945736416,8.610852713178293,11.26478464211225,129.0,0.43635439120577635,-0.01730241792072766,-0.0023953988775616618,-0.0033702361125126793,-0.026245353159851475,-0.1516728624535316,-0.04131456050062891,9.0182978238563,9.0,84000.0,55.0,1201.9463784694672,69.88664511553652,0.4047788977622986,-0.0323287732899189,0.8739110231399536,-1.521526575088501,2568.0,16.0,0.4047788977622986,0.0,0.0,-0.0323287732899189,0.0,0.0,0.8739110231399536,0.0,0.0,-1.521526575088501,0.0,0.0,2568.0,0.0,0.0,16.0,0.0,0.0
42.28597518082323,1.0,1500.0,0.0,58.0,1819.0,0.47148077139581157,857.0,962.0,10.430411890213557,1.6372627971428233,11274.472400400206,263.40000000000003,0.06571200478994112,32.588617886178874,7.944715447154472,11.792511470520692,123.0,32.38153846153847,7.821538461538461,11.873203961620755,65.0,32.588617886178874,7.944715447154472,11.792511470520692,123.0,0.45076800736767236,-0.017234191038358188,-0.0029343812829599318,-0.0047336438297978815,-0.018709140615713223,-0.1390704861523832,-0.04025357157572863,9.238464235748614,58.0,85500.0,56.0,1214.8708786964417,70.37784961290835,0.45961207151412964,-0.06626755744218826,1.051794171333313,0.17448879778385162,2497.0,16.0,0.2987302392721176,0.3556704973737854,-0.12932283878326417,-0.011441295966506004,0.26749123294695504,-0.15946765020489692,0.6203233562409878,0.35760534049681486,0.060356284677982215,-0.09859699197113514,0.46581099282386185,0.3332733608782292,2295.5,141.733023674795,124.59999999999998,16.0,0.0,-1.89900533991096e-15
40.17938281676986,1.0,1500.0,0.0,110.0,1953.0,0.8418502483076938,1644.0,309.0,10.285912235626641,1.2364648029210303,11676.122284796373,300.40000000000003,0.06939567547588246,33.044274809160314,8.419847328244272,11.689453340236545,131.0,33.25714285714285,8.590476190476188,11.607649341268063,21.0,33.044274809160314,8.419847328244272,11.689453340236545,131.0,0.44769793381661027,-0.016913127112087555,-0.0026449945956522527,-0.006196318366898689,-0.026217765042981636,-0.14367135916282547,-0.04074782455376276,9.340153209267333,110.0,87000.0,57.0,1232.8968968391418,70.5655113765373,-0.026049308478832245,-0.10513895004987717,0.1581631749868393,-0.08050376921892166,2424.0,16.0,0.15185068299372992,0.0954435220045974,-0.037959435582160944,-0.03956004837527871,0.04961902734530835,0.0029588147731764037,0.38286810368299484,0.19139807109397083,-0.08184138493878503,0.2332258795698484,0.18808203595940468,-0.024427409682955058,2368.3333333333335,352.6545366533971,58.28571428571433,16.166666666666668,0.3726779962499649,0.08571428571428473
37.910612636694204,1.0,1500.0,0.0,108.0,2037.0,0.7934595513789517,1616.0,421.0,9.974199248243028,1.7487450011508872,12658.690152574498,328.6,0.07040322235077345,34.06861313868613,9.00875912408759,11.279682610569226,137.0,35.379310344827594,9.855172413793102,10.784583762152918,29.0,34.06861313868613,9.00875912408759,11.279682610569226,137.0,0.43611485692236507,-0.018860831831498434,-0.005686268283633383,-0.006517180088546639,-0.01987358245026984,-0.14692941686806718,-0.0439161516400594,8.87425906841991,108.0,88500.0,58.0,1252.033185005188,70.68502740974337,0.6955942511558533,-0.043919432908296585,1.4792625904083252,1.1761183738708496,2127.0,17.0,0.30950979462691713,0.18339698717556044,0.0807920013155256,-0.20487630659148895,0.5396492155606916,0.17725682251745772,1.0289068605218614,1.0140263352117052,-0.192894257605076,0.6732088242258344,0.434870305841042,0.17697360260146006,2451.1428571428573,491.16375755413173,-6.642857142857378,16.714285714285715,0.6998542122237651,-0.035714285714286226
39.03492085933685,1.0,1500.0,0.0,10.0,1852.0,0.0744317527055041,137.0,1715.0,9.914800168256916,2.34803562956876,12188.595656558462,274.2,0.06399962655214265,34.275200000000005,8.924799999999998,11.289668998054578,125.0,34.40695652173913,8.944347826086956,11.25189203353888,115.0,34.275200000000005,8.924799999999998,11.289668998054578,125.0,0.4531689878312812,-0.018329906686022936,-0.0025310729090835048,-0.0047130709638655175,-0.02968858131487913,-0.15051903114186851,-0.04193600016227844,9.347205097049624,10.0,90000.0,59.0,1260.069989681244,71.42460397994799,0.23422005772590637,-0.013527298346161842,0.49570733308792114,1.063067078590393,2691.0,16.0,0.23422005772590637,0.0,0.0,-0.013527298346161842,0.0,0.0,0.49570733308792114,0.0,0.0,1.063067078590393,0.0,0.0,2691.0,0.0,0.0,16.0,0.0,0.0
37.17242284119129,1.0,1500.0,0.0,96.0,1927.0,0.7447420563730398,1435.0,492.0,9.996158480647235,1.94084314815833,12254.563907615178,302.8,0.06903469974009394,34.00155038759691,9.043410852713176,11.366112061379363,129.0,33.68484848484849,8.8,11.485784640904239,33.0,34.00155038759691,9.043410852713176,11.366112061379363,129.0,0.4294417897049406,-0.02011110053017561,-0.006517581677485087,-0.006008650701329901,-0.01305693069306886,-0.15061193619361937,-0.045450442090715304,8.738122924933878,96.0,91500.0,60.0,1277.1280169487,71.64512780685118,0.2874451279640198,0.031304165720939636,0.5122563242912292,-0.12795864045619965,2720.0,16.0,0.3079352855682373,0.05368946529381272,-0.009034404158592258,-0.028494671732187272,0.03061108934034868,0.016202652826905257,0.6729294300079346,0.13908602962940222,-0.0505021095275879,0.3475309759378433,0.38468098956437063,-0.1399612337350846,2421.4,519.3440478141633,97.5999999999995,16.2,0.39999999999999997,-2.594535229648264e-15
40.69357451352667,1.0,1500.0,0.0,94.0,1934.0,0.7229959736136612,1398.0,536.0,10.312523182548867,1.6974731198017963,11984.478506730984,302.2,0.07055802007938361,32.94615384615386,8.31230769230769,11.710621867069474,130.0,32.96666666666666,8.361111111111107,11.728122154370427,36.0,32.94615384615386,8.31230769230769,11.710621867069474,130.0,0.44834157416036285,-0.019673319728337295,-0.006111817517643435,-0.006097035211398699,-0.013098365440746796,-0.14222124927028604,-0.04591185290344045,9.316089018381271,94.0,93000.0,61.0,1294.1276545524597,71.8630806418874,0.24457716941833496,0.03287150338292122,0.42342451214790344,0.06594230234622955,2376.0,16.0,0.297761969268322,0.12436397460011706,-0.029688004510743278,0.051377625204622746,0.09112377968246987,-0.029383948072791093,0.4928043335676193,0.1129368817436429,-0.0006047393594469161,0.17817751007775465,0.22784800483930223,0.01690967817391667,2374.5,294.74211892206154,-32.59999999999986,16.166666666666668,0.3726779962499649,-0.14285714285714313
40.193460354062374,1.0,1500.0,0.0,122.0,1937.0,0.9430329819736614,1826.0,111.0,10.35830001251725,1.5519841148194424,11726.953488943032,313.40000000000003,0.07349561465222082,32.80153846153846,8.292307692307697,11.78807881960712,130.0,35.175,9.649999999999997,10.954448115239169,8.0,32.80153846153846,8.292307692307697,11.78807881960712,130.0,0.4532834557722876,-0.018920141599804492,-0.005516886135849495,-0.006734454178758188,-0.022884244007725953,-0.1419970464614336,-0.04473245699470236,9.527527436912937,122.0,94500.0,62.0,1313.8537046909332,71.92581614117371,0.10365045070648193,-0.00017683126498013735,0.20784282684326172,0.9412781596183777,2524.0,16.0,0.19083071406930685,0.09876668083927312,-0.018584531421462713,0.025254730964661576,0.08174230065536846,-0.0021289522729126637,0.33137276768684387,0.18898696335738846,-0.032910688292412574,1.1040102764964104,0.39009909835798534,0.002347787930851753,2389.25,381.31671547415806,33.928571428571345,16.5,0.7071067811865476,-0.07142857142857172
40.15035693084492,1.0,1500.0,0.0,68.0,1953.0,0.5210056662266684,1017.0,936.0,10.07149673932645,1.7308957944716066,12091.80040169505,307.40000000000003,0.06954751131221719,33.74045801526718,8.818320610687024,11.433770619484916,131.0,34.58412698412698,9.17142857142857,11.149106681473032,63.0,33.74045801526718,8.818320610687024,11.433770619484916,131.0,0.44756472235798606,-0.01756550484420941,-0.0031965321808380214,-0.007057453935020559,-0.02112264436158343,-0.14547011992341025,-0.041565094818575184,9.274158265744902,68.0,96000.0,63.0,1328.1176044940948,72.28275543909247,0.1285693496465683,0.00735645042732358,0.24254240095615387,0.583042562007904,2260.0,16.0,0.5569109804928303,0.6721696328786895,-0.49145291000604635,0.3967891026986763,0.6948571066627509,-0.4816787344869228,0.3203866071999073,0.11405224115828433,-0.019570542871952035,0.7141825407743454,0.17791951320073432,-0.11085152029991162,2367.5,97.75607398008576,-2.9999999999999436,16.5,0.5,-0.19999999999999826
41.25248738238588,1.0,1500.0,0.0,64.0,1852.0,0.516399959785628,956.0,896.0,10.067998903351066,1.5389972398721887,11268.9786814415,308.20000000000005,0.07364396654719235,33.75,8.848387096774193,11.401281763698424,124.0,34.626666666666665,9.269999999999998,10.990608465624145,60.0,33.75,8.848387096774193,11.401281763698424,124.0,0.4491579688993127,-0.01661015198242451,-0.00265703002340566,-0.0069697404699095205,-0.020326425426822028,-0.145012348330291,-0.0396021319562288,9.532971161635588,64.0,97500.0,64.0,1341.9496791362762,72.65548143560366,0.6123090386390686,0.45064178109169006,0.3234780728816986,0.7176123857498169,2587.0,17.0,0.20548652485013008,0.26234400631968946,0.22761858552694322,0.050268537786905654,0.2566892251168716,0.21309321502340023,0.3105616569519043,0.08811720055346008,0.029050797224044807,0.6283897906541824,0.08563082141425249,0.00021439194679258308,2439.75,242.7646751485891,187.4999999999999,16.5,0.5,0.40000000000000224
39.86182980334505,1.0,1500.0,0.0,94.0,2083.0,0.6735363180118941,1402.0,681.0,10.002807276533316,1.6387600524945778,12902.996708721039,351.0,0.07380151387720774,33.971428571428575,8.907142857142853,11.30861104999732,140.0,34.57826086956522,9.217391304347824,11.104172716468922,46.0,33.971428571428575,8.907142857142853,11.30861104999732,140.0,0.43782931526485347,-0.016816756789248308,-0.002899095805986615,-0.006629964472062028,-0.016992857142856484,-0.14682142857142857,-0.03970971488096236,8.889138660161866,94.0,99000.0,65.0,1359.5665261745453,72.81732676852481,0.06887830793857574,0.009188731200993061,0.11944152414798737,0.3118889629840851,2542.0,16.0,0.032309399296840034,0.07448485263302596,0.014813498726912901,-0.12280872386569779,0.07527927618729784,0.02677961398980445,0.31033282975355786,0.1809002141723991,-0.02394698687962121,0.4828808307647705,0.22584637123942328,-0.07378221069063456,2398.8333333333335,329.58429203400385,100.7142857142857,16.0,0.0,0.0
37.49159540300784,1.0,1500.0,0.0,23.0,2035.0,0.16424447198006814,334.0,1701.0,9.976367623734097,1.9775471935110964,12962.283068560339,306.2,0.06563210014146698,34.05401459854016,8.667153284671533,11.248727484811205,137.0,34.09122807017545,8.543859649122808,11.228830754000125,114.0,34.05401459854016,8.667153284671533,11.248727484811205,137.0,0.43423331014598177,-0.016442964294870167,-0.0024754032438785937,-0.006401458470198941,-0.025217391304347633,-0.15463768115942028,-0.0373809221323125,8.739972349094534,23.0,100500.0,66.0,1369.353529214859,73.39229633243309,0.10670799762010574,-0.011612649075686932,0.23680751025676727,0.8311089873313904,2353.0,16.0,0.10670799762010574,0.0,0.0,-0.011612649075686932,0.0,0.0,0.23680751025676727,0.0,0.0,0.8311089873313904,0.0,0.0,2353.0,0.0,0.0,16.0,0.0,0.0
38.24431093346398,1.0,1500.0,0.0,106.0,1946.0,0.8134936470977772,1583.0,363.0,10.059614295476065,1.1389342179016255,11249.321667865956,313.20000000000005,0.07079566003616637,33.770992366412216,8.920610687022902,11.475391567666609,131.0,31.816,6.88,11.953527906160243,25.0,33.770992366412216,8.920610687022902,11.475391567666609,131.0,0.42899640664013694,-0.016556786923734274,-0.0029423788711615932,-0.005994513878110529,-0.016135656502799654,-0.15479153702551338,-0.03877991070160598,8.86416227198727,106.0,102000.0,67.0,1388.1716158390045,73.47794670066905,-0.1257932186126709,-0.2035956233739853,0.15568767488002777,0.4143706262111664,2588.0,16.0,0.20297847049576895,0.22650529031235575,-0.025405548512935645,-0.03337701606298132,0.1221986620589383,-0.025041277079643414,0.47282550803252626,0.30901341683593214,-0.0007407617356095924,0.5726820273058755,0.22701636407966969,-0.06111524041209904,2452.4285714285716,235.27118525702397,68.74999999999997,16.142857142857142,0.34992710611188255,0.035714285714284734
39.92454641312361,1.0,1500.0,0.0,64.0,1816.0,0.524166832237501,951.0,865.0,10.121084246437707,1.284405293010557,10717.50552528449,300.40000000000003,0.07332552235891428,33.58032786885246,8.859016393442621,11.535535500329042,122.0,33.665517241379305,8.682758620689654,11.4929070725676,58.0,33.58032786885246,8.859016393442621,11.535535500329042,122.0,0.43958674873535125,-0.016916458790632683,-0.0025507532958073285,-0.007737757722093033,-0.013790925360563937,-0.1519107274449942,-0.03956842689557245,9.184639456181737,64.0,103500.0,68.0,1401.4800930023193,73.85049599832504,0.025643236935138702,-0.0642099604010582,0.17977845668792725,0.36028945446014404,2516.0,17.0,0.0597847451766332,0.04628166953823943,-0.0014257803559303446,-0.05830030577878157,0.02769863147327692,0.012335497885942471,0.23626939952373505,0.04670451737510699,-0.027548052370548293,0.4964937965075175,0.10482600349092686,-0.12749600410461426,2381.3333333333335,117.83132954449007,143.4999999999999,16.333333333333332,0.4714045207910317,0.5000000000000008
41.31162968848614,1.0,1500.0,0.0,94.0,1994.0,0.701425265820804,1398.0,596.0,10.170720183712458,1.3471971433173664,11939.818321884648,325.8,0.07279145627597301,33.40149253731344,8.585074626865673,11.503790656798415,134.0,34.05999999999999,8.865,11.229256402372986,40.0,33.40149253731344,8.585074626865673,11.503790656798415,134.0,0.44523028143900567,-0.017157575698743602,-0.0028162203953225667,-0.006578207347880275,-0.014620349553991793,-0.1442816737979549,-0.040636455806272405,9.16568620564895,94.0,105000.0,69.0,1418.5594255924225,74.01875318416754,0.1900988072156906,0.10002689063549042,0.1803162842988968,0.8622639179229736,2226.0,16.0,0.11034890885154407,0.037183269165968195,0.01726340161902563,-0.03217697081466516,0.07049960283991558,0.0218673760337489,0.28517507513364154,0.0883907520228331,-0.009196759973253515,0.6165878375371298,0.15487132587901395,0.05594523634229385,2405.3333333333335,324.28159916275786,-32.628571428571405,16.5,0.5,-0.14285714285714313
39.757771117229986,1.0,1500.0,0.0,73.0,2086.0,0.5247849520817832,1094.0,992.0,9.854769163231362,1.5348210023153845,12695.8392288322,324.0,0.06711131364182443,34.484285714285726,9.212857142857139,11.142251253269317,140.0,34.86268656716416,9.337313432835819,11.008462641546153,67.0,34.484285714285726,9.212857142857139,11.142251253269317,140.0,0.42929308750563155,-0.016401514262364567,-0.0027829862439864394,-0.0055311260533677875,-0.01025223759153764,-0.1501220504475183,-0.03855620742193186,8.598029767265485,73.0,106500.0,70.0,1434.3988099098206,74.24713354767462,0.15966461598873138,-0.13200142979621887,0.5834552049636841,0.6155474185943604,2508.0,16.0,0.12858651727437972,0.07058091895117993,0.035482051968574506,-0.04298588242381811,0.06570346016665753,-0.037687404640018934,0.34327478110790255,0.26022143687827043,0.14633150249719615,0.6498807489871978,0.14222949101927912,-0.037064957618713465,2508.6,109.70250680818557,8.29999999999983,16.4,0.7999999999999999,-2.594535229648264e-15
52.478193283081055,1.0,1500.0,0.0,8.0,2086.0,0.05600761041056838,116.0,1970.0,10.23733036602579,2.2514770631724503,13510.009552141248,285.2,0.061346526134652614,33.20714285714285,8.178571428571427,11.520776865091218,140.0,33.47575757575757,8.356060606060604,11.425653293384935,132.0,33.20714285714285,8.178571428571427,11.520776865091218,140.0,0.5284655118606512,-0.019290772368853203,-0.004012604326708143,-0.004648966988594674,-0.022686567164179158,-0.1044776119402985,-0.048382772799450566,11.654313227469673,8.0,108000.0,71.0,1441.6978237628937,74.91167581713853,0.15966461598873138,-0.13200142979621887,0.5834552049636841,0.6155474185943604,2508.0,16.0,0.12858651727437972,0.07058091895117993,0.035482051968574506,-0.04298588242381811,0.06570346016665753,-0.037687404640018934,0.34327478110790255,0.26022143687827043,0.14633150249719615,0.6498807489871978,0.14222949101927912,-0.037064957618713465,2508.6,109.70250680818557,8.29999999999983,16.4,0.7999999999999999,-2.594535229648264e-15
38.38615497675809,1.0,1500.0,0.0,44.0,2046.0,0.3230307840752872,660.0,1386.0,9.94954420498999,1.6797912046253018,12626.400966628178,307.40000000000003,0.0656949905966832,34.15474452554744,8.93576642335766,11.234462791332389,137.0,34.064516129032256,8.795698924731182,11.244538685322942,93.0,34.15474452554744,8.93576642335766,11.234462791332389,137.0,0.4264133527179687,-0.016938906883136585,-0.0028761200924214475,-0.006096463314831857,-0.014364476233050037,-0.151318730442557,-0.03928706943141708,8.563143589259797,44.0,109500.0,72.0,1453.936280965805,75.31279151192412,0.08640336990356445,-0.02797631360590458,0.22891709208488464,0.7886264324188232,2249.0,16.0,0.10841727256774902,0.02480918441254929,-0.00468054413795474,-0.029089943195382755,0.054105406136118896,0.0339643722400069,0.27519846459229785,0.07692291789023575,-0.07734091579914101,0.9201479554176331,0.27237415406012633,-0.255411744117737,2338.6666666666665,333.0969161603805,132.99999999999983,16.333333333333332,0.4714045207910317,-7.944109290391273e-16
41.005442561553075,1.0,1500.0,0.0,65.0,1859.0,0.5186488551637277,964.0,895.0,10.236016406299775,1.3926479220777181,11187.662533350609,296.0,0.07130468298323377,33.209599999999995,8.505600000000001,11.647392903375557,125.0,33.00666666666667,8.100000000000003,11.62597445590757,60.0,33.209599999999995,8.505600000000001,11.647392903375557,125.0,0.4422286629635913,-0.017193471012919563,-0.0030602068832544676,-0.006251526030667084,-0.011033548655969812,-0.15034382162950616,-0.04018009625311873,9.381362328729566,65.0,111000.0,73.0,1467.8283677101135,75.6219204110121,0.2316066026687622,0.1822568029165268,0.09892010688781738,1.1024690866470337,2309.0,16.0,0.1330743171274662,0.07233870096088012,0.043799857795238484,0.007609072024933994,0.11425214943822078,0.07061783107928932,0.2510802671313286,0.09087805425699393,-0.053600874543189986,0.7488624304533005,0.21289480577661227,0.17533662915229797,2484.0,145.0155164111758,-42.5999999999999,16.5,0.5,-0.19999999999999826
41.3087681388855,1.0,1500.0,0.0,25.0,1999.0,0.18781614214695735,375.0,1624.0,10.159572084622342,1.8497979786203795,12576.469439390057,299.2,0.06675889151680128,33.44626865671642,8.455223880597014,11.457505880816868,134.0,33.66788990825689,8.579816513761468,11.37847472518017,109.0,33.44626865671642,8.455223880597014,11.457505880816868,134.0,0.4572061460928914,-0.019474877435598167,-0.005794884459522048,-0.006308692368902297,-0.019380061435353348,-0.13808991901703435,-0.045720639865275005,9.446882171276162,25.0,112500.0,74.0,1477.5411303043365,76.14001241158533,0.11083872616291046,-0.02519824728369713,0.27235856652259827,1.4231089353561401,2466.0,16.0,0.11083872616291046,0.0,0.0,-0.02519824728369713,0.0,0.0,0.27235856652259827,0.0,0.0,1.4231089353561401,0.0,0.0,2466.0,0.0,0.0,16.0,0.0,0.0
41.23312691911574,1.0,1500.0,0.0,124.0,1970.0,0.9369709755583328,1845.0,125.0,10.173312585562599,0.9850681374944846,11153.95142104816,290.8,0.06547190201729107,33.39548872180449,8.551879699248115,11.584267755128687,133.0,34.199999999999996,8.999999999999996,11.076422891097941,9.0,33.39548872180449,8.551879699248115,11.584267755128687,133.0,0.44251003194981947,-0.016522386710191846,-0.002713269113753068,-0.005689571437976036,-0.01695647419072627,-0.1444116360454943,-0.03932802600439618,9.245545772767137,124.0,114000.0,75.0,1497.9221992492676,76.1054212676298,0.12816718220710754,0.010063985362648964,0.2363997995853424,0.9670534729957581,2441.0,17.0,0.2867566980421543,0.2972289867538543,-0.016313469480900542,0.05112287183874287,0.16212004275453784,-0.008775369333480268,0.4714812207967043,0.356595452792649,-0.015084067093474563,1.0677381083369255,0.18799693038558843,-0.0393059956175941,2374.125,465.7586385403925,55.48809523809516,16.375,0.4841229182759271,-0.011904761904762553
41.7263093946585,1.0,1500.0,0.0,67.0,1817.0,0.5460547602202837,992.0,825.0,10.312045123737704,1.3269910918343022,10742.694567518076,278.8,0.06936703821656051,32.944262295081955,8.381967213114754,11.746674441657293,122.0,33.00727272727272,8.261818181818182,11.711286877489488,55.0,32.944262295081955,8.381967213114754,11.746674441657293,122.0,0.4494353255310158,-0.017350652469842923,-0.0034801524640822473,-0.00684885562299178,-0.01313763727804547,-0.1457969824489377,-0.040905697877561736,9.455842987137352,67.0,115500.0,76.0,1511.7415642738342,76.40194774659152,0.019019849598407745,-0.10931152105331421,0.25700482726097107,1.7104464769363403,2342.0,16.0,0.19705802761018276,0.13421325761547823,-0.08266031965613364,0.03262992203235626,0.09764945695261196,-0.05815740823745726,0.329165481030941,0.08250820910946907,-0.048979517817497244,1.5463848114013672,0.15410065402654496,0.1315107822418212,2326.0,103.65085624344837,64.80000000000004,16.0,0.0,-1.89900533991096e-15
41.862004877652154,1.0,1500.0,0.0,118.0,2020.0,0.8736217734105521,1764.0,256.0,10.258634223733578,1.287735411135287,11884.196624309283,311.6,0.06916452099795792,33.12647058823529,8.352941176470585,11.632116523750161,136.0,34.355555555555554,9.166666666666664,11.1867109328388,18.0,33.12647058823529,8.352941176470585,11.632116523750161,136.0,0.4492382387241635,-0.016760358056525447,-0.002950045578009355,-0.00617654597560937,-0.01863932898415682,-0.14104729729729729,-0.040124404017142574,9.338791514688323,118.0,117000.0,77.0,1530.9208579063416,76.42459072639913,0.10541772842407227,-0.03946598991751671,0.2901398241519928,1.8619790077209473,1965.0,16.0,0.09093756654432841,0.04418551619210982,0.010673271758215764,-0.0664983264037541,0.08203118228923263,0.020537506788969047,0.3151569664478302,0.13351737257398721,-0.019711378429617215,1.4259047848837716,0.25999138577070474,0.08546421357563566,2349.0,186.94919095839919,-43.96428571428579,16.285714285714285,0.699854212223765,-0.1428571428571423
38.70395074571882,1.0,1500.0,0.0,14.0,1832.0,0.11446034612586299,209.0,1623.0,10.26602279173236,1.9293343910503933,11749.04485825924,272.6,0.0669614345369688,33.09756097560977,8.484552845528455,11.68941120112706,123.0,33.102752293578,8.381651376146788,11.659889734922253,109.0,33.09756097560977,8.484552845528455,11.68941120112706,123.0,0.44660783316710156,-0.018152138630912765,-0.004115817047331701,-0.0031870948696300946,-0.021690278456277655,-0.15876893014167073,-0.0433196130295455,9.845057550793921,14.0,118500.0,78.0,1539.3791751861572,76.97908475711957,0.08222592622041702,-0.016674427315592766,0.19815388321876526,1.7658568620681763,2700.0,16.0,0.08222592622041702,0.0,0.0,-0.016674427315592766,0.0,0.0,0.19815388321876526,0.0,0.0,1.7658568620681763,0.0,0.0,2700.0,0.0,0.0,16.0,0.0,0.0
37.145786905288695,1.0,1500.0,0.0,10.0,2073.0,0.06657691714376392,138.0,1935.0,10.135503234317001,2.2999872273632236,13510.929327310057,312.8,0.06662123019253706,33.53714285714284,8.348571428571427,11.40781413221752,140.0,33.51230769230769,8.276923076923078,11.408368810051797,130.0,33.53714285714284,8.348571428571427,11.40781413221752,140.0,0.4345348213583923,-0.018098161372490956,-0.0031957122332857122,-0.0043617097615010385,-0.024800000000000173,-0.15466666666666667,-0.041325987987071176,8.932800550948382,10.0,120000.0,79.0,1547.9905667304993,77.51985223879704,0.23431921005249023,0.03392210602760315,0.401107519865036,1.566559076309204,2455.0,16.0,0.23431921005249023,0.0,0.0,0.03392210602760315,0.0,0.0,0.401107519865036,0.0,0.0,1.566559076309204,0.0,0.0,2455.0,0.0,0.0,16.0,0.0,0.0
40.40736656387647,1.0,1500.0,0.0,30.0,1817.0,0.24046549066807665,436.0,1381.0,10.406836945282775,1.5135098534659486,10934.284598409915,271.0,0.06750024907840989,32.64065040650406,8.053658536585367,11.834242384195116,123.0,32.406451612903226,7.731182795698926,11.926700217420764,93.0,32.64065040650406,8.053658536585367,11.834242384195116,123.0,0.4428119501588759,-0.01717291859945369,-0.0031974883727295517,-0.006024270581904033,-0.01076679484279584,-0.15358516172811582,-0.03952960418104115,9.086687579848922,30.0,121500.0,80.0,1558.1249253749847,77.9783430848841,0.263982355594635,0.13698641955852509,0.25430887937545776,1.5849592685699463,2350.0,16.0,0.22253236174583435,0.04144999384880066,0.08289998769760126,0.11013680323958397,0.026849616318941116,0.05369923263788221,0.22507454454898834,0.02923433482646942,0.05846866965293883,1.4170607924461365,0.16789847612380981,0.3357969522476192,2297.0,53.0,106.0,16.0,0.0,-1.7763568394002505e-15
41.991976113211024,1.0,1500.0,0.0,110.0,2015.0,0.8193091540338476,1650.0,365.0,10.33623257840691,1.1261819349547353,11579.499650305215,310.40000000000003,0.06993826325988013,32.87555555555556,8.180740740740738,11.686344526592178,135.0,32.19200000000001,7.383999999999998,11.914221540900572,25.0,32.87555555555556,8.180740740740738,11.686344526592178,135.0,0.447601841017274,-0.01698142018310099,-0.0027258361950594535,-0.0058145067193203165,-0.013940601456944871,-0.14292385281115746,-0.040251215999517954,9.145127347205811,110.0,123000.0,81.0,1576.428731918335,78.02445965972909,0.15232469141483307,0.019585708156228065,0.2656777799129486,0.9990339279174805,2247.0,16.0,0.23796811575690904,0.1174859610469431,-0.012651574398790076,0.07021221984177828,0.04667423437109844,-0.011839285758989201,0.3357576864461104,0.21099252058798104,-0.0016511080520493855,1.2294762829939525,0.2531753275969152,-0.13266411679131648,2381.8333333333335,427.3458461506584,72.88571428571423,16.5,0.5,0.028571428571428723
50.621546268463135,1.0,1500.0,0.0,13.0,2024.0,0.09014437370862065,182.0,1842.0,10.27164887245037,1.7654311809391205,12333.029378212892,282.6,0.0627804682987515,33.098529411764694,8.114705882352942,11.584437371034147,136.0,33.48943089430894,8.403252032520328,11.461058765421793,123.0,33.098529411764694,8.114705882352942,11.584437371034147,136.0,0.5136711057869114,-0.016562979083103724,-0.0022794265193426797,-0.004904816533277283,-0.03299522673031057,-0.10441527446300716,-0.043590071963501835,10.794200001929529,13.0,124500.0,82.0,1584.990205526352,78.54938129327769,0.00794045627117157,-0.14071708917617798,0.2974952757358551,0.9009644985198975,2494.0,16.0,0.00794045627117157,0.0,0.0,-0.14071708917617798,0.0,0.0,0.2974952757358551,0.0,0.0,0.9009644985198975,0.0,0.0,2494.0,0.0,0.0,16.0,0.0,0.0
40.166630370720576,1.0,1500.0,0.0,115.0,1997.0,0.8601832964586514,1717.0,280.0,10.13344033356287,1.244840059196737,11592.480964250813,307.8,0.0684913217623498,33.537313432835845,8.602985074626861,11.547813633468396,134.0,33.29473684210527,8.136842105263154,11.543249404641495,19.0,33.537313432835845,8.602985074626861,11.547813633468396,134.0,0.4390335687886803,-0.01727785293435222,-0.0036207526667479126,-0.006310246110001663,-0.016447175885279216,-0.14606379865378988,-0.040378874999726685,9.12617565740168,115.0,126000.0,83.0,1604.2616477012634,78.54080422638329,0.003390401601791382,-0.08927534520626068,0.1854947954416275,0.8165329694747925,2050.0,16.0,0.27208693751267027,0.2555267973568705,-0.0018587059208324895,0.010858775515641485,0.17727844498197617,0.03680359911439675,0.5226452904088157,0.3128916873592449,-0.07732265176517623,0.9448865141187396,0.20395946090173928,0.009804989610399514,2335.8571428571427,302.7740452036462,21.67857142857142,16.285714285714285,0.45175395145262565,-0.10714285714285644
39.478910468518734,1.0,1500.0,0.0,64.0,2014.0,0.47459209594810764,955.0,1059.0,10.156150639561595,1.3622431311911878,11953.632892972493,297.6,0.06586693816121464,33.46814814814815,8.559999999999995,11.480638209426743,135.0,33.138028169014085,8.174647887323939,11.575187468487789,71.0,33.46814814814815,8.559999999999995,11.480638209426743,135.0,0.4339598042097464,-0.016944946015011644,-0.0027817356511332493,-0.005846107910969127,-0.014768942547876376,-0.1496669442131557,-0.03935625528880444,8.764104320642884,64.0,127500.0,84.0,1618.6595277786255,78.76888117106084,-0.1862907111644745,-0.30988001823425293,0.2473396509885788,0.8052820563316345,2580.0,17.0,0.06595104746520519,0.16823573717941886,-0.1478974498808384,-0.11056807241402566,0.12148738149343527,-0.09454457880929112,0.35322587564587593,0.13259780808939392,-0.10671750456094746,0.938203752040863,0.08903980829564384,-0.05879336595535263,2562.0,98.3183604419846,-46.599999999999746,16.5,0.5,0.20000000000000065
38.11373947406637,1.0,1500.0,0.0,29.0,2088.0,0.20781881917871287,433.0,1655.0,9.807847126831005,1.6672953049214043,12781.831933619738,340.6,0.07020364415862808,34.65428571428572,9.281428571428576,11.115120754234153,140.0,34.66126126126126,9.227027027027024,11.090029071867136,111.0,34.65428571428572,9.281428571428576,11.115120754234153,140.0,0.4229603295240366,-0.016430578362403688,-0.0022510078250797807,-0.006441993839380055,-0.013814016172506874,-0.1545372866127583,-0.03761439887076575,8.658225375821571,29.0,129000.0,85.0,1629.6299476623535,79.15907546068722,0.19759507477283478,-0.0006946885259822011,0.3967237174510956,0.7210237383842468,2553.0,16.0,0.0972256176173687,0.10036945715546608,0.2007389143109321,-0.043330760730896145,0.042636072204913944,0.08527214440982789,0.281268373131752,0.11545534431934357,0.23091068863868705,0.778117299079895,0.05709356069564819,-0.1141871213912965,2497.0,56.0,112.0,16.0,0.0,-1.7763568394002505e-15
40.232943749129774,1.0,1500.0,0.0,100.0,1985.0,0.7551853788823129,1499.0,486.0,10.130461019131564,1.2028258204925675,11784.323715104696,311.8,0.06988837584614695,33.54436090225565,8.827067669172932,11.492728093480135,133.0,34.375757575757575,9.012121212121215,11.14255459557635,33.0,33.54436090225565,8.827067669172932,11.492728093480135,133.0,0.4430062221655173,-0.017021444055567114,-0.0027007543558697955,-0.006249449283493448,-0.017012757871877716,-0.14871742671009772,-0.04027562577648071,9.135745208673676,100.0,130500.0,86.0,1647.3253366947174,79.21932425433477,0.271666556596756,0.04083368927240372,0.4617789387702942,0.5659134984016418,2068.0,16.0,0.25727321580052376,0.1411354156426234,-0.039390011557510915,0.0752322714154919,0.14259496127627366,-0.046938383419598835,0.3642091527581215,0.11166132485619099,0.015090814232826195,0.6363125344117483,0.08852073588009143,-0.029665860107966856,2314.3333333333335,322.2921380087051,-19.199999999999992,16.0,0.0,0.0
39.913392424583435,1.0,1500.0,0.0,89.0,1950.0,0.6828687991353298,1331.0,619.0,10.164768491793113,1.5071613772446084,11989.007259010614,300.6,0.06858316221765914,33.45801526717558,8.613740458015268,11.521495263645367,131.0,33.41428571428571,8.376190476190478,11.505319108017384,42.0,33.45801526717558,8.613740458015268,11.521495263645367,131.0,0.44019944117515447,-0.01686671464869179,-0.0026934192020775438,-0.005942630054971216,-0.019672628069111135,-0.14712791755077295,-0.039837764828205245,9.064648823132194,89.0,132000.0,87.0,1664.2229840755463,79.3162943085564,0.1315441131591797,-0.009018258191645145,0.28113025426864624,0.02748016081750393,2485.0,17.0,0.17059353863199553,0.1666551933278424,0.04771014771291188,-0.06916333253805836,0.04637393130493406,0.020104115855480942,0.4795495594541232,0.33095507508517324,0.055193743109703056,0.1791146257892251,0.23030108169064395,-0.0915985269738095,2458.5,159.51567321112995,41.228571428571335,16.333333333333332,0.4714045207910317,0.11428571428571536
40.79293041544802,1.0,1500.0,0.0,102.0,2058.0,0.742944955692187,1528.0,530.0,9.984788597551553,1.3138806440377406,12002.487908496,313.8,0.06681429118937103,34.03333333333333,8.917391304347825,11.339360929013814,138.0,35.866666666666674,10.350000000000001,10.725481659195777,36.0,34.03333333333333,8.917391304347825,11.339360929013814,138.0,0.4415586705103343,-0.016155088480728517,-0.0025434889600702564,-0.005684014804788064,-0.02164080116726394,-0.14226024671707124,-0.03885422766887042,9.096490556718862,102.0,133500.0,88.0,1682.2681498527527,79.3571464880228,0.3775501847267151,0.04539543762803078,0.6644212603569031,0.5588406324386597,1954.0,16.0,0.29002171630660695,0.16142700327466097,-0.029182197153568297,0.10217242563764255,0.15663649705366572,-0.050718606582709706,0.3757325087984403,0.16993180125679133,0.043094322085380506,0.16964976008360586,0.20305634467916445,0.10750348219381908,2332.3333333333335,362.7711246624914,19.485714285714167,16.166666666666668,0.3726779962499649,0.08571428571428473
39.00117101629129,1.0,1500.0,0.0,89.0,1997.0,0.6637073967807915,1325.0,672.0,10.041829335576443,1.4101474032244063,12033.82944447459,326.8,0.0720395026893572,33.85373134328356,8.91044776119403,11.420562206293273,134.0,34.46222222222222,9.022222222222222,11.158896454760136,45.0,33.85373134328356,8.91044776119403,11.420562206293273,134.0,0.43956819486728305,-0.01686289264001127,-0.002727591115961478,-0.006314161820873845,-0.023794382617912255,-0.1491407373760315,-0.03965063062874605,9.158062184150165,89.0,135000.0,89.0,1699.081247806549,79.45470540286405,0.15531393885612488,0.055354759097099304,0.2000054121017456,0.4353020489215851,2699.0,16.0,0.10996237993240357,0.07902333469776,0.018912683427333814,-0.02587403329089284,0.08904758679407376,0.020199959212914113,0.27176579236984255,0.08158704513224593,-0.002577751874923744,0.4648312568664551,0.036985449217654606,-0.015997081995010456,2437.8,200.80876474895211,29.799999999999855,16.2,0.39999999999999997,-2.594535229648264e-15
38.70997428085845,1.0,1500.0,0.0,118.0,2021.0,0.8692258759448626,1756.0,265.0,10.039798989162028,1.1889696177419713,11869.87317999233,307.8,0.06687815053015818,33.84117647058824,8.841176470588232,11.426135957324107,136.0,34.74444444444445,9.322222222222221,11.04501808187542,18.0,33.84117647058824,8.841176470588232,11.426135957324107,136.0,0.43683258149559007,-0.016763046122542476,-0.002920303751751912,-0.005975723041322761,-0.025800772376194617,-0.1467798727850977,-0.03973948614909774,9.03700607794383,118.0,136500.0,90.0,1719.343626499176,79.39076162333708,0.41794127225875854,0.35197198390960693,0.13200190663337708,0.3167256712913513,2597.0,16.0,0.19551336765289307,0.24023882488587223,0.08675883603947503,0.04039086261764169,0.22407050432741088,0.07036650859351667,0.3103137882426381,0.2006733199435697,0.032785970096786805,0.34385851031402126,0.21793915364207975,0.006575747964061094,2463.75,353.6218849279552,41.38095238095221,16.375,0.6959705453537527,0.011904761904761653
36.91029813885689,1.0,1500.0,0.0,16.0,1935.0,0.11826667377352695,228.0,1707.0,10.057027927481613,2.5516716615627373,12930.04617737756,299.8,0.06822319315492445,33.80307692307692,8.93230769230769,11.384249746002231,130.0,33.82105263157895,8.849122807017542,11.372200472354711,114.0,33.80307692307692,8.93230769230769,11.384249746002231,130.0,0.43780074894486726,-0.01764905352848691,-0.0028517107583462867,-0.0054967254738286404,-0.02337389844733551,-0.15988250104909776,-0.041028688230107635,8.981810580315765,16.0,138000.0,91.0,1728.272633075714,79.8485131101155,0.07554715871810913,-0.052094005048274994,0.2553732097148895,0.45436400175094604,2373.0,16.0,0.07554715871810913,0.0,0.0,-0.052094005048274994,0.0,0.0,0.2553732097148895,0.0,0.0,0.45436400175094604,0.0,0.0,2373.0,0.0,0.0,16.0,0.0,0.0
40.92101681391398,1.0,1500.0,0.0,75.0,2087.0,0.5388603300700869,1124.0,963.0,10.141123544602273,1.72160223274253,12810.929496763185,307.6,0.06556119186666098,33.51285714285713,8.551428571428566,11.477267814049867,140.0,33.91076923076923,8.695384615384615,11.267715272266795,65.0,33.51285714285713,8.551428571428566,11.477267814049867,140.0,0.44448937578422887,-0.015952682791228884,-0.002682089706409708,-0.005877168052446247,-0.022345253221999484,-0.14340170629878382,-0.03896583284294403,9.297205680857907,75.0,139500.0,92.0,1743.4090883731842,80.0156434484179,0.20161454379558563,0.10784292221069336,0.18752913177013397,-0.0705607682466507,2486.0,16.0,0.17249073833227158,0.14816420992934734,0.016188102960586585,-0.015367366373538971,0.08751914964687506,0.0732319839298725,0.3757259361445904,0.2697489114163461,-0.1141112431883811,0.048645565286278725,0.14556075422931974,-0.11742110475897788,2363.0,213.45842686574827,161.8000000000002,16.0,0.0,-1.89900533991096e-15
41.177330986961074,1.0,1500.0,0.0,92.0,1813.0,0.7598237403147237,1377.0,436.0,10.374155041998458,1.2594485021507342,10775.266220947376,298.40000000000003,0.07465972778222578,32.76065573770493,8.18360655737705,11.77589349428142,122.0,32.42666666666667,7.446666666666667,11.853344907905809,30.0,32.76065573770493,8.18360655737705,11.77589349428142,122.0,0.45041080526225635,-0.01715351037863151,-0.0028622868891158286,-0.006983584638218382,-0.019345906301451152,-0.14500074839095944,-0.04022094297358215,9.392644009523684,92.0,141000.0,93.0,1759.7489449977875,80.12506579464224,0.2759721279144287,0.004546758718788624,0.5429091453552246,0.2919694185256958,1927.0,16.0,0.21759485950072607,0.14978103910957402,-0.01751336412770409,0.07277836697176099,0.14589153694578114,-0.03682654960347073,0.28963495790958405,0.11449781615996502,0.03861767990248541,0.009843175609906515,0.2840444038859682,-0.04346510001591274,2265.3333333333335,248.60186823290144,-35.657142857142965,16.166666666666668,0.3726779962499649,-0.14285714285714313
41.677203596693225,1.0,1500.0,0.0,113.0,1935.0,0.87197671990187,1687.0,248.0,10.2853896262682,1.2040570007432347,11453.972116709527,284.0,0.06609877577619513,33.050769230769234,8.456923076923076,11.687542404981304,130.0,33.69411764705882,8.847058823529412,11.343734027518215,17.0,33.050769230769234,8.456923076923076,11.687542404981304,130.0,0.44789871086548794,-0.016765939353364297,-0.0024226312789223437,-0.0060880961335440156,-0.017082044751682467,-0.14386635134315687,-0.04040974790680929,9.386380534620812,113.0,142500.0,94.0,1778.4722855091095,80.12494833969686,0.10547630488872528,-0.06321720778942108,0.33751600980758667,0.6449342966079712,2044.0,16.0,0.20645602153880255,0.24443377862180504,-0.013629014470747538,-0.02209129008198423,0.11408712225245923,-0.01844266970043203,0.45716449192592074,0.35540742788548263,0.009630989815507593,0.34938573837280273,0.43746860424832607,0.018405442791325662,2363.8571428571427,301.7659587785723,-34.17857142857152,16.142857142857142,0.34992710611188255,3.724255878701109e-16
39.38595169949897,1.0,1500.0,0.0,98.0,2048.0,0.7105006429208945,1455.0,593.0,9.90315054944789,1.3186802403592686,12121.286527907405,297.6,0.06286438529784537,34.30434782608696,9.005797101449273,11.287348544089843,138.0,34.145,8.62,11.169382149834766,40.0,34.30434782608696,9.005797101449273,11.287348544089843,138.0,0.42649460882433243,-0.01580959771020451,-0.0025393376341078765,-0.004404533824602871,-0.01517402945113731,-0.15026773761713522,-0.0378570390455728,8.828722261141468,98.0,144000.0,95.0,1796.6039187908173,80.15122225544152,0.41230547428131104,0.03581990674138069,0.7531064748764038,0.6765927672386169,2118.0,16.0,0.2875549594561259,0.2230265494862038,-0.00369352783475603,0.0904622442709903,0.20984911505079076,-0.05705497602799109,0.39426234116156894,0.2116512614816185,0.10671766357762472,0.3845048286020756,0.25440342688477774,-0.02617258833987376,2439.6666666666665,316.22390098718904,-1.2000000000000917,16.0,0.0,0.0
43.099870553723086,1.0,1500.0,0.0,54.0,1841.0,0.43908011989777745,808.0,1033.0,10.312614803716961,1.7891665260022778,11284.567321596827,267.6,0.0660056237975433,32.9609756097561,8.094308943089429,11.736808059599513,123.0,33.443478260869576,8.185507246376808,11.529020432326348,69.0,32.9609756097561,8.094308943089429,11.736808059599513,123.0,0.4583645750699309,-0.017176119248548796,-0.00301899998720824,-0.00641565238473912,-0.018121761658030613,-0.1395077720207254,-0.041349582248671635,9.8217116424625,54.0,145500.0,96.0,1808.970695257187,80.43248040528032,0.099696084856987,-0.005588826257735491,0.21074509620666504,0.8763518929481506,2439.0,16.0,0.21337578197320303,0.11459765295621245,-0.1352763399481773,0.08752786228433251,0.07958209156792079,-0.09720960841514174,0.2518427123626073,0.07944650125161447,-0.07610251009464265,0.7343818147977194,0.1276369580317144,0.1547480523586272,2394.6666666666665,170.69335728792208,-69.50000000000043,16.0,0.0,7.944109290391273e-16
40.2292689784215,1.0,1500.0,0.0,104.0,1900.0,0.8161978255403264,1550.0,350.0,10.218744583538932,1.4008715680295796,11361.797301770965,270.2,0.06348684210526316,33.249999999999986,8.4140625,11.628371946410372,128.0,32.71666666666666,7.666666666666668,11.667313007723974,24.0,33.249999999999986,8.4140625,11.628371946410372,128.0,0.44162552720255993,-0.016990476754119386,-0.0033485923297223753,-0.005009467994152494,-0.02088376936092701,-0.14528829884159833,-0.04034582594770989,9.237362822649978,104.0,147000.0,97.0,1827.123356103897,80.4543379673381,0.21743208169937134,-0.08000125735998154,0.5950967073440552,1.1501760482788086,1988.0,16.0,0.3458352046353476,0.19140065002093654,0.009758201028619492,-0.010968862367527825,0.11390231467895903,-0.01836196186819247,0.7137820039476667,0.33340564063990713,0.05623007565736772,0.8694298693111965,0.33875651549980595,-0.051252248031752476,2350.4285714285716,411.8810012414672,-11.785714285714397,16.142857142857142,0.3499271061118825,-0.10714285714285757
38.12227553282029,1.0,1500.0,0.0,78.0,2088.0,0.5585824686060394,1166.0,922.0,10.042414991615983,1.8332452134759198,13070.687543937405,322.8,0.06813288868251087,33.84142857142859,8.811428571428571,11.403688833815895,140.0,33.596774193548384,8.322580645161294,11.441384666299589,62.0,33.84142857142859,8.811428571428571,11.403688833815895,140.0,0.4310707267175399,-0.016889702193952395,-0.0032498109950897264,-0.005837860068864019,-0.019263095339162185,-0.15230494948637405,-0.03952677266110736,8.826009047015097,78.0,148500.0,98.0,1843.2840468883514,80.56273272189542,0.22588467597961426,0.03362727537751198,0.3847172260284424,1.0120794773101807,2443.0,17.0,0.2584089383482933,0.38642721094640287,-0.16232743188738827,-0.08733002692461014,0.081276813926656,0.024624343588948258,0.6916059195995331,0.7864600007897274,-0.3739167511463168,0.6399593271315098,0.5241875065777472,-0.06602138578891774,2473.2,130.90057295520137,-16.700000000000134,16.2,0.4,0.19999999999999798
41.53284487873316,1.0,1500.0,0.0,80.0,2030.0,0.5868986242710985,1191.0,839.0,10.205368687285244,1.7629672119957567,12313.823750162213,282.40000000000003,0.06236198215705326,33.297058823529426,8.372058823529406,11.538499929298258,136.0,33.95357142857143,8.667857142857141,11.23861905524016,56.0,33.297058823529426,8.372058823529406,11.538499929298258,136.0,0.45082132839343825,-0.01724890271397812,-0.0036188849622934938,-0.0059201632215857124,-0.021082105625914567,-0.140518652537262,-0.04104374815204971,9.412086879633971,80.0,150000.0,99.0,1858.9680383205414,80.68992952429424,0.15985547006130219,-0.0027150646783411503,0.3253064453601837,0.8269104957580566,2230.0,16.0,0.22135969400405883,0.08351588719135665,-0.00211326181888582,0.09440114987082779,0.08773918550767194,-0.0027353106532245794,0.25409206449985505,0.07127900016002783,0.001230530440807293,0.8748569369316102,0.2517273271108542,-0.06781849265098588,2374.6,231.08318848414743,15.699999999999534,16.2,0.39999999999999997,-2.594535229648264e-15
40.754824075847864,1.0,1500.0,0.0,48.0,1893.0,0.3734789300074158,706.0,1187.0,10.045227529880835,2.0212848997804476,12220.8495076139,309.40000000000003,0.07146156688839615,33.825,8.881249999999998,11.394527733067155,128.0,34.46250000000001,9.302499999999998,11.163792077417957,80.0,33.825,8.881249999999998,11.394527733067155,128.0,0.45238805464045634,-0.01773741873451323,-0.0037178827964682738,-0.007248753447283551,-0.02398098804551272,-0.14136540400403283,-0.0421727414179928,9.48747625598504,48.0,151500.0,100.0,1871.17392039299,80.96521565893858,0.22383622825145721,0.05258379876613617,0.3426727056503296,0.8391900062561035,2647.0,17.0,0.13733704884847006,0.07279767848006151,0.04069964587688446,-0.018295602252086002,0.05011998313646096,0.05299990437924862,0.3114708165327708,0.08149244225250646,-0.024638563394546547,1.027562419573466,0.15536325440941695,-0.1902524828910829,2380.0,189.33744126998934,191.4999999999994,16.333333333333332,0.4714045207910317,0.5000000000000008
39.689181334177654,1.0,1500.0,0.0,75.0,1933.0,0.5773491633562046,1116.0,817.0,10.087767411823188,1.8999604792377363,12325.200200250103,321.40000000000003,0.07341251713111009,33.67692307692307,8.901538461538461,11.476085141198931,130.0,34.28000000000001,9.138181818181817,11.223343162821404,55.0,33.67692307692307,8.901538461538461,11.476085141198931,130.0,0.4444526020990956,-0.01723284947385529,-0.0030995473858201456,-0.00681780773712452,-0.021633393829400247,-0.1483212341197822,-0.040718729186683886,9.32848758123989,75.0,153000.0,101.0,1885.971069574356,81.1253165376129,0.22246381640434265,0.1011386439204216,0.24271626770496368,0.3295201063156128,2590.0,16.0,0.0998522900044918,0.07228647128933699,0.04718467295169829,-0.0002461140975356102,0.05870090263341781,0.040037858113646504,0.2003214806318283,0.04475898887442726,0.014270171523094167,0.6233179420232773,0.17645135991285213,-0.11730523705482471,2343.75,227.35036287633235,198.70000000000007,16.0,0.0,-1.89900533991096e-15
40.42293952450608,1.0,1500.0,0.0,33.0,1966.0,0.25188640036344284,495.0,1471.0,10.21876209376238,2.06713000074008,12576.130585765464,310.0,0.07064078023881142,33.24545454545455,8.546969696969695,11.602665019647922,132.0,33.39393939393939,8.519191919191915,11.537911219742668,99.0,33.24545454545455,8.546969696969695,11.602665019647922,132.0,0.45030869301808185,-0.017135489674397257,-0.0027899455146827325,-0.005981628794430782,-0.02152400835073036,-0.14864300626304802,-0.04083722205947156,9.44798461843218,33.0,154500.0,102.0,1896.6273670196533,81.46038736263739,0.11181739717721939,0.0054813870228827,0.21274593472480774,0.36958664655685425,2489.0,16.0,0.12250198796391487,0.01068459078669548,-0.021369181573390975,-0.015538482693955302,0.021019869716838002,0.042039739433676004,0.27618736028671265,0.06344142556190491,-0.12688285112380984,0.532127171754837,0.1625405251979828,-0.3250810503959656,2382.5,106.5,212.99999999999932,16.0,0.0,-1.7763568394002505e-15
41.04739012168004,1.0,1500.0,0.0,91.0,2011.0,0.6729333337646124,1353.0,658.0,10.102569839340214,1.787445645229523,12326.500534310215,311.6,0.06860413914575077,33.64444444444443,8.663703703703703,11.451029463769942,135.0,34.51818181818182,9.095454545454546,11.123192525431252,44.0,33.64444444444443,8.663703703703703,11.451029463769942,135.0,0.4443860941831002,-0.016406536447217762,-0.0033431882868889596,-0.005620665471390474,-0.019362800089745745,-0.14370652905541845,-0.03914125689446998,9.19133215557643,91.0,156000.0,103.0,1913.622436285019,81.52078332800495,0.18209461867809296,0.05281935632228851,0.2587616741657257,1.0557125806808472,2036.0,16.0,0.10551582897702853,0.06033725170668743,0.01705465295485087,-0.0014509561782081921,0.05930769931121472,0.014835602204714495,0.2140717456738154,0.03170363136669014,0.004441044160297923,0.6908761163552603,0.26106226955173645,0.014709358555929931,2368.3333333333335,310.4752629258713,21.542857142857084,16.5,0.7637626158259734,0.028571428571428723
40.250499224963306,1.0,1500.0,0.0,119.0,1883.0,0.9423137979331323,1774.0,109.0,10.251877448630255,1.0478327413972575,11015.461068992994,267.2,0.06344382182543451,33.162204724409456,8.472440944881889,11.709266953083393,127.0,33.55,8.024999999999999,11.364259214081766,8.0,33.162204724409456,8.472440944881889,11.709266953083393,127.0,0.4450880971331159,-0.01713130666901084,-0.0033191305030333606,-0.005407962291698479,-0.023339821387681717,-0.14480764827112433,-0.04091910356910449,9.400671340719478,119.0,157500.0,104.0,1932.886583328247,81.48434644768446,0.2678054869174957,0.006947881542146206,0.5219212174415588,1.0300753116607666,1739.0,16.0,0.37161239236593246,0.219411835706363,0.005002904683351507,0.023332510143518448,0.08422425779376093,-0.011915335065818267,0.6967410721949169,0.39916915719801305,0.033835026834692264,0.9066014460154942,0.26744877606797834,-0.007256263068744211,2372.1428571428573,389.7022411209536,-53.96428571428557,16.428571428571427,0.7284313590846835,-0.07142857142857097
36.393451849619545,1.0,1500.0,0.0,12.0,1965.0,0.08636013760429145,169.0,1796.0,9.773453411281583,2.4959683197550375,13228.588879143726,290.2,0.06322164611563766,34.774242424242416,9.204545454545451,11.004622987726973,132.0,34.79833333333332,9.168333333333333,10.983508706006429,120.0,34.774242424242416,9.204545454545451,11.004622987726973,132.0,0.42544268224358417,-0.017222580663081723,-0.0035865943063375324,-0.008611593740624543,-0.020240043644299103,-0.15657392253136934,-0.0387561336369682,8.829436227690735,12.0,159000.0,105.0,1941.6605985164642,81.88866793789026,0.2481585592031479,0.00043449975783005357,0.4955599308013916,0.5590100288391113,3007.0,16.0,0.2481585592031479,0.0,0.0,0.00043449975783005357,0.0,0.0,0.4955599308013916,0.0,0.0,0.5590100288391113,0.0,0.0,3007.0,0.0,0.0,16.0,0.0,0.0
38.00961187330343,1.0,1500.0,0.0,59.0,1831.0,0.4799197123896776,878.0,953.0,9.985364156700054,2.060632556440606,11775.143811922682,309.20000000000005,0.07386173618078448,34.034146341463405,9.050406504065041,11.360062524533264,123.0,34.393750000000004,9.096875,11.245004721471744,64.0,34.034146341463405,9.050406504065041,11.360062524533264,123.0,0.43943727505470787,-0.017927108513646896,-0.0041651432184254085,-0.006768439505007751,-0.022786978869216785,-0.1513992004568818,-0.04117666757285104,9.041878298767823,59.0,160500.0,106.0,1954.647971868515,82.11197223742163,0.0509960874915123,-0.06422454863786697,0.23052310943603516,0.40919673442840576,2803.0,17.0,0.3502478475371997,0.2795683042919973,-0.33632485941052437,-0.08443059027194977,0.03965994912629253,0.03781040385365486,0.869452436765035,0.6302734109372524,-0.7483130693435672,0.4777403970559438,0.2676934095446444,-0.21262651681900038,2375.0,404.66364633688886,485.49999999999994,16.333333333333332,0.4714045207910317,0.5000000000000008
40.381604776382446,1.0,1500.0,0.0,75.0,1801.0,0.6190476397426095,1114.0,687.0,10.43707869441469,1.997334862725855,11600.11327901516,286.6,0.07274111675126904,32.56198347107436,8.27603305785124,11.860584041542822,121.0,33.00434782608696,8.552173913043477,11.662169602229898,46.0,32.56198347107436,8.27603305785124,11.860584041542822,121.0,0.45831132180524636,-0.01943107645629166,-0.00577881966956617,-0.00667233089381342,-0.024552405818723554,-0.14173815740395374,-0.045871443153294715,9.744267864082433,75.0,162000.0,107.0,1969.2622725963593,82.26430895180472,0.21226969361305237,0.05404907464981079,0.3167024850845337,1.3063130378723145,2248.0,16.0,0.1147433802485466,0.07275265294411462,0.014839990437030777,-0.04270660066977143,0.10996967805066812,0.006775920093059551,0.315077143907547,0.09185217606443695,0.016144564747810314,0.8859418869018555,0.295013366104997,0.08213663697242729,2341.0,173.3424356584388,-99.60000000000004,16.6,0.4898979485566356,-0.3000000000000029
39.7479772354072,1.0,1500.0,0.0,106.0,1967.0,0.8072679610217731,1587.0,380.0,10.352054999079513,1.8296632618873199,12246.776183718515,304.40000000000003,0.07024183127192173,32.83030303030304,8.303030303030301,11.77885401412466,132.0,32.02307692307692,7.676923076923076,12.00001895988068,26.0,32.83030303030304,8.303030303030301,11.77885401412466,132.0,0.44690573877384787,-0.01856341898521514,-0.005274399774245362,-0.006110449854507685,-0.020859133126935308,-0.14454334365325078,-0.043881539470518295,9.372796190140981,106.0,163500.0,108.0,1987.5657942295074,82.26142775987037,-0.06066855788230896,-0.19801735877990723,0.2746661305427551,-0.15737585723400116,2435.0,16.0,0.2234580261366708,0.23618045773122964,-0.059297763875552564,-0.05668994212257011,0.10465829733955588,-0.03685986071026751,0.5603041180542537,0.4233817168938634,-0.04490071002926147,0.04090879245528153,0.3265299867983049,-0.12451986961865,2407.1428571428573,241.13744069746292,24.750000000000036,16.142857142857142,0.3499271061118825,-0.07142857142857134
40.788719969637256,1.0,1500.0,0.0,68.0,1980.0,0.5111940031106564,1012.0,968.0,10.3379931044364,2.027332387915132,12715.55121668431,304.6,0.06966744430721376,32.87368421052631,8.272180451127818,11.70622051635274,133.0,33.05846153846154,8.409230769230772,11.643799637346259,65.0,32.87368421052631,8.272180451127818,11.70622051635274,133.0,0.45232113377983,-0.01858273589698102,-0.0053340678193534415,-0.00578617716471969,-0.021266646335264042,-0.14069330080309037,-0.043631872321165784,9.393307574598078,68.0,165000.0,109.0,2001.7777931690216,82.42673116019931,0.08104700595140457,-0.04347716271877289,0.2489740252494812,-0.37154531478881836,2462.0,17.0,0.28185792826116085,0.23677111733290293,-0.1440480493009091,0.009768367744982243,0.07060380269034718,-0.05625438876450061,0.5441528297960758,0.3733668271703319,-0.17563793510198583,-0.1315372996032238,0.3180692384785997,-0.253005899488926,2309.5,122.29574808635009,86.0000000000001,16.25,0.4330127018922193,0.30000000000000027
42.09518104129367,1.0,1500.0,0.0,27.0,1942.0,0.20237297086307082,393.0,1549.0,9.685473397951304,2.3506331314398166,12595.061719442368,304.8,0.06631853785900783,35.08396946564885,9.297709923664122,10.989004828968085,131.0,35.90576923076923,9.734615384615388,10.71709531358038,104.0,35.08396946564885,9.297709923664122,10.989004828968085,131.0,0.4686304532847145,-0.01809900138100068,-0.004589317156660126,-0.006547723871065135,-0.030954269098598365,-0.13587100185038328,-0.04294691688578753,9.92255585985921,27.0,166500.0,110.0,2011.676486492157,82.76678736268022,-0.04908549040555954,-0.16298368573188782,0.22782950103282928,0.16557301580905914,2349.0,16.0,-0.04908549040555954,0.0,0.0,-0.16298368573188782,0.0,0.0,0.22782950103282928,0.0,0.0,0.16557301580905914,0.0,0.0,2349.0,0.0,0.0,16.0,0.0,0.0
38.53104033092461,1.0,1500.0,0.0,101.0,1857.0,0.8097382156871638,1503.0,354.0,10.094244736498428,1.8720485702591998,11543.524059070858,279.40000000000003,0.06638471773427106,33.670399999999994,8.632000000000003,11.44595548203893,125.0,34.06666666666667,9.050000000000002,11.350355460603538,24.0,33.670399999999994,8.632000000000003,11.44595548203893,125.0,0.43960214021120236,-0.01868830263786716,-0.005638237714120074,-0.006031677112130664,-0.023403403403404154,-0.14364364364364365,-0.042817984444131985,8.949924469194732,101.0,168000.0,111.0,2029.6321489810944,82.7736198819764,0.47569334506988525,0.18791823089122772,0.575528621673584,-0.10816827416419983,2337.0,16.0,0.26841327228716444,0.12755258003763242,-0.0023847137178693517,0.024344250360237702,0.09732475179580247,0.0015070264926180185,0.48811985339437214,0.13641438057804556,-0.007786519825458492,-0.09098315451826368,0.39926909034639513,-0.015208000051123731,2402.4285714285716,477.8866742956825,84.2857142857143,16.285714285714285,0.45175395145262565,0.07142857142857134
39.7677352031072,1.0,1500.0,0.0,24.0,1886.0,0.18578205490077926,350.0,1536.0,10.03933403856298,2.4124641614712727,12695.215545902714,297.40000000000003,0.06918853526893728,33.845669291338574,8.995275590551186,11.342172846339954,127.0,34.06213592233009,9.126213592233015,11.22460723403543,103.0,33.845669291338574,8.995275590551186,11.342172846339954,127.0,0.4494748253227473,-0.01748261426619938,-0.004475640332762251,-0.0051034508583857425,-0.029025787965615623,-0.14498567335243553,-0.04190578927742449,9.739793058763452,24.0,169500.0,112.0,2039.0292456150055,83.12779248483803,0.32843586802482605,-0.059785015881061554,0.7765730023384094,0.6562318801879883,2282.0,16.0,0.32843586802482605,0.0,0.0,-0.059785015881061554,0.0,0.0,0.7765730023384094,0.0,0.0,0.6562318801879883,0.0,0.0,2282.0,0.0,0.0,16.0,0.0,0.0
41.354176716371015,1.0,1500.0,0.0,22.0,1848.0,0.17794320541540465,328.0,1520.0,10.23595663313675,2.0550621903556183,11528.587980424805,281.0,0.0682635312408901,33.19677419354839,8.290322580645162,11.568237325822745,124.0,33.45294117647059,8.350980392156861,11.477876097675136,102.0,33.19677419354839,8.290322580645162,11.568237325822745,124.0,0.46751102107310116,-0.017692428298119064,-0.0030166056150363425,-0.004671244432310696,-0.03271784904437918,-0.1420472951085196,-0.042275597358604367,9.76995559719819,22.0,171000.0,113.0,2048.184153318405,83.48858657213563,0.07416924834251404,-0.16036373376846313,0.46909406781196594,0.1405712366104126,2429.0,16.0,0.07416924834251404,0.0,0.0,-0.16036373376846313,0.0,0.0,0.46909406781196594,0.0,0.0,0.1405712366104126,0.0,0.0,2429.0,0.0,0.0,16.0,0.0,0.0
35.18303979650329,1.0,1500.0,0.0,79.0,1989.0,0.5933381643188141,1180.0,809.0,9.856338733142938,1.9811832060524213,12555.814031432334,330.8,0.07214830970556162,34.473684210526315,9.315789473684212,11.176097595932012,133.0,34.44814814814816,9.170370370370371,11.135751231447948,54.0,34.473684210526315,9.315789473684212,11.176097595932012,133.0,0.4255242961807128,-0.017877604687690223,-0.004804427533947492,-0.006071135860399113,-0.028444775872069727,-0.15357527549921285,-0.04088476865953405,8.621109237083264,79.0,172500.0,114.0,2064.102265357971,83.57144066700776,0.15162408351898193,-0.02362459897994995,0.3505803942680359,0.4151515066623688,2660.0,16.0,0.21451183557510375,0.11574112722879411,0.03796527832746503,-0.026252587884664537,0.07985984202045085,0.029853368178010008,0.48159184455871584,0.13478391551564128,0.016194909811019866,0.31497707664966584,0.3502444360185055,-0.14455631524324428,2455.4,144.582986550977,82.79999999999951,16.4,0.4898979485566356,-0.20000000000000318
39.057642945789155,1.0,1500.0,0.0,105.0,1871.0,0.8392299031729858,1570.0,301.0,10.208796534480461,1.6420753477770271,11405.292882034637,282.2,0.0672801831012779,33.2888888888889,8.438095238095237,11.600366814444618,126.0,33.171428571428564,7.666666666666664,11.502256959570692,21.0,33.2888888888889,8.438095238095237,11.600366814444618,126.0,0.443530982992895,-0.017883403696414946,-0.004358152728083925,-0.00573261319062023,-0.02548512289780214,-0.14576326002587323,-0.041872355747680494,9.251340699942947,105.0,174000.0,115.0,2082.3509266376495,83.55940287209707,0.12533041834831238,-0.08357371389865875,0.4177407920360565,-0.33743610978126526,2191.0,16.0,0.17026833764144353,0.21920872821240847,-0.005354141018220364,-0.034132137318790355,0.1549246838779588,0.0006054449669526104,0.4088572008269174,0.15614723083819124,-0.011959247823272451,0.2812196197254317,0.4760693819162589,-0.200391768344811,2391.5714285714284,383.8258001984223,34.60714285714301,16.285714285714285,0.45175395145262565,-0.07142857142857097
36.54499354958534,1.0,1500.0,0.0,24.0,1839.0,0.19209288713605993,353.0,1486.0,10.269851015040786,2.1014516766890314,12075.614737692978,263.40000000000003,0.06419379996100605,33.090322580645164,8.562903225806453,11.660658993095865,124.0,33.03200000000001,8.398000000000001,11.654390800039236,100.0,33.090322580645164,8.562903225806453,11.660658993095865,124.0,0.44488381944238414,-0.01759783926449623,-0.0035051633125819247,-0.006489313412878059,-0.036010215664017325,-0.155788876276958,-0.040610009274104845,9.39809393439952,24.0,175500.0,116.0,2091.6794703006744,83.90386887278301,0.23400767147541046,-0.10176593065261841,0.6716995239257812,0.7615890502929688,2438.0,16.0,0.23400767147541046,0.0,0.0,-0.10176593065261841,0.0,0.0,0.6716995239257812,0.0,0.0,0.7615890502929688,0.0,0.0,2438.0,0.0,0.0,16.0,0.0,0.0
37.89822953408179,1.0,1500.0,0.0,115.0,1917.0,0.893805725121739,1713.0,204.0,10.365079919431265,2.0997150370006548,12407.596467087917,296.40000000000003,0.07003780718336484,32.80620155038759,8.246511627906976,11.730544828824575,129.0,32.89999999999999,8.114285714285714,11.62272058129829,14.0,32.80620155038759,8.246511627906976,11.730544828824575,129.0,0.45114930289089256,-0.020457014854947744,-0.006754220760501396,-0.0065027887760453745,-0.03130622526088822,-0.14234736715845028,-0.04697167397877581,9.362489300630694,115.0,177000.0,117.0,2110.5793845653534,83.86322793371303,0.3524116575717926,0.04215120151638985,0.6207765340805054,1.2781271934509277,1865.0,16.0,0.3659479575497763,0.2256689186709127,0.014896769608770073,0.010200137006384986,0.08606373246329273,0.023625993435936313,0.7116449560437884,0.3705453001926694,-0.01744702139071062,0.7465771905013493,0.433440945599529,0.05715327816350118,2326.1428571428573,278.827354966386,-24.535714285714384,16.428571428571427,0.7284313590846835,-0.1428571428571438
32.84258800615435,1.0,1500.0,0.0,92.0,1928.0,0.7089009912299779,1366.0,562.0,9.926172287601734,2.6313648328206902,13144.196940755792,326.0,0.07321893810079957,34.24923076923076,9.276923076923074,11.306391970875284,130.0,33.74736842105265,8.5,11.397839518279122,38.0,34.24923076923076,9.276923076923074,11.306391970875284,130.0,0.42534295324982224,-0.020301339320806945,-0.0072148926117885075,-0.0060527094374353925,-0.03190384752151579,-0.15656781167769007,-0.04530451192265937,8.69467853133277,92.0,178500.0,118.0,2128.047716856003,83.87969808483314,0.327783465385437,-0.022204367443919182,0.7003088593482971,1.665833592414856,2454.0,17.0,0.23632741595307985,0.13530108874292768,0.04057100521666661,-0.02617636031936854,0.048379251584800054,-0.0051720843450831465,0.5252518976728121,0.22183796151076948,0.09147525557449884,1.2216796080271404,0.5049948932771521,-0.05462415558951242,2474.8333333333335,297.04680701121083,23.628571428571302,16.166666666666668,0.3726779962499649,0.14285714285714265
39.57841546718891,1.0,1500.0,0.0,13.0,1897.0,0.10136296619252544,192.0,1705.0,10.206938009264217,2.9625776381254583,13001.035151970696,277.6,0.06568237743706228,33.27874015748032,8.163779527559056,11.478528348201124,127.0,33.37719298245614,8.159649122807018,11.444409670347456,114.0,33.27874015748032,8.163779527559056,11.478528348201124,127.0,0.459345756899233,-0.017136761532671508,-0.004391583754706846,-0.005623902620247987,-0.036731391585760734,-0.14374325782092773,-0.039864814321065895,9.36476953865039,13.0,180000.0,119.0,2136.539124250412,84.24839871029818,0.05123269557952881,-0.15589973330497742,0.4146001636981964,1.676464319229126,2653.0,16.0,0.05123269557952881,0.0,0.0,-0.15589973330497742,0.0,0.0,0.4146001636981964,0.0,0.0,1.676464319229126,0.0,0.0,2653.0,0.0,0.0,16.0,0.0,0.0
37.02789378166199,1.0,1500.0,0.0,40.0,1881.0,0.3181122264223079,598.0,1283.0,10.147525651353414,2.5566782170386357,12435.265800413517,266.2,0.06309552026546575,33.48412698412698,8.42539682539682,11.532396074943101,126.0,33.281395348837215,8.167441860465114,11.553101681847291,86.0,33.48412698412698,8.42539682539682,11.532396074943101,126.0,0.43362727683485736,-0.018058774166727607,-0.004999355328014955,-0.004586612310988067,-0.02973872524546416,-0.1491096688300882,-0.04133643551782432,9.116433958876545,40.0,181500.0,120.0,2147.687707901001,84.50949331799517,0.3536190688610077,0.26201269030570984,0.18331606686115265,0.516576886177063,2360.0,16.0,0.35269056260585785,0.0009285062551498413,0.0018570125102995994,0.24196022003889084,0.020052470266819,0.04010494053363797,0.22158748656511307,0.03827141970396042,-0.07654283940792084,0.6339095234870911,0.11733263731002808,-0.2346652746200562,2353.5,6.5,13.000000000000227,16.0,0.0,-1.7763568394002505e-15
35.7858845776525,1.0,1500.0,0.0,29.0,2059.0,0.20806160100192683,428.0,1631.0,9.837195662195946,2.559613934745041,13624.556661668583,332.20000000000005,0.06969620678079892,34.53913043478261,9.042028985507244,11.021790571046475,138.0,34.80366972477065,9.027522935779814,10.909365072002664,109.0,34.53913043478261,9.042028985507244,11.021790571046475,138.0,0.4405493510959415,-0.018724211667253857,-0.004291047495738974,-0.006034814188644574,-0.03378315495579247,-0.1534434620753839,-0.04274783765063347,8.882653403096882,29.0,183000.0,121.0,2158.5657868385315,84.77851410219218,-0.22018784284591675,-0.324541300535202,0.20896030962467194,1.2668709754943848,2590.0,16.0,-0.1036749891936779,0.11651285365223885,-0.23302570730447764,-0.2083122394979,0.11622906103730202,-0.23245812207460398,0.20943809300661087,0.0004777833819389343,-0.0009555667638779242,0.8179231882095337,0.4489477872848511,0.8978955745697019,2460.5,129.5,258.9999999999998,16.0,0.0,-1.7763568394002505e-15
31.997127453486126,1.0,1500.0,0.0,12.0,1804.0,0.09843891692200041,177.0,1627.0,9.833854453962221,1.6750155669286817,11142.464482058735,296.8,0.0709844063905099,34.55537190082645,9.429752066115698,11.1796216891463,121.0,34.56146788990826,9.278899082568804,11.138765102893998,109.0,34.55537190082645,9.429752066115698,11.1796216891463,121.0,0.4291506564078433,-0.015616682116013879,-0.002762873040296664,-0.003958168789651591,-0.04612424409015916,-0.17702034084661902,-0.035529455437753106,9.541739741778395,12.0,184500.0,122.0,2166.8254873752594,85.14760467558021,0.7903489470481873,-0.032392531633377075,1.6458359956741333,1.7651708126068115,2231.0,16.0,0.7903489470481873,0.0,0.0,-0.032392531633377075,0.0,0.0,1.6458359956741333,0.0,0.0,1.7651708126068115,0.0,0.0,2231.0,0.0,0.0,16.0,0.0,0.0
37.056548568464464,1.0,1500.0,0.0,105.0,2064.0,0.7572734217735904,1563.0,501.0,10.05542629574766,1.6128168867467463,12835.544551261497,321.0,0.06833567505428535,33.79424460431656,8.80575539568345,11.422993347300727,139.0,33.741176470588236,8.564705882352941,11.46646220354349,34.0,33.79424460431656,8.80575539568345,11.422993347300727,139.0,0.4348109804529561,-0.017765622593096476,-0.004162152839930835,-0.006136745366262563,-0.028819267920693607,-0.14794102694458566,-0.04167257051602692,8.834617338259335,105.0,186000.0,123.0,2185.0660376548767,85.12328542693592,0.5839865803718567,0.062399398535490036,1.0430614948272705,-0.5642464756965637,2158.0,16.0,0.3559916267792384,0.16716468740653134,-0.006094276053564931,0.07260333932936192,0.12168325990395434,-0.04205495087163789,0.5669086550672849,0.31008620306073986,0.071804637994085,0.6603701834877332,1.0334023117643882,-0.5835359620196476,2355.5,371.23700875137257,23.228571428571314,16.333333333333332,0.4714045207910317,-0.057142857142857446
38.629578687250614,1.0,1500.0,0.0,64.0,1935.0,0.49428497745984573,956.0,979.0,10.371464892860327,1.4847407060326223,11909.029311551349,287.2,0.06738304162169771,32.786153846153844,8.31230769230769,11.776124165502221,130.0,32.63636363636364,7.893939393939394,11.77749435764062,66.0,32.786153846153844,8.31230769230769,11.776124165502221,130.0,0.4484216033371819,-0.018327206977109326,-0.003912384857167176,-0.0061547976901225295,-0.027374062165057854,-0.1497320471596999,-0.04269989637065574,9.441080750667666,64.0,187500.0,124.0,2198.9059364795685,85.26967747432892,0.09950609505176544,-0.058909811079502106,0.3169066905975342,0.3743375241756439,2373.0,16.0,0.2853654623031616,0.18428212375989447,-0.019255390763282736,0.016272582579404116,0.09610977263577596,0.00876770783215762,0.5382363721728325,0.3589242230148059,-0.056019487977027806,0.25302489195019007,0.17523139405206287,0.1334994960576296,2497.5,280.8215625624215,-158.2000000000002,16.0,0.0,-1.89900533991096e-15
37.07546433231287,1.0,1500.0,0.0,114.0,1891.0,0.897582296674085,1697.0,194.0,10.07773369156574,1.335406705991279,11523.069404889447,292.0,0.06816059757236227,33.73228346456692,8.688188976377953,11.452811884586811,127.0,33.49230769230769,8.646153846153851,11.498713610716047,13.0,33.73228346456692,8.688188976377953,11.452811884586811,127.0,0.4359769739723099,-0.017613195951441098,-0.0039071752328646275,-0.006002922985901983,-0.03396514289067913,-0.1453846605246171,-0.04083844334276765,8.933084839578155,114.0,189000.0,125.0,2218.0220494270325,85.21105552076146,0.4192909300327301,0.07782001793384552,0.6829259395599365,-0.07952287048101425,1855.0,16.0,0.34842572467667715,0.45697200618853195,0.0339948343379157,0.17968084982463292,0.45307676385116163,0.011313379343066879,0.33756142216069357,0.1526535523947083,0.04534538941723961,0.3583522321922438,0.2809878939170754,-0.08760543513510909,2390.8571428571427,331.1596199381063,-5.321428571428482,16.428571428571427,0.7284313590846835,-0.07142857142857097
39.46103733585727,1.0,1500.0,0.0,31.0,1952.0,0.23866951108086454,465.0,1487.0,10.1554634292838,2.0656573236769518,12559.754961065646,292.8,0.06677918168133923,33.47022900763359,8.606106870229004,11.536118839609811,131.0,33.748000000000005,8.806000000000004,11.425332508595938,100.0,33.47022900763359,8.606106870229004,11.536118839609811,131.0,0.4554113876159443,-0.018718336919590742,-0.0051987842312588226,-0.005515824579467219,-0.03661655822301885,-0.13843392416423603,-0.04392034104753278,9.698684734928225,31.0,190500.0,126.0,2228.6106793880463,85.47926372331185,0.008605077862739563,-0.12908996641635895,0.2755308151245117,0.7036910057067871,2396.0,16.0,0.18955440074205399,0.18094932287931442,-0.36189864575862885,0.0356903001666069,0.16478026658296585,-0.32956053316593165,0.3079161047935486,0.032385289669036865,-0.06477057933807376,0.939610481262207,0.23591947555541992,-0.47183895111083973,2507.0,111.0,-222.00000000000045,16.0,0.0,-1.7763568394002505e-15
36.8970736451447,1.0,1500.0,0.0,64.0,2013.0,0.47490462627336816,955.0,1058.0,10.138544441237416,1.9880815089296717,12859.817415953781,313.20000000000005,0.06921546961325967,33.51851851851852,8.602962962962962,11.497906701642558,135.0,33.70422535211267,8.509859154929577,11.393595201905223,71.0,33.51851851851852,8.602962962962962,11.497906701642558,135.0,0.44224193395602573,-0.018477243316961607,-0.0039045391375402464,-0.005120211923968562,-0.037538363848027535,-0.14721134511588527,-0.04239558841006457,9.200483178798414,64.0,192000.0,127.0,2242.796772480011,85.6073998125531,0.26764044165611267,0.012175857089459896,0.5107999444007874,-0.6460767984390259,2442.0,16.0,0.2907238006591797,0.07980093417387357,-0.028506332635879515,0.029550281586125493,0.07469507110452134,-0.04326494643464686,0.522296853363514,0.09117818976991164,0.029446950554847702,-0.25090575963258743,0.41933829680361345,-0.3513770133256912,2350.75,90.66800703666095,45.500000000000135,16.0,0.0,-1.89900533991096e-15
36.26802682876587,1.0,1500.0,0.0,35.0,1966.0,0.26051349057082224,512.0,1454.0,9.936945024540139,1.9469451294555984,12368.74649480624,301.6,0.06679068119408274,34.209090909090925,8.895454545454545,11.253174355435727,132.0,34.44742268041239,8.909278350515466,11.138101588116182,97.0,34.209090909090925,8.895454545454545,11.253174355435727,132.0,0.43927127510699937,-0.016847896710801478,-0.003251553201558343,-0.006927376750543344,-0.04188461538461383,-0.14903846153846154,-0.03905255651118367,9.188088350940555,35.0,193500.0,128.0,2253.941223859787,85.849621077802,0.16537588834762573,-0.016273634508252144,0.36344170570373535,0.7132572531700134,2262.0,16.0,0.2432217299938202,0.07784584164619446,-0.1556916832923889,0.047799951396882534,0.06407358590513468,-0.12814717181026936,0.3909187912940979,0.02747708559036255,-0.05495417118072515,0.37620391510427,0.33705333806574345,0.6741066761314867,2326.5,64.5,-129.00000000000023,16.0,0.0,-1.7763568394002505e-15
25.569018469137305,1.0,1500.0,0.0,17.0,2018.0,0.12023045423754443,242.0,1776.0,9.787027470197724,2.7397039801560656,13906.084427682357,324.0,0.0686178999534076,34.71911764705882,9.46176470588235,11.081223915896084,136.0,34.569747899159665,9.238655462184871,11.132284307512645,119.0,34.71911764705882,9.46176470588235,11.081223915896084,136.0,0.4124787259257612,-0.021775738410045674,-0.00681326055158471,-0.0057290323523291956,-0.04698162729658686,-0.17266591676040494,-0.04573033443479426,7.875385625500496,17.0,195000.0,129.0,2263.369606256485,86.15473118529745,0.2636486887931824,0.1368999481201172,0.25376877188682556,1.356405258178711,2584.0,16.0,0.2636486887931824,0.0,0.0,0.1368999481201172,0.0,0.0,0.25376877188682556,0.0,0.0,1.356405258178711,0.0,0.0,2584.0,0.0,0.0,16.0,0.0,0.0
38.04257913688561,1.0,1500.0,0.0,77.0,1940.0,0.5910340244127044,1146.0,794.0,10.218014843548865,2.162221214676294,12428.510166423759,310.20000000000005,0.07173913043478261,33.26153846153848,8.39076923076923,11.585208537024354,130.0,33.73207547169812,8.837735849056605,11.458464046488833,53.0,33.26153846153848,8.39076923076923,11.585208537024354,130.0,0.44835344491318224,-0.017840023698581557,-0.0042227523088139655,-0.006401610900983188,-0.04216996258685544,-0.1382504899340816,-0.04153857550088707,9.185923231245585,77.0,196500.0,130.0,2278.6405515670776,86.23562846051435,-0.2817038297653198,-0.45752617716789246,0.3517554700374603,0.5538966059684753,2614.0,17.0,0.19647294878959656,0.2475028347940099,-0.11040617823600768,-0.05511480364948511,0.2202077561395981,-0.08934863256290553,0.5033931195735931,0.09944083437523663,-0.04216212034225476,1.0880362510681152,0.36804924998547894,-0.23514941930770886,2369.6,215.16003346346645,25.59999999999966,16.4,0.4898979485566356,0.19999999999999735
32.74290491264557,1.0,1500.0,0.0,107.0,2057.0,0.7741992562413375,1592.0,465.0,9.988041641341534,1.9737871895617627,13285.878259892404,318.20000000000005,0.06774248488461211,34.03768115942027,8.798550724637684,11.291523487993715,138.0,33.4258064516129,8.09677419354839,11.516975761482133,31.0,34.03768115942027,8.798550724637684,11.291523487993715,138.0,0.42981075412980196,-0.019355091523435963,-0.006219425890079335,-0.005711737525370191,-0.04670370370371009,-0.1483641975308642,-0.04373847831601772,8.561282912269892,107.0,198000.0,131.0,2297.992061138153,86.16217755858314,0.2699945569038391,-0.011555219069123268,0.5635406374931335,2.2053520679473877,2360.0,16.0,0.4369964578322002,0.21336428349165273,-0.010852086756910627,-0.021351367235183716,0.043057528517378804,-0.0018171253614127632,0.9169513881206512,0.4323763396523664,-0.018013553959982737,1.2786765013422285,0.7404849672276739,0.2818369375807898,2437.4285714285716,349.10573803151766,23.107142857142687,16.0,0.0,-3.724255878701109e-16
32.88054475499623,1.0,1500.0,0.0,67.0,1957.0,0.510984785025048,999.0,958.0,10.124354462350276,2.8443833587674545,13101.357358639427,287.6,0.06541418368739481,33.5618320610687,8.465648854961833,11.440569761584609,131.0,33.69375000000001,8.334375000000001,11.423738987216257,64.0,33.5618320610687,8.465648854961833,11.440569761584609,131.0,0.4419783433285577,-0.0228448162622168,-0.010560096181371454,-0.006082226624394885,-0.046167071197414575,-0.14472087378640777,-0.04923210646900314,8.91747054168189,67.0,199500.0,132.0,2312.2060074806213,86.28123936818896,0.3919340968132019,-0.002591361990198493,0.7894388437271118,1.9396990537643433,2585.0,17.0,0.5225584134459496,0.21164746587835004,0.04987046420574188,0.05160079902270809,0.05213348969165384,-0.015681165759451676,0.9423906207084656,0.42649929232133293,0.13105653524398808,2.376933842897415,0.28621064407153984,-0.233555805683136,2475.5,161.68255935628926,105.59999999999981,16.75,0.4330127018922193,0.10000000000000198
34.3218206288158,1.0,1500.0,0.0,69.0,2035.0,0.5038365979135585,1025.0,1010.0,10.021457301289416,2.860343465186613,13540.724376628095,289.0,0.06222279636567196,33.90218978102188,8.458394160583943,11.273240420605156,137.0,34.28235294117648,8.629411764705878,11.057202158092208,68.0,33.90218978102188,8.458394160583943,11.273240420605156,137.0,0.44056266487037865,-0.022102796612199063,-0.010863918530440574,-0.005420672955067964,-0.04484278577725885,-0.13948476834165932,-0.04692490359016925,9.032674099726615,69.0,201000.0,133.0,2326.6472771167755,86.39040475833662,0.7284035682678223,0.17224983870983124,1.112809419631958,2.5101516246795654,2361.0,16.0,0.517870306968689,0.12313582539686375,0.08001648187637331,0.15772945806384087,0.011956733889700326,0.010028536617755886,0.7208189219236374,0.2326052488317678,0.13995649218559258,2.686268627643585,0.11453031992215885,-0.09692051410675075,2380.5,170.2432083814212,85.00000000000003,16.0,0.0,-1.89900533991096e-15
33.49847610592842,1.0,1500.0,0.0,40.0,1943.0,0.3026740994751225,588.0,1355.0,9.926240387137897,3.0158572019389096,13402.770121688955,300.0,0.06694934166480697,34.20610687022902,9.015267175572525,11.256441237182978,131.0,34.51648351648353,9.316483516483515,11.113716523044118,91.0,34.20610687022902,9.015267175572525,11.256441237182978,131.0,0.44065417741564106,-0.02276956004342015,-0.012098810466539819,-0.005070292180434091,-0.048749999999999516,-0.13969594594594595,-0.04780695766970143,9.158009029761036,40.0,202500.0,134.0,2338.4323768615723,86.59647463134118,0.4475857615470886,-0.009146211668848991,0.9139992594718933,2.676426887512207,2355.0,16.0,0.42297398050626117,0.14269718094288042,0.1051903516054153,0.05834207870066166,0.12786368995901937,-0.12325863447040324,0.7298794308832536,0.5364739706882676,0.4567909062607213,3.078043063481649,0.47633162798733114,-0.5353947877883907,2403.6666666666665,106.16130284723441,24.99999999999998,16.0,0.0,7.944109290391273e-16
31.21010172367096,1.0,1500.0,0.0,16.0,2097.0,0.11320199860668041,237.0,1860.0,9.86450301050983,2.9894252471739686,14466.031201069849,300.40000000000003,0.061851424806456924,34.44539007092199,8.961702127659574,11.102589310281443,141.0,34.5328,8.942399999999997,11.0596040006389,125.0,34.44539007092199,8.961702127659574,11.102589310281443,141.0,0.43786112776117786,-0.023195277466644598,-0.011254059479352084,-0.0051744532937309995,-0.04875998318621172,-0.15153425809163515,-0.04813113923422435,8.934935954425578,16.0,204000.0,135.0,2347.7856781482697,86.89038437311602,0.08416841924190521,-0.16398829221725464,0.4968571066856384,2.71836519241333,2379.0,16.0,0.08416841924190521,0.0,0.0,-0.16398829221725464,0.0,0.0,0.4968571066856384,0.0,0.0,2.71836519241333,0.0,0.0,2379.0,0.0,0.0,16.0,0.0,0.0
33.3531409349197,1.0,1500.0,0.0,39.0,1947.0,0.2975411699878557,579.0,1368.0,10.03946553005294,2.9058316568068103,13790.066059246474,317.6,0.07162832656743347,33.847328244274806,8.943511450381681,11.375654341507317,131.0,33.99565217391305,8.91304347826087,11.286786137098792,92.0,33.847328244274806,8.943511450381681,11.375654341507317,131.0,0.43902841695751127,-0.021767026039181535,-0.008055816601783995,-0.006694926981394863,-0.04158467115484043,-0.15138960814776453,-0.046708434460800086,9.166930416713274,39.0,205500.0,136.0,2359.0647327899933,87.11079316461209,0.6782790422439575,0.12005474418401718,1.116847038269043,1.9922610521316528,2616.0,16.0,0.4525957852602005,0.22568325698375702,0.45136651396751387,0.08052634261548519,0.03952840156853199,0.07905680313706397,0.7445135563611984,0.37233348190784454,0.744666963815689,1.8734020590782166,0.11885899305343628,0.23771798610687211,2367.5,248.5,496.99999999999955,16.0,0.0,-1.7763568394002505e-15
27.65604979345704,1.0,1500.0,0.0,101.0,1993.0,0.7568785494535535,1508.0,485.0,9.576446299713528,3.4589754729533033,14577.18500321481,325.20000000000005,0.06838253848094877,35.48955223880595,9.783582089552235,10.859076266814348,134.0,36.13333333333334,10.006060606060604,10.60083974705692,33.0,35.48955223880595,9.783582089552235,10.859076266814348,134.0,0.41235461430841724,-0.022561028802957683,-0.01108028988287385,-0.006013831822690939,-0.04838282579913662,-0.154088645104344,-0.045862605565917335,8.12575833995845,101.0,207000.0,137.0,2377.678653717041,87.0597040842317,0.6757441163063049,0.12479255348443985,1.1022976636886597,1.9727097749710083,2555.0,16.0,0.5331939309835434,0.18823176586632714,0.09940384200641085,0.037867785819495715,0.08445670581201799,-0.003062783780374701,0.9910758386055628,0.4276987598239727,0.2049221677439553,2.1177589694658914,0.28099603844051774,-0.05538700989314485,2437.8333333333335,260.12972191239936,101.79999999999991,16.0,0.0,0.0
33.37004258282281,1.0,1500.0,0.0,74.0,1933.0,0.5702641837273188,1102.0,831.0,9.99786902638814,3.132783749623403,13679.402164154213,291.2,0.06592411482387033,33.978461538461545,8.76461538461538,11.313210118298128,130.0,34.56785714285716,9.107142857142858,11.159127702449107,56.0,33.978461538461545,8.76461538461538,11.313210118298128,130.0,0.43879647543558353,-0.02154206709802515,-0.008648552613491312,-0.006510589368142735,-0.048468042549327454,-0.142331121011001,-0.045709787019953804,8.758097552684859,74.0,208500.0,138.0,2392.8840005397797,87.13335036423295,0.362064391374588,0.09547692537307739,0.5335947275161743,2.0989582538604736,2519.0,17.0,0.5179592967033386,0.2026378742030534,-0.002205103635788054,0.1607430875301361,0.1083535229887087,-0.026221942901611357,0.7148660302162171,0.25181818416489965,0.048037141561508095,2.1681135654449464,0.09035918269409128,0.01732361316680868,2493.0,200.71970506156092,-37.80000000000042,16.4,0.4898979485566356,0.29999999999999766
32.88856890172134,1.0,1500.0,0.0,81.0,1988.0,0.6092166249017766,1211.0,777.0,9.946668902914048,2.7902139202412877,13513.18976408614,317.8,0.06991683900206802,34.175939849624065,9.08721804511278,11.299410278569306,133.0,34.98846153846154,9.55769230769231,10.946270193322563,52.0,34.175939849624065,9.08721804511278,11.299410278569306,133.0,0.4377353030673395,-0.020150592497684684,-0.007555203047666689,-0.005905160778760677,-0.053527314929957576,-0.1466467711182956,-0.04407323445211353,9.078734639140754,81.0,210000.0,139.0,2408.9246728420258,87.17582677761528,0.6562110185623169,-0.046337757259607315,1.4054837226867676,1.931125283241272,2401.0,17.0,0.45036429166793823,0.14801719513845546,0.08912193775176996,0.03205518797039986,0.09649581748170315,0.006590919196605701,0.8369701147079468,0.28808778437740756,0.1650727748870848,1.7595620155334473,0.155066671991777,0.05373748540878278,2411.4,200.2704171863633,0.9999999999995204,16.2,0.4,0.19999999999999798
33.633852854615355,1.0,1500.0,0.0,122.0,1917.0,0.9476269285152165,1816.0,101.0,10.040713048132746,2.0648916442330374,12405.58592650929,264.40000000000003,0.060556089963812926,33.84651162790698,8.477519379844958,11.39129756686989,129.0,32.542857142857144,8.028571428571427,11.952302531427227,7.0,33.84651162790698,8.477519379844958,11.39129756686989,129.0,0.43399850710797927,-0.019916268470200664,-0.007821316779906669,-0.005291264733177533,-0.050057361376680674,-0.14146408085222617,-0.04366261235765859,8.759218020375465,122.0,211500.0,140.0,2428.6209983825684,87.0864577638324,0.40642982721328735,-0.033817414194345474,0.8808372020721436,1.7135655879974365,2125.0,16.0,0.40659951312201364,0.1110213738619112,0.0045439036829131125,0.06052714436373208,0.05766410451820052,0.0017167931754167001,0.6924009195395878,0.22634680028728568,0.005656140191214417,1.2809631398745946,0.41806497309234636,0.009586538587297695,2380.5714285714284,152.67599413029367,-25.035714285714345,16.0,0.0,-3.724255878701109e-16
32.34775070018239,1.0,1500.0,0.0,18.0,1804.0,0.14674202822506255,264.0,1540.0,10.261084763406762,2.1071689028868628,11862.316841999014,272.2,0.06792433997105356,33.11900826446281,8.456198347107437,11.642190394167786,121.0,33.03689320388351,8.277669902912622,11.632455856300611,103.0,33.11900826446281,8.456198347107437,11.642190394167786,121.0,0.44169814361103615,-0.0228795160677928,-0.008795930573500131,-0.004982467145634644,-0.0407295975930794,-0.15814215870628057,-0.05095044200467736,9.41859746690621,18.0,213000.0,141.0,2437.7595641613007,87.37531097464142,0.2893100380897522,0.025641387328505516,0.527639627456665,1.5117335319519043,2397.0,16.0,0.4476175904273987,0.15830755233764648,-0.316615104675293,0.003009258769452572,0.022632128559052944,0.04526425711810588,0.889464259147644,0.361824631690979,-0.723649263381958,1.2380442321300507,0.27368929982185364,0.547378599643707,2566.0,169.0,-338.0000000000002,16.0,0.0,-1.7763568394002505e-15
29.844844845838324,1.0,1500.0,0.0,129.0,2078.0,0.9291128904575178,1930.0,148.0,9.808160739798465,2.307974693551093,13960.9476661371,320.8,0.0666168286402525,34.64460431654677,9.233093525179854,11.126133732930985,139.0,34.160000000000004,8.819999999999999,11.38976299020983,10.0,34.64460431654677,9.233093525179854,11.126133732930985,139.0,0.4216805098235694,-0.020765275488996433,-0.008449075267982145,-0.005793335803885141,-0.05201974413217267,-0.14999496323159062,-0.04506871944722579,8.361062924167532,129.0,214500.0,142.0,2459.019158601761,87.22990191014546,0.3456740081310272,-0.028504833579063416,0.7487524151802063,1.97361421585083,2265.0,16.0,0.6262989555086408,0.3545986265174813,-0.06689252917255678,0.06537392948354993,0.0863564004081713,-0.012164057631577763,1.122166327067784,0.6349319194995665,-0.10944174655846192,1.5813870855740138,0.48253146443682726,0.07596646036420551,2466.8571428571427,338.9628840075177,56.85714285714296,16.285714285714285,0.45175395145262565,0.035714285714286226
40.040835993630544,1.0,1500.0,0.0,14.0,1894.0,0.10371862989453912,196.0,1698.0,10.06598343032026,2.488688501567521,12801.382477752737,279.2,0.06461766339566746,33.756249999999994,8.6671875,11.366452780920413,128.0,34.01929824561403,8.81578947368421,11.260122226853504,114.0,33.756249999999994,8.6671875,11.366452780920413,128.0,0.47423884258364574,-0.022330793843135587,-0.008222654690070727,-0.004054167609753263,-0.04073120494335725,-0.1333676622039135,-0.05089285112624714,10.267269487903167,14.0,216000.0,143.0,2467.790225982666,87.52769896152316,0.13608844578266144,-0.13817058503627777,0.5487357974052429,1.0886789560317993,2739.0,16.0,0.13608844578266144,0.0,0.0,-0.13817058503627777,0.0,0.0,0.5487357974052429,0.0,0.0,1.0886789560317993,0.0,0.0,2739.0,0.0,0.0,16.0,0.0,0.0
36.42510458670164,1.0,1500.0,0.0,38.0,1957.0,0.2917408340736397,570.0,1387.0,9.815680859908806,2.147918122817371,12675.998109074128,314.0,0.06924841213832039,34.61374045801527,9.332824427480917,11.103170825219687,131.0,35.18279569892473,9.643010752688173,10.885931941735617,93.0,34.61374045801527,9.332824427480917,11.103170825219687,131.0,0.44502181294438864,-0.01942280210838711,-0.006032484981640679,-0.007800067000958689,-0.037495514890561965,-0.14576605669178327,-0.04369965143486367,9.317094380424384,38.0,217500.0,144.0,2479.7217116355896,87.71145527315646,0.6453700065612793,0.07793679088354111,1.1351122856140137,1.2295843362808228,2203.0,16.0,0.4385906755924225,0.1563148792120856,0.18893432617187494,0.04079184432824453,0.09469285579299332,0.08357068151235582,0.795837938785553,0.25032662522870186,0.21068128943443282,1.2014978726704915,0.41027603741018914,-0.22988235950469954,2284.6666666666665,132.09171897671035,11.499999999999616,16.0,0.0,7.944109290391273e-16
32.545652760123765,1.0,1500.0,0.0,54.0,2063.0,0.3911410682432141,806.0,1257.0,9.863359227428175,2.9379457260976745,14238.74173766184,316.8,0.06660779613977545,34.46521739130435,9.276811594202895,11.139460132724885,138.0,34.952380952380935,9.459523809523805,10.94627785492825,84.0,34.46521739130435,9.276811594202895,11.139460132724885,138.0,0.4379207174474394,-0.02035328627711273,-0.007329578925709647,-0.005818289934809754,-0.05004977600796702,-0.15032354405176704,-0.045438960985493534,8.942539255005288,54.0,219000.0,145.0,2492.8873410224915,87.84993866195903,0.2387544810771942,0.004680040292441845,0.46850645542144775,1.7878965139389038,2294.0,16.0,0.29941017429033917,0.04351905744992281,-0.0409771353006363,0.003935912313560645,0.013814422619506129,0.00901152892038226,0.5912590225537618,0.08774080152029197,-0.09991502761840823,1.5525122086207073,0.2761031544435098,0.3114410638809204,2398.3333333333335,108.53673213351423,-29.500000000000338,16.0,0.0,7.944109290391273e-16
31.508520084230796,1.0,1500.0,0.0,92.0,1817.0,0.7539071657704034,1369.0,448.0,9.954415385534334,2.7762136568370965,12677.254338669443,302.6,0.07266003937953225,34.13606557377049,9.181967213114755,11.299020638656614,122.0,35.626666666666665,9.906666666666663,10.82968152178203,30.0,34.13606557377049,9.181967213114755,11.299020638656614,122.0,0.43854086770431605,-0.020255016493625537,-0.007264915538306366,-0.0074601852571178325,-0.05644606946984329,-0.14943327239488116,-0.04552906547392914,8.892397101017313,92.0,220500.0,146.0,2509.688604593277,87.85950559620701,0.42699941992759705,0.12646731734275818,0.6014500260353088,1.929178237915039,2215.0,16.0,0.4385089576244354,0.10784512778259482,-0.011142562116895379,0.09025314745182793,0.07452496202756372,0.011834956838616297,0.6969306766986847,0.13638648766771486,-0.04595331975391937,2.095296045144399,0.3418638514663059,0.008624543462480835,2333.1666666666665,260.55096537060757,31.285714285714075,16.0,0.0,0.0
33.668089684265766,1.0,1500.0,0.0,67.0,1828.0,0.5449704275228305,996.0,832.0,10.030411494079582,2.9472451041912007,12561.511376127455,290.6,0.06976520862342152,33.865040650406506,8.754471544715443,11.406239435232015,123.0,34.607142857142854,8.978571428571424,11.104382248182635,56.0,33.865040650406506,8.754471544715443,11.406239435232015,123.0,0.44531644073055976,-0.019599164364838752,-0.006898204383849827,-0.007150890833731091,-0.05499796416938663,-0.14566368078175895,-0.04476854290931227,9.2931339820874,67.0,222000.0,147.0,2523.7382979393005,87.964746654306,0.381173700094223,0.10732275992631912,0.5479950308799744,1.4657971858978271,2413.0,16.0,0.46839455515146255,0.0884921952099962,0.005531445145606991,0.1193251945078373,0.03289974597972799,0.011605550348758695,0.6985151916742325,0.12145802140472298,-0.01220842003822316,1.8823213875293732,0.3873755405727298,-0.3010667681694029,2339.0,80.78675634038045,57.20000000000017,16.0,0.0,-1.89900533991096e-15
37.99122949441274,1.0,1500.0,0.0,36.0,1892.0,0.2849979426572711,539.0,1353.0,10.251467450400488,2.5276332381408007,12426.577483314028,284.6,0.06761058583170998,33.144881889763774,8.5496062992126,11.58951857154262,127.0,33.810989010989005,9.046153846153842,11.36383474464361,91.0,33.144881889763774,8.5496062992126,11.58951857154262,127.0,0.47514619688694504,-0.020345865855569953,-0.00598546526459486,-0.006367541999457326,-0.06155854589274979,-0.1310504117292629,-0.0471282506365018,9.955294543242676,36.0,223500.0,148.0,2534.344029188156,88.18850062420108,0.3367791473865509,0.07750730216503143,0.5188505053520203,1.5340993404388428,2250.0,16.0,0.34843210875988007,0.011652961373329163,-0.023305922746658325,0.05169805698096752,0.02580924518406391,0.051618490368127816,0.5938003361225128,0.07494983077049255,-0.14989966154098522,1.661217451095581,0.12711811065673828,-0.2542362213134768,2359.5,109.5,-219.00000000000023,16.0,0.0,-1.7763568394002505e-15
31.95536692723118,1.0,1500.0,0.0,116.0,1957.0,0.8877083159329295,1737.0,220.0,9.99477070116321,2.3667128259717334,12779.45403987294,295.40000000000003,0.06632836357104364,33.9969465648855,8.636641221374047,11.29440354532481,131.0,34.45333333333334,8.29333333333333,11.054817611793904,15.0,33.9969465648855,8.636641221374047,11.29440354532481,131.0,0.43536303111126795,-0.020192416702338012,-0.007988740941456799,-0.00586908848223848,-0.05660714285715178,-0.14432603686635945,-0.04524194904453213,8.73821436356066,116.0,225000.0,149.0,2554.1623845100403,88.09150168545814,0.560900866985321,0.04163335636258125,1.038905143737793,1.8505799770355225,2530.0,17.0,0.5671332776546478,0.2103118815349871,0.053807247962270474,0.09201006378446307,0.12701186770594652,0.020569324094269956,0.9505814995084491,0.25951751192911077,0.06649327491010931,1.6753700801304408,0.2836359920202593,0.08711652244840347,2388.0,385.8904359678127,83.24999999999996,16.285714285714285,0.45175395145262565,0.10714285714285793
32.76279794468599,1.0,1500.0,0.0,51.0,2018.0,0.37412735283806836,754.0,1264.0,9.879251244401834,2.5995376037123457,13630.051699360178,316.40000000000003,0.06762995896032832,34.4,9.354411764705882,11.232541469439505,136.0,34.99058823529413,9.712941176470585,11.028578494715152,85.0,34.4,9.354411764705882,11.232541469439505,136.0,0.4403991081678863,-0.019811895605457867,-0.007248761691300333,-0.006730059343290408,-0.05460561143462484,-0.1469692959237692,-0.04544183008680987,9.118199124823583,51.0,226500.0,150.0,2567.3133294582367,88.22452538264848,0.16332003474235535,0.03424900397658348,0.2584556043148041,1.567647933959961,2660.0,16.0,0.3437449336051941,0.17162892858144688,-0.09286330342292781,0.05831060092896223,0.0350872946028448,-0.010160733386874194,0.5712214708328247,0.2775784248572379,-0.16541151404380794,1.7639955580234528,0.1491432870840405,-0.03186870813369729,2440.0,236.32287235898264,-11.000000000000117,16.0,0.0,-1.89900533991096e-15
33.13457447133566,1.0,1500.0,0.0,38.0,2006.0,0.2845260992475534,570.0,1436.0,9.97399946109416,2.72618287782887,13055.836544350634,283.6,0.06212486308871851,34.06716417910448,8.576119402985077,11.264809221354628,134.0,34.435416666666676,8.591666666666665,11.113389103939882,96.0,34.06716417910448,8.576119402985077,11.264809221354628,134.0,0.44827621249462374,-0.02100614993673983,-0.006788261485896575,-0.005577258707757709,-0.05890633459664424,-0.14528063526439272,-0.04741439863993211,9.322392610423988,38.0,228000.0,151.0,2578.56915307045,88.42113066019864,0.3384159207344055,-0.0018934790277853608,0.6811780333518982,2.7962777614593506,2562.0,16.0,0.3423936069011688,0.003977686166763306,-0.007955372333526695,0.07481959293363616,0.07671307196142152,-0.15342614392284304,0.5356156975030899,0.1455623358488083,0.2911246716976166,2.3384491205215454,0.4578286409378052,0.91565728187561,2410.5,151.5,303.0,16.0,0.0,-1.7763568394002505e-15
29.083323209253077,1.0,1500.0,0.0,73.0,2010.0,0.5396436243686454,1084.0,926.0,9.663709272871627,3.1418965897366027,14345.137537140785,314.40000000000003,0.06620898791222676,35.17481481481482,9.668148148148143,10.939472558915407,135.0,36.12903225806453,9.887096774193546,10.58990412514088,62.0,35.17481481481482,9.668148148148143,10.939472558915407,135.0,0.42727136317089726,-0.02019414910440602,-0.0067317895423728916,-0.006372299069967919,-0.05987037537132799,-0.15487442614096678,-0.045124317933281824,8.675633354681498,73.0,229500.0,152.0,2594.2073605060577,88.46632828735439,0.9596152305603027,0.13664427399635315,1.6462255716323853,1.4179972410202026,2459.0,16.0,0.527755144238472,0.23421000735148376,0.11293777674436557,0.05546881491318345,0.059015688046434485,0.03874500086531042,0.9448482155799866,0.3826765277341788,0.14837428331375113,1.3777289986610413,0.23455201084824906,-0.056442248821258804,2404.6,244.8081697983137,95.8,16.0,0.0,-1.297267614824132e-15
30.337842261645854,1.0,1500.0,0.0,82.0,1891.0,0.6435229178309391,1216.0,675.0,9.973401411964945,2.910739587801368,13319.539475995487,310.0,0.07110417909078398,34.0609375,9.195312500000002,11.357047860584752,128.0,34.94347826086957,9.62173913043478,11.092699333748119,46.0,34.0609375,9.195312500000002,11.357047860584752,128.0,0.43818634612208907,-0.021773246188331936,-0.008667745244741391,-0.006983025340537988,-0.058877049180335636,-0.1498360655737705,-0.04847662651356639,8.977041962859149,82.0,231000.0,153.0,2610.0820376873016,88.50296529555855,0.14914986491203308,-0.052708353847265244,0.40409502387046814,1.8929860591888428,2366.0,16.0,0.5248428404331207,0.2750780459832513,-0.0029559075832366792,-0.04782729819417,0.06431620474894716,-0.013502772897481903,1.1456911504268645,0.6141159196276472,0.021094685792922886,1.7544186115264893,0.10114026962202409,0.004806220531463276,2399.2,256.60662501190416,92.0999999999997,16.2,0.39999999999999997,-0.2000000000000019
32.189669515405384,1.0,1500.0,0.0,98.0,1834.0,0.7975283223149867,1462.0,372.0,10.139529281705963,2.363884510366465,12102.7196535791,286.0,0.06938379427462397,33.51219512195122,8.55772357723577,11.512272692462636,123.0,33.704,8.472000000000001,11.44287484018541,25.0,33.51219512195122,8.55772357723577,11.512272692462636,123.0,0.44210835981422436,-0.02014940834432851,-0.0074343780713647155,-0.006352260935214702,-0.060811558136328735,-0.14461495921471035,-0.046066133367712134,9.061832806094609,98.0,232500.0,154.0,2627.2848308086395,88.49440200529759,-0.2948697805404663,-0.5041033029556274,0.41885390877723694,1.9344664812088013,2077.0,16.0,0.2531314169367154,0.30283840174162474,-0.1295926498515265,-0.10306243350108464,0.20681061189927522,-0.08600090444087981,0.7127049267292023,0.275521766280732,-0.08718924522399894,1.5861406822999318,0.3640803925682173,-0.028726756572723496,2342.6666666666665,332.2025821024809,18.62857142857134,16.0,0.0,0.0
42.50910925865173,1.0,1500.0,0.0,8.0,2093.0,0.054015158363240445,113.0,1980.0,9.85445662795861,2.2346133517945015,13286.514588400836,301.8,0.0620630089660278,34.487943262411314,8.714893617021275,11.142766957600783,141.0,34.657142857142844,8.807518796992479,11.074360301287548,133.0,34.487943262411314,8.714893617021275,11.142766957600783,141.0,0.47657625010024274,-0.019043182591145437,-0.004748138165104193,-0.004334314817368202,-0.04157608695652208,-0.12817028985507245,-0.046309879017647194,10.438686752615887,8.0,234000.0,155.0,2635.2075431346893,88.79756002885725,-0.2948697805404663,-0.5041033029556274,0.41885390877723694,1.9344664812088013,2077.0,16.0,0.2531314169367154,0.30283840174162474,-0.1295926498515265,-0.10306243350108464,0.20681061189927522,-0.08600090444087981,0.7127049267292023,0.275521766280732,-0.08718924522399894,1.5861406822999318,0.3640803925682173,-0.028726756572723496,2342.6666666666665,332.2025821024809,18.62857142857134,16.0,0.0,0.0
35.58636130541563,1.0,1500.0,0.0,100.0,1811.0,0.8257837302420714,1495.0,316.0,10.381716510989008,1.9739353004740436,11566.917176238609,279.6,0.0700050075112669,32.73770491803279,8.195081967213115,11.811056050362325,122.0,33.31818181818182,8.663636363636364,11.562199231975214,22.0,32.73770491803279,8.195081967213115,11.811056050362325,122.0,0.4555127513371957,-0.01903612676763277,-0.00594091990669282,-0.006369635709040575,-0.058362320857111606,-0.14018366495060525,-0.04483434715033345,9.600219524878934,100.0,235500.0,156.0,2652.3460574150085,88.78931892828481,0.4591868817806244,0.08272586017847061,0.7532434463500977,1.6071181297302246,2633.0,17.0,0.3953232280910015,0.20998629594825427,-0.06443852718387337,0.04307954199612141,0.09975950370873618,-0.025944569813353673,0.704814001917839,0.2268891325754982,-0.07700011304446629,1.6331346432367961,0.311995002747726,-0.060978303636823564,2352.1666666666665,199.34928865909927,43.22857142857147,16.333333333333332,0.4714045207910317,0.05714285714285649
31.80443933821216,1.0,1500.0,0.0,97.0,1926.0,0.7509359440426363,1446.0,480.0,10.03433786751879,2.1779849237524203,12587.105887970367,307.0,0.07026457932802344,33.86976744186046,8.877519379844959,11.38554796884905,129.0,33.78125000000001,8.1875,11.37316356720215,32.0,33.86976744186046,8.877519379844959,11.38554796884905,129.0,0.4338556679279542,-0.0184905090049772,-0.005456592567609292,-0.0058548126559199165,-0.05712127455020743,-0.15135283614888065,-0.04261621126004006,8.841001124769953,97.0,237000.0,157.0,2669.8059787750244,88.770495640564,0.2438102662563324,0.065375916659832,0.35716843605041504,1.498769998550415,2293.0,16.0,0.3004394769668579,0.1275808396666818,0.015451891081673729,0.05120564562578996,0.07518828665175104,0.02885800642626626,0.49876120686531067,0.24333053374670316,-0.026813980511256625,1.4677364826202393,0.1353017841293462,-0.008731787545340503,2427.5,141.06470146709276,-22.885714285714293,16.5,0.5,-0.14285714285714504
32.34164873934999,1.0,1500.0,0.0,79.0,2064.0,0.5687619739426768,1173.0,891.0,9.973546022700575,2.5243260052573038,13547.347334822698,316.8,0.06688624271598682,34.07482014388489,8.76978417266187,11.291267134522862,139.0,34.50666666666666,8.856666666666664,11.111196601149867,60.0,34.07482014388489,8.76978417266187,11.291267134522862,139.0,0.4361691337915122,-0.01880261427850526,-0.006164785955253887,-0.006567955120416547,-0.05947801033811465,-0.14515719006863825,-0.043163350862588865,8.913641776142262,79.0,238500.0,158.0,2686.1363105773926,88.789239422006,0.23225155472755432,0.0659712627530098,0.3326708972454071,0.5514968633651733,2673.0,16.0,0.2632514774799347,0.0865663755883758,-0.006145825982093843,0.06338975643739105,0.07960275466803113,-0.004834467638283961,0.3999145209789276,0.08832314299327418,-0.002661612629890494,0.9553287386894226,0.33297950001810755,-0.19446908831596377,2436.6,187.1487109226243,2.399999999999613,16.0,0.0,-1.297267614824132e-15
33.13567372484946,1.0,1500.0,0.0,71.0,1818.0,0.5809393260758289,1056.0,762.0,10.068115539727524,2.3706547075064948,12051.133267438781,308.0,0.07480085486691276,33.75081967213114,9.062295081967212,11.493617519964335,122.0,34.70196078431373,9.678431372549019,11.178735882314868,51.0,33.75081967213114,9.062295081967212,11.493617519964335,122.0,0.4475159130369216,-0.02032465146036074,-0.0069221989920981285,-0.007725327534326082,-0.05617403048428168,-0.14701910090681072,-0.046885817410018314,9.415814443993844,71.0,240000.0,159.0,2700.8998925685883,88.85927266699142,0.21521857380867004,0.07211393862962723,0.28646716475486755,1.28936767578125,2207.0,16.0,0.2760543555021286,0.08045684849077264,-0.039958064258098655,0.08033258579671383,0.06909991655141644,-0.028927269764244583,0.39168546795845033,0.06279263132518759,-0.02208407521247869,1.209707462787628,0.2689313909370626,-0.11249020695686343,2354.4,102.0011764638036,-43.20000000000009,16.0,0.0,-1.297267614824132e-15
31.945007271912633,1.0,1500.0,0.0,98.0,2097.0,0.7009470707601658,1469.0,628.0,9.997700969581398,2.4580912776685695,13805.572318028866,328.6,0.06905972846874868,33.987142857142835,8.85571428571429,11.301646105727087,140.0,34.376190476190466,9.0,11.189070841544499,42.0,33.987142857142835,8.85571428571429,11.301646105727087,140.0,0.43513060135505427,-0.02064718097506937,-0.0074201366987379285,-0.0064086502054354275,-0.05272057820810768,-0.14635892540570025,-0.046749109505992766,8.774819129631164,98.0,241500.0,160.0,2718.7184274196625,88.82861776502828,0.4095137417316437,0.15931113064289093,0.5007510185241699,1.728929042816162,2180.0,16.0,0.41608669112126034,0.18574989077719176,-0.05486449471541812,0.05938984519646814,0.06074728662199244,0.0032612562512180578,0.7136638859907786,0.31264514662346504,-0.11624432461602349,1.3510096073150635,0.24195660549300763,0.03583318846566336,2375.8333333333335,321.5780966145273,52.71428571428596,16.0,0.0,0.0
34.41177746127634,1.0,1500.0,0.0,34.0,1960.0,0.2600274518139068,509.0,1451.0,9.985243694761152,2.697316550099857,13095.598001023061,308.0,0.06909857764616144,34.025954198473286,8.902290076335875,11.313141815952205,131.0,34.48865979381444,9.08865979381443,11.130783963720251,97.0,34.025954198473286,8.902290076335875,11.313141815952205,131.0,0.4541961414056228,-0.02002566886662221,-0.006530486244257592,-0.007109114691524592,-0.05748979591836644,-0.14479591836734693,-0.04588977743334764,9.572325289617229,34.0,243000.0,161.0,2729.870112657547,89.0152241578402,0.18855740129947662,0.017077380791306496,0.3433811664581299,2.1056432723999023,2362.0,16.0,0.2720065042376518,0.0834491029381752,-0.16689820587635043,0.08094114530831575,0.06386376451700926,-0.12772752903401846,0.3825407922267914,0.0391596257686615,-0.07831925153732305,2.050382614135742,0.055260658264160156,0.11052131652831965,2407.5,45.5,-91.00000000000023,16.0,0.0,-1.7763568394002505e-15
33.13482847213745,1.0,1500.0,0.0,10.0,1934.0,0.07456042155134326,144.0,1790.0,10.27801387345966,2.332159329720007,12486.74901544542,291.40000000000003,0.06781159825002327,33.055384615384604,8.383076923076924,11.675787587991797,130.0,33.03833333333333,8.348333333333336,11.681978676649996,120.0,33.055384615384604,8.383076923076924,11.675787587991797,130.0,0.4466483310107034,-0.020152747430988556,-0.005996376579669172,-0.004655893416606353,-0.05652768284347203,-0.14900888585099112,-0.046317208586610904,9.143158629441352,10.0,244500.0,162.0,2738.206534385681,89.29202269063089,0.18855740129947662,0.017077380791306496,0.3433811664581299,2.1056432723999023,2362.0,16.0,0.2720065042376518,0.0834491029381752,-0.16689820587635043,0.08094114530831575,0.06386376451700926,-0.12772752903401846,0.3825407922267914,0.0391596257686615,-0.07831925153732305,2.050382614135742,0.055260658264160156,0.11052131652831965,2407.5,45.5,-91.00000000000023,16.0,0.0,-1.7763568394002505e-15
31.36074420870567,1.0,1500.0,0.0,49.0,1968.0,0.3699598136138968,728.0,1240.0,9.72536555735898,2.4373648077993764,13377.620042960963,304.0,0.06590928800624404,34.942424242424245,9.633333333333333,11.042501811076809,132.0,35.39518072289157,9.86265060240964,10.879572120509582,83.0,34.942424242424245,9.633333333333333,11.042501811076809,132.0,0.4293937731193686,-0.020405168714444807,-0.007750491042930853,-0.006749341014713266,-0.04755555555555714,-0.15252525252525254,-0.04548831706418721,8.794858860199197,49.0,246000.0,163.0,2751.584259033203,89.40304088177717,0.3399674892425537,0.1508258879184723,0.3785542845726013,1.3556007146835327,2650.0,16.0,0.20184754207730293,0.11764860717072596,0.06981378644704818,0.016627454198896885,0.10478610165309808,0.05544604547321796,0.37071365118026733,0.05150083647980331,0.02872911691665649,1.3674401640892029,0.07542715021416849,-0.03173553943634022,2393.0,173.13145294833058,130.19999999999987,16.0,0.0,-1.89900533991096e-15
29.715188909371694,1.0,1500.0,0.0,75.0,1975.0,0.569653322802561,1125.0,850.0,9.918252767071264,2.423581618368324,13013.134714925749,330.0,0.07296365083576546,34.26363636363638,9.242424242424242,11.219084264730181,132.0,34.09122807017544,8.929824561403509,11.21455470829204,57.0,34.26363636363638,9.242424242424242,11.219084264730181,132.0,0.42690785275826443,-0.02015009888265792,-0.006975620626781833,-0.006045011698565694,-0.05578034682081593,-0.1542739534069014,-0.04503932300992997,8.608102157503032,75.0,247500.0,164.0,2766.922404050827,89.44956303713299,0.15352511405944824,-0.01707358844578266,0.3414563834667206,1.2949390411376953,2549.0,16.0,0.374265193939209,0.1656285246092515,-0.11549473404884333,0.07072040135972202,0.1364386311559687,-0.09453035155311226,0.6073954328894615,0.1967937829231261,-0.041973170638084416,1.5291678309440613,0.26407453367064393,-0.22193694114685059,2405.0,245.77123509475229,186.59999999999988,16.0,0.0,-1.89900533991096e-15
28.91750679756033,1.0,1500.0,0.0,29.0,2078.0,0.20245905014404608,420.0,1658.0,9.732251789895413,2.6579141168524654,14191.645857249565,311.20000000000005,0.06366091154570003,34.917142857142856,9.374285714285715,10.974396396664204,140.0,34.947747747747755,9.15855855855856,10.948260896105408,111.0,34.917142857142856,9.374285714285715,10.974396396664204,140.0,0.42175701846743224,-0.019303745481488842,-0.005516155843961586,-0.005398815228416088,-0.05134468848050006,-0.16438816674137158,-0.04250280711072764,8.407287017759215,29.0,249000.0,165.0,2777.8379669189453,89.63805771442449,0.4365822374820709,0.07613597810268402,0.7210263609886169,0.6692234873771667,2580.0,16.0,0.32660502195358276,0.10997721552848816,0.21995443105697624,0.05870749242603779,0.017428485676646233,0.03485697135329246,0.5360412001609802,0.18498516082763672,0.3699703216552732,1.2306772768497467,0.56145378947258,-1.12290757894516,2471.0,109.0,217.99999999999955,16.0,0.0,-1.7763568394002505e-15
31.888089288112727,1.0,1500.0,0.0,86.0,2030.0,0.6345515766864419,1288.0,742.0,9.916688194974416,2.5372649744142772,13227.67696225338,306.6,0.06579681531396198,34.26323529411765,8.875,11.234216198222088,136.0,34.452,8.684,11.036543500319118,50.0,34.26323529411765,8.875,11.234216198222088,136.0,0.429895769455812,-0.01956795168465128,-0.006389379691523308,-0.005635976678074535,-0.053012140771483654,-0.14830182879975412,-0.044678387048825506,8.839674216680697,86.0,250500.0,166.0,2794.314537525177,89.64631455621985,0.10779894143342972,-0.04540454223752022,0.3066226840019226,1.0786001682281494,2734.0,16.0,0.2843036845326424,0.11960108568884792,-0.05608912557363515,0.05893719494342804,0.06451136816753572,-0.027377068251371404,0.4509705424308777,0.13626890234429134,-0.057445365190506054,1.1877899408340453,0.22050314497012796,-0.10619422197341927,2381.2,206.92646036696226,75.99999999999976,16.0,0.0,-1.297267614824132e-15
31.735904520208184,1.0,1500.0,0.0,11.0,1916.0,0.08493802256407378,162.0,1754.0,10.12494399138422,2.1371691538242708,12199.721187744059,276.40000000000003,0.06430299646380049,33.581250000000004,8.5515625,11.472980585653834,128.0,33.56410256410256,8.415384615384612,11.472843757379108,117.0,33.581250000000004,8.5515625,11.472980585653834,128.0,0.43944838006317444,-0.019411811872360345,-0.004545476392702401,-0.006451365998833656,-0.044764237599510176,-0.16840171463563994,-0.043014243689221805,9.043211750900216,11.0,252000.0,167.0,2802.6910831928253,89.9135839519358,0.6120638251304626,0.2128368318080902,0.7986941933631897,1.2008295059204102,2663.0,16.0,0.6120638251304626,0.0,0.0,0.2128368318080902,0.0,0.0,0.7986941933631897,0.0,0.0,1.2008295059204102,0.0,0.0,2663.0,0.0,0.0,16.0,0.0,0.0
33.128214067395994,1.0,1500.0,0.0,102.0,2072.0,0.7360611560054066,1525.0,547.0,9.829174252183687,2.1873914968198527,13163.819570840486,315.40000000000003,0.06561810843423625,34.579856115107916,9.038848920863307,11.089359264434695,139.0,35.67567567567568,9.735135135135135,10.753958221163588,37.0,34.579856115107916,9.038848920863307,11.089359264434695,139.0,0.43013241442197875,-0.018955737365304863,-0.00625159799253341,-0.0055910607295829,-0.04817863624579339,-0.1450933367902515,-0.04337909318167474,8.521620473714737,102.0,253500.0,168.0,2821.0601999759674,89.85983354845088,0.3293723165988922,0.07049095630645752,0.5179315805435181,0.8442201614379883,2401.0,16.0,0.3350823074579239,0.07239409894076518,-0.019161053214754312,0.014693794151147207,0.06033069955671223,0.0002902111836842118,0.6409604748090109,0.19391328805631783,-0.03892154353005541,0.9172235429286957,0.22767541600695865,-0.0950693385941641,2424.1666666666665,171.45593862240202,31.28571428571426,16.5,0.7637626158259734,-0.08571428571428569
30.78341438484192,1.0,1500.0,0.0,125.0,2039.0,0.9126106413924382,1860.0,179.0,9.68007165071301,1.673016432015115,12167.239274733423,293.6,0.0610648918469218,35.09489051094892,9.20875912408759,10.907899248605673,137.0,34.666666666666664,9.183333333333332,11.133625031770201,12.0,35.09489051094892,9.20875912408759,10.907899248605673,137.0,0.41562282100051784,-0.017839455448736125,-0.006474178324886613,-0.005537864316113123,-0.05185698163538326,-0.14750692520775624,-0.04031659992132181,8.00025946251896,125.0,255000.0,169.0,2842.5334827899933,89.70870582312835,0.9119560718536377,-0.005218782927840948,1.8345345258712769,0.9240232706069946,2732.0,17.0,0.41226043179631233,0.298473473864159,0.036401425798734,0.00663123041158542,0.06378055247618711,0.002758960976886255,0.8114770669490099,0.5693337462608093,0.06728260201357651,1.0932794213294983,0.327451723246844,-0.011642742724645756,2615.125,483.24177114049235,36.892857142856975,16.625,0.4841229182759271,0.03571428571428466
31.25224279642105,1.0,1500.0,0.0,100.0,2040.0,0.7331140711300049,1495.0,545.0,9.989782006057151,2.3594910612836557,13033.882721180818,309.8,0.06646642351426732,34.021897810218995,8.579562043795619,11.248618477783879,137.0,33.400000000000006,7.9837837837837835,11.41046677599816,37.0,34.021897810218995,8.579562043795619,11.248618477783879,137.0,0.4291015025807084,-0.0198815200654118,-0.007903934998581766,-0.006018783190245464,-0.05572926974075622,-0.1447325021439409,-0.04455902270373909,8.471832955941306,100.0,256500.0,170.0,2860.8684306144714,89.65809026908227,0.5203061103820801,0.2704828679561615,0.5000525712966919,2.030240297317505,2325.0,17.0,0.3656846260031064,0.14113055471090094,-0.011731990320341966,0.11065350946349402,0.08719427042538198,0.010545001591422718,0.5103774592280388,0.22671359797236448,-0.044549900719097736,1.5760809183120728,0.3107813730702961,0.020422247477939942,2456.8333333333335,202.14385691603118,45.85714285714273,16.333333333333332,0.4714045207910317,0.11428571428571536
33.381455327783314,1.0,1500.0,0.0,112.0,1900.0,0.8807789999699817,1673.0,227.0,10.03779015471626,2.4569834810546154,12380.77521581172,192.60000000000002,0.04442496655441251,33.8703125,7.9,11.295443034343116,128.0,33.287499999999994,7.175000000000002,11.442230665520208,16.0,33.8703125,7.9,11.295443034343116,128.0,0.4328661614562704,-0.021014684175437233,-0.009835037945069382,-0.003837569078978499,-0.053459530026117745,-0.13298124851649656,-0.04664263527346525,8.54048509672247,112.0,258000.0,171.0,2879.788283586502,89.58991932514066,0.33253294229507446,0.06947245448827744,0.5265032649040222,1.91126549243927,2612.0,16.0,0.36040409335068296,0.11926916222637772,-0.01125497264521465,0.10455871293587345,0.06691337311760773,-0.0079464606408562,0.5120071853910174,0.22433831115298747,-0.006601202700819304,1.582087414605277,0.2624508562655972,0.07909567015511655,2527.714285714286,318.66001330827913,16.28571428571442,16.571428571428573,0.7284313590846835,-0.03571428571428548
29.527901066201075,1.0,1500.0,0.0,70.0,2050.0,0.5055689814659959,1036.0,1014.0,9.649020735966653,2.6732384721151083,14236.668585445055,290.40000000000003,0.05975308641975308,35.21739130434783,8.965217391304346,10.875252983038937,138.0,34.63235294117648,8.37941176470588,10.921404747499382,68.0,35.21739130434783,8.965217391304346,10.875252983038937,138.0,0.4043944079797148,-0.020664496711027776,-0.008871480946628423,-0.004201860252283335,-0.041206434316357135,-0.14910634495084898,-0.04555605656830877,7.981118845666305,70.0,259500.0,172.0,2894.955512046814,89.63868319224233,0.6085010170936584,0.14232082664966583,0.9328520894050598,2.4587247371673584,2717.0,16.0,1.6593612246215343,2.2587623863581228,-1.470598886907101,0.05614517908543348,0.10091069263049102,0.05765274427831173,3.2068268433213234,4.53811423010059,-3.0564773768186573,1.9738096594810486,0.34279002785287144,0.12947776317596427,2534.25,307.23474331527024,229.10000000000008,16.0,0.0,-1.89900533991096e-15
31.155197676490335,1.0,1500.0,0.0,102.0,1906.0,0.7992033465625471,1523.0,383.0,9.69322264912742,2.7109093305808716,12869.507754681747,223.20000000000002,0.049721541546001335,35.07031250000001,8.882812499999998,10.993027665991946,128.0,34.81538461538462,9.038461538461538,10.811937070903745,26.0,35.07031250000001,8.882812499999998,10.993027665991946,128.0,0.4150533715426272,-0.020691723166514773,-0.00995141282871263,-0.003978745628386067,-0.047103132257868434,-0.14154792542841002,-0.0455687772274366,8.318943718596117,102.0,261000.0,173.0,2913.346045255661,89.58770978306352,4.463109493255615,0.07875887304544449,8.769149780273438,2.2440571784973145,2702.0,16.0,1.148637001713117,1.4873191919044833,0.610612687894276,0.12362220541884501,0.08778633373359813,0.0007687149835484449,2.0504615704218545,3.0129264499589166,1.219694168227059,2.1600455244382224,0.12068683623874364,0.03131904261452815,2507.6666666666665,215.89709482889194,58.9142857142854,16.166666666666668,0.3726779962499649,0.08571428571428473
30.03767308886622,1.0,1500.0,0.0,71.0,2025.0,0.523711407891495,1060.0,965.0,9.669355429896365,2.6001156483794627,13582.841244461903,283.40000000000003,0.059296145959743904,35.14264705882353,9.011764705882353,10.853325248868599,136.0,34.93538461538462,8.747692307692306,10.856695794951596,65.0,35.14264705882353,9.011764705882353,10.853325248868599,136.0,0.4122318165835294,-0.021950098166202005,-0.010427919386127155,-0.004474139560298295,-0.039489018377412075,-0.14724338861497085,-0.04812177198969957,7.95933880520168,71.0,262500.0,174.0,2929.3248224258423,89.61109331078471,0.21249905228614807,0.030577940866351128,0.3641647696495056,1.6127511262893677,2668.0,16.0,0.25867367088794707,0.09082004927573738,-0.018398396670818367,0.08371522594243289,0.08522034914819476,-0.01795735293999316,0.3502814292907715,0.05344465722070163,-0.0009054780006409463,1.8227152824401855,0.1886262136319658,-0.1169761776924135,2704.2,182.62464236789074,-17.200000000000433,16.8,0.7483314773547882,-0.10000000000000224
35.540626238221705,1.0,1500.0,0.0,23.0,1866.0,0.18327310733917224,341.0,1525.0,10.138751505086148,2.2728847177348572,12308.559772449289,283.40000000000003,0.06765014799961806,33.51359999999998,8.5376,11.47204397373506,125.0,33.539215686274495,8.399999999999999,11.429526672647816,102.0,33.51359999999998,8.5376,11.47204397373506,125.0,0.44383680486691646,-0.018919955191996313,-0.00529236448034154,-0.00715807593843527,-0.03651685393258346,-0.1543465405085748,-0.04372802532780651,9.385270098759174,23.0,264000.0,175.0,2938.634431362152,89.83764607890593,0.41013747453689575,-0.08516661077737808,0.9908316731452942,1.1174691915512085,2209.0,16.0,0.41013747453689575,0.0,0.0,-0.08516661077737808,0.0,0.0,0.9908316731452942,0.0,0.0,1.1174691915512085,0.0,0.0,2209.0,0.0,0.0,16.0,0.0,0.0
33.0573968940311,1.0,1500.0,0.0,45.0,2007.0,0.3321370384497617,666.0,1341.0,9.90897380313187,2.0771088871595076,12874.417146842723,296.8,0.06410644088297551,34.2948148148148,8.922962962962965,11.220747586708324,135.0,34.34444444444444,9.015555555555554,11.179832174694269,90.0,34.2948148148148,8.922962962962965,11.220747586708324,135.0,0.42794228175776994,-0.021749747155460412,-0.009105819960722978,-0.005515558094468495,-0.03922457937088405,-0.14381858083394294,-0.048090537183809165,8.68872933586771,45.0,265500.0,176.0,2951.000524997711,89.96948585775189,0.33896708488464355,0.12579582631587982,0.42674440145492554,2.0095608234405518,2236.0,16.0,0.34022247791290283,0.014681464957553094,0.008032530546188354,0.10893998419245084,0.04257423582836522,-0.012386895716190333,0.46291784445444745,0.11396323272017103,0.04087734222412106,1.7643332084019978,0.1739766345048793,0.19257181882858246,2370.3333333333335,176.71131511278185,-9.499999999999988,16.0,0.0,7.944109290391273e-16
50.02973437309265,1.0,1500.0,0.0,12.0,1969.0,0.09176912382587052,180.0,1789.0,10.27808911096821,2.100536015954631,12614.460151112502,280.8,0.06431810893765175,33.07424242424242,8.057575757575757,11.522144844312896,132.0,33.62166666666666,8.448333333333332,11.328508050498591,120.0,33.07424242424242,8.057575757575757,11.522144844312896,132.0,0.5592370046688852,-0.02343550409487606,-0.01139101164847124,-0.0022801842456094488,-0.05819958129797595,-0.08548499651081647,-0.06095194882921173,12.115685447960923,12.0,267000.0,177.0,2959.0007889270782,90.2331628295419,0.47223255038261414,0.10448554158210754,0.7359386086463928,2.22292423248291,2330.0,16.0,0.47223255038261414,0.0,0.0,0.10448554158210754,0.0,0.0,0.7359386086463928,0.0,0.0,2.22292423248291,0.0,0.0,2330.0,0.0,0.0,16.0,0.0,0.0
28.190242514723824,1.0,1500.0,0.0,126.0,2095.0,0.896354200138204,1877.0,218.0,9.541539305625271,2.6054925054680607,14283.032156270428,267.2,0.053254673735400805,35.584397163120585,9.150354609929078,10.787474976791552,141.0,35.266666666666666,9.813333333333333,11.308283594674903,15.0,35.584397163120585,9.150354609929078,10.787474976791552,141.0,0.4052453197563442,-0.021004034007246323,-0.011728062320240755,-0.0044361552307760595,-0.05146583047136305,-0.14212831616146535,-0.04590017445769233,7.687417616332348,126.0,268500.0,178.0,2980.4366590976715,90.08747063300734,0.83766770362854,0.0860382467508316,1.5038418769836426,2.915018320083618,2170.0,16.0,0.7118346286671502,0.47118938979772995,-0.03822739741631917,0.021315041397299086,0.10986125558364787,0.027825991290488412,1.381399963583265,0.8022779109856678,-0.13207742146083287,1.8039325986589705,0.5902664827878885,0.14677243999072487,2512.285714285714,401.28889283184014,13.321428571428656,16.0,0.0,-3.724255878701109e-16
30.81737022574355,1.0,1500.0,0.0,82.0,1872.0,0.6512954149426795,1219.0,653.0,9.666778689019251,2.1273522303097168,12402.32890711912,297.2,0.06710621387283237,35.14920634920634,9.56984126984127,10.974520176396734,126.0,35.831818181818186,10.245454545454548,10.739495231162904,44.0,35.14920634920634,9.56984126984127,10.974520176396734,126.0,0.4192135865251416,-0.020784623131840353,-0.008783452366966918,-0.005280162971791677,-0.044544236981017886,-0.1485464429212952,-0.04613162734703415,8.350290025795628,82.0,270000.0,179.0,2996.6690604686737,90.10003926084934,0.3756181001663208,0.14648373425006866,0.45857930183410645,1.5529694557189941,2629.0,16.0,0.4539479613304138,0.15694365617596776,-0.031881782412528994,0.2016816444694996,0.19178660960355373,-0.057056764885783214,0.5047748148441314,0.23020911413492243,0.05038651525974269,1.2109015107154846,0.6322994242164632,0.18280076384544358,2580.0,267.67368193380537,27.999999999999606,16.2,0.39999999999999997,0.0999999999999977
33.08759719209793,1.0,1500.0,0.0,78.0,2009.0,0.5801812341701501,1165.0,844.0,9.926284824644537,2.677545860256535,13808.243299793348,300.8,0.06508850131994634,34.23259259259259,8.685925925925929,11.205460166009859,135.0,34.70877192982456,9.12982456140351,11.01545205111439,57.0,34.23259259259259,8.685925925925929,11.205460166009859,135.0,0.4333233507195819,-0.022078714216183275,-0.010033967993875776,-0.0049665043977621,-0.046271331058025146,-0.13895051194539249,-0.048981637417472405,8.739945661614378,78.0,271500.0,180.0,3012.542182445526,90.12321937998601,0.4423845112323761,0.07112017273902893,0.7427231669425964,0.9724382758140564,2546.0,16.0,0.4575005382299423,0.2003518998986437,0.07005029618740079,0.08494606092572213,0.04996482290529361,-0.010978076234459885,0.7453319489955902,0.38262343860910497,0.1620736420154571,1.1149233102798461,0.3443261042173235,0.08452810049057004,2451.8,135.77834878948852,-36.50000000000039,16.8,0.7483314773547883,-0.40000000000000185
33.02935310032057,1.0,1500.0,0.0,46.0,2036.0,0.33661693952507915,685.0,1351.0,9.885781233172374,2.4509755059373894,13751.05994370353,287.8,0.06110403397027601,34.37956204379563,8.588321167883212,11.117284059362667,137.0,34.459340659340654,8.51208791208791,11.000215894669545,91.0,34.37956204379563,8.588321167883212,11.117284059362667,137.0,0.42790496163866665,-0.021388647724600085,-0.008378368374957975,-0.0035513569765804583,-0.043088151116199194,-0.14353176874642243,-0.048478974902123946,8.801092553612186,46.0,273000.0,181.0,3025.005744934082,90.24776249010031,0.4850096106529236,0.19952218234539032,0.5711061954498291,0.6567027568817139,2443.0,16.0,0.6613357166449229,0.2455339335311415,-0.0027144700288773606,0.17557200292746225,0.044352558258557,0.04306500405073164,0.9716569781303406,0.4433027730882305,-0.09157982468605039,0.6477775673071543,0.18150289991870575,-0.10438627004623417,2513.0,51.87163643713842,-42.99999999999979,16.0,0.0,7.944109290391273e-16
31.554442497324352,1.0,1500.0,0.0,121.0,2091.0,0.862368684031796,1803.0,288.0,9.670132486485782,2.877534945724256,14548.342951896822,185.20000000000002,0.0373718621357656,35.146099290780136,8.38723404255319,10.982615045861927,141.0,33.300000000000004,7.929999999999995,11.335446358004246,20.0,35.146099290780136,8.38723404255319,10.982615045861927,141.0,0.40927111456574383,-0.01980294046156342,-0.010638792958924958,-0.002554245785729319,-0.0501254442818393,-0.13370269705205937,-0.04412830291684083,8.102928829681272,121.0,274500.0,182.0,3045.890444278717,90.12142919178534,0.6371098160743713,0.2197827398777008,0.8352069854736328,2.7642436027526855,2566.0,16.0,0.5752937495708466,0.19403875397164672,0.008843767855848552,0.12687372043728828,0.0656371480324228,0.01899722670870168,0.8970573033605304,0.4044612144560037,-0.020286191787038554,1.0862313296113695,0.8603447465070447,0.10361159379993165,2531.714285714286,225.60756970944942,64.03571428571443,16.142857142857142,0.3499271061118825,-0.07142857142857134
32.03237313676525,1.0,1500.0,0.0,74.0,1908.0,0.5752908910146677,1097.0,811.0,9.88208773494311,2.2847658742106813,12688.553375609987,279.40000000000003,0.0629903507980882,34.384496124031,8.947286821705424,11.125956581532634,129.0,34.752727272727284,9.109090909090911,10.97642445644829,55.0,34.384496124031,8.947286821705424,11.125956581532634,129.0,0.4297985170628597,-0.0218546493445889,-0.008741712792228271,-0.005134730188942376,-0.044536689876811725,-0.14542046063202999,-0.04905945957101888,8.56103172877638,74.0,276000.0,183.0,3061.1986832618713,90.16076006732996,0.529369592666626,0.24365198612213135,0.5716094970703125,0.8711646795272827,2520.0,16.0,0.5365381002426147,0.13506356778649906,0.03752997517585749,0.17510274648666382,0.06289558254599971,0.02291539311408996,0.7230974078178406,0.2548816933485217,0.029223740100860558,1.1333500623703003,0.1912489736563494,-0.027148115634918327,2475.8,222.9200753633463,-44.90000000000011,16.2,0.39999999999999997,-2.594535229648264e-15
33.129967540057734,1.0,1500.0,0.0,67.0,1885.0,0.533025055544261,1004.0,881.0,9.901550603631303,2.2938818232661786,12476.516969888382,260.0,0.060118386977432485,34.32380952380952,8.787301587301586,11.15551718410954,126.0,34.847457627118644,8.942372881355935,10.827173191592205,59.0,34.32380952380952,8.787301587301586,11.15551718410954,126.0,0.4322331255349444,-0.021265662513229974,-0.009099630974080015,-0.004247288682098378,-0.04553022794846739,-0.14360753221010902,-0.04760231162814057,8.901848484875252,67.0,277500.0,184.0,3075.295191049576,90.23524011862135,0.5660384297370911,0.09162092208862305,0.9491734504699707,1.6922422647476196,2256.0,16.0,0.4111260324716568,0.10664818308010902,0.051338094472885086,0.15183791518211365,0.05054996454119176,-0.03472695350646973,0.5188513845205307,0.25284248715277635,0.17214526534080501,1.375781536102295,0.23073708620587008,0.07586958408355718,2459.75,139.86667758976762,-60.29999999999995,16.0,0.0,-1.89900533991096e-15
30.221357067426045,1.0,1500.0,0.0,75.0,1802.0,0.6212703693993317,1119.0,683.0,9.953533530205636,2.9241124138584116,12430.750501135846,259.8,0.06289338626900358,34.13884297520663,8.776859504132233,11.266736809427183,121.0,33.91739130434783,8.843478260869565,11.356061378042924,46.0,34.13884297520663,8.776859504132233,11.266736809427183,121.0,0.4258199149422383,-0.0252103155448303,-0.013912113927754155,-0.004463762807328404,-0.043532186217140785,-0.14289457594549743,-0.053068949350533044,8.431923591609138,75.0,279000.0,185.0,3090.2850019931793,90.28293501086466,0.40761393308639526,0.03823017328977585,0.739272952079773,2.5273282527923584,2472.0,16.0,0.44800705313682554,0.06425582467842923,-0.03113841116428379,0.1193140521645546,0.05209548863131293,-0.013122636079788226,0.6578580856323242,0.1583700218287671,-0.03600202798843396,2.360547924041748,0.2877735257958132,0.14758915901184078,2409.6,90.47563207847735,-6.8000000000005905,16.2,0.39999999999999997,-0.10000000000000095
32.7627975679934,1.0,1500.0,0.0,48.0,1972.0,0.36509144949474426,719.0,1253.0,9.837451116064186,2.5437401269720117,12840.766078217415,286.6,0.06288397402141478,34.52727272727273,8.93484848484848,11.172167334160354,132.0,35.03095238095237,9.180952380952382,10.957872567555413,84.0,34.52727272727273,8.93484848484848,11.172167334160354,132.0,0.4363643344531672,-0.02521421558284859,-0.014491541367255573,-0.004742384279318308,-0.03744419642857039,-0.14236886160714285,-0.05343617488656553,9.068531988033913,48.0,280500.0,186.0,3102.8483531475067,90.40080857173147,0.42568379640579224,0.22813542187213898,0.395676851272583,2.900587320327759,2120.0,16.0,0.39611755808194477,0.0513824840037673,-0.006568223237991388,0.145096093416214,0.0610890240291849,0.051957726478576646,0.5024983584880829,0.09657891346302926,-0.11697092652320878,2.2771191596984863,0.4525829153861354,0.4049263000488281,2416.0,213.40571688687254,-196.50000000000065,16.0,0.0,7.944109290391273e-16
30.94320521619585,1.0,1500.0,0.0,90.0,1928.0,0.6976166460705763,1345.0,583.0,10.03180392711004,3.0543703917979927,13592.958443757727,261.6,0.05985996064253352,33.87751937984495,8.584496124031002,11.334281900297956,129.0,32.88717948717949,8.251282051282049,11.816473549065408,39.0,33.87751937984495,8.584496124031002,11.334281900297956,129.0,0.42599136637245755,-0.026369324636205706,-0.014218096915938004,-0.004453708129238843,-0.03425325857424004,-0.14253986747251146,-0.05590667124618847,8.321835266611904,90.0,282000.0,187.0,3119.3279089927673,90.40408967169404,0.27301785349845886,0.06436990946531296,0.4177584648132324,2.3129682540893555,2889.0,16.0,0.5819221794605255,0.306262650133137,-0.1935531735420229,0.14368729740381242,0.05786200889467949,-0.03062379360198974,0.8768968284130096,0.5275581379923294,-0.3258369296789172,2.1352465867996218,0.3989940754430397,0.10928096771240212,2517.4,239.3278922315575,68.89999999999947,16.2,0.39999999999999997,-2.594535229648264e-15
29.795455061871074,1.0,1500.0,0.0,23.0,1920.0,0.1765737533086737,339.0,1581.0,9.886166218699959,2.760990223989443,13026.0193753634,272.2,0.06138926477221471,34.37209302325581,8.807751937984497,11.190319543845636,129.0,34.199999999999996,8.558490566037735,11.198731363644429,106.0,34.37209302325581,8.807751937984497,11.190319543845636,129.0,0.41448303136948805,-0.025948712079261728,-0.014323496396160533,-0.004801094299477704,-0.022565386755703857,-0.1587367835281024,-0.052509105231095574,8.606722003992335,23.0,283500.0,188.0,3129.3136553764343,90.59494548043217,0.42361384630203247,0.12491598725318909,0.5980041027069092,3.041825771331787,2516.0,16.0,0.43079333007335663,0.007179483771324158,-0.014358967542648315,0.12242219224572182,0.00249379500746727,0.004987590014934512,0.617340087890625,0.01933598518371582,-0.03867197036743175,2.9890010356903076,0.05282473564147949,0.10564947128295898,2481.5,34.5,69.0,16.0,0.0,-1.7763568394002505e-15
32.82006199657917,1.0,1500.0,0.0,16.0,1890.0,0.12481804663251928,235.0,1655.0,10.144645168646528,2.4334570880596647,12356.527485228797,296.2,0.06965150731317311,33.48503937007873,8.426771653543305,11.474120499720279,127.0,33.538738738738736,8.396396396396398,11.449377064936995,111.0,33.48503937007873,8.426771653543305,11.474120499720279,127.0,0.4487404359012851,-0.02863591618888459,-0.017206880510101576,-0.004606017793246876,-0.030012881064834823,-0.14748819235723487,-0.05845265901208321,9.189752919855872,16.0,285000.0,189.0,3138.1273670196533,90.81849353701364,0.7376469969749451,0.1399369090795517,1.1960748434066772,3.273151397705078,2341.0,16.0,0.7376469969749451,0.0,0.0,0.1399369090795517,0.0,0.0,1.1960748434066772,0.0,0.0,3.273151397705078,0.0,0.0,2341.0,0.0,0.0,16.0,0.0,0.0
18.133616604703537,1.0,1500.0,0.0,94.0,1831.0,0.7639247983314003,1398.0,433.0,9.114373605818452,4.195010905743966,14723.620625473595,221.0,0.04819855186251418,37.27804878048778,10.481300813008136,10.231980286601793,123.0,35.57931034482758,10.331034482758621,10.97111032931487,29.0,37.27804878048778,10.481300813008136,10.231980286601793,123.0,0.37558739312260314,-0.02972773292218053,-0.0187419002624858,-0.003532135250687757,-0.04559740583687314,-0.15399725617360938,-0.05629922698627677,6.585694542080119,94.0,286500.0,190.0,3156.7990896701813,90.75648841178968,0.9945059418678284,0.13125532865524292,1.7271817922592163,3.4028148651123047,2475.0,16.0,0.7180361300706863,0.25773033072872525,-0.013112932443618757,0.09995524771511555,0.07283826805648257,-0.001335431316069197,1.2367719014485676,0.47472188503480567,-0.023540258407592853,3.050830602645874,0.43136184504644143,0.07360001972743437,2705.0,299.468417923048,52.51428571428556,16.0,0.0,0.0
17.580513564551747,1.0,1500.0,0.0,82.0,2048.0,0.5951522809546574,1218.0,830.0,9.247427792864443,4.884607057425743,16115.649513913104,285.2,0.05624137251035299,36.74637681159422,9.957971014492754,10.379947867622201,138.0,35.017857142857146,9.310714285714287,10.973623523445193,56.0,36.74637681159422,9.957971014492754,10.379947867622201,138.0,0.3765195846381583,-0.03369784092770199,-0.024348681990913622,-0.00403533389676738,-0.039230162712354376,-0.1528205863378969,-0.05767954323258202,6.571569613576431,82.0,288000.0,191.0,3174.4941494464874,90.72311569709977,4.079745292663574,0.519169807434082,7.121867656707764,3.584658622741699,2568.0,16.0,1.6395046651363372,1.3756192223983537,0.8720958977937695,0.1198012389242649,0.28472787407782846,0.10759423114359373,3.0400890946388244,2.374943980146874,1.5289978146553036,3.4114173889160155,0.20398857638309068,-0.027366518974304616,2696.2,371.8066164015912,95.29999999999953,16.0,0.0,-1.297267614824132e-15
26.36505633431512,1.0,1500.0,0.0,37.0,1990.0,0.27667095604154485,550.0,1440.0,9.910453485776483,3.0218450316135117,13241.85065091843,276.2,0.060578146247313246,34.28120300751879,8.676691729323307,11.207673653000137,133.0,34.08958333333333,8.520833333333332,11.225485815677537,96.0,34.28120300751879,8.676691729323307,11.207673653000137,133.0,0.4205209206628872,-0.030311811713757245,-0.021282328120798066,-0.004384245232871608,-0.04511212333566749,-0.14646110721793973,-0.0576221412121184,8.570418338839811,37.0,289500.0,192.0,3185.825938463211,90.87125461086865,0.8156427145004272,0.3985961973667145,0.8348414301872253,3.7422564029693604,2358.0,16.0,0.9493736624717712,0.133730947971344,-0.2674618959426881,0.30631764233112335,0.09227855503559113,0.18455711007118214,1.286833792924881,0.45199236273765564,-0.9039847254753112,3.6092090606689453,0.13304734230041504,0.26609468460082875,2581.5,223.5,-447.0,16.0,0.0,-1.7763568394002505e-15
0.1390101447187621,1.0,1500.0,0.0,116.0,2082.0,0.8293342833429668,1726.0,356.0,7.889414728402976,5.685815222655403,18417.176873544406,225.20000000000002,0.03735899137358992,43.057142857142864,13.357142857142863,9.007959988197516,140.0,37.38333333333333,10.766666666666671,10.584128572911673,24.0,43.057142857142864,13.357142857142863,9.007959988197516,140.0,0.3082113319998696,-0.03335002029605306,-0.025561644547663506,-0.002525493219833842,-0.047508616654613846,-0.17133313476022297,-0.051978363170302425,5.010593207865176,116.0,291000.0,193.0,3210.7053961753845,90.63428875992213,1.2605081796646118,0.18802571296691895,2.145625114440918,3.300477981567383,3278.0,16.0,1.6532947208200182,2.071177829182291,0.018818653055599814,0.10975752504808563,0.07119036669493534,-0.008178064865725379,3.0877648081098283,4.095162164888051,0.05398285814693997,3.4519279343741283,0.1081333318908705,-0.052977272442408935,3108.1428571428573,740.9940097254361,283.53571428571433,16.142857142857142,0.34992710611188255,0.035714285714284734
30.3199460208416,1.0,1500.0,0.0,16.0,1879.0,0.12581696876989606,236.0,1643.0,9.895445674185536,2.3584019464246917,12308.035700719889,273.6,0.06323087589553963,34.341269841269835,8.946031746031744,11.207343480733918,126.0,34.4090909090909,9.074545454545454,11.173530462369527,110.0,34.341269841269835,8.946031746031744,11.207343480733918,126.0,0.43464870365987707,-0.03516980605564335,-0.026230114921961225,-0.002928143007493842,-0.02963272120200344,-0.1343906510851419,-0.06327681060920638,8.902631888286644,16.0,292500.0,194.0,3219.7890667915344,90.84446028368912,0.7667556405067444,0.28162357211112976,0.970954179763794,3.4501729011535645,3677.0,16.0,0.7667556405067444,0.0,0.0,0.28162357211112976,0.0,0.0,0.970954179763794,0.0,0.0,3.4501729011535645,0.0,0.0,3677.0,0.0,0.0,16.0,0.0,0.0
16.727015358430368,1.0,1500.0,0.0,54.0,1877.0,0.4253463018266442,798.0,1079.0,9.464673287280322,4.888181332312503,14876.187332227131,281.0,0.06212141309634346,35.90000000000001,9.536507936507936,10.686089357627772,126.0,35.013888888888886,9.072222222222223,10.88241372440413,72.0,35.90000000000001,9.536507936507936,10.686089357627772,126.0,0.3865046454398549,-0.03886616256156814,-0.030306676233822143,-0.0047431829162067575,-0.04006014032743215,-0.1523554961577013,-0.06364791242022164,7.3281517008619135,54.0,294000.0,195.0,3233.6129837036133,90.9199714009274,0.6256292462348938,0.09404242783784866,1.0639015436172485,3.63972806930542,2700.0,16.0,0.7543422728776932,0.2006308597186745,-0.0958429396152496,0.1447530183941126,0.09136048786951521,-0.05580496862530708,1.2198973894119263,0.23886328139870722,-0.08006749153137195,3.594467282295227,0.05232333455078214,0.04236969947814986,2607.75,72.20240646959076,62.29999999999999,16.0,0.0,-1.89900533991096e-15
-8.13104582741147,0.0,1500.0,0.0,105.0,2081.0,0.7568848388391828,1575.0,506.0,7.640885946188564,5.628650369537179,18332.337967857,224.8,0.03638600239551973,44.447482014388484,14.928057553956831,8.965183483194368,139.0,37.39411764705883,10.258823529411767,10.627496175290858,34.0,44.447482014388484,14.928057553956831,8.965183483194368,139.0,0.28759535303087763,-0.03256761630292831,-0.025254469792985845,-0.002303462420576079,-0.04840538625089039,-0.19079996456413892,-0.048722344430624044,4.867976628916259,105.0,295500.0,196.0,3257.9940662384033,90.69998102887178,2.977837085723877,0.08437516540288925,5.787621021270752,3.4852285385131836,3700.0,16.0,1.9172698160012562,1.4907100144188985,0.30870059047426485,0.0946233964835604,0.05478499720328088,-0.005632067312087331,3.6459926664829254,2.9363409713187663,0.6286599244390212,3.4993207852045694,0.06139781165777726,-0.027069643565586696,3235.6666666666665,508.6618610520046,272.74285714285713,16.0,0.0,0.0
18.87163638717988,1.0,1500.0,0.0,102.0,1920.0,0.7894113092726633,1515.0,405.0,9.182838857135753,4.153749673112376,14919.785238814005,211.20000000000002,0.04423221915054033,37.01395348837211,9.45271317829457,10.269312971142599,129.0,33.88148148148148,8.844444444444443,11.532205313326838,27.0,37.01395348837211,9.45271317829457,10.269312971142599,129.0,0.3759651549681258,-0.02909700814683574,-0.019063587956582747,-0.003113416436093128,-0.0573498131647116,-0.14047139982753665,-0.054337435911899934,6.502001560924167,102.0,297000.0,197.0,3278.3532090187073,90.59426518867974,1.8965849876403809,0.11335335671901703,3.567164182662964,3.504978895187378,2943.0,16.0,1.0633182866232735,0.4075233995495982,0.049400668059076516,0.22669681480952672,0.09813261939172073,-0.022767831704446247,1.6739451800073897,0.8390314374337701,0.14433827996253973,3.511126926967076,0.03823119098941546,0.006505497864314499,2988.1428571428573,622.2618715096514,-83.96428571428595,16.142857142857142,0.34992710611188255,0.035714285714284734
20.399688166457338,1.0,1500.0,0.0,77.0,1928.0,0.596250484376609,1149.0,779.0,9.127712477973917,4.680896824346604,15143.121445620849,229.60000000000002,0.04779748521941877,37.23720930232558,9.604651162790697,10.19226871496694,129.0,35.857692307692304,8.907692307692308,10.45321945849199,52.0,37.23720930232558,9.604651162790697,10.19226871496694,129.0,0.37278078478979143,-0.029516135722594417,-0.021866357632486316,-0.003279442226495847,-0.04076091067241918,-0.1465471598214961,-0.05081286975005717,6.663943110177009,77.0,298500.0,198.0,3294.877207994461,90.59518190108582,0.4870254397392273,0.014771866612136364,0.9452052116394043,3.4902777671813965,3094.0,16.0,0.8525863587856293,0.33994181575342464,-0.1805733919143676,0.14792831311933696,0.08865085658292547,-0.07768998956307763,1.4100196957588196,0.6016080461164661,-0.2057687997817992,3.51793372631073,0.016088797392370784,-0.00994553565979021,2762.75,299.76021667326035,254.09999999999988,16.25,0.4330127018922193,-0.3000000000000012
24.661068189747727,1.0,1500.0,0.0,79.0,1811.0,0.6475279742414716,1172.0,639.0,9.413703590803587,4.6441844036744815,14013.708755656338,215.60000000000002,0.048922169276151575,36.12295081967214,8.890163934426234,10.503975419482842,122.0,33.95348837209301,8.167441860465118,11.016948810137242,43.0,36.12295081967214,8.890163934426234,10.503975419482842,122.0,0.38539944743599486,-0.02795138108116911,-0.020859770235111944,-0.0033687767724632387,-0.037868205283939034,-0.1388931065897358,-0.05047637141187222,6.990273917691743,79.0,300000.0,199.0,3311.349818944931,90.59749540312434,0.9679529666900635,0.16537202894687653,1.6058605909347534,3.4936470985412598,3022.0,16.0,0.9144716143608094,0.18602070148474714,-0.034070599079132166,0.15026983469724656,0.031564499269611496,-0.009356112033128762,1.5291025161743164,0.3750911901050099,-0.04942865371704145,3.494883489608765,0.008574159588356712,0.0016397714614864343,2681.4,307.22343660599853,63.2999999999996,16.2,0.39999999999999997,-0.2000000000000019
31.77401758292142,1.0,1500.0,0.0,68.0,1890.0,0.5329699950806187,1007.0,883.0,9.750878784332798,3.4676047878974985,13808.139382204019,250.8,0.05666516041572526,34.85039370078741,8.839370078740156,11.029180432366472,127.0,35.58305084745762,9.281355932203388,10.746622454369293,59.0,34.85039370078741,8.839370078740156,11.029180432366472,127.0,0.42854841619944783,-0.026962435304078172,-0.01643464210270225,-0.004523314369490541,-0.03239941832283155,-0.13858458555501696,-0.056729978531464144,8.57830626059144,68.0,301500.0,200.0,3325.8369410037994,90.6538730996841,0.6159582138061523,0.32421955466270447,0.5841711163520813,3.468881607055664,2578.0,16.0,0.5549413412809372,0.22813188077118976,-0.09853872060775767,0.2029052944853902,0.11095518734705713,0.005714564397931102,0.7047686725854874,0.35449467346429475,-0.20850728154182438,3.482815384864807,0.008908076584752792,-0.0035286903381345734,2531.25,205.3087613814861,-81.69999999999986,16.0,0.0,-1.89900533991096e-15
32.6828826777637,1.0,1500.0,0.0,56.0,1856.0,0.44929031717696805,833.0,1023.0,9.634869768153633,2.9091306115801148,13091.993477255157,285.8,0.06481019547371764,35.27839999999999,9.388799999999994,10.854439575177885,125.0,35.79710144927536,9.765217391304345,10.652128684973196,69.0,35.27839999999999,9.388799999999994,10.854439575177885,125.0,0.4225307424266393,-0.024227880014952154,-0.013382335969199716,-0.0052310164109013214,-0.02472406181015362,-0.14470779598001626,-0.051751784816232736,8.321097062067889,56.0,303000.0,201.0,3339.4587564468384,90.73326610638844,0.7222776412963867,0.23068535327911377,0.983887255191803,3.513096809387207,2304.0,16.0,0.5100330039858818,0.1882547444071555,0.019988802075385944,0.14222475630231202,0.08609541216824444,0.020415262412279835,0.7363173738121986,0.23107011717224737,-0.0008546203374863063,3.5043144822120667,0.02820146432981182,-0.008508229255675919,2411.0,79.40088160719628,-63.39999999999997,16.0,0.0,-1.89900533991096e-15
34.15238981143288,1.0,1500.0,0.0,46.0,1895.0,0.3598772258145745,681.0,1214.0,9.701241397815648,2.223305108839615,12506.154268485916,293.0,0.06584861560589717,35.036220472440945,9.363779527559057,10.975117972803359,127.0,35.46419753086418,9.503703703703707,10.747068457982465,81.0,35.036220472440945,9.363779527559057,10.975117972803359,127.0,0.4275773793121156,-0.02283645742254984,-0.011224943797358266,-0.007198478000508743,-0.01974567795399292,-0.14944992141734534,-0.05141782181885404,8.9401540923151,46.0,304500.0,202.0,3351.7684519290924,90.8475643133244,0.5162521600723267,0.261979341506958,0.5092354416847229,3.449129104614258,2256.0,16.0,0.4442511002222697,0.06722173394056823,0.08088028430938715,0.22333582739035288,0.06370057954804961,0.06421988457441326,0.4425244132677714,0.05450132489884965,0.03331635892391195,3.469376722971598,0.0182807009358579,-0.02214634418487611,2460.6666666666665,162.68032729524762,-108.00000000000047,16.0,0.0,7.944109290391273e-16
32.84254864026915,1.0,1500.0,0.0,106.0,2023.0,0.7807775971727892,1579.0,444.0,9.7623118093832,3.479447735089845,14618.445323681626,251.0,0.05301398217378448,34.81323529411765,8.695588235294117,11.044813491652079,136.0,34.42,8.479999999999997,11.074814525781068,30.0,34.81323529411765,8.695588235294117,11.044813491652079,136.0,0.4187842536129325,-0.025225407108413374,-0.014851582750410878,-0.004372434762895203,-0.022410328238232458,-0.14055173253760428,-0.052587796136338565,8.244359917799933,106.0,306000.0,203.0,3370.7711503505707,90.78041384333524,0.669204592704773,0.23756743967533112,0.8639787435531616,3.5222363471984863,2536.0,16.0,0.8819797337055206,0.7536229479558719,0.08232467344829009,0.12849531695246696,0.20627987760845107,0.07963010988065172,1.5076578135291736,1.1880318702712418,0.005392070753233728,3.445052663485209,0.04340057334437883,0.014754778998238533,2489.6666666666665,257.85956556923685,88.11428571428569,16.166666666666668,0.3726779962499649,0.08571428571428473
38.76734435383011,1.0,1500.0,0.0,34.0,1962.0,0.2552542646595617,500.0,1462.0,9.856485813028428,2.079601636196067,12554.707773023792,277.8,0.06105226143905763,34.47121212121212,8.925757575757574,11.149595133958115,132.0,34.726530612244886,9.069387755102042,11.053516291872553,98.0,34.47121212121212,8.925757575757574,11.149595133958115,132.0,0.4366346422602367,-0.02251709732482496,-0.010739326948705986,-0.004102521407769438,-0.00873422712933761,-0.14146293375394323,-0.04925722311326711,8.958705668368163,34.0,307500.0,204.0,3382.1193795204163,90.91932173121678,0.4981626868247986,0.28640925884246826,0.4241979718208313,3.455554962158203,2453.0,16.0,0.44657259186108905,0.03683850714031192,0.03555171191692347,0.20482829213142395,0.06346842083887824,0.04497793316841122,0.4841828942298889,0.06016987684708191,-0.018854528665542655,3.471511443456014,0.011556000358577463,-0.010438084602356082,2503.3333333333335,167.5317548672158,-137.99999999999986,16.0,0.0,7.944109290391273e-16
35.464084366582476,1.0,1500.0,0.0,53.0,1961.0,0.3995934136046297,783.0,1178.0,9.996934587561192,2.4173796984025686,13131.675618243034,286.6,0.06386771850069083,33.99545454545454,8.598484848484848,11.229775702055733,132.0,33.94683544303799,8.374683544303798,11.183009503964165,79.0,33.99545454545454,8.598484848484848,11.229775702055733,132.0,0.4300261386074607,-0.024186599392194908,-0.01258913054028315,-0.006479709778169883,-0.010023687819473845,-0.14755018077546442,-0.051751715656448795,8.609607269545885,53.0,309000.0,205.0,3394.934987306595,91.0179432464326,0.736345112323761,0.3820517361164093,0.7092757225036621,3.4449715614318848,2355.0,16.0,0.5740818381309509,0.160700266923139,0.19059926271438601,0.29468487203121185,0.0761073173985013,0.0927453562617302,0.5594852169354757,0.17248347004241238,0.1957064270973206,3.4565712610880532,0.008672245601192617,-0.006975173950195364,2370.3333333333335,12.256517540566822,-8.00000000000014,16.0,0.0,7.944109290391273e-16
37.05967751096507,1.0,1500.0,0.0,61.0,1832.0,0.4953412896556224,907.0,925.0,10.208443709787492,2.4801424782039887,12098.71204010689,258.2,0.06308023062640476,33.278048780487815,8.386991869918697,11.587547663625845,123.0,32.91612903225806,8.154838709677419,11.657858338888712,62.0,33.278048780487815,8.386991869918697,11.587547663625845,123.0,0.43604024453443685,-0.024489448664311363,-0.012329317392470191,-0.005375753996373989,-0.00916575192096592,-0.14412733260153676,-0.05270817118760904,9.006184066356862,61.0,310500.0,206.0,3408.312602996826,91.10079859663892,0.40788254141807556,0.17817151546478271,0.46012020111083984,3.490715742111206,2501.0,16.0,0.47707173973321915,0.19013428459068293,-0.11159016191959388,0.1491431314498186,0.04260941657414686,0.021340041607618324,0.6565538123250008,0.3822164584780723,-0.2658615559339523,3.48306006193161,0.02432833796198589,-0.005784916877746388,2448.75,259.1875527489698,166.50000000000009,16.25,0.4330127018922193,0.10000000000000198
36.59119386387908,1.0,1500.0,0.0,92.0,2068.0,0.6637400408887386,1372.0,696.0,9.78363184647518,2.476891820853215,13388.181368659418,271.40000000000003,0.056262697458435255,34.70359712230217,8.807194244604316,11.008241184623465,139.0,34.84680851063829,8.80851063829787,10.980526496671821,47.0,34.70359712230217,8.807194244604316,11.008241184623465,139.0,0.42100904272497436,-0.022566274407586007,-0.011534137810017574,-0.004204416860196169,-0.007492592069987177,-0.14290249753069,-0.047224229204992675,8.076049437184974,92.0,312000.0,207.0,3425.5616624355316,91.0799543973679,0.3399726152420044,0.07816273719072342,0.5243010520935059,3.406337261199951,2576.0,16.0,0.5430146396160126,0.21049466007683346,0.007716557383537174,0.15931557342410088,0.10075951128905515,-0.013856589794158956,0.7680869102478027,0.5059712190711432,0.0431443214416503,3.4437002182006835,0.0228166264887545,-0.00989618301391685,2448.2,312.99674119709294,125.29999999999959,16.2,0.39999999999999997,0.0999999999999977
34.21389524065531,1.0,1500.0,0.0,78.0,2011.0,0.5754500070454227,1157.0,854.0,9.732254762111241,2.3866034370703515,13288.68578285607,339.20000000000005,0.07195587611370387,34.91851851851852,9.463703703703702,10.982164888900234,135.0,34.512280701754385,8.978947368421052,11.135500092503323,57.0,34.91851851851852,9.463703703703702,10.982164888900234,135.0,0.41245534917337284,-0.02362431190628817,-0.010967009301364654,-0.005625637838046187,-0.001870609377552692,-0.15630615912432608,-0.04641611058756917,7.9021472230956515,78.0,313500.0,208.0,3441.722719669342,91.0881048634037,0.49861061573028564,0.25152644515037537,0.4948546588420868,3.431461811065674,2548.0,16.0,0.4126500725746155,0.06661907134058714,0.04150152802467342,0.21633050143718718,0.04328312624624764,0.020943395793437923,0.39332794547080996,0.10106354582556491,0.04111405313014978,3.443986749649048,0.02046996933527318,-0.011094594001770383,2597.0,127.29964650382969,-61.500000000000014,16.4,0.4898979485566356,-0.10000000000000095
36.40395876392722,1.0,1500.0,0.0,84.0,1881.0,0.6653655735010993,1251.0,630.0,10.031665052072603,2.8426052505050894,12513.20205135685,264.40000000000003,0.06144835920795761,33.88031496062994,8.749606299212598,11.341103076929201,127.0,32.920930232558135,8.36744186046512,11.75070612187127,43.0,33.88031496062994,8.749606299212598,11.341103076929201,127.0,0.425454426523513,-0.024403156620364314,-0.014061879728690194,-0.004086328356129211,-0.0017617711256626171,-0.1463595260367945,-0.0506204035923738,8.279888125139788,84.0,315000.0,209.0,3457.8510966300964,91.09704009724081,0.22909334301948547,0.08438371121883392,0.29010623693466187,3.4348649978637695,2784.0,16.0,0.2941303163766861,0.1065226588945486,-0.003566980361938514,0.10055893287062645,0.09544370289659161,-0.008642201498150853,0.3878307580947876,0.10429589601108957,0.010149821639060943,3.439888525009155,0.0063715354379195,-0.0030652999877936113,2437.2,237.89358965722468,30.099999999999703,16.0,0.0,-1.297267614824132e-15
38.60406499231855,1.0,1500.0,0.0,48.0,1847.0,0.3898578115661391,720.0,1127.0,10.132358489731962,2.3585787269483713,12143.391835247514,278.40000000000003,0.06692307692307692,33.5483870967742,8.659677419354837,11.480723408738447,124.0,33.92894736842106,8.868421052631579,11.343922077537103,76.0,33.5483870967742,8.659677419354837,11.480723408738447,124.0,0.4472418579507041,-0.02606575850841311,-0.013213013287788206,-0.0061606185431065585,-0.0017115960633290505,-0.14256168877478248,-0.05602314724201351,9.171589463611747,48.0,316500.0,210.0,3470.0157446861267,91.2099607861083,0.18905916810035706,0.05501917377114296,0.2687720060348511,3.4600069522857666,2594.0,16.0,0.2259359061717987,0.1894278254516673,0.08723852038383481,-0.017906098316113155,0.1285348710148204,0.12679327465593815,0.48837225635846454,0.20892435412877994,-0.07910539209842689,3.4411983489990234,0.016937788470186007,0.020529270172119113,2430.3333333333335,211.28548354194984,14.49999999999982,16.0,0.0,7.944109290391273e-16
35.50210943347529,1.0,1500.0,0.0,38.0,1801.0,0.31549059267080987,568.0,1233.0,10.12249718817373,2.4126546555425286,11732.634245758069,251.8,0.0619891678975874,33.5702479338843,8.398347107438017,11.49723568706444,121.0,33.38795180722892,8.134939759036149,11.539905650090189,83.0,33.5702479338843,8.398347107438017,11.49723568706444,121.0,0.43193669166345805,-0.02697689265717165,-0.015662382491640377,-0.004872784333276265,-0.002061135371179035,-0.14820960698689956,-0.057020741595312605,8.81560248577554,38.0,318000.0,211.0,3481.362371444702,91.34355061924673,0.5117976069450378,0.14763149619102478,0.7290272116661072,3.475080966949463,2293.0,16.0,0.3776659568150838,0.09493097403694628,0.09813094139099118,0.14973912636439005,0.0033020595572014607,0.00022370368242264672,0.4565459092458089,0.19317782493217234,0.19581751525402075,3.461163600285848,0.012713639038031733,0.015367150306701499,2356.3333333333335,90.27488884266519,0.49999999999967826,16.0,0.0,7.944109290391273e-16
38.516260197583364,1.0,1500.0,0.0,85.0,1852.0,0.6849800219029112,1268.0,584.0,10.135595965106585,2.5512108112069343,12040.81230472435,246.8,0.05936688155489272,33.525806451612894,8.554838709677421,11.494058394354157,124.0,33.15384615384615,8.620512820512822,11.684429722130654,39.0,33.525806451612894,8.554838709677421,11.494058394354157,124.0,0.4354567819136081,-0.022694467205541285,-0.011988470050383003,-0.005382587949963985,-0.0049850605441107585,-0.14239660323950307,-0.04895095161710401,8.732403783369486,85.0,319500.0,212.0,3497.198807001114,91.35883249198942,0.48817145824432373,0.27537158131599426,0.4262898862361908,3.450685501098633,2105.0,16.0,0.397051477432251,0.0867396637970678,0.008264940977096524,0.17903648912906647,0.049000489485239274,0.020666101574897743,0.43671920895576477,0.1430994058534054,-0.02480111420154574,3.446255683898926,0.010073085623031195,0.006012368202208978,2323.6,248.63917631781197,-19.300000000000285,16.0,0.0,-1.297267614824132e-15
38.45818972874146,1.0,1500.0,0.0,52.0,1800.0,0.4290455112550855,772.0,1028.0,10.108878893058408,1.9432193075959623,11196.655528368621,267.6,0.06578817976202184,33.616528925619825,8.657851239669421,11.457292738864641,121.0,33.60289855072463,8.594202898550721,11.47411645679943,69.0,33.616528925619825,8.657851239669421,11.457292738864641,121.0,0.4373569355636186,-0.02267960945523018,-0.01193222672562368,-0.006356354340640397,-0.00219439783141861,-0.14618562024009293,-0.049184208901445425,8.837160273893563,52.0,321000.0,213.0,3509.5614337921143,91.4644197161571,0.29538866877555847,0.18011602759361267,0.23123480379581451,3.4474644660949707,2458.0,16.0,0.32166220744450885,0.02361364140926972,-0.010779321193695098,0.18685685594876608,0.021810831088080157,0.007977887988090486,0.2702995091676712,0.030708402165443308,-0.03751391917467119,3.444025913874308,0.0024504963454030065,0.002392053604125693,2567.6666666666665,93.73840669058168,-49.99999999999976,16.0,0.0,7.944109290391273e-16
40.681023542697616,1.0,1500.0,0.0,13.0,2060.0,0.09135061625512164,188.0,1872.0,10.071833667923663,1.9275557654797797,13028.484998078038,284.6,0.061172728054337544,33.71304347826088,8.48550724637681,11.409387559144237,138.0,33.924800000000005,8.631999999999998,11.333302654432615,125.0,33.71304347826088,8.48550724637681,11.409387559144237,138.0,0.4690656806285978,-0.027778981949023875,-0.017378827886383612,-0.006952276823729854,-0.009135938359933938,-0.12658227848101267,-0.061158981836893854,9.920836368717689,13.0,322500.0,214.0,3518.3563144207,91.66212037085842,0.47574639320373535,0.18284930288791656,0.5864856243133545,3.4573824405670166,2244.0,16.0,0.47574639320373535,0.0,0.0,0.18284930288791656,0.0,0.0,0.5864856243133545,0.0,0.0,3.4573824405670166,0.0,0.0,2244.0,0.0,0.0,16.0,0.0,0.0
38.365085969067586,1.0,1500.0,0.0,99.0,2094.0,0.7070950623370151,1480.0,614.0,9.911541778079537,1.9385422715366163,12981.782470757242,305.8,0.06375349205687363,34.26142857142857,8.932857142857145,11.189613383082055,140.0,33.96097560975609,8.931707317073172,11.325287423872668,41.0,34.26142857142857,8.932857142857145,11.189613383082055,140.0,0.42486203142471063,-0.020373581711879345,-0.009028513011352995,-0.005120579465591924,-0.003131193024177593,-0.14572598758092217,-0.044806269790216936,8.291551019533463,99.0,324000.0,215.0,3536.4476342201233,91.61736112386978,0.5732255578041077,0.5118781924247742,0.12337851524353027,3.418938636779785,2306.0,16.0,0.3619449206938346,0.20037141120567603,-0.0028008432260581383,0.22214380403359732,0.17270319436755752,0.019990607670375256,0.28028691932559013,0.1520957779253041,-0.04558336202587398,3.4233646392822266,0.005618168017137626,-0.00226636614118322,2374.6666666666665,319.4503960798226,56.857142857142605,16.0,0.0,0.0
36.87212248977862,1.0,1500.0,0.0,95.0,2022.0,0.7025596088242906,1420.0,602.0,9.653780601482234,2.4606719428852255,13025.03667701305,273.2,0.057080773891605034,35.19264705882353,9.347058823529409,10.988071781722919,136.0,35.248780487804865,9.502439024390247,10.893553485384304,41.0,35.19264705882353,9.347058823529409,10.988071781722919,136.0,0.41226799484782867,-0.021240306505466235,-0.011346361852756871,-0.003930041453631868,-0.0015818754608217752,-0.14742945237616462,-0.04504459633507002,8.338300381900194,95.0,325500.0,216.0,3554.529699087143,91.57329592255013,0.5849722623825073,0.279465913772583,0.6116994619369507,3.4334449768066406,2366.0,16.0,0.4406932145357132,0.14943668897983878,0.08196622218404495,0.20730691403150558,0.045129461309812526,0.022527279598372318,0.4674580320715904,0.22835285722655477,0.11887806185654227,3.427093784014384,0.005018953850993056,0.0008206299373082218,2523.1666666666665,189.9959794896256,0.257142857142995,16.0,0.0,0.0
38.79606592120268,1.0,1500.0,0.0,78.0,1975.0,0.5883328648775416,1161.0,814.0,10.15617437216123,2.315912914309164,12815.773851661346,270.0,0.060674157303370786,33.458646616541365,8.581954887218046,11.5364408446659,133.0,33.34909090909091,8.825454545454548,11.635673005724609,55.0,33.458646616541365,8.581954887218046,11.5364408446659,133.0,0.4368337952766029,-0.022948586270157632,-0.011319965976955232,-0.005030221839077387,-0.00586921027756298,-0.14075792730085074,-0.050068888166656195,8.832432041072478,78.0,327000.0,217.0,3570.2195258140564,91.591006557346,1.203350305557251,0.2192324846982956,1.9689230918884277,3.4372456073760986,2275.0,16.0,0.5848993360996246,0.3149541624016424,0.1393161177635192,0.23717146515846252,0.09163664050359649,-0.022342526912689238,0.6961432874202729,0.6408530009679938,0.32331861853599536,3.4376696586608886,0.016696306582065015,0.006709170341491144,2382.6,114.42132668344657,-63.10000000000023,16.2,0.39999999999999997,0.0999999999999977
42.84741764802199,1.0,1500.0,0.0,39.0,1844.0,0.3141232477524769,579.0,1265.0,10.320295356033316,2.005124937622554,11640.375669954321,251.8,0.06166429935837782,32.93064516129032,8.096774193548391,11.712286959936593,124.0,33.05882352941176,8.218823529411763,11.644529109320546,85.0,32.93064516129032,8.096774193548391,11.712286959936593,124.0,0.4524569359726933,-0.0209086867618746,-0.008544801088397778,-0.003682192639456339,-0.00643274853801174,-0.13494595073542442,-0.047734644633286576,9.538103921870078,39.0,328500.0,218.0,3581.1819648742676,91.72949133053433,0.7853572964668274,0.30517464876174927,0.9610493779182434,3.420492172241211,2314.0,16.0,0.601573258638382,0.18378403782844543,0.36756807565689065,0.23162834346294403,0.07354630529880524,0.14709261059761045,0.7405746281147003,0.2204747498035431,0.44094949960708607,3.424006462097168,0.0035142898559570312,-0.007028579711914507,2538.0,224.0,-448.00000000000114,16.0,0.0,-1.7763568394002505e-15
37.60296444235177,1.0,1500.0,0.0,29.0,2037.0,0.21247715959475977,432.0,1605.0,9.860293518645284,2.3294810113192947,13300.960473009258,312.40000000000003,0.0666382252559727,34.470588235294116,9.013235294117647,11.08182289746816,136.0,34.61308411214955,9.074766355140184,11.03006285383539,107.0,34.470588235294116,9.013235294117647,11.08182289746816,136.0,0.4326088009918844,-0.022920299751431283,-0.009831485388180107,-0.007584432995291227,-0.003618873110398525,-0.14544205222171325,-0.05032297352709884,8.563240230190306,29.0,330000.0,219.0,3591.920433998108,91.87285911917664,0.4415062665939331,0.23152875900268555,0.4206397235393524,3.42337703704834,2391.0,16.0,0.435699462890625,0.0058068037033081055,0.0116136074066161,0.23340249806642532,0.0018737390637397766,-0.003747478127479581,0.4052794426679611,0.015360280871391296,0.030720561742782482,3.427411675453186,0.004034638404846191,-0.008069276809692827,2388.5,2.5,4.999999999999545,16.0,0.0,-1.7763568394002505e-15
41.73535770338935,1.0,1500.0,0.0,37.0,1907.0,0.2863279375105716,546.0,1361.0,10.034099344975717,1.9752841122399036,12030.859066843055,295.2,0.06807804068078041,33.876562499999984,8.725000000000001,11.30686081602507,128.0,34.2065934065934,8.949450549450553,11.174632233116135,91.0,33.876562499999984,8.725000000000001,11.30686081602507,128.0,0.4483439044570834,-0.01936829060862819,-0.007602593654539958,-0.006184395039279838,-0.008473947709994508,-0.13869831262748006,-0.04423694226738839,9.117994472567363,37.0,331500.0,220.0,3603.330591440201,91.99821986566714,0.5352030992507935,0.33106815814971924,0.4089590907096863,3.445819139480591,2402.0,16.0,0.5531815787156423,0.057126101426195466,-0.047589093446731526,0.25499139726161957,0.07194426446571227,0.08631167560815811,0.5970686475435892,0.2459913372002587,-0.26779907941818254,3.4412900606791177,0.014782872056436675,0.012234449386595965,2364.3333333333335,45.71165667043315,50.99999999999952,16.0,0.0,7.944109290391273e-16
33.75274687192657,1.0,1500.0,0.0,88.0,1922.0,0.6832782608482394,1313.0,609.0,9.730404131774268,2.553940531383958,13034.960339346551,254.8,0.05657947328684994,34.910077519379854,9.364341085271317,11.024436763934553,129.0,33.6780487804878,8.73170731707317,11.503122096296787,41.0,34.910077519379854,9.364341085271317,11.024436763934553,129.0,0.4085132550445315,-0.021572153305533765,-0.010617356113771428,-0.0048613931009523804,-0.01035101572033566,-0.15174790036609,-0.04578618364420087,7.857351913563153,88.0,333000.0,221.0,3620.16805768013,91.98467990831135,0.5844117999076843,0.18222394585609436,0.8050665259361267,3.45391583442688,2282.0,16.0,0.5008764505386353,0.06576996514688349,0.01165751814842219,0.17539938986301423,0.0318754950865007,0.00967987030744551,0.6516447246074677,0.15985645235577736,0.003955638408660782,3.4530178546905517,0.01372458717059862,0.0016863822937008015,2458.8,362.493806843648,5.399999999999752,16.0,0.0,-1.297267614824132e-15
36.269048346413506,1.0,1500.0,0.0,54.0,1902.0,0.4188333738759444,796.0,1106.0,10.108155944946207,2.461674451235459,12277.515734902605,262.40000000000003,0.0609750429892643,33.6203125,8.170312499999998,11.401147439633064,128.0,32.891891891891895,7.516216216216214,11.64233068517142,74.0,33.6203125,8.170312499999998,11.401147439633064,128.0,0.4229355801085887,-0.023092661681773825,-0.01178108174740498,-0.005458251433931173,-0.005607138550584877,-0.14681056312552757,-0.047643425224877835,8.235259067826721,54.0,334500.0,222.0,3633.2361195087433,92.06668352874031,0.6526476144790649,0.2745019197463989,0.7569757103919983,3.4220259189605713,2590.0,16.0,0.26226194202899933,0.28287630407702014,0.330630287528038,0.006233980258305867,0.19507136364051628,0.22905544191598895,0.5127398868401846,0.17575371159801206,0.2031499594449997,3.4199676513671875,0.0014554149760329011,0.0015437602996826883,2572.3333333333335,12.552113589175153,12.50000000000009,16.0,0.0,7.944109290391273e-16
42.993656421962534,1.0,1500.0,0.0,38.0,2049.0,0.27793572774590475,569.0,1480.0,10.107258232570324,2.7492534934528026,13399.0936497978,253.20000000000002,0.05500760373669346,33.598540145985396,8.106569343065695,11.379283325736296,137.0,33.979797979797986,8.523232323232323,11.240123908006487,99.0,33.598540145985396,8.106569343065695,11.379283325736296,137.0,0.4529117261986355,-0.023378464621755343,-0.013482651302783106,-0.005719190594576354,-0.0047211082756106635,-0.12121764491432738,-0.05072119290983521,9.258875129872123,38.0,336000.0,223.0,3644.905804872513,92.18345218985768,0.4304344058036804,0.21538934111595154,0.43077701330184937,3.434223175048828,2296.0,16.0,0.4978351593017578,0.1236169113506842,0.019296705722808727,0.19762414197127023,0.012561892890921633,0.013322897255420664,0.6011096934477488,0.25796498568798554,0.011945679783821059,3.4382945696512857,0.011485887026125486,-0.009862661361694537,2398.3333333333335,84.52350100547315,-103.4999999999999,16.333333333333332,0.4714045207910317,-7.944109290391273e-16
38.03907961483861,1.0,1500.0,0.0,61.0,2059.0,0.4393918526139899,904.0,1155.0,10.128700091079695,2.356672961280858,13375.494314297595,278.6,0.06019098647539213,33.54057971014493,8.349275362318842,11.44363023331464,138.0,33.42597402597403,8.32987012987013,11.469979297584702,77.0,33.54057971014493,8.349275362318842,11.44363023331464,138.0,0.4368498791805957,-0.024149490270637418,-0.012776259772962918,-0.004457272692194227,-0.008514612173148745,-0.1395847066578774,-0.05147411673077893,8.809212354762662,61.0,337500.0,224.0,3658.505705833435,92.25077863398192,0.48743224143981934,0.26561567187309265,0.44432124495506287,3.440633535385132,2464.0,16.0,0.47989076375961304,0.04460055206753411,-0.021460115909576385,0.2623324046532313,0.0239489673960095,-0.012134164571762104,0.4358050723870595,0.04132848995635133,-0.018651202321052624,3.441755215326945,0.007388103360983786,0.0036568641662593424,2422.3333333333335,58.2198896903417,61.99999999999966,16.333333333333332,0.4714045207910317,-0.5000000000000016
35.91463231913587,1.0,1500.0,0.0,94.0,2068.0,0.6813399856570067,1409.0,659.0,9.900717797809104,2.308203117030258,13558.25686476735,278.0,0.05870428245628854,34.31594202898552,9.007246376811594,11.180253301060304,138.0,34.32727272727272,9.209090909090905,11.213947678780993,44.0,34.31594202898552,9.007246376811594,11.180253301060304,138.0,0.4262901018734014,-0.022664109859605545,-0.010802022972434024,-0.0044547052730097595,-0.014740368509212192,-0.14520519262981574,-0.04775118910118245,8.375527866758713,94.0,339000.0,225.0,3676.152300596237,92.21598352848912,0.531957745552063,0.23846647143363953,0.5876692533493042,3.4338126182556152,2552.0,16.0,0.5278028498093287,0.19509204059418284,-0.06576357143265861,0.2201076994339625,0.09189292251795017,-0.003194143090929316,0.6160766383012136,0.29476344061985854,-0.12513997895377027,3.4317630529403687,0.02935598954387674,-0.005624764306204563,2467.6666666666665,307.26951615081435,47.142857142857096,16.333333333333332,0.4714045207910317,-0.057142857142857446
36.065924606626,1.0,1500.0,0.0,63.0,1922.0,0.49117888368867146,944.0,978.0,9.881367394902338,2.8474628574727245,12965.932456891656,280.40000000000003,0.0631987017670393,34.3937984496124,9.217054263565888,11.168313383215335,129.0,34.96969696969696,9.739393939393942,11.028760395240937,66.0,34.3937984496124,9.217054263565888,11.168313383215335,129.0,0.4364481474420125,-0.025683100856857242,-0.01569313448312364,-0.004742138945953084,-0.008946808510638244,-0.14398936170212767,-0.053443622762535795,8.619419551816145,63.0,340500.0,226.0,3690.0493564605713,92.27518851579846,0.2618202567100525,0.05888337641954422,0.40654420852661133,3.3521370887756348,2350.0,16.0,0.35295549035072327,0.057261672671290266,-0.03949075937271116,0.1752979662269354,0.07146651087906061,-0.06030497476458549,0.35599803924560547,0.06441155623351082,0.04162338376045226,3.4148994088172913,0.0391946887558626,-0.02523272037506104,2418.5,60.10199663904686,-52.999999999999574,16.0,0.0,-1.89900533991096e-15
36.8211112374165,1.0,1500.0,0.0,61.0,1998.0,0.45601096845186784,911.0,1087.0,10.0367642388258,2.251289304256778,12660.93706302296,284.2,0.06264603447515761,33.855223880597,8.719402985074625,11.365273307483335,134.0,33.753424657534225,8.715068493150682,11.446484931486353,73.0,33.855223880597,8.719402985074625,11.365273307483335,134.0,0.433816744515713,-0.023774671394258592,-0.014323896098980167,-0.00592069074325053,-0.007000873743993079,-0.1441131498470948,-0.050438944650142,8.565917727259805,61.0,342000.0,227.0,3703.973559856415,92.333272490546,0.367756724357605,0.19477953016757965,0.3466437757015228,3.447143316268921,2462.0,16.0,0.4415905922651291,0.1332511594120015,0.0052034199237824316,0.21441730856895447,0.07338436522360237,0.007934680581092852,0.45503372699022293,0.1262363896241597,-0.005461004376411393,3.435765266418457,0.008735982109487766,0.00770440101623556,2412.0,67.26440366196671,51.39999999999983,16.0,0.0,-1.89900533991096e-15
34.48213596447654,1.0,1500.0,0.0,115.0,1961.0,0.8748492220673069,1715.0,246.0,9.721649519775923,3.0838314847985067,13620.597759939861,238.0,0.05159108644758519,34.94848484848485,9.271212121212121,10.985094567161093,132.0,35.60000000000001,10.75294117647059,10.887870936665525,17.0,34.94848484848485,9.271212121212121,10.985094567161093,132.0,0.41792374999069337,-0.023685479141961303,-0.01355970555750658,-0.0041035249572427684,-0.011926245586504075,-0.1452670515047918,-0.049449348047096345,8.116016868317805,115.0,343500.0,228.0,3723.7388565540314,92.24599608949936,0.44337478280067444,0.11783578246831894,0.651762843132019,3.4242103099823,2089.0,16.0,0.4751419169562204,0.21340788759993523,-0.014676631561347419,0.1747826784849167,0.06120814710137445,-0.016467410804969933,0.6014045434338706,0.36218763137901194,0.003581652683871179,3.430327926363264,0.008385117306238648,0.0004886133330208321,2409.0,301.3896386502268,31.035714285714295,16.0,0.0,-3.724255878701109e-16
36.802522496265524,1.0,1500.0,0.0,68.0,1979.0,0.5144394599349772,1018.0,961.0,10.027091517614164,3.0211279914748626,13461.896331795884,292.2,0.06480947522512531,33.89924812030075,8.714285714285715,11.351338337473493,133.0,34.13846153846154,8.944615384615386,11.25342954953065,65.0,33.89924812030075,8.714285714285715,11.351338337473493,133.0,0.43548612163200295,-0.02656500020989496,-0.016380615669274082,-0.005264191988002243,-0.003468946540880526,-0.14170597484276728,-0.055015576284918044,8.80567993591989,68.0,345000.0,229.0,3738.608153820038,92.28033155801194,0.32244500517845154,0.19489862024784088,0.2557777166366577,3.424697160720825,2397.0,16.0,0.2125002220273018,0.28920647148276696,0.18590879142284397,0.07025551795959473,0.21515945790428986,0.15357950925827032,0.28517507668584585,0.1605032860532783,0.06465863399207593,3.4282588958740234,0.004420270300594255,0.0004134654998776717,2535.25,168.15227473929693,-127.29999999999983,16.0,0.0,-1.89900533991096e-15
38.05164894862817,1.0,1500.0,0.0,104.0,1861.0,0.8334533196418985,1551.0,310.0,9.976947023309169,2.7153816240168296,12357.929278230858,264.40000000000003,0.062051161699131656,34.08800000000001,9.056,11.321571815792112,125.0,35.2095238095238,10.161904761904761,10.88345463624471,21.0,34.08800000000001,9.056,11.321571815792112,125.0,0.43285187644089407,-0.022413985019059387,-0.012559149790392353,-0.00533142487822018,-0.0030734824281150423,-0.14626198083067093,-0.04881059287106169,8.797997202500994,104.0,346500.0,230.0,3757.063707590103,92.22627747833847,0.6920467615127563,0.22781285643577576,0.9291516542434692,3.4193272590637207,2140.0,16.0,0.4251500793865749,0.11640156671979439,0.03747991153172085,0.19427466605390822,0.0433945435161779,0.0005984615002359683,0.4624366249356951,0.20936311256980086,0.07376292454344888,3.429034573691232,0.010160902555989778,0.00012812444141945033,2361.0,340.1516468534922,32.60714285714274,16.0,0.0,-3.724255878701109e-16
38.416817310897784,1.0,1500.0,0.0,87.0,1995.0,0.6511760202403357,1299.0,696.0,9.931519880738538,2.52308171339632,12929.586677768653,256.8,0.056030720893698725,34.20298507462687,8.801492537313436,11.251283476589363,134.0,34.225531914893615,8.940425531914894,11.148273672212902,47.0,34.20298507462687,8.801492537313436,11.251283476589363,134.0,0.42820836042304405,-0.02245202432171479,-0.012126760184184321,-0.0044111392215951135,-0.0007192610539067219,-0.14339794064203512,-0.04921606966688741,8.678296693885077,87.0,348000.0,231.0,3773.6778349876404,92.21772902114729,0.40275272727012634,0.2723481357097626,0.2614929676055908,3.418989419937134,2874.0,16.0,0.45034717917442324,0.09581034118953984,0.006367921829223556,0.20638659745454788,0.0702585150863891,0.019901075214147548,0.48860517144203186,0.15259838671971188,-0.0270664662122727,3.4199883937835693,0.001254647919442404,-0.0008024454116825151,2465.4,222.56828165756232,70.6999999999999,16.0,0.0,-1.297267614824132e-15
38.503329602309634,1.0,1500.0,0.0,70.0,1829.0,0.5710878899714594,1044.0,785.0,10.173958548034479,2.745454226131786,12393.923108857205,273.40000000000003,0.06651744440659822,33.41626016260162,8.671544715447153,11.556329019707931,123.0,33.42641509433962,8.73207547169811,11.559440276622869,53.0,33.41626016260162,8.671544715447153,11.556329019707931,123.0,0.4402717125302165,-0.024373352573251763,-0.012721998327382735,-0.004672172250602752,-0.00120563271604938,-0.14501350308641975,-0.053122762095433894,9.004548508628709,70.0,349500.0,232.0,3788.4916574954987,92.25307367604128,0.47741979360580444,0.2409503310918808,0.47362688183784485,3.4398484230041504,2262.0,16.0,0.39719040393829347,0.06880154186697794,0.0270952939987182,0.2048591762781143,0.08121828531745397,0.004545195400714846,0.3853477776050568,0.13387078660057455,0.045100873708724926,3.4266489028930662,0.007664652065278061,0.003398942947387367,2376.0,88.88869444423177,-49.70000000000033,16.0,0.0,-1.297267614824132e-15
35.812932596368306,1.0,1500.0,0.0,59.0,1936.0,0.45575227918491423,882.0,1054.0,9.978639914993273,2.231347363668466,12712.893923215594,288.8,0.06523310444524756,34.05538461538459,8.921538461538463,11.263107144760806,130.0,33.487323943661984,8.245070422535209,11.395541928858131,71.0,34.05538461538459,8.921538461538463,11.263107144760806,130.0,0.4198908322950748,-0.0214782252574078,-0.009541584381321572,-0.006318884683541608,-1.0970927043335162e-05,-0.15748765770707626,-0.047274966581938346,8.347653460746939,59.0,351000.0,233.0,3802.0999500751495,92.31740475235597,0.20709609985351562,0.10503014177083969,0.20481573045253754,3.4190337657928467,2700.0,17.0,0.2847364842891693,0.05723079782841817,-0.048330485820770264,0.1490419680873553,0.06948403134472535,0.005034741014242142,0.27207131187121075,0.10348962272382542,-0.10672815889120107,3.4113462766011557,0.010853717621078743,0.011518478393554578,2642.6666666666665,41.90730511763101,49.49999999999967,17.0,0.0,1.5888218580782547e-15
34.82301737368107,1.0,1500.0,0.0,16.0,2003.0,0.11310996580745318,226.0,1777.0,9.91956414104643,3.09595453003285,13855.34627906074,279.0,0.06032432432432432,34.25925925925926,8.62074074074074,11.194669799542046,135.0,34.233613445378154,8.59831932773109,11.212090662858701,119.0,34.25925925925926,8.62074074074074,11.194669799542046,135.0,0.42598304359889944,-0.027980712755123652,-0.01651602102501609,-0.004880414380777478,-0.0002050020500205002,-0.14411644116441163,-0.05764936664234234,8.202081440347142,16.0,352500.0,234.0,3811.4392738342285,92.4847478011613,0.7722536325454712,0.5277940630912781,0.4896029233932495,3.4189562797546387,2562.0,16.0,0.7722536325454712,0.0,0.0,0.5277940630912781,0.0,0.0,0.4896029233932495,0.0,0.0,3.4189562797546387,0.0,0.0,2562.0,0.0,0.0,16.0,0.0,0.0
32.9746387871829,1.0,1500.0,0.0,44.0,1961.0,0.3332872286798905,653.0,1308.0,9.770606732517862,2.7132485921671186,13510.538171737624,275.8,0.06006359161984407,34.78636363636364,9.071212121212122,10.99572317970159,132.0,34.150000000000006,8.593181818181819,11.142467661750342,88.0,34.78636363636364,9.071212121212122,10.99572317970159,132.0,0.4019499708704609,-0.02288346458253991,-0.011157301282240063,-0.00516570354591582,-0.0019100169779286882,-0.15577249575551783,-0.048668714711341085,7.8523528819322275,44.0,354000.0,235.0,3823.9909539222717,92.57344074961836,0.4249345660209656,0.2674758732318878,0.31560125946998596,3.4190733432769775,2627.0,16.0,0.4273526569207509,0.09048272330783082,-0.05721279978752147,0.16986591617266336,0.0777149244046786,0.05133490264415741,0.5156568586826324,0.17888749547063268,-0.2170947045087815,3.4167544841766357,0.0031907617497939984,0.003415346145629693,2500.0,171.8856208839665,184.99999999999952,16.0,0.0,7.944109290391273e-16
31.128191779641543,1.0,1500.0,0.0,17.0,2036.0,0.12552763700615133,255.0,1781.0,9.739649254725457,3.129886634010074,14240.155505912786,308.20000000000005,0.06499915640290198,34.864705882352936,9.111764705882354,10.987838524997928,136.0,34.96974789915965,9.216806722689077,10.939068277614629,119.0,34.864705882352936,9.111764705882354,10.987838524997928,136.0,0.42678998262147905,-0.03750796161247441,-0.025963008345324085,-0.00437629478770281,-3.8624951718810356e-05,-0.13750482811896486,-0.0736177052872405,8.621930136910665,17.0,355500.0,236.0,3833.408372402191,92.73731506388589,0.1865040510892868,0.10488805174827576,0.1639244556427002,3.462289571762085,2576.0,16.0,0.1865040510892868,0.0,0.0,0.10488805174827576,0.0,0.0,0.1639244556427002,0.0,0.0,3.462289571762085,0.0,0.0,2576.0,0.0,0.0,16.0,0.0,0.0
37.7603341502334,1.0,1500.0,0.0,109.0,1995.0,0.818433678628907,1632.0,363.0,10.028574757254365,2.4985651839977123,12970.31347317103,274.6,0.060479252929257335,33.88358208955224,8.758208955223886,11.359536250794058,134.0,31.959999999999994,7.127999999999999,11.807021858900173,25.0,33.88358208955224,8.758208955223886,11.359536250794058,134.0,0.4262782348618139,-0.021621578539561072,-0.010767717221887558,-0.004314895457432865,-0.0017030751639886942,-0.1494854666907384,-0.04724152327008005,8.620522043170315,109.0,357000.0,237.0,3852.4619479179382,92.66801459075813,0.24710017442703247,0.13070210814476013,0.23345054686069489,3.2719454765319824,2590.0,16.0,0.42540102771350313,0.10135280914813719,-0.028473966888019012,0.1976911723613739,0.05302743572635635,-0.01783338455217224,0.4560997933149338,0.1987048516916059,-0.02128469890781812,3.400334664753505,0.052872834210431235,-0.017657194818769456,2461.714285714286,355.3415718053001,75.67857142857146,16.285714285714285,0.6998542122237651,3.724255878701109e-16
38.99494372187434,1.0,1500.0,0.0,37.0,2049.0,0.2687539269274468,550.0,1499.0,10.125274309421872,2.4199721288369114,13160.067864576833,300.6,0.06536772061062063,33.566423357664235,8.281751824817517,11.401231361279885,137.0,33.39000000000001,8.100000000000001,11.443191345815867,100.0,33.566423357664235,8.281751824817517,11.401231361279885,137.0,0.43145155176722577,-0.021387637024463398,-0.01039180270525879,-0.004692169267877385,-0.0016308243727598537,-0.14480286738351256,-0.04705068983413757,8.607235023518506,37.0,358500.0,238.0,3863.668913125992,92.78745359936838,0.2773563861846924,0.16438384354114532,0.22662769258022308,3.4129538536071777,2469.0,16.0,0.2935496121644974,0.016193225979804993,-0.03238645195961001,0.1364353783428669,0.027948465198278427,0.055896930396556826,0.3149096742272377,0.08828198164701462,-0.17656396329402924,3.4060311317443848,0.006922721862792969,0.013845443725585493,2479.0,10.0,-20.0,16.0,0.0,-1.7763568394002505e-15
39.82617370287577,1.0,1500.0,0.0,9.0,2067.0,0.06325512981240763,130.0,1937.0,10.100393131104397,2.2167323198733464,13466.045532602366,268.0,0.057301689116955316,33.64748201438847,8.364028776978417,11.407167162810913,139.0,33.63846153846153,8.37846153846154,11.419341129487414,130.0,33.64748201438847,8.364028776978417,11.407167162810913,139.0,0.4355372255207856,-0.02358754915153769,-0.01315987832924858,-0.0034471209581131254,0.0,-0.13643122676579925,-0.04829153125148479,8.35019635405639,9.0,360000.0,239.0,3871.8073575496674,92.97983260919044,0.326947420835495,0.21499855816364288,0.2245815545320511,3.41919207572937,2515.0,16.0,0.326947420835495,0.0,0.0,0.21499855816364288,0.0,0.0,0.2245815545320511,0.0,0.0,3.41919207572937,0.0,0.0,2515.0,0.0,0.0,16.0,0.0,0.0
44.35703772927324,1.0,1500.0,0.0,48.0,1935.0,0.36960685712294816,715.0,1220.0,10.311039498780088,1.4954517888481011,11474.300575521018,263.2,0.0614350403809346,32.9553846153846,7.976923076923077,11.65390207271929,130.0,33.292682926829265,8.04390243902439,11.523801127534037,82.0,32.9553846153846,7.976923076923077,11.65390207271929,130.0,0.4583467448527038,-0.019493096090120385,-0.007183785905773646,-0.00497280919087244,-0.0004813302217036175,-0.13732497082847142,-0.04506121156439506,9.53005176994016,48.0,361500.0,240.0,3883.9002392292023,93.07654103694054,0.26682135462760925,0.035304613411426544,0.4637172818183899,3.419037342071533,2382.0,16.0,0.3563276727994283,0.08704039351738051,-0.030539065599441556,0.18921984980503717,0.11734599711108346,-0.08856776729226115,0.33489952981472015,0.09646346586895993,0.11605740338563916,3.419456958770752,0.0005959582263507716,1.7881393429027826e-06,2233.0,118.52707145064652,144.99999999999994,16.0,0.0,7.944109290391273e-16
34.8946008618954,1.0,1500.0,0.0,113.0,2022.0,0.8345109272970593,1687.0,335.0,9.637009691916612,2.6539396617299356,13630.215865264632,285.2,0.059453825307483846,35.272058823529406,9.714705882352945,10.940614464989705,136.0,34.89565217391304,9.878260869565217,11.104491485934105,23.0,35.272058823529406,9.714705882352945,10.940614464989705,136.0,0.41066043640713806,-0.02206786131077371,-0.011726979758294776,-0.004754051461857669,-0.0008589714799011881,-0.1535481697731866,-0.04760395327744444,8.08195293677746,113.0,363000.0,241.0,3904.0455074310303,92.98047353932203,0.5019190907478333,0.2797166407108307,0.445088654756546,3.4189751148223877,2671.0,16.0,0.4264234687600817,0.12165869175464536,-0.0017328219754355163,0.21861675381660461,0.06634819669088046,-0.0008924465094293938,0.4162970014980861,0.16321030922586463,-0.0016802240695272352,3.417795249394008,0.010481444817534831,0.002677415098462707,2550.0,443.4945643087732,132.7857142857141,16.142857142857142,0.34992710611188255,0.0714285714285717
36.55194592475891,1.0,1500.0,0.0,116.0,2071.0,0.8405994592433133,1740.0,331.0,9.825680546262904,2.6611983978512566,13592.003892696112,302.2,0.06281960670186672,34.60863309352518,9.025899280575537,11.066060640561236,139.0,34.52173913043478,9.017391304347823,11.04372241868559,23.0,34.60863309352518,9.025899280575537,11.066060640561236,139.0,0.42151789564821884,-0.022087126341200254,-0.012007093863262458,-0.005164257046926855,-0.004415962388761392,-0.14649913247887167,-0.04750129668846458,8.235365155364802,116.0,364500.0,242.0,3924.0404307842255,92.88895117911773,0.2783088684082031,0.12609995901584625,0.30510184168815613,3.419978618621826,2294.0,16.0,0.4262560031243733,0.30015928485868715,-0.05034018095050544,0.1445618293115071,0.06526790822959744,-0.019772745668888085,0.5640747036252703,0.5065182720062478,-0.06113502383232116,3.431802443095616,0.00824609186190771,-0.000796028545924534,2433.285714285714,431.56516286178424,82.46428571428564,16.0,0.0,-3.724255878701109e-16
36.252748634666204,1.0,1500.0,0.0,64.0,2095.0,0.4516803850441653,946.0,1149.0,9.656380764776129,1.975216131059549,12938.380324061232,302.8,0.06105823519922568,35.171631205673755,9.363120567375889,10.92273863098749,141.0,34.89090909090909,9.184415584415586,11.06219692652954,77.0,35.171631205673755,9.363120567375889,10.92273863098749,141.0,0.41114400778697674,-0.02063922082474679,-0.009791119533085061,-0.004209629671548567,0.0,-0.1520293738215739,-0.04384268461927324,7.811678886551068,64.0,366000.0,243.0,3938.9328145980835,92.91856886808705,0.25366389751434326,0.024497123435139656,0.4590173363685608,3.418950080871582,2481.0,16.0,0.3061884790658951,0.0649377090669627,-0.05346189141273495,0.138334680814296,0.06945088040308808,-0.05083245430141686,0.3363914005458355,0.12454314352027344,-0.0052588865160942255,3.418995976448059,6.512505065116021e-05,-2.417564392054633e-05,2552.75,264.7653442201226,118.09999999999984,16.25,0.4330127018922193,0.10000000000000198
35.44724475705262,1.0,1500.0,0.0,66.0,2097.0,0.47175423970508795,989.0,1108.0,9.685303565782117,2.0781609203722766,12999.6482113314,308.20000000000005,0.06275452028017592,35.08,9.288571428571432,10.886752857090935,140.0,34.88108108108109,8.96216216216216,10.93010459661196,74.0,35.08,9.288571428571432,10.886752857090935,140.0,0.41237652684734755,-0.02165906357447807,-0.011403822849278924,-0.004331215396440806,0.0,-0.15374963806582376,-0.045784999180478396,7.904599942245667,66.0,367500.0,244.0,3953.9284858703613,92.94553538671396,0.4378194212913513,0.08702312409877777,0.7022764086723328,3.41898775100708,2877.0,17.0,0.42982345446944237,0.16518570311964942,0.04651900976896291,0.13686190312728286,0.08242557719438368,0.019680034928023834,0.5866068974137306,0.2373757987329342,0.053677955269813594,3.418951630592346,2.086298801878394e-05,1.4352798462097136e-05,2595.75,177.56319297647246,75.90000000000049,16.5,0.5,9.4950266995548e-16
35.987787091213725,1.0,1500.0,0.0,46.0,2014.0,0.3367032673648207,678.0,1336.0,10.01079955212571,2.6869215015752372,13446.015870282265,302.40000000000003,0.06549423893268648,33.94999999999999,8.805882352941175,11.270772304507389,136.0,33.657777777777774,8.680000000000003,11.347727717703126,90.0,33.94999999999999,8.805882352941175,11.270772304507389,136.0,0.4226460159457444,-0.024699384415988564,-0.014333603989606479,-0.004262369929567724,0.0,-0.147325219360317,-0.051846419035526524,8.310723362547137,46.0,369000.0,245.0,3966.479318380356,93.0296039336655,0.3197898864746094,0.060886986553668976,0.5184895992279053,3.418978691101074,2639.0,16.0,0.3754176199436188,0.0479061348520423,-0.024975180625915496,0.11332023764650027,0.07495629106810313,-0.07921771332621576,0.5248785614967346,0.18503538916611995,0.10848507285118097,3.4189544518788657,1.7162089989129856e-05,1.871585845919796e-05,2507.3333333333335,174.3221793754949,8.499999999999819,16.0,0.0,7.944109290391273e-16
38.82312804722524,1.0,1500.0,0.0,91.0,1893.0,0.7172324511979684,1357.0,536.0,10.196217551444077,2.4781727580591166,11676.718987667919,265.40000000000003,0.06273935038532458,33.30866141732283,8.26299212598425,11.576220663059015,127.0,31.450000000000006,6.77222222222222,12.141460310878534,36.0,33.30866141732283,8.26299212598425,11.576220663059015,127.0,0.4312612965912974,-0.02187879767909191,-0.012085336114707591,-0.0049745381741690175,0.0,-0.14669240856768176,-0.04601046773442886,8.713450364668526,91.0,370500.0,246.0,3982.9701585769653,93.02103336178952,0.37260901927948,0.21461699903011322,0.3166678249835968,3.4189422130584717,2387.0,16.0,0.44738086462020876,0.13046342485240392,-0.03006484210491186,0.20326833724975585,0.012352514541617171,0.004749934375286084,0.48890883922576905,0.2833319019953442,-0.06962955296039577,3.4189504623413085,1.25242166917244e-05,-6.0081481937944245e-06,2470.0,269.5982195786908,66.39999999999964,16.4,0.7999999999999999,0.19999999999999735
40.08671266096894,1.0,1500.0,0.0,93.0,1958.0,0.7068826168591351,1384.0,574.0,10.055234615152841,2.190255648922685,12077.669430753478,264.8,0.059364211092678115,33.79242424242425,8.445454545454547,11.40497304238343,132.0,33.302564102564105,8.035897435897436,11.518030377352742,39.0,33.79242424242425,8.445454545454547,11.40497304238343,132.0,0.43158962524581823,-0.020876670877696697,-0.010527040308109534,-0.004900577411806773,0.0,-0.14288261303665667,-0.04459409617183942,8.754534100968442,93.0,372000.0,247.0,4000.3109891414642,92.99277006456882,0.42533987760543823,0.12670977413654327,0.5979439616203308,3.4189388751983643,2092.0,16.0,0.40462671717007953,0.16981271295022438,-0.0688707521983555,0.1272618534664313,0.048646072527967904,-0.01950425654649734,0.5554135143756866,0.26707485653788876,-0.0987329942839487,3.4190014600753784,8.627016859903889e-05,2.081053597625177e-05,2393.3333333333335,335.7507342591458,39.48571428571432,16.166666666666668,0.3726779962499649,0.08571428571428473
39.77992743915982,1.0,1500.0,0.0,126.0,2012.0,0.934864101743559,1880.0,132.0,9.973974234611816,2.85425515844382,13092.39032810936,234.0,0.050893905781025706,34.05777777777777,8.423703703703703,11.20104762077834,135.0,34.08888888888889,9.02222222222222,11.053386563594678,9.0,34.05777777777777,8.423703703703703,11.20104762077834,135.0,0.4285353359716529,-0.02141106043239056,-0.011299478750293163,-0.004484878120976243,-5.232041019201591e-06,-0.138099722701826,-0.04618163399965523,8.371909277136293,126.0,373500.0,248.0,4021.298200368881,92.88045337342507,0.24827653169631958,0.11301323771476746,0.2712104618549347,3.4193434715270996,2352.0,16.0,0.4146098867058754,0.12220833002341222,-0.03717754781246191,0.167277367785573,0.10608942720525939,-0.022552282150302628,0.49534886330366135,0.10808505888588804,-0.02925051961626327,3.4191187024116516,0.00026838384420836345,7.09862936108056e-05,2467.125,229.63091990191566,3.392857142857161,16.125,0.33071891388307384,-0.05952380952380976
37.246368866141246,1.0,1500.0,0.0,82.0,1919.0,0.6398355805661508,1227.0,692.0,9.931068099348447,1.7997126878974823,11994.309781800555,303.6,0.06880609192276312,34.204651162790704,9.317829457364345,11.30574628505132,129.0,33.09787234042553,8.902127659574468,11.636657608968497,47.0,34.204651162790704,9.317829457364345,11.30574628505132,129.0,0.41649813742177805,-0.01974775761640523,-0.008164804876275612,-0.005627777761488531,0.0,-0.1535025858015985,-0.044006534991411564,8.384222148755864,82.0,375000.0,249.0,4037.543063879013,92.87826632856368,0.41645705699920654,0.21420617401599884,0.4051855802536011,3.419156789779663,2403.0,16.0,0.3942529410123825,0.15823324529461547,-0.020654416084289667,0.18897044993937015,0.11453112345351932,-0.007067550718784383,0.4112487733364105,0.11998760711922868,-0.027173718810081557,3.4190072059631347,7.785096433697915e-05,4.515647888145972e-05,2452.0,155.42844012599497,49.69999999999967,16.0,0.0,-1.297267614824132e-15
40.6429112659624,1.0,1500.0,0.0,104.0,1829.0,0.8487645811121663,1552.0,277.0,10.186506607130681,2.4534916149063353,11807.77417402059,232.60000000000002,0.05667365138151162,33.36747967479675,8.40975609756097,11.54117444048815,123.0,33.000000000000014,9.073684210526315,11.740380932044348,19.0,33.36747967479675,8.40975609756097,11.54117444048815,123.0,0.4381117642077915,-0.021950928361257154,-0.010615348868568172,-0.004694541190950957,-6.461617989144482e-06,-0.1392478676660636,-0.048252094719053944,8.895604859194405,104.0,376500.0,250.0,4055.75345826149,92.83108647372954,0.38015931844711304,0.14273105561733246,0.47554031014442444,3.4190452098846436,2068.0,16.0,0.4254818260669708,0.08786572708520897,-0.01933948653084891,0.19203945994377136,0.05015799157690838,-0.025167300019945403,0.467568576335907,0.11695427543304926,0.011655649117061075,3.4193004369735718,0.00038323774378878873,8.335794721293888e-05,2479.0,382.17448022249386,-43.599999999999916,16.666666666666668,0.7453559924999299,-0.05714285714285649
38.16488564014435,1.0,1500.0,0.0,72.0,2054.0,0.5208698988945193,1069.0,985.0,10.201863924033429,2.6393817169945035,13278.656214432658,284.6,0.061899169167862894,33.31739130434783,8.39275362318841,11.561618937771295,138.0,33.13030303030303,8.16666666666667,11.655723301731541,66.0,33.31739130434783,8.39275362318841,11.561618937771295,138.0,0.43955346226542025,-0.025152365888233264,-0.015258480999359178,-0.0047135689541412005,0.0,-0.14487599438465137,-0.05251307487321793,8.923605298858384,72.0,378000.0,251.0,4071.5502417087555,92.83933085923564,0.4686565101146698,0.27766117453575134,0.3826744556427002,3.4190590381622314,2391.0,16.0,0.37829679250717163,0.11861594502394263,-0.007686975598335329,0.1560542330145836,0.08573409409339755,0.007008010894060093,0.4451689839363098,0.14329371559131468,-0.02938997149467474,3.4192874908447264,0.00031433716699759054,6.78300857537586e-05,2489.2,152.44198896629496,-34.10000000000019,16.2,0.39999999999999997,0.0999999999999977
33.990966155761626,1.0,1500.0,0.0,82.0,1976.0,0.6224977196151046,1230.0,746.0,9.673825982166422,3.4574432876540433,13784.536993566027,266.8,0.05752727586355599,35.13484848484849,9.434848484848487,10.903352551292988,132.0,34.868,9.251999999999999,10.99564085618412,50.0,35.13484848484849,9.434848484848487,10.903352551292988,132.0,0.4102724839640834,-0.02516960640448703,-0.01600015883073756,-0.004332771379342388,0.0,-0.15120593692022263,-0.04790744247155574,7.857632318964889,82.0,379500.0,252.0,4088.1850831508636,92.82847823208388,0.6453497409820557,0.20583413541316986,0.8797149658203125,3.4190258979797363,2348.0,16.0,0.8256978869438172,0.22665998467976983,-0.0010270237922669135,0.11638554334640502,0.1664578744697369,0.02812985777854916,1.4193085193634034,0.7574801033487372,-0.05831379890441908,3.419261932373047,0.0002459033552145375,-0.00010130405426067506,2531.4,321.27222102136375,71.09999999999964,16.2,0.39999999999999997,0.0999999999999977
41.90387795143055,1.0,1500.0,0.0,66.0,1887.0,0.5210270574810965,983.0,904.0,10.29553878102553,2.459205057914034,12069.21572904844,265.6,0.06337994559251658,32.99685039370079,7.971653543307085,11.677573324680042,127.0,32.977049180327874,7.855737704918032,11.61590550819641,61.0,32.99685039370079,7.971653543307085,11.677573324680042,127.0,0.445693581894069,-0.021789179501260605,-0.01132331236896278,-0.00585787625439845,0.0,-0.1378685980341438,-0.046566949272039734,9.352206353723792,66.0,381000.0,253.0,4102.07270693779,92.87987493630206,0.35119810700416565,0.19445964694023132,0.31416070461273193,3.4189529418945312,2450.0,16.0,0.5356766656041145,0.1859715471818889,0.012295338511466983,0.24725858867168427,0.0880685877802886,0.02548494935035709,0.5775199458003044,0.2086771577775063,-0.026379230618476825,3.4189459681510925,5.625301835197473e-06,4.935264587507091e-06,2377.5,127.29002317542408,62.59999999999973,16.25,0.4330127018922193,-0.09999999999999913
41.77394591271877,1.0,1500.0,0.0,60.0,1852.0,0.4800335855763516,889.0,963.0,10.304537081448514,2.105603899271985,11416.46704926457,273.40000000000003,0.06633024406812557,32.9744,8.2192,11.693796083048339,125.0,33.07692307692308,8.467692307692305,11.663834217695003,65.0,32.9744,8.2192,11.693796083048339,125.0,0.44935963607244384,-0.02262655229648064,-0.011996923808750795,-0.005277641005943737,0.0,-0.1366135868942605,-0.049567372657371246,9.290781593775504,60.0,382500.0,254.0,4114.968708992004,92.95331922309964,0.43296921253204346,0.19013214111328125,0.4863578975200653,3.4189438819885254,2490.0,16.0,0.44525639216105145,0.07984525602697494,-0.057820081710815485,0.18956354757150015,0.08374213698105226,-0.05085434019565583,0.512069453795751,0.02017254296403284,-0.013931468129158025,3.4189414183298745,1.949921313347069e-06,1.3113021850469373e-06,2365.6666666666665,132.55522957955634,154.00000000000006,16.0,0.0,7.944109290391273e-16
33.114981593655756,1.0,1500.0,0.0,122.0,1933.0,0.9403004852608123,1817.0,116.0,9.739127364633797,3.6736531355026676,14086.676339327874,261.8,0.05772877618522602,34.88461538461539,9.50307692307692,11.029099404199329,130.0,28.875,5.35,12.846368852088116,8.0,34.88461538461539,9.50307692307692,11.029099404199329,130.0,0.4097069500206559,-0.025231976881017342,-0.015430132400442623,-0.004855316953764479,0.0,-0.15479281337625922,-0.050272268745251446,7.996797037476464,122.0,384000.0,255.0,4135.801435709,92.84778439421643,0.2554187774658203,-0.05073933303356171,0.6130000352859497,3.4189507961273193,2626.0,16.0,0.539864145219326,0.28012352809092006,-0.05481677892662233,0.1483855927363038,0.13209380738161894,-0.03799595107280074,0.7836409322917461,0.41822223811446324,-0.033641645241351395,3.4191373586654663,0.0004299974751128491,1.5292848859361846e-05,2436.125,439.7622759798753,73.72619047619028,16.0,0.0,-1.2010364325881774e-15
11.424992806261235,1.0,1500.0,0.0,110.0,2027.0,0.8102782234997756,1642.0,385.0,7.963169957007246,4.1805483634073815,16223.843408585766,306.6,0.05283109901092463,42.67205882352941,14.855882352941173,9.349781017585487,136.0,37.24615384615385,11.35384615384615,10.419920641155567,26.0,42.67205882352941,14.855882352941173,9.349781017585487,136.0,0.31196410332946556,-0.024803560920554545,-0.018186727619040045,-0.0040936622597393365,0.0,-0.1955732946298984,-0.041206041749521624,5.792567349620533,110.0,385500.0,256.0,4159.958499908447,92.6691936971208,1.6635500192642212,0.2221526801586151,2.883476495742798,3.4090003967285156,4574.0,16.0,0.7764705632414136,0.4352041363308229,0.1878961697220802,0.1273077710398606,0.054865860733364004,0.010205534552889221,1.2990091145038605,0.8179619005736459,0.3553810428295817,3.4176525388445174,0.0035379693952761917,-0.0011385679244997073,3168.1428571428573,766.6899966873235,317.0000000000002,16.0,0.0,-3.724255878701109e-16
38.49784342592413,1.0,1500.0,0.0,110.0,1951.0,0.8399825394997781,1638.0,313.0,10.016022312503374,2.8551328840674195,12838.390756455643,246.0,0.055320680039579025,33.94503816793893,8.644274809160306,11.326238497002795,131.0,32.34285714285714,8.02857142857143,11.851387564131038,21.0,33.94503816793893,8.644274809160306,11.326238497002795,131.0,0.4264084649553147,-0.02242002618049621,-0.012447499735180903,-0.004336380075831048,0.0,-0.1437093598997793,-0.046549870000987224,8.485165590215328,110.0,387000.0,257.0,4179.123757362366,92.60314421611032,0.4243949353694916,0.15974509716033936,0.5299834609031677,3.418943166732788,2269.0,16.0,0.5750501198428017,0.15389271776809846,-0.0742209138614791,0.2140856103173324,0.09006007651071102,-0.03712734979178225,0.7226128152438572,0.1713860059188686,-0.07418713186468393,3.418968064444406,3.897435054766918e-05,-1.1725085122473191e-05,2520.0,369.520925369206,-56.46428571428571,16.0,0.0,-3.724255878701109e-16
34.80164025345845,1.0,1500.0,0.0,67.0,1861.0,0.5327711419798647,991.0,870.0,9.82426371046878,2.6915108767795193,12534.786001669343,272.8,0.06307514450867052,34.6,9.094399999999998,11.14472097642175,125.0,33.99999999999999,8.513793103448274,11.295436300743665,58.0,34.6,9.094399999999998,11.14472097642175,125.0,0.41396437258772234,-0.024135524467012847,-0.014141860171114164,-0.005701129992013693,0.0,-0.15333969465648856,-0.04641833302463662,8.174958160565236,67.0,388500.0,258.0,4193.733115673065,92.63822691722443,0.6155295372009277,0.175238236784935,0.8812656402587891,3.415552854537964,2509.0,16.0,0.5446262508630753,0.19590925041564577,0.10255116820335387,0.11478241719305515,0.061501238394689045,0.03746517673134803,0.8603712618350983,0.28715839661659814,0.13017176389694213,3.4180991649627686,0.001470140916136319,-0.0010141849517820538,2491.0,163.2773713654161,85.80000000000001,16.0,0.0,-1.89900533991096e-15
31.877545262904878,1.0,1500.0,0.0,94.0,2084.0,0.672959417146631,1402.0,682.0,9.347374502914702,3.1095517033212197,14846.95279480459,308.8,0.06067512869886431,36.35285714285714,10.338571428571429,10.604700421180508,140.0,36.4,10.734782608695653,10.58031539535701,46.0,36.35285714285714,10.338571428571429,10.604700421180508,140.0,0.3944084523583539,-0.024071715066900465,-0.014190044912834269,-0.004994373754171667,-0.0007945294692282627,-0.15522631064799738,-0.04616248020070036,7.543300819322707,94.0,390000.0,259.0,4212.420531511307,92.5833489516485,0.6758483648300171,0.18317143619060516,0.9860398769378662,3.4297432899475098,2369.0,16.0,0.7220651507377625,0.33048502514572,-0.0274058341979981,0.24916639178991318,0.08773220191749823,-0.027510752422468986,0.946485310792923,0.5177193696660193,0.00021013362067079665,3.4389055967330933,0.02401068062753137,0.0014264174870082394,2582.0,253.85231927244627,20.400000000000023,16.0,0.0,0.0
38.8512622460927,1.0,1500.0,0.0,73.0,1944.0,0.5618109547084754,1092.0,852.0,10.031472250886505,2.3331987132431276,12358.345432428727,291.6,0.06621253405994551,33.87692307692307,8.676923076923075,11.316028902787709,130.0,33.87017543859649,8.659649122807014,11.330594622556701,57.0,33.87692307692307,8.676923076923075,11.316028902787709,130.0,0.43279064697716263,-0.022826358397311126,-0.011622140243373,-0.005126043445068483,-0.0007740642928695005,-0.1443857572170112,-0.04674221949046499,8.568663041539565,73.0,391500.0,260.0,4227.18560218811,92.6148120388536,0.870254635810852,0.2231515496969223,1.2948939800262451,3.439272403717041,2336.0,16.0,0.5984228327870369,0.17664349431359005,0.10264037549495694,0.17858729138970375,0.04760310969015506,0.003914596140384681,0.8403584957122803,0.2813051751039158,0.19745180606842042,3.4370832443237305,0.014714944546899318,0.0014136314392089544,2548.0,136.74063039199433,-72.79999999999986,16.0,0.0,-1.89900533991096e-15
34.250178927484946,1.0,1500.0,0.0,79.0,2024.0,0.5810449087656667,1176.0,848.0,9.761212106113547,2.4559861743168043,13471.83788022542,294.8,0.06229660622966062,34.795588235294126,9.230882352941178,11.005975545218455,136.0,33.526315789473685,8.357894736842105,11.401869194772184,57.0,34.795588235294126,9.230882352941178,11.005975545218455,136.0,0.4045849021990779,-0.021919496135960802,-0.010911079938636645,-0.0045121349387084245,-0.0017990172769060116,-0.15418449833571088,-0.045014069007788184,7.697337939871483,79.0,393000.0,261.0,4243.666566133499,92.60859539161937,0.7361612319946289,0.3196820914745331,0.8336425423622131,3.4214558601379395,2926.0,16.0,0.5092363476753234,0.12216477632835984,0.06788591146469107,0.2645884841680527,0.07631132558616327,0.023527161777019457,0.4899823725223541,0.18226187558348794,0.08871756196022026,3.4332926273345947,0.009161085082280552,0.00028274059295626955,2544.4,212.6505114031001,139.09999999999962,16.2,0.39999999999999997,-0.10000000000000095
31.380620631304655,1.0,1500.0,0.0,22.0,2052.0,0.1564681004540892,321.0,1731.0,9.99043490108156,3.2343654889360667,14504.086670714516,287.6,0.0612410033644223,34.03043478260869,8.533333333333337,11.259652180525734,138.0,33.78620689655173,8.374137931034484,11.349947750846313,116.0,34.03043478260869,8.533333333333337,11.259652180525734,138.0,0.41228203752323467,-0.02900561936544682,-0.01793777752841159,-0.0054682118333087525,-0.00011580775911986103,-0.1492472495657209,-0.06011362767772421,7.768803118959534,22.0,394500.0,262.0,4253.885476112366,92.73874489929483,0.557108461856842,0.18246909976005554,0.7499616146087646,3.414529800415039,2555.0,16.0,0.5383114516735077,0.01879701018333435,0.0375940203666687,0.17894653975963593,0.0035225600004196167,0.0070451200008392195,0.7194131910800934,0.030548423528671265,0.06109684705734242,3.4169310331344604,0.0024012327194213867,-0.0048024654388432175,2493.5,61.5,122.99999999999977,16.0,0.0,-1.7763568394002505e-15
34.62229744054503,1.0,1500.0,0.0,59.0,1835.0,0.47895272043218035,878.0,957.0,10.086567171540036,2.7473797368097723,12094.573684546704,263.6,0.06363153575049486,33.67967479674797,8.790243902439027,11.460508752162209,123.0,32.765625,7.974999999999998,11.718304607925978,64.0,33.67967479674797,8.790243902439027,11.460508752162209,123.0,0.4203912168085542,-0.02491882274857562,-0.01376697871460635,-0.004777200367433372,0.0,-0.1566238612666008,-0.05089581511681376,8.461599535006833,59.0,396000.0,263.0,4267.1303079128265,92.80241554040911,0.31830036640167236,0.20808416604995728,0.22111618518829346,3.418957471847534,2615.0,16.0,0.4774314959843953,0.11451899318016752,-0.13238543272018433,0.2611304819583893,0.0391017722083926,-0.0330210626125336,0.4332858423391978,0.1633709406504237,-0.19872877001762398,3.4189457098642984,8.316978106149756e-06,8.821487426787726e-06,2487.3333333333335,114.61917621216598,138.99999999999983,16.0,0.0,7.944109290391273e-16
22.292223705185783,1.0,1500.0,0.0,18.0,2025.0,0.13040259683364014,264.0,1761.0,9.874902840967115,2.7214103423298908,14033.864125331247,306.8,0.06554715207452036,34.41617647058823,9.030882352941171,11.153734117516837,136.0,34.02881355932204,8.676271186440676,11.239594803943577,118.0,34.41617647058823,9.030882352941171,11.153734117516837,136.0,0.38902066250583384,-0.035496249008641144,-0.020996776745613777,-0.004203942970425512,0.0,-0.17170698924731181,-0.06800828465703423,7.642298296188721,18.0,397500.0,264.0,4277.110641956329,92.93657173623768,0.8719953894615173,0.07333242893218994,1.5980099439620972,3.4201927185058594,2721.0,16.0,0.6288305073976517,0.24316488206386566,0.4863297641277311,0.11576582491397858,0.042433395981788635,-0.08486679196357728,1.0268132835626602,0.571196660399437,1.1423933207988735,3.419649362564087,0.0005433559417724609,0.0010867118835440337,2583.5,137.5,274.99999999999955,16.0,0.0,-1.7763568394002505e-15
41.48494983812173,1.0,1500.0,0.0,60.0,1920.0,0.464683158616045,892.0,1028.0,10.364722830645242,2.2587180223756103,12221.283296611222,279.0,0.06597304327264128,32.78294573643412,8.289922480620156,11.770340183202315,129.0,33.20579710144928,8.64927536231884,11.632006960019309,69.0,32.78294573643412,8.289922480620156,11.770340183202315,129.0,0.45751454212629405,-0.024564030578015084,-0.01268665701603781,-0.005291939994272109,-9.314239143089998e-05,-0.13755966934451042,-0.054213429236913045,9.54737203700721,60.0,399000.0,265.0,4289.961596727371,93.0078255955438,0.3755146563053131,0.20150220394134521,0.34870946407318115,3.4228458404541016,2405.0,17.0,0.40972352027893066,0.02426536414865024,-0.026832133531570507,0.201683243115743,0.01177634288391394,0.007075302302837371,0.41676463683446247,0.05537134075461467,-0.06781448423862459,3.4203683535257974,0.0017582987423769428,0.0019502639770506152,2295.3333333333335,90.23056885310851,110.49999999999936,16.333333333333332,0.4714045207910317,0.5000000000000008
33.20282237372309,1.0,1500.0,0.0,53.0,1972.0,0.3978458723364165,784.0,1188.0,9.737349319581922,2.2020458314783293,12980.784260802619,311.20000000000005,0.06706896551724138,34.88721804511277,9.568421052631578,11.007757469920467,133.0,34.844999999999985,9.382499999999999,10.984350512978923,80.0,34.88721804511277,9.568421052631578,11.007757469920467,133.0,0.4141503909665174,-0.02519593102171296,-0.014057913700265788,-0.006146034816058663,-7.238508867173362e-05,-0.15743756786102062,-0.05151774723370051,8.222777871709093,53.0,400500.0,266.0,4303.658370018005,93.06036064343193,0.7225211262702942,0.10436030477285385,1.2370054721832275,3.4189388751983643,2611.0,16.0,0.4843093454837799,0.20610472205853328,0.17914330959320068,0.0777069735340774,0.06955325008323228,0.04772607889026404,0.8138885796070099,0.3165824770715696,0.2628344297409058,3.4191638231277466,0.00032313240853850566,-0.00022120475769032776,2498.0,177.63586349608573,124.60000000000011,16.0,0.0,-1.89900533991096e-15
40.628275661809106,1.0,1500.0,0.0,70.0,2002.0,0.5213740905168808,1043.0,959.0,10.041254251707246,2.067097346304016,12581.853975697617,290.6,0.0640680806032012,33.84925373134328,8.767164179104478,11.378087761357063,134.0,34.50625000000001,9.337499999999999,11.171969883742259,64.0,33.84925373134328,8.767164179104478,11.378087761357063,134.0,0.44278213210883827,-0.022754253562625438,-0.010626616383905746,-0.005501535073129491,-0.00014541929229277753,-0.13989335918565196,-0.04959726462588154,9.054991323650595,70.0,402000.0,267.0,4318.103820800781,93.0964184009476,0.6158122420310974,0.10230524837970734,1.0276914834976196,3.3873753547668457,2292.0,16.0,0.44300301373004913,0.13053854121050024,0.042872291803359955,0.17259684018790722,0.09020037391350541,-0.04423707351088525,0.5414936766028404,0.2831674320979174,0.17421666085720058,3.4066238403320312,0.012674818351838004,-0.010393667221068936,2368.75,126.62814655517943,11.899999999999942,16.5,0.5,-0.39999999999999936
38.27953827948797,1.0,1500.0,0.0,63.0,2079.0,0.45239942031867053,940.0,1139.0,10.094935870835766,2.6628439341872023,13597.085780737427,269.2,0.057550880793569355,33.65179856115106,8.332374100719422,11.381214401794107,139.0,33.676315789473676,8.278947368421052,11.339475897343371,76.0,33.65179856115106,8.332374100719422,11.381214401794107,139.0,0.43602423272535085,-0.025678058858247234,-0.01416254605518255,-0.004360728124560808,-0.0003293667658308544,-0.14051211219719506,-0.0536275471123332,8.795495953000072,63.0,403500.0,268.0,4332.437541007996,93.13463752927427,0.42347919940948486,0.1307286024093628,0.5861812233924866,3.3999762535095215,2487.0,16.0,0.42473798990249634,0.04961804668104858,-0.008480131626129116,0.1387228462845087,0.019684130079798124,0.0010804064571857627,0.5727071613073349,0.0744000742049323,-0.019117993116378823,3.384400248527527,0.02769749628795984,0.015323877334594978,2462.75,21.358546298847212,3.900000000000133,16.25,0.4330127018922193,-0.3000000000000012
34.4361584827585,1.0,1500.0,0.0,106.0,1973.0,0.8050386485392899,1588.0,385.0,9.729765609122948,3.0047066101063318,13291.921509262871,291.2,0.0631862170724298,34.91363636363636,9.540909090909091,11.04677892509376,132.0,33.68461538461539,8.723076923076924,11.314732761163206,26.0,34.91363636363636,9.540909090909091,11.04677892509376,132.0,0.41182711874677225,-0.023302712410629728,-0.013191311908091528,-0.004989196396582539,-0.00043212099387828537,-0.15490337294442444,-0.047898004369393725,8.168295162827306,106.0,405000.0,269.0,4351.197995185852,93.07781453477648,0.4711178243160248,0.17727388441562653,0.5883569121360779,3.3451011180877686,2291.0,16.0,0.355975441634655,0.1305588852468185,0.0171301266976765,0.12432707101106644,0.051848332769299364,0.018977132439613333,0.4639559214313825,0.20555445842389064,-0.0036895611456462187,3.2959077755610147,0.06451070005653914,0.02224437849862222,2451.1666666666665,385.69781637384926,44.25714285714296,16.0,0.0,0.0
32.10423226576103,1.0,1500.0,0.0,114.0,2096.0,0.8116305929156754,1701.0,395.0,9.451075494439902,3.1677281323359607,14793.366369909101,276.6,0.05456051759507653,35.954609929078,10.123404255319143,10.688296220592852,141.0,35.481481481481474,9.851851851851848,10.82204771607836,27.0,35.954609929078,10.123404255319143,10.688296220592852,141.0,0.3995187022306357,-0.022907716105499194,-0.013759713890749092,-0.004334201773748074,-0.0019939150277083696,-0.15774747364989677,-0.04730775261842895,7.648804882024017,114.0,406500.0,270.0,4372.486154556274,92.96770432912946,0.7350679636001587,0.2901006042957306,0.8906076550483704,3.3649916648864746,2210.0,16.0,0.47438728383609224,0.1397454874707424,0.006536630647523084,0.16299481663320745,0.08070473749941384,0.005525003519973585,0.623424368245261,0.18786205478207457,0.002026012965611032,3.1971913405827115,0.1349861157684836,0.013850893293108249,2646.714285714286,363.73212839188375,-18.785714285714175,16.285714285714285,0.45175395145262565,-0.0357142857142866
39.733739241309785,1.0,1500.0,0.0,46.0,1831.0,0.3698097052572509,677.0,1154.0,10.200444038682777,1.6121967350753026,10873.356549346492,271.0,0.06613304700082971,33.31544715447154,8.237398373983737,11.519695382978794,123.0,33.00000000000001,7.9922077922077905,11.601614191545131,77.0,33.31544715447154,8.237398373983737,11.519695382978794,123.0,0.43450774142604703,-0.02151226440271071,-0.010058223898891477,-0.0059464529719342315,-1.450536698578474e-05,-0.14425587467362924,-0.04652988178767372,8.83205231355022,46.0,408000.0,271.0,4384.386520147324,93.05748891552801,0.3935314416885376,0.2498587667942047,0.2880198657512665,3.3724353313446045,2683.0,16.0,0.475352664788564,0.10319311622737706,-0.009039551019668583,0.2225283980369568,0.020117627932569264,0.017074815928935998,0.5063156882921854,0.238698265321377,-0.05222579836845407,3.3357773621877036,0.03339552679380892,0.01459932327270481,2543.3333333333335,249.41308884837798,-35.50000000000034,16.0,0.0,7.944109290391273e-16
38.892946169401206,1.0,1500.0,0.0,96.0,1841.0,0.7795767241051352,1435.0,406.0,10.15189821372247,2.3800054586107136,11871.183857779808,286.2,0.0689705031810295,33.46451612903227,8.874193548387101,11.57198969756552,124.0,33.128571428571426,8.692857142857145,11.650099081518956,28.0,33.46451612903227,8.874193548387101,11.57198969756552,124.0,0.4369266656035641,-0.021937326665282836,-0.01125181113166348,-0.005835608338012803,0.0,-0.14967863630012576,-0.04786534240277523,9.018741700103213,96.0,409500.0,272.0,4401.524352073669,93.03595010375761,0.3206794857978821,0.12300809472799301,0.395997554063797,3.273954391479492,2102.0,16.0,0.2882364094257355,0.062350729194319186,0.018701176983969538,0.13382482156157494,0.022143294047201223,-0.004457992102418638,0.30948356539011,0.13252941835319496,0.0463184403521674,3.301934997240702,0.028035060311111866,0.0005255358559743998,2324.3333333333335,287.94656140024006,-13.657142857142986,16.166666666666668,0.3726779962499649,-0.14285714285714313
40.016705330680395,1.0,1500.0,0.0,34.0,1957.0,0.25559193813560593,500.0,1457.0,10.208108779230244,2.049407334555295,12357.14793391103,299.6,0.06817768068450755,33.2909090909091,8.336363636363638,11.519993778873182,132.0,33.25918367346939,8.314285714285711,11.53637873308871,98.0,33.2909090909091,8.336363636363638,11.519993778873182,132.0,0.44023666009959866,-0.022711252688535483,-0.011133572819500302,-0.005038919355610384,0.0,-0.14175104228707563,-0.04917380301518624,8.842405396735574,34.0,411000.0,273.0,4412.421263217926,93.1461380231548,0.43004512786865234,0.20317812263965607,0.4544098377227783,3.379028797149658,2244.0,16.0,0.31147804856300354,0.1185670793056488,0.23713415861129755,0.14174526557326317,0.0614328570663929,0.12286571413278574,0.34013643860816956,0.11427339911460876,0.22854679822921747,3.354267120361328,0.024761676788330078,0.04952335357665927,2519.0,275.0,-550.0,16.0,0.0,-1.7763568394002505e-15
41.738370433449745,1.0,1500.0,0.0,96.0,1866.0,0.7684825744315014,1433.0,433.0,10.381725119564978,2.194709513086661,11816.963416225404,251.8,0.0615226739640344,32.7424,8.164800000000001,11.77256632326199,125.0,32.46206896551725,8.041379310344826,11.807729797253868,29.0,32.7424,8.164800000000001,11.77256632326199,125.0,0.4476408575044969,-0.021495897133919542,-0.009987037794973654,-0.005052279431982629,-1.4270424545130219e-05,-0.14045665358544418,-0.04866594960837623,9.333241942765211,96.0,412500.0,274.0,4429.126655817032,93.1334847826579,0.4543624520301819,0.15638406574726105,0.5966262221336365,3.3471639156341553,2179.0,16.0,0.3505328446626663,0.09394511567796157,0.02486840571675981,0.1589781902730465,0.08603480811075362,0.018341015279293063,0.38377965490023297,0.11228834667253892,0.013058532987322118,3.351713538169861,0.04854783915686084,0.01875380788530615,2357.1666666666665,253.18334375617118,-17.571428571428672,16.166666666666668,0.3726779962499649,0.028571428571429202
35.79889852660043,1.0,1500.0,0.0,14.0,1993.0,0.10419345089826404,207.0,1786.0,9.792533634346945,2.6219216253478987,13366.85085642963,285.6,0.06143785225659338,34.69104477611941,9.117910447761188,11.003289434384643,134.0,34.696666666666665,9.196666666666665,11.017352582661927,120.0,34.69104477611941,9.117910447761188,11.003289434384643,134.0,0.41927510417957475,-0.026229090219708394,-0.017834078858517226,-0.005246959818440788,0.0,-0.13648960739030022,-0.05182439214038296,7.707873634371489,14.0,414000.0,275.0,4438.225298166275,93.28052818117432,0.3345597982406616,0.1402742713689804,0.38924703001976013,3.3797576427459717,2582.0,16.0,0.3345597982406616,0.0,0.0,0.1402742713689804,0.0,0.0,0.38924703001976013,0.0,0.0,3.3797576427459717,0.0,0.0,2582.0,0.0,0.0,16.0,0.0,0.0
41.987787983634256,1.0,1500.0,0.0,33.0,1833.0,0.26809019094666925,491.0,1342.0,10.363989820451774,1.9248102673047507,11508.486100197553,266.40000000000003,0.06604194556001784,32.795121951219514,8.29430894308943,11.761732106002794,123.0,33.04888888888889,8.493333333333332,11.659231308945934,90.0,32.795121951219514,8.29430894308943,11.761732106002794,123.0,0.4613761128259528,-0.02546301210397264,-0.013876255134266255,-0.0046586939937453145,0.0,-0.136383024098955,-0.054426959654370326,9.79450997324118,33.0,415500.0,276.0,4448.516753196716,93.401918673549,0.3043023943901062,0.2038976550102234,0.2014579474925995,3.242310047149658,2318.0,16.0,0.22747354209423065,0.07682885229587555,0.15365770459175104,0.1073409067466855,0.09655674826353788,0.1931134965270757,0.24090535938739777,0.03944741189479828,-0.07889482378959661,3.2004553079605103,0.04185473918914795,0.08370947837829545,2360.5,42.5,-85.00000000000045,16.0,0.0,-1.7763568394002505e-15
40.889615481550045,1.0,1500.0,0.0,22.0,1958.0,0.1676525491734222,328.0,1630.0,10.239052798635601,1.7746248123256425,11992.114514481937,269.2,0.06191637149822899,33.18931297709923,8.312977099236642,11.64289538197881,131.0,33.2697247706422,8.337614678899083,11.617059445541633,109.0,33.18931297709923,8.312977099236642,11.64289538197881,131.0,0.45035524249536724,-0.02341241324737179,-0.011589536321477502,-0.005418557032056799,0.0,-0.14113408521303258,-0.05177001813368157,9.400442639269952,22.0,417000.0,277.0,4457.9427189826965,93.5409058138727,0.4256244897842407,0.26896214485168457,0.31399068236351013,3.330185651779175,2347.0,16.0,0.4256244897842407,0.0,0.0,0.26896214485168457,0.0,0.0,0.31399068236351013,0.0,0.0,3.330185651779175,0.0,0.0,2347.0,0.0,0.0,16.0,0.0,0.0
39.21517561983179,1.0,1500.0,0.0,108.0,1972.0,0.8185349842431061,1614.0,358.0,9.983197091565112,2.48440755143089,12654.611858607612,235.8,0.05245595301655099,34.05454545454547,8.786363636363635,11.323273605181358,132.0,32.758333333333326,8.408333333333335,11.845893550596719,24.0,34.05454545454547,8.786363636363635,11.323273605181358,132.0,0.4248977970642779,-0.02050019179580179,-0.00972336927444981,-0.004059325519789235,0.0,-0.1450196790796246,-0.044689603703408735,8.493356749343814,108.0,418500.0,278.0,4477.07088303566,93.47629531302792,0.4220503568649292,0.1708282232284546,0.5030848383903503,3.2030599117279053,2093.0,16.0,0.30095686337777544,0.1496749162136318,-0.0038438702800444287,0.08650607589100089,0.09030051074617444,0.010536355831261189,0.4295456473316465,0.20511052988963605,-0.028762003672974473,3.2204957008361816,0.12052755448082564,-0.007765216486794343,2366.1428571428573,367.64829022602896,20.60714285714284,16.142857142857142,0.3499271061118825,-0.10714285714285757
39.51504912350204,1.0,1500.0,0.0,91.0,1916.0,0.7053022013813885,1351.0,565.0,10.039088730679188,2.4248804219140783,12286.862497443151,275.8,0.06320469337244478,33.8263565891473,8.590697674418603,11.366723980985615,129.0,33.27894736842106,8.457894736842105,11.578652916906467,38.0,33.8263565891473,8.590697674418603,11.366723980985615,129.0,0.4294457187785199,-0.021308807632341265,-0.010464531789305358,-0.004850955509896256,0.0,-0.14276382638989693,-0.045689838158525425,8.572422462990607,91.0,420000.0,279.0,4494.101311445236,93.45583708368476,0.27104324102401733,0.1596318483352661,0.223497211933136,3.3720030784606934,2189.0,16.0,0.2706234169503053,0.09089168660474517,0.002015380561351792,0.08082579945112944,0.0784937459986218,0.00638788363692706,0.38024939596652985,0.09483044914264262,-0.008735926662172579,3.2708092530568442,0.12834422642532523,0.04537200927734372,2545.1666666666665,336.6340330718542,-93.11428571428577,16.333333333333332,0.7453559924999298,-0.17142857142857137
39.928707730453624,1.0,1500.0,0.0,113.0,1952.0,0.8660128729517158,1690.0,262.0,9.93358777275157,1.7622543883758321,11713.761404994959,196.4,0.04383341516761148,34.20305343511449,8.729770992366413,11.295711347788298,131.0,31.877777777777776,7.122222222222222,12.049642185637007,18.0,34.20305343511449,8.729770992366413,11.295711347788298,131.0,0.42208059917207347,-0.01845425072890792,-0.007522997226570822,-0.0034208410523369885,0.0,-0.14603832211289489,-0.042256335393597716,8.494579236751228,113.0,421500.0,280.0,4513.596713542938,93.38450613793195,0.47971707582473755,0.1972154974937439,0.5656792521476746,3.380467414855957,2404.0,16.0,0.3666995731847627,0.2003091139415787,0.0340036137827805,0.17836412521345274,0.1042584709450129,0.01949333106832844,0.3772957857166018,0.22158551186453967,0.02901809556143624,3.124448367527553,0.1687715235639176,-0.012340392385210262,2474.8571428571427,265.8997816425411,27.714285714285705,16.142857142857142,0.34992710611188255,0.035714285714284734
33.13846798909122,1.0,1500.0,0.0,29.0,2032.0,0.20831905520585797,423.0,1609.0,9.894749445537576,2.3300384724895498,13197.328112650437,290.8,0.06181709961311169,34.337226277372274,8.833576642335768,11.20780519498172,137.0,33.95185185185184,8.387037037037034,11.305514752347111,108.0,34.337226277372274,8.833576642335768,11.20780519498172,137.0,0.40604288928645,-0.02208385592190121,-0.011891692153321731,-0.004854594095642838,0.0,-0.16493281317728653,-0.04454415833976418,8.042162175657285,29.0,423000.0,281.0,4524.5073754787445,93.49084107863605,0.4723849892616272,0.25292325019836426,0.43957585096359253,3.261945962905884,2700.0,16.0,0.2822205275297165,0.1901644617319107,0.3803289234638213,-0.05704951286315918,0.30997276306152344,0.6199455261230469,0.6791068613529205,0.239531010389328,-0.47906202077865606,2.8340014219284058,0.427944540977478,0.8558890819549552,2631.0,69.0,137.99999999999955,16.0,0.0,-1.7763568394002505e-15
39.60577349009968,1.0,1500.0,0.0,42.0,1841.0,0.3381027051447322,622.0,1219.0,10.07343017847352,2.092170711141509,11771.238400229982,291.40000000000003,0.06967291507268554,33.72903225806451,8.69032258064516,11.396426567730998,124.0,33.65365853658536,8.685365853658533,11.391117894171979,82.0,33.72903225806451,8.69032258064516,11.396426567730998,124.0,0.4331271482763444,-0.021420405403484888,-0.010113821827029572,-0.005433631863627297,0.0,-0.1447014097893236,-0.046886739507660195,8.856783780298352,42.0,424500.0,282.0,4535.722489595413,93.59038190139923,0.3307655155658722,0.22166389226913452,0.21886907517910004,3.3292055130004883,2531.0,16.0,0.6471556276082993,0.31639011204242706,-0.6327802240848541,0.5144749581813812,0.2928110659122467,-0.5856221318244932,0.26603614538908005,0.04716707020998001,-0.09433414041996008,3.3740720748901367,0.04486656188964844,-0.08973312377929732,2419.5,111.5,223.0,16.0,0.0,-1.7763568394002505e-15
41.20049383905199,1.0,1500.0,0.0,9.0,1873.0,0.06639591904420643,124.0,1749.0,10.035399301601455,1.8778091050462025,11912.317102576324,289.2,0.06779502086361291,33.855555555555554,8.83968253968254,11.349248643389004,126.0,33.9059829059829,8.827350427350426,11.336391687907383,117.0,33.855555555555554,8.83968253968254,11.349248643389004,126.0,0.4457524829558361,-0.018760637069120133,-0.004226257957685132,-0.006505725452448881,0.0,-0.1535253980288097,-0.04330338050258944,9.041649683983932,9.0,426000.0,283.0,4543.591598510742,93.75842673439894,1.3267149925231934,0.13305562734603882,2.387873649597168,2.7748169898986816,2268.0,16.0,1.3267149925231934,0.0,0.0,0.13305562734603882,0.0,0.0,2.387873649597168,0.0,0.0,2.7748169898986816,0.0,0.0,2268.0,0.0,0.0,16.0,0.0,0.0
41.417973571353485,1.0,1500.0,0.0,36.0,2022.0,0.2671401442740119,540.0,1482.0,10.094177185280278,1.9684698344938671,12611.76564175486,296.40000000000003,0.06522887323943662,33.65925925925925,8.613333333333332,11.369678465375225,135.0,33.84646464646463,8.686868686868687,11.287889006470214,99.0,33.65925925925925,8.613333333333332,11.369678465375225,135.0,0.4424176220126266,-0.020240794328729987,-0.007719626295101367,-0.0073805545526104245,0.0,-0.14253436264356995,-0.04529879496023156,9.073468293867592,36.0,427500.0,284.0,4554.7236313819885,93.85860363832624,0.5015749931335449,0.3153819441795349,0.3730454444885254,3.2963051795959473,2336.0,16.0,0.4434342682361603,0.058140724897384644,0.11628144979476923,0.1949589066207409,0.12042303755879402,0.240846075117588,0.4976131021976471,0.1245676577091217,-0.2491353154182434,3.311639428138733,0.015334248542785645,-0.030668497085571733,2327.5,8.5,17.0,16.0,0.0,-1.7763568394002505e-15
40.801847848486396,1.0,1500.0,0.0,94.0,1891.0,0.7451136771615631,1409.0,482.0,9.975396029391362,1.5385314321515455,11044.795916905796,249.8,0.057735866500254245,34.06771653543307,8.949606299212597,11.416569603654489,127.0,33.98787878787879,9.218181818181819,11.449222850725333,33.0,34.06771653543307,8.949606299212597,11.416569603654489,127.0,0.4297124146468643,-0.018415219365621713,-0.007115267834082674,-0.005102863368764919,0.0,-0.1461889708465051,-0.0421686305348499,8.890996406210187,94.0,429000.0,285.0,4572.023236036301,93.8315441222298,0.32028770446777344,0.12426482886075974,0.3926560580730438,3.0515832901000977,2282.0,16.0,0.32527850071589154,0.045130831965323935,-0.014768091269901805,0.12634019119044146,0.04381106446066754,-0.013925090325730199,0.398480087518692,0.05238821009152322,-0.0016810655593872121,3.0173736413319907,0.07912043923350405,0.024712317330496402,2428.8333333333335,146.71788878282322,30.657142857142823,16.166666666666668,0.3726779962499649,-0.028571428571429202
41.38893114620199,1.0,1500.0,0.0,96.0,2078.0,0.6926527433953629,1439.0,639.0,10.205380936787472,1.935604284971129,12743.468016977538,307.8,0.06647661008163794,33.310791366906464,8.42446043165468,11.512526675290882,139.0,33.23720930232558,8.567441860465117,11.555563643844572,43.0,33.310791366906464,8.42446043165468,11.512526675290882,139.0,0.44214346415160805,-0.020405475064935598,-0.008452780605990194,-0.005861751996540663,0.0,-0.14161196979321053,-0.04598291324349454,8.94360796760098,96.0,430500.0,286.0,4589.632057905197,93.7983687076844,0.4190156161785126,0.20162004232406616,0.4354121685028076,3.1050806045532227,2212.0,16.0,0.2535760464767615,0.13416938138486767,0.032802738249301897,0.12893645713726679,0.09887970024537839,0.023895556799003053,0.24986791983246803,0.0989839441407453,0.017826137585299346,2.943668087323507,0.16955407392290428,0.058852733884538905,2395.1666666666665,165.80250969820156,-0.3714285714285049,16.166666666666668,0.3726779962499649,-0.028571428571429202
39.531320395569004,1.0,1500.0,0.0,48.0,1867.0,0.377960001201592,705.0,1162.0,10.19955200647612,2.038964727585185,11834.412324951923,270.40000000000003,0.06440241985423713,33.322222222222216,8.42857142857143,11.600991292167073,126.0,33.13846153846154,8.17948717948718,11.637000597189948,78.0,33.322222222222216,8.42857142857143,11.600991292167073,126.0,0.43735577005945603,-0.021509845003318324,-0.009935376140638831,-0.005835147126496528,0.0,-0.14810674863769735,-0.047923298607979815,9.107307647138446,48.0,432000.0,287.0,4601.881812095642,93.87464034050721,0.21969544887542725,0.0991910994052887,0.24164274334907532,3.17018461227417,2515.0,16.0,0.5079399247964224,0.2483691256469946,-0.12926791608333593,0.15960329274336496,0.07628702819031079,-0.08401425182819365,0.697281152009964,0.5216324816430593,-0.09050883352756513,3.039458990097046,0.1956079137963694,-0.007521867752075388,2466.6666666666665,111.89975672697217,-29.000000000000252,16.333333333333332,0.4714045207910317,-0.5000000000000016
42.60344478331114,1.0,1500.0,0.0,19.0,2000.0,0.13664250122593022,273.0,1727.0,10.325062239648028,2.403077796640631,13224.063085001799,259.2,0.05835209365150833,32.90370370370372,8.0,11.655448476202261,135.0,32.95862068965519,8.003448275862066,11.616906216768756,116.0,32.90370370370372,8.0,11.655448476202261,135.0,0.45264493595229144,-0.021982036429085444,-0.01035969887424139,-0.004139001072405111,0.0,-0.137968693119767,-0.04956596151852755,9.548424764965237,19.0,433500.0,288.0,4611.107903003693,94.012113600208,0.9744058847427368,0.10767829418182373,1.7340905666351318,3.177253246307373,2340.0,16.0,0.9744058847427368,0.0,0.0,0.10767829418182373,0.0,0.0,1.7340905666351318,0.0,0.0,3.177253246307373,0.0,0.0,2340.0,0.0,0.0,16.0,0.0,0.0
41.70099820761845,1.0,1500.0,0.0,29.0,1880.0,0.22943597277982475,431.0,1449.0,10.124440404222282,1.9112228027967921,11483.071144900401,261.8,0.061862003780718336,33.58730158730159,8.293650793650796,11.447380184092188,126.0,33.4783505154639,8.138144329896907,11.47332110185113,97.0,33.58730158730159,8.293650793650796,11.447380184092188,126.0,0.43300669769614497,-0.017642927443357624,-0.0057066992646684035,-0.004286113398339302,0.0,-0.14659325533379217,-0.039565616458777,8.751154319523112,29.0,435000.0,289.0,4621.230975627899,94.13076349010998,0.5148449540138245,0.39135339856147766,0.24766145646572113,3.391525983810425,2346.0,16.0,0.4156752824783325,0.09916967153549194,0.19833934307098378,0.27254292368888855,0.11881047487258911,0.23762094974517814,0.28693100064992905,0.039269544184207916,-0.07853908836841586,3.3312469720840454,0.060279011726379395,0.12055802345275834,2371.5,25.5,-51.00000000000023,16.0,0.0,-1.7763568394002505e-15
41.65706979117151,1.0,1500.0,0.0,59.0,1815.0,0.4840902536684751,878.0,937.0,10.15750037594903,2.311170101060431,11919.907431724176,274.6,0.06726435430139134,33.462295081967206,8.48688524590164,11.474709730861116,122.0,33.29841269841268,8.542857142857143,11.502043513063754,63.0,33.462295081967206,8.48688524590164,11.474709730861116,122.0,0.4348753064567367,-0.019076790302049455,-0.007158753506079494,-0.005327673807142137,0.0,-0.14069043576683646,-0.04366058415033645,8.868578216696141,59.0,436500.0,290.0,4634.202381849289,94.19096621883261,0.36676305532455444,0.1956985890865326,0.342800110578537,3.3556723594665527,2503.0,16.0,0.3276662826538086,0.03314265409957185,0.04051671922206879,0.16040644297997156,0.03675970627691361,0.009940631687641146,0.3351962814728419,0.09070142552906617,0.06114824861288066,3.382984002431234,0.019346463417378043,-0.019779443740845334,2414.0,146.11182931804893,147.49999999999974,16.0,0.0,7.944109290391273e-16
41.71969578637905,1.0,1500.0,0.0,97.0,2099.0,0.6889905210926272,1446.0,653.0,9.992550979862077,1.1675674897420065,12013.65414354135,275.8,0.057496664442961976,34.019858156028356,8.628368794326239,11.269035331076118,141.0,33.949999999999996,8.486363636363633,11.203754950472607,44.0,34.019858156028356,8.628368794326239,11.269035331076118,141.0,0.4309920097977065,-0.017814759594583923,-0.0048292306799718205,-0.004772942799691315,0.0,-0.1438220645425394,-0.04095889310153479,8.659227622442133,97.0,438000.0,291.0,4652.143430948257,94.15014960334561,0.4061843752861023,0.31048861145973206,0.1920083463191986,3.0842788219451904,2384.0,16.0,0.3118721693754196,0.09610372462847737,0.020797103643417334,0.18695071587959924,0.08246438088693138,0.033248205270086,0.2504850352803866,0.09691821142557086,-0.024913280776568826,3.210653305053711,0.10275692695432717,-0.055358110155378094,2425.1666666666665,233.82145372532057,15.571428571428541,16.333333333333332,0.4714045207910317,-0.057142857142857446
42.86280293777735,1.0,1500.0,0.0,99.0,1830.0,0.8086667500369987,1479.0,351.0,10.109675485821777,1.6128475105137645,10868.797921763035,224.0,0.05415860735009671,33.6260162601626,8.634146341463417,11.50583007746401,123.0,34.44166666666667,9.741666666666667,11.263681757407568,24.0,33.6260162601626,8.634146341463417,11.50583007746401,123.0,0.44113634776026805,-0.018426734385973996,-0.006472685726072519,-0.004232802486934136,0.0,-0.14138896476372576,-0.042556938261055804,9.128614544222849,99.0,439500.0,292.0,4669.275478363037,94.12595209612277,0.29312360286712646,0.143509179353714,0.29984089732170105,3.0602173805236816,2875.0,17.0,0.34412112832069397,0.06774267834014418,-0.006132595879690998,0.19087639326850572,0.06141998379032901,-0.014139916854245317,0.3071185772617658,0.06389169838310442,0.016001835465431196,3.1455161968866983,0.1486077051972148,-0.06403160776410773,2402.6666666666665,383.04423881438146,50.51428571428568,16.166666666666668,0.3726779962499649,0.14285714285714265
37.40694664825093,1.0,1500.0,0.0,66.0,1834.0,0.5329582985401268,977.0,857.0,9.832005369681035,1.3781796399445554,11105.85063755459,274.0,0.06392012317454393,34.56935483870969,9.283870967741937,11.148025108723001,124.0,34.300000000000004,8.73103448275862,11.11816121936024,58.0,34.56935483870969,9.283870967741937,11.148025108723001,124.0,0.41822046410220737,-0.01920459334743831,-0.006920035442620264,-0.005557108784456368,0.0,-0.157452627466302,-0.04315353132710869,8.564861034613974,66.0,441000.0,293.0,4683.699255228043,94.15634436983686,0.44382840394973755,0.16146767139434814,0.5653166174888611,2.9757564067840576,2483.0,17.0,0.37113338336348534,0.156980864324407,0.09763264507055282,0.14849640429019928,0.035565590421657384,0.011071598529815666,0.4458940289914608,0.25884747133347835,0.17310557514429092,3.100435793399811,0.09582107711302545,-0.08255813121795685,2540.75,125.42403079155126,-18.499999999999794,16.5,0.5,0.40000000000000224
42.729728834969656,1.0,1500.0,0.0,14.0,1853.0,0.107916599881483,199.0,1654.0,10.17443558458227,2.141648990824878,11771.467386481623,298.2,0.07140804597701149,33.407999999999994,8.511999999999999,11.492855681748484,125.0,33.47387387387386,8.54054054054054,11.47461888331811,111.0,33.407999999999994,8.511999999999999,11.492855681748484,125.0,0.4495577920822526,-0.01863807990291116,-0.006969652086554458,-0.008242926664704784,0.0,-0.14243614931237722,-0.04209173782156611,9.1096623264711,14.0,442500.0,294.0,4692.237542390823,94.30468854194754,0.31473392248153687,0.19168920814990997,0.2466769814491272,2.937941074371338,2672.0,16.0,0.31473392248153687,0.0,0.0,0.19168920814990997,0.0,0.0,0.2466769814491272,0.0,0.0,2.937941074371338,0.0,0.0,2672.0,0.0,0.0,16.0,0.0,0.0
40.94395064525917,1.0,1500.0,0.0,61.0,1826.0,0.4973487382761264,908.0,918.0,10.149953764573258,1.266178299811243,11007.32126640621,268.40000000000003,0.06517094017094018,33.48292682926829,8.830894308943089,11.567806323238953,123.0,33.12903225806453,8.583870967741932,11.65641509340784,62.0,33.48292682926829,8.830894308943089,11.567806323238953,123.0,0.431957449412877,-0.017614475466795603,-0.004580136142573786,-0.006052564978223651,0.0,-0.150674499564839,-0.04087744441814296,8.974124251947169,61.0,444000.0,295.0,4705.688400268555,94.35388879014191,0.3611406087875366,0.21872270107269287,0.28544488549232483,3.045234203338623,2441.0,16.0,0.26750170812010765,0.0713339516917674,0.057387010753154784,0.1223358535207808,0.08757270916316606,0.07334627825766803,0.2908943071961403,0.052848347923371806,-0.03190785944461822,2.8130123019218445,0.1540762679489252,0.053349804878235034,2383.75,96.72480292045056,58.300000000000026,16.0,0.0,-1.89900533991096e-15
44.405559570402716,1.0,1500.0,0.0,37.0,1858.0,0.29786242747848757,553.0,1305.0,10.352640106686058,1.242989187522636,10934.905677674818,283.40000000000003,0.06959041351537178,32.84193548387098,8.303225806451612,11.692029981399712,124.0,32.901149425287365,8.420689655172412,11.68121141891732,87.0,32.84193548387098,8.303225806451612,11.692029981399712,124.0,0.45109209131825867,-0.017732812976568594,-0.004328999612906023,-0.005770280164719263,0.0,-0.13850027979854504,-0.04206547852282199,9.241131432327466,37.0,445500.0,296.0,4716.3434336185455,94.4587700769273,0.28292158246040344,0.13325625658035278,0.29987362027168274,2.71480655670166,2505.0,16.0,0.28689582645893097,0.003974243998527527,-0.007948487997055137,0.15076415240764618,0.017507895827293396,-0.03501579165458679,0.2728416994214058,0.027031920850276947,0.05406384170055384,2.8917373418807983,0.17693078517913818,-0.35386157035827703,2355.5,149.5,299.0,16.0,0.0,-1.7763568394002505e-15
44.73415091633797,1.0,1500.0,0.0,80.0,1945.0,0.6116983764801424,1189.0,756.0,10.262767333341202,1.071695507681224,11048.833753610319,269.40000000000003,0.06206801216477744,33.13282442748091,8.077862595419845,11.514888023524112,131.0,33.29803921568627,8.117647058823529,11.467494195035597,51.0,33.13282442748091,8.077862595419845,11.514888023524112,131.0,0.4472430142204106,-0.01654207851266196,-0.0034099919394392428,-0.005647235267094642,0.0,-0.13774375641464248,-0.03902635093820886,8.945874289090264,80.0,447000.0,297.0,4731.883146047592,94.4655618500145,0.15778829157352448,0.09977675974369049,0.1164073720574379,1.9214810132980347,2581.0,16.0,0.2665901333093643,0.07136048632564668,-0.0361916095018387,0.18228937089443206,0.10452390368895936,-0.016849784553050987,0.16912156622856855,0.12101954577108634,-0.03874021982774143,2.60018937587738,0.5042135657983761,-0.2828897476196295,2396.4,95.5732180058828,43.99999999999974,16.4,0.4898979485566356,-0.1000000000000003
42.101580757785726,1.0,1500.0,0.0,54.0,2044.0,0.39422371318526456,805.0,1239.0,10.150129692074689,1.38387940210996,12056.71210565311,290.40000000000003,0.06335078534031413,33.45985401459855,8.376642335766427,11.440503305881093,137.0,33.38072289156627,8.303614457831328,11.465229783109274,83.0,33.45985401459855,8.376642335766427,11.440503305881093,137.0,0.4366711372507451,-0.018005537756129408,-0.005677728497473349,-0.005897596277131541,0.0,-0.1422542204568024,-0.040924434418869476,8.697284567055327,54.0,448500.0,298.0,4745.240780353546,94.51575183642933,0.34534919261932373,0.19340233504772186,0.3043784201145172,2.423738718032837,2648.0,17.0,0.3552733585238457,0.0599548773385674,-0.02574419677257539,0.22058941051363945,0.10065132736996264,-0.04679390341043473,0.26985447108745575,0.08193546435396776,0.042090660333633484,2.432877779006958,0.08067106906526772,-0.04364967346191428,2416.0,141.50441689219457,79.20000000000005,16.25,0.4330127018922193,0.30000000000000027
43.3092495896923,1.0,1500.0,0.0,67.0,1814.0,0.5539343814313047,1004.0,810.0,10.072275286977716,1.284654182374962,10422.49692188626,256.8,0.06238460790982412,33.740983606557364,8.534426229508195,11.473077599812235,122.0,33.98181818181818,8.636363636363638,11.33591157878929,55.0,33.740983606557364,8.534426229508195,11.473077599812235,122.0,0.44032281397205913,-0.0173287666331772,-0.004933990137922034,-0.0050643865659625855,0.0,-0.14259091366978946,-0.0402571977761862,9.209624716660146,67.0,450000.0,299.0,4758.984074115753,94.5579966210777,0.3384283185005188,0.18661198019981384,0.30408865213394165,2.279754638671875,2560.0,17.0,0.3098149560391903,0.09049578065108532,0.02851100414991383,0.11283513205125928,0.06432298846606539,0.016652947850525384,0.39437589794397354,0.14386090207817293,0.023722508549690297,2.0812500417232513,0.14430020585726647,0.03190075159072851,2372.5,110.74858915579918,88.00000000000009,16.25,0.4330127018922193,0.30000000000000027
43.47292848291068,1.0,1500.0,0.0,29.0,1871.0,0.23025729989984378,430.0,1441.0,10.304449447334623,1.966470457188859,11615.80151182119,261.2,0.06287612536709836,32.969841269841254,8.112698412698409,11.664369478826849,126.0,33.15257731958761,8.17525773195876,11.584426724563178,97.0,32.969841269841254,8.112698412698409,11.664369478826849,126.0,0.45921865603636713,-0.020523380019999617,-0.007551081965738742,-0.00824207652709059,0.0,-0.13847269212179797,-0.047690542793910724,9.692739701916212,29.0,451500.0,300.0,4769.11000084877,94.67175215493991,0.2869669198989868,0.15724368393421173,0.259853333234787,2.034233570098877,2421.0,16.0,0.2453826367855072,0.041584283113479614,0.0831685662269592,0.09972636215388775,0.05751732178032398,0.11503464356064792,0.29178765416145325,0.03193432092666626,-0.06386864185333252,2.375480055809021,0.34124648571014404,-0.6824929714202883,2385.5,35.5,70.99999999999977,16.0,0.0,-1.7763568394002505e-15
41.76827055723109,1.0,1500.0,0.0,94.0,2041.0,0.6853590990134092,1398.0,643.0,9.954461982281396,1.1318126080331619,11859.883944049287,273.8,0.05852678380573725,34.147445255474466,8.70948905109489,11.221930222257843,137.0,33.953488372093005,8.958139534883724,11.294883038483096,43.0,34.147445255474466,8.70948905109489,11.221930222257843,137.0,0.4275309601392067,-0.017470849621992496,-0.004430963903490643,-0.0044892184694958,0.0,-0.14122911277354402,-0.040951789964088964,8.451558723654738,94.0,453000.0,301.0,4786.228147983551,94.64655381938907,0.29188424348831177,0.1956552118062973,0.19273144006729126,1.3668969869613647,2613.0,16.0,0.3418323040008545,0.08210313700257937,-0.003168997168540989,0.21711671501398086,0.0713273776596322,0.019480355083942406,0.24968676269054413,0.08875961257172446,-0.045288787782192225,1.2779279351234436,0.3236516040021714,0.04961560964584335,2426.0,481.13449263173806,79.69999999999989,16.2,0.39999999999999997,-0.10000000000000095
44.58905194889415,1.0,1500.0,0.0,55.0,1923.0,0.42513963877818406,817.0,1106.0,10.402619749241389,1.3156459750423717,11301.167451584559,273.40000000000003,0.06489745537409798,32.65736434108527,8.127131782945737,11.801931092085017,129.0,32.97297297297298,8.3,11.6771008804884,74.0,32.65736434108527,8.127131782945737,11.801931092085017,129.0,0.45925952130772985,-0.019347216519635602,-0.006059515712327307,-0.005554963531613631,0.0,-0.1384389746205841,-0.04544974683651535,9.745200349147026,55.0,454500.0,302.0,4799.11953663826,94.70487170202333,0.3655501902103424,0.013386515900492668,0.7048656940460205,2.691854238510132,2280.0,16.0,0.41854558885097504,0.4084069065032439,0.2042788624763489,0.04397832741960883,0.12262508938213122,0.05351376105099919,0.7496708035469055,0.6129138623089424,0.3015125393867493,2.681438386440277,0.21802878535790574,-0.08829224109649661,2294.25,167.64900089174407,-94.89999999999992,16.0,0.0,-1.89900533991096e-15
40.392306772052734,1.0,1500.0,0.0,117.0,2030.0,0.8589720969231792,1743.0,287.0,9.781065379808869,1.575372510667426,12081.282726995758,278.0,0.05839845391143601,34.747445255474446,9.010218978102191,11.046899327387813,137.0,34.74,9.3,10.9618354494917,20.0,34.747445255474446,9.010218978102191,11.046899327387813,137.0,0.42100629569422743,-0.01732262353797363,-0.005678598906403083,-0.004725608609639286,0.0,-0.14528019511113574,-0.03997037140344157,8.314961498938695,117.0,456000.0,303.0,4819.126163959503,94.62296368380197,0.3207031190395355,0.177245631814003,0.28746041655540466,2.7272210121154785,2164.0,16.0,0.29326555665050236,0.11419375144969947,0.010075002110430182,0.1298359206744603,0.08000336240975332,0.019237469083496505,0.327363874231066,0.09433780336301228,-0.018323401255267012,2.522964988436018,0.2403805922783175,0.007671466895512135,2448.1428571428573,381.966501362705,18.214285714285552,16.142857142857142,0.34992710611188255,3.724255878701109e-16
38.780788040161134,1.0,1500.0,0.0,85.0,1895.0,0.6725685341443494,1274.0,621.0,9.84253043816172,1.4177234756529267,11412.649812557202,278.0,0.06340083926290822,34.52598425196852,9.396850393700788,11.217101161687184,127.0,33.96190476190477,9.190476190476192,11.376703272192728,42.0,34.52598425196852,9.396850393700788,11.217101161687184,127.0,0.4187777767163845,-0.017806779835911467,-0.005456280938105306,-0.005457864060203092,0.0,-0.15323560686617044,-0.0410905313642246,8.463250901032382,85.0,457500.0,304.0,4835.639536380768,94.61002966784734,0.2622676491737366,0.1627243012189865,0.1996249258518219,2.6911203861236572,2808.0,16.0,0.27371881902217865,0.06334899712001159,-0.02647391110658652,0.14679474448785185,0.07565134846181014,-0.02887498629279438,0.2543974906206131,0.07077878157519216,0.004783977568149558,2.746754693984985,0.17350973968424366,-0.09092316627502497,2548.2,217.7442536555213,-10.800000000000251,16.0,0.0,-1.297267614824132e-15
42.62046344307336,1.0,1500.0,0.0,44.0,2045.0,0.32075793281681897,655.0,1390.0,10.131703268449758,2.3021633930817376,13137.728600294042,297.6,0.06477168850389588,33.537226277372255,8.392700729927004,11.406834401269489,137.0,33.71182795698925,8.535483870967743,11.357447067514459,93.0,33.537226277372255,8.392700729927004,11.406834401269489,137.0,0.4446294108585775,-0.019884718660781304,-0.007361030308875684,-0.0044052020598924786,0.0,-0.13779222789905557,-0.045560131417078216,8.912394632682878,44.0,459000.0,305.0,4847.760929107666,94.68288694766323,0.2267351746559143,0.14470557868480682,0.1645507961511612,2.458075761795044,2650.0,16.0,0.2205750991900762,0.04545168176548,0.032325305044651,0.12185288841525714,0.053354139788037526,0.04827756620943545,0.19797303775946298,0.02616616853921694,-0.031944505870342234,2.6431155999501548,0.164567441553087,-0.19990241527557437,2429.0,250.9594920832178,45.49999999999991,16.0,0.0,7.944109290391273e-16
40.02333473317001,1.0,1500.0,0.0,92.0,2091.0,0.656306184525979,1372.0,719.0,9.786819946809592,1.5524646037581102,12532.481098977709,288.40000000000003,0.05933912184683758,34.71571428571428,9.122857142857145,11.05825270463844,140.0,35.05833333333332,9.587499999999997,11.021197802100948,48.0,34.71571428571428,9.122857142857145,11.05825270463844,140.0,0.4242593268918699,-0.018388862802477264,-0.006210397618199312,-0.004961097821471683,0.0,-0.14498154457694493,-0.0423960950130569,8.276129193340152,92.0,460500.0,306.0,4865.535363912582,94.64528886492205,0.6682835817337036,0.588215708732605,0.16056746244430542,2.158369541168213,2307.0,16.0,0.46534479161103565,0.32767025465910143,0.014206086737768985,0.3049360103905201,0.26274910999680734,0.04004284249884741,0.32129208991924924,0.18879834411798507,-0.05170504833970751,2.3726375102996826,0.30416300424867293,-0.1577326365879604,2470.1666666666665,223.4266596049411,46.42857142857145,16.333333333333332,0.4714045207910317,-0.11428571428571394
42.16068195929266,1.0,1500.0,0.0,73.0,1988.0,0.5437378953221219,1080.0,908.0,10.092034211012065,1.5042395790680683,11851.43899542335,296.40000000000003,0.0657031388544068,33.66567164179105,8.580597014925369,11.385868768793847,134.0,33.996721311475405,9.003278688524587,11.302813571005277,61.0,33.66567164179105,8.580597014925369,11.385868768793847,134.0,0.4417939489383849,-0.019401949467483765,-0.006978078759975518,-0.005800599951666385,0.0,-0.13932448733413752,-0.04476203080541933,8.86612888024486,73.0,462000.0,307.0,4880.214883327484,94.66796258876902,0.29158151149749756,0.23025041818618774,0.12316163629293442,2.497133731842041,2445.0,16.0,0.2989324629306793,0.023207165395127318,0.0031428873538971412,0.18354512378573418,0.037848579865666435,0.029920108616352088,0.23127917759120464,0.09964160727689686,-0.053551962226629266,2.5225284099578857,0.04241687511619538,0.012311983108520485,2397.5,214.18041460413696,103.60000000000025,16.0,0.0,-1.89900533991096e-15
39.350994195256916,1.0,1500.0,0.0,14.0,1977.0,0.10555963251476994,208.0,1769.0,9.955770626293722,2.2386217087232523,12898.720128206458,285.2,0.06332430392113327,34.119696969696975,8.76818181818182,11.296228211016032,132.0,34.122033898305084,8.696610169491528,11.299035471681602,118.0,34.119696969696975,8.76818181818182,11.296228211016032,132.0,0.428487956820258,-0.018716362471910383,-0.0044644167867578105,-0.00571519278364214,0.0,-0.15435294117647058,-0.04249599551836344,8.577494733263572,14.0,463500.0,308.0,4889.154547452927,94.80166673018483,-0.07225824147462845,-0.17402538657188416,0.20400218665599823,2.3394548892974854,2334.0,16.0,-0.07225824147462845,0.0,0.0,-0.17402538657188416,0.0,0.0,0.20400218665599823,0.0,0.0,2.3394548892974854,0.0,0.0,2334.0,0.0,0.0,16.0,0.0,0.0
41.32667105911033,1.0,1500.0,0.0,112.0,1840.0,0.9113294780555329,1676.0,164.0,10.262859581015036,1.7291001634800385,11321.355447533228,240.60000000000002,0.059112574320672205,33.09105691056911,8.492682926829271,11.681820686241055,123.0,31.74545454545455,7.800000000000001,12.134162946681029,11.0,33.09105691056911,8.492682926829271,11.681820686241055,123.0,0.4422292782494598,-0.020128128274359374,-0.007142170220731323,-0.005233521292923664,0.0,-0.1450792882217649,-0.04654175708288454,9.152374804258589,112.0,465000.0,309.0,4907.858383178711,94.74601011181375,0.41143548488616943,0.16554130613803864,0.49223485589027405,2.2325658798217773,2165.0,17.0,0.3155454567500523,0.07153923223723031,-0.0014889314770698816,0.14592842970575606,0.053706001833679864,-0.012434509715863656,0.33969596454075407,0.12435798892728664,0.021886918161596575,2.3095496722630093,0.18172344212577887,-0.021185117108481272,2409.5714285714284,395.117290775015,50.32142857142853,16.571428571428573,0.7284313590846835,0.14285714285714193
41.63868530031661,1.0,1500.0,0.0,71.0,1904.0,0.5570997607450692,1060.0,844.0,10.06808313135553,1.8143060921665213,11767.687629513604,295.2,0.06831435712302138,33.759375000000006,8.871875000000001,11.473719710084746,128.0,34.13684210526316,9.31578947368421,11.334892220912247,57.0,33.759375000000006,8.871875000000001,11.473719710084746,128.0,0.43941862136246673,-0.019166563433982844,-0.00725837127031871,-0.005940327983238366,0.0,-0.14337886549041928,-0.044751376830730695,9.133227424786813,71.0,466500.0,310.0,4922.391257286072,94.77101181453051,0.33835524320602417,0.21426503360271454,0.24860022962093353,2.0991604328155518,2393.0,16.0,0.21963972225785255,0.07311777007328561,0.040570183098316184,0.09763609943911433,0.07716386962904401,0.04694991987198593,0.2443823255598545,0.040071746165508855,-0.012792356312274942,1.875419795513153,0.5214661615184989,-0.16437766551971467,2440.25,74.86446086094523,20.50000000000008,16.0,0.0,-1.89900533991096e-15
41.10292260802311,1.0,1500.0,0.0,46.0,1804.0,0.37561736874409263,677.0,1127.0,10.30388549369695,1.1648438363871123,10797.501293836978,290.40000000000003,0.07215623912935447,32.988524590163934,8.5655737704918,11.71954274868386,122.0,32.95789473684212,8.410526315789472,11.709989779031144,76.0,32.988524590163934,8.5655737704918,11.71954274868386,122.0,0.4464747609048895,-0.019945366673156124,-0.0062830043939500315,-0.007247930177243131,0.0,-0.15065340065340066,-0.04545345263109708,9.35187735368329,46.0,468000.0,311.0,4934.165566921234,94.84886424109547,0.20250174403190613,0.0896218866109848,0.22609378397464752,1.6703250408172607,2771.0,17.0,0.2924261192480723,0.07024938322018474,-0.08573035895824437,0.15952411790688834,0.04957507112348346,-0.05476066470146179,0.2661628723144531,0.05936491032874575,-0.061997629702091245,1.794345498085022,0.33540567368837226,-0.29126369953155523,2438.0,257.78414743088194,185.4999999999998,16.333333333333332,0.4714045207910317,0.5000000000000008
40.48386941154798,1.0,1500.0,0.0,60.0,1894.0,0.46784717622093386,886.0,1008.0,10.140944449975114,1.884052341007898,11888.656773862262,284.6,0.0663310492704983,33.52031249999999,8.639062500000003,11.470201526732879,128.0,33.64411764705883,8.667647058823531,11.412549826113615,68.0,33.52031249999999,8.639062500000003,11.470201526732879,128.0,0.4402812429622755,-0.021137094049956416,-0.008958229064084559,-0.00555746731385774,0.0,-0.14525202520252026,-0.047027706159650455,9.027945520214983,60.0,469500.0,312.0,4947.76109957695,94.89140452641172,0.25614529848098755,0.15830829739570618,0.1960553377866745,1.9065698385238647,2373.0,16.0,0.29876039177179337,0.029069766020166473,-0.02110932767391203,0.16507470421493053,0.043613918803296035,0.01600538864731791,0.26779651641845703,0.09508711924150082,-0.07427698075771334,2.1257247626781464,0.2981981570988599,-0.23780778646469122,2295.75,74.20032008017216,64.29999999999991,16.0,0.0,-1.89900533991096e-15
40.14104277425342,1.0,1500.0,0.0,90.0,1938.0,0.691383033015284,1339.0,599.0,9.987136623799959,2.631331139186059,12635.765475437536,264.40000000000003,0.05978113412317988,34.021538461538455,8.778461538461537,11.283331529453418,130.0,35.720000000000006,10.170000000000003,10.7490745142078,40.0,34.021538461538455,8.778461538461537,11.283331529453418,130.0,0.4429305548456464,-0.023574362140230173,-0.012610198685026837,-0.004888607465304673,0.0,-0.1384928716904277,-0.05134648668287553,8.910786602037254,90.0,471000.0,313.0,4964.246654033661,94.87844436925641,0.1654399335384369,0.050196196883916855,0.23112718760967255,3.1984875202178955,2693.0,17.0,0.2818035244941711,0.08410651896287327,-0.002327272295951854,0.1540724478662014,0.06791287030485275,-0.01319943889975549,0.25604830086231234,0.06110462139388075,0.021775498986244177,2.9307322978973387,0.2827758620424722,0.15580680370330766,2415.4,149.64304193646961,65.69999999999979,16.2,0.4,0.19999999999999798
35.46271184459329,1.0,1500.0,0.0,112.0,1992.0,0.8432680370745307,1679.0,313.0,9.618237144247727,3.2518452828544735,13588.780906279979,238.8,0.050814997659275656,35.33383458646616,9.314285714285713,10.893483244124399,133.0,34.790476190476184,9.619047619047622,11.014368159805977,21.0,35.33383458646616,9.314285714285713,10.893483244124399,133.0,0.4085471726899412,-0.023614075624189705,-0.013576341370556999,-0.003923864180643484,0.0,-0.1461399650369368,-0.047690749141189946,7.976217023425193,112.0,472500.0,314.0,4984.1898810863495,94.79975909284867,0.41367051005363464,0.09731323271989822,0.633341372013092,3.1341567039489746,2554.0,16.0,0.4922419232981546,0.1622759584335471,0.022438280284404772,0.15087853824453695,0.07123325211562291,-0.01365164906850884,0.6833413881914956,0.37025412580644285,0.07217479071446833,3.0729681083134244,0.1783479149456494,-0.02533593348094403,2508.0,426.87803544204183,77.24999999999991,16.0,0.0,-3.724255878701109e-16
26.32662343978882,1.0,1500.0,0.0,12.0,1802.0,0.09875354420350071,177.0,1625.0,9.942568775655038,1.6403667906340789,11312.900960873376,294.6,0.07124891167650188,34.17190082644628,9.181818181818183,11.27017917392503,121.0,33.67339449541284,8.669724770642205,11.39799097041576,109.0,34.17190082644628,9.181818181818183,11.27017917392503,121.0,0.3706775715352362,-0.016827934415814136,-0.005304932052515693,-0.001893259078596717,0.0,-0.20067698259187622,-0.03457249064799388,7.128350788443694,12.0,474000.0,315.0,4992.6695239543915,94.93918989145776,0.375113844871521,0.10786791890859604,0.5351588726043701,3.3349204063415527,2658.0,16.0,0.375113844871521,0.0,0.0,0.10786791890859604,0.0,0.0,0.5351588726043701,0.0,0.0,3.3349204063415527,0.0,0.0,2658.0,0.0,0.0,16.0,0.0,0.0
41.12926926612854,1.0,1500.0,0.0,30.0,1860.0,0.23657641622839093,440.0,1420.0,10.152601893443684,2.4022268681233334,12389.110924124292,296.8,0.0709470765406129,33.467200000000005,8.6128,11.477515362418924,125.0,33.848421052631586,8.976842105263158,11.383381486983113,95.0,33.467200000000005,8.6128,11.477515362418924,125.0,0.4586540409719478,-0.026711897683221447,-0.01303910750067066,-0.007121142768445728,0.0,-0.13063273406490777,-0.05756021504224968,9.20822141837876,30.0,475500.0,316.0,5002.8992965221405,95.04488733773888,0.3022560477256775,0.06798741966485977,0.46921753883361816,3.4013803005218506,2318.0,16.0,0.34629224240779877,0.04403619468212128,-0.08807238936424258,0.08713553845882416,0.019148118793964386,-0.038296237587928765,0.5188610255718231,0.049643486738204956,-0.09928697347641002,2.7380833625793457,0.6632969379425049,1.3265938758850089,2393.5,75.5,-151.00000000000045,16.0,0.0,-1.7763568394002505e-15
37.5989056799438,1.0,1500.0,0.0,91.0,1835.0,0.7373563778242511,1353.0,482.0,9.959670469218626,3.132808448162808,12813.783778461613,233.20000000000002,0.05514045209495886,34.106451612903214,8.585483870967739,11.228920869699074,124.0,33.6969696969697,8.757575757575756,11.396045623777871,33.0,34.106451612903214,8.585483870967739,11.228920869699074,124.0,0.4260384792014734,-0.0246366562591913,-0.013765511306340574,-0.004949305896819571,0.0,-0.13970747171986456,-0.05103690746977803,8.324491099909174,91.0,477000.0,317.0,5019.929198741913,95.02126048302534,0.4359551668167114,0.27208831906318665,0.32841750979423523,3.418938636779785,2689.0,17.0,0.4203668882449468,0.10832327813759733,0.013297580821173532,0.14336873466769853,0.10668628695647242,0.02233011530978338,0.5546544641256332,0.1650258273060211,-0.018053350278309326,3.2907944122950235,0.12911824330187108,0.058607367106846525,2450.5,281.4905267796177,109.91428571428582,16.166666666666668,0.3726779962499649,0.14285714285714265
33.43464037205862,1.0,1500.0,0.0,115.0,2072.0,0.8275063955242371,1714.0,358.0,9.339333302399234,2.7804989948903995,13887.696316653115,299.6,0.059228214455163686,36.39136690647482,10.1726618705036,10.49055936652678,139.0,36.591666666666676,10.85,10.43327380019313,24.0,36.39136690647482,10.1726618705036,10.49055936652678,139.0,0.3968304231202841,-0.021982140959717632,-0.01152212321069046,-0.004486564220111561,0.0,-0.15433816838837447,-0.04408632518413383,7.3734633199993,115.0,478500.0,318.0,5040.851676225662,94.9244355386939,0.48259490728378296,0.3150901198387146,0.335693359375,3.418938398361206,2324.0,16.0,0.4522723470415388,0.139445667299184,-0.00015213446957722888,0.23037721003804887,0.08944750284441169,0.022340412650789544,0.4444673912865775,0.18485105102095553,-0.044981147561754524,3.385617937360491,0.04929157120418692,0.019701906612941078,2566.8571428571427,379.3473450062163,26.714285714285737,16.0,0.0,-3.724255878701109e-16
39.06610979035843,1.0,1500.0,0.0,86.0,1890.0,0.679466321305677,1284.0,606.0,10.115813022490102,2.418771986419439,12042.355755585984,267.8,0.06278720810278533,33.58425196850392,8.625196850393701,11.445657410255786,127.0,33.72682926829269,8.600000000000001,11.39208916733365,41.0,33.58425196850392,8.625196850393701,11.445657410255786,127.0,0.43811090367748645,-0.023352484922587752,-0.011535570011034266,-0.00564487496819301,0.0,-0.14510202486123056,-0.04932110708452568,8.850370325112971,86.0,480000.0,319.0,5056.80633354187,94.9215707186872,0.15339085459709167,0.045592568814754486,0.21627044677734375,3.369333028793335,2707.0,16.0,0.3660823225975037,0.14318792204643066,-0.07200769484043128,0.17217857390642166,0.08886896066252285,-0.0421342983841896,0.38848788738250734,0.12280691692088201,-0.0597480148077012,3.4020105838775634,0.01796536379583826,-0.006194400787353764,2420.2,242.9744019439085,-10.90000000000006,16.0,0.0,-1.297267614824132e-15
38.452858985544324,1.0,1500.0,0.0,111.0,1914.0,0.867477522165417,1660.0,254.0,9.77764800476398,2.1634061389168138,11597.335175221384,240.0,0.05394470667565745,34.75781250000001,9.2859375,11.11334738030848,128.0,35.623529411764714,10.000000000000002,10.846101590670568,17.0,34.75781250000001,9.2859375,11.11334738030848,128.0,0.42192535976693163,-0.0206382158604614,-0.009723703654412516,-0.004461040820949283,0.0,-0.1490632318501171,-0.04315534179293724,8.465329467821926,111.0,481500.0,320.0,5076.1333067417145,94.85566491339189,0.31861358880996704,0.16284066438674927,0.31222963333129883,3.418938636779785,1906.0,16.0,0.3776537946292332,0.08065435090235697,0.001174474401133381,0.17180987128189631,0.056859093010109454,0.013961803434150556,0.41236761638096403,0.1301447336823431,-0.02557217861924855,3.3989177090781078,0.03399192171940026,0.012372834341866418,2435.4285714285716,451.6695559312162,-20.64285714285712,16.285714285714285,0.45175395145262565,-0.0357142857142866
36.78004628520901,1.0,1500.0,0.0,59.0,1829.0,0.4785222518178303,875.0,954.0,9.922682599947544,2.3253731168015923,11764.841170560627,280.40000000000003,0.06658750890524816,34.23577235772357,8.970731707317075,11.21368767300299,123.0,33.76562499999999,8.725,11.418192123328906,64.0,34.23577235772357,8.970731707317075,11.21368767300299,123.0,0.4205033633000612,-0.02199504671066699,-0.011200733518646828,-0.005511533784246713,0.0,-0.14970882320624107,-0.04594286495484479,8.066490022156303,59.0,483000.0,321.0,5089.919008970261,94.8934549152513,0.4079006314277649,0.14649266004562378,0.5234938263893127,3.3893399238586426,2801.0,17.0,0.35263383388519287,0.08892260825163706,0.03215931653976441,0.09785458981059492,0.0730262170773452,0.05744714392349124,0.5102336630225182,0.18020941723324577,-0.050568851828575234,3.3758610486984253,0.05877920858692511,0.03393387794494648,2617.75,212.97109545663702,-20.100000000000144,16.25,0.4330127018922193,0.30000000000000027
40.39493319202553,1.0,1500.0,0.0,110.0,2048.0,0.8016724927634146,1641.0,407.0,10.009085443479064,1.9663162215915708,12627.660831218895,276.40000000000003,0.05899931693989071,33.94782608695652,8.80434782608696,11.329982444459676,138.0,33.65714285714286,8.835714285714282,11.425722072764858,28.0,33.94782608695652,8.80434782608696,11.329982444459676,138.0,0.42948072543666516,-0.019330639090427152,-0.008162393346917457,-0.004483184552879534,0.0,-0.1452116481537076,-0.04253478929142465,8.635654621305502,110.0,484500.0,322.0,5109.239270925522,94.82820715739047,0.2241777777671814,0.12164390832185745,0.20575150847434998,3.4189388751983643,2644.0,16.0,0.33290561607905794,0.07862780225980288,-0.021797657012939457,0.15921411556856974,0.05215537650726411,-0.004820627293416424,0.3480627579348428,0.08860868467103049,-0.03395395938839229,3.398719208581107,0.01847942041991983,0.0005168999944411915,2472.1428571428573,350.82858189941,41.107142857142925,16.142857142857142,0.3499271061118825,-0.07142857142857134
40.55877755756502,1.0,1500.0,0.0,77.0,1944.0,0.5925686999600815,1151.0,793.0,9.998338728557945,1.7494370905957386,11665.527816503483,276.40000000000003,0.06255091880148457,33.99076923076923,8.873846153846157,11.33201096458556,130.0,34.10943396226416,9.000000000000002,11.303557725483543,53.0,33.99076923076923,8.873846153846157,11.33201096458556,130.0,0.43255744730712264,-0.019441753742318237,-0.008653335895507618,-0.00488704449123098,0.0,-0.14585849870578085,-0.04198276711488579,8.688678765914789,77.0,486000.0,323.0,5124.409769773483,94.84019074092954,0.18386195600032806,0.07173262536525726,0.22493715584278107,3.3924834728240967,2514.0,16.0,0.36985791847109795,0.12282721387165786,-0.10778986066579814,0.19487540796399117,0.07476612077170691,-0.06225997358560563,0.35064300522208214,0.1046461754454444,-0.09106097072362908,3.389906108379364,0.01335114103579222,-0.0059203863143919054,2399.0,166.30844837229407,131.0000000000001,16.0,0.0,-1.89900533991096e-15
44.2640764862299,1.0,1500.0,0.0,48.0,1803.0,0.39194125734179175,706.0,1097.0,10.125737294873549,1.6252916651004714,11055.334103414714,262.2,0.06403555902896498,33.562295081967214,8.62950819672131,11.52058880706482,122.0,33.975675675675674,9.00810810810811,11.330388410467183,74.0,33.562295081967214,8.62950819672131,11.52058880706482,122.0,0.44792518820831634,-0.018102369501818177,-0.005475057393115751,-0.0058041710516026634,0.0,-0.13786948450664002,-0.04268330969383032,9.542209998478565,48.0,487500.0,324.0,5136.327525854111,94.91217169195893,0.07537568360567093,0.015120544470846653,0.12119406461715698,3.4189388751983643,2598.0,16.0,0.2630166634917259,0.13349628253537313,-0.14974507316946983,0.15355966767917076,0.10235519936427054,-0.12213806388899683,0.21959763765335083,0.0759149947368407,-0.05521382391452788,3.4183594385782876,0.000819447126647809,0.0008691549301140433,2351.3333333333335,216.94443733105692,105.99999999999942,16.0,0.0,7.944109290391273e-16
43.910897904724784,1.0,1500.0,0.0,66.0,1866.0,0.52483700234165,979.0,887.0,10.433584289750984,1.5644214343340896,11245.378945963024,275.8,0.06723221685924625,32.557142857142864,8.134920634920634,11.816538289991028,126.0,32.873333333333335,8.446666666666667,11.694999058724875,60.0,32.557142857142864,8.134920634920634,11.816538289991028,126.0,0.45819073401537996,-0.020500910099815847,-0.008240041454907546,-0.0061408042880354355,0.0,-0.13740984302078915,-0.04564064137819081,9.5903351395624,66.0,489000.0,325.0,5149.935638189316,94.95264297554003,0.266814261674881,0.1007046028971672,0.332903116941452,3.418938398361206,2279.0,16.0,0.32034169882535934,0.044415946553726396,-0.033284661173820486,0.15143569372594357,0.03285486312966655,-0.019178517907857896,0.338494174182415,0.09018966452039696,-0.028211638331413255,3.4107894897460938,0.014114599050007504,0.0032595634460447606,2305.0,59.3000843169721,-1.0000000000001432,16.0,0.0,-1.89900533991096e-15
40.27644414612741,1.0,1500.0,0.0,33.0,1916.0,0.2522992575957078,483.0,1433.0,10.11398152230314,1.618079231494714,11802.41856811768,286.2,0.06605123471036234,33.589147286821714,8.665116279069768,11.468465501491355,129.0,33.48958333333334,8.558333333333335,11.515744283493099,96.0,33.589147286821714,8.665116279069768,11.468465501491355,129.0,0.43362204524400627,-0.01937483969709536,-0.005866240228355577,-0.005918830232325812,0.0,-0.14935457845905606,-0.0431512501657654,8.732100408808247,33.0,490500.0,326.0,5160.967513561249,95.04031922524887,0.5055282115936279,0.3107375204563141,0.39026519656181335,3.418938636779785,2442.0,16.0,0.3527909864981969,0.11078625269403859,0.12966827303171155,0.20527816812197366,0.07628284059699822,0.08893513679504397,0.29570942123730976,0.06904472011174684,0.08146628737449642,3.418938636779785,0.0,-9.930136612989092e-16,2369.6666666666665,56.53514148051831,69.00000000000004,16.0,0.0,7.944109290391273e-16
40.163457572460175,1.0,1500.0,0.0,50.0,1882.0,0.39677253978798094,746.0,1136.0,10.077330253139053,1.6220705051651778,11541.485530718775,276.40000000000003,0.06502611396038206,33.734920634920655,8.885714285714284,11.465347724367254,126.0,33.56315789473683,8.739473684210525,11.52307921197414,76.0,33.734920634920655,8.885714285714284,11.465347724367254,126.0,0.43149146043452435,-0.018939708238406832,-0.0059636623660333545,-0.0042322875884058175,0.0,-0.1509946949602122,-0.04345659555709784,8.811456492317403,50.0,492000.0,327.0,5173.403102636337,95.10181020869601,0.21924638748168945,0.1508519947528839,0.13747258484363556,3.418938398361206,2447.0,16.0,0.26593851546446484,0.046748015759720714,-0.05528575181961064,0.17697498202323914,0.04780802108692718,-0.046595029532909414,0.1786107768615087,0.03647170057309076,-0.017381317913532313,3.4184865951538086,0.0006391148182309351,0.0006778240203857111,2375.6666666666665,72.62843030720745,85.49999999999959,16.0,0.0,7.944109290391273e-16
44.06773002025409,1.0,1500.0,0.0,39.0,2003.0,0.29070426040189407,582.0,1421.0,10.2514487344616,1.7080130114881387,12275.530742893914,295.2,0.06646253602305476,33.146268656716416,8.329850746268656,11.618356544362069,134.0,33.26736842105262,8.336842105263155,11.558907238752523,95.0,33.146268656716416,8.329850746268656,11.618356544362069,134.0,0.4503369155154426,-0.01772168757669204,-0.004973073434676145,-0.004271690388913783,0.0,-0.1431220201306728,-0.04155624937260657,9.40839926880279,39.0,493500.0,328.0,5184.48964715004,95.18776843758987,0.2607067823410034,0.16343867778778076,0.1952199935913086,3.418938398361206,2263.0,16.0,0.40117010474205017,0.14046332240104675,-0.2809266448020936,0.22382663190364838,0.060387954115867615,-0.12077590823173529,0.35537073016166687,0.16015073657035828,-0.32030147314071644,3.418938398361206,0.0,-1.3322676295501878e-15,2338.0,75.0,-150.00000000000023,16.0,0.0,-1.7763568394002505e-15
41.58031697765641,1.0,1500.0,0.0,115.0,1953.0,0.880855437979433,1720.0,233.0,10.020975367387809,1.3435652227564048,11280.5577787748,256.2,0.057679319194920975,33.90687022900764,8.731297709923664,11.397273280581631,131.0,32.77499999999999,8.3625,11.665576810219322,16.0,33.90687022900764,8.731297709923664,11.397273280581631,131.0,0.42972413576276214,-0.017596361158385865,-0.005538111276218322,-0.004917612049402869,0.0,-0.1450315910396324,-0.03998062977560408,8.77990281416133,115.0,495000.0,329.0,5203.834353685379,95.1221669170616,0.46136194467544556,0.28925812244415283,0.34489139914512634,3.418938636779785,2008.0,16.0,0.45055591634341646,0.19970791164871973,0.05691881052085332,0.286298285637583,0.13393268752462367,0.04578526318073273,0.32919905866895405,0.16518000113785333,0.022267096808978492,3.418938636779785,1.2744009109135837e-07,2.5544847601739557e-08,2367.714285714286,242.6053316371582,-7.89285714285723,16.285714285714285,0.699854212223765,-0.1428571428571423
41.13289551572366,1.0,1500.0,0.0,44.0,1830.0,0.36006189335346706,658.0,1172.0,10.364684879149385,1.7042249589038787,11214.954509954408,274.40000000000003,0.06802181457610312,32.79674796747968,8.160975609756099,11.7061775882228,123.0,32.91898734177213,8.098734177215187,11.63261900220511,79.0,32.79674796747968,8.160975609756099,11.7061775882228,123.0,0.4540291138392739,-0.02353748070674581,-0.011451887168012497,-0.005061839100358248,0.0,-0.1434090192368338,-0.051080039227303975,9.49657035697441,44.0,496500.0,330.0,5215.360985040665,95.19954638310213,0.30072396993637085,0.17649312317371368,0.2491455078125,3.418938636779785,2347.0,16.0,0.32828962802886963,0.05796334154147718,0.012753754854202244,0.17801190416018167,0.037549210214899,0.021845608949661227,0.3012392222881317,0.05020171180356407,-0.018183678388595626,3.418938636779785,0.0,-9.930136612989092e-16,2560.6666666666665,253.62746083357945,-284.99999999999983,16.0,0.0,7.944109290391273e-16
41.33979023945959,1.0,1500.0,0.0,95.0,1927.0,0.7373256580690687,1420.0,507.0,10.148804522092119,1.8118052718843844,11870.961720262118,265.0,0.06137669075412266,33.46976744186048,8.52403100775194,11.518393778234177,129.0,32.858823529411765,8.247058823529414,11.782971389400466,34.0,33.46976744186048,8.52403100775194,11.518393778234177,129.0,0.43458547990571283,-0.018977396770881685,-0.00712642800371504,-0.004835771990484935,0.0,-0.14389626818469323,-0.042573762246420656,8.811419090239681,95.0,498000.0,331.0,5232.832066059113,95.16835123184983,0.4255947768688202,0.2725414037704468,0.3067905306816101,3.418938636779785,2194.0,16.0,0.3094696030020714,0.0824863637494486,-0.0069426251309258604,0.19803494587540627,0.07198805793843668,-0.012717813040528976,0.22355310122172037,0.0485654627759306,0.011550371987479074,3.418938676516215,8.88533583283341e-08,-6.8119595648540474e-09,2346.6666666666665,239.5639557381053,52.457142857142905,16.0,0.0,0.0
37.9448227799765,1.0,1500.0,0.0,101.0,1890.0,0.7983564860827151,1508.0,382.0,9.9362077851714,2.599986395598837,12612.140214995941,278.6,0.06414625161171486,34.198425196850394,9.22834645669291,11.289166478509951,127.0,35.03076923076923,9.53076923076923,10.895755191618397,26.0,34.198425196850394,9.22834645669291,11.289166478509951,127.0,0.42920177872717746,-0.022522744618012052,-0.010636270380624825,-0.005514941676303058,0.0,-0.1509310682783404,-0.04710611148311827,8.775819941489788,101.0,499500.0,332.0,5250.7999613285065,95.12836209315834,0.5011033415794373,0.2565035820007324,0.48988333344459534,3.4189388751983643,2424.0,17.0,0.4156220058600108,0.1034058811681327,0.04707318714686799,0.2206292375922203,0.044673102127866786,0.014273781010082785,0.3906691347559293,0.144831806711213,0.06559878289699553,3.4180076122283936,0.002082154060452879,-0.00015963145664777296,2421.5,292.6110900153991,37.17142857142859,16.166666666666668,0.3726779962499649,0.14285714285714265
38.90828456878662,1.0,1500.0,0.0,55.0,1989.0,0.4122939277516682,820.0,1169.0,9.918056421460635,2.2780413106123554,12780.465375583623,274.40000000000003,0.06022827041264267,34.25563909774437,8.908270676691728,11.242246452478218,133.0,34.625641025641045,9.112820512820509,11.123082473563212,78.0,34.25563909774437,8.908270676691728,11.242246452478218,133.0,0.43563127144823605,-0.023127716834126365,-0.011570763098601725,-0.005755602760611071,0.0,-0.1441079897847501,-0.04962367812085931,8.790347760874788,55.0,501000.0,333.0,5264.3472599983215,95.16849388088424,0.3194144368171692,0.15638266503810883,0.3267473578453064,3.418938398361206,2621.0,16.0,0.34738437831401825,0.08339128221834699,0.0035925984382629444,0.20192419365048409,0.06903738669626311,-0.004854787886142717,0.2916041538119316,0.042017059510699666,0.016894790530204803,3.418938636779785,1.6858739404357614e-07,-9.536743146834426e-08,2511.0,165.48867030706361,21.999999999999748,16.0,0.0,-1.89900533991096e-15
38.988303468145176,1.0,1500.0,0.0,58.0,1837.0,0.46839113782549363,860.0,977.0,9.906076801022177,2.0284724320070526,11779.536694595445,286.0,0.06724348725665381,34.30000000000001,9.161290322580646,11.214950458823795,124.0,34.92727272727273,9.560606060606059,11.024537439185591,66.0,34.30000000000001,9.161290322580646,11.214950458823795,124.0,0.43752581943492885,-0.022877062488784773,-0.010934755956302068,-0.006803884079075584,0.0,-0.14608172242157658,-0.04825928145980743,8.815983094391207,58.0,502500.0,334.0,5277.400595426559,95.21733112992612,0.1065642312169075,0.017362628132104874,0.17908699810504913,3.418938636779785,2347.0,16.0,0.349027914305528,0.20785222259847552,-0.25380667671561247,0.22746647025148073,0.18163316978501337,-0.22156654112040994,0.24380667507648468,0.05264899456369459,-0.06448025256395343,3.418938636779785,1.9466795466607238e-07,-1.1920928951361199e-07,2347.3333333333335,4.4969125210773475,2.5000000000002216,16.0,0.0,7.944109290391273e-16
38.225258988804285,1.0,1500.0,0.0,45.0,1914.0,0.346459728553946,663.0,1251.0,9.979685822923916,1.8942034342974554,11954.474150096208,297.0,0.06757371678194393,34.07131782945738,9.144186046511626,11.30507202959829,129.0,34.180952380952384,9.25,11.275801996709784,84.0,34.07131782945738,9.144186046511626,11.30507202959829,129.0,0.43287832840064194,-0.022755873473713467,-0.011168567937501574,-0.005837549944494881,0.0,-0.1487145390070922,-0.04844528113537164,8.753398516286463,45.0,504000.0,335.0,5289.533117771149,95.28251147662169,0.3893672227859497,0.23691199719905853,0.30559423565864563,3.418938636779785,2434.0,16.0,0.32665586471557617,0.04728403769233704,0.05708506703376769,0.17079278081655502,0.04846460090003709,0.057406272739171975,0.3124099572499593,0.008746131890572646,-0.0006424039602279567,3.418938716252645,1.1239159602905075e-07,-5.958081967793455e-16,2411.0,90.07034288080992,71.50000000000006,16.0,0.0,7.944109290391273e-16
37.49587401598692,1.0,1500.0,0.0,40.0,1897.0,0.3121077731539757,592.0,1305.0,10.219690410595346,1.9289425215615814,11918.447323445125,300.8,0.07120874958572038,33.26141732283464,8.52755905511811,11.59319281765129,127.0,33.02298850574713,8.294252873563217,11.672485501055233,87.0,33.26141732283464,8.52755905511811,11.59319281765129,127.0,0.43256386421847987,-0.02396011927943967,-0.011735688276904221,-0.005496833412621377,0.0,-0.15,-0.05071430821274785,8.802007477281224,40.0,505500.0,336.0,5300.5969161987305,95.36661775868711,0.4804537892341614,0.28014490008354187,0.4013015627861023,3.418938636779785,2469.0,16.0,0.35483168810606003,0.12562210112810135,0.25124420225620264,0.1903439536690712,0.08980094641447067,0.17960189282894126,0.32965925335884094,0.07164230942726135,0.14328461885452265,3.418938636779785,0.0,0.0,2416.0,53.0,105.99999999999977,16.0,0.0,-1.7763568394002505e-15
29.444256946820172,1.0,1500.0,0.0,119.0,1961.0,0.9077816033777478,1780.0,181.0,9.361800121449177,3.675474765973308,14514.873404950238,293.40000000000003,0.061227045075125205,36.30303030303029,10.446969696969704,10.569383961570319,132.0,32.12307692307692,7.953846153846151,12.072897782392392,13.0,36.30303030303029,10.446969696969704,10.569383961570319,132.0,0.38899895573162935,-0.024613996794278923,-0.01520660375516907,-0.005282236556118754,0.0,-0.16189847045073427,-0.04755142540985415,7.2109188681926595,119.0,507000.0,337.0,5322.206242799759,95.26124634608138,0.5334599018096924,0.23333202302455902,0.6009395718574524,3.418938636779785,2534.0,16.0,0.4399087205529213,0.11446035603965571,0.04046564513728729,0.21197722665965557,0.045188879586197404,0.0044397546776703345,0.4565467797219753,0.1972237447776211,0.07205178162881304,3.418938636779785,1.1920928955078125e-07,-1.135326595883145e-08,2584.25,480.19781080300646,68.02380952380943,16.0,0.0,-1.2010364325881774e-15
32.321509521741135,1.0,1500.0,0.0,104.0,1807.0,0.8626597176919859,1558.0,249.0,9.623419453434723,3.761263710526078,13009.51981449272,245.0,0.05735555763648282,35.302479338842986,9.672727272727277,10.959097646946708,121.0,32.71764705882353,7.505882352941175,11.696943653457133,17.0,35.302479338842986,9.672727272727277,10.959097646946708,121.0,0.4041230103807986,-0.02512700692852996,-0.01616700474646413,-0.004941082437418465,0.0,-0.15675952108778052,-0.0484904661545903,7.927326343553387,104.0,508500.0,338.0,5340.862853765488,95.2093348814397,0.7672816514968872,0.2097528725862503,1.1157413721084595,3.4189388751983643,2956.0,16.0,0.4190214624007543,0.20927373852800837,0.008192139863967858,0.14641122333705425,0.09356067902312826,-0.009800624953848992,0.545904258886973,0.3032381086237735,0.035985541343688955,3.418938716252645,1.7770671665666814e-07,4.0871756191504745e-08,2552.5,263.703589913625,65.0,16.0,0.0,0.0
33.0475607404814,1.0,1500.0,0.0,68.0,1816.0,0.5564849504346084,1010.0,806.0,9.980544613592125,3.593755464969942,12774.312039426804,284.0,0.06835467411187061,34.05573770491804,8.888524590163934,11.301216375078798,122.0,33.41481481481481,8.396296296296294,11.458978366573957,54.0,34.05573770491804,8.888524590163934,11.301216375078798,122.0,0.42042778009992304,-0.029064616460911307,-0.02038868107263139,-0.0059239881068235516,0.0,-0.15036698122199982,-0.05463889237370768,8.355970776444558,68.0,510000.0,339.0,5355.576151847839,95.22784954220738,0.44370222091674805,0.11112738400697708,0.6658334732055664,3.418938636779785,2330.0,16.0,0.5653404474258423,0.11976577694472826,-0.034735208749771214,0.15988351851701738,0.05179327487516949,-0.02417346388101581,0.8115976691246033,0.28987477561965946,-0.021123498678207498,3.418938636779785,1.5078914929239175e-07,2.384185734497154e-08,2548.0,238.0966190436143,-88.20000000000034,16.0,0.0,-1.297267614824132e-15
38.7377087758935,1.0,1500.0,0.0,69.0,2084.0,0.4952539235879882,1032.0,1052.0,10.133469625940586,2.062239219457255,12835.554194194212,307.0,0.06539428279299621,33.532857142857154,8.48,11.462858480918928,140.0,33.23098591549295,8.163380281690142,11.545233028010415,71.0,33.532857142857154,8.48,11.462858480918928,140.0,0.4331593504257259,-0.022479866865254668,-0.011449156349563557,-0.005218429822113284,0.0,-0.14648023143683703,-0.04785936682616402,8.728987610794121,69.0,511500.0,340.0,5370.385115146637,95.24456608472363,0.3756646513938904,0.19159315526485443,0.3688267767429352,3.418938636779785,2435.0,16.0,0.3684454821050167,0.11208093149285465,0.028268878161907252,0.1675464315339923,0.07624591960218755,0.04371512494981291,0.40248187631368637,0.12166238750231409,-0.030892488360404924,3.418938636779785,0.0,2.3737566748887e-16,2329.25,125.84191471842757,104.50000000000001,16.0,0.0,-1.89900533991096e-15
38.62921357521644,1.0,1500.0,0.0,65.0,2036.0,0.47489830506259656,966.0,1070.0,10.115194402734588,2.7245161911073965,13242.11121285467,300.0,0.06520038250891072,33.58540145985401,8.413138686131386,11.3828132683192,137.0,32.958333333333336,8.030555555555557,11.59051660085921,72.0,33.58540145985401,8.413138686131386,11.3828132683192,137.0,0.4275705794889808,-0.021377406606935687,-0.011602784817149232,-0.00502414204653881,0.0,-0.14535884198805546,-0.0451020070100907,8.368256201334503,65.0,513000.0,341.0,5384.867702007294,95.26696446205563,0.2450653612613678,0.12410321086645126,0.24260808527469635,3.418938636779785,2395.0,16.0,0.23708654195070267,0.10109616099262798,0.01876642405986784,0.07160003297030926,0.12362323067424123,0.04009179249405859,0.3316568173468113,0.06379610865097718,-0.04265074282884594,3.4189385771751404,1.0323827311807139e-07,7.15255739573217e-08,2496.25,70.89208347904581,-24.699999999999832,16.0,0.0,-1.89900533991096e-15
36.28211290041606,1.0,1500.0,0.0,15.0,1805.0,0.1222742583644495,220.0,1585.0,10.414116480986829,2.522316869777627,11894.308739011543,243.8,0.06172776990074944,32.64132231404958,7.806611570247931,11.760954291988432,121.0,32.53962264150944,7.745283018867922,11.797575221639226,106.0,32.64132231404958,7.806611570247931,11.760954291988432,121.0,0.4407966887799516,-0.030459248588020977,-0.01896113777937141,-0.003697598946936196,0.0,-0.13918918918918918,-0.06292723266159785,8.818894758332995,15.0,514500.0,342.0,5393.249458551407,95.39703363511606,0.31181639432907104,0.11754998564720154,0.3892112672328949,3.392420530319214,2476.0,16.0,0.31181639432907104,0.0,0.0,0.11754998564720154,0.0,0.0,0.3892112672328949,0.0,0.0,3.392420530319214,0.0,0.0,2476.0,0.0,0.0,16.0,0.0,0.0
38.71192150849562,1.0,1500.0,0.0,52.0,1853.0,0.41918369754384727,776.0,1077.0,10.292356735655817,2.058226164376674,11338.447627735082,253.20000000000002,0.061882882002150745,32.9967741935484,8.074193548387099,11.72041238463104,124.0,32.42222222222223,7.472222222222222,11.887553028503543,72.0,32.9967741935484,8.074193548387099,11.72041238463104,124.0,0.4337889893925408,-0.02241637555677448,-0.011716657496271557,-0.004574857169936852,0.0,-0.14840445982314496,-0.04832929259326785,8.948375692121044,52.0,516000.0,343.0,5405.744813680649,95.45400639226018,0.4462295174598694,0.23553508520126343,0.4220726490020752,3.4189388751983643,2644.0,17.0,0.39156434933344525,0.04165876574887327,0.03148613870143888,0.18224685142437616,0.04855162663785714,0.05871560052037237,0.4193187753359477,0.09232436847234712,-0.05445891618728644,3.418938716252645,1.1239159602905075e-07,1.1920928871920106e-07,2438.3333333333335,285.9211235443945,304.9999999999999,16.333333333333332,0.4714045207910317,0.5000000000000008
39.47097703585258,1.0,1500.0,0.0,52.0,1889.0,0.40607905250117377,767.0,1122.0,10.14923248773235,2.107995825868964,11900.153509387252,268.2,0.06307916647067124,33.47874015748033,8.488188976377948,11.495118348598998,127.0,33.303999999999995,8.317333333333336,11.574401429342814,75.0,33.47874015748033,8.488188976377948,11.495118348598998,127.0,0.4355248085682452,-0.021584355456462694,-0.01010903605069121,-0.004957309051881082,0.0,-0.14602623456790123,-0.047348916988087235,8.74097924293438,52.0,517500.0,344.0,5418.129990577698,95.51265859253084,0.287130206823349,0.18160927295684814,0.2117256373167038,3.418938636779785,2584.0,16.0,0.43782590826352435,0.10861274461003902,-0.125898078083992,0.23147566119829813,0.03557449972816161,-0.040286183357238804,0.4133843034505844,0.1462792698571569,-0.17122382670640957,3.4189387957255044,1.1239159602905075e-07,-1.1920928931500926e-07,2372.3333333333335,149.73829021180774,161.5000000000001,16.0,0.0,7.944109290391273e-16
39.005832278728484,1.0,1500.0,0.0,80.0,1964.0,0.6054843038118931,1189.0,775.0,10.006417575513273,2.1836294079391574,12554.008228005694,292.8,0.06532214884883099,33.95757575757576,8.881818181818181,11.31406422858141,132.0,33.81923076923078,9.15,11.365606084768107,52.0,33.95757575757576,8.881818181818181,11.31406422858141,132.0,0.428351453237817,-0.021798074681881878,-0.010966842299232294,-0.0052250912695874716,0.0,-0.1433923425277892,-0.04646724255554759,8.567143420902998,80.0,519000.0,345.0,5433.99444937706,95.50985096414607,1.0569320917129517,0.16471177339553833,1.78512442111969,3.4189388751983643,2542.0,16.0,0.5189818322658539,0.27791209798871175,0.14162192642688745,0.1751927301287651,0.0816125060730249,-0.0006885804235935526,0.6882619798183441,0.5494932765494709,0.2846210092306136,3.418938636779785,2.132480599880018e-07,7.152557300786534e-08,2424.8,207.05690039213857,55.69999999999953,16.0,0.0,-1.297267614824132e-15
40.12804447188974,1.0,1500.0,0.0,80.0,2006.0,0.5954820548463494,1194.0,812.0,10.030775619407851,2.0578337582983237,12562.128887272454,294.8,0.06449072453622681,33.86074074074072,8.65481481481481,11.278616252234006,135.0,33.654545454545456,8.592727272727274,11.361647013321335,55.0,33.86074074074072,8.65481481481481,11.278616252234006,135.0,0.42991475319143296,-0.020185002589639185,-0.00829682419498835,-0.005379691040960602,0.0,-0.1437009500206526,-0.04293176386212187,8.440101270591896,80.0,520500.0,346.0,5449.961026668549,95.50527012083445,0.19842597842216492,0.03208670765161514,0.33336231112480164,3.418938636779785,2619.0,16.0,0.35028191804885866,0.08272339109754964,-0.03471096754074099,0.16226264089345932,0.0754744409042651,-0.033563092350959764,0.37672234177589414,0.08010134801967274,-0.0022957503795624076,3.418938684463501,9.536743164062499e-08,-2.3841857993605348e-08,2486.8,174.75399852363893,9.399999999999743,16.4,0.4898979485566356,-0.20000000000000318
38.28074748699482,1.0,1500.0,0.0,78.0,1874.0,0.6216181164318797,1164.0,710.0,10.100508690483935,1.9617376906469908,11721.017822448308,278.40000000000003,0.06565108711031457,33.655555555555566,8.77301587301587,11.424293544998946,126.0,32.337500000000006,8.0375,11.900101025373031,48.0,33.655555555555566,8.77301587301587,11.424293544998946,126.0,0.42312659567563793,-0.0202971567699757,-0.008431036828510773,-0.005805487792587819,0.0,-0.15031751336898397,-0.04314550234813746,8.340815783623347,78.0,522000.0,347.0,5465.613218307495,95.5062093035637,0.39821159839630127,0.2648344039916992,0.267438143491745,3.418938636779785,2623.0,16.0,0.4098560571670532,0.0774370615281679,0.009414124488830541,0.23401246666908265,0.07459440184488199,0.001818713545799218,0.35237095355987547,0.08437674212654314,0.015190812945365836,3.4189387798309325,1.1680077279964342e-07,-2.384185831792225e-08,2464.8,114.46291976006903,12.399999999999633,16.2,0.39999999999999997,-2.594535229648264e-15
40.022245987669216,1.0,1500.0,0.0,77.0,2033.0,0.5658881088973281,1150.0,883.0,10.238272860468959,2.5829604605277927,13396.874994826716,278.2,0.061625022151337944,33.194117647058825,8.380882352941173,11.59773708658178,136.0,33.0406779661017,8.155932203389828,11.64069225399205,59.0,33.194117647058825,8.380882352941173,11.59773708658178,136.0,0.44029857123360233,-0.02245137322488597,-0.01082891875521694,-0.004678602577282402,0.0,-0.14437916520519117,-0.04867529771936532,9.026289744134221,77.0,523500.0,348.0,5481.151401758194,95.5091296752132,0.46139854192733765,0.2427733838558197,0.43793413043022156,3.418938398361206,2259.0,16.0,0.19830910712480546,0.28544643319464463,-0.004475861042738006,0.027989359200000764,0.2625361699350407,-0.016727473586797725,0.34132328629493713,0.05965407574495675,0.024503231048583936,3.418938684463501,1.784161275279017e-07,-7.152557430513296e-08,2331.0,66.13017465575,-40.5000000000003,16.0,0.0,-1.297267614824132e-15
37.65601387517206,1.0,1500.0,0.0,58.0,1902.0,0.4506437427666408,857.0,1045.0,10.059629797815518,2.305347229371429,12081.548472871935,277.2,0.06406286110469148,33.804687499999986,8.648437500000004,11.345187166158293,128.0,33.50285714285714,8.522857142857141,11.43414222385873,70.0,33.804687499999986,8.648437500000004,11.345187166158293,128.0,0.4292173756825696,-0.024160002864197633,-0.014455539143678319,-0.0043264226598358395,0.0,-0.14518147684605756,-0.04883804221903355,8.522616990117761,58.0,525000.0,349.0,5494.360761642456,95.55251698526239,0.3213748335838318,0.1469009965658188,0.34963148832321167,3.418938398361206,2523.0,16.0,0.2510516668359439,0.09188660357772793,0.005425065755844139,0.11164666712284088,0.06094400398498377,-0.007614746689796447,0.2794937839110692,0.06584569651309208,0.026079654693603502,3.418938716252645,2.247831920581015e-07,-2.3841857922582673e-07,2589.3333333333335,182.09948440954525,57.999999999999694,16.333333333333332,0.4714045207910317,-7.944109290391273e-16
33.02468236880516,1.0,1500.0,0.0,67.0,1979.0,0.5034204971465068,996.0,983.0,9.662414415446476,3.246770927649476,13283.062707587094,305.6,0.06532147742818058,35.17593984962407,9.37894736842105,10.879245096476668,133.0,35.00606060606061,9.36969696969697,10.945256360165256,66.0,35.17593984962407,9.37894736842105,10.879245096476668,133.0,0.41141004493851024,-0.027273571943507064,-0.018909033645425503,-0.00534730305326771,0.0,-0.14917939474433164,-0.05064522438417725,7.843409898849101,67.0,526500.0,350.0,5509.532587051392,95.56164550825787,0.45901042222976685,0.3330575227737427,0.25258955359458923,3.418938636779785,2584.0,16.0,0.4603108406066895,0.11818790682485557,0.05651964545249934,0.20502741783857345,0.07693559926518892,0.04568867087364192,0.5112506210803985,0.21877507249008085,0.021661943197250365,3.418873357772827,0.00013055801391601563,-3.24316903706033e-16,2485.0,160.41446318832973,68.39999999999966,16.0,0.0,-1.297267614824132e-15
35.95673038086421,1.0,1500.0,0.0,71.0,1880.0,0.5626246552969472,1057.0,823.0,10.089273063268367,3.311450600551262,12981.252813506948,289.6,0.06825359415507895,33.67460317460317,8.892063492063492,11.459606214646962,126.0,33.64727272727273,8.978181818181817,11.483182643561664,55.0,33.67460317460317,8.892063492063492,11.459606214646962,126.0,0.4335278590524841,-0.02718283320148349,-0.019297345899965204,-0.005401560449108581,0.0,-0.14690987526962393,-0.05393074175739968,8.802800445049712,71.0,528000.0,351.0,5523.980110168457,95.58325509320096,0.24777093529701233,0.11866479367017746,0.2588960528373718,3.418938636779785,2566.0,16.0,0.3585958108305931,0.11509930285105782,-0.06847265660762776,0.13280902057886124,0.05880088575610171,-0.024267546832561455,0.452257364988327,0.13599607238502007,-0.088410222530365,3.4189387559890747,1.1920928955078125e-07,-1.18687833744435e-16,2381.25,201.3595974866855,168.30000000000004,16.0,0.0,-1.89900533991096e-15
52.61263370513916,1.0,1500.0,0.0,12.0,1846.0,0.0975523912758545,180.0,1666.0,10.393633021261216,2.059316450045224,11765.071324433418,259.0,0.06389697537869443,32.68870967741936,7.911290322580645,11.712851650417571,124.0,33.203571428571436,8.35,11.543454166775538,112.0,32.68870967741936,7.911290322580645,11.712851650417571,124.0,0.5453999550071784,-0.032488470333566256,-0.020703816570075157,-0.0017568783287486255,0.0,-0.0782103825136612,-0.0752386125970662,11.498414091399868,12.0,529500.0,352.0,5531.753432512283,95.72010149402556,0.8105159401893616,0.021423857659101486,1.5788670778274536,3.4147849082946777,2472.0,16.0,0.8105159401893616,0.0,0.0,0.021423857659101486,0.0,0.0,1.5788670778274536,0.0,0.0,3.4147849082946777,0.0,0.0,2472.0,0.0,0.0,16.0,0.0,0.0
38.97466668060848,1.0,1500.0,0.0,28.0,2014.0,0.20333787718501328,409.0,1605.0,10.232434259196026,2.411823863274664,12987.085103547479,250.8,0.05593719332679097,33.21185185185185,8.122962962962962,11.62741690656583,135.0,33.3233644859813,8.199999999999998,11.59929897116935,107.0,33.21185185185185,8.122962962962962,11.62741690656583,135.0,0.44868127031035404,-0.028022078775228335,-0.01709859130583132,-0.005951324684721671,0.0,-0.13444553483807656,-0.05877192507254425,9.22105701193786,28.0,531000.0,353.0,5542.107451677322,95.81192797683714,0.5307238101959229,0.24130983650684357,0.5795117616653442,3.418938636779785,2367.0,16.0,0.5648640692234039,0.03414025902748108,-0.06828051805496216,0.14558173529803753,0.09572810120880604,0.19145620241761202,0.8392472863197327,0.2597355246543884,-0.519471049308777,3.413085460662842,0.005853176116943359,0.011706352233886719,2227.5,139.5,278.9999999999998,16.0,0.0,-1.7763568394002505e-15
34.888929512308934,1.0,1500.0,0.0,87.0,1946.0,0.668394147797081,1300.0,646.0,9.86363333945039,3.469200096684496,13877.97779025797,283.6,0.06282954495103904,34.456488549618314,9.076335877862599,11.105482748916936,131.0,34.527272727272724,9.172727272727274,11.026364746801399,44.0,34.456488549618314,9.076335877862599,11.105482748916936,131.0,0.421134004074868,-0.027210230186143915,-0.017215674890198054,-0.004861435132075262,0.0,-0.14645334526739762,-0.05290430727844608,8.307778125626843,87.0,532500.0,354.0,5558.8030462265015,95.7940037759529,0.3974558115005493,0.13333645462989807,0.5289224982261658,3.418938636779785,2419.0,17.0,0.6333845973014831,0.36048284974493006,-0.02579813599586494,0.21345178484916688,0.04527676228336518,-0.015930348634719857,0.8405493795871735,0.6823844716085642,-0.01973556578159335,3.418938684463501,1.784161275279017e-07,-2.3841857993605348e-08,2451.6,311.64633801795264,102.99999999999983,16.2,0.4,0.19999999999999798
42.82385404586792,1.0,1500.0,0.0,50.0,1806.0,0.4082738995109158,737.0,1069.0,10.292594829002864,1.9312341407905926,11296.903454515914,258.0,0.06406118091076128,33.01147540983608,8.268852459016392,11.671374494831039,122.0,33.366666666666674,8.369444444444444,11.48981569170655,72.0,33.01147540983608,8.268852459016392,11.671374494831039,122.0,0.45473018128862075,-0.02084370567295775,-0.008659772824204846,-0.006211121464448815,0.0,-0.1411200667037243,-0.047648491875530705,9.686701520978195,50.0,534000.0,355.0,5570.909179925919,95.85508985215607,0.3536754846572876,0.1478201299905777,0.41239452362060547,3.418938636779785,2301.0,16.0,0.3411995271841685,0.0736787044032683,-0.035437256097793565,0.14963547885417938,0.011076933039439754,-0.008099019527435313,0.38381190101305646,0.12592523652168658,-0.0546764731407166,3.418938636779785,0.0,-9.930136612989092e-16,2410.6666666666665,154.38552033428812,-0.49999999999967826,16.0,0.0,7.944109290391273e-16
42.71284534335136,1.0,1500.0,0.0,40.0,1988.0,0.29760554655852944,591.0,1397.0,10.211400874288211,1.790299887960647,12062.041761815524,281.2,0.06306912483739291,33.27313432835819,8.179104477611943,11.545456609989998,134.0,33.2,8.123404255319153,11.56615920921313,94.0,33.27313432835819,8.179104477611943,11.545456609989998,134.0,0.4397755594784401,-0.018053391766771305,-0.006511608795637193,-0.005881104525157131,0.0,-0.14011127971674253,-0.04138256231412195,8.930519862967099,40.0,535500.0,356.0,5582.702496290207,95.92128549852838,0.48265939950942993,0.1711367517709732,0.6237290501594543,3.418938636779785,2327.0,16.0,0.4596653680006663,0.06359490031966507,-0.020403921604156525,0.2443471203247706,0.06467126776842087,-0.07864456623792648,0.4313202699025472,0.14344068630223497,0.1164812743663788,3.418938716252645,1.1239159602905075e-07,-1.1920929010942018e-07,2350.6666666666665,221.49542257622892,117.49999999999974,16.0,0.0,7.944109290391273e-16
39.883550311604594,1.0,1500.0,0.0,73.0,2023.0,0.539734357647553,1091.0,932.0,10.070968026565488,2.3249612945760916,13111.329001278615,278.0,0.0605902096682795,33.736764705882344,8.68676470588235,11.396752527518542,136.0,33.82539682539682,8.806349206349207,11.393735343609388,63.0,33.736764705882344,8.68676470588235,11.396752527518542,136.0,0.4351510837364004,-0.02212766235532442,-0.010520904078384193,-0.004279582612487719,0.0,-0.1433998535335042,-0.04664370827953423,8.730790335443507,73.0,537000.0,357.0,5597.579316616058,95.93432618381121,0.518127977848053,0.16386601328849792,0.7092057466506958,3.4092507362365723,2464.0,16.0,0.39715155214071274,0.07354281434480957,0.055771484971046476,0.2079293616116047,0.04251988797153005,0.00012292116880419207,0.3791276700794697,0.19439700924598008,0.11129653602838512,3.416516602039337,0.004194949581638821,-0.002906346321105815,2348.5,218.49084649019053,163.20000000000005,16.0,0.0,-1.89900533991096e-15
37.87138084620237,1.0,1500.0,0.0,80.0,1950.0,0.612231202237895,1193.0,757.0,10.024111884787464,2.3628505033816243,12560.31929705527,267.6,0.06027841600216245,33.8885496183206,9.01679389312977,11.405736268627741,131.0,33.6156862745098,8.768627450980395,11.449776317370233,51.0,33.8885496183206,9.01679389312977,11.405736268627741,131.0,0.4285683310839418,-0.022085227026460062,-0.011037202685477239,-0.004611458253355774,0.0,-0.1512030323005933,-0.047933097005832946,8.790746373424076,80.0,538500.0,358.0,5613.338701248169,95.93221230000968,0.3603917956352234,0.21167993545532227,0.2981075048446655,3.418938636779785,2740.0,16.0,0.42788769006729127,0.2036735915228841,0.011130475997924763,0.21566638946533204,0.06836098692772938,0.0021102562546729854,0.42512587606906893,0.2765332568679488,0.01804062873125074,3.4164573192596435,0.0031683334068645613,0.0009572982788083996,2406.8,204.97258353253002,39.999999999999666,16.0,0.0,-1.297267614824132e-15
39.136067485198,1.0,1500.0,0.0,117.0,2067.0,0.8457174610929599,1748.0,319.0,9.767001895474975,1.9965879524888024,12585.444907766228,260.40000000000003,0.053837247767118755,34.79712230215828,9.07913669064748,11.081865326424547,139.0,33.89090909090908,9.027272727272727,11.384037706990432,22.0,34.79712230215828,9.07913669064748,11.081865326424547,139.0,0.41734574675161223,-0.018757493328751377,-0.008160324808877772,-0.003969384107016922,0.0,-0.14624821212454617,-0.0415292084717421,8.267473271398735,117.0,540000.0,359.0,5633.8758997917175,95.84875662951035,0.538272500038147,0.32879579067230225,0.41963717341423035,3.418938398361206,2362.0,16.0,0.41108804302556173,0.13536644970679412,0.05801024660468102,0.20433960668742657,0.1293379713709918,0.03527018088581307,0.4141798061983926,0.17631620892463093,0.04548036626407077,3.4147086484091624,0.004409996412053999,0.0011852128165107895,2486.5714285714284,311.8094001803286,2.2499999999998685,16.0,0.0,-3.724255878701109e-16
34.01177313901258,1.0,1500.0,0.0,66.0,2016.0,0.48639689532205727,980.0,1036.0,9.944238370296949,3.289616177112826,13751.835478301653,294.0,0.06329113924050633,34.15588235294116,8.755882352941178,11.282987318898057,136.0,33.89142857142857,8.425714285714285,11.357166793221866,70.0,34.15588235294116,8.755882352941178,11.282987318898057,136.0,0.42420023060740986,-0.028351242007686035,-0.018822636111017782,-0.00450189699295852,0.0,-0.1486981486981487,-0.05668844092486241,8.432082323248078,66.0,541500.0,360.0,5648.861876010895,95.86001780280662,0.344351202249527,0.0894508883357048,0.5104843974113464,3.418938398361206,2445.0,16.0,0.439281564950943,0.11687084426043397,0.0037453174591064024,0.1837351307272911,0.06222533507322543,-0.01726880967617039,0.5117766678333282,0.19211304277930677,0.04202824234962462,3.4189385890960695,9.5367431640625e-08,-4.768371623044837e-08,2497.8,186.45900353697058,-27.700000000000337,16.0,0.0,-1.297267614824132e-15
35.97439320630665,1.0,1500.0,0.0,79.0,2025.0,0.5843172809930911,1183.0,842.0,9.957766495309961,3.0178397247989928,13548.940230587825,308.0,0.06637931034482758,34.11764705882352,8.794117647058822,11.28967006863426,136.0,33.849122807017544,8.59298245614035,11.390608399201131,57.0,34.11764705882352,8.794117647058822,11.28967006863426,136.0,0.42604833663814373,-0.02522301139109343,-0.015658192045364387,-0.0053927357600436635,0.0,-0.1465023649489669,-0.0531278843052614,8.494429823528373,79.0,543000.0,361.0,5664.936404466629,95.85279714205814,0.3479360342025757,0.15382875502109528,0.388898104429245,3.4176764488220215,2463.0,16.0,0.3817760467529297,0.0881176798014426,-0.04048421382904056,0.19203907400369644,0.0672937578995252,-0.019798890501260782,0.3801565051078796,0.08926839942563383,-0.0413699179887772,3.412797546386719,0.005926665471098568,0.003659677505492808,2450.4,266.2341826287526,114.70000000000005,16.0,0.0,-1.297267614824132e-15
40.582168685377766,1.0,1500.0,0.0,106.0,1826.0,0.866418534302735,1582.0,244.0,10.231239914710796,3.0332617374971167,12139.619462683648,236.0,0.05775819872736172,33.219512195121965,8.396747967479673,11.612621075981366,123.0,34.1764705882353,9.105882352941176,11.296715206616119,17.0,33.219512195121965,8.396747967479673,11.612621075981366,123.0,0.4456753602651071,-0.02278573953702004,-0.012355380969666119,-0.00495644486479407,0.0,-0.14129385259092372,-0.05031173228381795,9.223127822564201,106.0,544500.0,362.0,5682.42302441597,95.82179954931512,0.4613516926765442,0.24735869467258453,0.4286697804927826,3.418938636779785,1939.0,16.0,0.45272286732991535,0.14164830116272323,-0.014160021713801776,0.20312842230002084,0.06979113392343432,0.021811636856624052,0.4998699923356374,0.2295747852546875,-0.07194101640156336,3.405420502026876,0.030130225624960514,0.011537204469953112,2289.8333333333335,338.1909799046818,28.085714285714282,16.166666666666668,0.3726779962499649,-0.028571428571429202
35.99719779599797,1.0,1500.0,0.0,88.0,1967.0,0.6700712710618258,1318.0,649.0,9.969849268381669,3.0491477501854582,13123.835637350585,259.40000000000003,0.057688030956722855,34.06515151515151,9.040909090909093,11.341405335095024,132.0,33.62727272727273,8.954545454545455,11.481213888206922,44.0,34.06515151515151,9.040909090909093,11.341405335095024,132.0,0.42484855404575433,-0.025172972210923506,-0.015852014324772342,-0.004735307860492858,0.0,-0.14857631402869675,-0.05116131296171311,8.583045896148308,88.0,546000.0,363.0,5699.515410661697,95.79761798321219,0.5600250959396362,0.1511223018169403,0.8184820413589478,3.3824615478515625,2657.0,16.0,0.42512939125299454,0.10602575446864068,0.013261101501328584,0.15051890723407269,0.06739525125335119,-0.005341363698244092,0.5499025657773018,0.21057053039791332,0.03720444568565913,3.408043622970581,0.013215678561459599,-0.0023944037301201074,2507.0,153.81807436059,3.600000000000152,16.0,0.0,0.0
35.08777178905822,1.0,1500.0,0.0,91.0,1828.0,0.7395996156257555,1351.0,477.0,9.964019111293629,3.538329563813513,12674.686307067988,257.40000000000003,0.061352910330361825,34.10894308943088,8.736585365853658,11.27743514313215,123.0,32.64375,7.518750000000001,11.710929441620484,32.0,34.10894308943088,8.736585365853658,11.27743514313215,123.0,0.4208105933926526,-0.025827166801225838,-0.01748711512754159,-0.005028426312786675,0.0,-0.1485812063310994,-0.05021422985902681,8.31931263669319,91.0,547500.0,364.0,5716.345965862274,95.77796782588773,0.495319128036499,0.1565771847963333,0.6781613230705261,3.3869855403900146,2587.0,16.0,0.4544588804244995,0.0606438808043488,-0.002028083801269559,0.20221506357192992,0.04650584708217799,-0.0020775288343429835,0.5051648616790771,0.14235503073641587,0.00010079145431508954,3.3861930847167967,0.030803618907276537,0.009445714950560959,2422.0,374.58777342566856,80.59999999999961,16.0,0.0,-1.297267614824132e-15
35.89818191201719,1.0,1500.0,0.0,73.0,1809.0,0.605321556281473,1095.0,714.0,9.742664968496072,2.423810960218477,11894.894906327816,261.6,0.06197583511016347,34.88429752066115,9.492561983471077,10.984986471443758,121.0,34.57083333333333,9.450000000000001,11.060564444105532,48.0,34.88429752066115,9.492561983471077,10.984986471443758,121.0,0.4142040707216595,-0.02240047109828448,-0.012053928893508599,-0.004784670112298431,0.0,-0.1520939197476783,-0.04470065495677677,8.040137069150022,73.0,549000.0,365.0,5731.734112024307,95.78253095311617,0.2588055431842804,0.05816136673092842,0.4019721448421478,3.418938398361206,2314.0,16.0,0.2997786462306976,0.04909758959772504,-0.030790686607360854,0.11941156014800072,0.03324546928533095,-0.0203204520046711,0.36141474843025206,0.07643499519197776,-0.02093921899795537,3.4028810024261475,0.011744118871543661,0.006234192848204987,2474.2,156.0594758417444,-47.800000000000026,16.0,0.0,-1.297267614824132e-15
33.3253826379776,1.0,1500.0,0.0,120.0,2022.0,0.8842476315175731,1787.0,235.0,9.365499401486426,2.4795958850492092,13280.898480397138,263.2,0.05333765654764317,36.283823529411755,10.079411764705881,10.524506265821739,136.0,35.125,8.7,10.689403420978902,16.0,36.283823529411755,10.079411764705881,10.524506265821739,136.0,0.39444417475074295,-0.021249131132382824,-0.011045503571018852,-0.004200764937699107,0.0,-0.15706632653061225,-0.041996145942724716,7.373953305709211,120.0,550500.0,366.0,5753.1944398880005,95.68597163747464,0.3053436577320099,0.11368927359580994,0.383965402841568,3.2831568717956543,2342.0,16.0,0.3870985805988312,0.1034117457399569,-0.00011971699340003906,0.18278755460466659,0.06349978552134791,-0.0018438664930207397,0.4092920252255031,0.12452303875055427,0.003444936658654862,3.349877425602504,0.05247037729387514,-0.01683005264827188,2631.1428571428573,291.4983109833099,34.4285714285715,16.142857142857142,0.3499271061118825,-0.07142857142857134
39.02858128707583,1.0,1500.0,0.0,82.0,2098.0,0.5854190732385556,1228.0,870.0,9.960351695248914,1.9001596732688872,12875.108979120378,255.20000000000002,0.05343383584589615,34.11428571428571,8.707142857142857,11.292389273192507,140.0,33.70344827586206,8.4,11.361731833659984,58.0,34.11428571428571,8.707142857142857,11.292389273192507,140.0,0.4235242545845503,-0.021103019848613527,-0.009288519454607527,-0.004490892517988857,0.0,-0.14548707753479126,-0.044396881628738165,8.548335519641903,82.0,552000.0,367.0,5769.718081712723,95.67191883249528,0.39014995098114014,0.15398423373699188,0.4730152487754822,3.418938636779785,2587.0,16.0,0.3361482948064804,0.07438211131352962,0.03418817967176433,0.13320162296295165,0.01695254120095286,0.004223185777664169,0.4065607160329819,0.12613031024729823,0.05994380265474317,3.336851692199707,0.11312852819446544,0.06904752254486006,2502.8,269.6867812852532,-23.500000000000227,16.2,0.39999999999999997,-2.594535229648264e-15
41.1021491019231,1.0,1500.0,0.0,53.0,2031.0,0.3911201976229561,794.0,1237.0,10.097729947493661,2.1316497254947646,12885.042025591109,301.8,0.06594703260204528,33.650000000000006,8.473529411764709,11.383784572413893,136.0,33.503614457831326,8.69397590361446,11.438442508833656,83.0,33.650000000000006,8.473529411764709,11.383784572413893,136.0,0.43226127959770155,-0.020962145696992878,-0.008940640529615915,-0.005292648824771489,0.0,-0.13494549555193586,-0.04618795943078439,8.585990571799499,53.0,553500.0,368.0,5783.144708871841,95.70917344518172,0.2175312340259552,0.10004769265651703,0.23565085232257843,3.418938636779785,2794.0,17.0,0.3690062612295151,0.13463759721358742,-0.11538870930671688,0.15303348191082478,0.13585537541277687,-0.08779144957661628,0.43262868002057076,0.13296471253000783,-0.05519426017999648,3.415621519088745,0.005745416375566909,0.0013268470764159746,2548.25,278.41190258320495,-0.30000000000010374,16.25,0.4330127018922193,0.30000000000000027
40.68466930627823,1.0,1500.0,0.0,100.0,1904.0,0.7880324922223082,1500.0,404.0,10.129089354961499,2.175878147546825,11812.693250583454,235.20000000000002,0.05522941811863054,33.53228346456694,8.499212598425196,11.533481050429378,127.0,32.87407407407408,8.051851851851852,11.689747232664725,27.0,33.53228346456694,8.499212598425196,11.533481050429378,127.0,0.43415485435120693,-0.020264673695590894,-0.009158293503005935,-0.004737071994883767,0.0,-0.14372415632919835,-0.04488298148992844,8.989200504875344,100.0,555000.0,369.0,5800.7669949531555,95.67700279684858,0.4347378611564636,0.19292683899402618,0.4843030273914337,3.4050421714782715,2141.0,17.0,0.44942545394102734,0.07733358757292752,-0.0025550629411424967,0.25461410731077194,0.057305707541588674,-0.029485125626836486,0.39029377947251004,0.16521985541832984,0.05385795448507582,3.3554970026016235,0.05983633007376563,-0.010850627081734667,2384.8333333333335,330.0825233516949,47.74285714285723,16.166666666666668,0.3726779962499649,0.14285714285714265
39.442948772745616,1.0,1500.0,0.0,118.0,2083.0,0.8429825576888837,1755.0,328.0,9.983178459857527,2.069671089803288,12856.168920757475,274.0,0.057517108190940004,34.02714285714286,8.718571428571424,11.276225539551127,140.0,32.63636363636363,7.909090909090909,11.59959854703711,22.0,34.02714285714286,8.718571428571424,11.276225539551127,140.0,0.42586846465588524,-0.019997293901820118,-0.00906804204695397,-0.004564662952037347,0.0,-0.14532074423771174,-0.044075930797939804,8.492385654959296,118.0,556500.0,370.0,5820.907717227936,95.60364586316092,0.48328012228012085,0.19928880035877228,0.5686452984809875,3.313204765319824,2013.0,16.0,0.4017465497766222,0.07192939465777623,-0.0019367241433688254,0.2258310168981552,0.03910460285341809,-0.0046941744429724805,0.35250681212970186,0.1382103909209029,0.005511143377849023,3.378762347357614,0.03940968470636256,-0.018786813531603243,2457.5714285714284,389.6265087574646,21.85714285714298,16.285714285714285,0.6998542122237651,0.1428571428571438
41.813228604339415,1.0,1500.0,0.0,84.0,1980.0,0.6310673368054978,1249.0,731.0,10.208102507648862,2.2404284231550182,12266.156821663217,244.8,0.055314533622559656,33.275187969924815,8.130827067669172,11.523429260822246,133.0,33.5795918367347,8.50204081632653,11.450108946355009,49.0,33.275187969924815,8.130827067669172,11.523429260822246,133.0,0.4457477086156268,-0.0220268807938317,-0.011099227869957403,-0.004568387612547911,0.0,-0.1350780234070221,-0.0489851686962383,9.004023384589244,84.0,558000.0,371.0,5836.861555814743,95.59932074183163,0.7572540640830994,0.07561288774013519,1.3639661073684692,3.418938636779785,2562.0,16.0,0.43862484097480775,0.16194622651515078,0.0941307604312896,0.19277645498514176,0.0834356905209741,-0.007693715393543271,0.49236240088939665,0.444463938877433,0.20365237146615975,3.3281952857971193,0.05101104173101411,0.017149329185485302,2408.2,190.58898184312756,-42.30000000000046,16.0,0.0,-1.297267614824132e-15
41.27989810194288,1.0,1500.0,0.0,70.0,1974.0,0.5309000666241898,1047.0,927.0,9.991271724049827,1.9406054687775234,12081.073888806797,265.6,0.05915894511760513,34.0121212121212,8.684848484848485,11.325760168247955,132.0,34.23225806451613,8.851612903225806,11.19995987226575,62.0,34.0121212121212,8.684848484848485,11.325760168247955,132.0,0.43386661768308377,-0.01925336074855992,-0.007580339999292106,-0.005190696327521538,0.0,-0.14219092033882175,-0.04391724459811171,8.898215966675417,70.0,559500.0,372.0,5851.852347612381,95.61075139366461,0.530951738357544,0.14363828301429749,0.7752408385276794,3.06961989402771,2285.0,16.0,0.5502119302749634,0.26750297302810594,0.027681827545165922,0.1496357126161456,0.09280641824086994,0.04475289601832628,0.8017706215381623,0.525854874076395,-0.034145796298980735,3.091129207611084,0.062256188296921436,-0.018299198150635094,2410.4,160.51616741001513,1.4999999999999032,16.0,0.0,-1.297267614824132e-15
40.099147081772486,1.0,1500.0,0.0,75.0,2027.0,0.5551328543450883,1125.0,902.0,10.051097555544008,1.5823314468722647,12457.130037219558,301.2,0.06551814147742104,33.80294117647059,8.594117647058825,11.355403227364757,136.0,33.48852459016393,8.17049180327869,11.435272443963717,61.0,33.80294117647059,8.594117647058825,11.355403227364757,136.0,0.42944209200448635,-0.018829901666658273,-0.005964776944773252,-0.005595933538318376,0.0,-0.14753521126760563,-0.043523028215034384,8.595103902720663,75.0,561000.0,373.0,5867.021193027496,95.6192216702243,0.34424132108688354,0.16302350163459778,0.363018661737442,2.915109395980835,2521.0,16.0,0.3173001706600189,0.0598071850256022,-0.019101345539093026,0.1529307747259736,0.06816792531390171,-0.022994780167937278,0.3293270878493786,0.0544182135699656,0.007793225347995727,2.94150173664093,0.07844102819632544,0.03175535202026391,2454.5,150.0491586114364,107.00000000000001,16.25,0.4330127018922193,-0.3000000000000012
42.16204387708144,1.0,1500.0,0.0,110.0,1885.0,0.8735236706840258,1646.0,239.0,10.107729451618898,1.417563415758203,11286.98441634775,234.0,0.055248618784530384,33.61428571428572,8.809523809523805,11.482622495265911,126.0,33.550000000000004,9.824999999999998,11.646792809609234,16.0,33.61428571428572,8.809523809523805,11.482622495265911,126.0,0.4353018706223607,-0.017600614615835397,-0.004984281962260344,-0.004225262802687223,0.0,-0.14472325171638617,-0.04127848593020915,8.871475820616716,110.0,562500.0,374.0,5885.699312210083,95.57063148521276,0.24869944155216217,0.11962352693080902,0.2586751878261566,2.6167798042297363,2420.0,18.0,0.2802636921405792,0.08539656572631833,-0.01495663555605071,0.15414664383362314,0.07913249148757709,-0.018347221719782925,0.2528288279260908,0.06048061492726581,0.006769554423434397,2.973674808229719,0.17615679644432822,-0.05809205770492551,2447.0,276.5935646395266,28.714285714285623,16.571428571428573,0.7284313590846836,0.14285714285714193
44.07803485790888,1.0,1500.0,0.0,84.0,1910.0,0.6590223751225665,1258.0,652.0,10.370672937806933,1.088094370947738,11024.042989981666,286.6,0.06830314585319351,32.781249999999986,8.140625,11.727795362319089,128.0,32.854545454545466,8.222727272727273,11.715231012186235,44.0,32.781249999999986,8.140625,11.727795362319089,128.0,0.45007350429086856,-0.017852864063653513,-0.004516233414082498,-0.00665395745215231,0.0,-0.13933956079973778,-0.042024034816292084,9.254959536130688,84.0,564000.0,375.0,5901.224732398987,95.57338104809317,0.3650287389755249,0.20162300765514374,0.3273736238479614,2.8108694553375244,2167.0,16.0,0.23549916297197343,0.14179776995232482,0.07918378561735151,0.11532313600182534,0.11864395340565125,0.06267433129251003,0.24090081155300141,0.05401533567520467,0.03302695453166958,2.7437740325927735,0.07536982840065702,0.04025607109069777,2415.6,133.13692200137422,-41.000000000000426,16.6,0.7999999999999999,0.19999999999999798
41.15354318343676,1.0,1500.0,0.0,52.0,2041.0,0.3772638337772166,769.0,1272.0,10.113831982385104,1.7112760365846904,12427.46838950692,275.8,0.05988882133240685,33.61459854014598,8.534306569343064,11.386769688397301,137.0,33.40470588235295,8.41882352941176,11.431331135509165,85.0,33.61459854014598,8.534306569343064,11.386769688397301,137.0,0.43161275073287486,-0.01837915865101655,-0.006652464297398347,-0.004043385803672292,0.0,-0.14456909739928608,-0.042735404619868994,8.686437623887183,52.0,565500.0,376.0,5914.151235818863,95.61811618462981,0.2373398393392563,0.0661144107580185,0.3429015874862671,2.2536628246307373,2539.0,16.0,0.2298330763975779,0.07828790570207605,0.05346110463142393,0.1096172754963239,0.06346472551962931,0.0013665370643138758,0.2408521423737208,0.08514370611882899,0.10421202331781383,2.102703809738159,0.10676244675337518,0.11442983150482143,2552.0,137.07175736331197,73.99999999999956,16.0,0.0,7.944109290391273e-16
42.35627630482549,1.0,1500.0,0.0,23.0,1997.0,0.1684565856156991,336.0,1661.0,10.112336776443088,2.0899041251461496,12619.451185113241,279.40000000000003,0.06202823905514608,33.61492537313432,8.3955223880597,11.483903150003572,134.0,33.72972972972972,8.44144144144144,11.42892931550847,111.0,33.61492537313432,8.3955223880597,11.483903150003572,134.0,0.4458234787532087,-0.021150918748464687,-0.008100641325044917,-0.0050403401460975454,0.0,-0.1394658753709199,-0.04727231033349948,9.419156748840944,23.0,567000.0,377.0,5924.207825183868,95.70899886220688,0.37845325469970703,0.07292713969945908,0.6114329695701599,1.9036945104599,2217.0,16.0,0.2670474946498871,0.11140576004981995,0.22281152009963986,0.05447126552462578,0.018455874174833298,0.03691174834966658,0.42557526379823685,0.18585770577192307,0.37171541154384596,2.113998234272003,0.21030372381210327,-0.420607447624207,2247.5,30.5,-60.99999999999977,16.0,0.0,-1.7763568394002505e-15
43.625035637303405,1.0,1500.0,0.0,76.0,2007.0,0.5667905300080025,1137.0,870.0,10.205388075737913,1.3470439264600553,11572.558865068606,280.40000000000003,0.06285304402402941,33.292537313432845,8.211940298507463,11.527994763915725,134.0,33.1,8.044827586206896,11.625504470223424,58.0,33.292537313432845,8.211940298507463,11.527994763915725,134.0,0.44179834384284755,-0.016664473238404774,-0.003914098613698494,-0.005591374953001765,0.0,-0.1411078457565233,-0.039290343356276514,8.869772133001074,76.0,568500.0,378.0,5939.149607181549,95.72077445440615,0.18295839428901672,-0.025874555110931396,0.4181055426597595,2.1982839107513428,2572.0,16.0,0.3337859436869621,0.09159103143265686,-0.06545679867267606,0.169898871332407,0.11760271838724043,-0.059971590340137465,0.32824966683983803,0.11357662443997707,-0.010975436866283413,2.3776044249534607,0.13526469877628827,-0.025139164924621465,2374.0,257.18573055284384,177.20000000000022,16.0,0.0,-1.89900533991096e-15
42.30660136938095,1.0,1500.0,0.0,10.0,1967.0,0.07341062029887475,144.0,1823.0,10.110806689845957,2.1786092109821125,12572.022761900269,273.0,0.061553030303030304,33.6,8.266666666666664,11.416661188239951,132.0,33.60327868852458,8.272131147540978,11.417196871159488,122.0,33.6,8.266666666666664,11.416661188239951,132.0,0.44150332405074855,-0.01968970823700044,-0.0077909423989597085,-0.004424829640694998,0.0,-0.13860716700473294,-0.04452924408654957,8.812954738024093,10.0,570000.0,379.0,5947.35232925415,95.84096728156729,0.48115915060043335,0.22298045456409454,0.516886830329895,2.647167205810547,2443.0,16.0,0.48115915060043335,0.0,0.0,0.22298045456409454,0.0,0.0,0.516886830329895,0.0,0.0,2.647167205810547,0.0,0.0,2443.0,0.0,0.0,16.0,0.0,0.0
42.39101203839953,1.0,1500.0,0.0,123.0,2035.0,0.9001075536194068,1831.0,204.0,10.090892474202999,1.3150490766631149,11996.363127260687,249.20000000000002,0.054021244309559936,33.67153284671534,8.579562043795617,11.46297908098808,137.0,32.385714285714286,8.271428571428572,11.848993386789028,14.0,33.67153284671534,8.579562043795617,11.46297908098808,137.0,0.43354188916473524,-0.017318396737642405,-0.0044066835693592765,-0.00427422199952341,0.0,-0.143382949932341,-0.04103839098156498,8.877474868661237,123.0,571500.0,380.0,5967.773730754852,95.76435464615246,0.37511196732521057,0.21806800365447998,0.3145567774772644,2.3441896438598633,2516.0,16.0,0.40732652321457863,0.0361495632420303,-0.005203123248758779,0.22521090833470225,0.07321001338868635,0.011375906877219647,0.36473245918750763,0.13803908666681786,-0.03313531620161874,2.5061991214752197,0.47066630802971987,0.11370742888677676,2413.875,236.4965314227674,56.10714285714275,16.125,0.33071891388307384,-0.05952380952380976
42.73642101741972,1.0,1500.0,0.0,63.0,1807.0,0.5227040577603754,944.0,863.0,10.387258301945595,1.4602459218512176,10611.110094027741,240.60000000000002,0.06076678284588574,32.72231404958678,7.879338842975208,11.733534944320779,121.0,32.07241379310344,7.26896551724138,11.907026300395552,58.0,32.72231404958678,7.879338842975208,11.733534944320779,121.0,0.4433568837144517,-0.018489504875901647,-0.005559702761259437,-0.004989667834034358,0.0,-0.1433423180592992,-0.04261457101101344,9.116589399022827,63.0,573000.0,381.0,5981.228044748306,95.79972469083683,0.23661401867866516,0.1317390650510788,0.21026553213596344,2.578226327896118,2485.0,16.0,0.24243396520614624,0.028594570694183082,0.012587398290634166,0.12562378868460655,0.056523616428839824,0.03373792618513108,0.23403187096118927,0.05948408370972896,-0.042242607474327044,2.057631254196167,0.3638084081669922,0.2922757148742675,2417.25,98.31677120410332,75.29999999999978,16.25,0.4330127018922193,0.10000000000000198
40.07411607187621,1.0,1500.0,0.0,98.0,1881.0,0.7766216326885114,1460.0,421.0,9.924183761930582,1.4581999532009755,11457.755253011377,291.2,0.06695792136123246,34.24409448818899,9.319685039370079,11.331060515643056,127.0,34.63448275862069,9.786206896551722,11.11775062761366,29.0,34.24409448818899,9.319685039370079,11.331060515643056,127.0,0.4280740683087882,-0.018333507624925083,-0.005997629728670119,-0.005187621140474526,0.0,-0.1510136949516649,-0.04215299220872466,8.85504511191428,98.0,574500.0,382.0,5998.64407324791,95.77164322218944,0.2765246629714966,0.18245717883110046,0.18863846361637115,2.517596960067749,2464.0,16.0,0.32190683484077454,0.049742204085525675,-0.020645073481968437,0.18599245448907217,0.022437780591785528,-0.004785873208727168,0.2723308528463046,0.08317363861339278,-0.031710987005914966,2.510491967201233,0.20431358864040633,0.037086902345929686,2450.5,498.40537383405757,84.25714285714278,16.166666666666668,0.3726779962499649,-0.028571428571429202
40.128390929867734,1.0,1500.0,0.0,113.0,1850.0,0.9163809320018104,1695.0,155.0,10.017984890388108,1.5818669385780466,11287.040959917002,249.4,0.059301883203347915,33.91612903225808,9.146774193548387,11.442649290146045,124.0,34.49090909090909,10.436363636363632,11.263918234998581,11.0,33.91612903225808,9.146774193548387,11.442649290146045,124.0,0.43152525112247364,-0.019285058652224622,-0.006885870683633269,-0.005204827444718645,0.0,-0.14948362868207957,-0.04377343965187265,8.92608353468789,113.0,576000.0,383.0,6017.731956005096,95.71712469266922,0.370067298412323,0.1864694356918335,0.3676767945289612,2.4054911136627197,2385.0,16.0,0.2897395151002066,0.09273342879886616,0.032127023807593746,0.16193848901561328,0.07236321057380579,0.021517097816935612,0.25613521890980856,0.07820947499383848,0.02122612670063972,2.6659392629350935,0.2910908053226253,0.03137706858771184,2429.8571428571427,375.76452678750394,56.392857142857,16.142857142857142,0.3499271061118825,-0.07142857142857134
38.098572888970374,1.0,1500.0,0.0,80.0,2080.0,0.5754087360637921,1196.0,884.0,9.68507211551591,2.179594758474168,13331.78203414181,269.6,0.0553025641025641,35.071942446043174,9.339568345323743,10.920604162841684,139.0,35.31186440677966,9.552542372881355,10.786607184360324,59.0,35.071942446043174,9.339568345323743,10.920604162841684,139.0,0.41754892705140334,-0.02027669991353149,-0.009149245392968642,-0.003879761611083329,0.0,-0.1478306367222088,-0.043978752534245574,8.21600405472076,80.0,577500.0,384.0,6034.125560283661,95.70566509273169,0.3119897246360779,0.18768133223056793,0.24922755360603333,3.0539891719818115,2479.0,16.0,0.27809081971645355,0.08092853503939741,-0.02493693381547932,0.09857765734195709,0.049625798097332544,0.014534866437315925,0.3595443844795227,0.15741873921726424,-0.07893333733081821,2.5903514862060546,0.29772215542503067,0.05131423473358114,2529.8,237.9776460090317,73.29999999999963,16.2,0.39999999999999997,-0.2000000000000019
42.321364616861146,1.0,1500.0,0.0,49.0,1901.0,0.38341571880801917,728.0,1173.0,10.25588511299074,1.5312021203522708,11454.485733731206,266.2,0.06275045966715384,33.14218750000001,8.171875000000002,11.57599423400094,128.0,33.18481012658228,8.07088607594937,11.530656221842634,79.0,33.14218750000001,8.171875000000002,11.57599423400094,128.0,0.4453772299638035,-0.019810813949645685,-0.0068324416159331975,-0.006641379948605022,0.0,-0.1421016005567154,-0.04419501071329909,9.212300224634532,49.0,579000.0,385.0,6046.373229265213,95.75988415626853,-0.01590973138809204,-0.14119313657283783,0.25113779306411743,2.854922294616699,2576.0,16.0,0.13126371800899506,0.11458528846958206,-0.08101316541433337,-0.016666943207383156,0.10506326954576128,-0.05829707998782397,0.29633493224779767,0.03702469629243361,-0.04534508287906649,2.368013024330139,0.3629234360592593,0.43546646833419783,2330.0,179.25029056229357,157.9999999999996,16.0,0.0,7.944109290391273e-16
39.72363495096869,1.0,1500.0,0.0,49.0,1909.0,0.3838568729332728,732.0,1177.0,10.042707184957633,1.8525465912270649,11848.73476504905,276.0,0.06369426751592357,33.853124999999984,8.923437499999999,11.369136010294538,128.0,33.91898734177216,9.007594936708859,11.353939451433021,79.0,33.853124999999984,8.923437499999999,11.369136010294538,128.0,0.43474948299901117,-0.02071009818963885,-0.007994066209650331,-0.006815385784795917,0.0,-0.1466022061827591,-0.04623399370882445,8.79406044518345,49.0,580500.0,386.0,6058.743529558182,95.81194469909035,0.34117817878723145,0.18005628883838654,0.3228045701980591,2.8037312030792236,2492.0,16.0,0.40095337231953937,0.14303686512228714,0.03884881734848023,0.2787698358297348,0.177681881564867,0.02602482587099073,0.24489861726760864,0.07677362310843305,0.025683164596557635,2.6577534675598145,0.1496834503234242,0.17586398124694805,2368.6666666666665,87.3473271231327,95.50000000000007,16.0,0.0,7.944109290391273e-16
40.37901642166565,1.0,1500.0,0.0,107.0,1949.0,0.8214275605239106,1600.0,349.0,9.9639980594742,1.714309494803401,11822.840125056136,278.40000000000003,0.062295815618706646,34.11450381679389,8.98473282442748,11.284443204563665,131.0,34.28333333333334,9.308333333333332,11.154243152399005,24.0,34.11450381679389,8.98473282442748,11.284443204563665,131.0,0.4297311199953615,-0.019052586316534836,-0.006361403195557358,-0.005129245405837407,0.0,-0.14718775081805271,-0.042669966431557335,8.691906276287494,107.0,582000.0,387.0,6077.103626728058,95.7693065229746,0.5102459192276001,0.28092220425605774,0.45929262042045593,3.225942611694336,2198.0,16.0,0.3310026278098424,0.10878648025835773,0.04859070352145603,0.17569167539477348,0.07577698859170238,0.038975013792514786,0.3112233728170395,0.10618967380658406,0.019232175179890218,3.0073562463124595,0.1861574556815889,0.003962148938860033,2427.0,311.91291519696114,10.914285714285477,16.166666666666668,0.3726779962499649,-0.028571428571429202
43.85788478995814,1.0,1500.0,0.0,66.0,1851.0,0.5282085457060043,977.0,874.0,10.327349669741956,1.463529854282998,10802.513608843386,276.40000000000003,0.06720809220444487,32.9008,8.164799999999998,11.745983228565274,125.0,33.0135593220339,8.362711864406778,11.686535956547823,59.0,32.9008,8.164799999999998,11.745983228565274,125.0,0.45081394390580604,-0.019562457945019443,-0.007058067645656103,-0.005420799683499018,0.0,-0.13764103635603844,-0.044277201062959314,9.50682258573045,66.0,583500.0,388.0,6090.949686527252,95.7978689744656,0.3723981976509094,0.17380361258983612,0.39781615138053894,3.13481068611145,2388.0,16.0,0.3272444158792496,0.07998622382924822,0.06083099246025085,0.16697675921022892,0.06462177935481847,0.03842015042901042,0.3211037963628769,0.05631584108848702,0.044849932193756104,2.8423709869384766,0.19615466945821644,0.1412503242492677,2436.75,166.17065775882335,-77.3000000000002,16.25,0.4330127018922193,-0.3000000000000012
40.984578282398694,1.0,1500.0,0.0,118.0,1993.0,0.8828572855960818,1759.0,234.0,10.01202631761778,1.8003485006076632,12280.585663329044,216.8,0.047652540882714964,33.95223880597017,8.595522388059695,11.305588044082349,134.0,33.125,8.575000000000001,11.5526235688715,16.0,33.95223880597017,8.595522388059695,11.305588044082349,134.0,0.4282663904803676,-0.01905315417796586,-0.007117951900714419,-0.004099515317122301,0.0,-0.1415852637454647,-0.042930797758208794,8.573654472864224,118.0,585000.0,389.0,6111.282036066055,95.7245953545576,0.26220691204071045,0.19767288863658905,0.12971781194210052,3.248699903488159,2757.0,16.0,0.43381260335445404,0.17463038614233023,-0.0601003091959726,0.2620645184069872,0.07222273011458544,-0.020353231579065323,0.34414185024797916,0.23756143770929442,-0.07948885591966766,3.2283716797828674,0.09009822891539584,0.026501178741454974,2451.875,353.2033541389436,79.13095238095232,16.25,0.6614378277661477,-0.023809523809524506
40.10186814295279,1.0,1500.0,0.0,111.0,1852.0,0.8929741331352742,1653.0,199.0,10.064974656811168,2.183090805625006,11881.90037039574,219.60000000000002,0.052037914691943125,33.76000000000001,8.916799999999999,11.507446248658269,125.0,32.471428571428575,7.842857142857142,11.674458500807718,14.0,33.76000000000001,8.916799999999999,11.507446248658269,125.0,0.4302828384530067,-0.019385750264918778,-0.007902165600674728,-0.0044255806575194765,0.0,-0.1496841854367775,-0.04319464011052281,9.003685775259571,111.0,586500.0,390.0,6129.985634803772,95.67722258108923,0.44961023330688477,0.26576465368270874,0.368374764919281,3.4180893898010254,2493.0,16.0,0.3959499349196752,0.07680130363949916,-0.01368284310613363,0.219988023241361,0.05105550321978605,0.004016140529087603,0.35258353253205615,0.1647246991397693,-0.03539256964411052,3.2984923919041953,0.10562729025112616,0.02700892175946872,2420.6666666666665,358.984988853604,110.28571428571409,16.166666666666668,0.3726779962499649,0.028571428571429202
34.54702287614346,1.0,1500.0,0.0,60.0,2076.0,0.42853454123279855,889.0,1187.0,9.808857052279098,2.517795021929866,13693.245500698305,313.6,0.0646677939538912,34.63857142857144,9.124285714285712,11.016747493062029,140.0,34.397499999999994,8.892499999999998,11.082582477217768,80.0,34.63857142857144,9.124285714285712,11.016747493062029,140.0,0.41560456497109416,-0.02435457219532439,-0.013580564916382232,-0.00615960855810242,0.0,-0.15127218302330553,-0.04975321304188257,7.96850059787912,60.0,588000.0,391.0,6144.358588218689,95.69753971186553,0.4031607508659363,0.19979557394981384,0.4073945879936218,3.3213231563568115,2474.0,16.0,0.35036540776491165,0.0676322846553746,0.05518337786197665,0.18051519244909286,0.05530884906186183,0.022250020503997804,0.34034379944205284,0.13072550312528314,0.06588464230298995,3.2169320583343506,0.10963362101189132,0.08967709541320801,2516.5,78.86222162734195,-21.600000000000055,16.0,0.0,-1.89900533991096e-15
39.09182515376952,1.0,1500.0,0.0,41.0,2005.0,0.30483766302693655,611.0,1394.0,9.813079804487655,2.105605049188904,12695.63948401848,289.40000000000003,0.06238951407752339,34.61641791044777,9.037313432835822,11.055009761922976,134.0,34.94193548387097,9.341935483870968,10.985465057283532,93.0,34.61641791044777,9.037313432835822,11.055009761922976,134.0,0.434187639054749,-0.023531279345882946,-0.012574490879226094,-0.0043938605494722414,0.0,-0.13917358060842688,-0.049818730323289026,8.402448359015567,41.0,589500.0,392.0,6156.412613391876,95.75381590208505,0.3863624334335327,0.19754086434841156,0.37831151485443115,3.3420894145965576,2255.0,16.0,0.4535530706246694,0.053962479628359275,-0.06606131792068491,0.15497399494051933,0.07078926001446277,0.07116073928773403,0.5978162785371145,0.23715949656666296,-0.274435430765152,3.290688673655192,0.037238183291016275,0.04351282119750949,2379.0,116.52753608768472,-46.0000000000003,16.0,0.0,7.944109290391273e-16
38.130663959185284,1.0,1500.0,0.0,15.0,1881.0,0.1131236839775031,212.0,1669.0,10.186589737937945,2.454463271031048,12338.200376530742,258.0,0.06090939137825204,33.35275590551182,8.373228346456692,11.498437767888786,127.0,33.405357142857156,8.296428571428573,11.464055559315819,112.0,33.35275590551182,8.373228346456692,11.498437767888786,127.0,0.44732364309922834,-0.025096161047779328,-0.011287144307509909,-0.007439404703916711,0.0,-0.1531264262893656,-0.05401416040744887,9.4489634391684,15.0,591000.0,393.0,6165.191685199738,95.86076640873381,0.12863367795944214,-0.028702417388558388,0.3153141438961029,3.2096855640411377,2578.0,16.0,0.12863367795944214,0.0,0.0,-0.028702417388558388,0.0,0.0,0.3153141438961029,0.0,0.0,3.2096855640411377,0.0,0.0,2578.0,0.0,0.0,16.0,0.0,0.0
35.95284073436406,1.0,1500.0,0.0,82.0,1936.0,0.6310157715765643,1221.0,715.0,9.730394615108937,1.887903855887088,12239.138057378143,310.40000000000003,0.06837606837606838,34.92,9.595384615384615,11.072600551554764,130.0,34.60416666666667,9.333333333333332,11.132645847884882,48.0,34.92,9.595384615384615,11.072600551554764,130.0,0.41341676749564454,-0.021492269933038422,-0.008869199267864416,-0.005360674626186974,0.0,-0.1555373959062962,-0.045393227883185144,8.254783855884561,82.0,592500.0,394.0,6181.5320065021515,95.85002542683085,0.5351054072380066,0.2560650706291199,0.5587527751922607,3.360639810562134,2467.0,17.0,0.5950565040111542,0.23229438469060007,-0.11049534976482406,0.19031199663877488,0.060511979777894256,0.03161826729774475,0.8101505219936371,0.5682310368231674,-0.2842156946659091,3.307508945465088,0.10434867904035008,0.057771086692809476,2476.4,403.1146735111487,110.09999999999985,16.2,0.4,0.19999999999999798
42.90788035094738,1.0,1500.0,0.0,32.0,1991.0,0.23982570867509495,477.0,1514.0,10.307398439670434,2.366014543578107,13049.538027310593,288.8,0.06588492950677556,32.9578947368421,8.066165413533835,11.629511570019972,133.0,33.077227722772285,8.188118811881187,11.608951945305327,101.0,32.9578947368421,8.066165413533835,11.629511570019972,133.0,0.45423567799394043,-0.02194585250501812,-0.009279836994500147,-0.005919236831430301,0.0,-0.13338398089863251,-0.04923161390180136,9.15078497707241,32.0,594000.0,395.0,6192.092486143112,95.92879972792309,0.47413259744644165,0.318011611700058,0.3128901422023773,3.2408082485198975,2365.0,16.0,0.39795342087745667,0.07617917656898499,0.1523583531379698,0.24994514137506485,0.06806647032499313,0.13613294064998624,0.29667484760284424,0.01621529459953308,0.03243058919906611,3.2914050817489624,0.05059683322906494,-0.10119366645813033,2404.5,39.5,-79.00000000000091,16.0,0.0,-1.7763568394002505e-15
38.23279747085751,1.0,1500.0,0.0,106.0,2075.0,0.7640640001129448,1585.0,490.0,9.809605034381264,1.9952715789522437,13027.15629024718,256.2,0.053224198105368124,34.63021582733813,9.07913669064748,11.124654686091588,139.0,33.606060606060616,8.55151515151515,11.489966758534402,33.0,34.63021582733813,9.07913669064748,11.124654686091588,139.0,0.41550314322340604,-0.019342939626112998,-0.0075729666163918755,-0.00431549117640792,0.0,-0.14814030843664952,-0.04360806328936899,8.2009674676113,106.0,595500.0,396.0,6211.119393587112,95.87643744456834,0.5473344922065735,0.3566235303878784,0.3821057081222534,3.4189388751983643,2326.0,16.0,0.5342653642098109,0.2175503303727494,0.004180946520396627,0.2880147024989128,0.186387596771158,-0.036603716867310655,0.4931800564130147,0.3139085398932529,0.08156807082039967,3.3936363061269126,0.030292309907762403,-0.006287670135498021,2486.1666666666665,393.11551172086246,37.85714285714282,16.166666666666668,0.3726779962499649,0.08571428571428473
38.761705072109514,1.0,1500.0,0.0,65.0,2074.0,0.4674498520806338,969.0,1105.0,10.299621421027618,3.1564391730931853,13940.087598808255,295.0,0.064340239912759,32.98561151079138,7.869064748201438,11.615134316358679,139.0,32.98918918918919,7.856756756756755,11.59395534254115,74.0,32.98561151079138,7.869064748201438,11.615134316358679,139.0,0.4465279773175891,-0.027677071175626657,-0.016966304287393586,-0.005786836593932027,0.0,-0.13475699558173784,-0.058490662716749825,9.095657220146549,65.0,597000.0,397.0,6225.267858982086,95.89948794550624,0.3393704295158386,0.18402376770973206,0.31135421991348267,3.3043415546417236,2414.0,16.0,0.4491003155708313,0.07586346458298607,-0.028324258327484073,0.21186444535851479,0.02138051056236363,-0.01894548684358597,0.47514549642801285,0.13793138246049164,-0.01876238286495196,3.368791401386261,0.048094968563640136,-0.024225783348083636,2411.25,141.63575643177114,-61.5,16.0,0.0,-1.89900533991096e-15
38.57781414149963,1.0,1500.0,0.0,97.0,2089.0,0.6898844162800197,1441.0,648.0,9.916012039525047,2.2671079324832393,13552.888504541419,285.40000000000003,0.05903524739367864,34.286524822695036,8.79148936170213,11.142044550246606,141.0,34.031818181818174,8.58181818181818,11.201241729904869,44.0,34.286524822695036,8.79148936170213,11.142044550246606,141.0,0.4248723487080852,-0.021000786415659268,-0.00916277874386626,-0.004491745992835778,0.0,-0.14529395900755124,-0.0470807521182566,8.326294386899539,97.0,598500.0,398.0,6243.318502902985,95.86248078192915,0.4310590624809265,0.2708452343940735,0.32111141085624695,3.418938398361206,2551.0,16.0,0.3973334829012553,0.11990572881382897,0.01058347225189206,0.2672528326511383,0.14547632468406024,0.015561761174883147,0.260827658077081,0.07331164431152548,-0.009947972212518976,3.331863363583883,0.13207959370635902,0.04302575928824277,2459.0,192.60927634289408,56.62857142857128,16.333333333333332,0.4714045207910317,0.0
40.36539091714999,1.0,1500.0,0.0,82.0,2038.0,0.6006641453097011,1224.0,814.0,10.027579936120777,2.219287344055266,12808.747626008806,293.0,0.06310031442477496,33.89343065693431,8.595620437956207,11.29166848520755,137.0,33.69454545454545,8.589090909090908,11.31031425356019,55.0,33.89343065693431,8.595620437956207,11.29166848520755,137.0,0.43102948035867883,-0.0202103562548332,-0.008062311818564953,-0.004825943277219027,0.0,-0.1423726076072034,-0.045380388857316524,8.625968611372386,82.0,600000.0,399.0,6259.424837112427,95.85545247585235,0.26331356167793274,0.17843009531497955,0.17045073211193085,3.418938636779785,2684.0,16.0,0.3638539671897888,0.17694002804686937,0.0345401406288147,0.1641886904835701,0.07210698836385956,0.034577623009681695,0.4000041663646698,0.3002440634035716,-6.717443466188372e-05,3.368011236190796,0.0656172233930373,0.03894362449645941,2500.0,180.4904429602853,52.39999999999971,16.2,0.39999999999999997,-0.10000000000000095
