episode_reward,episode_success,episode_length,episode_terminated,num_trajectories,scenario_total_flow_vph,scenario_cav_penetration,scenario_cav_flow_vph,scenario_hdv_flow_vph,avg_speed,avg_jerk,total_fuel_mL,tet_seconds,tet_rate,trip50_avg_time_s,trip50_avg_stop_time_s,trip50_avg_speed_mps,trip50_num_completed,trip50_hdv_avg_time_s,trip50_hdv_avg_stop_time_s,trip50_hdv_avg_speed_mps,trip50_hdv_num_completed,trip50_mix_avg_time_s,trip50_mix_avg_stop_time_s,trip50_mix_avg_speed_mps,trip50_mix_num_completed,r_speed_mean,r_accel_mean,r_jerk_mean,r_safety_mean,r_lc_mean,r_idle_mean,r_energy_mean,r_terminal_mean,num_terminals,step,episode,elapsed_time,steps_per_second,critic_loss,actor_loss,alpha_loss,alpha_acc_loss,alpha_lane_loss,alpha,alpha_acc,alpha_lane,q_mean,logp_mean,logp_acc_mean,logp_lane_mean,lane_entropy_mean,attn_gate_mean_actor,attn_ego_weight_actor,attn_gate_mean_q1,attn_ego_weight_q1,critic_loss_mean,critic_loss_std,critic_loss_slope,actor_loss_mean,actor_loss_std,actor_loss_slope,alpha_loss_mean,alpha_loss_std,alpha_loss_slope,alpha_acc_loss_mean,alpha_acc_loss_std,alpha_acc_loss_slope,alpha_lane_loss_mean,alpha_lane_loss_std,alpha_lane_loss_slope,alpha_mean,alpha_std,alpha_slope,alpha_acc_mean,alpha_acc_std,alpha_acc_slope,alpha_lane_mean,alpha_lane_std,alpha_lane_slope,q_mean_mean,q_mean_std,q_mean_slope,logp_mean_mean,logp_mean_std,logp_mean_slope,logp_acc_mean_mean,logp_acc_mean_std,logp_acc_mean_slope,logp_lane_mean_mean,logp_lane_mean_std,logp_lane_mean_slope,lane_entropy_mean_mean,lane_entropy_mean_std,lane_entropy_mean_slope,attn_ego_weight_actor_mean,attn_ego_weight_actor_std,attn_ego_weight_actor_slope,attn_ego_weight_q1_mean,attn_ego_weight_q1_std,attn_ego_weight_q1_slope
-10274.29578590393,0.0,1500.0,0.0,52.0,1942.0,0.9054173266933417,1758.0,184.0,2.4123913943847364,10.01389130833419,1450.0378506236575,12.600000000000001,0.012747875354107648,141.2,100.79999999999998,4.086119869163267,7.0,63.73333333333333,29.333333333333318,7.113364172527288,3.0,141.2,100.79999999999998,4.086119869163267,7.0,-0.010500872014954853,-0.0255985069537416,-0.060033640369793376,-0.0017292559847226388,-0.055058441558415196,-0.7330735930732243,-0.0035891601499263596,0.39328460654236785,4.0,1500.0,0.0,22.495322465896606,66.68052890880014,,,,,,,,,,,,,,,,,,,,,,,,,,,,,,,,,,,,,,,,,,,,,,,,,,,,,,,,,,,,,,
-8513.578621889154,0.0,1500.0,0.0,35.0,2052.0,0.31864202907271094,653.0,1399.0,4.092949681434822,7.84316047770224,9416.109840209714,386.40000000000003,0.08619612742036227,83.01481481481481,39.46296296296296,5.833257623801084,54.0,74.61176470588235,31.278431372549026,6.085686637032176,51.0,83.01481481481481,39.46296296296296,5.833257623801084,54.0,-0.00654110822974093,-0.026471232862012434,-0.06069616329142617,-0.0012033677560339816,-0.056614899379464276,-0.7200246837392321,-0.004078470749131735,0.17104648204761716,3.0,3000.0,1.0,34.93819260597229,85.86591853315228,,,,,,,,,,,,,,,,,,,,,,,,,,,,,,,,,,,,,,,,,,,,,,,,,,,,,,,,,,,,,,
-11790.700538635254,0.0,1500.0,0.0,29.0,2044.0,0.26312945593648973,537.0,1507.0,3.3464171488461676,5.478173059210667,9010.95001811192,249.8,0.04637950241366506,101.62264150943396,59.06415094339623,5.794917761746164,53.0,97.09803921568627,54.64313725490197,5.951790084704235,51.0,101.62264150943396,59.06415094339623,5.794917761746164,53.0,-0.0058047396605472885,-0.025858560245862125,-0.05971560134217238,-0.0011541140129837158,-0.05990695943429965,-0.7210420543353607,-0.004148373059172446,0.2640649791254688,2.0,4500.0,2.0,48.0823016166687,93.5895297998793,,,,,,,,,,,,,,,,,,,,,,,,,,,,,,,,,,,,,,,,,,,,,,,,,,,,,,,,,,,,,,
-6190.293200659752,0.0,1500.0,0.0,39.0,2018.0,0.5101947975329254,1029.0,989.0,3.3663088137519623,8.352421420863255,5277.642047229926,140.20000000000002,0.04964589235127479,100.85714285714286,64.86428571428571,6.053371812733211,28.0,72.20000000000002,36.90434782608695,6.793966880216671,23.0,100.85714285714286,64.86428571428571,6.053371812733211,28.0,-0.009359675276564188,-0.025753012664465374,-0.06037534341008237,-0.0013149870744412833,-0.05384990253409549,-0.7330581355345003,-0.0037392698366201004,1.2702050539564678,5.0,6000.0,3.0,60.81527590751648,98.65942249648543,,,,,,,,,,,,,,,,,,,,,,,,,,,,,,,,,,,,,,,,,,,,,,,,,,,,,,,,,,,,,,
-9582.219824790955,0.0,1500.0,0.0,48.0,2001.0,0.7771467107628444,1555.0,446.0,2.313725676221877,8.509567276247674,2351.382304019481,52.6,0.03249721981959718,147.14545454545453,108.47272727272728,4.459543136925199,11.0,88.68571428571428,51.40000000000001,6.205419435910623,7.0,147.14545454545453,108.47272727272728,4.459543136925199,11.0,-0.011101726155643922,-0.025703532884407555,-0.06039959981162356,-0.0014827755771870794,-0.054510225044331215,-0.7380334298249138,-0.003575568269693401,0.2667724055864177,4.0,7500.0,4.0,75.10263967514038,99.86333413101809,,,,,,,,,,,,,,,,,,,,,,,,,,,,,,,,,,,,,,,,,,,,,,,,,,,,,,,,,,,,,,
-1699.74872781833,0.0,1500.0,0.0,39.0,1933.0,0.35894378283200457,693.0,1240.0,3.146389030252737,8.103164655632444,10421.407854308894,325.8,0.05284157259634099,108.16842105263156,61.357894736842105,4.599252617428892,57.0,82.05777777777779,37.74666666666667,5.367756705434752,45.0,108.16842105263156,61.357894736842105,4.599252617428892,57.0,0.01903270511716411,-0.029229740813790307,-0.059647573642827134,-0.002061945226390002,-0.055194116140353605,-0.6124775879100421,-0.00693616308655055,0.3756731505620379,12.0,9000.0,5.0,101.65804672241211,88.53209647609538,0.1264512836933136,-6.341015815734863,-1.119490146636963,-0.5277326107025146,-0.5917574763298035,0.719857394695282,0.719857394695282,0.7189821600914001,5.051592826843262,-1.722231388092041,-0.6269538402557373,-1.0952774286270142,1.0952774286270142,,0.11245039850473404,,0.16775940358638763,0.12677134548624355,0.058583683914837564,0.0012696896316079544,-5.005558697382609,0.8768329825525286,-0.10021999113021351,-0.3855271459246675,0.44590216284523243,-0.05151562306893219,-0.1840160712754975,0.2126921971725602,-0.024570567484166028,-0.20151107427470075,0.23322138115963303,-0.026945055403461267,0.9013384242852529,0.11658164266807412,-0.013445685981245568,0.9013384242852529,0.11658164266807412,-0.013445685981245568,0.9011748194694519,0.11678103067251835,-0.013469630380361072,3.4102593700091046,1.075098575238339,0.12311364851220698,-1.7708860317866006,0.014186631003891444,0.0010640868355621081,-0.6737514118353526,0.013806381405600731,0.0010037523885988119,-1.0971346139907836,0.0006411667247421527,6.033459282560155e-05,1.0971346139907836,0.0006411667247421527,-6.033459282560155e-05,0.11339946190516154,0.001267257601280934,2.2304064705054633e-05,0.1313549357155959,0.018389879038008143,0.001971350262175674
-394.93521764666536,0.0,1500.0,0.0,120.0,2084.0,0.8574924208726179,1787.0,297.0,3.2821919405651854,6.223003859298088,16584.84502849611,469.40000000000003,0.04574602865217815,103.64646464646466,61.08080808080806,4.547713277316192,99.0,90.06666666666666,47.13333333333333,5.184427464184617,15.0,103.64646464646466,61.08080808080806,4.547713277316192,99.0,0.08138889849503149,-0.021434755345729972,-0.0390635084224486,-0.003079518137650114,-0.060122394148926124,-0.513007280627239,-0.012333023793321192,3.0611476659189725,86.0,10500.0,6.0,136.07258224487305,77.16470009442787,0.4628492295742035,-7.727818489074707,-2.393458127975464,-0.9936680197715759,-1.3997900485992432,0.4705125689506531,0.4705125689506531,0.45855748653411865,6.929478645324707,-1.4345064163208008,-0.3384522795677185,-1.096054196357727,1.096054196357727,,0.11330295354127884,,0.21327799558639526,0.29074634512265524,0.13632863155828648,0.011557548184018248,-7.25486528078715,0.5422936394382855,-0.05404596901576407,-1.823920186360677,0.36846162982948816,-0.04235686401901835,-0.8149794101715088,0.138847607544607,-0.015463516073046593,-1.0089407642682393,0.23277409471819815,-0.026893347468604223,0.5799366345008214,0.07126243840027842,-0.008213333763986077,0.5799366345008214,0.07126243840027842,-0.008213333763986077,0.57470743060112,0.07444665735644461,-0.00858674574481766,6.2097510178883875,0.6131327427956701,0.06430443486859705,-1.6106571435928345,0.09873871872840735,0.010018995632982143,-0.5153016547362009,0.09851363003942028,0.009977476509314907,-1.095355490843455,0.0006791041075055776,4.151944191225395e-05,1.095355490843455,0.0006791041075055776,-4.151944191225395e-05,0.1139652080833912,0.0016594539668457126,1.016029626031269e-05,0.19470475018024444,0.01381289263799282,0.001532132931890686
3.1664919505907796,1.0,1500.0,0.0,127.0,2016.0,0.9385491590041329,1892.0,124.0,8.711099614845654,6.4188028414236635,16022.488806437606,317.8,0.05985384963085732,39.041176470588226,10.532352941176471,9.590069130962059,136.0,38.06666666666667,10.044444444444439,9.789691726454583,9.0,39.041176470588226,10.532352941176471,9.590069130962059,136.0,0.36329772106502967,-0.026074352130698458,-0.04034908217419769,-0.005464087491322028,-0.04993044648867326,-0.23958716625535856,-0.04262349499914882,10.313643741218629,127.0,12000.0,7.0,158.86359214782715,75.53650171043378,1.200150966644287,-10.534765243530273,-3.554025888442993,-1.364464521408081,-2.189561367034912,0.3175390958786011,0.3175390958786011,0.2925815284252167,9.838434219360352,-1.2917084693908691,-0.2097131758928299,-1.0819952487945557,1.0819952487945557,,0.1148158460855484,,0.22930499911308289,0.920547577738762,0.49797181662570683,0.03142793432491373,-9.71000270843506,1.032244936020837,-0.1073212870766508,-2.953130904833476,0.31590238517493063,-0.035619384640448545,-1.141683824857076,0.10496880821291828,-0.009141454335977543,-1.8114470918973287,0.22919461845386632,-0.026477931338767413,0.38646147052447,0.04360817816425155,-0.005032348844975872,0.38646147052447,0.04360817816425155,-0.005032348844975872,0.36657640238602957,0.047444344420994385,-0.005472224208218636,8.86389226913452,1.0760787915945567,0.11120677540644382,-1.3114098985989888,0.09702028461835817,0.007432298877745801,-0.22042937676111857,0.09518602017277816,0.007096384152421968,-1.0909805377324422,0.0037536679779561744,0.00033591485792592955,1.0909805377324422,0.0037536679779561744,-0.00033591485792592955,0.11513307119409243,0.0024340813113898994,6.125971293687737e-05,0.23012540837128956,0.008645170746788515,0.000645348784390492
18.237572693824767,1.0,1500.0,0.0,40.0,1926.0,0.3081354881787998,593.0,1333.0,9.744764830972041,4.319696633733654,14067.121573362736,295.0,0.06555846926530068,34.88217054263566,8.944186046511625,10.952587685844597,129.0,34.856179775280886,9.002247191011236,10.943004206072436,89.0,34.88217054263566,8.944186046511625,10.952587685844597,129.0,0.4177514957740578,-0.026065514976673688,-0.034403269016352454,-0.006164197754940979,-0.04558491782146243,-0.22674830808893884,-0.04661432857630345,13.246248714052129,40.0,13500.0,8.0,178.18193197250366,75.76525773714962,1.5348937511444092,-11.372314453125,-4.360467910766602,-1.418440818786621,-2.9420268535614014,0.21170935034751892,0.21170935034751892,0.18686546385288239,10.98701286315918,-0.988046407699585,0.06621932983398438,-1.0542657375335693,1.0542657375335693,,0.1312391459941864,,0.2341291904449463,1.5174130121866862,0.45733139940108863,0.011150418823632546,-11.164824422200521,0.7149780441996145,0.0032710973890261127,-4.056513500213623,0.3147025697330679,-0.03483336239688514,-1.457115364074707,0.11612725365693882,-0.009084549523036365,-2.599398136138916,0.22310376583634198,-0.025748813722502227,0.2593852256735166,0.03039187020443476,-0.0035069255761230435,0.2593852256735166,0.03039187020443476,-0.0035069255761230435,0.23400322943925858,0.030221848671073154,-0.0034857486359137005,10.5630277633667,0.6665062976388506,0.006141057507745016,-1.1776859521865846,0.0730635164318829,0.00442629809904684,-0.09741617826124033,0.06811324949241716,0.0038540452412092426,-1.080269738038381,0.008187928354752861,0.0005722533608968214,1.080269738038381,0.008187928354752861,-0.0005722533608968214,0.12600296835104624,0.006671830435331726,0.0005217652896354903,0.2315008188287417,0.008711039760856154,0.00017225907761209185
24.493185115583014,1.0,1500.0,0.0,33.0,2033.0,0.2369136290712322,481.0,1552.0,10.099144727258556,3.210928812138911,13565.752646767174,308.8,0.06697900399097692,33.65255474452557,8.468613138686134,11.353172021389337,137.0,33.646153846153865,8.400000000000002,11.338308204591256,104.0,33.65255474452557,8.468613138686134,11.353172021389337,137.0,0.4378909620748822,-0.023317955905419383,-0.02379557703431172,-0.0055240563278348325,-0.04726236515367211,-0.23122328516180943,-0.04149197319048209,14.775010482259596,33.0,15000.0,9.0,196.98764634132385,76.14690707055428,1.736011028289795,-11.075445175170898,-5.6078596115112305,-1.9008349180221558,-3.707024574279785,0.14072473347187042,0.14072473347187042,0.11950378119945526,10.433208465576172,-1.0346903800964355,0.010520834475755692,-1.0452110767364502,1.0452110767364502,,0.1513131558895111,,0.26711535453796387,2.354771637916565,0.5970550771273361,0.023790479740656185,-10.83129103978475,0.8244787584523793,0.0245820226870869,-5.007898314793905,0.25148654127040315,-0.022598285378020017,-1.6487277547518413,0.15713948657514223,0.0021281586870866213,-3.35917059580485,0.21537443715762397,-0.02472644684975081,0.1726821929216385,0.020396517734392446,-0.0023529879044372677,0.1726821929216385,0.020396517734392446,-0.0023529879044372677,0.14954525704185168,0.019282872391913473,-0.002224097423280313,10.475972874959309,0.8228601115520731,-0.02522906387210327,-1.0209800064563752,0.11939014695881772,0.009301833355917439,0.03987398305907845,0.11432256221895121,0.00852829699608621,-1.0608539819717406,0.01394157508864297,0.0007735351036335134,1.0608539819717406,0.01394157508864297,-0.0007735351036335134,0.14073502818743389,0.006826626670772237,0.0006687763734441941,0.252715577185154,0.010871134457080286,0.0009469847624771272
28.087837996021396,1.0,1500.0,0.0,62.0,1840.0,0.4993500761961034,918.0,922.0,10.242338573675953,3.082447753090952,11913.894473263113,279.8,0.06799844463886459,33.183870967741946,8.303225806451612,11.606283843435682,124.0,33.296774193548394,8.40322580645161,11.587863099429171,62.0,33.183870967741946,8.303225806451612,11.606283843435682,124.0,0.4472361219622644,-0.022171046451934507,-0.018812744824620257,-0.006136630990214835,-0.043583508345310176,-0.22407427876643296,-0.03951307917949464,14.525387754519606,62.0,16500.0,10.0,216.55599331855774,76.19276542362051,3.730614185333252,-9.550902366638184,-5.930654525756836,-1.7054986953735352,-4.225155830383301,0.09367537498474121,0.09367537498474121,0.07680384069681168,9.586150169372559,-0.686787486076355,0.2596697509288788,-0.9464571475982666,0.9464571475982666,,0.1547604352235794,,0.28829410672187805,3.0362091382344563,0.6552483823545028,0.018979207082372822,-9.599818356831868,1.002952132696518,0.028317395678086516,-5.760560448964437,0.2903372888629237,-0.021841772459240013,-1.733250657717387,0.215123963077093,-0.004847215943129601,-4.027309743563334,0.15975517199767414,-0.016994560282010216,0.11469646071394285,0.013454995374432541,-0.0015520581861624358,0.11469646071394285,0.013454995374432541,-0.0015520581861624358,0.09577237317959468,0.012195254633508096,-0.0014064440107982113,9.335526625315348,1.0560597704415153,-0.025208877588936383,-0.8319425642490387,0.11138699569205389,0.006091885903520793,0.18081461414694786,0.098149716535477,0.0026121040986430252,-1.0127571721871693,0.039456555897008486,0.0034797837789915546,1.0127571721871693,0.039456555897008486,-0.0034797837789915546,0.15043657124042512,0.006728691434020771,0.0002163718088848028,0.26860782901446023,0.014686942339021295,0.0005773787967885477
28.7350546002388,1.0,1500.0,0.0,120.0,1984.0,0.902077648573482,1789.0,195.0,10.192090649289536,2.6437672045950045,11904.092912179103,312.6,0.07048160173160173,33.34736842105264,8.293233082706767,11.513724586580482,133.0,31.98461538461538,7.230769230769231,11.822557830752329,13.0,33.34736842105264,8.293233082706767,11.513724586580482,133.0,0.43854755040484195,-0.021546363965476156,-0.014201658478886443,-0.006405899093455952,-0.033138948076711104,-0.22630929684873666,-0.0375105224071581,13.957376910993263,120.0,18000.0,11.0,237.9274344444275,75.65331859283442,3.639894723892212,-9.665742874145508,-6.164165019989014,-1.7734856605529785,-4.390679359436035,0.06236447021365166,0.06236447021365166,0.049894243478775024,9.886425018310547,-0.42395448684692383,0.34078967571258545,-0.7647441625595093,0.7647441625595093,,0.15798908472061157,,0.3201817572116852,3.512061262130737,0.8575846991003481,-0.03361171779696227,-8.98984301884969,1.0030599070248365,-0.01586268640333588,-6.321787293752035,0.296471458199046,-0.006183394282492608,-1.8679546634356181,0.2737869935565588,-0.0017078449781797018,-4.453832626342773,0.14844987548965374,-0.004475547103117918,0.07625254653394223,0.008974323170898343,-0.001034707257791412,0.07625254653394223,0.008974323170898343,-0.001034707257791412,0.06183766834437847,0.0076900971613893575,-0.0008868521201663634,8.887142674128215,0.9940843877530532,0.017285667457622778,-0.6435632814963659,0.13616293595972256,0.009545024781921955,0.25494384169578554,0.10777783390530728,0.002940341770582647,-0.8985071162382762,0.07608068876226996,0.0066046832665983485,0.8985071162382762,0.07608068876226996,-0.0066046832665983485,0.15155418117841085,0.005828562320565238,-0.00010156997451528134,0.29094763298829396,0.016107715548249135,0.001140505300878281
30.310783845290803,1.0,1500.0,0.0,114.0,2069.0,0.8197722634388531,1696.0,373.0,10.025379535008344,2.3477865543277305,11919.186289696061,310.8,0.06599006327232579,33.88345323741008,8.575539568345324,11.328454965288445,139.0,34.07200000000001,9.248000000000001,11.30431297440086,25.0,33.88345323741008,8.575539568345324,11.328454965288445,139.0,0.43450376617869385,-0.020544767287069766,-0.010725799745637083,-0.005495191878462439,-0.027688345138444013,-0.22473804366916378,-0.03593774684705235,13.9210131418053,114.0,19500.0,12.0,259.2466468811035,75.217944897637,3.86924147605896,-5.656308174133301,-5.976192951202393,-1.928075909614563,-4.048117160797119,0.04256773740053177,0.04256773740053177,0.03286196291446686,6.089892387390137,-0.11616504192352295,0.3691590428352356,-0.48532405495643616,0.48532405495643616,,0.15008550882339478,,0.3189201056957245,4.601382772127788,0.959020686478258,-0.002382733373673865,-7.351616350809733,1.3429759314787653,0.0691972484312811,-6.414862728118896,0.6344234496835132,0.030506792588281765,-1.7683445433775584,0.43544422487283535,0.018567802895428254,-4.646518206596374,0.42666443311235897,0.011938984958958504,0.051433188592394194,0.005705315551291954,-0.0006582252117696421,0.051433188592394194,0.005705315551291954,-0.0006582252117696421,0.04034577881296476,0.004962086319595116,-0.0005719374711972339,7.328214820226034,1.3510295823347134,-0.06235510738063063,-0.36490093196431794,0.2449231102611018,0.018634732392460166,0.3824110637108485,0.15533683202045453,0.008816246872351352,-0.7473119894663492,0.1522133248468314,0.009818485568177066,0.7473119894663492,0.1522133248468314,-0.009818485568177066,0.14868256350358328,0.0059804230460162,-0.000192325332671309,0.3063727269570033,0.011894509593916865,0.00017173630377076367
35.481230512578435,1.0,1500.0,0.0,47.0,1845.0,0.37485200015083087,691.0,1154.0,9.979322582493237,2.028643950817175,11227.60162962768,258.8,0.06133282775618542,34.02903225806452,8.916129032258068,11.357316608924084,124.0,34.61558441558443,9.503896103896103,11.23563189003199,77.0,34.02903225806452,8.916129032258068,11.357316608924084,124.0,0.44609928937321097,-0.02128868000240462,-0.007545209897455985,-0.005238816528397777,-0.01566773348850715,-0.21751527494907613,-0.03621504097081043,14.621048562787893,47.0,21000.0,13.0,278.4417932033539,75.41971253095295,4.803839683532715,-6.850780963897705,-4.963379859924316,-0.8865467309951782,-4.076833248138428,0.02999611385166645,0.02999611385166645,0.021974816918373108,6.89293098449707,0.35926663875579834,0.727169394493103,-0.3679027259349823,0.3679027259349823,,0.16419127583503723,,0.3525238037109375,4.883947443962097,1.1944419138876454,0.01311106893987087,-6.147919599215189,1.4907531392764894,0.013287906996798276,-5.81874057451884,0.5182270880645579,0.023597514563063134,-1.4232644399007162,0.33424677466706004,0.01591088965419143,-4.395476150512695,0.3552205928094657,0.007686627507872878,0.03568168245255947,0.003656461898906302,-0.0004218744290153501,0.03568168245255947,0.003656461898906302,-0.0004218744290153501,0.026857824561496577,0.003160428148680379,-0.0003645835396677294,6.167564098040263,1.496350001064831,-0.013524240116123732,0.037199372549851735,0.1741977227999324,0.012829535486833406,0.5519608686367671,0.10581639809028322,0.006287377993177376,-0.5147614931066831,0.10999222668940363,0.006542158388720221,0.5147614931066831,0.10999222668940363,-0.006542158388720221,0.1532614563902219,0.0073115296182160085,0.0004982376953916345,0.3254801611105601,0.01417652765667217,0.0011929313518579262
31.37638566253382,1.0,1500.0,0.0,109.0,2080.0,0.7842354002024517,1631.0,449.0,9.99342896099576,1.54600033373537,11643.7803941852,299.8,0.06344704986032337,33.99424460431654,8.624460431654674,11.289128391600016,139.0,32.900000000000006,7.746666666666665,11.64879651313007,30.0,33.99424460431654,8.624460431654674,11.289128391600016,139.0,0.42604017711634373,-0.020275735851931216,-0.00595916954051894,-0.005414884479595462,-0.009604043807918836,-0.23261523649057234,-0.03512968137370665,13.53240032038631,109.0,22500.0,14.0,299.81131768226624,75.04720026561849,5.988454818725586,-4.643712997436523,-4.6153717041015625,-0.5696814060211182,-4.045690059661865,0.021969499066472054,0.021969499066472054,0.014691963791847229,4.728116035461426,0.5721346139907837,0.8307884931564331,-0.2586538791656494,0.2586538791656494,,0.15168651938438416,,0.35420936346054077,5.796344701449076,1.7942417642676578,0.018281308907157633,-4.701773699124654,1.3002042573374812,0.019985934598029633,-5.11522487004598,0.5181212976602227,0.016839465097802923,-0.945287608106931,0.38490511589466575,0.01382221188375499,-4.169937245051066,0.30245385193320357,0.0030172544273573227,0.0255545266593496,0.0023170294434760575,-0.0002673593711302735,0.0255545266593496,0.0023170294434760575,-0.0002673593711302735,0.01800743577380975,0.0020759323620573073,-0.00023967193665440871,4.739699157079061,1.246626254294092,-0.01808278218525015,0.3840477041279276,0.15180955094585316,0.008802208424161486,0.7215296705563863,0.10727090047870964,0.004556738892704793,-0.3374819676081339,0.08419157842654348,0.004245469567507883,0.3374819676081339,0.08419157842654348,-0.004245469567507883,0.15690075755119323,0.008028233881112956,-9.779858509611488e-05,0.33943247397740683,0.017925802483008776,0.0007802276112744128
34.46396482812947,1.0,1500.0,0.0,58.0,1962.0,0.43766973094116696,858.0,1104.0,10.344130006748562,1.4773713955477459,11361.409921653165,296.8,0.06849757673667205,32.825757575757585,8.159090909090907,11.692336190595361,132.0,32.53783783783785,7.916216216216212,11.782978136348095,74.0,32.825757575757585,8.159090909090907,11.692336190595361,132.0,0.4431483121097155,-0.019428596512932626,-0.0038301066663048527,-0.005783471256340606,-0.011730926989335356,-0.23025899449196327,-0.03548001717469055,14.36195283973232,58.0,24000.0,15.0,319.436772108078,75.13223928984561,3.9507694244384766,-2.5268473625183105,-4.3920063972473145,0.027673035860061646,-4.419679641723633,0.017253611236810684,0.017253611236810684,0.009871800430119038,2.5922462940216064,0.7297128438949585,0.9868167042732239,-0.2571038603782654,0.2571038603782654,,0.1679021120071411,,0.35753148794174194,5.134574397404989,1.728435891746676,-0.050524196157996505,-3.3355238258838655,1.611802753133277,0.043987919928897744,-4.339174326260885,0.5743504081497288,-0.002412365063676813,-0.49228239531318346,0.48470755469151156,0.00692071743781894,-3.846891927719116,0.27265014201149285,-0.009333085748589657,0.01927500416835149,0.001344575870780783,-0.000154818433675671,0.01927500416835149,0.001344575870780783,-0.000154818433675671,0.012087284307926893,0.001383987594322838,-0.00015977078798051978,3.338719932238261,1.6161069319243269,-0.04434971411580912,0.6850309024254481,0.1432038830084648,0.0024847211177410084,0.8551054120063781,0.12311807845218581,0.0019708407203665674,-0.17007451181610425,0.05890893557904483,0.0005138812244800407,0.17007451181610425,0.05890893557904483,-0.0005138812244800407,0.1582153374950091,0.006391887466773815,0.00031393554571340306,0.35623966455459594,0.01352559037626003,0.0006026729725889614
38.038453084451184,1.0,1500.0,0.0,27.0,2023.0,0.19487578205219624,394.0,1629.0,10.13350068312446,2.4129188545252935,13255.533711494692,302.8,0.06637148744027005,33.54558823529412,8.529411764705882,11.404742394012132,136.0,33.79816513761468,8.673394495412845,11.323442987506144,109.0,33.54558823529412,8.529411764705882,11.404742394012132,136.0,0.4551559744165919,-0.02061054806136881,-0.004353156659819528,-0.0066795933184162735,-0.004817104585265326,-0.22112313240597253,-0.037008021451012015,14.952856764818993,27.0,25500.0,16.0,338.09191823005676,75.42327581651439,9.103742599487305,0.41500210762023926,-4.724691867828369,-0.8753023147583008,-3.8493895530700684,0.01491755060851574,0.01491755060851574,0.006458498537540436,-0.48000240325927734,0.7083947062492371,0.7718452215194702,-0.06345059722661972,0.06345059722661972,,0.1727430522441864,,0.37078553438186646,5.606491271654765,1.6853938127097752,0.04017336567463935,-1.7813199147582055,1.5987039767482103,0.040933434103301754,-4.323373460769654,0.5932242857878012,0.0283056350385521,-0.22120729635159175,0.5021376735823698,0.012876034150929838,-4.102166167894999,0.38458537566136786,0.015429600141735314,0.015581448252002398,0.0007115743910084644,-7.569000075205569e-05,0.015581448252002398,0.0007115743910084644,-7.569000075205569e-05,0.00795985348522663,0.0009627437270417081,-0.00011095069410969362,1.7930481394131979,1.6438693333255097,-0.041441860241407336,0.777764493227005,0.14684054062172042,0.008865722069087877,0.9264869908491771,0.12045892495840269,0.0031792667869465704,-0.1487224963804086,0.09042693470323708,0.005686456435779584,0.1487224963804086,0.09042693470323708,-0.005686456435779584,0.1652480736374855,0.006323539954212045,0.0003522004480489183,0.36296341319878894,0.013472584002916777,0.00044550651040039716
30.992840877423685,1.0,1500.0,0.0,96.0,2068.0,0.6956732113593945,1438.0,630.0,9.65268891249977,1.4191647761587947,12039.839563512984,264.6,0.054063994115483634,35.210071942446056,8.856115107913668,10.922052381023253,139.0,34.49302325581396,8.493023255813954,11.06706804427638,43.0,35.210071942446056,8.856115107913668,10.922052381023253,139.0,0.4062250108407636,-0.017930811372793596,-0.003935054311317996,-0.003944723086301069,-0.0069114470842331485,-0.22666404869430196,-0.031912136488308825,12.701523594505813,96.0,27000.0,17.0,359.2463536262512,75.157339044532,7.144344329833984,-1.2808759212493896,-4.5727620124816895,-0.18477660417556763,-4.3879852294921875,0.013636155053973198,0.013636155053973198,0.004184476565569639,0.9276453852653503,0.8356775045394897,0.9369781017303467,-0.10130058974027634,0.10130058974027634,,0.16471201181411743,,0.3691456913948059,6.334545771280925,2.1337907831783824,0.01767120944777358,-0.10617205798625946,1.586010636811836,-0.02873571830676316,-4.299377417564392,0.5234342897809886,0.002483072959806642,-0.07750479901830355,0.479873863306711,0.00817414460676797,-4.221872655550639,0.24807762125286095,-0.005691068191019046,0.01413828373576204,0.0003816921720667562,-4.250819300683681e-05,0.01413828373576204,0.0003816921720667562,-4.250819300683681e-05,0.005205274761343996,0.000646008334866606,-7.454754486348547e-05,0.09960089772939681,1.5693113688937546,0.031533258387588976,0.8596461554368336,0.12207985359290063,0.0030915151713819897,0.9616764962673188,0.11277116502130376,0.0019332851663447248,-0.10203035250306129,0.04796522998984015,0.0011582292856708676,0.10203035250306129,0.04796522998984015,-0.0011582292856708676,0.17043500741322834,0.007633133900972836,-3.1730575741866755e-05,0.36302436987559,0.012658209256578809,-5.8270322865459455e-05
37.41779707232092,1.0,1500.0,0.0,117.0,1977.0,0.8832824103350333,1746.0,231.0,10.255760783016347,1.3547477731081001,10816.61583104267,268.40000000000003,0.0609473636404923,33.11127819548873,7.930827067669172,11.604988964832192,133.0,32.075,7.650000000000001,11.87608063854669,16.0,33.11127819548873,7.930827067669172,11.604988964832192,133.0,0.44103008784355113,-0.01823524520470929,-0.0034656312317615035,-0.005367527623992484,-0.006428860496039658,-0.2156212059894953,-0.03379087083584197,14.041604549403882,117.0,28500.0,18.0,380.57086753845215,74.88749778546939,5.050058841705322,3.488953113555908,-5.086399555206299,-0.487466037273407,-4.598933696746826,0.012964759021997452,0.012964759021997452,0.002692058915272355,-2.920950412750244,0.790596067905426,0.8678156733512878,-0.0772196501493454,0.0772196501493454,,0.148370623588562,,0.3450789749622345,4.944889783859253,1.4149522298805643,-0.008763998262874384,0.747312621275584,1.7243084566335638,0.013080129978786733,-4.696511006355285,0.4684965967068286,-0.004174962696164448,-0.19513384650150936,0.4236683411876056,-0.0007500741353156941,-4.501377153396606,0.21258403149607516,-0.0034248858060400263,0.012969273359825213,0.0002416425847792877,-1.501597948911103e-05,0.012969273359825213,0.0002416425847792877,-1.501597948911103e-05,0.0033565742196515203,0.00042924159384238777,-4.950006900601788e-05,-0.6658790787061055,1.6572031890483994,-0.020332789394561134,0.8457481443881989,0.10403696429923465,0.001249107171484025,0.9350852370262146,0.09754012434248381,-0.00017020187865908015,-0.08933708406984806,0.03900419490367974,0.0014193095797227439,0.08933708406984806,0.03900419490367974,-0.0014193095797227439,0.16384114573399225,0.006480971835371318,-0.0002073424046774261,0.365568482875824,0.012462424505667117,2.2016908223424097e-05
40.426178451684805,1.0,1500.0,0.0,65.0,2068.0,0.4650320388226479,961.0,1107.0,10.125208739560996,1.5402021541205477,11932.384324721063,267.40000000000003,0.0573352202066984,33.5525179856115,7.985611510791369,11.389957097260808,139.0,33.986486486486484,8.437837837837838,11.242438238458128,74.0,33.5525179856115,7.985611510791369,11.389957097260808,139.0,0.4456962593781949,-0.019736968039247755,-0.003167197248092218,-0.004542980523786928,-0.0009871875656374692,-0.20399075824405838,-0.03518408514094115,14.337790863246388,65.0,30000.0,19.0,400.50199604034424,74.90599371938704,3.1768856048583984,5.871375560760498,-5.218616485595703,-0.5068638324737549,-4.711752891540527,0.012405752204358578,0.012405752204358578,0.0017391236033290625,-5.431268692016602,0.8229935169219971,0.8645252585411072,-0.0415317565202713,0.0415317565202713,,0.16242894530296326,,0.35676515102386475,6.531918740272522,3.2193441025092246,-0.005525076561695709,2.132165143887202,2.17310106198949,0.04268427151063658,-4.669219207763672,0.5751833365691456,-0.010848475404257643,-0.041026741514603296,0.5188981666463491,-0.006653660000431403,-4.628192536036173,0.15625864188428623,-0.0041948183757708766,0.012575577696164448,0.0001693176953911131,-7.425587587017535e-06,0.012575577696164448,0.0001693176953911131,-7.425587587017535e-06,0.002164971944876015,0.0002735281185976448,-3.15401162869309e-05,-1.9798028151194254,2.1505868922969964,-0.0342158842670241,0.9170566002527872,0.12563374602911603,-0.00043057700550731094,0.9706552664438883,0.11851517059951801,-0.0015238120903295412,-0.05359865625699361,0.026775224637466403,0.0010932335524391956,0.05359865625699361,0.026775224637466403,-0.0010932335524391956,0.16713947902123133,0.007469150709509614,-1.1638940640371036e-05,0.37228598694006604,0.014193814607506464,6.077152338122786e-05
35.96593064626058,1.0,1500.0,0.0,75.0,1890.0,0.5952623266138712,1125.0,765.0,10.077465593713562,0.9596434956722507,10157.535089734925,250.4,0.058925966018732054,33.72539682539683,8.32063492063492,11.405767998420382,126.0,33.41960784313726,8.24705882352941,11.510302728757326,51.0,33.72539682539683,8.32063492063492,11.405767998420382,126.0,0.4314516180744242,-0.020659453805266268,-0.003293638495640036,-0.004650275091579184,-0.00019446654291523031,-0.22197471934942306,-0.03362780466499722,13.78471852940116,75.0,31500.0,20.0,420.5109269618988,74.9088738967635,4.482748508453369,1.6780884265899658,-4.7922749519348145,0.24511688947677612,-5.037391662597656,0.01319008320569992,0.01319008320569992,0.0011165825417265296,-2.046999216079712,0.9955328106880188,1.0366321802139282,-0.041099388152360916,0.041099388152360916,,0.17382657527923584,,0.3791317641735077,6.036742719014486,3.85392335416585,0.09931467775508206,2.788523570696513,1.9364693399109991,-0.009873758778556225,-4.796573877334595,0.6157286353270114,-0.02113796770904155,0.07990973653892676,0.6078395669554685,-0.014354167879456542,-4.876483647028605,0.09487506337905052,-0.006783805036703879,0.012889689486473798,0.0005838307036189293,6.0011361734951616e-05,0.012889689486473798,0.0005838307036189293,6.0011361734951616e-05,0.0013939876419802506,0.00017812912385612231,-2.054399318653302e-05,-2.7097728619972865,1.9477536546796181,0.008701978794592318,0.9573026398817698,0.1376342615166396,-0.0026880285631165255,0.9981255451838176,0.13985896742367326,-0.003319388130748121,-0.04082290977239609,0.012579477550421951,0.0006313587057179423,0.04082290977239609,0.012579477550421951,-0.0006313587057179423,0.16689839512109755,0.007167713525057714,3.9450063456149105e-05,0.3721946140130361,0.01214763850318893,0.000198006271918169
36.941462472081184,1.0,1500.0,0.0,32.0,2032.0,0.2293658414375746,466.0,1566.0,10.206541144689945,1.338844675375548,12059.026166005506,305.40000000000003,0.06695019291476675,33.2963503649635,8.394160583941606,11.581884604639095,137.0,33.37523809523808,8.436190476190474,11.545969299958353,105.0,33.2963503649635,8.394160583941606,11.581884604639095,137.0,0.4463399152337589,-0.022832826706012697,-0.003918974500686525,-0.004927055324401905,-6.407518154634772e-05,-0.22571550619392872,-0.03730469487282435,14.763885325936796,32.0,33000.0,21.0,439.41220355033875,75.10032660305836,11.594491004943848,4.471985816955566,-5.6909966468811035,-0.3881000876426697,-5.302896499633789,0.014340856112539768,0.014340856112539768,0.0007150627789087594,-4.153083801269531,0.8564069867134094,0.8885639905929565,-0.032156944274902344,0.032156944274902344,,0.16374628245830536,,0.3500434458255768,5.252119223276774,2.4036901162793787,0.11215768597680276,3.2421094715595244,1.74748409058508,0.016632908138470275,-5.179082759221395,0.485733920872944,0.014967716098229618,-0.07103315492471059,0.5167324415034621,0.024658661543726264,-5.1080496152242025,0.12018562997050636,-0.009690946254369419,0.013479129318147898,0.0004001912524011016,3.4485784492914206e-05,0.013479129318147898,0.0004001912524011016,3.4485784492914206e-05,0.0008945261205856998,0.00011478129580748384,-1.3239067348261069e-05,-3.1124677618344623,1.671404533774634,0.002816940679963943,0.9367317140102387,0.1200361970037709,0.005875832870088752,0.9636573553085327,0.1201750958601556,0.005717985144711681,-0.026925615966320038,0.012448702546889288,0.00015784864323224124,0.026925615966320038,0.012448702546889288,-0.00015784864323224124,0.1696192890405655,0.006331205768025414,0.0001160890228623632,0.3713561584552129,0.012179945225221643,-0.000661307825262483
37.52405621660383,1.0,1500.0,0.0,76.0,1810.0,0.6273123987904075,1135.0,675.0,10.222156339999387,1.2306086493559412,9903.194062571882,268.2,0.06614382953536549,33.23606557377048,8.126229508196719,11.592449834436161,122.0,33.139130434782594,8.082608695652171,11.606284823978404,46.0,33.23606557377048,8.126229508196719,11.592449834436161,122.0,0.44270510555760184,-0.02086156996990349,-0.003824215656687739,-0.005688231442733297,-6.253908692933083e-05,-0.22128115786652508,-0.03403735966622928,14.40903373698033,76.0,34500.0,22.0,459.3549120426178,75.1053250885868,2.720785617828369,3.7236387729644775,-5.067323684692383,0.5264137387275696,-5.593737602233887,0.013901318423449993,0.013901318423449993,0.000456658803159371,-3.6165051460266113,1.0758310556411743,1.1031147241592407,-0.02728372812271118,0.02728372812271118,,0.1688101887702942,,0.3566502034664154,4.889453434944153,3.035721177045949,-0.05817656347298135,4.1318310836950936,1.899789624145519,-0.03713346597747904,-5.392389488220215,0.4667215268365021,0.002055486396899993,0.015141133219003677,0.48887936856514097,0.015918914940585293,-5.407530625661214,0.13197382558535423,-0.013863430723332314,0.013991797777513663,0.00016093926641500247,-1.4127144078259335e-05,0.013991797777513663,0.00016093926641500247,-1.4127144078259335e-05,0.0005724388776191821,7.397243888139697e-05,-8.533928412281084e-06,-3.877408774693807,1.9138116660522781,0.04528340221909982,0.9600095669428508,0.11308089176722069,0.003323081046243376,0.9834921459356943,0.11449758182415416,0.0037295351967265074,-0.023482597013935447,0.00811629338929968,-0.00040645429893532495,0.023482597013935447,0.00811629338929968,0.00040645429893532495,0.17192752758661906,0.006236569269531618,4.554536769599233e-05,0.35852773288885753,0.011446877426339697,-3.55152518916393e-05
34.5936058242366,1.0,1500.0,0.0,53.0,1915.0,0.4146595840752294,794.0,1121.0,10.051999109099635,1.6427265616938036,11371.945734396659,293.40000000000003,0.06777546777546778,33.82031250000001,8.771875000000001,11.432871847551452,128.0,33.776,8.877333333333333,11.421948636353306,75.0,33.82031250000001,8.771875000000001,11.432871847551452,128.0,0.43235644649063043,-0.02025706124888414,-0.003460603896399875,-0.007398389492785061,-0.0004385415361483526,-0.22904397945118787,-0.03481727950151522,13.972419410983777,53.0,36000.0,23.0,478.8507478237152,75.1800016260037,2.3724565505981445,5.649530410766602,-6.8309245109558105,-0.9465099573135376,-5.8844146728515625,0.014337684959173203,0.014337684959173203,0.0002904765715356916,-5.2383527755737305,0.7344420552253723,0.7570154666900635,-0.022573374211788177,0.022573374211788177,,0.17042410373687744,,0.3481918275356293,5.900060931841533,3.3450162144163125,0.015484024181514304,4.117330022652944,1.6705419250295441,0.07727369702565125,-5.77191899617513,0.5286715489246682,-0.012689651981476665,0.05339818969368935,0.4913252303116805,-0.005017408902639801,-5.825317176183065,0.1276986166187053,-0.007672240179823494,0.013884454841415088,0.00033740440945874607,3.3654916505261705e-05,0.013884454841415088,0.00033740440945874607,3.3654916505261705e-05,0.0003642237027330945,4.732853248953212e-05,-5.458532798894428e-06,-4.017741195360819,1.6909147453510882,-0.07456726964244052,0.9573186417420705,0.11764962992609573,-0.000750008242016271,0.992353477080663,0.11499476099544535,-0.0011856308901005176,-0.035034832234183945,0.014469464424322256,0.00043562326965660884,0.035034832234183945,0.014469464424322256,-0.00043562326965660884,0.1758381262421608,0.0053718283787831415,-4.4073872226766314e-05,0.3582266439994176,0.012417695040695903,-0.00019237120636844443
22.292817524501256,1.0,1500.0,0.0,7.0,1951.0,0.050280831653903284,98.0,1853.0,9.783295931608226,2.3423879252336364,12740.399368141014,304.0,0.06682199850529741,34.72824427480914,9.152671755725185,11.03556307785507,131.0,34.61451612903223,9.041935483870965,11.071424561659136,124.0,34.72824427480914,9.152671755725185,11.03556307785507,131.0,0.3950266892769354,-0.025114682249876154,-0.0027996526497275,-0.002256640120543512,0.0,-0.2722659667541577,-0.031153232345408583,12.261109683411647,7.0,37500.0,24.0,496.586181640625,75.51559303584975,3.248288154602051,4.352631092071533,-6.595968723297119,-0.3327174484729767,-6.263251304626465,0.014148998074233532,0.014148998074233532,0.00018520017329137772,-4.075315475463867,0.8730481266975403,0.901860773563385,-0.028812645003199577,0.028812645003199577,,0.1862165331840515,,0.3725430369377136,4.42164888381958,2.3287623003358133,-0.051004347944418875,5.207410486539205,2.056241199824333,0.047683848475455044,-6.202682971954346,0.36444306231020396,-0.001201125538521518,-0.05479360794027646,0.3661587981624728,0.010070637977361949,-6.147889423370361,0.15978346255758688,-0.011271762529655274,0.01372310317431887,0.0003261740516822059,-1.274026718997616e-05,0.01372310317431887,0.0003261740516822059,-1.274026718997616e-05,0.0002321250872531285,2.9977622578396346e-05,-3.4577591545171276e-06,-5.0466005047162374,2.149088844533166,-0.043688132394275006,0.9332864880561829,0.08518170602866736,0.002329437883862913,0.9672463655471801,0.08542787973057504,0.0023569912480830356,-0.033959869667887686,0.015101788353301048,-2.7552429375313482e-05,0.033959869667887686,0.015101788353301048,2.7552429375313482e-05,0.17872631152470905,0.008521243471109805,0.0003612459634116777,0.3586857577164968,0.012379965147244742,-4.728060543079104e-06
39.22900273071395,1.0,1500.0,0.0,36.0,2059.0,0.2609595715531248,537.0,1522.0,10.077071022023336,1.4695589638635647,12030.067825415317,303.0,0.06514447884416924,33.70434782608695,8.611594202898553,11.406943589505687,138.0,34.14901960784313,8.919607843137257,11.237493156080465,102.0,33.70434782608695,8.611594202898553,11.406943589505687,138.0,0.45576665214121365,-0.021964716459626357,-0.004047944170615792,-0.006128473904089893,-1.9334880123743235e-05,-0.21546790409898897,-0.03627776342494394,14.538375248019413,36.0,39000.0,25.0,515.6313543319702,75.63543153912104,4.3097147941589355,7.489289283752441,-6.266336441040039,0.3125905692577362,-6.578927040100098,0.015360034070909023,0.015360034070909023,0.00011824100511148572,-7.466130256652832,1.0272960662841797,1.054853081703186,-0.027556944638490677,0.027556944638490677,,0.17647725343704224,,0.3434455990791321,5.7851401170094805,3.0159913195241925,0.05632011436912176,5.366780074437459,1.7684027147703456,0.06176926312642833,-6.283784182866414,0.3735556430997407,-0.017242000630753197,0.18173682565490404,0.33584840588761056,-0.011535380435931409,-6.465520970026652,0.10611310113520585,-0.005706618969909657,0.015002041899909576,0.0004260799113979026,4.127413941934689e-05,0.015002041899909576,0.0004260799113979026,4.127413941934689e-05,0.00014802125951973721,1.912576960388376e-05,-2.2056883665110474e-06,-5.2346482952435816,1.7280104213401586,-0.06184303606710118,0.9905632813771565,0.08014624386660647,-0.0021283016851932394,1.0231748938560485,0.07982848209769593,-0.0027217796567549943,-0.03261159115160505,0.01186725055315865,0.0005934790711232514,0.03261159115160505,0.01186725055315865,-0.0005934790711232514,0.1832611178358396,0.00877034951778145,0.00011094894438351591,0.3569922169049581,0.01317395363269423,-0.00013247300042989885
33.74716820716858,1.0,1500.0,0.0,40.0,1800.0,0.33243284500018844,598.0,1202.0,10.048545909558193,1.2537517266879672,10439.8739696007,256.2,0.0626222135314822,33.8115702479339,8.634710743801655,11.419673395533206,121.0,33.94074074074076,8.508641975308642,11.286319095299504,81.0,33.8115702479339,8.634710743801655,11.419673395533206,121.0,0.4378085139306728,-0.021677710446300433,-0.004017691959028335,-0.005339628599270149,-0.0008228379513014272,-0.2388581024349208,-0.034895504585893036,14.066333415900427,40.0,40500.0,26.0,534.6138045787811,75.75561957647109,6.267242431640625,5.845625400543213,-6.950340747833252,-0.11418576538562775,-6.836154937744141,0.014756170101463795,0.014756170101463795,7.5425450631883e-05,-5.903002738952637,0.9327195882797241,0.952916145324707,-0.020196573808789253,0.020196573808789253,,0.18215836584568024,,0.3529551029205322,4.893901737531026,1.941435810478145,-0.03401846599260616,6.340508874257406,1.4556155918202702,0.02334980248609277,-6.8385828018188475,0.4698911721294046,-0.029010671715317255,-0.09229607743521531,0.3871767895318031,-0.012115122919054798,-6.746286710103353,0.18623260701308575,-0.01689554666385489,0.014899049823482832,0.0002457811721928199,-2.2677313515686926e-05,0.014899049823482832,0.0002457811721928199,-2.2677313515686926e-05,9.461604834844668e-05,1.2278327266540844e-05,-1.4164882584643853e-06,-6.1252368529637655,1.4277691293804724,-0.02541496793473245,0.9307806730270386,0.09533436422595865,-0.0035275405187893496,0.9581567545731863,0.09206828413290045,-0.002880286361537359,-0.027376101864501835,0.013676565165203058,-0.0006472543326389862,0.027376101864501835,0.013676565165203058,0.0006472543326389862,0.18576585004727045,0.009323812413576795,7.359369909669968e-05,0.3566954106092453,0.01472531952670564,-0.0003544473077882374
35.47893051447067,1.0,1500.0,0.0,113.0,2000.0,0.846403658669177,1692.0,308.0,9.7881125693394,1.1844299511532308,10550.884574893316,235.4,0.05063454506345451,34.6940298507463,8.695522388059702,11.144269906891338,134.0,34.28571428571428,9.61904761904762,11.277614430770521,21.0,34.6940298507463,8.695522388059702,11.144269906891338,134.0,0.4186883003814351,-0.017634759273830528,-0.0034792665530488246,-0.0043335846045994605,-0.0003771644093948221,-0.2201725812903782,-0.030941398059646644,13.527821351986248,113.0,42000.0,27.0,555.972216129303,75.54334332101233,2.4886741638183594,5.3770856857299805,-6.666841983795166,0.4780082404613495,-7.144850254058838,0.016746776178479195,0.016746776178479195,4.812203042092733e-05,-5.1367597579956055,1.0781924724578857,1.0968838930130005,-0.018691372126340866,0.018691372126340866,,0.18630951642990112,,0.38455748558044434,3.8290377378463747,0.7758882591403747,-0.005354535407298739,6.34634579817454,1.7148897897943556,-0.01233845738335651,-7.047830073038737,0.562871909461389,-0.002438514675526415,-0.012076701472202937,0.556372304616982,0.013467660342427069,-7.035753377278646,0.17782650030475144,-0.0159061716183671,0.015577246217677991,0.0004900561324291618,5.1465395369770685e-05,0.015577246217677991,0.0004900561324291618,5.1465395369770685e-05,6.037055815492446e-05,7.81801865131407e-06,-9.02018403619927e-07,-6.054453984896342,1.7445872955388786,0.014490050919461848,0.9537686030069987,0.1339931336565778,0.0027504866592610536,0.9773192683855693,0.13362342222607201,0.0032687434365141913,-0.023550665510507923,0.012346544556512075,-0.0005182546136115525,0.023550665510507923,0.012346544556512075,0.0005182546136115525,0.1869138166308403,0.008450200177048355,-7.585599372069786e-06,0.36801249782244366,0.01186440954950628,0.0005126046789633826
40.23726837735781,1.0,1500.0,0.0,71.0,2081.0,0.5056900687143044,1052.0,1029.0,10.05410711464396,1.6740705443520103,12122.924234940558,281.40000000000003,0.05949763193504736,33.78285714285714,7.9757142857142815,11.337904238832973,140.0,34.14782608695652,8.530434782608696,11.238509002366145,69.0,33.78285714285714,7.9757142857142815,11.337904238832973,140.0,0.4392130978601492,-0.018712121674067432,-0.004301975266402459,-0.005158088793435909,-0.00017092393884721304,-0.2005507549140568,-0.033350407552894305,13.988554553634822,71.0,43500.0,28.0,576.101389169693,75.5075422794839,6.977358818054199,5.8636674880981445,-8.233489990234375,-0.6485757827758789,-7.584914207458496,0.01599133387207985,0.01599133387207985,3.0694238375872374e-05,-6.145992279052734,0.7932302355766296,0.8231710195541382,-0.029940811917185783,0.029940811917185783,,0.20525018870830536,,0.38207459449768066,5.701768064498902,4.158507217826023,0.06582184909315597,6.784125407536824,1.7979292483145264,0.012393477867389388,-7.406693410873413,0.41599822084749044,-0.018590449438211594,-0.0035790367672840755,0.400827068203751,-0.007139410319695623,-7.403114382425944,0.14563604796368515,-0.01145104099566446,0.016554354752103487,0.00048665478946792055,-5.012930715839937e-05,0.016554354752103487,0.00048665478946792055,-5.012930715839937e-05,3.847099518073567e-05,4.9786901488043075e-06,-5.742948672522359e-07,-6.64998820622762,1.7915984334395922,-0.009502508271655307,0.9514340957005819,0.09562738512414566,-0.0018002669193323273,0.9791002889474233,0.09761629300101012,-0.001747071106521417,-0.027666209420810144,0.010498468669702509,-5.319680670510338e-05,0.027666209420810144,0.010498468669702509,5.319680670510338e-05,0.18636987855037054,0.008264564803659755,0.00025699636893754436,0.3735468039909999,0.011509980873548141,0.0005531875190798453
41.4099795156055,1.0,1500.0,0.0,54.0,1831.0,0.43619629879923,798.0,1033.0,10.331518937441386,1.1654240993602747,10137.735290748278,264.0,0.06523028266455821,32.90406504065041,8.081300813008129,11.707196945686803,123.0,33.28985507246377,8.56231884057971,11.561033815363153,69.0,32.90406504065041,8.081300813008129,11.707196945686803,123.0,0.45648485596521754,-0.019598947423087036,-0.003600539638574908,-0.00610090235387199,-0.00045190445448676586,-0.2082375726274942,-0.03449619027082485,15.019781399701165,54.0,45000.0,29.0,595.3310146331787,75.58820033545096,3.6186070442199707,8.367868423461914,-8.523218154907227,-0.799268364906311,-7.723949432373047,0.016294430941343307,0.016294430941343307,1.9579259969759732e-05,-8.349536895751953,0.7733718156814575,0.7858645915985107,-0.01249268651008606,0.01249268651008606,,0.1887555867433548,,0.37275174260139465,3.6943838278452557,1.053119006811734,-0.032996426116638014,6.553782649834951,1.987109087685361,-0.009033787131177107,-7.828143278757731,0.4951133059061181,-0.025090597362751637,-0.08989598304033279,0.47167174273095297,-0.016737021252231157,-7.738247299194336,0.14937370757465826,-0.00835357704205015,0.01630243888745705,0.0002204359829590998,-1.2317412969002803e-05,0.01630243888745705,0.0002204359829590998,-1.2317412969002803e-05,2.4540701330503602e-05,3.170842832148728e-06,-3.657707679470038e-07,-6.394188451766968,2.0544160562886584,0.012503273468526982,0.9296419819196066,0.11259706116799797,-0.0038133978445882856,0.9580936769644419,0.11465331022587766,-0.00405505797489072,-0.02845167797058821,0.012496521359578017,0.0002416599342999398,0.02845167797058821,0.012496521359578017,-0.0002416599342999398,0.18798295209805171,0.009262390936098227,-0.00015713724663048468,0.3714379906654358,0.01350475415837104,-6.316103314743864e-07
39.935046235720314,1.0,1500.0,0.0,15.0,1965.0,0.11091043612546979,217.0,1748.0,9.92979798932082,2.16638417903845,12500.728004483099,297.6,0.06585236325013277,34.23636363636362,8.734848484848484,11.178324816482315,132.0,34.35726495726495,8.912820512820515,11.141824256365377,117.0,34.23636363636362,8.734848484848484,11.178324816482315,132.0,0.4422631283898521,-0.02257746763760042,-0.005752988027600543,-0.005037460904821807,0.0,-0.19918662449164215,-0.03685430332993579,14.433278190735654,15.0,46500.0,30.0,613.6742899417877,75.77309455869649,3.9555776119232178,4.480399131774902,-8.399551391601562,-0.19802641868591309,-8.20152473449707,0.015181656926870346,0.015181656926870346,1.2483099453675095e-05,-4.359508991241455,0.9063221216201782,0.9327099323272705,-0.026387790217995644,0.026387790217995644,,0.20045417547225952,,0.38371968269348145,4.273807183901469,2.1252643721770625,-0.03516660277649879,6.750229024887085,1.7603929151085653,-0.002730346123819517,-8.275831524531046,0.3713479287804814,-0.010834783123385358,-0.20615008994936942,0.3789366596614999,-0.0003863224049033449,-8.069681406021118,0.13588303011388947,-0.010448459099078733,0.015964770348121722,0.00033547713737285315,-3.5945319252563597e-05,0.015964770348121722,0.00033547713737285315,-3.5945319252563597e-05,1.5641682754600576e-05,2.0302585687245333e-06,-2.3414029295826156e-07,-6.587069940567017,1.758276037476392,-0.002189685558450597,0.9014281471570332,0.08891853904589636,-8.487913579402426e-06,0.9301567157109578,0.09141023944957051,-4.837863039522678e-05,-0.02872856919032832,0.009157061027107045,3.989156495129215e-05,0.02872856919032832,0.009157061027107045,-3.989156495129215e-05,0.1886560673515002,0.007396053564642985,0.000441773698247707,0.37563565174738567,0.013191599647699885,0.0003411732075344257
36.67188338897167,1.0,1500.0,0.0,78.0,2064.0,0.5650065459248755,1166.0,898.0,9.89065341990233,1.622643338671901,11570.49535985368,286.0,0.06033246139566281,34.35072463768114,8.47101449275362,11.185453559219308,138.0,34.109999999999985,8.703333333333335,11.251208394049593,60.0,34.35072463768114,8.47101449275362,11.185453559219308,138.0,0.4233300573231298,-0.016784938876938212,-0.0030875464700521175,-0.004516834530796857,-5.8523534821503214e-05,-0.21630298470027925,-0.030692975464510865,13.380710606368192,78.0,48000.0,31.0,634.1621968746185,75.69041522273233,4.620917797088623,5.582484245300293,-8.25655746459961,0.16531957685947418,-8.421876907348633,0.014572639018297195,0.014572639018297195,7.975290827744175e-06,-5.2484283447265625,1.001658320426941,1.0190939903259277,-0.017435746267437935,0.017435746267437935,,0.19005611538887024,,0.3892599940299988,4.553340522448222,3.0862460264478306,0.06316084405604132,6.114059573411941,1.8724836305728063,0.042269745246984666,-8.309351015090943,0.4382906701001272,-0.015061555953656892,-0.01821432150900364,0.40293170718234067,-0.004032288356637529,-8.291136646270752,0.13130606754425214,-0.01102926595855468,0.014950969473769267,0.0002880006266901619,-2.002604575092218e-05,0.014950969473769267,0.0002880006266901619,-2.002604575092218e-05,9.989351413726884e-06,1.2877956393282928e-06,-1.4854894176578013e-07,-5.914316628376643,1.8042043343147378,-0.04339978274567095,0.9560267607371012,0.0966022727787169,-0.000982856777008725,0.9756149490674336,0.09568002990712644,-0.0009577605032151824,-0.01958820130676031,0.007843808806397738,-2.5096458193324456e-05,0.01958820130676031,0.007843808806397738,2.5096458193324456e-05,0.1912367234627406,0.009902112991993499,-0.00010481346170682418,0.3800017982721329,0.015075662584386638,-6.8100395139092175e-06
38.22334227195153,1.0,1500.0,0.0,78.0,2064.0,0.5616420727321008,1159.0,905.0,9.919016141482416,1.52040092630635,11504.669304960516,264.0,0.05546451531576957,34.24316546762591,8.257553956834533,11.19721603779049,139.0,34.18688524590164,8.619672131147539,11.233165071936615,61.0,34.24316546762591,8.257553956834533,11.19721603779049,139.0,0.4270089265658569,-0.016764093544799605,-0.003431096615774767,-0.005281108632455794,-0.0004212654815064452,-0.2096217035976087,-0.03053714778582736,13.731735262557885,78.0,49500.0,32.0,654.4453783035278,75.63656439642881,3.045156717300415,6.536797523498535,-9.21749210357666,-0.38877788186073303,-8.828714370727539,0.01474466361105442,0.01474466361105442,5.077144123788457e-06,-6.47673225402832,0.8635692596435547,0.8878003358840942,-0.024231139570474625,0.024231139570474625,,0.21741226315498352,,0.40595072507858276,4.257694013913473,2.174435590259808,0.05165500327928177,5.998968879381816,1.4310409000816444,-0.03339127109896755,-8.744103272755941,0.3175754152583923,-0.0062822902030222,-0.008774840335051218,0.33171570417656066,-0.001636604343160774,-8.735328356424967,0.1123812055381412,-0.00464568260116454,0.014795496097455422,0.00018323570145144323,3.3118214056273336e-06,0.014795496097455422,0.00018323570145144323,3.3118214056273336e-06,6.3647572005720575e-06,8.281904288291867e-07,-9.551014633210486e-08,-5.755773194630941,1.4249398222647736,0.03951257932703288,0.9482612649599711,0.07623479850944627,0.0001432770218811723,0.9779024124145508,0.07872665036678393,-0.00038744252303554705,-0.029641150993605456,0.00993218465376646,0.0005307180344959002,0.029641150993605456,0.00993218465376646,-0.0005307180344959002,0.18912610958019893,0.0081180688303834,0.00025503720603344145,0.3828722616036733,0.012285476489340244,0.00046195100756719735
41.012099266052246,1.0,1500.0,0.0,102.0,1818.0,0.8349592228434881,1517.0,301.0,10.201882390862533,1.468799957569587,9630.800332184313,241.0,0.058837890625,33.30081300813007,7.388617886178862,11.49438246603075,123.0,32.16190476190476,7.380952380952382,11.857944055528773,21.0,33.30081300813007,7.388617886178862,11.49438246603075,123.0,0.43949500568785066,-0.017432951467799995,-0.0036013269682582793,-0.005254048057749376,-3.303819215012555e-05,-0.19923351394212618,-0.03198651707990011,14.01517799982435,102.0,51000.0,33.0,675.287801027298,75.52335451997654,3.880789279937744,3.817962646484375,-9.29936408996582,-0.29976004362106323,-8.999604225158691,0.014254579320549965,0.014254579320549965,3.243836090405239e-06,-3.7083895206451416,0.8973954916000366,0.9094763994216919,-0.012080926448106766,0.012080926448106766,,0.19547681510448456,,0.4057786464691162,3.5771453777949014,1.3166862834227593,0.04078912655424087,6.0636372566223145,1.9850069800574504,-0.03125657504869933,-9.064624468485514,0.3862404369415565,-0.01137309896534867,-0.05717655469973882,0.3605985464431462,-0.0030083846031492265,-9.007447878519693,0.14996109040304828,-0.008364715406440962,0.014719224503884713,0.0002792598174089194,-2.1611536760815984e-05,0.014719224503884713,0.0002792598174089194,-2.1611536760815984e-05,4.061735618658228e-06,5.249108239489646e-07,-6.054189236907758e-08,-5.870570206642151,1.98246673917057,0.026350864446468437,0.9414568086465199,0.08526721473474452,-0.0005189110227633825,0.9665970702966055,0.0855245716897918,-0.0007143664943495698,-0.025140255223959684,0.010719670077594794,0.0001954553681979994,0.025140255223959684,0.010719670077594794,-0.0001954553681979994,0.19097718745470046,0.008034181523743592,7.597563728209335e-05,0.38774088124434153,0.011499138519705255,0.0004245275186086689
42.15997080217328,1.0,1500.0,0.0,57.0,1831.0,0.4626460004930176,847.0,984.0,10.434879132762497,1.2138260197762694,10120.092157416315,263.2,0.06573754932813827,32.551219512195125,7.614634146341464,11.78851294497232,123.0,32.684848484848494,7.881818181818181,11.73964691655235,66.0,32.551219512195125,7.614634146341464,11.78851294497232,123.0,0.45695226939014943,-0.019253940656584218,-0.0030883701198332375,-0.0057275804218559715,-1.2256403971074888e-05,-0.2041426645422159,-0.03368462404429256,14.81403206096853,57.0,52500.0,34.0,694.6257493495941,75.58026757452895,14.610270500183105,5.755101203918457,-9.986955642700195,-0.4067399799823761,-9.580215454101562,0.014287970960140228,0.014287970960140228,2.066748947981978e-06,-5.616420745849609,0.852341890335083,0.8842575550079346,-0.03191568702459335,0.03191568702459335,,0.19454365968704224,,0.3908838629722595,4.216592931747437,2.441957073244178,0.02805999760102634,6.655227963129679,1.8672123492579362,-0.09148103684286402,-9.467607434590658,0.3759338545361241,-0.004021032076656216,-0.1298510914047559,0.3818125713810965,0.006683011775685097,-9.33775634765625,0.12915359518286712,-0.010704046892244332,0.013838808859388034,0.00026652187413210175,-1.2916787315133933e-06,0.013838808859388034,0.00026652187413210175,-1.2916787315133933e-06,2.592021261686265e-06,3.36552271457134e-07,-3.8817054501912655e-08,-6.445260747273763,1.8409804719516263,0.08285192546908159,0.9242226958274842,0.08842465891005533,0.0015767443564630057,0.9497001230716705,0.08914927420115766,0.0015594710364887814,-0.025477434943119683,0.00699163968466151,1.727136989456705e-05,0.025477434943119683,0.00699163968466151,-1.727136989456705e-05,0.18887814581394197,0.007663664734235482,0.0001202499442158841,0.3878242631753286,0.01312498848541631,0.0002763787021361032
41.66452596772392,1.0,1500.0,0.0,53.0,1915.0,0.4084130846621015,782.0,1133.0,10.278496205618698,1.6793288566827766,11077.406924428426,275.2,0.06453428383828909,33.05736434108526,7.792248062015506,11.59858930452313,129.0,33.32368421052632,8.06578947368421,11.459044049604664,76.0,33.05736434108526,7.792248062015506,11.59858930452313,129.0,0.4520270848489284,-0.018112268937172486,-0.003868241024003646,-0.00539869767322511,0.0,-0.2047239984340265,-0.033332035993290335,14.686161251447079,53.0,54000.0,35.0,713.905535697937,75.64025952986604,6.328495979309082,7.553318023681641,-9.286012649536133,0.4903187155723572,-9.776330947875977,0.013575132004916668,0.013575132004916668,1.318917611570214e-06,-7.592634677886963,1.071921706199646,1.0940403938293457,-0.022118713706731796,0.022118713706731796,,0.19585192203521729,,0.3826743960380554,4.634179282188415,3.727425977196133,0.0861589643395649,5.8440230568250024,2.057243126751406,0.026273215652440264,-9.673473008473714,0.3686601630616476,-0.0060263439598547885,-0.05733258438607057,0.3783517672035044,0.000781906684560158,-9.616140365600586,0.10146020786709135,-0.0068082446648890455,0.013849459557483594,0.00019134269622153344,-1.890476279217664e-05,0.013849459557483594,0.00019134269622153344,-1.890476279217664e-05,1.6521506040589884e-06,2.135571965774611e-07,-2.4630418497544245e-08,-5.6395148396492,2.0859270936632655,-0.023688336262050483,0.9446670055389405,0.08709715596667293,0.0004812285420096187,0.9665435949961344,0.0884631586806247,0.00017981892565596745,-0.02187659650420149,0.0067257083257760055,0.00030140911598790373,0.02187659650420149,0.0067257083257760055,-0.00030140911598790373,0.19291398227214812,0.0081662448585751,-0.00018878601682067268,0.3946160743633906,0.010453437577995547,-0.00019060246671268567
40.35138393491506,1.0,1500.0,0.0,80.0,1848.0,0.6455018487222266,1192.0,656.0,10.19462992249353,1.5932481595267347,10247.905369291642,260.6,0.06311761286572369,33.29677419354838,7.966129032258064,11.605194305258335,124.0,33.52727272727274,8.52727272727273,11.497919552216809,44.0,33.29677419354838,7.966129032258064,11.605194305258335,124.0,0.4444561923671345,-0.0180759372855275,-0.0035545449753264687,-0.0047918875842262515,-3.4059945504087195e-05,-0.20865122615803894,-0.03289375028686918,14.447821511367726,80.0,55500.0,36.0,733.9700844287872,75.616160900063,1.5674442052841187,5.189520835876465,-10.894439697265625,-0.7991600036621094,-10.095279693603516,0.013146167621016502,0.013146167621016502,8.426264912486658e-07,-4.938424110412598,0.7737094759941101,0.7954999804496765,-0.021790500730276108,0.021790500730276108,,0.18005487322807312,,0.38049203157424927,3.9315914034843447,3.1473940251502044,-0.12268302159526867,5.710261305173238,1.7697618512362887,-0.02393380489710051,-9.913822778065999,0.40784378302142194,-0.006500708141899451,-0.03228546306490898,0.4074600557558305,0.0014124629710354506,-9.881537342071534,0.11914856743392065,-0.007913173425184154,0.013413037670155366,0.00017813732048022377,-7.003778643550281e-06,0.013413037670155366,0.00017813732048022377,-7.003778643550281e-06,1.0550298952693992e-06,1.3626555210803664e-07,-1.571690178759643e-08,-5.5006787856419885,1.8373063950597734,0.019812966082597434,0.9548507869243622,0.09366751132096379,0.0005400289417771589,0.9724808593591054,0.0944378639976023,0.0003374550711193571,-0.017630078814302882,0.007275659889412508,0.00020257397414961089,0.017630078814302882,0.007275659889412508,-0.00020257397414961089,0.1911071355144183,0.008092340399197255,-0.00011264062895791225,0.3970706770817439,0.01355834009578251,0.0004626640819999261
39.348161234174455,1.0,1500.0,0.0,35.0,1875.0,0.27476227315856977,515.0,1360.0,10.411687971050654,1.4510778958457227,11166.601072104457,266.40000000000003,0.06477969069156697,32.63809523809525,7.853968253968254,11.792672986515756,126.0,32.54065934065933,7.94065934065934,11.793723488923902,91.0,32.63809523809525,7.853968253968254,11.792672986515756,126.0,0.44754372352402233,-0.018831889168376317,-0.004120478180906059,-0.0067288192646689044,-0.007982782234396461,-0.20896106437095943,-0.03426074122074534,15.01133837935405,35.0,57000.0,37.0,752.677930355072,75.7296018671765,3.5434863567352295,6.57590389251709,-10.80855655670166,0.3211599886417389,-11.129716873168945,0.014220254495739937,0.014220254495739937,5.235795583757863e-07,-6.191742897033691,0.9859433770179749,1.055511713027954,-0.06956835091114044,0.06956835091114044,,0.19026073813438416,,0.39312416315078735,3.9195603092511493,1.947483467727248,0.010898162605234666,5.457811450958252,1.9168956985471848,0.018801415669374218,-11.314375305175782,1.9679704523106292,-0.09059966854311857,0.10501829385757447,0.5055070154791337,0.003140885592567769,-11.419393603006998,1.9943939603158092,-0.09374054769785413,0.013523314831157525,0.00048522672906831213,5.233781049659939e-05,0.013523314831157525,0.00048522672906831213,5.233781049659939e-05,6.676349035690995e-07,9.332810133424502e-08,-1.076951790680253e-08,-5.299278982480367,1.9526532845431634,-0.01575441174830672,0.9023048351208369,0.16368705408193837,-0.005002134335584746,1.0043623268604278,0.11751176575465322,0.0007186346908034503,-0.10205749780870974,0.13719012966199215,-0.005720768481994398,0.10205749780870974,0.13719012966199215,0.005720768481994398,0.19247799466053644,0.008006383308050615,-3.2443487737023737e-05,0.3993275930484136,0.012812067897122031,-0.00047248382456974326
33.57357162475586,1.0,1500.0,0.0,75.0,2094.0,0.5354018655858397,1121.0,973.0,10.00913436624332,1.1513250770244792,11602.819415064501,307.20000000000005,0.06464646464646465,33.94285714285714,8.458571428571426,11.326250271466229,140.0,33.05846153846154,8.42153846153846,11.73378738352306,65.0,33.94285714285714,8.458571428571426,11.326250271466229,140.0,0.4196615897138568,-0.018764090434514158,-0.004061405342485239,-0.005468353589871055,-0.006269943941354044,-0.21968089693833817,-0.03319737010761624,13.132432143431691,75.0,58500.0,38.0,772.8968932628632,75.68926788285599,3.082127809524536,5.514704704284668,-11.152332305908203,0.3688810169696808,-11.52121353149414,0.014330459758639336,0.014330459758639336,3.349471171532059e-07,-5.097485542297363,0.9941232800483704,1.066892385482788,-0.07276906818151474,0.07276906818151474,,0.19375775754451752,,0.4096636176109314,3.417888943354289,0.9919694415577804,0.0031558099392390683,4.675087871154149,1.926142424928805,0.045844915645141045,-11.705073165893555,0.43492769166946876,0.007279672081664461,-0.10392070015271505,0.37367242906382936,0.0038084276990179773,-11.601152451833089,0.21233299740081246,0.0034712499718248715,0.014344459523757298,7.340149577069243e-05,1.9359691389670116e-06,0.014344459523757298,7.340149577069243e-05,1.9359691389670116e-06,4.1909278346944727e-07,5.380628617200993e-08,-6.205494977149699e-09,-4.484077640374502,1.9828187361475365,-0.0531862625688546,0.8658757865428924,0.0906420129568016,0.0019354938930345811,0.9555178503195445,0.08802937600289369,0.0008964140635310843,-0.08964205160737038,0.016915774420102635,0.0010390789394118787,0.08964205160737038,0.016915774420102635,-0.0010390789394118787,0.1926818291346232,0.008931341638752357,3.6341389506486726e-05,0.4055762380361557,0.012390040471911246,9.282328130405247e-05
26.880940669038324,1.0,1500.0,0.0,89.0,1969.0,0.6740734611216923,1327.0,642.0,9.784723332079013,1.3725334107475209,11684.46421025128,260.8,0.0568935427574171,34.72727272727273,8.710606060606057,11.024715918923619,132.0,31.739534883720946,7.609302325581396,12.103229054833086,43.0,34.72727272727273,8.710606060606057,11.024715918923619,132.0,0.39542221360235824,-0.019536268814082648,-0.00435922547325381,-0.004311029537778742,-0.014801543550164834,-0.2267364939360667,-0.03471415658311499,12.048780434684257,89.0,60000.0,39.0,793.7266247272491,75.5927773250872,2.700399398803711,5.867792129516602,-11.425821304321289,-0.23181307315826416,-11.194007873535156,0.013951947912573814,0.013951947912573814,2.1341558920084935e-07,-5.655830383300781,0.8969476819038391,0.9257365465164185,-0.028788898140192032,0.028788898140192032,,0.18984994292259216,,0.39995262026786804,3.618742835521698,3.225875643127776,0.06880211572891079,4.420106728871663,1.7630562078614955,0.010473479842715305,-12.090956751505534,0.6031770314940401,0.004179212593528564,-0.08900899775326251,0.46862228513253495,0.00670398033252017,-12.001947816212972,0.48572607134266715,-0.0025247747826493585,0.014023630848775307,9.423447490955529e-05,-3.3276412507586604e-06,0.014023630848775307,9.423447490955529e-05,-3.3276412507586604e-06,2.6751797671901537e-07,3.5004166413003544e-08,-4.036447341591652e-09,-4.152428205808004,1.7885715147094978,-0.011631120219246463,0.8664258420467377,0.10897271726506037,0.0021807976771514768,0.959079219897588,0.10979373306860693,0.001572877692433671,-0.09265337598820528,0.03247744915912021,0.0006079198579170303,0.09265337598820528,0.03247744915912021,-0.0006079198579170303,0.19510959337155023,0.009637792826563912,0.00016500599458564471,0.4081431915362676,0.013956445346547807,0.00020953010398898033
34.61292853259077,1.0,1500.0,0.0,99.0,1999.0,0.7411388815720393,1481.0,518.0,9.853638346929538,1.1481054746117065,10647.17773376692,268.40000000000003,0.058082666089591,34.485074626865675,8.491044776119404,11.127602354876831,134.0,33.05142857142857,8.10857142857143,11.592789104800145,35.0,34.485074626865675,8.491044776119404,11.127602354876831,134.0,0.4163453123707918,-0.017027989529729153,-0.0030424347342393326,-0.0047756696772236085,-0.001797184195159938,-0.22163109063778816,-0.0309767561543363,13.269163278887188,99.0,61500.0,40.0,814.6887888908386,75.48894846549862,4.002843856811523,2.6186435222625732,-11.864261627197266,-0.28457045555114746,-11.579690933227539,0.012613005936145782,0.012613005936145782,1.3792767106224346e-07,-2.0172929763793945,0.8818608522415161,0.9149268865585327,-0.03306595981121063,0.03306595981121063,,0.17930307984352112,,0.4095284640789032,4.136028405030569,5.670161241941469,0.1352896875215982,4.54157254298528,1.8606294641149648,-0.08086961116621053,-11.848484516143799,0.5596229999803246,0.011951571073097387,-0.16528334158162275,0.3881754545860154,0.005358687347346081,-11.68320115407308,0.3108527915114761,0.006592894183913452,0.012968546493599813,0.00044068378339818837,-4.826643720716806e-05,0.012968546493599813,0.00044068378339818837,-4.826643720716806e-05,1.7170268336030857e-07,2.1697158804799828e-08,-2.5024735654100487e-09,-4.367315528790156,1.9264136426516174,0.08723334471826695,0.8922063946723938,0.09805533813462683,0.002377175595259088,0.9419198075930277,0.08956519933901157,0.0012533053407679461,-0.049713403048614664,0.021931319433385093,0.0011238699076537703,0.049713403048614664,0.021931319433385093,-0.0011238699076537703,0.18942000567913056,0.006450824793959699,-3.6653647566005765e-05,0.40503108004728955,0.012398688024488316,0.00033567859413094746
35.113100624084474,1.0,1500.0,0.0,55.0,1826.0,0.444990595776847,812.0,1014.0,10.055999207622046,1.527710624545233,10605.681335240712,267.0,0.06420429952387822,33.80975609756098,8.411382113821139,11.431762722021613,123.0,33.46470588235295,8.491176470588236,11.544719804595916,68.0,33.80975609756098,8.411382113821139,11.431762722021613,123.0,0.4273598495903061,-0.017673084379624705,-0.003024601211036329,-0.004648629921075988,-0.013406619667821472,-0.2185207312701554,-0.03139668148233433,14.009601533600387,55.0,63000.0,41.0,834.0478415489197,75.53523534453609,2.6447107791900635,4.3702778816223145,-14.836295127868652,-0.28508827090263367,-14.551206588745117,0.012542390264570713,0.012542390264570713,8.796722283932468e-08,-3.9848647117614746,0.7192069292068481,0.9148886203765869,-0.19568172097206116,0.19568172097206116,,0.1841052770614624,,0.3994903862476349,3.047066120306651,0.9848592617168866,-0.0035555477004428275,4.25639998515447,2.078134899439719,-0.03859117084138263,-12.166853777567546,0.8566369372142568,-0.04295978609791569,-0.06088751492400964,0.3997037114857816,-0.0016147707001584752,-12.105966218312581,0.7222766377120979,-0.04134500713581729,0.012446288050462802,0.00013774051714171836,1.5617123451723382e-06,0.012446288050462802,0.00013774051714171836,1.5617123451723382e-06,1.1046537646090352e-07,1.4285924915416321e-08,-1.64795409255456e-09,-4.038796877861023,2.1098105868389965,0.03217561412043252,0.9109025021394094,0.10378223491588312,-0.0022289068070349308,0.9661363244056702,0.0911602674403367,-0.0003640560737839263,-0.055233827171226345,0.04200780256905961,-0.0018648492783573225,0.055233827171226345,0.04200780256905961,0.0018648492783573225,0.1923704649011294,0.007821184687082162,-0.000196316241555014,0.40913084944089256,0.012612577818738768,-0.00043101369074905843
34.20075591405233,1.0,1500.0,0.0,12.0,1952.0,0.08939779127509695,174.0,1778.0,10.201471101248831,1.7462845276637005,11935.253358974056,278.2,0.0637546979558163,33.30992366412215,8.288549618320612,11.54900663301801,131.0,33.23529411764707,8.242016806722688,11.573074129212905,119.0,33.30992366412215,8.288549618320612,11.54900663301801,131.0,0.42992390663125507,-0.018146196770586532,-0.003000955653701874,-0.006778011606622045,-0.01884297520661169,-0.23140495867768804,-0.029830130609868694,15.760252796328226,12.0,64500.0,42.0,851.9972376823425,75.70447079788313,5.506167411804199,7.374204158782959,-13.831003189086914,-0.8221186995506287,-13.00888442993164,0.012748624198138714,0.012748624198138714,5.5796679276909344e-08,-6.7821502685546875,0.7126140594482422,0.7915306687355042,-0.07891668379306793,0.07891668379306793,,0.20341022312641144,,0.40566927194595337,3.4194802165031435,1.4031331560640574,0.007167792797618945,4.195356599489847,2.1194502312827805,0.08010231719266316,-12.960430335998534,0.6689199246580443,0.027440034401695547,0.001964831352233887,0.4708314402332757,-0.019995338573339128,-12.962395159403483,0.7177857504582028,0.047435369693132494,0.012954516522586345,0.00017200483915033262,-6.506536508163893e-06,0.012954516522586345,0.00017200483915033262,-6.506536508163893e-06,6.972673081880506e-08,9.023689395859806e-09,-1.039715513289131e-09,-3.9546424289544424,2.1362175561572183,-0.07957156782553373,0.8939291417598725,0.09697997335895846,-0.0009817584205389965,0.980407186349233,0.10827947349501768,-0.004586732241680423,-0.08647804769376914,0.04762439678277627,0.003604974040763663,0.08647804769376914,0.04762439678277627,-0.003604974040763663,0.19640072186787924,0.008062460991313636,0.0002570143398373956,0.4081492334604263,0.016159976771042958,-9.2123738915838e-05
29.05979803988808,1.0,1500.0,0.0,38.0,2000.0,0.28230176729549566,564.0,1436.0,9.921777030353494,2.1690130600036372,12444.21621016844,284.2,0.06194150211411883,34.24029850746267,8.71641791044776,11.288484291128858,134.0,33.529166666666676,8.320833333333331,11.484805381710695,96.0,34.24029850746267,8.71641791044776,11.288484291128858,134.0,0.4020199035281175,-0.016879509973900343,-0.0027664580809232888,-0.005218479202204094,-0.007471735212190788,-0.24197935441585292,-0.02944817515667409,13.279336314105324,38.0,66000.0,43.0,871.071647644043,75.76873863190002,1.686322808265686,5.303017616271973,-12.800700187683105,0.05612832307815552,-12.856828689575195,0.012209790758788586,0.012209790758788586,3.585592978083696e-08,-5.179286003112793,0.9427853226661682,0.9927406311035156,-0.04995529726147652,0.04995529726147652,,0.18553292751312256,,0.38508468866348267,4.16823171377182,2.2398262346406588,0.010810288889654716,4.22349850833416,1.7228761796854195,0.03914512385913606,-12.752749315897624,0.36962925422038867,-0.003642656540578707,-0.017149901390075682,0.35152813105533703,0.006469844014811701,-12.73559939066569,0.23377794828261522,-0.010112502338888791,0.012354412022978068,0.00016861053339016214,-8.639321767117047e-06,0.012354412022978068,0.00016861053339016214,-8.639321767117047e-06,4.4786056937103545e-08,5.706342520496991e-09,-6.583195755922909e-10,-3.983259349068006,1.729910421570267,-0.04574995992313631,0.9237633148829142,0.07847886023740779,0.001533163614877709,0.9760526339213054,0.08006322561747393,0.0014756671843989939,-0.052289325992266336,0.012772705357528264,5.749796700557304e-05,0.052289325992266336,0.012772705357528264,-5.749796700557304e-05,0.195469269156456,0.009868300309008041,6.608970305810508e-05,0.4095954865217209,0.011261413097060368,-0.0003560939076479943
36.47261679335816,1.0,1500.0,0.0,73.0,2078.0,0.5256420306531825,1092.0,986.0,9.80819690266438,1.7733990933488035,12034.887803117515,276.40000000000003,0.057382494602225546,34.65323741007196,8.52374100719424,11.09152085336677,139.0,34.8090909090909,8.96060606060606,11.055102423441925,66.0,34.65323741007196,8.52374100719424,11.09152085336677,139.0,0.4233998241230828,-0.016387463346707896,-0.0033382542846803333,-0.005024532946631767,-0.004949964260185893,-0.2120800571837019,-0.03083338490061599,13.354824548751505,73.0,67500.0,44.0,891.3771471977234,75.72552225755827,1.6000770330429077,2.97955322265625,-12.794593811035156,0.07416939735412598,-12.868762969970703,0.0126027911901474,0.0126027911901474,2.2968329460582027e-08,-2.8533935546875,0.9653142690658569,0.9969574213027954,-0.031643226742744446,0.031643226742744446,,0.18684741854667664,,0.3986549973487854,3.2650269667307534,1.3060174932500517,-0.006122045071424832,2.5520930369695027,2.1997867943282228,-0.00056154481295888,-12.746119054158529,0.5114760266031982,-0.02682688652607147,0.07254721646507581,0.46703516524183136,-0.010341820261701206,-12.81866626739502,0.23388215427426062,-0.016485068689331375,0.012795719970017671,0.00033072800314907586,1.3705877353073393e-05,0.012795719970017671,0.00033072800314907586,1.3705877353073393e-05,2.8752622860395148e-08,3.689656402680599e-09,-4.2566385783841326e-10,-2.3447184974948567,2.1444152283620976,0.005070172709405689,0.9587555666764577,0.10615603687363774,-0.002686673210513224,0.9966066439946493,0.10733216516252686,-0.0023693062704848115,-0.03785108458250761,0.010995171395422531,-0.00031736810817005045,0.03785108458250761,0.010995171395422531,0.00031736810817005045,0.19937102148930233,0.008101720707021713,-1.4664575838811468e-05,0.41127774119377136,0.013167688683439196,0.00018023849196640117
39.08977246284485,1.0,1500.0,0.0,16.0,1951.0,0.11950411389056888,233.0,1718.0,10.044426707010768,1.807238852079467,12142.884071585657,294.2,0.06638086642599278,33.832061068702295,8.677862595419853,11.295519749997158,131.0,33.84695652173914,8.806956521739133,11.293741231087392,115.0,33.832061068702295,8.677862595419853,11.295519749997158,131.0,0.43519580037207173,-0.018233701368168112,-0.002618530187563836,-0.00674053566070012,-0.004385964912280693,-0.20718462823726186,-0.03243594217450572,14.61164738546025,16.0,69000.0,45.0,909.7754430770874,75.84289125965502,2.3680477142333984,2.16469407081604,-13.275162696838379,0.20117667317390442,-13.476339340209961,0.011807615868747234,0.011807615868747234,1.465158483426876e-08,-2.14740252494812,0.9782276749610901,1.0253188610076904,-0.047091126441955566,0.047091126441955566,,0.21621249616146088,,0.43254154920578003,3.2931463797887166,1.256524565217926,0.01894072844533942,2.0827249149481455,1.8230554644514825,0.01861890400609659,-13.253606414794922,0.31677636214041754,-0.0028007978326881097,-0.07305135130882263,0.3562122936268167,0.008513955574677441,-13.180554993947347,0.22290610337525002,-0.01131475849597109,0.011947560589760542,0.00024757287941803286,-2.3730007415685302e-05,0.011947560589760542,0.00024757287941803286,-2.3730007415685302e-05,1.8364918682086304e-08,2.3727446859828497e-09,-2.7367349034601475e-10,-1.883997098604838,1.7809230971643741,-0.023464711913807907,0.9238572994867961,0.07618994552804126,0.0019133595391295853,0.963469531138738,0.08039204176602326,0.0019242247829712742,-0.039612212652961415,0.011255775376735623,-1.0864036333838881e-05,0.039612212652961415,0.011255775376735623,1.0864036333838881e-05,0.20025416711966196,0.00891479705881814,0.00035435834503809644,0.4110231955846151,0.013613169723960272,0.0004554080485767039
43.20189822657724,1.0,1500.0,0.0,89.0,1829.0,0.7283019354076471,1332.0,497.0,10.288844498719643,1.586239721579642,10062.31418307094,211.8,0.0521366679795195,33.02764227642277,7.313821138211382,11.686748713281297,123.0,33.12941176470589,8.170588235294119,11.582017361229525,34.0,33.02764227642277,7.313821138211382,11.686748713281297,123.0,0.4449605289602627,-0.01581524188483689,-0.004021124622255525,-0.004094005402582965,-0.001325061274509802,-0.1905024509803935,-0.03249358691748886,14.345341993786056,89.0,70500.0,46.0,930.1069633960724,75.79773378169905,3.0271847248077393,-0.2571640610694885,-13.365117073059082,0.0912957638502121,-13.456413269042969,0.011621196754276752,0.011621196754276752,9.379787613283952e-09,0.4123784899711609,0.9725062251091003,1.0004935264587402,-0.027987195178866386,0.027987195178866386,,0.18731243908405304,,0.4041827917098999,3.055613927046458,1.2321955315440623,0.007894971055103986,1.8235370645920435,2.112479872982268,-0.061157097892050497,-13.297679392496745,0.4119120929514837,-0.005514808544459959,0.018236169901986916,0.4055408756247797,0.004167559629801387,-13.315915552775065,0.1752407452939775,-0.00968237082340249,0.011464834585785866,0.00015467441648968724,2.198388698501136e-06,0.011464834585785866,0.00015467441648968724,2.198388698501136e-06,1.173521724240345e-08,1.5048582304736555e-09,-1.7358072324700817e-10,-1.6409206787745159,2.057380414745174,0.06027401920420445,0.9551635185877482,0.08994827131696395,0.000998206318949683,0.9840633789698283,0.09082340507652045,0.0009337097969946061,-0.028899864510943493,0.008436378880671148,6.449796669641045e-05,0.028899864510943493,0.008436378880671148,-6.449796669641045e-05,0.2011436680952708,0.00857225017633402,-0.00022377317421163736,0.41807949443658193,0.01027885238013557,-6.220134532492296e-05
41.448964423603485,1.0,1500.0,0.0,72.0,1839.0,0.5861961410264059,1078.0,761.0,10.226812147012874,1.4409509136289689,10180.43233710061,248.0,0.06067723624975534,33.229268292682924,7.747967479674797,11.521678139842287,123.0,32.94117647058824,8.062745098039215,11.570380493279144,51.0,33.229268292682924,7.747967479674797,11.521678139842287,123.0,0.4386761993153646,-0.015356204789642613,-0.0025483060545749424,-0.00538468442099129,-0.00037393661774329267,-0.20259885949331072,-0.03081918471385822,14.469492795277063,72.0,72000.0,47.0,949.9774115085602,75.79127580061541,3.048323154449463,-0.6372414827346802,-13.48768138885498,0.14708667993545532,-13.63476848602295,0.011564419604837894,0.011564419604837894,5.991121376780484e-09,0.8476795554161072,0.9928097724914551,1.0129804611206055,-0.020170731469988823,0.020170731469988823,,0.19955512881278992,,0.4240877032279968,3.8192623456319175,2.161375474889164,-0.049912211680173735,1.9994168351093928,1.8793183311069641,-0.03731014705340785,-13.60485798517863,0.4373387166820124,0.008581051386238476,-0.029302634050448736,0.44316357727811667,0.028592581944219004,-13.575555419921875,0.25530307433116356,-0.02001154117775151,0.011168351583182811,0.00024276603025064726,4.328401537572446e-06,0.011168351583182811,0.00024276603025064726,4.328401537572446e-06,7.50963578729132e-09,9.68154088693661e-10,-1.1169098186184733e-10,-1.8167646835247675,1.9196378224595914,0.035537909725484165,0.9481165448824564,0.09766929087702196,0.005879791825180961,0.9734665970007579,0.09853925608639928,0.006370803392238406,-0.025350058482338986,0.01087584600821748,-0.0004910107521760842,0.025350058482338986,0.01087584600821748,0.0004910107521760842,0.20163732121388117,0.009952187160549353,-0.00025478680685444633,0.4172087887922923,0.012137355337670104,-0.00019699910591389273
41.182657067204865,1.0,1500.0,0.0,71.0,1812.0,0.5838955341527591,1058.0,754.0,10.227899444500318,1.336316086596699,10124.672312444402,258.8,0.06384448391553187,33.226229508196724,7.957377049180324,11.656407198161451,122.0,33.517647058823535,8.541176470588237,11.552321835800521,51.0,33.226229508196724,7.957377049180324,11.656407198161451,122.0,0.4460352208601594,-0.01748422105184747,-0.002810892975356728,-0.005110303172249664,-0.0009814298085249668,-0.20598479745982284,-0.033535818182308955,14.815504966479754,71.0,73500.0,48.0,969.7580156326294,75.79210361262308,2.4172372817993164,-0.490700364112854,-13.897263526916504,0.02407592535018921,-13.92133903503418,0.011093270033597946,0.011093270033597946,3.820221028405513e-09,1.1825668811798096,0.9671119451522827,0.9853487014770508,-0.018236776813864708,0.018236776813864708,,0.18551123142242432,,0.41496920585632324,3.441562024752299,3.7606494280363956,-0.10590550244451247,1.6813318034013112,1.830927952701938,0.017246094362621717,-13.931810156504314,0.5827722861367597,-0.025805825518818926,-0.03749974742531777,0.43541189673695235,-0.0009981571583779659,-13.894310347239177,0.3538459338899828,-0.024807676245293495,0.011466127106299002,0.000214977041841388,-2.1002799048771495e-05,0.011466127106299002,0.000214977041841388,-2.1002799048771495e-05,4.794513260482821e-09,6.221870686453333e-10,-7.178625569398879e-11,-1.3684406250715255,1.8755750401133453,-0.01449802869286501,0.9466254254182179,0.10026326453696184,-0.0009515947839442187,0.9716064453125,0.09758116895584161,-0.00022281725228963086,-0.024981008951241772,0.015939299804785343,-0.000728778040411574,0.024981008951241772,0.015939299804785343,0.000728778040411574,0.20005833804607392,0.009040991921534791,-0.00020153185682117057,0.41905991435050965,0.011490477976138313,1.435285150216406e-07
40.87902588800553,1.0,1500.0,0.0,109.0,2035.0,0.8003024011252242,1628.0,407.0,10.10687410412995,1.3103869931585959,10534.941395223497,225.20000000000002,0.0489161127764021,33.60437956204378,7.394160583941604,11.38227332964653,137.0,32.128571428571426,7.135714285714286,11.866392429898017,28.0,33.60437956204378,7.394160583941604,11.38227332964653,137.0,0.4305122059544571,-0.015976295484869108,-0.0029545232542357875,-0.003991204396953903,-0.00031576390575661873,-0.19752246781638277,-0.029894057369067074,13.705633823381149,109.0,75000.0,49.0,991.0813059806824,75.67492146952256,2.2306437492370605,0.9166985750198364,-14.59005069732666,-0.11930331587791443,-14.470746994018555,0.010432622395455837,0.010432622395455837,2.4339514848037425e-09,-1.1227047443389893,0.9242392182350159,0.9538524150848389,-0.029613208025693893,0.029613208025693893,,0.19935670495033264,,0.42833375930786133,2.924485226472219,1.1738659190516862,-0.002495928707059174,0.9126432508230209,1.8150740677899224,-0.023046402372958536,-14.557247638702393,0.47859905572256056,0.008731880442584654,-0.16387348547577857,0.39510835724072374,0.012007937347464628,-14.39337412516276,0.24419767852213936,-0.0032760509792235564,0.010479545096556346,0.00024837968179428223,-2.0973224014673907e-05,0.010479545096556346,0.00024837968179428223,-2.0973224014673907e-05,3.050265344010465e-09,3.969195971131982e-10,-4.57684489738953e-11,-0.6952228238185246,1.7683253340994054,0.01982271475707067,0.9102682610352834,0.08974029249446488,0.003034372470270137,0.9440397997697194,0.08668384817017123,0.0026411775884957016,-0.03377154277016719,0.012837268548591227,0.0003931943153148241,0.03377154277016719,0.012837268548591227,-0.0003931943153148241,0.20079675366481145,0.008386197242862298,-4.237801068617222e-05,0.4239988664786021,0.011569888489642792,-0.00011781814764021848
43.380661317280364,1.0,1500.0,0.0,42.0,1915.0,0.3264245247098661,625.0,1290.0,10.264192401085031,1.8004044167570876,11306.160415967497,275.6,0.06502760605917607,33.1109375,8.040625,11.619890413288168,128.0,33.34651162790699,8.56046511627907,11.564672690931154,86.0,33.1109375,8.040625,11.619890413288168,128.0,0.4528106718214178,-0.017813262226163376,-0.003099219925677473,-0.0054990201118913905,-0.003066271018793273,-0.193208044840087,-0.032698231443899606,14.86661642814996,42.0,76500.0,50.0,1010.233416557312,75.72507377621481,2.2934885025024414,-2.156482696533203,-14.576247215270996,-0.027165032923221588,-14.549081802368164,0.010053226724267006,0.010053226724267006,1.5533407893286721e-09,2.4096343517303467,0.9567744731903076,0.9740944504737854,-0.01731988787651062,0.01731988787651062,,0.18064391613006592,,0.41271597146987915,2.5109405159950255,0.917899970320076,-0.011633461097191202,0.15171271165211994,2.2060527042548634,-0.04927884291223482,-14.685049597422282,0.5225402169196783,-0.001324499170559648,-0.031979736189047495,0.45483052973731003,-0.004672811883973073,-14.6530699412028,0.2560410486548206,0.0033483121233340283,0.010043758526444435,0.00020495314677934593,-3.311882526911201e-07,0.010043758526444435,0.00020495314677934593,-3.311882526911201e-07,1.9441613985371477e-09,2.510017963612232e-10,-2.8946609909437076e-11,0.0980023980140686,2.19913609014932,0.052856497239483095,0.9427419026692708,0.09946883584264435,-0.0003133699281329919,0.9730079412460327,0.09885011412059164,-0.0010257273282569975,-0.030266044847667217,0.014158738108764349,0.0007123581074733496,0.030266044847667217,0.014158738108764349,-0.0007123581074733496,0.20186456541220346,0.010168202680753835,-7.309903027086281e-05,0.42309197584788005,0.014915960736250775,2.327298163306017e-05
40.33774347546734,1.0,1500.0,0.0,79.0,2090.0,0.5668036660717627,1184.0,906.0,10.023755537449132,1.3095773141304388,11187.547268137103,264.2,0.05567731602461435,33.894285714285715,7.788571428571425,11.192562775968552,140.0,33.68852459016394,8.144262295081967,11.288587347651529,61.0,33.894285714285715,7.788571428571425,11.192562775968552,140.0,0.4307279243376346,-0.016155139576066988,-0.0027062429670079843,-0.004434218444052453,-0.0011152104645312736,-0.19909441556263557,-0.029309577600636176,13.479618507351804,79.0,78000.0,51.0,1030.6799104213715,75.6781996149623,2.0113401412963867,-0.5711452960968018,-15.03600788116455,0.02477320283651352,-15.060781478881836,0.009907632134854794,0.009907632134854794,9.913659893001636e-10,1.1043496131896973,0.9589051008224487,0.9853687286376953,-0.026463620364665985,0.026463620364665985,,0.19492188096046448,,0.41199469566345215,2.889728808403015,1.7201959314797919,0.0026921030411597487,0.6437967091798782,2.193159511220134,-0.031174847579771514,-14.959282875061035,0.48165007185993214,-0.00780935616328749,-0.022017562886079152,0.4340531988377945,0.0008311345361098587,-14.93726536432902,0.189200310303252,-0.008640493619958828,0.009881683190663655,7.95329042016431e-05,2.1716992104533065e-07,0.009881683190663655,7.95329042016431e-05,2.1716992104533065e-07,1.2419832347750533e-09,1.60794773975762e-10,-1.8545708832192662e-11,-0.45046284596125286,2.186703266399405,0.03322434567238257,0.9470477183659871,0.09492609572354807,0.0002893275758448062,0.9751803596814473,0.09402974914849259,0.00018071056870912916,-0.028132655502607424,0.00852941322620561,0.00010861652127329369,0.028132655502607424,0.00852941322620561,-0.00010861652127329369,0.20176902860403062,0.008895811546071148,-0.0001963013901196049,0.421422419945399,0.011775786736652444,-0.00033009866453516786
40.73647000538676,1.0,1500.0,0.0,95.0,2027.0,0.6970195883909308,1412.0,615.0,10.230623183688422,1.3528585677791778,10763.49237421271,263.2,0.058289409576117286,33.2014705882353,7.561764705882354,11.525605868650771,136.0,32.941463414634136,7.81951219512195,11.552966270354705,41.0,33.2014705882353,7.561764705882354,11.525605868650771,136.0,0.4406082610048543,-0.016259806589070464,-0.0035938823004101274,-0.005057151858523103,-0.0017215622109980845,-0.20140855089991433,-0.031912614299617115,14.00528059356191,95.0,79500.0,52.0,1051.4350473880768,75.61094734048478,1.769245982170105,-1.453811526298523,-15.510336875915527,0.07416406273841858,-15.584501266479492,0.009402950294315815,0.009402950294315815,6.302454669260271e-10,1.7685518264770508,0.9602407217025757,0.9958926439285278,-0.0356520339846611,0.0356520339846611,,0.19523963332176208,,0.4180993437767029,2.9339489062627155,2.20148991204592,-0.1400131627635512,-0.0020095427831013997,2.1156654286852428,0.038912517289828995,-15.407469622294109,0.6637861539391633,-0.04245872794587258,-0.1141637023538351,0.35251963805714354,0.010164566040536335,-15.293305937449137,0.5942428165554648,-0.05262329665916977,0.009735904230425755,0.0001646876373544813,-1.7255345552132342e-05,0.009735904230425755,0.0001646876373544813,-1.7255345552132342e-05,7.928179002192337e-10,1.0332525767221653e-10,-1.1924144677464339e-11,0.1999579722682635,2.156306387303667,-0.039435150211592065,0.9259119729200999,0.07891244128027107,0.00021894173043984202,0.9553198397159577,0.07623964516135948,0.0022004091832475876,-0.02940786158045133,0.024940284921569297,-0.0019814661557934305,0.02940786158045133,0.024940284921569297,0.0019814661557934305,0.19958731681108474,0.010608601088474487,3.476393169767485e-05,0.42394342720508577,0.012240476196537729,-0.00012014479074913885
38.65365815162659,1.0,1500.0,0.0,66.0,1893.0,0.5167219737946583,978.0,915.0,10.181698949848267,1.320825092104046,10517.556237638984,270.8,0.06341623343168938,33.36093750000001,8.121875,11.582591778767354,128.0,32.8258064516129,8.354838709677416,11.756927698914296,62.0,33.36093750000001,8.121875,11.582591778767354,128.0,0.4318526577226462,-0.01639580814101877,-0.002734943907663337,-0.005496104049648225,-0.001960784313725491,-0.2097938662644471,-0.03147194453365998,13.941959056523315,66.0,81000.0,53.0,1071.1840755939484,75.61725556374357,1.6416118144989014,-1.4345965385437012,-16.270170211791992,-0.6247764825820923,-15.645393371582031,0.009010210633277893,0.009010210633277893,4.033517131407649e-10,1.8432444334030151,0.824041485786438,0.8473299741744995,-0.023288488388061523,0.023288488388061523,,0.21156373620033264,,0.4370974600315094,3.3772875587145488,2.0583570889711744,-0.014660991922236442,-0.5595671991507213,1.8547202874004833,0.009961115200076696,-15.646800549825032,0.5177057314519923,0.00045738984002975853,-0.09997830515106519,0.31837874747845657,-0.004086642186090069,-15.54682216644287,0.3677393207248451,0.004544031739367649,0.009055071665594975,0.00014492723312398086,-1.1186441976382553e-05,0.009055071665594975,0.00014492723312398086,-1.1186441976382553e-05,5.041702222374767e-10,6.491926568811819e-11,-7.485008830763235e-12,0.8002290030320486,1.8555359891551162,-0.01085087225354956,0.9327558020750681,0.07175629665764391,-0.00014766094018939114,0.9587338924407959,0.06758208802178191,-0.0008632562847371025,-0.025978085623743635,0.01823332834948558,0.0007155953472929792,0.025978085623743635,0.01823332834948558,-0.0007155953472929792,0.1995762035250664,0.008787453642562204,0.00018941076830841178,0.4239009082317352,0.011400204140300739,-1.550939377476829e-05
38.80324699532272,1.0,1500.0,0.0,117.0,2090.0,0.8335810505447071,1742.0,348.0,9.831846884957448,1.2155092528221076,10952.912564848397,246.8,0.0506422620757582,34.56312056737589,8.076595744680855,11.109129229061308,141.0,35.89166666666666,8.941666666666668,10.560793243514455,24.0,34.56312056737589,8.076595744680855,11.109129229061308,141.0,0.4268062529845877,-0.015665820778636843,-0.0021709581814816897,-0.004839651381225194,-0.0003593083314619354,-0.20754547496071707,-0.030335859568220214,13.548392125776045,117.0,82500.0,54.0,1092.777316570282,75.49571056153417,2.829765796661377,-0.5862246155738831,-15.858394622802734,-0.19336366653442383,-15.665031433105469,0.008444713428616524,0.008444713428616524,2.5774460343797045e-10,0.7853342294692993,0.9299916625022888,0.939498782157898,-0.00950709916651249,0.00950709916651249,,0.19467851519584656,,0.41393202543258667,2.6400027751922606,1.4495584821667737,-0.010217101104532703,-0.29889324406782786,2.118901378592553,0.058835909954035,-15.781054178873697,0.3934758357807361,-0.018073907497859865,-0.10626972367366155,0.3514336774350693,-0.002862602571756874,-15.67478453318278,0.17710497162980507,-0.015211303507260287,0.008833161182701587,0.0002484686779312586,-2.77505990726931e-05,0.008833161182701587,0.0002484686779312586,-2.77505990726931e-05,3.228856237935673e-10,4.167937112133203e-11,-4.807942982070094e-12,0.5762679273883502,2.1628813997272416,-0.05737060015737285,0.9405563374360403,0.07420135045047926,-0.0007948251534357073,0.9575409094492594,0.07429939838684946,-0.0005891735747340724,-0.016984572618578872,0.005692322458371626,-0.0002056497043502145,0.016984572618578872,0.005692322458371626,0.0002056497043502145,0.19992564966281254,0.008486674182432756,-0.0002767041375294993,0.4242904474337896,0.015834758390088213,-0.00030937231289798224
41.43022478951348,1.0,1500.0,0.0,9.0,1910.0,0.06521253303077885,124.0,1786.0,10.044455021045586,2.0702333427712047,12148.346142733113,263.6,0.06043930847892878,33.809302325581385,8.465116279069766,11.326702147459262,129.0,33.819999999999986,8.546666666666665,11.325574507326287,120.0,33.809302325581385,8.465116279069766,11.326702147459262,129.0,0.4345212819982408,-0.015541792074610677,-0.003102193150181288,-0.005357286856147756,-0.009488510007412876,-0.19688658265381884,-0.030946075777726845,15.469642856046018,9.0,84000.0,55.0,1110.719324350357,75.62666657405131,7.898747444152832,-2.418144464492798,-15.782305717468262,0.48870959877967834,-16.271015167236328,0.007911023683845997,0.007911023683845997,1.6381587752967164e-10,2.675175428390503,1.0588538646697998,1.0809836387634277,-0.02212975174188614,0.02212975174188614,,0.19576823711395264,,0.42488276958465576,2.8496084173520404,2.496366616420229,0.041286804174819926,-1.2443163683017096,1.9272671045544252,-0.07044970692861596,-16.369735972086588,0.5567028264026858,0.01450127292925863,0.031273656090100604,0.3806989384288383,0.0014845468112173281,-16.401009623209635,0.498557691030134,0.013016732356970526,0.00820441289494435,0.00020971696389788646,-2.3259350965763015e-05,0.00820441289494435,0.00020971696389788646,-2.3259350965763015e-05,2.052239618984449e-10,2.695811970036226e-11,-3.106342898887177e-12,1.5102769513924916,1.9531862927490973,0.06766131546128708,0.9514942526817322,0.07799607970199836,0.0013794720504387,0.9865177571773529,0.07923580554359402,0.000302656911504134,-0.03502349453046918,0.02372729813993729,0.0010768153111101269,0.03502349453046918,0.02372729813993729,-0.0010768153111101269,0.1990639492869377,0.006928587380879569,-1.3231080816907568e-05,0.4293289542198181,0.009978142239321922,7.727772030600442e-05
41.8799069626578,1.0,1500.0,0.0,58.0,1819.0,0.47148077139581157,857.0,962.0,10.51704475518492,1.193143949363089,10073.719083052694,230.4,0.057979767476974184,32.30731707317075,7.375609756097559,11.916599531583946,123.0,31.956923076923083,7.236923076923074,12.009613406561265,65.0,32.30731707317075,7.375609756097559,11.916599531583946,123.0,0.45134680241755687,-0.016023930587975337,-0.00218276561296436,-0.005174314840502289,-0.0008930697785186937,-0.20804953560370743,-0.03204777789837723,14.807157388519474,58.0,85500.0,56.0,1130.1750311851501,75.65199870885576,3.23032808303833,-1.9757648706436157,-16.68387222290039,-0.3849101662635803,-16.298961639404297,0.008425326086580753,0.008425326086580753,1.0496220559375047e-10,2.2414236068725586,0.8900603652000427,0.8994165062904358,-0.009356105700135231,0.009356105700135231,,0.20097191631793976,,0.45090436935424805,4.814462773005167,8.919460340530234,-0.12034571767516357,-0.8467123786608378,1.8030093524101007,-0.022665393127084967,-16.182658640543618,0.40831142723526054,-0.014836018342727342,0.05754280736049016,0.3515745004075042,-0.009527819556442075,-16.240201473236084,0.15685515418344076,-0.0053081947386062625,0.008089589948455492,0.00017807224828600743,1.655781726550721e-05,0.008089589948455492,0.00017807224828600743,1.655781726550721e-05,1.3125127605132883e-10,1.679162900455142e-11,-1.9369566913194786e-12,1.044110894203186,1.7859726551600816,0.021430132227294018,0.9783453484376271,0.07355041376315051,-0.0017516234957999821,0.991841334104538,0.07301475528180919,-0.0019846907314389974,-0.01349598152252535,0.006916137781482007,0.0002330670527931519,0.01349598152252535,0.006916137781482007,-0.0002330670527931519,0.20211904148260754,0.009037653398231283,1.97382206645743e-06,0.43284312784671786,0.01358478488666966,0.0005280781044180277
36.60588114261627,1.0,1500.0,0.0,110.0,1953.0,0.8418502483076938,1644.0,309.0,9.805214122098803,1.2280129957930406,10614.071410215936,285.2,0.06281661600810537,34.65801526717557,8.604580152671758,11.0737087920986,131.0,35.228571428571435,10.276190476190473,11.029264248845363,21.0,34.65801526717557,8.604580152671758,11.0737087920986,131.0,0.4226772891132605,-0.01612663984101236,-0.002276998816602783,-0.00525463088641561,-1.7757783828578195e-05,-0.21579258908489884,-0.031415915113886764,13.293273813573336,110.0,87000.0,57.0,1151.4465689659119,75.55713165060949,1.6050807237625122,-2.937635898590088,-17.14069366455078,-0.5818853378295898,-16.558809280395508,0.008388537913560867,0.008388537913560867,6.716632805492395e-11,3.2250478267669678,0.8513574600219727,0.8582874536514282,-0.006929961498826742,0.006929961498826742,,0.20547184348106384,,0.4305259585380554,2.691518298784892,1.751388090321473,-0.02234353297809615,-1.4019640525182089,1.6683190336149476,0.017685977105171474,-16.464414596557617,0.42162127530311017,-0.015035104380300772,-0.04566030204296112,0.38430059318179005,-0.006715199643035351,-16.41875432332357,0.11166154937285637,-0.008319932812445302,0.008476798608899116,0.00013479139766319398,-3.7237657886725766e-06,0.008476798608899116,0.00013479139766319398,-3.7237657886725766e-06,8.404327396053604e-11,1.0807039429465976e-11,-1.2465584969521678e-12,1.6366330911715825,1.7188130416948666,-0.02015189763170997,0.9629498104254405,0.08109987551535514,-0.0013121007812169228,0.9704253037770589,0.08061875619842529,-0.0014067737623900175,-0.007475477041831861,0.0037733419321061223,9.467360235696825e-05,0.007475477041831861,0.0037733419321061223,-9.467360235696825e-05,0.19884626468022665,0.008302987633615509,4.17255652494454e-05,0.43033364514509836,0.011474673073377075,2.1274886751850934e-05
41.302435526141416,1.0,1500.0,0.0,108.0,2037.0,0.7934595513789517,1616.0,421.0,9.93919515103993,1.311732149698955,10747.198548851597,272.2,0.058159907696252296,34.16204379562044,7.630656934306568,11.242323122622905,137.0,34.55172413793103,8.937931034482757,11.155334783304529,29.0,34.16204379562044,7.630656934306568,11.242323122622905,137.0,0.4282926974083399,-0.015046729889782635,-0.002219119267011933,-0.0050180440352073745,-3.052130387010133e-05,-0.19196679282139953,-0.03050147510531811,13.466684892800945,108.0,88500.0,58.0,1173.00253033638,75.44740758114222,1.9047200679779053,-3.5147385597229004,-16.808265686035156,0.1736527979373932,-16.981918334960938,0.007514629978686571,0.007514629978686571,4.2827599106010084e-11,3.6073765754699707,1.0041747093200684,1.0155028104782104,-0.011328119784593582,0.011328119784593582,,0.21840588748455048,,0.44751864671707153,2.983902096748352,3.0149534797621453,-0.09817901405529689,-2.2682942936817807,1.713716722950625,0.0017226146577595917,-16.76261672973633,0.375172633062017,-0.01418305716339517,-0.04767662541319927,0.35836045876781525,0.0052656604816206775,-16.714940134684245,0.18344865422798862,-0.019448699781440957,0.007907876977697015,0.0002928847890950242,-3.307478137736998e-05,0.007907876977697015,0.0002928847890950242,-3.307478137736998e-05,5.370710739564337e-11,6.95524022764516e-12,-8.022941853879859e-13,2.5570942580699922,1.6974355300318873,-0.0034615353164206748,0.9634916504224141,0.0734314516957976,0.0007177207042961145,0.9700700481732686,0.07405951206789659,0.0010912297167157286,-0.0065783887713526685,0.004448334899853134,-0.0003735088427821475,0.0065783887713526685,0.004448334899853134,0.0003735088427821475,0.20179594804843268,0.006935642745506972,1.967022893687813e-06,0.43429257770379387,0.009918525807278944,7.04228082408604e-05
43.234884357452394,1.0,1500.0,0.0,10.0,1852.0,0.0744317527055041,137.0,1715.0,9.900854395899382,2.003644687954692,11580.838701499486,260.6,0.060728933631618194,34.329600000000006,8.6928,11.27914636124187,125.0,34.39826086956521,8.810434782608697,11.24899691716306,115.0,34.329600000000006,8.6928,11.27914636124187,125.0,0.4382551116073654,-0.015692246566956277,-0.0022933711906684747,-0.007688215956953403,0.0,-0.1975773889636622,-0.02928376269817611,15.636872409564006,10.0,90000.0,59.0,1190.9835834503174,75.56779224384196,1.8011274337768555,1.3963205814361572,-17.084243774414062,0.019462935626506805,-17.10370635986328,0.007001854013651609,0.007001854013651609,2.734459707276482e-11,-1.1750575304031372,0.9807089567184448,0.9839227199554443,-0.0032137674279510975,0.0032137674279510975,,0.20492002367973328,,0.43553587794303894,1.986754584312439,0.8299897310264982,-0.01685040063401886,-1.7772834400335948,1.9667754114194675,0.0008601493246696057,-17.08202756245931,0.5135475440232233,-0.03788244907264559,-0.11777558277050654,0.4651054055365178,-0.02916868437450376,-16.964252026875815,0.08573246059332408,-0.008713758508938475,0.007426951701442401,0.00017865700889115429,-1.7982976380590794e-05,0.007426951701442401,0.00017865700889115429,-1.7982976380590794e-05,3.425458371814072e-11,4.424212302548594e-12,-5.103258267551218e-13,2.0784835442900658,2.0149627894417037,-0.00045606898717810707,0.9524665514628092,0.09437950591442222,-0.005843094617824558,0.9562273720900217,0.09462640630467639,-0.0059183547838909,-0.003760837767428408,0.0018227620660894925,7.526109192429234e-05,0.003760837767428408,0.0018227620660894925,-7.526109192429234e-05,0.20255994101365407,0.008987238304027043,8.397591657712356e-05,0.43560525675614675,0.011967925224923903,-0.00012697423658063767
37.603227224200964,1.0,1500.0,0.0,96.0,1927.0,0.7447420563730398,1435.0,492.0,9.971724943744578,1.4653352666504962,10653.311865616268,268.0,0.06096173968427278,34.079069767441865,8.26666666666667,11.31139420141382,129.0,33.68484848484848,8.557575757575757,11.575085519438023,33.0,34.079069767441865,8.26666666666667,11.31139420141382,129.0,0.426931373837965,-0.01572702585000938,-0.001986595706718739,-0.00494832622740713,-6.842753524018065e-06,-0.2145887505132178,-0.03038931793712246,13.355478392413724,96.0,91500.0,60.0,1211.6558194160461,75.51649448116227,0.9575945138931274,-0.8253653645515442,-17.83080291748047,-0.37037360668182373,-17.460430145263672,0.006987562403082848,0.006987562403082848,1.7445286534800708e-11,0.9865595698356628,0.9005265235900879,0.9053818583488464,-0.004855334758758545,0.004855334758758545,,0.19505983591079712,,0.4156729578971863,2.524017544587453,2.076187454371018,-0.050186494645870924,-2.694808622201284,1.702511204926652,-0.02331756662341187,-17.312281799316406,0.38846648701775033,-0.008236800417618699,-0.03637530604998271,0.38631900898444393,0.0015322197995276058,-17.27590649922689,0.0881795255942347,-0.009769026403034373,0.007018016620228688,6.174545935452634e-05,-2.4166260664668687e-06,0.007018016620228688,6.174545935452634e-05,-2.4166260664668687e-06,2.1859751393275375e-11,2.829766915828093e-12,-3.26382008646202e-13,2.9242486814657846,1.6978342229503633,0.029080419426367392,0.9690465668837229,0.07769075941100716,0.0003408040432828991,0.9726229210694631,0.07788077190021207,0.0003092193099627535,-0.003576360425601403,0.001057949193410486,3.158518043786989e-05,0.003576360425601403,0.001057949193410486,-3.158518043786989e-05,0.20434834162394205,0.00943817593376566,-0.00019505479444519234,0.4383650988340378,0.011914123684327057,-0.00024806467258891104
41.92177281607973,1.0,1500.0,0.0,94.0,1934.0,0.7229959736136612,1398.0,536.0,10.16282228097749,1.2721476746803184,10381.559104796681,270.8,0.062321642271932244,33.424615384615386,7.506153846153845,11.505396929057888,130.0,32.833333333333336,7.9833333333333325,11.713714024316497,36.0,33.424615384615386,7.506153846153845,11.505396929057888,130.0,0.4347577487914908,-0.015285343877598945,-0.002000898668239211,-0.005530069747132553,-2.8407073361266956e-05,-0.19555429301896726,-0.030133474532700225,14.025625219774666,94.0,93000.0,61.0,1232.2238404750824,75.47330034139249,1.0114667415618896,-3.5960893630981445,-18.23959732055664,-0.475351482629776,-17.764245986938477,0.00692168902605772,0.00692168902605772,1.1130600781339428e-11,3.8046247959136963,0.8800653219223022,0.8844079971313477,-0.004342770203948021,0.004342770203948021,,0.20087891817092896,,0.42763787508010864,3.0172085503737134,4.007017387665206,0.08976386170233447,-3.009026499589284,1.7878096328232778,0.027718729569729088,-17.630642700195313,0.4347769210341232,-0.013564275077505242,-0.03754871189594269,0.4084367275516619,-0.003210121830790675,-17.593093999226888,0.0915868515605898,-0.010354140709185899,0.007095899634684126,6.905708983886009e-05,-4.38360886874146e-06,0.007095899634684126,6.905708983886009e-05,-4.38360886874146e-06,1.3947038778513073e-11,1.8054771850358494e-12,-2.0824501706219178e-13,3.22287295460701,1.8009558848801175,-0.028725899194053463,0.9688449362913768,0.08298607953162374,-0.0006361449918439451,0.9724607606728871,0.08255514813041111,-0.0006434535953704489,-0.003615831482845048,0.0007573589633738972,7.309245248143933e-06,0.003615831482845048,0.0007573589633738972,-7.309245248143933e-06,0.2028115212917328,0.009080680497780089,-0.0003450071321048299,0.4391102075576782,0.014029686909199791,-0.00010272847929840385
43.268741660430784,1.0,1500.0,0.0,122.0,1937.0,0.9430329819736614,1826.0,111.0,10.303441483641743,1.1590211345243404,9874.752603001143,250.20000000000002,0.05839790869199888,32.95692307692308,7.2676923076923075,11.72956913786659,130.0,34.89999999999999,9.324999999999996,11.004724881652338,8.0,32.95692307692308,7.2676923076923075,11.72956913786659,130.0,0.4484005048231379,-0.016270436035873855,-0.00241227338565619,-0.0049474788223534205,-1.125619090499775e-05,-0.19590274651059453,-0.03180972679882947,14.571006221385247,122.0,94500.0,62.0,1253.5393102169037,75.38654689947329,1.044374942779541,0.15140771865844727,-18.730154037475586,-0.6637625694274902,-18.066390991210938,0.00672549894079566,0.00672549894079566,7.102703841743718e-12,-0.35511934757232666,0.8435111045837402,0.847298264503479,-0.003787254448980093,0.003787254448980093,,0.18275204300880432,,0.4156701862812042,2.8889131506284076,2.5787691619082236,-0.036445456908993035,-3.377403120199839,2.003688900774301,-0.012423175036310418,-17.940605036417644,0.3974769689698739,-0.0006572931308761431,-0.03541614872713884,0.4050616015256087,0.009713319962527257,-17.905188941955565,0.09085351393753036,-0.010370603313169975,0.0067980500869452955,8.980697677126595e-05,-7.42264154125782e-06,0.0067980500869452955,8.980697677126595e-05,-7.42264154125782e-06,8.899408496012192e-12,1.1515380569940221e-12,-1.3282018448711686e-13,3.6430636286735534,2.0028986919964282,0.008631384306410073,0.9693776448567708,0.08116462335172478,0.001959092465868499,0.9728353937466939,0.08111431520550029,0.0019526141901832765,-0.0034577573804805677,0.0005547532346157033,6.476553308221224e-06,0.0034577573804805677,0.0005547532346157033,-6.476553308221224e-06,0.19977172414461772,0.00936466702150647,-0.00011202155947022327,0.443419153491656,0.012141897007271425,-9.571411983596591e-06
42.12315805519329,1.0,1500.0,0.0,68.0,1953.0,0.5210056662266684,1017.0,936.0,10.129724458012513,1.4761157390541586,11025.030560056368,245.60000000000002,0.05591221599963575,33.53129770992366,7.563358778625957,11.431145348438816,131.0,33.25396825396826,8.006349206349205,11.457632476279706,63.0,33.53129770992366,7.563358778625957,11.431145348438816,131.0,0.4327052695875587,-0.015334713388289437,-0.0020701226381458593,-0.004138441951181612,-2.9345593270077282e-05,-0.19031595422086703,-0.030570630633657954,13.521899780299904,68.0,96000.0,63.0,1273.3867263793945,75.38950894592381,1.0104604959487915,-5.288971900939941,-17.933385848999023,0.4361286759376526,-18.36951446533203,0.006669432390481234,0.006669432390481234,4.532596520334664e-12,5.471860885620117,1.0637562274932861,1.0670455694198608,-0.003289420623332262,0.003289420623332262,,0.2090618908405304,,0.4582726061344147,1.7774079859256744,1.3687722117966759,-0.01659540062619004,-4.0996640463670095,1.8555667143691932,-0.07539787498013717,-18.25314604441325,0.3760411330279391,-0.015682093585293103,-0.04539428874850273,0.35255670495551966,-0.00521709900245784,-18.207751909891766,0.09105003106807401,-0.010465000733915023,0.006703185864413778,7.171270615995504e-05,-5.303629807655606e-06,0.006703185864413778,7.171270615995504e-05,-5.303629807655606e-06,5.679040469946014e-12,7.347357303202512e-13,-8.474561787781306e-14,4.346302928527196,1.7864850599089204,0.07795358129815337,0.9679820080598195,0.07046904958869925,-0.001037160745584675,0.9709210773309072,0.07043507256559522,-0.0010395283030721228,-0.0029390776219467324,0.00035802742995045747,2.367567950580012e-06,0.0029390776219467324,0.00035802742995045747,-2.367567950580012e-06,0.20037781496842702,0.00921625496887466,0.00036899615182758925,0.4460725088914235,0.01238700903915522,0.0005727436571683338
39.2674357034266,1.0,1500.0,0.0,64.0,1852.0,0.516399959785628,956.0,896.0,9.844338964851676,1.8179519915578326,10793.560911731365,270.0,0.0630929569565827,34.51129032258066,8.227419354838707,11.159062591590217,124.0,33.943333333333335,8.813333333333329,11.262509546004251,60.0,34.51129032258066,8.227419354838707,11.159062591590217,124.0,0.4148008711759506,-0.014876270778694902,-0.003094787623963481,-0.004922963681308641,-3.0012004801920773e-05,-0.19663865546217713,-0.02866027547070955,13.25004872382859,64.0,97500.0,64.0,1293.4325549602509,75.3808148914238,17.815275192260742,-4.305539131164551,-18.668174743652344,-0.012513130903244019,-18.655662536621094,0.00676174508407712,0.00676174508407712,2.891702285609532e-12,5.23188591003418,0.975333571434021,0.9774957895278931,-0.0021622893400490284,0.0021622893400490284,,0.20710410177707672,,0.4681912660598755,2.8475878377755484,3.3699541935103436,0.15300699793324454,-4.447569896777471,1.7963253832532864,0.07417459197516447,-18.52909215291341,0.2990491652728352,-0.009266260335919447,0.004771669457356135,0.28797434030509955,8.454927977783708e-05,-18.533863957722982,0.08267553100926264,-0.009350809133357361,0.006669457148139675,6.226634627233752e-05,-1.5154007503202982e-06,0.006669457148139675,6.226634627233752e-05,-1.5154007503202982e-06,3.6231563756150552e-12,4.688270794567329e-13,-5.4074708247016124e-14,4.7775606393814085,1.7936137985365879,-0.0687731628821081,0.9776086588700612,0.05747341794324351,6.23279339213934e-05,0.9809360007445017,0.0574834652190176,1.7581938106020718e-05,-0.003327335409509639,0.0007491692979123666,4.474571367334153e-05,0.003327335409509639,0.0007491692979123666,-4.474571367334153e-05,0.19943855752547582,0.007740355389463088,0.00015321665332632616,0.4459694027900696,0.010966560186540976,2.621328737896183e-05
43.34825991062408,1.0,1500.0,0.0,94.0,2083.0,0.6735363180118941,1402.0,681.0,9.925383284412543,1.474606014726039,11133.104959846076,275.2,0.05745062836624776,34.215714285714284,7.455714285714284,11.251534646446402,140.0,34.72608695652175,8.482608695652173,11.104036205070933,46.0,34.215714285714284,7.455714285714284,11.251534646446402,140.0,0.4309088657285843,-0.014714688500602823,-0.0023274376609724143,-0.0055138102619421364,-3.52410487736115e-05,-0.1842683958274631,-0.029181631881530612,13.93568130002688,94.0,99000.0,65.0,1314.460943698883,75.31604531467839,3.2395193576812744,-2.9680728912353516,-19.282407760620117,-0.17048916220664978,-19.111919403076172,0.0060912203043699265,0.0060912203043699265,1.844297284336882e-12,3.7221646308898926,0.9392147064208984,0.9465757012367249,-0.0073610334657132626,0.0073610334657132626,,0.20548580586910248,,0.44744083285331726,3.760959470272064,6.137159662101094,0.01569471102004845,-5.197310447692871,1.942706727201606,0.03417281658949143,-18.84480635325114,0.42715992456135987,-0.025003216820908572,0.012786026795705159,0.3830816792587597,-0.01113485209602403,-18.857592391967774,0.12617925538694955,-0.013868363733683716,0.0063891355724384384,0.00023113930578696633,-2.6195285504101727e-05,0.0063891355724384384,0.00023113930578696633,-2.6195285504101727e-05,2.3119934135576446e-12,2.992708747413986e-13,-3.4519396797875234e-14,5.521938880284627,1.8904774638545045,-0.026336273388549793,0.9790496210257212,0.07585737622864334,-0.0023297309477682184,0.9826595783233643,0.0757283217100937,-0.0022060651269982835,-0.0036099619154507916,0.0017928011681724435,-0.00012366453893234051,0.0036099619154507916,0.0017928011681724435,0.00012366453893234051,0.20236850529909134,0.00806294015647707,2.0972895410086123e-05,0.45274478097756704,0.011830925646388112,-0.00036831197139287056
39.16517058662746,1.0,1500.0,0.0,23.0,2035.0,0.16424447198006814,334.0,1701.0,9.91386870664273,1.9030207857780592,12610.225990435756,291.2,0.06206308610400682,34.248175182481745,8.315328467153286,11.182677757283894,137.0,34.219298245614034,8.394736842105264,11.158210899717659,114.0,34.248175182481745,8.315328467153286,11.182677757283894,137.0,0.4240918461354912,-0.014667970357964922,-0.0022458118835172376,-0.005412888448986908,-2.841716396703609e-05,-0.20710429099175698,-0.027703795266163962,13.625084253673075,23.0,100500.0,66.0,1333.1286163330078,75.38657468507576,1.1495392322540283,-6.078858375549316,-19.480262756347656,-0.14609524607658386,-19.33416748046875,0.005895525682717562,0.005895525682717562,1.1759301215066853e-12,6.20650577545166,0.9476791620254517,0.9515419006347656,-0.0038627220783382654,0.0038627220783382654,,0.21148160099983215,,0.4503971338272095,2.05078408519427,3.1233261149351232,0.05785405989881353,-4.7146268049875895,1.705801563995835,0.02798425809162226,-19.2370122273763,0.37501646072621164,-0.00947515977768226,-0.04533316393693288,0.3681729805420176,0.003728955089051419,-19.191678937276205,0.11965175573799552,-0.013204126495938088,0.005882937010998527,9.20294901264392e-05,-8.432611354831046e-06,0.005882937010998527,9.20294901264392e-05,-8.432611354831046e-06,1.474224616080516e-12,1.909655840700519e-13,-2.202736131376719e-14,4.94850676258405,1.6952496300001811,-0.02355738758908236,0.9669113020102184,0.07151822444600754,0.0006309229884715045,0.9711633900801341,0.07166339773604818,0.0007278393717840785,-0.004252094930658738,0.001544182632696376,-9.691616337957711e-05,0.004252094930658738,0.001544182632696376,9.691616337957711e-05,0.19806532313426337,0.009735002601516071,0.000285659473517841,0.44839954376220703,0.011165114407137416,0.0002064526412590428
40.03410365446558,1.0,1500.0,0.0,106.0,1946.0,0.8134936470977772,1583.0,363.0,9.838765390190604,1.2748951422423156,10009.018551136447,245.4,0.054236838615568224,34.53893129770992,7.470229007633585,11.1544858202502,131.0,32.135999999999996,6.36,11.815898394733177,25.0,34.53893129770992,7.470229007633585,11.1544858202502,131.0,0.41384028547853036,-0.012316516321892592,-0.0018478527209074328,-0.00471451003095289,-2.4113817217265495e-05,-0.19763684591271988,-0.025890819555292714,13.210114168555513,106.0,102000.0,67.0,1354.4036083221436,75.30989977674321,3.1781201362609863,-7.508556365966797,-19.501617431640625,0.12271475046873093,-19.624332427978516,0.005062292329967022,0.005062292329967022,7.504207758662895e-13,7.68781852722168,1.0002834796905518,1.0032150745391846,-0.0029315189458429813,0.0029315189458429813,,0.1935608983039856,,0.4365076422691345,1.47252566019694,1.0493784764068037,0.0033873638136102603,-5.310665861765544,1.8360054718342984,-0.04457497750559146,-19.616788164774576,0.39841900332186697,-0.009258956399987328,-0.12987453838189442,0.3827991097054387,0.001131774327646247,-19.48691374460856,0.0912033029929154,-0.010390746951500478,0.005565813664967815,0.0002426877275426466,-2.45256418853304e-05,0.005565813664967815,0.0002426877275426466,-2.45256418853304e-05,9.402270664873406e-13,1.2164349313253567e-13,-1.403055893701076e-14,5.507864801088969,1.8637055958824658,0.04474877690579382,0.951508762439092,0.07381528479809304,0.00024069659038961219,0.9549889028072357,0.07354750278752867,0.00023562365830007655,-0.0034801381562526027,0.0005484338837827153,5.0726060230323065e-06,0.0034801381562526027,0.0005484338837827153,-5.0726060230323065e-06,0.19763625810543697,0.008847321724856038,-0.00030947458558406584,0.4466375986735026,0.012292260678629817,0.00013902402162815913
40.44034258648753,1.0,1500.0,0.0,64.0,1816.0,0.524166832237501,951.0,865.0,10.124933547872262,1.6502822254419942,10212.293897479016,270.0,0.06591475025633514,33.575409836065575,7.755737704918033,11.481214382118482,122.0,32.88965517241379,7.95862068965517,11.644027847838812,58.0,33.575409836065575,7.755737704918033,11.481214382118482,122.0,0.4266942933691058,-0.013874638825611432,-0.0017620007521736763,-0.0072284618464396435,-9.234557767289144e-05,-0.1988918530679175,-0.02842713870693597,13.575211254208364,64.0,103500.0,68.0,1374.0379354953766,75.3254312172142,3.24678111076355,-7.918361663818359,-20.05634117126465,-0.09451842308044434,-19.961822509765625,0.005813906900584698,0.005813906900584698,4.782491134884548e-13,8.161269187927246,0.957972526550293,0.9616379737854004,-0.003665427677333355,0.003665427677333355,,0.19200924038887024,,0.42705297470092773,2.9717511157194774,7.02853936254138,-0.07251539128243065,-5.8178426861763,1.5592705017236619,-0.06095185563614683,-19.674686622619628,0.302367176362894,-0.016869452267519826,0.1835217259824276,0.30308652006199766,-0.009751099900024492,-19.858208338419598,0.09994840021419886,-0.007118349001059804,0.005414616176858544,0.0002458673278260816,2.7835135709689018e-05,0.005414616176858544,0.0002458673278260816,2.7835135709689018e-05,5.995238864815039e-13,7.784168442905014e-14,-8.97761911844454e-15,6.037211068471273,1.6052919467547586,0.06365638304340152,1.0095824122428894,0.05653690310993541,-0.001717964374979315,1.0150103469689686,0.05798748265010889,-0.0018412422019992534,-0.005427929270081222,0.00299949067183755,0.00012327475308568063,0.005427929270081222,0.00299949067183755,-0.00012327475308568063,0.2003895918528239,0.008180292279968927,-0.00022698429986022696,0.44766912261645,0.01216260573225056,0.00038398656749618715
43.0729345768056,1.0,1500.0,0.0,94.0,1994.0,0.701425265820804,1398.0,596.0,9.94134163712342,1.4506372738516748,10681.892005316007,276.6,0.06037982973149967,34.18656716417909,7.419402985074629,11.222112523844668,134.0,33.88,8.49,11.263889359321729,40.0,34.18656716417909,7.419402985074629,11.222112523844668,134.0,0.42511387025591574,-0.014792624033384013,-0.002122214134223287,-0.005533366754314726,-2.088118605136772e-05,-0.18225099185634075,-0.028860883033654916,13.798963350141843,94.0,105000.0,69.0,1394.7866241931915,75.28033190075709,0.6071737408638,-3.712644577026367,-20.07967185974121,0.16956880688667297,-20.24924087524414,0.00528092123568058,0.00528092123568058,3.05195051088919e-13,4.0203375816345215,1.0096672773361206,1.012338399887085,-0.0026709954254329205,0.0026709954254329205,,0.22322824597358704,,0.45629575848579407,3.254189290603002,8.363975946328905,-0.11236904604946817,-5.459434064229329,1.4984311358441724,-0.02419212604391152,-20.164455350240072,0.3521766625786706,-0.007337280799602102,-0.05930492257078489,0.3448425443852338,0.0024788821333640238,-20.105150540669758,0.08559442188966182,-0.009816177164486786,0.005561159225180745,0.00015163755912170435,-1.728993222051126e-05,0.005561159225180745,0.00015163755912170435,-1.728993222051126e-05,3.8238900255139576e-13,4.947223786151799e-14,-5.706208651967843e-15,5.667313718795777,1.4614541086549024,0.02713944803223051,0.9655872821807862,0.0664688898062832,0.0005064891893685903,0.9685551822185516,0.06638148029223359,0.0004817046498562511,-0.00296790418215096,0.0004220855341334911,2.4786481615135295e-05,0.00296790418215096,0.0004220855341334911,-2.4786481615135295e-05,0.197947824994723,0.00882762798612561,0.00026411042197527614,0.44151868124802907,0.009285660223637828,-8.635309434706817e-05
42.5906691747169,1.0,1500.0,0.0,73.0,2086.0,0.5247849520817832,1094.0,992.0,9.916285229588963,1.3644492216510153,11268.267600922118,276.6,0.05767306088407006,34.25714285714284,7.58,11.200747103669958,140.0,33.76716417910448,8.137313432835821,11.301770427301149,67.0,34.25714285714284,7.58,11.200747103669958,140.0,0.41972389025857987,-0.013419113312868554,-0.0019932281178725846,-0.005527196933936308,-8.863676653075696e-06,-0.1829462861194754,-0.026737739732840653,13.366972257015968,73.0,106500.0,70.0,1415.131394147873,75.25802935361307,1.7149388790130615,-8.648963928222656,-19.975662231445312,0.5880399942398071,-20.563701629638672,0.0056869653053581715,0.0056869653053581715,1.9476048107158056e-13,9.215503692626953,1.0911105871200562,1.093741774559021,-0.0026312326081097126,0.0026312326081097126,,0.2021329402923584,,0.44466689229011536,1.517420960466067,1.1830164095027262,0.007890987442650953,-5.852610631783803,1.9285669163106913,-0.03454768816806835,-20.282736841837565,0.421629054641413,-0.007225684992330528,0.12496166328589121,0.41308419619853926,0.003244213890843722,-20.40769844055176,0.09133097467957979,-0.010469891099430481,0.005531916379307707,0.00014945106814038848,1.4682497116462408e-05,0.005531916379307707,0.00014945106814038848,1.4682497116462408e-05,2.4402185639626114e-13,3.1570745544880897e-14,-3.641421291539638e-15,6.114487997690836,1.9463150379016256,0.03606348409005594,1.001529371738434,0.07955487254735515,0.0006373191171546226,1.004041588306427,0.07939108665883693,0.0006356987194701881,-0.0025122158074130613,0.0003908800443707963,1.6223198969385956e-06,0.0025122158074130613,0.0003908800443707963,-1.6223198969385956e-06,0.20037109752496082,0.009447064964596399,0.00021847798773921167,0.43727790216604867,0.011499355880352993,9.109507811082644e-05
67.95096826553345,1.0,1500.0,0.0,8.0,2086.0,0.05600761041056838,116.0,1970.0,10.10016501682055,2.3371054961512776,13602.194305778927,277.2,0.05884850543478261,33.645714285714284,7.985714285714284,11.36079315646733,140.0,33.8939393939394,8.381818181818181,11.276816044587271,132.0,33.645714285714284,7.985714285714284,11.36079315646733,140.0,0.5062351564714304,-0.01454822196695731,-0.001644865217613117,-0.0073200574549217865,0.0,-0.04444444444444441,-0.03267698586410931,15.020092800597261,8.0,108000.0,71.0,1432.8998110294342,75.37163391933862,0.5564111471176147,-5.621061325073242,-20.77731704711914,0.10462479293346405,-20.881942749023438,0.0049831196665763855,0.0049831196665763855,1.2425124948020616e-13,5.892209053039551,0.9970217943191528,0.9997348189353943,-0.0027130725793540478,0.0027130725793540478,,0.20999038219451904,,0.44630271196365356,2.339671050508817,5.042620014892192,0.16021784290058066,-5.793017848332723,1.543830860072769,-0.011814413929940233,-20.826067543029787,0.3776398133501166,-0.014846304022562712,-0.09205857689181964,0.35036173549076693,-0.003538859150765068,-20.734008979797363,0.09906288695884562,-0.011307459015469385,0.00540778087452054,0.0001768794115826623,-1.9018840173195233e-05,0.00540778087452054,0.0001768794115826623,-1.9018840173195233e-05,1.5571803874198212e-13,2.015355921435547e-14,-2.3245897130381173e-15,6.065876976648966,1.5833193773862264,0.010805793121473515,0.9595273594061534,0.06728169136857766,-0.000694258287300422,0.9624022444089254,0.06706516014235829,-0.000667934104783686,-0.002874890272505581,0.0005656371170566359,-2.6324041885996086e-05,0.002874890272505581,0.0005656371170566359,2.6324041885996086e-05,0.20095481326182682,0.009806033464606446,2.1760260170369357e-05,0.4368068883816401,0.010859026254185881,4.8205339338409216e-05
41.22842221910303,1.0,1500.0,0.0,44.0,2046.0,0.3230307840752872,660.0,1386.0,9.837499333760118,2.372039835415781,12812.981031826817,305.8,0.06458834959658682,34.55912408759124,8.348905109489051,11.110645344625787,137.0,34.16774193548387,8.817204301075272,11.250411906664379,93.0,34.55912408759124,8.348905109489051,11.110645344625787,137.0,0.409778037156526,-0.01343211635872799,-0.002178369805858881,-0.005528595700158962,-4.317167937832782e-05,-0.18638653043602832,-0.026246323453102623,13.438276559776988,44.0,109500.0,72.0,1452.377711057663,75.39361088119355,1.0954272747039795,-8.069707870483398,-21.243221282958984,-0.03572466969490051,-21.207496643066406,0.004493582062423229,0.004493582062423229,7.928876874724669e-14,8.140094757080078,0.9703497290611267,0.9733906388282776,-0.0030408985912799835,0.0030408985912799835,,0.20705604553222656,,0.4386334717273712,1.9325456817944844,5.168120484429845,-0.008459120809833007,-6.344146172205607,1.7009624645396457,0.010640741694093044,-21.136099815368652,0.32798100662299084,-0.011432102445234741,-0.10087471604347228,0.31122483832818826,-0.00044999454456388607,-21.03522491455078,0.09547778942183151,-0.010982110317344602,0.004754741645107667,0.00014957345366072418,-1.6190650125963554e-05,0.004754741645107667,0.00014957345366072418,-1.6190650125963554e-05,9.934629142016767e-14,1.2853225435892799e-14,-1.482513012400449e-15,6.570046408971151,1.6830654584597857,-0.012434345835175643,0.9587411065896352,0.058295291989118925,-7.847664220980211e-05,0.9611263334751129,0.05824717564229417,-6.300391291620005e-05,-0.0023852379022476573,0.0003279835995698234,-1.547181690308587e-05,0.0023852379022476573,0.0003279835995698234,1.547181690308587e-05,0.2033533826470375,0.008837380726193838,0.00018071970167891246,0.440791725118955,0.010141297385119015,0.0001892108872151582
42.04524915401752,1.0,1500.0,0.0,65.0,1859.0,0.5186488551637277,964.0,895.0,10.083691976318391,1.6812699529054111,10446.050667888545,246.8,0.05863068370789186,33.675200000000004,7.5184,11.457482252926157,125.0,33.046666666666674,7.709999999999997,11.663520400134551,60.0,33.675200000000004,7.5184,11.457482252926157,125.0,0.4269108042330999,-0.013976565234323222,-0.0019922393147863734,-0.005792701917576024,-3.0339805825242724e-05,-0.1930420711974035,-0.027711873875572685,13.999076651089744,65.0,111000.0,73.0,1472.2159130573273,75.39654952478273,0.7295133471488953,-8.28437328338623,-21.26968765258789,0.2353086769580841,-21.50499725341797,0.004406665917485952,0.004406665917485952,5.0591150192735856e-14,8.691747665405273,1.0209381580352783,1.0233783721923828,-0.0024402798153460026,0.0024402798153460026,,0.19342294335365295,,0.4254438877105713,2.0140307426452635,3.164594005488764,-0.0935219483858223,-6.563132802645366,1.8761542997381941,0.05161873915039005,-21.34356689453125,0.39434835173690436,-0.021475250278085813,0.02376417169968287,0.35802448894035144,-0.010935558420134606,-21.367331377665202,0.09229724654757412,-0.010539695816124628,0.004391767736524344,5.771968215146742e-05,-4.111650763483695e-06,0.004391767736524344,5.771968215146742e-05,-4.111650763483695e-06,6.339218486167841e-14,8.203359518625404e-15,-9.461962118321618e-16,6.893643442789713,1.8730839431013266,-0.053569630229300884,0.9814985811710357,0.06599351688806154,-0.0020200645698191105,0.9844285706679027,0.06592021360702846,-0.002019579246126398,-0.0029299920424818993,0.0004609025148881538,-4.847522605379492e-07,0.0029299920424818993,0.0004609025148881538,4.847522605379492e-07,0.20251126686731974,0.007502913219390805,0.00025771106443096776,0.4389131983121236,0.010673900799457178,-8.396630292475568e-05
48.29447496414185,1.0,1500.0,0.0,25.0,1999.0,0.18781614214695735,375.0,1624.0,10.171481108617389,2.1180468476001444,12393.007732049682,280.2,0.06259214582495644,33.40746268656716,7.9164179104477626,11.483812789320766,134.0,33.48440366972477,8.394495412844037,11.451457742861502,109.0,33.40746268656716,7.9164179104477626,11.483812789320766,134.0,0.4436707962584458,-0.013649646045080016,-0.0015560328981770906,-0.0073190941127084215,-5.439216752787599e-05,-0.15860756051128666,-0.02957529667874858,14.038253101721022,25.0,112500.0,74.0,1490.9210212230682,75.45671326554326,1.3990534543991089,-3.9769632816314697,-21.226661682128906,0.5956465005874634,-21.822307586669922,0.004076514393091202,0.004076514393091202,3.228478275734206e-14,4.2284064292907715,1.0857515335083008,1.0882493257522583,-0.0024978555738925934,0.0024978555738925934,,0.19372984766960144,,0.42897915840148926,3.9339422076940536,9.379008860444548,0.028087913651885336,-5.649659109115601,1.7685013654702486,0.06942804366250738,-21.685600916544598,0.2984250132254747,0.007071942084358776,-0.009463419020175935,0.32800289405075334,0.018167696294848195,-21.67613754272461,0.09678074363329567,-0.011095743317226844,0.004181918237979213,0.0001236724482324736,-1.1177183552598637e-05,0.004181918237979213,0.0001236724482324736,-1.1177183552598637e-05,4.045067593961653e-14,5.233376499498735e-15,-6.036261827058524e-16,5.969592062632243,1.763052244057388,-0.06759323485038182,0.9754482865333557,0.059926578340951865,0.0032994864116918823,0.9781511028607687,0.05988919162219379,0.0033181941814231395,-0.002702809334732592,0.00042006060825252835,-1.8708024627722765e-05,0.002702809334732592,0.00042006060825252835,1.8708024627722765e-05,0.20697147101163865,0.009633510400148702,-0.0003623002396277019,0.43719821870326997,0.011393218674527446,-0.0003043709063821775
47.87833539516695,1.0,1500.0,0.0,124.0,1970.0,0.9369709755583328,1845.0,125.0,9.998437984610705,1.2047222393749515,9299.084953630681,250.20000000000002,0.05539074607040071,33.96240601503759,6.09172932330827,11.24667890999803,133.0,33.71111111111111,7.644444444444441,11.224782799081188,9.0,33.96240601503759,6.09172932330827,11.24667890999803,133.0,0.42954655473305653,-0.012159065660685498,-0.0016574208568928283,-0.005350296729792687,-3.727766535307274e-05,-0.15792949195868178,-0.026354445296536702,13.645048765674096,124.0,114000.0,75.0,1512.6085932254791,75.36648972547945,0.5352652072906494,-3.9134116172790527,-21.4732666015625,0.6574851274490356,-22.130752563476562,0.004106452222913504,0.004106452222913504,2.0595333367879297e-14,4.226772785186768,1.0973784923553467,1.0996429920196533,-0.002264536451548338,0.002264536451548338,,0.19868861138820648,,0.42620980739593506,2.5616262316703797,4.005268955883477,-0.020402967359651084,-6.572467899322509,1.8411918123636446,0.03452393316453514,-21.98556022644043,0.4613491573873507,-0.0017561703555701897,0.014337550103664397,0.4602440963167178,0.007032808979705922,-21.999897702534994,0.07806479226505272,-0.008788972118406822,0.004073335711533825,5.807980964076896e-05,2.4044211825419247e-06,0.004073335711533825,5.807980964076896e-05,2.4044211825419247e-06,2.5806846216209696e-14,3.341647108577696e-15,-3.854177200880954e-16,6.778214557965597,1.8236445079878751,-0.038465258276900276,0.9796227216720581,0.08381839261127677,0.0013325822764429305,0.9825814445813497,0.08360630878058505,0.0012769069767104126,-0.0029587289318442345,0.0007394118383889157,5.567340797706369e-05,0.0029587289318442345,0.0007394118383889157,-5.567340797706369e-05,0.202942090233167,0.009312539915574227,-0.00042367187702616933,0.4370671937863032,0.009574144033513414,-0.0004381713864535528
43.925779011712144,1.0,1500.0,0.0,67.0,1817.0,0.5460547602202837,992.0,825.0,9.981130156998063,1.3695193186180137,9837.852920427647,237.8,0.05729292150532453,34.02131147540984,7.386885245901638,11.370311038105939,122.0,33.35272727272728,8.160000000000002,11.6451887854806,55.0,34.02131147540984,7.386885245901638,11.370311038105939,122.0,0.41973822198795996,-0.013227398062243104,-0.0017058648785802351,-0.0054255622093829425,-3.8628681796233704e-05,-0.17475615644615466,-0.027237542612639953,13.425347499207886,67.0,115500.0,76.0,1532.4595489501953,75.36903670907513,31.651742935180664,-6.560706615447998,-22.54159927368164,-0.0751504898071289,-22.466449737548828,0.004448415245860815,0.004448415245860815,1.3142929127830938e-14,7.224896430969238,0.9632247686386108,0.9661229848861694,-0.0028982399962842464,0.0028982399962842464,,0.21741382777690887,,0.45888978242874146,3.053159793217977,5.689092691016592,0.19372586883082404,-6.650152802467346,1.3047338364106775,0.033237940106163995,-22.330961418151855,0.45900757873586223,-0.010305331678888398,-0.025161859393119813,0.4493975866233007,0.0011961610882115137,-22.305799547831217,0.09999156386480428,-0.01150151635701395,0.004211467799420158,9.604112413650684e-05,9.999663420891636e-06,0.004211467799420158,9.604112413650684e-05,9.999663420891636e-06,1.6467211121533203e-14,2.130474195104888e-15,-2.4573236765585187e-16,6.925256013870239,1.2668926505606823,-0.0264112770623707,0.9727520525455475,0.08221803068022805,0.00018367803136551834,0.975395651658376,0.08219530997332455,0.0002145878332475221,-0.002643607983676096,0.0003985263805671339,-3.090938299405357e-05,0.002643607983676096,0.0003985263805671339,3.090938299405357e-05,0.20048735439777374,0.008342447247928104,0.00035740229921690656,0.4332464555899302,0.01204124772902748,0.00036792234000691446
47.87724812960221,1.0,1500.0,0.0,118.0,2020.0,0.8736217734105521,1764.0,256.0,10.081951471233639,1.533391740780904,10035.41539066192,246.20000000000002,0.05372495962990442,33.6955882352941,6.167647058823529,11.392441992727571,136.0,34.022222222222226,7.722222222222222,11.194755152116253,18.0,33.6955882352941,6.167647058823529,11.392441992727571,136.0,0.43504661896578223,-0.013469787585344789,-0.002191758875866791,-0.005408209669539148,-2.829975096219153e-05,-0.15843332578673808,-0.027855261592391385,13.789989994644388,118.0,117000.0,77.0,1553.9592609405518,75.29154910353596,1.0704032182693481,-9.317987442016602,-23.082748413085938,-0.3262398838996887,-22.756507873535156,0.004842315334826708,0.004842315334826708,8.365172026207277e-15,9.541733741760254,0.9167460799217224,0.9187954068183899,-0.002049354137852788,0.002049354137852788,,0.19555431604385376,,0.418733686208725,2.0066686471303306,2.592346862883798,-0.05586601819291935,-6.331201982498169,1.7224078873872608,-0.06474026063658098,-22.507334200541177,0.39121381103699765,-0.018912244293925552,0.11602762738863627,0.3642311142524462,-0.009405245173627204,-22.62336190541585,0.08340359381194062,-0.009506993192984217,0.004674517052869002,0.00012693212074413836,1.4268993726362685e-05,0.004674517052869002,0.00012693212074413836,1.4268993726362685e-05,1.0496548212951338e-14,1.366501068538133e-15,-1.5761211224784825e-16,6.580323163668314,1.6894774222546913,0.06099642004664395,0.9988462686538696,0.06786045022677852,-0.0017135744497959108,1.0015254418055217,0.06792180338858345,-0.0017470012119535458,-0.0026791537762619554,0.000511683167209561,3.34283337256021e-05,0.0026791537762619554,0.000511683167209561,-3.34283337256021e-05,0.20364221930503845,0.008582877629752112,-0.0001616744363931253,0.436818187435468,0.01150251208346257,-0.0004213373374620865
44.9858033316476,1.0,1500.0,0.0,14.0,1832.0,0.11446034612586299,209.0,1623.0,10.196738702020486,1.9742021421330382,11458.153864130258,246.4,0.060085836909871244,33.339837398374,8.034146341463412,11.526067301754011,123.0,33.16513761467891,8.229357798165136,11.591155216710979,109.0,33.339837398374,8.034146341463412,11.526067301754011,123.0,0.4214045678939963,-0.014369029930549377,-0.002109233847190757,-0.00457960214173058,0.0,-0.1690454124189078,-0.02683017212847861,13.468041123691384,14.0,118500.0,78.0,1572.0348875522614,75.38000647333632,0.8185255527496338,-10.163652420043945,-23.372638702392578,-0.21088430285453796,-23.161754608154297,0.004025593865662813,0.004025593865662813,5.3229900921888864e-15,10.006811141967773,0.9370384216308594,0.9417619705200195,-0.004723516292870045,0.004723516292870045,,0.200815349817276,,0.4377632439136505,1.38993128935496,1.2549458645818654,-0.02349326965938823,-7.155303907394409,1.6788990287425172,-0.01943099315757864,-23.148549016316732,0.39275860957839115,-0.027887698673167052,-0.20742368660867214,0.3382336214671514,-0.014826636166374996,-22.941125297546385,0.11549276655242434,-0.013061086805298357,0.004418974012757341,0.0002845424041752078,-3.2487822110216765e-05,0.004418974012757341,0.0002845424041752078,-3.2487822110216765e-05,6.679294159207115e-15,8.696307401807377e-16,-1.0030249590873661e-16,7.368545087178548,1.6213478175319358,0.01502092910953278,0.9393443167209625,0.06245188628704715,-0.002771738068810829,0.942023613055547,0.062313581861667654,-0.0026962302948397117,-0.002679290707843999,0.0009728173615743196,-7.550749555851712e-05,0.002679290707843999,0.0009728173615743196,7.550749555851712e-05,0.202916153271993,0.009543873640344048,0.00025474255421800495,0.4359799693028132,0.01037442658880199,0.00017558047848362023
45.97677946090698,1.0,1500.0,0.0,10.0,2073.0,0.06657691714376392,138.0,1935.0,10.145967906146314,2.2172949309831194,13209.337656948672,301.8,0.06435516888433981,33.497142857142855,8.065714285714286,11.441812348308728,140.0,33.41846153846154,8.18,11.468277494843994,130.0,33.497142857142855,8.065714285714286,11.441812348308728,140.0,0.42148645172023524,-0.013452554961442282,-0.001768980215540226,-0.005060481486629008,-6.497725795971411e-05,-0.17102014294996853,-0.026666216062640063,14.665347600296977,10.0,120000.0,79.0,1590.1600437164307,75.46410216643534,0.5365296602249146,-5.946171760559082,-23.16441535949707,0.21764670312404633,-23.382062911987305,0.003955448046326637,0.003955448046326637,3.3872049232146683e-15,6.270949840545654,1.017565369606018,1.0193400382995605,-0.0017746940720826387,0.0017746940720826387,,0.19389571249485016,,0.4261706471443176,2.048060047626495,4.035646784153722,-0.07844709424473958,-7.286215194066366,1.734248281074448,0.04548121326094354,-23.225768025716146,0.42389585519996115,0.015621127594300184,0.05970794955889384,0.4482335155232145,0.02416415020276495,-23.28547611236572,0.07678960416883301,-0.00854305271577189,0.0039279692883913715,6.97517592284814e-05,3.909985291397531e-06,0.0039279692883913715,6.97517592284814e-05,3.909985291397531e-06,4.250221085722126e-15,5.53368062191927e-16,-6.38250005531931e-17,7.501372504234314,1.7236574996631322,-0.049828327961838094,0.9873861928780874,0.08129638654259264,0.004428091847458959,0.9908771435419719,0.08091387328080502,0.004366070701760348,-0.0034909515098358193,0.0008240790513274931,6.202138754206666e-05,0.0034909515098358193,0.0008240790513274931,-6.202138754206666e-05,0.20341936846574146,0.008065497954944266,-0.0001244097053010199,0.43430703282356264,0.009734880768447309,0.0001680736281847908
43.644583257039386,1.0,1500.0,0.0,30.0,1817.0,0.24046549066807665,436.0,1381.0,10.182351934545315,1.86044871138317,10927.98501483733,257.6,0.06277414952724437,33.362601626016264,7.756097560975608,11.502647427551215,123.0,33.08602150537635,8.096774193548388,11.656488876473942,93.0,33.362601626016264,7.756097560975608,11.502647427551215,123.0,0.4259041991461229,-0.014822440032134433,-0.0022812461912046483,-0.006162701913007848,-4.3706293706293706e-05,-0.17569930069929818,-0.027882598551829025,13.28858775984102,30.0,121500.0,80.0,1608.8618021011353,75.51922722096074,0.5692628622055054,-8.403106689453125,-23.46920394897461,0.26419463753700256,-23.7333984375,0.003837723983451724,0.003837723983451724,2.1556600990048575e-15,8.413846969604492,1.0247048139572144,1.0274922847747803,-0.002787513891234994,0.002787513891234994,,0.20122303068637848,,0.4348783791065216,1.95155029296875,3.030708022696142,0.05518048654276217,-6.878828239440918,2.0595351706157965,0.001108285821187105,-23.75494607289632,0.3395251066520299,-0.0033970575046212946,-0.15292733944952489,0.33880201209041966,0.010323415964311446,-23.602018801371255,0.12213403109448588,-0.01372046847232033,0.00389254461042583,0.00012197831583555945,-1.1485205285740243e-05,0.00389254461042583,0.00012197831583555945,-1.1485205285740243e-05,2.70491864188634e-15,3.5216505607971527e-16,-4.061850846962005e-17,7.101510270436605,2.037758405147507,-0.0012489806823392819,0.9489640772342682,0.06108444538331965,0.001777867705989044,0.952409174044927,0.06098984089930483,0.0018709528963345703,-0.003445082817537089,0.0011696782917964897,-9.30840540594432e-05,0.003445082817537089,0.0011696782917964897,9.30840540594432e-05,0.2083376243710518,0.009159853615032208,0.00035382038162599857,0.44002240697542827,0.009756357653425992,0.0005317830137734301
40.580511992627926,1.0,1500.0,0.0,110.0,2015.0,0.8193091540338476,1650.0,365.0,9.460440749376769,1.5463315110584728,10314.193422841814,226.4,0.04671701539350419,35.89777777777779,6.891851851851851,10.561722071722773,135.0,32.40800000000001,6.2,11.70029865647024,25.0,35.89777777777779,6.891851851851851,10.561722071722773,135.0,0.3904511584264063,-0.01351729189346184,-0.002303918993470456,-0.004301680732640681,-3.3079722130334106e-05,-0.1710001102657491,-0.025646709706051034,11.947474915793062,110.0,123000.0,81.0,1630.6755952835083,75.42885927511247,0.49077802896499634,-8.233795166015625,-24.51285171508789,-0.4624859094619751,-24.050365447998047,0.004012034274637699,0.004012034274637699,1.3717584231335515e-15,8.273441314697266,0.8934246301651001,0.8961918354034424,-0.002767208032310009,0.002767208032310009,,0.1797572523355484,,0.44113826751708984,2.552739957968394,4.213065928818139,0.07167973339358742,-7.228563952445984,1.5717697317654835,0.013922905258925759,-23.903684743245442,0.615843486518011,-0.01846984761442808,0.002564682066440582,0.592473802041864,-0.006704534402943823,-23.906249491373696,0.10454529576141436,-0.011765308825669516,0.004002078195723394,0.0001316862660879383,1.3208732752748851e-05,0.004002078195723394,0.0001316862660879383,1.3208732752748851e-05,1.721278694940933e-15,2.240984574624838e-16,-2.5847396351124613e-17,7.439913527170817,1.575106118130305,-0.011952615977659873,0.9774275024731954,0.10779344611657422,-0.0012550446825377707,0.9804707805315653,0.10762601765012195,-0.0012204541512936143,-0.003043260898751517,0.0007573062820649009,-3.458928514698781e-05,0.003043260898751517,0.0007573062820649009,3.458928514698781e-05,0.20701921383539837,0.011265888955344854,-9.831353209839225e-05,0.44160636166731515,0.010904162487981487,-6.513760670672481e-05
58.51816778916579,1.0,1500.0,0.0,13.0,2024.0,0.09014437370862065,182.0,1842.0,10.342709275237155,2.4621977140784166,12823.547260395855,285.40000000000003,0.06387931420385873,32.85147058823527,7.569117647058825,11.638418669376069,136.0,33.04715447154471,7.9886178861788615,11.58123759491495,123.0,32.85147058823527,7.569117647058825,11.638418669376069,136.0,0.48159333278884064,-0.013936782955351579,-0.004277650475585178,-0.00309355358437213,0.0,-0.10534608891390011,-0.029970071664851446,14.097381035757305,13.0,124500.0,82.0,1648.839456319809,75.50765450378206,0.5145013332366943,-7.253112316131592,-23.947406768798828,0.48905131220817566,-24.436458587646484,0.00400293804705143,0.00400293804705143,8.728878338758498e-16,7.4444074630737305,1.063845157623291,1.0685853958129883,-0.0047401683405041695,0.0047401683405041695,,0.19951017200946808,,0.42698416113853455,2.2308693567911786,3.2096569212734862,0.03865459262330219,-6.673979552586873,1.984989966712682,-0.06010589843597231,-24.226713371276855,0.5215229622308257,0.004784106041354112,-0.0037790467341740925,0.5301887627873351,0.01673079540785216,-24.222934277852378,0.10650995921940978,-0.011946661400714856,0.0038708544025818506,0.00010683503610097734,1.633984012916595e-06,0.0038708544025818506,0.00010683503610097734,1.633984012916595e-06,1.095300682845396e-15,1.4260593782336163e-16,-1.644805183594181e-17,6.903000982602437,2.004573659528945,0.059457118943482615,0.9762339214483897,0.09550821387439726,0.002972000737874452,0.979244597752889,0.09533904567665372,0.003011073419063833,-0.003010656354793658,0.0008129489920061363,-3.907164764405121e-05,0.003010656354793658,0.0008129489920061363,3.907164764405121e-05,0.20199332684278487,0.008398161979281301,0.00014748862044299254,0.43596850434939066,0.011359724190178588,-5.431823656212937e-05
43.12053412561831,1.0,1500.0,0.0,115.0,1997.0,0.8601832964586514,1717.0,280.0,9.81921384872869,1.7327047944090996,10268.878365984801,251.0,0.05416253074964395,34.58358208955223,6.72089552238806,10.973219669134037,134.0,33.21052631578947,7.56842105263158,11.371142389214107,19.0,34.58358208955223,6.72089552238806,10.973219669134037,134.0,0.416944389748773,-0.013385167257179763,-0.0025048343513201965,-0.005358416361157783,-0.006006711409395871,-0.1693064876957573,-0.026999264417186496,13.05360234959516,115.0,126000.0,83.0,1670.400865316391,75.43099540728166,7.5220465660095215,-6.17160701751709,-25.297883987426758,0.28158700466156006,-25.579471588134766,0.0035194726660847664,0.0035194726660847664,5.518734112343435e-16,6.843971252441406,1.0017657279968262,1.0298429727554321,-0.02807718887925148,0.02807718887925148,,0.1972036212682724,,0.4467761218547821,1.8004863818486532,2.4699755962380734,0.06544519792807113,-6.94198788801829,1.7835269782252248,-0.06068606907056343,-25.62950585683187,0.9630007782995063,-0.021419121611767643,-0.17866121232509613,0.4287963839662134,-0.0004849759635988928,-25.45084482828776,0.815359785124261,-0.02093414713994246,0.003701930050738156,0.00016016650392775838,-1.7599250708972997e-05,0.003701930050738156,0.00016016650392775838,-1.7599250708972997e-05,6.944541143152652e-16,9.19782977361167e-17,-1.0604877844658658e-17,7.171411474545796,1.8195589925314124,0.06713555174754361,0.919070702791214,0.0823392715228923,-0.00034525666274008357,0.9480639775594075,0.07649748011463928,-6.391697120881188e-05,-0.0289932775311172,0.02294982609038075,-0.00028133940747270843,0.0289932775311172,0.02294982609038075,0.00028133940747270843,0.20287553916374843,0.009697231916211075,-0.0001806612506724387,0.4379116058349609,0.013315995270579358,8.843210303079173e-05
42.27127865329385,1.0,1500.0,0.0,64.0,2014.0,0.47459209594810764,955.0,1059.0,10.059507841095428,1.6519904017345943,11288.173703634224,243.0,0.053275453827940016,33.78666666666667,7.001481481481483,11.318004889902443,135.0,33.118309859154934,7.450704225352113,11.57893109483424,71.0,33.78666666666667,7.001481481481483,11.318004889902443,135.0,0.4206965175206998,-0.015083236019824246,-0.002338032016329079,-0.005127357140255322,-0.011417282950055504,-0.1686556579880397,-0.028384062457154573,13.01442333863172,64.0,127500.0,84.0,1690.4292006492615,75.42463177459884,1.3111908435821533,-6.767326354980469,-25.315166473388672,-0.2183910608291626,-25.09677505493164,0.003695813938975334,0.003695813938975334,3.522322189592576e-16,7.082926273345947,0.9356815814971924,0.9410049319267273,-0.0053233131766319275,0.0053233131766319275,,0.21332776546478271,,0.4376654624938965,1.2068975458542506,1.6531365632758381,-0.04074625349018283,-7.442035675048828,1.8797135098146305,-0.015907073100496195,-25.609200032552085,0.5541906392945064,0.007410452973192953,0.052460138748089476,0.5935753631262013,-0.031618151355439494,-25.661660130818685,0.7636820987986054,0.03902860308383061,0.0038120683593054613,0.00013811643952377255,6.1559942535417735e-06,0.0038120683593054613,0.00013811643952377255,6.1559942535417735e-06,4.403683114621307e-16,5.728989574998852e-17,-6.603183919480728e-18,7.659188938140869,1.8950331430283671,0.013362859274044082,0.9637526094913482,0.09201239494209412,-0.004249330317483482,0.9893775721391042,0.10680395011228826,-0.005657549257140572,-0.025624951033387335,0.022873053612155025,0.001408219904518657,0.025624951033387335,0.022873053612155025,-0.001408219904518657,0.20021340052286785,0.009194833770588755,4.6171959037903876e-05,0.43223738571008047,0.010473218315416777,0.00021856549186620458
41.661976090792955,1.0,1500.0,0.0,29.0,2088.0,0.20781881917871287,433.0,1655.0,9.773822697736406,2.0909679121769726,12778.866731828599,293.8,0.06035828745172159,34.76857142857141,8.27,11.052516743131187,140.0,34.49549549549548,8.578378378378378,11.121185120254268,111.0,34.76857142857141,8.27,11.052516743131187,140.0,0.4044043008291526,-0.013608563369468559,-0.0021548356586956145,-0.005503579667219812,0.0,-0.177509173321819,-0.025239912738726927,12.843399918693958,29.0,129000.0,85.0,1709.4103524684906,75.464618436244,1.7388672828674316,-7.278926849365234,-25.64048957824707,-0.2926856279373169,-25.347803115844727,0.0033058759290724993,0.0033058759290724993,2.259128191066845e-16,7.826992988586426,0.9251635074615479,0.9287593364715576,-0.0035958411172032356,0.0035958411172032356,,0.18997861444950104,,0.4294450283050537,1.7800852328538894,1.6910109169647907,0.00079064517053001,-7.324875704447428,1.3764610791532634,0.011947805597731925,-25.32308158874512,0.3918143174556156,-0.02082978652767336,-0.1287236951291561,0.3542720874594999,-0.010412381695494374,-25.194357872009277,0.09393332777915929,-0.010417376848162893,0.003426026327845951,0.0001093498515322305,-1.20532551305877e-05,0.003426026327845951,0.0001093498515322305,-1.20532551305877e-05,2.825067043199859e-16,3.6161303239927757e-17,-4.171693137367337e-18,7.584246333440145,1.3651041193015387,-0.013305773008386973,0.9538527210553487,0.0624666558490555,-0.0018188137366323784,0.9573946078618367,0.062348810688666566,-0.0018190950917720378,-0.0035418879861632982,0.0007371862924597765,2.80432622709949e-07,0.0035418879861632982,0.0007371862924597765,-2.80432622709949e-07,0.19913535863161086,0.007743667900466072,-0.00022915029220772464,0.43557526369889576,0.013895441374507395,-4.5235648966748365e-05
47.52768928050995,1.0,1500.0,0.0,100.0,1985.0,0.7551853788823129,1499.0,486.0,9.986153726767217,1.4076068259138337,9974.003278143375,242.4,0.05356669318483161,34.024060150375924,6.421052631578949,11.207022157057892,133.0,33.9939393939394,8.26060606060606,11.235508953043766,33.0,34.024060150375924,6.421052631578949,11.207022157057892,133.0,0.42801802087552265,-0.013401001383520354,-0.0025620936010836972,-0.005577400064538547,-6.580679126085812e-06,-0.15304027375625037,-0.026931993043840367,13.108949472115063,100.0,130500.0,86.0,1730.4423756599426,75.41424195083695,1.3185062408447266,-9.938783645629883,-25.58759117126465,0.05470113456249237,-25.642292022705078,0.0030850849580019712,0.0030850849580019712,1.44406438482429e-16,10.49176025390625,0.9864249229431152,0.9894620180130005,-0.0030371174216270447,0.0030371174216270447,,0.19895833730697632,,0.43387824296951294,1.5118509729703267,1.8857336889719905,0.009025997155500298,-7.448732256889343,1.7345259775491977,0.07272677485218862,-25.617058944702148,0.5769913845613227,-0.035655935455083845,-0.11921508510907491,0.5243793320706513,-0.02482875580251947,-25.497843742370605,0.0959094639938869,-0.010827183962132872,0.0033374298131093384,0.00014512903358367824,-1.1123374603829728e-05,0.0033374298131093384,0.00014512903358367824,-1.1123374603829728e-05,1.8082479872063995e-16,2.3311940023509456e-17,-2.689080794548511e-18,7.681176424026489,1.690548872229823,-0.061294485544071145,0.9559640268484751,0.09207862955492452,-0.004347518275391425,0.9592161297798156,0.09182218560893943,-0.00433830329122747,-0.0032521025743335484,0.0005687516873192322,-9.215105059779324e-06,0.0032521025743335484,0.0005687516873192322,9.215105059779324e-06,0.19993474384148915,0.008260701491961347,4.086028349412357e-05,0.4333826661109924,0.010662246465918335,3.5016369633992954e-05
48.81678369339932,1.0,1500.0,0.0,89.0,1950.0,0.6828687991353298,1331.0,619.0,10.092461168457291,1.6814066718111331,10113.277893219572,220.0,0.0498911465892598,33.661068702290066,5.908396946564883,11.394313075124781,131.0,32.11904761904763,6.728571428571428,11.950124464014037,42.0,33.661068702290066,5.908396946564883,11.394313075124781,131.0,0.4228996776497233,-0.013391813466507939,-0.0026732917285224094,-0.004862536557681846,-5.121076889311581e-05,-0.14379983905186353,-0.02619028785163111,13.195877246045221,89.0,132000.0,87.0,1751.0219893455505,75.38454731190177,1.72648024559021,-6.390669345855713,-29.527639389038086,-0.3979493975639343,-29.129690170288086,0.0033980305306613445,0.0033980305306613445,9.152075189796958e-17,6.536969184875488,0.8212026357650757,0.9099916815757751,-0.08878903836011887,0.08878903836011887,,0.21338975429534912,,0.453095018863678,2.160377351442973,2.4038777757233816,-0.008179857826339105,-7.7599889755249025,1.2047160409875037,0.018362683051155133,-25.990664609273274,1.3634199439051975,-0.0766519620765963,0.17614954859018325,0.522460355456763,-0.001666663303656363,-26.166814104715982,1.1801084559118884,-0.0749853110817297,0.003304105515902241,0.00013206495185499246,1.304625814264684e-05,0.003304105515902241,0.00013206495185499246,1.304625814264684e-05,1.153079774939676e-16,1.5032466064003338e-17,-1.73410815076489e-18,7.980023002624511,1.200389197840581,-0.007969844168895578,0.9981019635995229,0.10113591327997949,-0.0020272516037386323,1.010901359717051,0.09155545215238921,-0.000283425217608356,-0.012799395387992263,0.03065953887486857,-0.0017438257617608665,0.012799395387992263,0.03065953887486857,0.0017438257617608665,0.1996063803633054,0.008473697072807382,-7.960325287234859e-05,0.4328850736220678,0.012101125936342395,7.238354247986764e-05
46.710627970742244,1.0,1500.0,0.0,102.0,2058.0,0.742944955692187,1528.0,530.0,9.586365142814905,1.4806821196578355,9716.364766885616,218.20000000000002,0.044627152615862885,35.43043478260871,5.984057971014493,10.827257979059628,138.0,33.91111111111112,8.116666666666667,11.361939482597224,36.0,35.43043478260871,5.984057971014493,10.827257979059628,138.0,0.4002413985283552,-0.011087946190996904,-0.0038024226884763464,-0.003711319367697146,-0.015836169178414607,-0.12970345162858152,-0.02315533753683137,12.355541702063706,102.0,133500.0,88.0,1772.558878660202,75.31484657982514,0.6262073516845703,-7.46848726272583,-26.214143753051758,0.20726697146892548,-26.421411514282227,0.003058709902688861,0.003058709902688861,5.777384093117008e-17,7.341158390045166,1.0091487169265747,1.0157980918884277,-0.006649302784353495,0.006649302784353495,,0.18617777526378632,,0.4182450473308563,2.815038491288821,4.305224277397131,0.019646803363411666,-7.540537373224894,1.9013922883655767,-0.023994046191087078,-28.306993039449058,0.8766314239539897,0.05628726479739415,-0.24221524633467198,0.5693973704595559,-0.022486950749649497,-28.064777882893882,0.9876292471857774,0.07877420546348213,0.0034336398588493467,0.0001700932055111611,-1.0847820080941133e-05,0.0034336398588493467,0.0001700932055111611,-1.0847820080941133e-05,7.242465107956501e-17,9.627844925016594e-18,-1.108953679152317e-18,7.726819229125977,1.868213902084837,0.025197213908058493,0.88246644337972,0.09042216620032048,-0.0015122523960202899,0.9375284969806671,0.1002980677731711,-0.003938887235983087,-0.05506205740384758,0.02844559506561562,0.0024266347926197073,0.05506205740384758,0.02844559506561562,-0.0024266347926197073,0.1979346995552381,0.009558381225383682,-8.577346735457155e-05,0.43152308563391367,0.012128265981398458,-0.0002452142047670028
47.119937840472446,1.0,1500.0,0.0,89.0,1997.0,0.6637073967807915,1325.0,672.0,9.91189462866228,1.700907824895831,10411.735689738336,242.0,0.0527187173231091,34.25671641791046,6.359701492537314,11.219926145325402,134.0,33.07111111111112,7.4222222222222225,11.557750037368512,45.0,34.25671641791046,6.359701492537314,11.219926145325402,134.0,0.41693124659986097,-0.01396167556968914,-0.0030913737415888603,-0.005004254292140528,-0.0008743406315485203,-0.14977960835319917,-0.026016375439700447,13.190501138616652,89.0,135000.0,89.0,1793.2080779075623,75.2840686271764,0.4150843620300293,-7.677850723266602,-27.233875274658203,-0.6294257640838623,-26.604450225830078,0.003294643247500062,0.003294643247500062,3.715815418213143e-17,7.765174865722656,0.8666276931762695,0.8698713183403015,-0.003243665676563978,0.003243665676563978,,0.2040938138961792,,0.4573761820793152,1.4764672696590424,1.5044652669363046,-0.022822429738665342,-8.332837883631388,1.6132924566616922,-0.011312697434982139,-26.79918009440104,0.6876113747020105,-0.0016349334207597832,0.1264740655819575,0.5381228176603096,-0.015043642066079336,-26.92565434773763,0.38321229247221633,0.013408716051146565,0.003125006410603722,8.971049150127546e-05,9.361943447583175e-06,0.003125006410603722,8.971049150127546e-05,9.361943447583175e-06,4.636709285537624e-17,5.896596880761935e-18,-6.801113651506218e-19,8.560649172465007,1.578156573441411,0.006522416909358803,0.9860065241654714,0.0942251794944818,-0.001977149252101246,1.0017951726913452,0.09324099456462177,-0.0026124046694847953,-0.01578863854520023,0.011160028403282804,0.000635256110954703,0.01578863854520023,0.011160028403282804,-0.000635256110954703,0.19827469189961752,0.009130008408057555,0.00035848251571909045,0.4340786715348562,0.012233163128701619,0.0005489704075856678
51.32464102668277,1.0,1500.0,0.0,118.0,2021.0,0.8692258759448626,1756.0,265.0,10.031558004905865,1.3905397570914184,9410.783153218921,176.8,0.038389716419854954,33.863235294117665,5.127941176470588,11.261092283902183,136.0,32.488888888888894,5.311111111111107,11.61087852979594,18.0,33.863235294117665,5.127941176470588,11.261092283902183,136.0,0.4274989984051955,-0.012133749075835028,-0.0025114925182249453,-0.0036894440290142607,-0.001570768116749297,-0.13408344009357764,-0.0254812249076322,13.58851814070777,118.0,136500.0,90.0,1814.6185619831085,75.22242021531278,1.1169072389602661,-9.339160919189453,-27.861095428466797,-0.0236666202545166,-27.83742904663086,0.003765132976695895,0.003765132976695895,2.3654415792952227e-17,9.71009635925293,0.948605477809906,0.9757601022720337,-0.027154643088579178,0.027154643088579178,,0.1769205778837204,,0.4266752600669861,1.5022837221622467,1.363730938656338,-0.008920214279607649,-7.457289457321167,1.3785124365273196,0.0017056970097730872,-27.4708433787028,0.6828287982954948,-0.0363450632742427,0.06372275476654371,0.44754314233593706,-0.008226236218671513,-27.534566179911295,0.41772515879130434,-0.028118823924504502,0.0035880114339912933,0.00018061400210261607,2.0089342069290947e-05,0.0035880114339912933,0.00018061400210261607,2.0089342069290947e-05,2.969583169140235e-17,3.870721274515101e-18,-4.465023028251143e-19,7.63949096997579,1.40961519272789,0.005925844190383137,0.9678902248541514,0.08211689944853168,-0.0019191584809868992,0.9912573218345642,0.07930223313049943,-0.0014666389437751148,-0.02336707931632797,0.009756351033534352,-0.00045251888145295864,0.02336707931632797,0.009756351033534352,0.00045251888145295864,0.1938387210170428,0.01112200804694008,-5.681971222726179e-05,0.43315486510594686,0.010917407862666746,0.00013142181052778695
49.16065138578415,1.0,1500.0,0.0,16.0,1935.0,0.11826667377352695,228.0,1707.0,10.15973537121812,2.1141125347008183,12114.638040730817,266.2,0.06120665869585211,33.45538461538462,7.886153846153847,11.497656162699823,130.0,33.42982456140351,8.18245614035088,11.480288206608378,114.0,33.45538461538462,7.886153846153847,11.497656162699823,130.0,0.436392725608515,-0.01432819656375473,-0.0023365327038961533,-0.005461974905648678,-0.0010878661087866113,-0.15464435146443645,-0.027019189051863315,14.578156058332878,16.0,138000.0,91.0,1832.921504497528,75.28963987894885,10.455775260925293,-9.756972312927246,-26.771806716918945,0.7650092840194702,-27.536815643310547,0.0036431127227842808,0.0036431127227842808,1.5115425366483647e-17,9.962252616882324,1.1052519083023071,1.116236925125122,-0.01098492369055748,0.01098492369055748,,0.19269438087940216,,0.4431067407131195,1.9525116562843323,3.118367864751478,-0.002708144262184432,-8.408996200561523,1.4400452739352931,-0.024197416761693104,-27.6202273050944,0.551412124572403,-0.0016852152891226296,0.05403153076767921,0.34089994768045456,0.0024174429998381915,-27.674258677164712,0.4063332999261749,-0.004102671690060791,0.003696359694004059,5.634963520349767e-05,-2.42157440396394e-06,0.003696359694004059,5.634963520349767e-05,-2.42157440396394e-06,1.8922194311276044e-17,2.4406811509007624e-18,-2.815323885088626e-19,8.63200216293335,1.4187500850424701,0.02169382861246637,0.9711134334405264,0.06273821054029778,0.0005986518801518248,0.9896646956602733,0.0608377216056357,0.00042695491279454503,-0.018551266783227525,0.010621940253507794,0.00017169879685188192,0.018551266783227525,0.010621940253507794,-0.00017169879685188192,0.19216967821121217,0.009871239502283628,0.0001339066413141033,0.4375744372606277,0.012103104318498618,-3.862156220884179e-05
45.35051607449849,1.0,1500.0,0.0,75.0,2087.0,0.5388603300700869,1124.0,963.0,9.819005941184528,1.9353457321334293,11632.128033380819,280.8,0.05799016975754822,34.587142857142865,7.177142857142855,11.073786626833822,140.0,34.073846153846155,8.215384615384613,11.240381031902706,65.0,34.587142857142865,7.177142857142855,11.073786626833822,140.0,0.4141392816592124,-0.013189413890612138,-0.0020346099001724706,-0.005254442951475528,-0.000852079072937967,-0.16046353101567207,-0.024626249680475127,12.846654627107677,75.0,139500.0,92.0,1853.460922718048,75.26460271707654,2.1275782585144043,-8.172889709472656,-27.737194061279297,0.05627515912055969,-27.793468475341797,0.003943605814129114,0.003943605814129114,9.645112058006127e-18,8.48180866241455,0.9807828664779663,0.9901658296585083,-0.009382953867316246,0.009382953867316246,,0.18882998824119568,,0.4497044086456299,2.2763645480076473,6.838735194852908,0.006013028381663704,-8.045174280802408,1.4672302631571212,0.02654878236560606,-27.829363695780437,0.5401059322900434,-0.011140074851912998,0.0537710169951121,0.413391294012678,-0.007784342908355371,-27.88313471476237,0.2659182897712064,-0.00335572595988745,0.003859898843802512,5.907535218349981e-05,4.3727781258946e-06,0.003859898843802512,5.907535218349981e-05,4.3727781258946e-06,1.2083540442531021e-17,1.565359298893422e-18,-1.8053686181253774e-19,8.241846927007039,1.464866731073907,-0.02932675640628156,0.9740455428759257,0.07586095387303611,-0.0012088887020531445,0.9896859288215637,0.07437601735411581,-0.001397432952091622,-0.015640377703433236,0.006984292844949701,0.00018854410407258786,0.015640377703433236,0.006984292844949701,-0.00018854410407258786,0.20008071462313334,0.010009219128492161,0.00015687534753419452,0.4426216115554174,0.013157344514962855,0.000509670453023849
51.96680068581001,1.0,1500.0,0.0,92.0,1813.0,0.7598237403147237,1377.0,436.0,10.295848290787195,1.4425636043990604,8886.34701365176,197.8,0.049177067276614785,32.9688524590164,5.490163934426227,11.662862530903544,122.0,31.96,6.700000000000001,11.949200919568343,30.0,32.9688524590164,5.490163934426227,11.662862530903544,122.0,0.43949652612884205,-0.012796887105862182,-0.0020625903508020987,-0.0050319946836181375,-0.0018173823831159374,-0.13741755825882512,-0.025726807813921827,14.196555809630784,92.0,141000.0,93.0,1873.8182754516602,75.24742492225599,0.5098766684532166,-7.076013088226318,-27.768108367919922,0.8419565558433533,-28.610065460205078,0.004075843840837479,0.004075843840837479,6.136210658785265e-18,7.395750999450684,1.1111094951629639,1.1330021619796753,-0.021892692893743515,0.021892692893743515,,0.21630394458770752,,0.4511660933494568,1.8165431688229243,2.4182987171234145,-0.048242738481623505,-8.091015084584553,1.6606128473503527,-0.03179000349543368,-28.276496251424152,0.5791192227163904,-0.008306275432446018,0.16649724245071412,0.39799889490408624,0.014662840140276938,-28.442993672688804,0.40992468590912673,-0.022969122219403296,0.003935553203336895,5.640131400490359e-05,1.039697391885314e-06,0.003935553203336895,5.640131400490359e-05,1.039697391885314e-06,7.703809405749e-18,1.0023488641958245e-18,-1.1561718359797293e-19,8.273075040181478,1.68830860704206,0.033895001607689,0.9884166657924652,0.07354112962888044,0.002348184598831486,1.0100732266902923,0.07189731156949745,0.0026547487240877127,-0.021656553028151393,0.009465486773977806,-0.00030656415291619484,0.021656553028151393,0.009465486773977806,0.00030656415291619484,0.19261150558789572,0.01020311403465798,0.00017504517705872486,0.43681411842505136,0.013837611013677567,3.0429464028154413e-06
55.55829105967969,1.0,1500.0,0.0,113.0,1935.0,0.87197671990187,1687.0,248.0,10.265571436888951,1.5191194327665394,8914.716309804517,154.4,0.03590530672991954,33.078461538461546,4.476923076923077,11.556703859807124,130.0,31.235294117647065,4.941176470588234,12.238087001520649,17.0,33.078461538461546,4.476923076923077,11.556703859807124,130.0,0.4378069431381378,-0.010374505521788127,-0.001806914380849275,-0.0034942814345308836,-0.00018420583516548823,-0.11836710440310899,-0.0244340215893561,13.985312931627051,113.0,142500.0,94.0,1894.8877935409546,75.20234205198605,2.540025234222412,-6.504651069641113,-28.010046005249023,0.1433393955230713,-28.153385162353516,0.004462383687496185,0.004462383687496185,3.9350102568877536e-18,6.737110137939453,1.0039905309677124,1.0064847469329834,-0.0024942834861576557,0.0024942834861576557,,0.19621621072292328,,0.4172055423259735,3.307383245229721,7.109452851497681,0.121543712000693,-8.8571520169576,1.71149492485674,-0.03944837360148681,-28.007649612426757,0.42616522559005926,0.026565126582433644,0.15395275900761288,0.31627949171145897,0.01070472210214719,-28.161602401733397,0.30866385333852203,0.01586040543502211,0.004262536965931455,7.892100511558214e-05,7.302029052121412e-06,0.004262536965931455,7.892100511558214e-05,7.302029052121412e-06,4.917337347653251e-18,6.27117947888853e-19,-7.234216905523311e-20,9.03227957089742,1.694332855990317,0.04071207025292441,1.0017520368099213,0.05884727587569621,0.002637946260916889,1.0082545797030131,0.058020880269806806,0.001976753421567017,-0.006502543603225301,0.009018445362154449,0.000661193196365488,0.006502543603225301,0.009018445362154449,-0.000661193196365488,0.19280656029780704,0.0088275436228144,-3.056626630174875e-05,0.43584026396274567,0.011029974655363244,-0.0003611370042646113
54.7017837215443,1.0,1500.0,0.0,98.0,2048.0,0.7105006429208945,1455.0,593.0,9.833762682119172,1.3056732223378964,9458.234420460394,183.0,0.03838248248668149,34.54927536231885,4.855072463768116,11.045651995967066,138.0,33.824999999999996,6.234999999999999,11.2552841707766,40.0,34.54927536231885,4.855072463768116,11.045651995967066,138.0,0.41615554064102733,-0.010156961609489758,-0.0018433929799772624,-0.004465496223867526,-1.3094146916328402e-05,-0.1101479638601505,-0.022264141118540855,13.046704076303664,98.0,144000.0,95.0,1915.9157483577728,75.15988118132522,2.195235013961792,-7.474594593048096,-28.92510986328125,-0.4326448440551758,-28.49246597290039,0.004275953397154808,0.004275953397154808,2.5173740610239614e-18,7.830187797546387,0.8975642919540405,0.9006823897361755,-0.0031181140802800655,0.0031181140802800655,,0.20643137395381927,,0.4462258815765381,2.0735339293877284,2.856419645606465,-0.03704663473321285,-9.224524402618409,1.450359753310827,-0.020058400851070315,-28.44134381612142,0.4180172673166272,0.010133775959291463,-0.10406694586078326,0.43955992626963253,0.02002556150462127,-28.337276967366538,0.08815360460253803,-0.009891798551938837,0.004264815058559179,8.735561113756322e-05,-1.924614462425581e-06,0.004264815058559179,8.735561113756322e-05,-1.924614462425581e-06,3.150462739900862e-18,4.052073714037004e-19,-4.6739343835896573e-20,9.453095976511637,1.4368548391698495,0.01936868003531191,0.9578523397445678,0.08068105648013058,0.003691832374810354,0.9608893811702728,0.08053458404285654,0.0036775571618382205,-0.003037040773779154,0.0005353591968525193,1.4277216714202978e-05,0.003037040773779154,0.0005353591968525193,-1.4277216714202978e-05,0.19109561343987783,0.010556373906972501,-0.00012765636168280117,0.4357844223578771,0.01541353263007168,-0.0002996484151273893
55.02440063600187,1.0,1500.0,0.0,54.0,1841.0,0.43908011989777745,808.0,1033.0,10.245063856634266,1.642790709216266,9869.476890962105,194.60000000000002,0.04771011081690693,33.16097560975611,6.089430894308941,11.59086179372536,123.0,33.00869565217393,7.3884057971014485,11.645178399682987,69.0,33.16097560975611,6.089430894308941,11.59086179372536,123.0,0.440772673272996,-0.012229561741874352,-0.0018908840696214625,-0.004611082753651704,-1.251721116535236e-05,-0.11976467643008885,-0.02520651621889665,14.035291490416048,54.0,145500.0,96.0,1935.3686606884003,75.17947508163454,1.403625249862671,-9.51253890991211,-28.88703155517578,-0.09283393621444702,-28.79419708251953,0.00421128747984767,0.00421128747984767,1.6037150241509648e-18,9.92941665649414,0.9602842330932617,0.9630289673805237,-0.0027447387110441923,0.0027447387110441923,,0.18932291865348816,,0.42960432171821594,3.428172703584035,5.713517891434684,0.10646547972824467,-9.083739026387532,1.3090805101150844,-0.02494661248433033,-28.700067202250164,0.39906980349222737,-0.018842454428667218,-0.053637139747540155,0.37117864073005913,-0.008181261799160447,-28.646430079142252,0.0950870963448357,-0.010661186922643192,0.004260857263579965,6.744677667049597e-05,-1.2056774628640934e-06,0.004260857263579965,6.744677667049597e-05,-1.2056774628640934e-06,2.0116975387361507e-18,2.612688807501706e-19,-3.0136311562393685e-20,9.327695687611898,1.3588996460408278,0.033009123033092676,0.9672823031743367,0.06802485227375792,-0.0014965748495201837,0.9701637764771779,0.06804011088859294,-0.0014942577206120782,-0.0028814783397441107,0.0005629556599910061,-2.3181166383825462e-06,0.0028814783397441107,0.0005629556599910061,2.3181166383825462e-06,0.1932721585035324,0.010491243098054052,0.00011705095165960955,0.43884199261665346,0.0152337791551508,-0.0004757591561560394
54.45230043851412,1.0,1500.0,0.0,104.0,1900.0,0.8161978255403264,1550.0,350.0,9.811693068280764,1.4537648394469531,8923.7373336458,164.60000000000002,0.037155756207674945,34.60937500000001,4.995312500000001,11.032797757553883,128.0,34.38333333333333,7.558333333333334,11.197772259622665,24.0,34.60937500000001,4.995312500000001,11.032797757553883,128.0,0.41797727400161583,-0.009810734053593164,-0.0018216146702718441,-0.003969116459438941,-3.099237587553462e-05,-0.11355606520795451,-0.021954462825769915,13.05963187201834,104.0,147000.0,97.0,1956.5681948661804,75.13154940661502,1.2306439876556396,-10.061279296875,-29.03648567199707,0.08324334025382996,-29.119728088378906,0.004754828289151192,0.004754828289151192,1.0204882756108778e-18,10.273677825927734,0.9926289916038513,0.9955634474754333,-0.0029344731010496616,0.0029344731010496616,,0.17649739980697632,,0.4249720573425293,1.715346920490265,2.5654252590324336,-0.062219503618055796,-9.142732620239258,1.1598906580316592,-0.014011733974842741,-28.88798427581787,0.364677097400502,-0.018542087966528367,0.06980629389484723,0.3322998171945879,-0.0068952720989374815,-28.957790438334147,0.1025622962719903,-0.011646804130647127,0.004553048266097903,0.0001955498675361582,2.1764952523656545e-05,0.004553048266097903,0.0001955498675361582,2.1764952523656545e-05,1.2805098714218913e-18,1.6671981534397053e-19,-1.9229326669866336e-20,9.319530948003132,1.1429762684059948,0.015484815285653777,0.9901220778624217,0.061707080330985,-0.0013095812352003579,0.9928530911604564,0.06166370251644181,-0.001283887986744368,-0.002731018397025764,0.0005089269826238456,-2.569378627147163e-05,0.002731018397025764,0.0005089269826238456,2.569378627147163e-05,0.1843203902244568,0.010232375961259758,5.3363773263201345e-05,0.4277268975973129,0.013550992676723297,-0.00010659664836158616
49.10114024846982,1.0,1500.0,0.0,78.0,2088.0,0.5585824686060394,1166.0,922.0,9.856424902936617,2.074609663366344,11374.898128529408,214.8,0.04451259946949602,34.46857142857143,6.268571428571428,11.12221860473907,140.0,33.53225806451613,7.129032258064514,11.414879394836984,62.0,34.46857142857143,6.268571428571428,11.12221860473907,140.0,0.41176308890474284,-0.010900861336126142,-0.002136736099532331,-0.004066895765833146,-2.4459845087647783e-05,-0.14206278026905303,-0.02215689924483941,12.869944796735503,78.0,148500.0,98.0,1977.1119153499603,75.1095569487348,1.9692416191101074,-8.114006042480469,-29.863325119018555,-0.4531572461128235,-29.410167694091797,0.004961685743182898,0.004961685743182898,6.493649566937418e-19,8.310945510864258,0.8923125267028809,0.8945947289466858,-0.0022821896709501743,0.0022821896709501743,,0.19439484179019928,,0.4467886686325073,3.442444337407748,7.438987672886242,0.09957155443404758,-9.34030990600586,1.2152086594485134,-0.013230138572887833,-29.17063477834066,0.364091976110969,0.006677034354714428,0.08989911526441574,0.37912872816898496,0.016049030801080364,-29.2605339050293,0.08228261900874671,-0.009371985582938442,0.004736744255448381,9.345069150819942e-05,3.0117881203584743e-06,0.004736744255448381,9.345069150819942e-05,3.0117881203584743e-06,8.148238766466879e-19,1.0608842531318984e-19,-1.223615200976173e-20,9.534536409378052,1.1426924537564769,0.010331159704121178,0.9944434722264608,0.07118622025552038,0.0030325684849757018,0.9968178292115529,0.0709479935176253,0.0030035277627598815,-0.002374356631965687,0.00041536871638438465,2.90408774793928e-05,0.002374356631965687,0.00041536871638438465,-2.90408774793928e-05,0.1863017256061236,0.009192952249257248,0.00029693169310042146,0.4325491666793823,0.010156113550269302,0.0003206321872248561
53.050691708922386,1.0,1500.0,0.0,80.0,2030.0,0.5868986242710985,1191.0,839.0,10.039303218472105,1.6894283706327975,10202.252735999187,166.8,0.03624511082138201,33.838235294117645,5.561764705882354,11.294501958640081,136.0,33.575,6.582142857142857,11.361471387411157,56.0,33.838235294117645,5.561764705882354,11.294501958640081,136.0,0.428271206987907,-0.010660140220874146,-0.0019463760279605595,-0.004159993025543532,-4.1155650670837104e-05,-0.1276812906412006,-0.023272341608227665,13.489006083557722,80.0,150000.0,99.0,1997.5297660827637,75.09274832692783,0.35034945607185364,-9.926429748535156,-29.3549861907959,0.39739519357681274,-29.752382278442383,0.005198031663894653,0.005198031663894653,4.132088726165503e-19,9.936042785644531,1.0526893138885498,1.055556297302246,-0.0028669890016317368,0.0028669890016317368,,0.19815847277641296,,0.4339253902435303,1.6113212098677954,2.124336568431976,0.02661711332264943,-9.882537190119425,1.6432926256554723,0.0605827249860078,-29.509102058410644,0.3798575261995645,0.002317080640952185,0.09490182126561801,0.38482603339878607,0.012880754492373043,-29.604003842671712,0.0970925327549228,-0.010563671124789804,0.005039358076949914,5.6584423898252504e-05,4.247057399773568e-06,0.005039358076949914,5.6584423898252504e-05,4.247057399773568e-06,5.18494987827138e-19,6.750700038207448e-20,-7.786202092750036e-21,10.098290220896404,1.607878287333755,-0.060684801553592765,0.9949787517388662,0.07294047329246701,0.002440452032014956,0.9979689757029215,0.07271443144810914,0.002439877984255899,-0.002990223164670169,0.0007757180459634629,5.726774510108677e-07,0.002990223164670169,0.0007757180459634629,-5.726774510108677e-07,0.18353805243968963,0.007064727998965047,-0.00010273491713043739,0.4304603606462479,0.012524188513635657,-6.72080161441621e-05
49.96542143325011,1.0,1500.0,0.0,48.0,1893.0,0.3734789300074158,706.0,1187.0,10.01464995935965,1.7276854399442336,10726.203817402416,214.8,0.04946573323507738,33.925,7.065624999999997,11.404577263223333,128.0,33.885000000000005,7.9449999999999985,11.391477337787581,80.0,33.925,7.065624999999997,11.404577263223333,128.0,0.4305255366718662,-0.011887330929124243,-0.0020250496744823455,-0.005546109355317293,-2.7559597629874606e-05,-0.14816039685820218,-0.024581853474315796,13.937857624991283,48.0,151500.0,100.0,2016.8275878429413,75.11797285658606,2.97371768951416,-10.22368049621582,-32.96657943725586,0.19515474140644073,-33.16173553466797,0.00550294341519475,0.00550294341519475,2.62795849294768e-19,10.514717102050781,0.9423898458480835,1.0175120830535889,-0.07512225210666656,0.07512225210666656,,0.19348958134651184,,0.4273945689201355,1.5202075690031052,1.7873165652140321,0.07418866154216687,-10.043825101852416,1.524135142817648,-0.0059651777927281465,-30.015735816955566,0.6353531729816758,-0.025183377462180898,0.056765322635571165,0.3297061780213976,0.013619492212113612,-30.07250124613444,0.6022989288488952,-0.03880289351449493,0.005260998476296663,0.00011026524959056356,7.89268014826146e-06,0.005260998476296663,0.00011026524959056356,7.89268014826146e-06,3.299274169227447e-19,4.296477738345519e-20,-4.9555920895932824e-21,10.218796825408935,1.483456355907158,0.008343548928537376,0.984354962905248,0.06254894810191862,0.001943925079434783,0.9908682942390442,0.06285531432917744,0.0026035821477616047,-0.006513338047079742,0.013004230322711493,-0.0006596573259167631,0.006513338047079742,0.013004230322711493,0.0006596573259167631,0.18530211597681046,0.009295698002933802,0.00016007184385589864,0.43310451606909434,0.010074209041708398,-1.2941335279241052e-05
54.07674628257752,1.0,1500.0,0.0,75.0,1933.0,0.5773491633562046,1116.0,817.0,10.032986265155749,1.6063767590808915,9911.520388831397,193.8,0.04403544648943422,33.85384615384618,5.667692307692308,11.368041678726867,130.0,33.785454545454535,7.221818181818181,11.36997603230558,55.0,33.85384615384618,5.667692307692308,11.368041678726867,130.0,0.4304354717599262,-0.011123129461190312,-0.0021479623495187315,-0.004254484523732532,-0.0019312169312169349,-0.119788359788356,-0.023967200261480765,13.672610732653323,75.0,153000.0,101.0,2036.964150428772,75.11177846099754,5.297618865966797,-7.761015892028809,-31.458662033081055,-0.326854407787323,-31.131807327270508,0.0055072433315217495,0.0055072433315217495,1.6642117829788255e-19,8.234017372131348,0.8971750140190125,0.9171610474586487,-0.019986003637313843,0.019986003637313843,,0.19073817133903503,,0.4132181406021118,1.9920114398002624,2.673535710392129,0.060173653004829776,-9.54699870745341,1.2462179279743273,0.029703948070793684,-31.350284767150878,0.9032230215724251,0.03944033536815655,-0.04031003589431445,0.37899015429836447,0.007470409926835115,-31.30997479756673,0.6488349685683962,0.03196992375561676,0.005485786109541853,4.4849296228808204e-05,2.4969358042761086e-06,0.005485786109541853,4.4849296228808204e-05,2.4969358042761086e-06,2.0881145801096644e-19,2.7245253613510396e-20,-3.1417910624527437e-21,9.739935731887817,1.226942699294433,-0.03181563717902585,0.9444330434004465,0.08216198971627978,0.0024374166373018267,0.9722418228785197,0.07283501894709399,0.0014364120029368532,-0.02780877286568284,0.016200770893649772,0.0010010044066622883,0.02780877286568284,0.016200770893649772,-0.0010010044066622883,0.1810288041830063,0.008928193662032593,0.0002489996765293671,0.4246033400297165,0.01211679814273583,-0.00010363407872278361
54.05268004446319,1.0,1500.0,0.0,33.0,1966.0,0.25188640036344284,495.0,1471.0,10.228795318348627,2.1617242307325166,11877.90843907422,266.40000000000003,0.060752565564424175,33.21969696969697,6.99242424242424,11.598920497389068,132.0,33.05656565656565,7.864646464646462,11.640002215029947,99.0,33.21969696969697,6.99242424242424,11.598920497389068,132.0,0.4329034045574326,-0.011302183382048981,-0.0027066245286008596,-0.006509713156524841,-0.005641748942172099,-0.11638122103566419,-0.024097554490864998,14.008135083114816,33.0,154500.0,102.0,2055.788153886795,75.1536580789675,1.4438313245773315,-7.574192047119141,-31.633319854736328,-0.7824701070785522,-30.850849151611328,0.005482283886522055,0.005482283886522055,1.061119115880844e-19,7.77787971496582,0.8235558271408081,0.8296946287155151,-0.0061388202011585236,0.0061388202011585236,,0.18132440745830536,,0.41836071014404297,3.6505743940671285,8.957170482229575,0.22515865366769178,-10.156449063618977,1.675027411222227,0.03344135560236224,-31.527590306599937,0.5358423812941371,0.016616225534340143,-0.021393076330423356,0.35544190515821583,0.011253988605253694,-31.506197102864583,0.4033414502465587,0.005362248235073375,0.005371901299804449,8.335705658223771e-05,2.7165817587870707e-06,0.005371901299804449,8.335705658223771e-05,2.7165817587870707e-06,1.329298060577535e-19,1.726720491516078e-20,-1.9912835179509197e-21,10.343041070302327,1.674315813501014,-0.03463188549037539,0.9511598428090413,0.06930298202010331,0.0025259895239841505,0.9759061276912689,0.06808155715303091,0.00215404440749338,-0.024746301785732307,0.009754366229254411,0.00037194347502176917,0.024746301785732307,0.009754366229254411,-0.00037194347502176917,0.18517598807811736,0.009275453874682805,1.6267141855593338e-05,0.43190843164920806,0.01231632997310643,-0.0005284694662614027
60.058501814747906,1.0,1500.0,0.0,91.0,2011.0,0.6729333337646124,1353.0,658.0,9.993024934360683,1.957714997821826,9944.702103018468,158.60000000000002,0.034571453483302816,33.982222222222205,4.145185185185184,11.278521787397427,135.0,33.61818181818182,6.54090909090909,11.463447330044437,44.0,33.982222222222205,4.145185185185184,11.278521787397427,135.0,0.425280066943779,-0.009984198904590784,-0.0037086373601177883,-0.003627311086402396,-0.002352517985611525,-0.07821582733812751,-0.022742394708216186,13.524177166629265,91.0,156000.0,103.0,2076.6092829704285,75.12246106155035,0.7122650146484375,-9.969995498657227,-31.87241554260254,-0.45966893434524536,-31.41274642944336,0.0051824371330440044,0.0051824371330440044,6.769267439509794e-20,10.141938209533691,0.8809718489646912,0.8926494121551514,-0.011677563190460205,0.011677563190460205,,0.18187004327774048,,0.41779041290283203,5.522159349918366,9.328702542937748,0.1886564172547439,-9.226988379160563,1.7123423186520776,-0.04119610770525709,-31.753229840596518,0.7797362913209448,-0.04728734501211676,-0.17233894343177478,0.2914134440714171,-0.004997702940751499,-31.580890655517578,0.6942842136597055,-0.04228963798887744,0.005380184575915337,0.00012824962531324634,-1.4082485762268382e-05,0.005380184575915337,0.00012824962531324634,-1.4082485762268382e-05,8.494899020098977e-20,1.0999210765444213e-20,-1.2690918428416966e-21,9.444390328725179,1.720262690443587,0.04011580113972104,0.9280153989791871,0.05887679915877665,-0.0016543498956852404,0.9470463077227275,0.055738493415771216,-0.0009367638620837103,-0.019030920555815102,0.014786302580801549,-0.0007175865029922381,0.019030920555815102,0.014786302580801549,0.0007175865029922381,0.18448986361424127,0.009730922307884126,0.0005430033096879924,0.427506556113561,0.01280365087879031,0.0002100869068446943
58.501639141755945,1.0,1500.0,0.0,119.0,1883.0,0.9423137979331323,1774.0,109.0,9.768531525043963,1.5846497393275623,8224.664688431956,106.0,0.024010147685059345,34.76220472440946,3.5685039370078737,10.9243970979819,127.0,33.94999999999999,6.674999999999998,11.188999608326622,8.0,34.76220472440946,3.5685039370078737,10.9243970979819,127.0,0.41459656587059546,-0.009409157115287992,-0.00353707855878521,-0.002534626984265967,-2.1499596882558453e-05,-0.08595538833646565,-0.021936026484361493,12.973673452258167,119.0,157500.0,104.0,2098.20258808136,75.06424827357652,3.2540760040283203,-13.45713996887207,-31.391170501708984,-0.06992663443088531,-31.321243286132812,0.005511393770575523,0.005511393770575523,4.338905463547869e-20,13.50024127960205,0.964029848575592,0.9665553569793701,-0.0025255035143345594,0.0025255035143345594,,0.19896918535232544,,0.4434260427951813,2.4120055695374805,4.000714710533478,-0.07407546442528326,-9.800410429636637,1.9557518329014678,-0.07738696216078292,-31.297633934020997,0.37930757131714415,0.0078026501037126664,0.03399670980870724,0.31846732931987776,0.002930197848195626,-31.33163070678711,0.2004305567957943,0.004872471657691268,0.005271496561666329,0.00011823160309509983,1.280535140941876e-05,0.005271496561666329,0.00011823160309509983,1.280535140941876e-05,5.426115040712534e-20,6.951706186798417e-21,-8.019346709355561e-22,9.994407447179158,1.9363771069464941,0.0798490987868939,0.9803234457969665,0.061122344082951974,0.0009125972351057111,0.9865019659201304,0.060642952815143716,0.000566756672270411,-0.006178526727793118,0.005339241428039185,0.00034584035792360073,0.006178526727793118,0.005339241428039185,-0.00034584035792360073,0.18401569028695425,0.008943277701625393,-3.1956556243814976e-05,0.4264073997735977,0.012700373202192207,-0.000116313809945412
48.02328725655874,1.0,1500.0,0.0,12.0,1965.0,0.08636013760429145,169.0,1796.0,9.749390448471317,2.3879644729181333,12636.654689967021,274.40000000000003,0.05962624945675793,34.86363636363637,8.466666666666661,10.933583481325249,132.0,34.73,8.74333333333333,10.977352181600493,120.0,34.86363636363637,8.466666666666661,10.933583481325249,132.0,0.40038345191847746,-0.010896761445864853,-0.0031007545430276357,-0.005705724254084146,-0.0020650490449148177,-0.14124935467217437,-0.020719998512741748,13.053043835746871,12.0,159000.0,105.0,2116.3429629802704,75.12959987170203,0.6589251756668091,-10.310073852539062,-31.45158576965332,0.3325211703777313,-31.784107208251953,0.0056917667388916016,0.0056917667388916016,2.754485267290013e-20,10.29488754272461,1.038618564605713,1.0443334579467773,-0.005714808590710163,0.005714808590710163,,0.19310826063156128,,0.4229236841201782,2.3913956840833026,2.9161496892994783,-0.002710234150870673,-9.978976233800251,1.496398855061656,0.056613249667362066,-32.3915979385376,1.1181082670350884,-0.06239296740233739,-0.026392377788821857,0.3405931017745202,0.007166096588826687,-32.36520544687907,1.0349611259840046,-0.06955906249524678,0.005590266517053048,6.859544408763559e-05,5.736843257048356e-06,0.005590266517053048,6.859544408763559e-05,5.736843257048356e-06,3.465006002344692e-20,4.554861981074906e-21,-5.2554216404824675e-22,10.214566802978515,1.4892182178001907,-0.05658242689223938,0.9527976632118225,0.07152218147446665,7.092615918931755e-05,0.9749222775300344,0.0656605172808533,0.0013804901030755575,-0.022124608741917958,0.02192892184598481,-0.0013095632544330201,0.022124608741917958,0.02192892184598481,0.0013095632544330201,0.18272797018289566,0.011034880508610768,-9.428115190733407e-05,0.42235289613405863,0.014726200234159983,-9.661072220765997e-05
52.15162999751204,1.0,1500.0,0.0,59.0,1831.0,0.4799197123896776,878.0,953.0,10.059890751403817,2.6505808105760598,10663.674099866359,202.8,0.04882981797168449,33.765853658536585,6.234146341463414,11.409709284443611,123.0,33.24999999999999,7.453124999999999,11.528441317026033,64.0,33.765853658536585,6.234146341463414,11.409709284443611,123.0,0.42364390726891177,-0.01058889048790954,-0.0031239672842909476,-0.004891795938078074,-0.003837222160787374,-0.1281875483799589,-0.02250490179152927,13.755729051000477,59.0,160500.0,106.0,2135.9917316436768,75.1407403045015,0.6370115876197815,-10.653674125671387,-32.76726150512695,-0.1550246626138687,-32.61223602294922,0.0057485769502818584,0.0057485769502818584,1.7555523943264266e-20,10.733293533325195,0.9330171346664429,0.9499490261077881,-0.016931895166635513,0.016931895166635513,,0.1899181604385376,,0.41963446140289307,1.6981028387943904,2.149283746742317,0.036533049262803145,-10.059575049082438,1.360607827765078,0.022972067683371858,-32.37070128122966,0.9806547230915744,-0.0785985422611766,0.03592388927936554,0.38131076172789446,-0.0011470990928845073,-32.406625239054364,0.9005972820922208,-0.07745146788532305,0.00566856418736279,0.00013828088732139711,1.1014345063681713e-05,0.00566856418736279,0.00013828088732139711,1.1014345063681713e-05,2.2064039937212196e-20,2.859194910492438e-21,-3.299577102053701e-22,10.281096283594767,1.3540046802518777,-0.01843993183768245,0.9710755248864492,0.07613344695548416,-0.0017025465031752366,0.9869151651859284,0.07381049757420388,-0.00022999865061980792,-0.015839645002658168,0.018386738569849147,-0.001472549575243199,0.015839645002658168,0.018386738569849147,0.001472549575243199,0.18707697987556457,0.010253703634136236,0.00020794818743449518,0.42746122578779855,0.011697277722994169,0.00025648086169138525
61.011555156707765,1.0,1500.0,0.0,75.0,1801.0,0.6190476397426095,1114.0,687.0,10.244310771793224,1.9250579844544067,9241.498259192296,137.8,0.03434524699666019,33.15867768595041,4.545454545454548,11.58380153969681,121.0,32.36521739130437,6.96086956521739,11.830863537291894,46.0,33.15867768595041,4.545454545454548,11.58380153969681,121.0,0.43291911601133487,-0.009234045356652938,-0.0030830627666451134,-0.002869986431131752,-0.0008689483951055134,-0.08150381273275244,-0.02238700129109216,13.948873615721787,75.0,162000.0,107.0,2156.0923924446106,75.13592671987583,0.3875546157360077,-10.388042449951172,-33.45344161987305,0.5098681449890137,-33.96331024169922,0.005551638547331095,0.005551638547331095,1.1188167084405223e-20,10.368667602539062,1.0388612747192383,1.0781724452972412,-0.0393112488090992,0.0393112488090992,,0.17287325859069824,,0.4149295687675476,1.8705963850021363,1.9502757424692931,-0.02264650435548477,-10.47488940556844,1.6730966189231156,-0.04849843013538515,-33.04423917134603,0.6326930515715063,-0.011315441874163206,0.032258780052264534,0.3853333830607033,0.006170655717375018,-33.07649803161621,0.5371086377394829,-0.017486097868345155,0.005563190563892325,9.971085013278576e-05,-8.65207798571836e-06,0.005563190563892325,9.971085013278576e-05,-8.65207798571836e-06,1.403018828226897e-20,1.811736902653485e-21,-2.0898181905455254e-22,10.694492753346761,1.6911824555801513,0.04700602551588612,0.9627525866031647,0.0743741374813133,0.0010438510255102679,0.9861891269683838,0.07425504664314947,0.0011875782182669964,-0.023436543360973398,0.011327266801468665,-0.00014372778729068416,0.023436543360973398,0.011327266801468665,0.00014372778729068416,0.1866045628984769,0.009987519744126691,-0.00024986379470125675,0.41700020134449006,0.014894212704651097,-0.00014169143887860907
60.30691289226964,1.0,1500.0,0.0,106.0,1967.0,0.8072679610217731,1587.0,380.0,10.1005358558073,1.913801272919339,9156.580069643314,109.60000000000001,0.024688020903725728,33.63181818181819,3.5575757575757576,11.355047289016278,132.0,31.753846153846155,5.32307692307692,12.021003543148169,26.0,33.63181818181819,3.5575757575757576,11.355047289016278,132.0,0.42662196699804433,-0.008912124081051779,-0.0029378674570875543,-0.002385474533230365,-0.0005261854649003334,-0.08201064751764016,-0.021649577248547294,13.338382917154025,106.0,163500.0,108.0,2177.2494020462036,75.09475021388953,0.3751603960990906,-10.942215919494629,-32.604156494140625,0.5533313751220703,-33.15748596191406,0.0058255488984286785,0.0058255488984286785,7.129667609018447e-21,11.19784927368164,1.072777271270752,1.0875365734100342,-0.014759243465960026,0.014759243465960026,,0.18893074989318848,,0.3936128616333008,3.0732366184393567,4.757911544691595,-0.06655736480061557,-10.632293224334717,1.6094305415555488,-0.03591895628558899,-33.46429843902588,0.8865438537850002,-0.011634721002800838,0.08548102540274462,0.44284304615219233,0.013727767971884032,-33.5497792561849,0.79559508617899,-0.025362470073083898,0.005547645408660174,0.0001238982455100525,1.0216794908046555e-05,0.005547645408660174,0.0001238982455100525,1.0216794908046555e-05,8.940015468268327e-21,1.1560810125079608e-21,-1.333700879924391e-22,10.872423458099366,1.6564019852075806,0.03486730026058385,0.9699428697427114,0.08632797111619628,0.002342342574551305,0.9965639611085256,0.08518220200758965,0.0026542378877505847,-0.026621098063575724,0.016772744310831932,-0.00031189460880242135,0.026621098063575724,0.016772744310831932,0.00031189460880242135,0.18828631639480592,0.007749694108286878,-8.085487416642289e-05,0.4203636477390925,0.014411539239114804,7.78862777620856e-05
54.612174833522126,1.0,1500.0,0.0,68.0,1980.0,0.5111940031106564,1012.0,968.0,9.964171032746988,2.307683929246516,11184.580594868641,180.4,0.039781247243538854,34.09624060150377,5.960902255639097,11.280924919908736,133.0,33.44307692307693,7.655384615384613,11.536048193615013,65.0,34.09624060150377,5.960902255639097,11.280924919908736,133.0,0.41729118839274526,-0.00957918774135857,-0.0029860640899427903,-0.0034017500004620777,-0.001363120030291553,-0.11177584248390451,-0.02130460740490674,13.151486004014151,68.0,165000.0,109.0,2197.290285348892,75.09249055538459,0.7076592445373535,-8.89906120300293,-33.635772705078125,0.14984354376792908,-33.78561782836914,0.005975003354251385,0.005975003354251385,4.544044801432599e-21,8.983281135559082,0.9879684448242188,1.0092642307281494,-0.021295808255672455,0.021295808255672455,,0.18660560250282288,,0.43221139907836914,0.847768360376358,0.6254188162916189,-0.02160140200372006,-11.220143461227417,1.3880672402839744,0.03459135963601198,-33.70863126118978,0.8875694341492619,-0.06179749570513356,-0.03822778674463431,0.35676497277279423,0.00016126784768465173,-33.670403798421226,0.7734469041292091,-0.06195874749884852,0.005841819305593769,7.04941257589337e-05,6.296362487539018e-06,0.005841819305593769,7.04941257589337e-05,6.296362487539018e-06,5.704961839193934e-21,7.417847023030812e-22,-8.558182917415386e-23,11.379898738861083,1.378378307165131,-0.03938990816788914,0.9503956258296966,0.07282516771998246,-0.0010661998633150432,0.9725825150807699,0.06934096521450425,2.9929912130055132e-05,-0.022186887660063805,0.015259700113044028,-0.0010961290880378842,0.022186887660063805,0.015259700113044028,0.0010961290880378842,0.18594721655050914,0.010173893304790103,-0.0003483996839491542,0.42022706270217897,0.012681912547433687,-0.0004420367576123895
56.78270251662643,1.0,1500.0,0.0,27.0,1942.0,0.20237297086307082,393.0,1549.0,9.686210350211173,1.7694991717592372,11381.71975734501,257.0,0.055957150322243514,35.05954198473281,7.935877862595422,10.96456704428487,131.0,35.04423076923076,9.007692307692313,10.954103106296486,104.0,35.05954198473281,7.935877862595422,10.96456704428487,131.0,0.41462067342690245,-0.008978516307667661,-0.002799860408035127,-0.004732020348995611,-0.0018474656560871596,-0.09739459971577538,-0.0204390520606296,13.244631299935135,27.0,166500.0,110.0,2216.167750120163,75.1296917803141,0.4393817186355591,-9.670145034790039,-35.3988151550293,-0.16663074493408203,-35.23218536376953,0.00549597293138504,0.00549597293138504,2.8829330474359653e-21,9.763984680175781,0.9030368328094482,0.9479793310165405,-0.044942501932382584,0.044942501932382584,,0.1813926100730896,,0.4040182828903198,2.650970360636711,4.912137240391254,0.028407317877346162,-10.725551144282024,1.62127779935698,-0.03658055155905772,-34.88843167622884,0.673789442278808,-0.03452465409564174,-0.07570284133156141,0.32822937037820077,-0.002215615486740666,-34.81272913614909,0.5928318194758792,-0.03230903633974735,0.005706620262935757,0.00017139698287551707,-1.8975691967234777e-05,0.005706620262935757,0.00017139698287551707,-1.8975691967234777e-05,3.623883803712361e-21,4.742560890888302e-22,-5.470327829058405e-23,10.889103555679322,1.6538446473990522,0.03547740815346151,0.9258538266023,0.06432653208016073,-0.0008687153674073915,0.9653590341409047,0.0635112814241547,-0.0004203663386810876,-0.03950521635512511,0.011758401804123172,-0.0004483485231807941,0.03950521635512511,0.011758401804123172,0.0004483485231807941,0.18277204483747483,0.009076287926775848,1.761082878897471e-05,0.41444574495156605,0.014089317351659702,-0.0001225716611567402
60.35379868155659,1.0,1500.0,0.0,101.0,1857.0,0.8097382156871638,1503.0,354.0,9.889239645289562,1.453373447114304,8053.198810441741,108.4,0.02525393719131488,34.339200000000005,3.697599999999999,11.175271928411192,125.0,33.1,6.625000000000003,11.703017831391698,24.0,34.339200000000005,3.697599999999999,11.175271928411192,125.0,0.418759081478524,-0.008879535252448102,-0.00339352749172644,-0.0026798416690955256,-0.0008370607028753974,-0.07749520766772942,-0.020306897009157516,13.068018978226686,101.0,168000.0,111.0,2237.3171243667603,75.08993614284785,0.3992242217063904,-8.648133277893066,-34.267425537109375,-0.718443751335144,-33.548980712890625,0.005547936540096998,0.005547936540096998,1.854840240344359e-21,8.883336067199707,0.8388826847076416,0.8416823148727417,-0.0027996208518743515,0.0027996208518743515,,0.19253471493721008,,0.4074913263320923,1.6798429131507873,2.3501894194537263,-0.01803237719583567,-11.263163789113362,1.6219767787555162,0.020150631023063664,-33.82762756347656,0.6815346742587061,0.028720612149350823,0.07333063955108325,0.4045086937217794,-0.019889711891119693,-33.90095812479655,0.5728603344006907,0.04861032572948983,0.005808520596474409,0.00017173926964168915,-6.3583942687552865e-06,0.005808520596474409,0.00017173926964168915,-6.3583942687552865e-06,2.3115494228502475e-21,2.925834995065403e-22,-3.3741437642508335e-23,11.453992176055909,1.6411885030467033,-0.01853059062172781,0.9808630367120107,0.07827050386968885,-0.0026004848146067537,0.9942343751589457,0.0785904046702946,-0.0038441259948510053,-0.013371340084510545,0.013540224890673745,0.0012436414034405234,0.013371340084510545,0.013540224890673745,-0.0012436414034405234,0.18686038106679917,0.012173057352486794,-0.00023221092110083493,0.4186606228351593,0.012386523998820967,-0.0002972059175620855
56.18336911996206,1.0,1500.0,0.0,24.0,1886.0,0.18578205490077926,350.0,1536.0,9.896140410452796,2.3751545458976264,12192.780027821114,238.60000000000002,0.05471473124197395,34.337007874015754,7.456692913385825,11.144787659844113,127.0,33.94757281553398,8.306796116504849,11.242675789026391,103.0,34.337007874015754,7.456692913385825,11.144787659844113,127.0,0.3992720013837403,-0.009375859974497818,-0.0029645418956354475,-0.004077927436511795,0.0,-0.09422680412371212,-0.020101137849510092,12.771709155865224,24.0,169500.0,112.0,2255.891485929489,75.13659280918885,0.4440845847129822,-14.610618591308594,-33.768043518066406,0.11732296645641327,-33.88536834716797,0.005824609659612179,0.005824609659612179,1.1884366999303781e-21,14.652680397033691,0.9995125532150269,1.002800703048706,-0.0032880951184779406,0.0032880951184779406,,0.17821955680847168,,0.4070913791656494,1.381955663363139,1.6147424350802397,0.003005546709321591,-11.335588725407918,1.5404389066612167,-0.08449894254809613,-33.69876823425293,0.28285088222403887,-0.009357591571743592,0.005229244753718376,0.26846251029067975,0.0009091628232641391,-33.70399729410807,0.0921091099828531,-0.010266770139021367,0.005716085558136305,0.00012698647434760058,1.2200181937058464e-05,0.005716085558136305,0.00012698647434760058,1.2200181937058464e-05,1.486639608890682e-21,1.9085539775908055e-22,-2.2015689820289084e-23,11.484989976882934,1.5314179984774068,0.0838384930628688,0.9783552686373392,0.05200610273109121,0.0001743716843533841,0.9810236811637878,0.05197056517887292,0.00017073409045496163,-0.002668400826708724,0.0005071169959260631,3.638015194973216e-06,0.002668400826708724,0.0005071169959260631,-3.638015194973216e-06,0.186137984196345,0.009715737541821949,0.00010368870415862154,0.4132028639316559,0.011070602609398463,-3.742045900050427e-05
64.47135136344217,1.0,1500.0,0.0,22.0,1848.0,0.17794320541540465,328.0,1520.0,10.211244896384533,2.667375089688095,11632.911020073545,211.20000000000002,0.0511975176961117,33.26774193548388,6.6580645161290315,11.550160703421987,124.0,33.12745098039216,7.627450980392155,11.594527905932216,102.0,33.26774193548388,6.6580645161290315,11.550160703421987,124.0,0.42963409068381225,-0.009277561718176161,-0.005001587938074723,-0.002656561904476957,0.0,-0.05714285714285731,-0.022969081242467576,14.09962409442976,22.0,171000.0,113.0,2274.2962522506714,75.18809382496951,2.3873603343963623,-13.484901428222656,-34.30776596069336,-0.13677048683166504,-34.17099380493164,0.0053795985877513885,0.0053795985877513885,7.595338587988299e-22,13.499914169311523,0.9511375427246094,0.9538245797157288,-0.0026870868168771267,0.0026870868168771267,,0.18258309364318848,,0.4041833281517029,3.7161989907423654,9.73280465141398,-0.13008375878593953,-11.405116271972656,1.3465174798662662,-0.031223698956549938,-34.10633392333985,0.332375393505171,-0.011595970213213415,-0.0680237361540397,0.3143423577052299,-0.004878023133361431,-34.0383103688558,0.06456214701507895,-0.0067179008373558025,0.005516281817108393,0.00011174320447271752,-5.485830793325183e-06,0.005516281817108393,0.00011174320447271752,-5.485830793325183e-06,9.509930864095796e-22,1.224829785559664e-22,-1.4127458168963864e-23,11.594361352920533,1.3491991890826318,0.027795196401661643,0.9638082285722097,0.06038656596686726,-0.0008571168737231467,0.9668986777464549,0.060386055049222266,-0.0009349069685506678,-0.0030904505983926356,0.0008889005576090347,7.778730109288415e-05,0.0030904505983926356,0.0008889005576090347,-7.778730109288415e-05,0.18772073735793432,0.007052798067577922,5.927739936331843e-05,0.41469372709592184,0.009634465435733194,-3.261613898880759e-06
61.7096452833731,1.0,1500.0,0.0,79.0,1989.0,0.5933381643188141,1180.0,809.0,9.646032749472965,2.2818420318701675,10431.439869549004,118.80000000000001,0.02537052065092043,35.20751879699249,4.281203007518798,10.901356503999178,133.0,34.455555555555556,7.148148148148146,11.174183704644816,54.0,35.20751879699249,4.281203007518798,10.901356503999178,133.0,0.4002384289162523,-0.008349406666733047,-0.005448616834827709,-0.0015789306724720029,-3.9231071008238526e-05,-0.05755982738328698,-0.022118616751602493,12.48106623079353,79.0,172500.0,114.0,2294.951119184494,75.16499961938078,1.1670104265213013,-14.256265640258789,-34.462284088134766,0.011990249156951904,-34.474273681640625,0.00546789588406682,0.00546789588406682,4.833124331654905e-22,14.339431762695312,0.9799075126647949,0.9823018908500671,-0.002394351875409484,0.002394351875409484,,0.17272290587425232,,0.39382559061050415,1.7604772488276164,2.1658341494396884,0.06564535399830511,-11.859334882100423,1.7108598218793807,-0.04543288318943779,-34.3356627146403,0.41437737072632314,-0.021116919087885568,0.01521728386481603,0.37788853612656614,-0.011433342036203765,-34.35088005065918,0.08577522363322933,-0.009683555967948091,0.005472310570379098,4.770564152562697e-05,3.0484715594730158e-06,0.005472310570379098,4.770564152562697e-05,3.0484715594730158e-06,6.06460986538079e-22,7.895999439664754e-23,-9.107180990635146e-24,12.01715742746989,1.7131387317103284,0.04301984742432977,0.9799014369646708,0.07267689185933207,-0.0021781938624992215,0.9829116861025492,0.07258354734415916,-0.002196769772700399,-0.003010231116786599,0.00040638433506106687,1.8575801633223856e-05,0.003010231116786599,0.00040638433506106687,-1.8575801633223856e-05,0.18951988567908604,0.009331257899757939,-4.6557582525315496e-05,0.40880763630072275,0.01258385571130513,0.00032021473591796603
63.41532890569596,1.0,1500.0,0.0,105.0,1871.0,0.8392299031729858,1570.0,301.0,9.845390495660371,1.9315714449479853,8613.20690438203,80.80000000000001,0.018580692636710666,34.512698412698406,2.593650793650794,11.0593670375699,126.0,33.01904761904762,4.438095238095238,11.46388166642539,21.0,34.512698412698406,2.593650793650794,11.0593670375699,126.0,0.41388908895052506,-0.007961888225721985,-0.003463841685925356,-0.0017743285860436706,-4.256095336535538e-05,-0.05681279260655324,-0.02178491889611524,12.970225111295981,105.0,174000.0,115.0,2316.0376863479614,75.12831117803246,0.7589738368988037,-11.819452285766602,-34.965110778808594,0.022972799837589264,-34.98808288574219,0.005771020893007517,0.005771020893007517,3.0754508531752296e-22,12.070259094238281,0.9780993461608887,0.9844567775726318,-0.006357385776937008,0.006357385776937008,,0.17629434168338776,,0.39749670028686523,3.19546011586984,5.078769774965753,-0.019350787324290238,-11.933803367614747,1.7359296379385427,0.04613194958917044,-34.698095703125,0.3078863458683843,-0.011236327853429852,0.02868770112593969,0.3118634661543029,0.007638276670878142,-34.72678362528483,0.1705995008766547,-0.018874589964597482,0.00556089268065989,0.00013787513896747994,1.4099975875904989e-05,0.00556089268065989,0.00013787513896747994,1.4099975875904989e-05,3.859079149348602e-22,5.0244434341889876e-23,-5.7951518376813655e-24,12.146139144897461,1.7296740469999006,-0.04087302915511612,0.9814103682835896,0.05952487931690628,0.0013126199582261982,0.985594763358434,0.06013502183728333,0.0014800203655399705,-0.004184406351608535,0.0017566544900200578,-0.0001673978712467748,0.004184406351608535,0.0017566544900200578,0.0001673978712467748,0.18691220631202063,0.008627558634613449,-0.00036464056727353355,0.40677901009718576,0.014249633081098426,-0.0006278698714874872
55.405626413722835,1.0,1500.0,0.0,24.0,1839.0,0.19209288713605993,353.0,1486.0,10.150844145629408,2.079548427264835,11390.130353051683,230.60000000000002,0.05553414892592236,33.48709677419354,6.9822580645161265,11.469940317287953,124.0,32.69,7.761999999999997,11.72489346748313,100.0,33.48709677419354,6.9822580645161265,11.469940317287953,124.0,0.3885120514370665,-0.008368388630456995,-0.0031720578115124205,-0.004862146814753433,-0.00010052777079668259,-0.09007288263382833,-0.019123034380262728,11.833418542503493,24.0,175500.0,116.0,2334.581186056137,75.17408306389905,0.44404780864715576,-13.46207046508789,-34.52314758300781,0.5592105984687805,-35.082359313964844,0.005372449290007353,0.005372449290007353,1.960469043719589e-22,13.50208854675293,1.0851104259490967,1.0869908332824707,-0.0018803589046001434,0.0018803589046001434,,0.1822761744260788,,0.3718312084674835,2.6475757201512655,4.14658962756443,-0.00299693909582497,-11.580899397532145,1.0941987135011904,0.01834618034829587,-35.152937698364255,0.4412821862960906,-0.008257945467022068,-0.1067628542582194,0.41497951237032776,-0.00423442586278491,-35.04617500305176,0.060813374072966025,-0.004023539847605629,0.005576799732322494,9.705116961402175e-05,-9.868088985344827e-06,0.005576799732322494,9.705116961402175e-05,-9.868088985344827e-06,2.4564147876704937e-22,3.188550519789857e-23,-3.677291496232907e-24,11.79199120203654,1.1484365209566116,-0.019261931736557204,0.9552262663841248,0.08018422865262739,-0.0006826619550304167,0.9594441910584768,0.07987712163443898,-0.0008142092469271636,-0.0042179239836211005,0.0015159628091292337,0.00013154971286927978,0.0042179239836211005,0.0015159628091292337,-0.00013154971286927978,0.18762736916542053,0.008812719320494634,0.00014163931299236764,0.40198985040187835,0.010525240636479945,-0.00019067633934361246
63.847737274999204,1.0,1500.0,0.0,115.0,1917.0,0.893805725121739,1713.0,204.0,9.875139240116553,1.7085541513320428,8765.426925365184,72.8,0.016408222142084386,34.39379844961241,2.4356589147286813,11.053920179765411,129.0,32.628571428571426,5.442857142857146,11.646479878370721,14.0,34.39379844961241,2.4356589147286813,11.053920179765411,129.0,0.41504668619178114,-0.008488397498700794,-0.0030525870908372607,-0.001604476376362916,-5.009741163373225e-05,-0.05299192875034679,-0.02340984328740642,13.00688843531348,115.0,177000.0,117.0,2356.0615026950836,75.12537333916404,1.9366563558578491,-13.785433769226074,-35.725643157958984,-0.22094185650348663,-35.50469970703125,0.005804746877402067,0.005804746877402067,1.2483384299388905e-22,13.831554412841797,0.9331175088882446,0.937090277671814,-0.003972804173827171,0.003972804173827171,,0.20023252069950104,,0.4064792990684509,0.685668233036995,0.3351822655105268,0.010782261174565813,-12.46078182856242,1.3802279296664295,-0.0578709435807716,-35.180464045206705,0.36740965472690723,-0.00936967300228241,0.12156862293680509,0.3517081336407727,0.0026395939796069016,-35.302032725016275,0.10549696612720656,-0.012009276325365397,0.005640705674886703,9.868382705284563e-05,9.01930262070466e-06,0.005640705674886703,9.868382705284563e-05,9.01930262070466e-06,1.5663574970704423e-22,2.0384416594778695e-23,-2.3511886294872964e-24,12.654952303568523,1.388366001561998,0.056802559111088766,1.000479797522227,0.0680403943402804,0.0004848998964031642,1.003478616476059,0.06791650547318519,0.0005131902233246569,-0.0029988286124231914,0.00043430696024007715,-2.8290838087070804e-05,0.0029988286124231914,0.00043430696024007715,2.8290838087070804e-05,0.19063476969798407,0.008415337024409655,8.704973274919866e-06,0.4036659042040507,0.01072390119592947,1.8827522689425736e-05
60.39207671517911,1.0,1500.0,0.0,92.0,1928.0,0.7089009912299779,1366.0,562.0,9.770710865092544,1.662978969864147,9251.351235088594,102.60000000000001,0.022694094226940943,34.776923076923076,3.6107692307692303,11.03149251259386,130.0,33.184210526315795,5.289473684210525,11.564109621119382,38.0,34.776923076923076,3.6107692307692303,11.03149251259386,130.0,0.405380615495391,-0.008182704452375775,-0.0028431580286473286,-0.0018049936811495558,-3.4050667393080905e-05,-0.0731135930264215,-0.02105908817913947,12.77393491933418,92.0,178500.0,118.0,2376.8550539016724,75.0992365760745,0.5761958360671997,-9.835264205932617,-35.74504470825195,0.1400953233242035,-35.88513946533203,0.005842078011482954,0.005842078011482954,7.943523237544363e-23,9.969959259033203,1.0020465850830078,1.00724196434021,-0.005195486359298229,0.005195486359298229,,0.1838030219078064,,0.4022335410118103,1.1051550636688867,2.06740095766436,0.06132980618911803,-12.260809834798177,1.5423175857035074,0.011731175135187292,-35.74717292785645,0.2564711977014369,-0.0026100362368227667,-0.1085999088982741,0.2754716157762135,0.011709769484530046,-35.63857307434082,0.1279136711780979,-0.014319778629086023,0.005809283892934521,5.0286894317919985e-05,3.459443699763246e-06,0.005809283892934521,5.0286894317919985e-05,3.459443699763246e-06,9.96754222159096e-23,1.2977538293540842e-23,-1.4968186269794169e-24,12.448006947835287,1.5579626096079766,-0.012102941782509416,0.9555680692195893,0.053250611516616,0.002199110133496735,0.9589364906152089,0.05352501258273563,0.0022724329961155004,-0.0033684213257705172,0.000889163210489592,-7.33244758579999e-05,0.0033684213257705172,0.000889163210489592,7.33244758579999e-05,0.18800032287836074,0.009931155902695284,-9.852197265731713e-05,0.40316505134105685,0.011762842209516027,-3.5687488761713474e-05
59.394674227787895,1.0,1500.0,0.0,13.0,1897.0,0.10136296619252544,192.0,1705.0,10.247311936221232,2.598780245771436,12074.036666487527,225.20000000000002,0.05346882568023173,33.16377952755906,7.051968503937011,11.50433840067931,127.0,33.03859649122807,7.485964912280704,11.544094512880173,114.0,33.16377952755906,7.051968503937011,11.50433840067931,127.0,0.4247928515155954,-0.008420431702854093,-0.0017329491637684,-0.0041760844976057,-0.00652938221998994,-0.08478151682571584,-0.020851458517700195,13.708724046661912,13.0,180000.0,119.0,2394.832273244858,75.16183993800556,0.8193626403808594,-13.979307174682617,-37.711185455322266,-0.24138139188289642,-37.46980285644531,0.005767208058387041,0.005767208058387041,5.008484198135446e-23,14.248817443847656,0.9034577012062073,0.9331800937652588,-0.02972240187227726,0.02972240187227726,,0.19796161353588104,,0.41243016719818115,2.3453837404648463,4.23161434087831,-0.1154849892662419,-11.946235752105713,1.7850151400058158,0.040183915975229335,-37.49866371154785,1.636601396450691,-0.11877973427098838,-0.03934677572300037,0.3539882555743198,0.0016020471899375558,-37.459316889444985,1.5794236026920097,-0.1203817679433848,0.005873398281012973,0.0001242168886764024,4.244324449735537e-06,0.005873398281012973,0.0001242168886764024,4.244324449735537e-06,6.322955698694563e-23,8.446021260053367e-24,-9.744301971117075e-25,12.134053929646809,1.8263786783003921,-0.04316770364763487,0.9396258612473806,0.0765384578942881,-0.0018324069239539053,0.9722935934861501,0.06886629611130544,0.0003032270475011769,-0.032667715653466683,0.029681506708376784,-0.0021356358800448056,0.032667715653466683,0.029681506708376784,0.0021356358800448056,0.18996135344107945,0.011213787914519675,0.0001532484048996091,0.39821042815844215,0.015723109772091428,-8.731860340106858e-05
62.69485423862934,1.0,1500.0,0.0,40.0,1881.0,0.3181122264223079,598.0,1283.0,9.952445584250945,2.9365985953431566,11912.415727390475,148.8,0.03458695551113384,34.14444444444444,5.190476190476192,11.263387403757,126.0,33.46744186046512,6.6279069767441845,11.441111699547289,86.0,34.14444444444444,5.190476190476192,11.263387403757,126.0,0.4023150169014723,-0.007502769711657406,-0.0026501884408525788,-0.002622669809575818,-0.002599626400996259,-0.052303860523039016,-0.020494512824469596,12.243747453454706,40.0,181500.0,120.0,2413.960156917572,75.1876535658155,1.1530699729919434,-13.792757987976074,-36.045501708984375,0.2893974184989929,-36.33489990234375,0.0063726650550961494,0.0063726650550961494,3.209082060362369e-23,13.870803833007812,1.0357015132904053,1.037239909172058,-0.0015383766731247306,0.0015383766731247306,,0.17419394850730896,,0.3939279019832611,1.3049294143915176,1.296103968388633,-0.037325037685994794,-12.705418427785238,1.3655740496918227,-0.050150161378242804,-36.76030044555664,0.6510329843553625,0.04059278511497218,0.0869905245800813,0.3642177444886373,0.011686001681578696,-36.847290674845375,0.4601553868412939,0.028906807565318954,0.005901855137199164,0.00021497496786143013,2.2662711952366355e-05,0.005901855137199164,0.00021497496786143013,2.2662711952366355e-05,4.010936924642e-23,5.1442530411767385e-24,-5.933642893534031e-25,12.866202481587727,1.3511260087142425,0.04966417552366637,0.9826719363530477,0.07413036108232605,0.0030609071718837324,0.9970826466878255,0.07087766004226172,0.0022947541333411627,-0.014410713893206169,0.010014960226881418,0.0007661557796507566,0.014410713893206169,0.010014960226881418,-0.0007661557796507566,0.1923893277843793,0.011941951155152357,-0.0002990289544634934,0.40276992122332256,0.015102835277319596,-0.00022759840671425914
63.73980831277782,1.0,1500.0,0.0,29.0,2059.0,0.20806160100192683,428.0,1631.0,9.629940916375642,1.8329526985265217,12061.075007882171,211.0,0.043326488706365504,35.28985507246375,6.889855072463768,10.811882115928263,138.0,35.35229357798164,8.16880733944954,10.73737457759478,109.0,35.28985507246375,6.889855072463768,10.811882115928263,138.0,0.41295088726269924,-0.008859726903457977,-0.002927295410399377,-0.002836637546892798,-2.198768689533861e-05,-0.05312225153913836,-0.021313701202656264,12.948169482593332,29.0,183000.0,121.0,2432.8408737182617,75.2207026677868,18.51021385192871,-13.039861679077148,-36.3580436706543,0.3271563649177551,-36.68519973754883,0.006288314703851938,0.006288314703851938,2.0555249210869847e-23,13.158620834350586,1.0422757863998413,1.0445376634597778,-0.0022619147785007954,0.0022619147785007954,,0.20042318105697632,,0.4073978662490845,2.392332070072492,3.8588229927410467,0.17327458265095586,-12.499530156453451,1.14923106987929,0.013237690739955427,-36.543583170572916,0.2766045115684914,-0.004754574174212332,0.01418050800760587,0.25999439992747614,0.003879138918487858,-36.557763544718426,0.08065769057724946,-0.008633700361240561,0.006295871284479896,9.012077939678441e-05,-3.4896282891477586e-06,0.006295871284479896,9.012077939678441e-05,-3.4896282891477586e-06,2.571440983879776e-23,3.3032316349536602e-24,-3.81025382595949e-25,12.66260217030843,1.1122593813246353,-0.015060205852097313,0.9800540149211884,0.0516300633837583,0.000800294061921698,0.982778400182724,0.05131109551544665,0.0007653977502307082,-0.0027244046640892824,0.0006584711886297335,3.4897495889922375e-05,0.0027244046640892824,0.0006584711886297335,-3.4897495889922375e-05,0.19356796989838282,0.009064001709347635,-0.00014653590086172438,0.4010487178961436,0.014071557797236237,-0.00017868519094550421
50.18452024459839,1.0,1500.0,0.0,12.0,1804.0,0.09843891692200041,177.0,1627.0,9.858614449323989,1.768558372182463,11126.95769470758,259.0,0.062077560998993336,34.48099173553721,8.300826446280992,11.196629773544093,121.0,34.27889908256883,8.642201834862387,11.240889228778142,109.0,34.48099173553721,8.300826446280992,11.196629773544093,121.0,0.3974684501487435,-0.010906446617488224,-0.0019784739361926548,-0.0025921851626577973,0.0,-0.12806567470497762,-0.02188998340438583,12.498059176571772,12.0,184500.0,122.0,2450.873875141144,75.27927155752754,0.24120470881462097,-14.019291877746582,-37.37415313720703,-0.3347550630569458,-37.039398193359375,0.006442632991820574,0.006442632991820574,1.3121703249306427e-23,14.06141185760498,0.9106401205062866,0.9136420488357544,-0.003002017503604293,0.003002017503604293,,0.18882223963737488,,0.38097161054611206,1.321585421760877,1.238441120189571,-0.010833877895247049,-13.062543328603109,1.1952559170859571,-0.022802983666951163,-36.83954251607259,0.32772616899457435,-0.017946594204334972,0.02385245288411776,0.28896821048277166,-0.0056281382601306214,-36.86339505513509,0.1081260998170443,-0.012318419561502099,0.006256304246683915,7.941735545216853e-05,5.710116267469291e-06,0.006256304246683915,7.941735545216853e-05,5.710116267469291e-06,1.6449025646009384e-23,2.1254734791597928e-24,-2.4519572318824263e-25,13.226244672139485,1.2045025161797585,0.021409453327318615,0.9821441411972046,0.057066971145995016,-0.001145470182145163,0.9847068627675374,0.05695416639762628,-0.0011110371556775514,-0.00256272847764194,0.0004538600544726276,-3.443374443546482e-05,0.00256272847764194,0.0004538600544726276,3.443374443546482e-05,0.19136207699775695,0.011587079238420214,0.00035905096766945783,0.3969211161136627,0.012950668733111487,0.00014666211485729814
64.66849632263184,1.0,1500.0,0.0,105.0,2064.0,0.7572734217735904,1563.0,501.0,9.435147627993182,1.7794878653218158,9905.613977530555,57.400000000000006,0.01146853146853147,36.00719424460431,2.483453237410071,10.534442410327562,139.0,35.15882352941176,5.170588235294117,10.719475218476397,34.0,36.00719424460431,2.483453237410071,10.534442410327562,139.0,0.3914188384639457,-0.00792669848586964,-0.003072403748688464,-0.001123572394585494,-1.7355085039916697e-05,-0.03919935207682493,-0.022483398642714262,12.383111904799572,105.0,186000.0,123.0,2472.524516582489,75.22675660142221,0.6733628511428833,-13.495659828186035,-37.282657623291016,0.07571466267108917,-37.35837173461914,0.006553386338055134,0.006553386338055134,8.349830779943877e-24,13.661518096923828,0.9920351505279541,0.995059609413147,-0.0030245399102568626,0.0030245399102568626,,0.19583022594451904,,0.39236441254615784,1.2463326513767243,2.053067428087794,-0.03490183295079148,-12.783459949493409,1.287804769541069,-0.0050303332930278265,-37.20646362304687,0.3147258832086852,-0.0004582881397075835,-0.0036619101961453755,0.32888449078934495,0.013118527125198403,-37.20280176798503,0.12111026093094666,-0.013576829208016911,0.0063548202626407145,0.00011828082917108453,4.3399134719196465e-06,0.0063548202626407145,0.00011828082917108453,4.3399134719196465e-06,1.0477344754363252e-23,1.3640847536599006e-24,-1.5733267320164525e-25,12.985511207580567,1.282507348201124,0.0014317988818953792,0.9762546420097351,0.0648234559123318,0.0025361996206213337,0.97924076517423,0.06490519232111831,0.002592578228641772,-0.002986106874110798,0.0007375649816409244,-5.6379523233938365e-05,0.002986106874110798,0.0007375649816409244,5.6379523233938365e-05,0.1952590768535932,0.009799292653616912,-0.00015876140358451083,0.3981067577997843,0.013686133383792005,0.00020266547218975527
63.75332771986723,1.0,1500.0,0.0,64.0,1935.0,0.49428497745984573,956.0,979.0,10.237894020102871,2.0251653990744516,10396.43523753911,99.60000000000001,0.02308655138843818,33.186153846153864,3.4215384615384608,11.58397501599176,130.0,31.981818181818177,4.56060606060606,11.966719245799162,66.0,33.186153846153864,3.4215384615384608,11.58397501599176,130.0,0.4214033966101436,-0.008831678928127858,-0.0032891471932455047,-0.0021315444122338993,-3.0410542321338067e-05,-0.05830714647744567,-0.02232117233788801,13.427600460329021,64.0,187500.0,124.0,2492.280494451523,75.23230247053841,0.8709660172462463,-14.10757827758789,-37.485443115234375,0.198784738779068,-37.684226989746094,0.00663258321583271,0.00663258321583271,5.3132282655704696e-24,14.152120590209961,1.016456127166748,1.0196311473846436,-0.0031748958863317966,0.0031748958863317966,,0.21416325867176056,,0.4328727722167969,1.600685512026151,2.4701916185171644,-0.03236317696242502,-12.80264663696289,1.2713978909565538,-0.0522740195404831,-37.47200965881348,0.44591545638161917,-0.015768406308930196,0.04017164607842763,0.417266785495061,-0.002980587420129405,-37.51218109130859,0.11413066691403909,-0.012787825910081763,0.006539399471754829,7.653869236910778e-05,6.880448640088898e-06,0.006539399471754829,7.653869236910778e-05,6.880448640088898e-06,6.667044727055219e-24,8.680357086613521e-25,-1.0011852616628295e-25,12.960632546742756,1.2608205030302608,0.05054003998753184,0.985096275806427,0.08306883073594987,-0.0006310285530048243,0.9879253645737965,0.0829098674238309,-0.0005898687677733786,-0.0028290850653623543,0.000631719761256695,-4.1159525569590476e-05,0.0028290850653623543,0.000631719761256695,4.1159525569590476e-05,0.19174877305825552,0.009544052121961705,0.00022997344959033338,0.40002987782160443,0.014703826212958902,0.0005474482017576438
65.88345372885989,1.0,1500.0,0.0,114.0,1891.0,0.897582296674085,1697.0,194.0,9.798569015701117,1.7009590531057561,8495.264910368729,48.6,0.011045956634392472,34.644094488188976,1.9118110236220478,10.977272962431151,127.0,34.39999999999999,4.830769230769233,10.981862328063364,13.0,34.644094488188976,1.9118110236220478,10.977272962431151,127.0,0.4144219120329318,-0.008532089957401328,-0.002783524176114752,-0.0009843508496193976,-2.2427810485001402e-05,-0.04037005887300215,-0.023819135871635987,13.018272157449944,114.0,189000.0,125.0,2513.693350791931,75.1881688116238,3.9288079738616943,-15.114956855773926,-37.79743957519531,0.14443020522594452,-37.941871643066406,0.006896384060382843,0.006896384060382843,3.38095410456822e-24,15.349979400634766,1.0069599151611328,1.0090205669403076,-0.0020606371108442545,0.0020606371108442545,,0.19501644372940063,,0.38105204701423645,1.393012628952662,1.192755230215919,0.027813879891948223,-13.044211260477702,1.4184748266609088,-0.019574213929648074,-37.832873280843096,0.29117546551951834,-0.010468150511200846,0.010043513029813766,0.26578690241302083,0.00026120614256291015,-37.84291699727376,0.09798572628810266,-0.010729392351907178,0.006970234013472994,0.0001075812048543079,7.126180017915838e-06,0.006970234013472994,0.0001075812048543079,7.126180017915838e-06,4.242425159607666e-24,5.523552670553498e-25,-6.370820312864129e-26,13.243770027160645,1.4524101954583415,0.02520343835680037,0.9788982192675273,0.053687599768401185,5.2976740878455965e-05,0.9819701810677847,0.05351159867141257,5.5546264627201384e-05,-0.003071945734942953,0.0005803070759235753,-2.5697303179638573e-06,0.003071945734942953,0.0005803070759235753,2.5697303179638573e-06,0.1896952028075854,0.007526727254215421,-0.00013734012411221723,0.39466776748498283,0.01536270169990197,-0.0001778645364275576
68.9364876285676,1.0,1500.0,0.0,31.0,1952.0,0.23866951108086454,465.0,1487.0,10.112883101235461,2.138993708558286,11753.763434087981,223.0,0.05067721116262158,33.590839694656495,6.403053435114504,11.516440662639678,131.0,33.403999999999996,8.068000000000001,11.55230946117798,100.0,33.590839694656495,6.403053435114504,11.516440662639678,131.0,0.4227454161064319,-0.0075102107761904485,-0.0034283911600710335,-0.0023292223665724848,0.0,-0.026879462410751717,-0.021603551023536057,13.483062022115853,31.0,190500.0,126.0,2532.4807045459747,75.22268566865665,0.9018450379371643,-12.957319259643555,-38.3372688293457,-0.041988007724285126,-38.29528045654297,0.006970121990889311,0.006970121990889311,2.151394674138906e-24,13.109617233276367,0.9688228964805603,0.9715449810028076,-0.0027220817282795906,0.0027220817282795906,,0.1927160918712616,,0.38876107335090637,1.6490116834640502,2.356397914990739,0.018283761303469877,-13.545765622456868,1.3897381208071897,-0.017814834391049347,-38.1355785369873,0.38592179616386063,-0.015271728481677809,-0.0003868558754523595,0.3627199790463005,-0.00475330313416955,-38.13519159952799,0.09278136755035242,-0.010518421347068683,0.00690491561157008,0.00011382281649154666,8.531674655678329e-06,0.00690491561157008,0.00011382281649154666,8.531674655678329e-06,2.6995725526028582e-24,3.5147890198575803e-25,-4.0539287967834486e-26,13.72093776067098,1.3897980709701934,0.0182929846283058,0.9772637526194254,0.07294236057757607,-0.0009593168275640324,0.979865167538325,0.07291049460937092,-0.0009605607281007264,-0.0026013997616246344,0.0003296010090379171,1.2439077365750475e-06,0.0026013997616246344,0.0003296010090379171,-1.2439077365750475e-06,0.19206638832887013,0.01038136609112395,-0.00014181877667699885,0.39295604328314465,0.015534171865084887,-0.00020164588799864496
66.65426748991013,1.0,1500.0,0.0,64.0,2013.0,0.47490462627336816,955.0,1058.0,9.83730715043221,2.101587784635195,10802.634190468212,135.20000000000002,0.02900665093327612,34.52592592592591,3.949629629629629,11.10564373739057,135.0,33.79999999999999,6.270422535211266,11.342769875506693,71.0,34.52592592592591,3.949629629629629,11.10564373739057,135.0,0.4064738590025203,-0.007336197158387553,-0.0030080257662807998,-0.0019595825830459233,-3.924646781789639e-05,-0.034536891679749104,-0.02042846901283446,12.642170509127283,64.0,192000.0,127.0,2552.6081187725067,75.21718613522572,2.8705756664276123,-13.595860481262207,-39.028541564941406,-0.15770742297172546,-38.87083435058594,0.007157184183597565,0.007157184183597565,1.3689919759337122e-24,13.904304504394531,0.9406569004058838,0.9480725526809692,-0.007415602914988995,0.007415602914988995,,0.18551278114318848,,0.38477426767349243,1.4380946149428686,1.3923746657061173,-0.03208097814187593,-13.618657398223878,1.1531945704180282,-0.015344546978942834,-38.546360143025716,0.32920304756302843,-0.013394483284106336,0.0004037306954463323,0.2941909250512442,0.003319901618298496,-38.54676373799642,0.15722854057531324,-0.016714386733141805,0.006940657816206415,8.645587950274053e-05,8.045333241826085e-06,0.006940657816206415,8.645587950274053e-05,8.045333241826085e-06,1.7178127293971577e-24,2.2365576659911207e-25,-2.5796272630631494e-26,13.837176577250164,1.1654987675225346,0.022699879698281102,0.9757524947325389,0.05926482212285715,0.0005503988239470527,0.9800685584545136,0.059171838888450165,0.0006617955424231184,-0.004316033973979453,0.0014804937296024594,-0.00011139786843670413,0.004316033973979453,0.0014804937296024594,0.00011139786843670413,0.19166289816300075,0.011675215889207299,-1.0814798687144331e-05,0.3919047961632411,0.015007560383078914,-0.00021476382938721196
65.50566776820591,1.0,1500.0,0.0,35.0,1966.0,0.26051349057082224,512.0,1454.0,9.967803725665625,2.428181089102246,11924.58632718461,194.0,0.04312069348744165,34.083333333333336,5.915151515151515,11.242308584215413,132.0,33.47835051546393,7.465979381443298,11.383146619315545,97.0,34.083333333333336,5.915151515151515,11.242308584215413,132.0,0.4023118669308009,-0.007513681387295678,-0.003191449175176722,-0.0018189970200782966,-5.336179295624334e-05,-0.040270366417645156,-0.020645907188278544,12.688086129628468,35.0,193500.0,128.0,2571.691242456436,75.24231400934899,0.320033997297287,-14.712162017822266,-39.15624237060547,-0.15572521090507507,-39.000518798828125,0.0067069497890770435,0.0067069497890770435,8.732368759977723e-25,14.866316795349121,0.9448675513267517,0.9488824605941772,-0.0040149204432964325,0.0040149204432964325,,0.21417410671710968,,0.3965420722961426,1.473412776986758,1.9604050768950783,0.03508005324539804,-13.72218786875407,1.365127486983827,0.02637258026835932,-38.86948216756185,0.37300005662721875,0.01157479800690085,-0.002140419309337934,0.30829643673043655,0.012602611402416395,-38.86734161376953,0.10677400100487193,-0.001027817773871075,0.006833975451687972,9.437843976236427e-05,-1.9326404118301623e-06,0.006833975451687972,9.437843976236427e-05,-1.9326404118301623e-06,1.0941655207806835e-24,1.4145939091109527e-25,-1.6315430676015232e-26,13.8651172320048,1.3719241306412837,-0.02894824243360966,0.975155641635259,0.06354092797945368,0.0027102027639530836,0.979531341791153,0.06195869866834487,0.002537478448551665,-0.004375707249467572,0.0024456884637606632,0.00017272265663202687,0.004375707249467572,0.0024456884637606632,-0.00017272265663202687,0.19504526605208714,0.01093354840755287,3.828653636797679e-07,0.3929804434378942,0.012727304294246445,-0.00037251801724163695
64.87068434322582,1.0,1500.0,0.0,17.0,2018.0,0.12023045423754443,242.0,1776.0,9.913382094268638,2.2932458413584302,12523.443655665913,210.8,0.04524381868131868,34.25882352941176,6.538235294117648,11.186568695376597,136.0,33.75126050420168,7.247058823529415,11.3212906645822,119.0,34.25882352941176,6.538235294117648,11.186568695376597,136.0,0.3750425231316824,-0.006964747650996504,-0.004283040438818864,-0.0016820545803729447,-3.441156228492774e-05,-0.03688919476944245,-0.018363101318218205,12.421490943372298,17.0,195000.0,129.0,2590.119708776474,75.28609559598868,0.3700057864189148,-16.307151794433594,-39.1639404296875,0.2024959921836853,-39.36643600463867,0.006768910214304924,0.006768910214304924,5.556648455601101e-25,16.42827606201172,1.0156676769256592,1.020536184310913,-0.004868526943027973,0.004868526943027973,,0.1983197033405304,,0.3889285922050476,1.6237143456935883,2.892774564930877,-0.044566914183942326,-13.907531038920085,1.7678642814128445,-0.015054228361509195,-39.16641375223796,0.4228308666350931,-0.009577333410005332,-0.02428473283847173,0.4129084042329574,0.001798435203623319,-39.142129007975264,0.10752582187125888,-0.011375719182880396,0.006740054100130995,9.517059477009346e-05,9.523683410962346e-06,0.006740054100130995,9.517059477009346e-05,9.523683410962346e-06,6.9724884319401625e-25,9.078039277587022e-26,-1.0470535998372241e-26,14.053136094411213,1.7601095591465847,0.01120993367026433,0.9715276976426442,0.08255475601273542,0.0003424583605850029,0.9751322348912557,0.082560035145168,0.0003563069395546645,-0.0036045318779846032,0.0007847663377980569,-1.3849698525083637e-05,0.0036045318779846032,0.0007847663377980569,1.3849698525083637e-05,0.20009554127852122,0.01030840411805885,-0.00014197601624935617,0.3978867878516515,0.014483344731875765,-0.0001439412589598372
66.4522045556601,1.0,1500.0,0.0,77.0,1940.0,0.5910340244127044,1146.0,794.0,9.986134365215344,2.3050338738446774,9991.662141159712,84.0,0.018995929443690638,34.01538461538461,3.0676923076923073,11.27568319332959,130.0,32.305660377358485,5.350943396226414,11.836316575687789,53.0,34.01538461538461,3.0676923076923073,11.27568319332959,130.0,0.4094007847132449,-0.0073154350129375646,-0.003873322286711388,-0.0014961734753923997,-5.7475983249856305e-05,-0.03783561868790577,-0.019827863025785115,12.833778311235342,77.0,196500.0,130.0,2610.5428042411804,75.27170199268869,1.391141414642334,-14.201640129089355,-40.2432861328125,-0.5708297491073608,-39.672454833984375,0.007134069688618183,0.007134069688618183,3.535848866156822e-25,14.294015884399414,0.8598657846450806,0.8645102381706238,-0.00464452151209116,0.00464452151209116,,0.1806795597076416,,0.38772326707839966,1.468690804640452,2.7533750932378718,0.05011268530592105,-13.791887251536052,1.1720062770117707,-0.0006904672064686908,-39.480309931437176,0.31829770590340695,0.001863650617929228,0.017543228839834533,0.3175609739698172,0.008738441744589303,-39.49785359700521,0.07978170658234413,-0.0068747905523271514,0.006949568244939049,9.057772011905903e-05,7.624429100513121e-06,0.006949568244939049,9.057772011905903e-05,7.624429100513121e-06,4.436787398136938e-25,5.776607751394936e-26,-6.662692014365086e-27,13.946829954783121,1.1581462484270915,0.0012431154261706209,0.9792699058850606,0.06417498731532824,0.0018229632807255083,0.9835476855436961,0.06394119467534062,0.0017561830986328334,-0.004277772891024749,0.001112125810680201,6.677911153790423e-05,0.004277772891024749,0.001112125810680201,-6.677911153790423e-05,0.1893823911746343,0.010283142279972117,2.7764115370683114e-05,0.3866938958565394,0.013587857903130085,-2.5193119738615823e-05
64.664131694865,1.0,1500.0,0.0,107.0,2057.0,0.7741992562413375,1592.0,465.0,9.65979252318205,1.7030799361755786,9212.686958568785,53.0,0.010925131926121372,35.15362318840579,2.210144927536232,10.844357652990057,138.0,32.93548387096776,3.7741935483870974,11.53512739485786,31.0,35.15362318840579,2.210144927536232,10.844357652990057,138.0,0.40020809489300085,-0.00779184006990756,-0.0031665303534052103,-0.000993564047592018,-5.789717461787864e-05,-0.04353867531264425,-0.02070964410860382,12.371949920358757,107.0,198000.0,131.0,2632.020199775696,75.22738617920707,1.7376444339752197,-15.006857872009277,-40.28312301635742,-0.30105072259902954,-39.98207092285156,0.007345704827457666,0.007345704827457666,2.2499585055112926e-25,15.247934341430664,0.9142427444458008,0.9187302589416504,-0.004487509373575449,0.004487509373575449,,0.17250433564186096,,0.3716745972633362,1.0872908383607864,0.9276487775114841,0.03745599025746471,-14.625412432352702,1.391040543754958,0.037395069941265194,-39.81643422444662,0.35106875093230244,-0.009665127458242348,0.047893852243820825,0.32988657941393085,0.0015924449574960635,-39.86432825724284,0.11477930970843152,-0.011257578135862137,0.007240230341752371,6.809784619244998e-05,5.12020473883326e-06,0.007240230341752371,6.809784619244998e-05,5.12020473883326e-06,2.8232506369964913e-25,3.675815522635732e-26,-4.239655458483472e-27,14.7908065478007,1.3708286379227765,-0.03514663072528813,0.9845701297124226,0.06709545737710172,0.0003146603852676053,0.9896973590056102,0.06698553362403324,0.00032593176282683025,-0.005127217612850169,0.0010783516620128798,-1.1268750431888228e-05,0.005127217612850169,0.0010783516620128798,1.1268750431888228e-05,0.18997225761413575,0.008372332600620558,-3.844748879964522e-05,0.39011500775814056,0.01332943313271515,0.000416822646961049
68.47167089092197,1.0,1500.0,0.0,67.0,1957.0,0.510984785025048,999.0,958.0,9.89992541233344,1.9488494919196349,9826.886553446224,84.80000000000001,0.018858693234888584,34.32519083969464,3.2610687022900766,11.131703487630357,131.0,33.70937499999999,5.56875,11.29594028727374,64.0,34.32519083969464,3.2610687022900766,11.131703487630357,131.0,0.4149293357187307,-0.007548195450100205,-0.0035526579718808127,-0.0013304799519401579,-2.8658769583492553e-05,-0.02690103171570518,-0.02081953008403343,13.046144326901041,67.0,199500.0,132.0,2652.0340332984924,75.22527897270986,0.6808225512504578,-13.697858810424805,-41.13131332397461,-0.5944038033485413,-40.53691101074219,0.007204951718449593,0.007204951718449593,1.431923921641494e-25,14.023271560668945,0.8508821129798889,0.8595036268234253,-0.00862156506627798,0.00862156506627798,,0.1994125247001648,,0.4031480848789215,1.370291433731715,1.2190479392169382,-0.017426514797932124,-14.178310680389405,1.6393824564850128,0.022484429712688377,-40.24953168233235,0.3413594720919712,-0.02099347225948623,-0.12130464514096578,0.27959902854032215,-0.007298692285152644,-40.128227106730144,0.13344554417113805,-0.013694811556838833,0.007130112033337355,9.123292240877657e-05,2.2904025401101744e-06,0.007130112033337355,9.123292240877657e-05,2.2904025401101744e-06,1.796727474469911e-25,2.3386572753280808e-26,-2.697418510769435e-27,14.341517639160156,1.6556089906294267,-0.018981413793511318,0.9513149360815684,0.05688198832618318,-0.001536139166262341,0.9554803530375163,0.05658992757427898,-0.0014821118852320543,-0.004165446502156556,0.0011702695206813162,-5.402651934514645e-05,0.004165446502156556,0.0011702695206813162,5.402651934514645e-05,0.19040199518203735,0.009281100461189734,0.00017590377566811395,0.385268900791804,0.013353024564422524,-1.7738143382017754e-05
64.77937106809755,1.0,1500.0,0.0,69.0,2035.0,0.5038365979135585,1025.0,1010.0,10.038978773690449,1.7459510441801347,10385.56574422289,135.4,0.029207472280943957,33.83795620437957,3.556204379562046,11.311307499760757,137.0,32.52941176470589,6.123529411764706,11.623479499962393,68.0,33.83795620437957,3.556204379562046,11.311307499760757,137.0,0.4098802389745289,-0.007521876833446667,-0.004265571055541466,-0.0011251703713629985,-0.021745915182668517,-0.02599596107949347,-0.021268962465630016,13.000223139923925,69.0,201000.0,133.0,2672.404045343399,75.21317756955119,1.7339348793029785,-14.52944278717041,-43.02452850341797,0.6992865204811096,-43.72381591796875,0.007469954434782267,0.007469954434782267,8.933890427268384e-26,14.721552848815918,1.064713478088379,1.122793197631836,-0.05807974562048912,0.05807974562048912,,0.18260324001312256,,0.3618524670600891,1.2454739024241765,1.2809344940442902,-0.0074133703851859386,-14.220094998677572,1.4839977157298245,-0.01914716302619216,-45.16805508931478,2.427660732514378,0.1155773846007837,-0.029649032404025395,0.30620272112324476,0.0033534083486398943,-45.13840599060059,2.3943777607124397,0.11222401874614496,0.007347516529262066,9.770887982127854e-05,1.0432170971283166e-05,0.007347516529262066,9.770887982127854e-05,1.0432170971283166e-05,1.125923558291376e-25,1.5407409625704454e-26,-1.7733727034705198e-27,14.37274440129598,1.4548006928895147,0.018261561112620808,0.888299536705017,0.07719879199471426,0.002846601807633526,0.9739733397960663,0.062408378382182515,0.0006812825881864403,-0.08567381265262762,0.042524273532651674,0.0021653206159129713,0.08567381265262762,0.042524273532651674,-0.0021653206159129713,0.18902230362097422,0.0103772799390364,-0.00022534129351742377,0.3798419247070948,0.01634036109183657,-0.0007124485176582992
69.50867838859558,1.0,1500.0,0.0,40.0,1943.0,0.3026740994751225,588.0,1355.0,10.083113721123413,2.0303250824496906,11269.505161831436,148.8,0.03371855880353501,33.68702290076336,5.291603053435115,11.423514066187753,131.0,33.65934065934066,7.197802197802198,11.410577711789134,91.0,33.68702290076336,5.291603053435115,11.423514066187753,131.0,0.4308156354255525,-0.00728735504904738,-0.003254216161528609,-0.001759593974995939,-0.003560192084782255,-0.025302202351382683,-0.02168152141688202,13.954323497262715,40.0,202500.0,134.0,2691.501270532608,75.23682125549517,0.7915744781494141,-16.226604461669922,-48.2171516418457,-0.251056969165802,-47.966094970703125,0.008071541786193848,0.008071541786193848,5.687375896364482e-26,16.45602798461914,0.8027348518371582,0.9279061555862427,-0.12517131865024567,0.12517131865024567,,0.18932446837425232,,0.37431806325912476,1.149044578274091,1.2140973675142321,-0.02221461834843891,-14.739686171213785,1.5048245426340159,-0.009482464774431853,-44.14346529642741,1.9039779642723422,-0.11170618229103191,0.10872284645835559,0.31964341852337386,-0.010949944387354775,-44.252187728881836,1.8189946435914472,-0.10075625970180539,0.007856444207330544,0.0001692839067216685,1.8515842070634984e-05,0.007856444207330544,0.0001692839067216685,1.8515842070634984e-05,7.151722884570428e-26,9.265803953794337e-27,-1.0688505058783419e-27,14.917871570587158,1.5073540343708784,0.009267277234918042,0.9381953934828441,0.07731925211154754,-0.003786886931791756,1.0023465911547342,0.06595262761383772,-0.002247095479318148,-0.0641511927669247,0.03058391200234158,-0.00153979003155921,0.0641511927669247,0.03058391200234158,0.00153979003155921,0.1917522872487704,0.007906146897583934,0.00026115713779864904,0.3822641134262085,0.011737285925006237,0.00018830279487125326
66.6095073223114,1.0,1500.0,0.0,16.0,2097.0,0.11320199860668041,237.0,1860.0,9.81327114059628,2.079848425833386,13156.984008974501,247.8,0.05075372767491398,34.62695035460993,7.656737588652482,11.012189943381447,141.0,34.49600000000001,8.451199999999998,11.029435604815292,125.0,34.62695035460993,7.656737588652482,11.012189943381447,141.0,0.4021283941947651,-0.007427796368394554,-0.0032547257583257477,-0.002126601472564177,-0.0029937791601866207,-0.036080870917573796,-0.02120387085117757,13.716207975619032,16.0,204000.0,135.0,2710.003734588623,75.27664903051031,2.2685909271240234,-14.02148723602295,-43.91033935546875,-0.16207347810268402,-43.74826431274414,0.008032133802771568,0.008032133802771568,3.6431778296547327e-26,14.370014190673828,0.8995178937911987,0.946405827999115,-0.04688794165849686,0.04688794165849686,,0.19297340512275696,,0.37803763151168823,0.8822455406188965,0.8027921478463287,-0.016476446529384212,-14.779770660400391,1.7170865317211195,0.019343777784914144,-44.234426752726236,1.5741583445261202,0.11489634699498093,0.08137181301911672,0.3122522689802902,-0.0012635265892419186,-44.31579831441243,1.479046414555217,0.11615987996238315,0.00801726213345925,6.678287709127289e-05,2.2557134158882605e-06,0.00801726213345925,6.678287709127289e-05,2.2557134158882605e-06,4.5425326740638107e-26,5.786712729989385e-27,-6.671659236048086e-28,14.932462151845296,1.7251604718484683,-0.020780047161030636,0.9374496022860209,0.07462537276257518,0.0019250659974451175,0.9968233207861582,0.0646906354984057,-0.00025981420669727754,-0.05937372324988246,0.026553441083940373,0.002184879295610813,0.05937372324988246,0.026553441083940373,-0.002184879295610813,0.19186022480328876,0.012261875795590713,0.00020538581093903667,0.38396718899408977,0.014598360130889424,-0.00016377611340618565
64.47733541635367,1.0,1500.0,0.0,39.0,1947.0,0.2975411699878557,579.0,1368.0,10.297962970352282,1.989072057468479,11590.987366426405,194.20000000000002,0.0449349807950391,32.99083969465648,5.4931297709923665,11.645748836691602,131.0,32.369565217391305,6.984782608695652,11.81974356165758,92.0,32.99083969465648,5.4931297709923665,11.645748836691602,131.0,0.4191639955809385,-0.008142343002454365,-0.0023418119474750087,-0.000839716437987764,-0.005908639523336682,-0.05097649784839494,-0.022910432285758495,13.65566333706257,39.0,205500.0,136.0,2728.986713886261,75.30267514837189,0.5191130638122559,-15.509401321411133,-44.77549362182617,0.4718751013278961,-45.24736785888672,0.008029916323721409,0.008029916323721409,2.316557686841148e-26,15.56828498840332,1.011249303817749,1.0778052806854248,-0.06655599176883698,0.06655599176883698,,0.19913038611412048,,0.40517935156822205,1.1645687699317933,1.6016867881534855,0.022566921374158663,-14.832856241861979,1.4547012093769216,0.034232825087228316,-44.99149780273437,0.8871799614627297,0.02687748451784593,-0.18108619612952073,0.2951749037436412,0.011916122350166338,-44.81041145324707,0.8464807656135745,0.01496139458475,0.008055156531433265,0.00015113007085814362,-1.1307953777117129e-05,0.008055156531433265,0.00015113007085814362,-1.1307953777117129e-05,2.905540384990709e-26,3.7888890230413126e-27,-4.368312902647321e-28,14.952009232838948,1.4643257065506794,-0.0347303729964314,0.8804304798444113,0.06305976513158378,0.0029330675275758013,0.9424068947633107,0.061186061535097896,0.0024838648993393375,-0.06197642609477043,0.014763053086661619,0.00044920191715768865,0.06197642609477043,0.014763053086661619,-0.00044920191715768865,0.19300611267487208,0.008678634015453643,2.3699698511827845e-05,0.38329459031422936,0.015291039779560615,-0.0001221575514228117
60.84508840164336,1.0,1500.0,0.0,101.0,1993.0,0.7568785494535535,1508.0,485.0,9.814444439397155,1.7474415258730776,9328.49287417615,58.800000000000004,0.01268717904457774,34.586567164179094,3.4268656716417913,11.053909424729179,134.0,33.975757575757584,5.896969696969696,11.264615801315605,33.0,34.586567164179094,3.4268656716417913,11.053909424729179,134.0,0.4152492769520083,-0.008011209209594144,-0.0027124806392123985,-0.0013503017688973947,-0.007959662586414482,-0.0671275448721998,-0.021484802979209155,12.981584422248591,101.0,207000.0,137.0,2750.273303747177,75.26524717306015,0.2830111086368561,-14.621053695678711,-44.35921096801758,0.3626139760017395,-44.721824645996094,0.008368593640625477,0.008368593640625477,1.4867339465213708e-26,14.607439041137695,1.0038039684295654,1.0558061599731445,-0.05200234055519104,0.05200234055519104,,0.1858026385307312,,0.38658252358436584,4.0450393055876095,8.991518793477661,-0.12622363128770836,-15.433804607391357,1.3184655020519391,-0.0013107068546617435,-44.336865997314455,1.4048716239453227,0.08512821388456847,0.08040589268008867,0.2740567499514348,-0.007677262181103303,-44.417271677653,1.48745311301605,0.09280547586511197,0.00827057200173537,0.00012327435979961728,1.0335769036057368e-05,0.00827057200173537,0.00012327435979961728,1.0335769036057368e-05,1.8539113605398965e-26,2.3490659898214318e-27,-2.708149526774051e-28,15.5870530128479,1.3176286336574674,0.0012165334784279714,0.9471044222513835,0.052848558176895995,0.00016096685831749395,0.9966988980770111,0.05711539491252867,-0.0015932661142444983,-0.04959446697806318,0.026024725968494106,0.0017542298939141224,0.04959446697806318,0.026024725968494106,-0.0017542298939141224,0.19034484922885894,0.00960890191249324,4.350129303597294e-05,0.3807720144589742,0.01173881746088407,0.0002816256612240807
66.32056963121569,1.0,1500.0,0.0,74.0,1933.0,0.5702641837273188,1102.0,831.0,10.198411793945027,1.7419101209354497,9551.40285735226,55.800000000000004,0.012895174708818636,33.28615384615384,3.2630769230769223,11.50988910782314,130.0,33.16428571428572,5.29642857142857,11.554011315902468,56.0,33.28615384615384,3.2630769230769223,11.50988910782314,130.0,0.43552892500968887,-0.007288568229701474,-0.002409676127794376,-0.001532440945798492,-0.004805347303766641,-0.04610242977147549,-0.021803985843335504,13.720382412221626,74.0,208500.0,138.0,2770.466543674469,75.25808260563454,0.5038861036300659,-13.862253189086914,-44.083866119384766,-0.2672974467277527,-43.81657028198242,0.008896720595657825,0.008896720595657825,9.500499170981504e-27,14.015491485595703,0.8921177983283997,0.9233914613723755,-0.031273651868104935,0.031273651868104935,,0.1911504864692688,,0.3510538637638092,1.119900707900524,1.6316848876550905,-0.0038819017180877096,-15.26404259999593,1.4304548524335703,-0.03123660867285799,-44.46175142923991,0.9718755580786136,0.05913376092115279,0.004958648855487506,0.24124876599950146,-0.002250731670120532,-44.46670989990234,0.9420212496172653,0.061384492562266614,0.008824166872849067,0.00022461795034352705,2.31660958441662e-05,0.008824166872849067,0.00022461795034352705,2.31660958441662e-05,1.1875953824168222e-26,1.5314320710643972e-27,-1.7657626571550127e-28,15.39361213048299,1.4493970797080928,0.032871381485952686,0.936224881807963,0.05344433483847419,0.0007326542999640732,0.9810424288113911,0.05091665992673978,-0.0004810938978354635,-0.04481753222644329,0.016745424904189683,0.0012137475928024422,0.04481753222644329,0.016745424904189683,-0.0012137475928024422,0.1894966314236323,0.008086671970987754,0.00016755831652674112,0.3775415887435277,0.012359855434695659,-0.00017027655353271383
67.22447529545536,1.0,1500.0,0.0,81.0,1988.0,0.6092166249017766,1211.0,777.0,10.061616720625526,1.7010131280028729,9928.96313932058,73.2,0.016305800588078054,33.75338345864661,3.6872180451127825,11.377759442428742,133.0,33.284615384615385,7.176923076923078,11.536961874113901,52.0,33.75338345864661,3.6872180451127825,11.377759442428742,133.0,0.424593617211394,-0.006738511690809985,-0.0023883781333608675,-0.00075139404888701,-0.004289284850439449,-0.03779730710312058,-0.021500660738548748,13.458529277027942,81.0,210000.0,139.0,2790.847195625305,75.24596843896654,0.8026313781738281,-15.40438461303711,-43.13532638549805,0.23021388053894043,-43.36553955078125,0.009333374910056591,0.009333374910056591,6.055401079065461e-27,15.502294540405273,1.0109038352966309,1.0292502641677856,-0.01834644377231598,0.01834644377231598,,0.18930277228355408,,0.37324249744415283,2.704242398341497,5.99848679318343,-0.10821592228298599,-15.639033381144205,1.438637425897863,-0.019337606377012553,-45.01054623921712,1.369756162613417,-0.016824633605752645,-0.013717363898952803,0.34003128240272645,0.00014375239295741742,-44.99682871500651,1.1924044592323098,-0.01696838786259808,0.008981571501741807,0.00012849943423338896,7.595500398066515e-06,0.008981571501741807,0.00012849943423338896,7.595500398066515e-06,7.589518448896997e-27,9.931059240341238e-28,-1.1452757904222246e-28,15.81067714691162,1.44107723043244,0.018090755814837246,0.9290194153785706,0.08238826970298672,-5.885931488139993e-05,0.9770782152811687,0.07213702550321778,3.855424675180188e-05,-0.048058816542228065,0.019685037832534006,-9.741437050603957e-05,0.048058816542228065,0.019685037832534006,9.741437050603957e-05,0.18780899047851562,0.008590149330621527,8.990914458294509e-05,0.37640202343463897,0.013121579809708734,-0.00027474485196844924
65.00424372563597,1.0,1500.0,0.0,122.0,1917.0,0.9476269285152165,1816.0,101.0,9.681565153323044,1.5893245412788883,8052.64828862935,22.8,0.0050404562939381885,35.06511627906975,1.906976744186047,10.776575042292572,129.0,32.68571428571429,5.314285714285715,11.730221762447803,7.0,35.06511627906975,1.906976744186047,10.776575042292572,129.0,0.4069882974441775,-0.007044395586845425,-0.0027494390364869803,-0.0004744951572668141,-0.0023872131992781847,-0.043062645011600245,-0.021582261624424805,12.59198292284991,122.0,211500.0,140.0,2812.6061367988586,75.19716224494793,0.692231297492981,-15.202177047729492,-43.279720306396484,0.40993261337280273,-43.68965148925781,0.008855542168021202,0.008855542168021202,3.891656149587323e-27,15.259119033813477,1.0482699871063232,1.0667237043380737,-0.018453730270266533,0.018453730270266533,,0.19234097003936768,,0.3771565556526184,0.9283152600129445,0.790057328599772,-0.008678098806947719,-16.059270477294923,1.591562185584729,-0.0454295034270659,-43.729287974039714,0.5462186997495687,0.014834514953138865,0.04040076447029908,0.2744125669140776,0.007779181564643202,-43.76968841552734,0.5757706144608135,0.007055333087654508,0.008942186459898948,0.0002343865434216166,-2.1009550360471912e-05,0.008942186459898948,0.0002343865434216166,-2.1009550360471912e-05,4.8594108581945e-27,6.200269577369926e-28,-7.151820408235663e-29,16.19543565114339,1.603640449009783,0.04312209955709762,0.9661282698313395,0.05598234189817791,0.0019450597954008358,0.988444568713506,0.058070660994882915,0.0016526117605945357,-0.022316304842631023,0.009779604087055582,0.0002924500702485628,0.022316304842631023,0.009779604087055582,-0.0002924500702485628,0.18811849455038707,0.008783640068139765,0.00015817201044720968,0.3763215978940328,0.01028148405003019,-0.00020523101787546904
72.925230662028,1.0,1500.0,0.0,18.0,1804.0,0.14674202822506255,264.0,1540.0,10.50014206221781,1.8227207312617024,10818.87782436964,208.60000000000002,0.0532876922290911,32.35206611570249,6.353719008264463,11.885442812747465,121.0,32.33009708737865,7.365048543689319,11.856101654316275,103.0,32.35206611570249,6.353719008264463,11.885442812747465,121.0,0.4496099120317323,-0.007554608672277569,-0.0019335560638240113,-0.0011508490322454522,-0.00034390523500191054,-0.01559037065341994,-0.02427125329087592,14.949176740169978,18.0,213000.0,141.0,2830.698632478714,75.24644183456775,0.39594125747680664,-15.946012496948242,-48.90346908569336,-0.13948297500610352,-48.76398468017578,0.00830315612256527,0.00830315612256527,2.457931691448261e-27,16.048124313354492,0.8550028204917908,0.9508875012397766,-0.09588465094566345,0.09588465094566345,,0.18540892004966736,,0.36293256282806396,0.9865951935450236,1.1966003582791964,0.01691987193598762,-15.956720606486003,0.9319410230051037,0.013490245763929532,-45.82032114664714,1.7275958330789154,-0.1672902515653234,0.028556990871826806,0.33345320248854216,-0.0029313994710384395,-45.84887822469076,1.7032790945663532,-0.16435879886614344,0.008654736106594403,0.00021021845843880683,-2.2183482983751894e-05,0.008654736106594403,0.00021021845843880683,-2.2183482983751894e-05,3.1027059775133888e-27,4.100196162443214e-28,-4.730170428166837e-29,16.11143379211426,0.9742683409236478,-0.015954410777872078,0.9350024978319804,0.07419099275029516,-0.0031239451768003386,0.9860103547573089,0.07008662850466546,-0.0006210688754369451,-0.05100785077859958,0.02652986525376051,-0.0025028765968174503,0.05100785077859958,0.02652986525376051,0.0025028765968174503,0.18929951439301174,0.0098626890431682,0.00022664880659741508,0.3711233993371328,0.012565215352789528,0.00036741012460794634
59.62784554976825,1.0,1500.0,0.0,129.0,2078.0,0.9291128904575178,1930.0,148.0,8.89375926810578,1.8343705324257882,9143.779956237448,31.6,0.005953053765871671,38.188489208633094,2.051798561151079,9.985112336302437,139.0,32.940000000000005,3.2400000000000007,11.55923489503682,10.0,38.188489208633094,2.051798561151079,9.985112336302437,139.0,0.3653917836043179,-0.00655802539044481,-0.003180253378809687,-0.0005051156819177465,-0.015012858029618183,-0.04483461913629408,-0.017841830934521363,11.11767438740408,129.0,214500.0,142.0,2853.424780368805,75.17282441637585,0.5838540196418762,-16.592422485351562,-44.2884635925293,-0.027417384088039398,-44.26104736328125,0.008375013247132301,0.008375013247132301,1.5769905348421398e-27,16.745098114013672,0.9570704698562622,0.9742668867111206,-0.017196428030729294,0.017196428030729294,,0.18728142976760864,,0.3634350895881653,1.278744720419248,2.2780913550412483,-0.05694430597764636,-16.334297593434652,1.2354524515527818,-0.036269195989453634,-45.2087952931722,1.402969775770451,0.13284463596025803,0.10873484934369723,0.29800744717372135,0.004373406878236404,-45.31753005981445,1.3794881836006307,0.12847125570023682,0.008290277856091658,9.569058078617314e-05,-1.6454279886868603e-06,0.008290277856091658,9.569058078617314e-05,-1.6454279886868603e-06,1.966357813925349e-27,2.5001116350360837e-28,-2.8827613888489425e-29,16.4813112894694,1.2485729805872388,0.0380468744059421,0.9658054033915202,0.06609857472313142,0.0031788426060830256,1.0026997367540995,0.062173494233825746,0.0009118516134870626,-0.036894329047451414,0.023713232003148836,0.0022669909704265286,0.036894329047451414,0.023713232003148836,-0.0022669909704265286,0.1871785600980123,0.012864393109491303,-0.00024682856905580117,0.36858800053596497,0.014062412816381124,-8.873871887089004e-05
72.76144082205636,1.0,1500.0,0.0,14.0,1894.0,0.10371862989453912,196.0,1698.0,10.10281117648786,2.677740053740333,12604.874218254785,217.60000000000002,0.0505388331475288,33.637499999999996,7.150000000000001,11.419679532043089,128.0,33.67719298245614,7.966666666666668,11.371862829884291,114.0,33.637499999999996,7.150000000000001,11.419679532043089,128.0,0.4354260185542413,-0.0067254551692985005,-0.0018445216615074868,-0.0013127807202138494,-4.7732696897374704e-05,-0.013365155131264923,-0.02258836402598987,14.469262208629972,14.0,216000.0,143.0,2871.6757373809814,75.21740605608758,0.6112951040267944,-16.016475677490234,-44.16587448120117,-0.5196106433868408,-43.646263122558594,0.008263894356787205,0.008263894356787205,1.0134038255826558e-27,16.109996795654297,0.8694494366645813,0.871652364730835,-0.0022029909305274487,0.0022029909305274487,,0.2022104561328888,,0.3640567660331726,0.8673849393924077,0.8572986080168065,0.019053848599963244,-16.186109733581542,1.2328972399402942,-0.02477841743240077,-44.17091992696126,0.4391015914761354,0.02583898813759075,-0.012854148199160894,0.23781265920651476,-0.004632619681360987,-44.15806566874186,0.3878275742592104,0.030471615902707454,0.008325648431976636,7.33695888674504e-05,7.564850458178455e-07,0.008325648431976636,7.33695888674504e-05,7.564850458178455e-07,1.265449847280259e-27,1.6103059033762247e-28,-1.8576225178854098e-29,16.37112989425659,1.2046043570625782,0.026269773752723793,0.9644184688727061,0.0494629437630259,-0.0003034493947055895,0.9773218731085459,0.04964455662049275,-0.0009653111453581701,-0.012903391678507129,0.0073442443899779525,0.0006618616202259829,0.012903391678507129,0.0073442443899779525,-0.0006618616202259829,0.18637287666400273,0.010808357474417345,8.10210146548597e-05,0.36862142582734425,0.014190415508878082,-0.00017672146652909974
68.42271312914397,1.0,1500.0,0.0,38.0,1957.0,0.2917408340736397,570.0,1387.0,10.0480925669651,1.7996048886105833,10757.552369855246,153.4,0.0346400505826032,33.80458015267173,5.311450381679391,11.389763714331576,131.0,33.53763440860213,6.974193548387098,11.479522806384695,93.0,33.80458015267173,5.311450381679391,11.389763714331576,131.0,0.42272512077517893,-0.00729433446369857,-0.0033540015887937183,-0.0009696093877265684,-0.000308271964377462,-0.0323343038191472,-0.02070309380682868,13.449833559196753,38.0,217500.0,144.0,2890.724928855896,75.2406421755539,0.7973865866661072,-16.308189392089844,-43.833980560302734,0.17124536633491516,-44.005226135253906,0.008038394153118134,0.008038394153118134,6.48532690203351e-28,16.358638763427734,1.0125700235366821,1.0155004262924194,-0.0029303859919309616,0.0029303859919309616,,0.19482266902923584,,0.3546791970729828,3.353486379981041,7.7568850085210865,0.14847117970729692,-16.574136161804198,1.380529675966207,0.003498659568846376,-44.01719347635905,0.3862427334380422,0.006217872526277858,0.01861542301873366,0.33088181086457463,0.012573709037233647,-44.035808690389,0.18063806998587145,-0.006355868669450838,0.0079302410595119,0.000152930511655146,-1.1054213646720896e-05,0.0079302410595119,0.000152930511655146,-1.1054213646720896e-05,8.115273512800835e-28,1.0443891508979544e-28,-1.2046508163972195e-29,16.720340092976887,1.4161103402534156,-0.006546887407313791,0.9779564599196117,0.06908823136360526,0.0026670556312407977,0.983810943365097,0.06838090721704308,0.0026007015925227986,-0.0058544645473981895,0.002816781283095657,6.635383965946887e-05,0.0058544645473981895,0.002816781283095657,-6.635383965946887e-05,0.18874411284923553,0.010632487590020757,0.00018544075751596054,0.36244157552719114,0.01331160207184528,3.820469435117184e-05
68.97435258936,1.0,1500.0,0.0,54.0,2063.0,0.3911410682432141,806.0,1257.0,9.940723227318166,2.213910261333101,11594.97968385744,124.2,0.02632359798228138,34.18985507246375,3.802898550724639,11.235831275279995,138.0,34.066666666666656,5.58809523809524,11.208295833129919,84.0,34.18985507246375,3.802898550724639,11.235831275279995,138.0,0.42071556965415285,-0.007191208314219733,-0.003720736807188776,-0.0013756803550150113,-5.998080614203455e-05,-0.02658349328214983,-0.02178562702570504,13.40119763683658,54.0,219000.0,145.0,2910.4183576107025,75.2469140483938,0.9170397520065308,-14.74875545501709,-44.868167877197266,-0.5977447032928467,-44.270423889160156,0.00790401827543974,0.00790401827543974,4.149904288423202e-28,14.864856719970703,0.8543434143066406,0.8565024137496948,-0.0021590881515294313,0.0021590881515294313,,0.19601935148239136,,0.36647582054138184,1.1259896030028662,0.8470698549606066,-0.010758381485276051,-16.351767126719157,1.262621445783904,-0.01552413393048168,-44.21014569600423,0.32598418892014713,0.0012213455556645794,-0.08128434903919697,0.32723156758072014,0.009393915357492925,-44.12886136372884,0.08319437683605967,-0.008172553956706321,0.00783103504218161,0.00010650487343172802,-4.362265731687885e-06,0.00783103504218161,0.00010650487343172802,-4.362265731687885e-06,5.192509866293467e-28,6.675574410182436e-29,-7.699904551032874e-30,16.492353216807047,1.212928243064258,0.01168933927813899,0.9608746250470479,0.06759425831963647,0.0019737879612023975,0.9631934622923534,0.06741974978599193,0.0019375085432882073,-0.002318845437063525,0.0007656360436703237,3.627778237604761e-05,0.002318845437063525,0.0007656360436703237,-3.627778237604761e-05,0.19301670044660568,0.010230238620447842,0.0001502950975176161,0.3667655954758326,0.013760963899656573,4.13373129252874e-06
68.05692390514457,1.0,1500.0,0.0,92.0,1817.0,0.7539071657704034,1369.0,448.0,10.054885980363013,2.154508345235107,8884.168966946965,50.800000000000004,0.012324114507520622,33.78688524590164,2.3950819672131147,11.332626740499904,122.0,32.633333333333326,5.579999999999999,11.731881605533577,30.0,33.78688524590164,2.3950819672131147,11.332626740499904,122.0,0.4232129264018241,-0.00698304284003346,-0.003325520749322318,-0.0008104934909899032,-1.4157287463721951e-05,-0.03533658950945034,-0.021236155616103914,13.467283229789604,92.0,220500.0,146.0,2930.9092750549316,75.23262554616855,0.5813514590263367,-17.765445709228516,-44.263607025146484,0.35734885931015015,-44.62095642089844,0.00851168017834425,0.00851168017834425,2.6407092320736635e-28,17.879596710205078,1.052290916442871,1.054971694946289,-0.0026807861868292093,0.0026807861868292093,,0.1777188777923584,,0.35550275444984436,4.003372485438983,11.818474476194034,-0.21616461028379128,-16.97372973759969,1.0846690729341828,-0.004575589130133866,-44.403937403361006,0.3171260933702174,-0.010883523094507104,0.0422303040822347,0.29080391566237695,-0.0004526386138992434,-44.44616775512695,0.09281590351675689,-0.010430898019282646,0.008365569977710645,0.00016101754905004816,1.4309753954940834e-05,0.008365569977710645,0.00016101754905004816,1.4309753954940834e-05,3.3135647724094644e-28,4.314194518816319e-29,-4.975956574008587e-30,17.102823893229168,1.0649751267433627,-0.0004690855575751997,0.9864192644755045,0.0609573895240884,-8.161062658564523e-05,0.9887641270955404,0.060775208324203,-8.404700456395172e-05,-0.0023448510871579248,0.0003406335005583969,2.4346527006390475e-06,0.0023448510871579248,0.0003406335005583969,-2.4346527006390475e-06,0.19013615200916925,0.00883242856982592,-0.00034556373937244463,0.36342247227827706,0.012643461427054673,-0.0003671560788711668
66.80870130524707,1.0,1500.0,0.0,67.0,1828.0,0.5449704275228305,996.0,832.0,10.080618457863594,2.0387669572545777,9409.532375914676,77.2,0.01862395059345749,33.700813008130076,3.4845528455284547,11.46289952381141,123.0,32.80000000000002,5.700000000000001,11.697301870595922,56.0,33.700813008130076,3.4845528455284547,11.46289952381141,123.0,0.4205391601359957,-0.00715272590105816,-0.004688066222106162,-0.000678216857299004,-9.665571235260005e-06,-0.04229653972549817,-0.0218910593108896,13.716288959324105,67.0,222000.0,147.0,2950.919040441513,75.23079994996563,1.095421314239502,-17.360889434814453,-45.029239654541016,-0.14020761847496033,-44.88903045654297,0.007805060129612684,0.007805060129612684,1.6803561819964992e-28,17.428367614746094,0.9492039680480957,0.9511097073554993,-0.001905754441395402,0.001905754441395402,,0.19548456370830536,,0.3764730393886566,1.3591951827208202,2.505329479595916,0.03553716627190983,-16.955623785654705,1.2805413571524369,0.03197896637030777,-44.9057856241862,0.285823097137857,-0.0063096908891814175,-0.14762238326172034,0.2743985971176761,0.0019322815648507078,-44.75816307067871,0.07359511026127045,-0.008241978900981307,0.008183506705487767,0.00016883513585480692,-1.8270352173667256e-05,0.008183506705487767,0.00016883513585480692,-1.8270352173667256e-05,2.1085129620759014e-28,2.745241568395464e-29,-3.166339106271511e-30,17.094734064737956,1.2765988916844246,-0.031792299739511205,0.9469854672749837,0.05738483598071519,0.0004578162088277418,0.9492447336514791,0.05726611191479225,0.00042109094286649814,-0.002259273345892628,0.0004263301562303258,3.672600723803051e-05,0.002259273345892628,0.0004263301562303258,-3.672600723803051e-05,0.19312867174545925,0.010487328485259649,0.0003525596141019498,0.36343185901641845,0.011602029639833792,0.0005660949745220595
73.17595142788358,1.0,1500.0,0.0,36.0,1892.0,0.2849979426572711,539.0,1353.0,10.418106360976456,2.0738361126053775,11066.799537648903,151.8,0.03662420382165605,32.63622047244093,4.773228346456693,11.791149300473341,127.0,32.7912087912088,6.536263736263738,11.704459421989796,91.0,32.63622047244093,4.773228346456693,11.791149300473341,127.0,0.4543411085476054,-0.008014622937984842,-0.004904123294259671,-0.0009667418301342506,-3.8580246913580246e-05,-0.00879629629629629,-0.024914695269513305,14.610279431289362,36.0,223500.0,148.0,2969.6160259246826,75.26225547304766,2.695995569229126,-17.472902297973633,-44.92312240600586,0.26735919713974,-45.19048309326172,0.008236968889832497,0.008236968889832497,1.0747615943466512e-28,17.59604263305664,1.0339930057525635,1.0357087850570679,-0.0017157255206257105,0.0017157255206257105,,0.187724769115448,,0.38200098276138306,2.613055552045504,5.4226499536628525,-0.08879025422028375,-16.859023253122967,1.1573496979800248,-0.02063832373189386,-45.08230412801107,0.2907768486380076,-0.007658747756838266,-0.02821860002974669,0.2760022391712058,0.002551823248620564,-45.05408554077148,0.0902660404751135,-0.01021053836130762,0.008216063988705476,0.00013267030246173466,1.134002318106435e-05,0.008216063988705476,0.00013267030246173466,1.134002318106435e-05,1.3446344898450436e-28,1.7291467876289087e-29,-1.9944265185255184e-30,17.033164310455323,1.1563829519738456,0.016879746646053358,0.9722129901250204,0.05756243722426691,0.0005310512092938088,0.974162365992864,0.057442602648825135,0.0005273710368604914,-0.0019493832951411605,0.000288328463612199,3.682189539190965e-06,0.0019493832951411605,0.000288328463612199,-3.682189539190965e-06,0.19273055692513782,0.008318554538628361,0.00015190907394527927,0.36597582896550496,0.013350402670278162,0.00017987280188995204
67.30307697427683,1.0,1500.0,0.0,116.0,1957.0,0.8877083159329295,1737.0,220.0,9.710911893731577,1.4908095526680194,7941.224365105412,43.2,0.009429020429544265,34.974045801526735,1.8152671755725183,10.882479507592004,131.0,34.16,4.480000000000001,11.083371337209694,15.0,34.974045801526735,1.8152671755725183,10.882479507592004,131.0,0.411954433344038,-0.006339216903977951,-0.0029941595898847636,-0.000864660422735289,-2.1935837674801207e-05,-0.03742253907321061,-0.019190972945208034,13.050659424521681,116.0,225000.0,149.0,2991.3108446598053,75.21785988964605,0.8548129796981812,-17.825119018554688,-45.63637924194336,-0.11072444170713425,-45.52565383911133,0.007927755825221539,0.007927755825221539,6.878250555203776e-29,17.905166625976562,0.9550552368164062,0.9571099281311035,-0.0020546792075037956,0.0020546792075037956,,0.1937468945980072,,0.36595335602760315,1.1881826162338256,2.4083375423866284,0.0547992950949706,-16.856913375854493,1.233917132857447,-0.01636651689404211,-45.34106674194336,0.22402509304753512,0.0046218447743600335,0.04811388701200485,0.24963124726093125,0.013314206717542075,-45.38918037414551,0.07796250152280498,-0.008692347406676976,0.00813577805335323,8.522571528564732e-05,-6.879521979307227e-06,0.00813577805335323,8.522571528564732e-05,-6.879521979307227e-06,8.605164408417136e-29,1.1062404149157865e-29,-1.2759827027176084e-30,16.998178227742514,1.2608484000674367,0.012846728400207934,0.987670648097992,0.05194524142962012,0.0027963138130535727,0.9899575233459472,0.051861998611955014,0.002769156319148265,-0.002286872485031684,0.0003940888159944722,2.715808714432305e-05,0.002286872485031684,0.0003940888159944722,-2.715808714432305e-05,0.19099754442771275,0.010588857303113354,8.532816297617503e-05,0.3544718692700068,0.013488684236342006,2.0580847350847155e-05
67.2404047648112,1.0,1500.0,0.0,51.0,2018.0,0.37412735283806836,754.0,1264.0,10.074148321832721,1.9786771433409356,11484.655555277608,169.60000000000002,0.03696599825632084,33.73529411764705,5.097058823529413,11.40861606410474,136.0,33.43058823529412,7.329411764705879,11.456129555482018,85.0,33.73529411764705,5.097058823529413,11.40861606410474,136.0,0.4221717802299124,-0.008057416389830109,-0.0041951770229408936,-0.0014663503027234671,-3.822629969418961e-05,-0.0357798165137617,-0.023168303249546867,13.4636798313199,51.0,226500.0,150.0,3010.8565435409546,75.22776217482016,0.5173944234848022,-17.67293930053711,-45.99344253540039,-0.07617734372615814,-45.917266845703125,0.007612830959260464,0.007612830959260464,4.40193737910617e-29,17.877717971801758,0.9611293077468872,0.9643828272819519,-0.0032535302452743053,0.0032535302452743053,,0.20274057984352112,,0.3586106300354004,2.328368521730105,4.7019846862232,0.12809720435184954,-17.345034472147624,0.9824202105140657,0.015035756994806014,-45.794368489583334,0.284368998907362,-0.0003726590064255781,-0.07617161298791568,0.29711210583074615,0.012862752215549344,-45.71819699605306,0.11625743004273896,-0.013235423562257728,0.00761236174342533,8.792207286794523e-05,-2.9885989134185794e-06,0.00761236174342533,8.792207286794523e-05,-2.9885989134185794e-06,5.507126329377905e-29,7.079709139810033e-30,-8.166024485506586e-31,17.534411430358887,0.9924474730099734,-0.016363393849340307,0.9618168254693349,0.06094317059875213,0.002602984576389678,0.964341793457667,0.060961578475581826,0.002645735573582934,-0.002524970363204678,0.00047902563953422056,-4.2752605926108665e-05,0.002524970363204678,0.00047902563953422056,4.2752605926108665e-05,0.1936578243970871,0.008964352061457317,0.00025807848496484537,0.3542599687973658,0.013069904717612558,0.00038127627998623163
65.46622677853233,1.0,1500.0,0.0,38.0,2006.0,0.2845260992475534,570.0,1436.0,9.887306077786123,2.5121828154571118,11920.236711592126,160.60000000000002,0.03487362112394684,34.36716417910447,5.56417910447761,11.114660457011935,134.0,34.18958333333333,7.0979166666666655,11.112597365958882,96.0,34.36716417910447,5.56417910447761,11.114660457011935,134.0,0.415692209051244,-0.008198443093056808,-0.005313254210546044,-0.0020127459822746724,-3.3760972316002705e-05,-0.04334908845374772,-0.02264357837291974,13.37535094176097,38.0,228000.0,151.0,3029.9507822990417,75.24874705291417,0.6525273323059082,-18.865737915039062,-45.93402099609375,0.20766042172908783,-46.14168167114258,0.007706278935074806,0.007706278935074806,2.817148007621353e-29,18.93989372253418,1.0207849740982056,1.0226776599884033,-0.0018926591146737337,0.0018926591146737337,,0.20436973869800568,,0.35644781589508057,1.498487463593483,2.0422338955319583,-0.026802578021475006,-17.073948987325032,1.0571456534466834,-0.009451311342707769,-45.91921717325847,0.300815953437708,0.006261546778865306,0.12662311941385268,0.3173747993278971,0.015161604524586971,-46.04584032694499,0.08460233108921561,-0.008900050247072314,0.007374263710031906,0.00015084081447289962,4.6491912991872754e-07,0.007374263710031906,0.00015084081447289962,4.6491912991872754e-07,3.524446401612443e-29,4.530867062281521e-30,-5.226086393478994e-31,17.215484841664633,1.0780618416812118,0.012567030680722766,1.0031013190746307,0.06490999399620365,0.0031315179900146817,1.005842516819636,0.06475438009504171,0.0031078476396630447,-0.0027411806862801314,0.0005722050611706182,2.366954147882007e-05,0.0027411806862801314,0.0005722050611706182,-2.366954147882007e-05,0.19371910492579142,0.0093184381368028,-9.103266893164774e-06,0.354853355884552,0.019554361824388154,-0.0005380978573681488
68.7040738144966,1.0,1500.0,0.0,73.0,2010.0,0.5396436243686454,1084.0,926.0,10.012692092470658,1.901195297870786,10060.066300017725,78.2,0.017087667161961365,33.89925925925926,2.924444444444444,11.279965621676148,135.0,33.10967741935484,5.164516129032257,11.506537099245726,62.0,33.89925925925926,2.924444444444444,11.279965621676148,135.0,0.418362283119544,-0.006533170277892254,-0.004012829605533337,-0.0007715848694898114,-8.841732979664015e-06,-0.026383731211317603,-0.020520366841303355,12.908317682790347,73.0,229500.0,152.0,3050.228387594223,75.24026755944374,0.26076459884643555,-18.633718490600586,-46.548797607421875,0.1443522721529007,-46.69314956665039,0.007575760129839182,0.007575760129839182,1.7994947500240905e-29,18.579856872558594,1.0040912628173828,1.0095627307891846,-0.005471397656947374,0.005471397656947374,,0.18406033515930176,,0.34753966331481934,1.7541303167740503,2.9008681079232925,-0.03559289597165472,-16.85759973526001,1.1970992176349207,0.008381873269765553,-46.465030415852866,0.39112613969267707,-0.028015956517982683,-0.02151499465107918,0.2699311895427602,-0.0023735327105368327,-46.44351552327474,0.23994474222570372,-0.025642435754896022,0.007476558241372307,0.00010948708273159407,6.425172790835066e-06,0.007476558241372307,0.00010948708273159407,6.425172790835066e-06,2.2551312963907634e-29,2.9058466715192907e-30,-3.3521211895149338e-31,16.993890253702798,1.1690024614378622,-0.009699028617681025,0.9715555151303609,0.05565968525230159,-0.0007158647522380203,0.9755636175473531,0.055080810628213656,-0.00048652042668973503,-0.004008102502363424,0.002415476010619815,-0.00022934366673338862,0.004008102502363424,0.002415476010619815,0.00022934366673338862,0.19398262053728105,0.00866797453919679,-1.1470237616310034e-05,0.35098058382670083,0.009766078219147274,0.000325486339106572
69.56865945676478,1.0,1500.0,0.0,82.0,1891.0,0.6435229178309391,1216.0,675.0,10.173063536070636,2.1606276284378705,9559.912529731733,60.6,0.014180746010202649,33.38593750000001,2.3890625,11.511925940248195,128.0,32.1304347826087,4.760869565217392,11.908925601217453,46.0,33.38593750000001,2.3890625,11.511925940248195,128.0,0.4254634181350112,-0.006662021352573919,-0.0034872279534625406,-0.000462139271922883,-3.9910600255427844e-05,-0.027713920817369314,-0.021378722680295534,13.693859422164174,82.0,231000.0,153.0,3070.484697818756,75.23242182711422,0.28079792857170105,-17.330141067504883,-47.08030700683594,-0.18053467571735382,-46.89977264404297,0.0076929740607738495,0.0076929740607738495,1.1516391505853442e-29,17.389781951904297,0.9390642642974854,0.9429112672805786,-0.003846981795504689,0.003846981795504689,,0.18422000110149384,,0.3450852632522583,1.5437332888444264,3.5369658463188793,-0.012347500926262857,-17.2913166364034,0.9285530130213678,-0.013808874611859307,-46.679762776692705,0.3424794206863679,-0.004028031770325539,0.0635177582502365,0.3235114023362057,0.005806407915869609,-46.74328066507975,0.10266458037743266,-0.009834402421689443,0.007620379111419121,6.103929652863098e-05,2.4044154847952852e-06,0.007620379111419121,6.103929652863098e-05,2.4044154847952852e-06,1.440779780498912e-29,1.8522005132261603e-30,-2.1364034122148934e-31,17.447799905141196,0.928161029338034,0.014249667336333387,0.9892321467399597,0.06655032663891061,0.0011971090473773104,0.9930091202259064,0.0662847232708634,0.0011874766052763586,-0.003776976326480508,0.0008680358289277157,9.630687195016326e-06,0.003776976326480508,0.0008680358289277157,-9.630687195016326e-06,0.19392650723457336,0.01048522742448713,-0.00012522601047002945,0.35375527540842694,0.014347882679188384,-0.0006206409949747224
70.60372638702393,1.0,1500.0,0.0,98.0,1834.0,0.7975283223149867,1462.0,372.0,10.028661126972663,1.7385534105480003,8082.295479337755,35.0,0.008407398510689407,33.84552845528455,1.6357723577235772,11.312678422489315,123.0,33.152,4.736,11.50032047122991,25.0,33.84552845528455,1.6357723577235772,11.312678422489315,123.0,0.42614242068814023,-0.006233595435142591,-0.0030948818067141697,-0.0005471294010780929,-2.0065547455019734e-05,-0.022152364390341954,-0.021040331408826007,13.69014346227622,98.0,232500.0,154.0,3091.2487268447876,75.21232373860477,1.1696312427520752,-17.148143768310547,-47.1817741394043,-0.04619917273521423,-47.13557434082031,0.00790313258767128,0.00790313258767128,7.37025102620937e-30,17.278696060180664,0.9677765369415283,0.970455527305603,-0.002679038792848587,0.002679038792848587,,0.20139509439468384,,0.37439191341400146,1.2881819064418474,1.6745901064693562,0.054740765604612156,-17.415388202667238,1.2261099036326628,-0.014737038405506157,-46.998361078898114,0.3250992308187567,-0.007282180701266994,0.014732941736777623,0.30867742065679554,0.0014552733872305417,-47.01309407552083,0.08653931476284288,-0.008737457580905706,0.00778334786494573,9.953440182290043e-05,-1.6445563370580656e-06,0.00778334786494573,9.953440182290043e-05,-1.6445563370580656e-06,9.220691187315236e-30,1.1853697125741015e-30,-1.3672536448130527e-31,17.58566099802653,1.2263596838813247,0.015540710466191529,0.9798964937527974,0.06371797054394722,0.00032615820743615067,0.9830112318197887,0.06358896179423963,0.00030033327183281343,-0.0031147577955077093,0.0006681170808977516,2.582479202011412e-05,0.0031147577955077093,0.0006681170808977516,-2.582479202011412e-05,0.19275391002496084,0.0067942706573069726,-1.71374757510061e-05,0.35686540603637695,0.010604941449941912,-6.337108813616406e-05
69.1904706954956,1.0,1500.0,0.0,8.0,2093.0,0.054015158363240445,113.0,1980.0,9.862865916083656,2.2421370652304566,13233.40419923816,265.6,0.054672704816797035,34.45390070921985,7.795744680851059,11.157728645112662,141.0,34.500751879699244,8.21353383458646,11.121052803864472,133.0,34.45390070921985,7.795744680851059,11.157728645112662,141.0,0.4312289625483422,-0.007005882359840966,-0.0038895668720503288,-0.0003480616857237914,0.0,-0.022516556291390738,-0.023171519188647162,12.671565431890116,8.0,234000.0,155.0,3109.2232842445374,75.25995356645996,0.5182628631591797,-17.333656311035156,-47.13636016845703,0.35898563265800476,-47.49534606933594,0.007847764529287815,0.007847764529287815,4.716807440019124e-30,17.51188850402832,1.0506895780563354,1.0540521144866943,-0.00336254620924592,0.00336254620924592,,0.20959046483039856,,0.36409005522727966,2.132052684823672,5.888616106944273,-0.03820013704899297,-17.457488187154134,1.1837541377554635,0.014190669160531272,-47.421573384602866,0.35521176782936614,-0.0006702987450239949,-0.02086944170296192,0.35049151296064496,0.009613549693573574,-47.40070393880208,0.09827617737182519,-0.010283856927617893,0.007764706667512655,8.870327301174324e-05,3.7493265013273466e-06,0.007764706667512655,8.870327301174324e-05,3.7493265013273466e-06,5.90105067869477e-30,7.586120380615392e-31,-8.750139850642504e-32,17.610767873128257,1.1601709025986926,-0.01450818903056411,0.9714492917060852,0.07232376813929935,0.00198412010481412,0.9756600379943847,0.07213592190652415,0.0019813307930815673,-0.004210733560224374,0.0006190933900549809,2.789065071917266e-06,0.004210733560224374,0.0006190933900549809,-2.789065071917266e-06,0.19534768809874853,0.008973908987133768,0.00021541541291025178,0.35425449907779694,0.00985765171258392,0.0005041107651389023
69.95038404464722,1.0,1500.0,0.0,100.0,1811.0,0.8257837302420714,1495.0,316.0,9.7436585851606,1.6758930186868337,7998.8416922346605,30.8,0.007244331545771004,34.84918032786886,1.3409836065573775,11.051671503916916,122.0,32.98181818181818,4.336363636363638,11.541251517837994,22.0,34.84918032786886,1.3409836065573775,11.051671503916916,122.0,0.40733908926692786,-0.006097974204075868,-0.0037779952581373367,-0.00034048841724441557,-0.0024496221662468694,-0.017178841309823785,-0.02021845881132126,13.215001830110996,100.0,235500.0,156.0,3130.2697644233704,75.23313251673747,0.268277108669281,-18.139604568481445,-53.385807037353516,0.13358765840530396,-53.51939392089844,0.008237813599407673,0.008237813599407673,2.966286455373455e-30,18.274208068847656,0.920669436454773,1.007835865020752,-0.08716653287410736,0.08716653287410736,,0.19745628535747528,,0.359855055809021,0.9795841569701831,1.156218604570378,0.004930278095307938,-17.974428749084474,0.9248472674094024,-0.012340061497502287,-50.24724426269531,3.0710841288692943,-0.25287885315823905,0.016068631162246067,0.36656272912816823,0.017771989493335583,-50.263312403361006,3.2992122659640324,-0.2706508538879451,0.007731273599589864,0.00025540231975041544,1.53977408367016e-05,0.007731273599589864,0.00025540231975041544,1.53977408367016e-05,3.7598578078263855e-30,5.034954090562207e-31,-5.812048350562115e-32,18.07868506113688,0.9336827706271161,0.012692450416233469,0.9416864911715189,0.05661974415915977,-0.00016493497621497799,0.9833844900131226,0.0751603777957804,0.0036591799558866444,-0.041697998096545535,0.047633296360648454,-0.0038241149703283133,0.041697998096545535,0.047633296360648454,0.0038241149703283133,0.19471390595038732,0.00908463606624574,-0.0002568321014538003,0.352498992284139,0.012320590090080701,-0.0004197224493949712
66.76328281520568,1.0,1500.0,0.0,97.0,1926.0,0.7509359440426363,1446.0,480.0,9.605099093024014,1.7539890346699938,8902.376434964759,49.6,0.010871947744509228,35.36589147286823,1.7550387596899226,10.807053038192468,129.0,32.3625,3.693749999999999,11.858388920512411,32.0,35.36589147286823,1.7550387596899226,10.807053038192468,129.0,0.3920853508552816,-0.0058822782795647085,-0.004393778824352108,-0.0005260171275130764,-0.0021335341365461983,-0.02715863453815286,-0.01933167590806153,12.111111141018734,97.0,237000.0,157.0,3151.3064863681793,75.20690260538193,2.8311336040496826,-18.443986892700195,-49.83771896362305,0.08348096162080765,-49.921199798583984,0.007785790599882603,0.007785790599882603,1.8806017537449517e-30,18.586288452148438,0.9678376913070679,0.9971928596496582,-0.029355129227042198,0.029355129227042198,,0.20646856725215912,,0.37198179960250854,2.8892441098888715,5.239685230807942,-0.1505193908070034,-18.121543979644777,1.135598222450962,-0.03284456106658981,-51.763528951009114,0.9809770697376178,-0.03967543656091329,0.016789059713482858,0.2887260821456857,0.003557575326640827,-51.780318069458005,0.9240471667588306,-0.0432329807981615,0.007882996633027991,0.00014574748571067573,-1.5067011718788607e-05,0.007882996633027991,0.00014574748571067573,-1.5067011718788607e-05,2.362891864019156e-30,3.1067597153901846e-31,-3.5830481732711116e-32,18.266608460744223,1.116631358333246,0.029677477614897897,0.9245127300421397,0.061724438532411045,0.0002679630567022089,0.9834575831890107,0.059561340128274,0.0007336944706315143,-0.058944837066034476,0.013010787219120322,-0.00046573127842652233,0.058944837066034476,0.013010787219120322,0.00046573127842652233,0.19494280517101287,0.01109134573711722,-0.0002722136038163935,0.3555467049280802,0.017813466709397645,-0.0005931761293973537
72.04835008065912,1.0,1500.0,0.0,79.0,2064.0,0.5687619739426768,1173.0,891.0,10.029680979088564,1.6152403002816123,10027.726145277784,40.0,0.008495094083166971,33.87482014388489,1.8647482014388483,11.360618570481076,139.0,33.04,3.986666666666666,11.547120046122027,60.0,33.87482014388489,1.8647482014388483,11.360618570481076,139.0,0.4196854919773504,-0.006045161479278588,-0.0037657348348815404,-0.0005141725942183044,-0.0033797054009820225,-0.006546644844517172,-0.021028535961191672,13.515240519008966,79.0,238500.0,158.0,3171.8872125148773,75.19182871918758,0.27584201097488403,-18.18798065185547,-49.98336410522461,-0.123538076877594,-49.859825134277344,0.007363969460129738,0.007363969460129738,1.205871381796689e-30,18.20233726501465,0.9310848116874695,0.9548442363739014,-0.023759406059980392,0.023759406059980392,,0.18097874522209167,,0.35703369975090027,1.4142493853966396,2.7084819325916847,-0.11064504355159042,-17.884345881144206,1.2125227057309438,0.01656321779108998,-50.98305447896322,1.2211848307949642,0.06120233503942293,-0.1042479200909535,0.27123364607369,0.00782235629185289,-50.87880668640137,1.1219839603781134,0.053380024605520056,0.00743761098322769,0.00018106693115773652,-1.4377225944575508e-05,0.00743761098322769,0.00018106693115773652,-1.4377225944575508e-05,1.5059789326444833e-30,1.9322677582304795e-31,-2.2282228938771876e-32,18.03617089589437,1.1677698453089094,-0.01570335999214126,0.917846800883611,0.06215723029696102,0.0025390105067158394,0.9587141990661621,0.05536653230121765,0.001602503269479842,-0.04086738949020704,0.01695658130599443,0.0009365080229034689,0.04086738949020704,0.01695658130599443,-0.0009365080229034689,0.19557927747567494,0.009455885799901692,2.8593176861881205e-05,0.35651934941609703,0.014254587726634233,-0.00015713599685567446
71.74099817410321,1.0,1500.0,0.0,71.0,1818.0,0.5809393260758289,1056.0,762.0,10.028582934144495,1.8770533572977193,9133.176749934426,52.6,0.012731145319004744,33.86557377049179,2.4901639344262296,11.451311483179513,122.0,32.88235294117648,5.411764705882354,11.803073809087856,51.0,33.86557377049179,2.4901639344262296,11.451311483179513,122.0,0.4164519868501973,-0.005724529644189301,-0.0032694057214143657,-0.0006569565948303296,-0.0023520897412701376,-0.010059706893432217,-0.02066710750169114,13.556138266508023,71.0,240000.0,159.0,3191.780817270279,75.19313315669848,1.6331435441970825,-19.282119750976562,-50.873531341552734,-0.3256944417953491,-50.54783630371094,0.008263327181339264,0.008263327181339264,7.721861887161794e-31,19.40302085876465,0.8830597400665283,0.9120892882347107,-0.02902953326702118,0.02902953326702118,,0.2073955237865448,,0.3635680377483368,0.7800742348035177,0.7105444266047466,0.0018330378977952568,-18.056537946065266,1.0585585521044567,-0.004149095155505484,-50.42227109273275,0.9101825079859982,0.0002821407806104052,0.01189688742160797,0.2872723082455149,-0.009034967449005782,-50.4341682434082,0.8173288749108855,0.009317106558829844,0.0077882938552647826,0.00023989292728164872,2.6571762968720656e-05,0.0077882938552647826,0.00023989292728164872,2.6571762968720656e-05,9.658153735885238e-31,1.241837415646656e-31,-1.4322648994881815e-32,18.183925692240397,1.0339454447497753,0.005385964280107913,0.9526839176813762,0.06189806050132942,-0.0015706507064344442,0.9823462684949239,0.05914858870592568,-0.001861740033804274,-0.029662355221807955,0.0120392003913784,0.0002910886498559706,0.029662355221807955,0.0120392003913784,-0.0002910886498559706,0.1965670997897784,0.007855480622987621,0.00017585788539571992,0.3503829767306646,0.011863445189395675,-1.9203973426448706e-05
66.92544730828733,1.0,1500.0,0.0,98.0,2097.0,0.7009470707601658,1469.0,628.0,9.629280927058959,2.065058172491605,10100.608458635155,40.400000000000006,0.008178468763917568,35.28428571428572,2.197142857142857,10.875651988107885,140.0,35.352380952380976,4.85238095238095,10.768566514748166,42.0,35.28428571428572,2.197142857142857,10.875651988107885,140.0,0.408650131440145,-0.006516958668667625,-0.003983888360420166,-0.0005707257319894623,-0.00799767996391037,-0.026757749564993473,-0.02058981664206963,12.737342558147208,98.0,241500.0,160.0,3212.9945430755615,75.16352634973042,0.42331740260124207,-16.66231346130371,-50.87748718261719,0.19737952947616577,-51.074867248535156,0.007800539955496788,0.007800539955496788,4.906366718637245e-31,16.746177673339844,0.988822340965271,1.0206661224365234,-0.03184374421834946,0.03184374421834946,,0.19446149468421936,,0.3452758491039276,1.012501514951388,1.8861324537316029,-0.020066812114004885,-18.497468439737954,1.063054457870208,0.05569371360295103,-51.62091890970866,1.3324483404603855,-0.06692304176271063,0.06126911317308744,0.3012064390556094,-0.007912799263491121,-51.68218803405762,1.2125947607482925,-0.05901028693584103,0.007936912542209029,0.00013854530431070498,-1.385416245052772e-05,0.007936912542209029,0.00013854530431070498,-1.385416245052772e-05,6.164171769991681e-31,8.095054958426684e-32,-9.337688651771401e-33,18.640457916259766,1.0692087063233788,-0.05826610357265482,0.9497865041097006,0.0690393555981933,-0.0023278666019970226,0.9926585654417673,0.062289861911483835,-0.0016399305177079934,-0.042872060214479764,0.01689417399747749,-0.0006879357295784187,0.042872060214479764,0.01689417399747749,0.0006879357295784187,0.19256479740142823,0.009183265995418263,-0.0002672363574035502,0.35169387559096016,0.014738478227547012,-0.0003560324067931648
72.15718718136058,1.0,1500.0,0.0,34.0,1960.0,0.2600274518139068,509.0,1451.0,10.01635142553823,2.076886899204863,11484.58088098118,124.60000000000001,0.02804537678941208,33.91450381679389,4.842748091603051,11.343880388166212,131.0,34.037113402061834,6.428865979381443,11.258016624467047,97.0,33.91450381679389,4.842748091603051,11.343880388166212,131.0,0.4326243427390997,-0.007006500237681693,-0.004024253807145649,-0.001468105639836209,-0.0008603832616347283,-0.008447399296050054,-0.023162438554309384,13.849274518471802,34.0,243000.0,161.0,3231.8157057762146,75.1899310241258,0.3256681263446808,-17.194255828857422,-53.271610260009766,-0.2223310023546219,-53.049278259277344,0.00798424519598484,0.00798424519598484,3.135902720013492e-31,17.282730102539062,0.8786765933036804,0.9339671730995178,-0.055290598422288895,0.055290598422288895,,0.1658683717250824,,0.31735190749168396,1.5594560101628303,2.579005414431269,0.024727210137284506,-18.45376688639323,1.0623022089062848,0.02866002932539016,-51.412834040323894,0.8713254172188872,-0.04788981385702841,-0.043285168955723444,0.2893576483363997,-0.0036520819195253076,-51.36954867045085,0.7743606366666697,-0.04423769822507798,0.007972480248038967,0.00010884626566904638,1.0649325249424343e-05,0.007972480248038967,0.00010884626566904638,1.0649325249424343e-05,3.92878937992091e-31,5.055687506721765e-32,-5.832270897410648e-33,18.596918042500814,1.0837358938624277,-0.029080340647458815,0.9374114553133647,0.06251670043590313,-0.001229195547050874,0.9710469782352448,0.059935154287349454,-0.0007542986891028617,-0.03363553043454885,0.010445395517663188,-0.0004748966810070753,0.03363553043454885,0.010445395517663188,0.0004748966810070753,0.19374194393555325,0.010394603387164445,-0.0003127585760876151,0.3465877930323283,0.015132239209281698,-0.0002913563880029417
70.0801025390625,1.0,1500.0,0.0,10.0,1934.0,0.07456042155134326,144.0,1790.0,10.310594769550214,2.591991188479946,12565.721106722787,240.8,0.05620127899920646,32.95846153846152,7.118461538461537,11.708659403197759,130.0,32.81333333333331,7.643333333333333,11.73937185635944,120.0,32.95846153846152,7.118461538461537,11.708659403197759,130.0,0.41649661370759394,-0.007387902027842021,-0.0019300802714828297,-0.0008461331377606712,-0.005202312138728316,-0.02106615285806038,-0.022671811898313313,14.434134249066261,10.0,244500.0,162.0,3249.7254643440247,75.23712469950249,0.24307891726493835,-20.039108276367188,-52.180213928222656,-0.1860065460205078,-51.99420928955078,0.008289757184684277,0.008289757184684277,1.9973047858748143e-31,20.029773712158203,0.9056447148323059,0.9411895275115967,-0.03554476052522659,0.03554476052522659,,0.17634393274784088,,0.36637264490127563,1.4591874867677688,2.5679092126467102,-0.011170163064432626,-18.79568386077881,1.5268746193778011,-0.02016586753497253,-51.99882990519206,1.1648027842195472,-0.013553302837026103,0.02741495370864868,0.35642739556256053,-0.002767992032913528,-52.026244990030925,1.1183462944207971,-0.010785327100911566,0.008214871771633625,0.0001782127390007162,1.7303566513655394e-05,0.008214871771633625,0.0001782127390007162,1.7303566513655394e-05,2.5051166527181775e-31,3.232015394127985e-32,-3.727926810671026e-33,18.879005241394044,1.5188160447169905,0.01972099745498958,0.9474049746990204,0.07534638239812094,-0.0005736039000438189,0.985681809981664,0.07418325803861266,-0.0005785168874781117,-0.0382768439128995,0.015803835932711088,4.9153257894848735e-06,0.0382768439128995,0.015803835932711088,-4.9153257894848735e-06,0.1953177735209465,0.012700020260283279,-0.00024043890141008987,0.3484806418418884,0.013079885371065024,-1.729457609115819e-05
67.87766435194989,1.0,1500.0,0.0,49.0,1968.0,0.3699598136138968,728.0,1240.0,9.781124797642542,2.2993548448782763,11410.166207001876,101.0,0.0220302752693801,34.7318181818182,4.577272727272728,11.113003049745432,132.0,34.404819277108444,6.669879518072291,11.23385964763564,83.0,34.7318181818182,4.577272727272728,11.113003049745432,132.0,0.4093582359546167,-0.007380309391996134,-0.0034709295720809397,-0.0010152407228911785,-0.0029696578437701814,-0.026132989025177626,-0.02079295531701611,12.936190328092394,49.0,246000.0,163.0,3269.3811461925507,75.24359779418383,0.5198976993560791,-19.906246185302734,-51.492916107177734,-0.3530881106853485,-51.139827728271484,0.008417881093919277,0.008417881093919277,1.2779605476913752e-31,19.938983917236328,0.8871746063232422,0.9060912132263184,-0.018916647881269455,0.018916647881269455,,0.1915767639875412,,0.340984046459198,0.507954266667366,0.24787229579817308,-0.0011261272947568257,-18.381603240966797,1.214730571130174,-0.059911616307344165,-51.448049799601236,0.7327043790523656,0.014090229751538364,-0.0884969166169564,0.2411560002185302,-0.001165199691680439,-51.35955289204915,0.6469994295585089,0.015255424151564279,0.008319416145483653,4.65566258829273e-05,1.249742902425694e-06,0.008319416145483653,4.65566258829273e-05,1.249742902425694e-06,1.5985468409329897e-31,2.0533031384477794e-32,-2.3683350049815726e-33,18.537878004709878,1.2083777243210088,0.05939877905755432,0.9373150984446208,0.05287538879859638,0.00012307222746104233,0.9615209837754567,0.050348873837433465,-0.0002442663980936263,-0.02420589088772734,0.0094828058260369,0.0003673392195706246,0.02420589088772734,0.0094828058260369,-0.0003673392195706246,0.19541543126106262,0.010381432427726796,-0.00014433670494793058,0.34594552715619403,0.015642614106161325,-0.00025132702242944255
70.71483136494955,1.0,1500.0,0.0,75.0,1975.0,0.569653322802561,1125.0,850.0,10.024123873290618,2.049055819870374,9907.892045555582,41.2,0.00921741464942503,33.862121212121224,2.037878787878788,11.386993965019396,132.0,32.940350877193005,3.9508771929824564,11.674381989739764,57.0,33.862121212121224,2.037878787878788,11.386993965019396,132.0,0.4189626894976064,-0.0063985556627256775,-0.0039007019619188297,-0.0006449309677900038,-0.002324980625161467,-0.015086540945492149,-0.020351953579354827,13.384542700789382,75.0,247500.0,164.0,3289.685717821121,75.23515047629786,0.8373712301254272,-18.05913543701172,-52.99543380737305,-0.36063259840011597,-52.63479995727539,0.008809458464384079,0.008809458464384079,8.134622504971396e-32,18.16257095336914,0.8685245513916016,0.9037883281707764,-0.03526371717453003,0.03526371717453003,,0.18796348571777344,,0.3337627351284027,1.0209027588367463,1.3524922349226145,-0.033241781363630485,-18.785631052652995,0.7560084392661551,0.02557974487576332,-52.134125010172525,0.8440211791012988,-0.04340957964089755,0.04372755823036035,0.28182691720075587,-0.007217473641153971,-52.17785275777181,0.7497537911566295,-0.036192090094950856,0.008631867884347836,0.00011373897096581714,1.084715339279544e-05,0.008631867884347836,0.00011373897096581714,1.084715339279544e-05,1.0211875619973084e-31,1.3294684354415216e-32,-1.5335352788989979e-33,18.912940724690756,0.7366883704588911,-0.026925167809339547,0.9580038030942281,0.06155410186122132,-0.0018725915533284667,0.9891146739323934,0.05928598583001931,-0.0015193209897424417,-0.031110870403548083,0.010027039978712623,-0.0003532698421476939,0.031110870403548083,0.010027039978712623,0.0003532698421476939,0.19765728662411372,0.008051794988050144,-3.364177978079143e-05,0.3451256146033605,0.01165218740169496,-0.00025319545897546896
66.94173385357034,1.0,1500.0,0.0,29.0,2078.0,0.20245905014404608,420.0,1658.0,10.045031686919769,2.117335165347424,12742.158513538154,175.60000000000002,0.037074571404442196,33.83142857142857,5.864285714285712,11.322681287274301,140.0,33.35675675675676,7.09189189189189,11.448183211190655,111.0,33.83142857142857,5.864285714285712,11.322681287274301,140.0,0.40375307634334856,-0.0071680935253142135,-0.0027677041407623802,-0.0016162038076443154,-0.00034497628288055203,-0.029150495903406588,-0.019817792852862077,12.103332478891208,29.0,249000.0,165.0,3308.7898902893066,75.25409840339802,0.40895798802375793,-17.761947631835938,-52.43811798095703,-0.3901694416999817,-52.04794692993164,0.008826188743114471,0.008826188743114471,5.186207607431006e-32,17.890995025634766,0.8749934434890747,0.8975160717964172,-0.022522665560245514,0.022522665560245514,,0.20978577435016632,,0.37199926376342773,1.9326234738032022,6.638241420148753,0.174598785502229,-18.458891042073567,1.079736139366422,0.0497634013582263,-52.47314058939616,0.7473431910187661,-0.023223738622611036,0.01008303537964821,0.26997931105423834,0.002098394416529556,-52.48322359720866,0.7082321364779148,-0.025322142909710143,0.008669307144979635,7.516470860721235e-05,-2.3426867201013824e-06,0.008669307144979635,7.516470860721235e-05,-2.3426867201013824e-06,6.505214928893584e-32,8.408805894393526e-33,-9.700708551577052e-34,18.59861920674642,1.0626699920577405,-0.04771979207854716,0.9513449529806773,0.05733943386913852,0.00024072151958477278,0.9821207563082377,0.05687070371980215,0.0004404937067339245,-0.03077581546579798,0.009537046097067398,-0.00019977387596124726,0.03077581546579798,0.009537046097067398,0.00019977387596124726,0.20098369320233664,0.010653884003610945,0.00012967536128535105,0.345640696088473,0.012706801449724317,-2.8367866000565357e-05
70.64835253427195,1.0,1500.0,0.0,86.0,2030.0,0.6345515766864419,1288.0,742.0,9.902224206888079,1.8870217144793309,10024.360801558323,39.2,0.008401920438957476,34.30588235294116,1.4632352941176487,11.192399612184179,136.0,33.11600000000001,3.0200000000000014,11.618498468067703,50.0,34.30588235294116,1.4632352941176487,11.192399612184179,136.0,0.41256644031600126,-0.006260409236389071,-0.0034039852886988435,-0.0005350433858495518,-0.0018816208608045109,-0.014223275798207317,-0.019962389480412967,13.15207583780395,86.0,250500.0,166.0,3329.621524810791,75.23377601129452,0.45477622747421265,-17.976642608642578,-51.615074157714844,0.037119269371032715,-51.65219497680664,0.008541303686797619,0.008541303686797619,3.2972836945755944e-32,18.234424591064453,0.9752446413040161,0.9877936244010925,-0.012548942118883133,0.012548942118883133,,0.18033698201179504,,0.3435962498188019,1.1741364439328512,3.299363316606741,0.046994776667424104,-18.83959420522054,1.0908280848285068,0.008686607539057346,-53.654395294189456,0.8467478953756394,-0.026340796074956423,-0.048883187522490816,0.2627959475926988,-0.0036823262677044143,-53.605512364705405,0.7960748772765586,-0.022658492991072213,0.008695729107906421,0.00016300154935629615,-7.629071520817703e-06,0.008695729107906421,0.00016300154935629615,-7.629071520817703e-06,4.139179713438545e-32,5.4053985993529604e-33,-6.234500344884155e-34,18.966025988260906,1.0805224951845236,-0.011545223707086964,0.927940700451533,0.056683498573550005,-0.0009343463799049211,0.9696729282538096,0.055440080680111796,-0.0007756221678949242,-0.041732232893506686,0.010758810795382177,-0.00015872299124189393,0.041732232893506686,0.010758810795382177,0.00015872299124189393,0.19493252287308374,0.009413359806024202,-0.00026316163736138175,0.3411299268404643,0.012408825934522536,-0.00019982301353480705
70.33464084972034,1.0,1500.0,0.0,11.0,1916.0,0.08493802256407378,162.0,1754.0,10.012334371021367,2.07300486515995,11979.719290215757,226.4,0.0520962768650191,33.95156250000001,7.5609375,11.361206849359844,128.0,33.84273504273504,8.193162393162392,11.368341241663046,117.0,33.95156250000001,7.5609375,11.361206849359844,128.0,0.4094382600125903,-0.00615060454676425,-0.002480121009049139,-0.001282463590646371,-0.0018401380103507772,-0.021161587119033928,-0.01960624254964687,13.909292399613815,11.0,252000.0,167.0,3347.650622844696,75.27667262537115,0.22366660833358765,-17.653568267822266,-51.964012145996094,0.3576687276363373,-52.32168197631836,0.008545425720512867,0.008545425720512867,2.110692089334369e-32,17.803653717041016,1.037732720375061,1.055102825164795,-0.017370104789733887,0.017370104789733887,,0.18978795409202576,,0.33313536643981934,1.4464549645781517,2.7481753671278106,0.08177513501071293,-18.885390981038412,0.9560236272989013,-0.02904818219788434,-52.862038675944014,0.9638497630347338,0.07067388719128141,-0.007295972853899002,0.3466329527330713,0.004973689422790419,-52.85474281311035,0.8673261060298065,0.06570016099295616,0.008582063484936953,0.000179472454896955,-1.021825684621962e-05,0.008582063484936953,0.000179472454896955,-1.021825684621962e-05,2.638801626597246e-32,3.381653409508931e-33,-3.900267118795281e-34,19.01580238342285,0.9627091556934191,0.02914428626072103,0.9516329805056254,0.0750705349537521,0.002092993882659794,0.9784712076187134,0.07269407783985965,0.001040881149495653,-0.026838238816708326,0.012811689658211594,0.001052110714089951,0.026838238816708326,0.012811689658211594,-0.001052110714089951,0.19150571872790653,0.011573275807724312,-9.317267126714135e-05,0.3397065858046214,0.013378998920551255,-0.00037381142477306025
66.1380649173961,1.0,1500.0,0.0,102.0,2072.0,0.7360611560054066,1525.0,547.0,9.67023808670284,1.9233645486180884,10171.617607219265,47.6,0.009751700401540605,35.11654676258992,2.4935251798561158,10.955070899984785,139.0,33.71891891891891,5.221621621621622,11.452841727533778,37.0,35.11654676258992,2.4935251798561158,10.955070899984785,139.0,0.40361958872611076,-0.006607068281250189,-0.0031713442968929737,-0.00043121288887652007,-0.0015376133300661655,-0.03758882626807151,-0.019700774651110125,12.591704572584584,102.0,253500.0,168.0,3369.021730184555,75.24439445693729,3.1548914909362793,-17.459056854248047,-53.36330795288086,0.41817134618759155,-53.78147888183594,0.008711326867341995,0.008711326867341995,1.3465083546525848e-32,17.676727294921875,1.0352941751480103,1.0681626796722412,-0.032868482172489166,0.032868482172489166,,0.19113963842391968,,0.3267016112804413,0.5752182786663373,0.5854343137946628,0.021187407431400917,-18.93135789235433,1.1625305472453193,-0.015725857795146323,-53.03573799133301,0.8371038695163152,-0.030262517876034404,-0.028465080882112186,0.2795543559314586,-0.0014970369438109322,-53.00727310180664,0.7680774366940138,-0.028765488943877048,0.008752227077881496,0.00010818078525232669,-1.5849713754072586e-06,0.008752227077881496,0.00010818078525232669,-1.5849713754072586e-06,1.6880736240640852e-32,2.1847501866313693e-33,-2.520207595662631e-34,19.044987297058107,1.167173775381824,0.016164303568498975,0.9495043913523357,0.06063227288987524,-0.0005598005914316978,0.9739680806795756,0.05903781268795662,-0.00031540635165172283,-0.02446368064265698,0.01014288794620642,-0.00024439458356127986,0.02446368064265698,0.01014288794620642,0.00024439458356127986,0.19734897017478942,0.008185792891918859,0.00010342495194796593,0.348597780863444,0.013163451467107436,-7.911838334182872e-05
69.29554089355469,1.0,1500.0,0.0,125.0,2039.0,0.9126106413924382,1860.0,179.0,9.575231400064148,1.7478601320999756,8736.352455208988,23.400000000000002,0.004816400461057138,35.462773722627745,1.2379562043795622,10.7908577786415,137.0,34.283333333333324,6.166666666666668,11.338411808249097,12.0,35.462773722627745,1.2379562043795622,10.7908577786415,137.0,0.40467422401662323,-0.006196526045115084,-0.0033547911183740846,-0.0004196721960369411,-0.0012119997996694583,-0.019151600140231546,-0.019167598937186,12.56178067791619,125.0,255000.0,169.0,3391.004652738571,75.19895314624895,0.38717377185821533,-21.062397003173828,-55.843101501464844,-0.2588047385215759,-55.58429718017578,0.008416327647864819,0.008416327647864819,8.57834341054239e-33,21.208322525024414,0.8730180859565735,0.9258279800415039,-0.052809938788414,0.052809938788414,,0.20476965606212616,,0.34734633564949036,0.6491575032472611,0.7779992243829439,0.00821306596078119,-19.18991184234619,0.8788257949092033,-0.017080999508052235,-53.80601323445638,0.9539533713054714,-0.046861745730388905,-0.009226811428864798,0.2358140402855731,-0.0014411117761365807,-53.79678649902344,0.8800657932220909,-0.045420621844366,0.008591720648109914,7.60747605751843e-05,-2.6539133838871002e-06,0.008591720648109914,7.60747605751843e-05,-2.6539133838871002e-06,1.076010174960778e-32,1.3984797842152685e-33,-1.613016167619583e-34,19.31304588317871,0.8791558602528484,0.018266549285447006,0.9472838203112285,0.05299585920111463,-0.0007687132138431756,0.9780363321304322,0.04956328856366922,-0.0003012043483000143,-0.030752502754330634,0.011431184893430963,-0.000467509204507271,0.030752502754330634,0.011431184893430963,0.000467509204507271,0.19803871313730875,0.00872172408853183,1.2096686410950696e-05,0.34416294693946836,0.01227572620793462,0.00016398248205725348
70.1184075164795,1.0,1500.0,0.0,100.0,2040.0,0.7331140711300049,1495.0,545.0,9.769578906047418,1.9078674337481438,9717.249338519834,24.0,0.005040746030412501,34.753284671532825,1.160583941605839,11.070640280354683,137.0,33.28108108108109,2.956756756756756,11.529756182626977,37.0,34.753284671532825,1.160583941605839,11.070640280354683,137.0,0.40787201157120584,-0.006420421181291925,-0.003112268928158346,-0.00048084702401916417,-0.004925890886155777,-0.01251340271207825,-0.020060507257697268,12.983539824572386,100.0,256500.0,170.0,3412.254916906357,75.17023383251504,0.2294207215309143,-21.55646514892578,-55.182273864746094,0.07589772343635559,-55.25817108154297,0.008709939196705818,0.008709939196705818,5.4659304472045854e-33,21.641420364379883,0.9521486759185791,0.996001124382019,-0.043852467089891434,0.043852467089891434,,0.1989707350730896,,0.3452383279800415,0.589218840499719,0.8757122867275345,0.021978312946267595,-19.537153053283692,0.8128097501236189,0.007871391033304621,-54.17726097106934,0.7200501638589045,-0.00859129484556348,-0.049223482608795166,0.27112526832130956,0.008905208037878176,-54.128037516276045,0.7978860916859105,-0.017496499813701376,0.008646094053983689,0.00012299675947116385,1.2033307578857791e-05,0.008646094053983689,0.00012299675947116385,1.2033307578857791e-05,6.851068570674197e-33,8.92415190249186e-34,-1.029172938559175e-34,19.654044405619302,0.8110190815453702,-0.012291678066911758,0.9388973573843639,0.05356304309852522,0.001779395626967657,0.969673611720403,0.05709524084930318,0.001867764531836737,-0.030776262904206913,0.01059708491519481,-8.836955461936894e-05,0.030776262904206913,0.01059708491519481,8.836955461936894e-05,0.19542695184548695,0.011106248519866996,-0.0003960397803080687,0.3392914076646169,0.01219805757997957,3.100583232416512e-05
69.69660454669169,1.0,1500.0,0.0,112.0,1900.0,0.8807789999699817,1673.0,227.0,9.787006276273708,1.9256624684826618,8747.941600231487,28.0,0.006300063000630006,34.721875,1.1203125000000003,11.119732980997561,128.0,33.1375,3.637500000000002,11.557199208982686,16.0,34.721875,1.1203125000000003,11.119732980997561,128.0,0.41264917376157717,-0.006577316279193963,-0.0033626990516670697,-0.0005415243647521146,-0.002109512708250427,-0.01937794962187995,-0.02074995206274928,13.177918808867744,112.0,258000.0,171.0,3433.7693321704865,75.13608953951433,0.337510883808136,-19.29597282409668,-53.51435470581055,-0.015444330871105194,-53.49890899658203,0.008874010294675827,0.008874010294675827,3.4930949721416786e-33,19.36697006225586,0.960875391960144,0.9767310619354248,-0.01585566997528076,0.01585566997528076,,0.19613094627857208,,0.3550705909729004,1.2968624810377756,2.383967886429297,-0.003197871498324404,-19.369319725036622,0.8274813803708427,-0.016947896700679557,-53.8214656829834,0.6946869790215077,0.039872141701229914,0.010649550085266432,0.24500192710914237,-0.00395286841954087,-53.832115173339844,0.6646764633781458,0.043825003992068214,0.008839299250394107,0.0001117764487179093,1.956361063131156e-06,0.008839299250394107,0.0001117764487179093,1.956361063131156e-06,4.371949760316711e-33,5.624177022839327e-34,-6.486523759446288e-35,19.50888900756836,0.8310951281413906,0.015509537303275039,0.9598365565141042,0.05204679630740212,-0.00010427639667397346,0.9822508792082468,0.05185241150557642,-0.0008372252059062675,-0.022414330827693143,0.00969104902636708,0.0007329481847592547,0.022414330827693143,0.00969104902636708,-0.0007329481847592547,0.1940606415271759,0.012030301311912465,-0.00021988363631973202,0.33996559580167135,0.014461828010329822,0.0002278501783250003
66.0652429989406,1.0,1500.0,0.0,70.0,2050.0,0.5055689814659959,1036.0,1014.0,9.865595598046331,2.0759637809793245,11093.998022114298,67.8,0.01427188144655412,34.42463768115942,3.4869565217391307,11.205350637411305,138.0,33.83529411764706,5.461764705882352,11.353943973322428,68.0,34.42463768115942,3.4869565217391307,11.205350637411305,138.0,0.4125476027378655,-0.00740148652820014,-0.0036722914596503476,-0.000930877051304951,-0.0021295959228249057,-0.039970877320713874,-0.02104271743862174,13.103121591971618,70.0,259500.0,172.0,3453.9830107688904,75.13065327505267,0.3398324251174927,-19.679841995239258,-55.701255798339844,-0.10835376381874084,-55.59290313720703,0.008555985987186432,0.008555985987186432,2.2293085059451598e-33,19.83194923400879,0.9178112745285034,0.9572427272796631,-0.039431437849998474,0.039431437849998474,,0.18855097889900208,,0.320098876953125,2.8338769003748894,10.226915771969695,-0.20384237357519902,-19.607678413391113,0.7014399338631537,-0.006139527809898003,-54.117523701985675,0.8289007858531265,-0.013526683972859464,-0.0034339427947998047,0.26176743342275127,-0.007819246944118795,-54.11408996582031,0.7060600111846069,-0.005707488097124746,0.008785277046263218,0.0001376436830128471,-1.3146891328066155e-05,0.008785277046263218,0.0001376436830128471,-1.3146891328066155e-05,2.7923790855848348e-33,3.6101881280264023e-34,-4.1634730665245336e-35,19.713522148132324,0.6875537336610827,0.00679447441398066,0.9574660321076711,0.05873359647301959,-0.0015830527290751904,0.9793108542760213,0.05530388658343127,-0.0016514024426860488,-0.021844826561088364,0.00941125329706572,6.835155398300072e-05,0.021844826561088364,0.00941125329706572,-6.835155398300072e-05,0.1887041707833608,0.0102262939787706,-0.00022866392427345252,0.329858190814654,0.013044676001186613,-0.0005295485689059279
69.59456226872463,1.0,1500.0,0.0,102.0,1906.0,0.7992033465625471,1523.0,383.0,9.712428975647892,2.0432983908941376,9496.243165932274,30.8,0.006877149109096593,34.9890625,1.295312500000001,11.000502670298117,128.0,32.93076923076923,3.9000000000000004,11.648708350097374,26.0,34.9890625,1.295312500000001,11.000502670298117,128.0,0.4048237462196793,-0.006471530876139437,-0.004295887265448507,-0.0004679078882221956,-0.0010321312281132869,-0.01577686305830322,-0.02009062912971057,12.674723557691506,102.0,261000.0,173.0,3475.1909754276276,75.10378619347202,0.5106438994407654,-17.840351104736328,-57.3536491394043,-0.35152482986450195,-57.00212478637695,0.00873070489615202,0.00873070489615202,1.417986345769448e-33,18.098308563232422,0.852213978767395,0.9058537483215332,-0.05363980680704117,0.05363980680704117,,0.18161427974700928,,0.3155128061771393,1.5836887290080388,3.9198958440587943,-0.09347697010427505,-19.47368049621582,0.897407304215681,0.01898595621111158,-54.96828269958496,0.9596123129534788,-0.05892651974823223,0.028404020766417185,0.2491855589602274,0.00017061904321390972,-54.996686681111655,0.9149989621108128,-0.05909711945971739,0.008628400104741255,6.344096048186657e-05,2.34658480751349e-06,0.008628400104741255,6.344096048186657e-05,2.34658480751349e-06,1.780256402885401e-33,2.3153335316103853e-34,-2.670536127114909e-35,19.5878875096639,0.8824192325194572,-0.01794818415657736,0.9567528565724691,0.05420851348846396,-0.0006060515150212584,0.9859806338946024,0.05240632261688793,3.142457650154125e-05,-0.029227763538559277,0.0114620272827938,-0.0006374763890487595,0.029227763538559277,0.0114620272827938,0.0006374763890487595,0.1898264949520429,0.010530835396988104,-3.747711656356625e-05,0.3317123015721639,0.011244751271115589,-0.00010658678939531429
70.56902009668485,1.0,1500.0,0.0,71.0,2025.0,0.523711407891495,1060.0,965.0,9.852143437351318,1.8886218307026423,10640.695857732213,91.80000000000001,0.01957356076759062,34.48529411764706,3.0794117647058834,11.14393454189445,136.0,33.66461538461539,5.981538461538463,11.359730142047262,65.0,34.48529411764706,3.0794117647058834,11.14393454189445,136.0,0.40969309871934195,-0.0071998736185617754,-0.004399411057070937,-0.0007891497686271888,-0.0004905895995004903,-0.010703773080010677,-0.020524339421918822,12.842481713254356,71.0,262500.0,174.0,3495.4022886753082,75.09865197790512,0.3381194472312927,-19.510570526123047,-56.02272033691406,0.327836811542511,-56.350555419921875,0.008363407105207443,0.008363407105207443,9.052344242438199e-34,19.510089874267578,1.0078973770141602,1.0485279560089111,-0.040630631148815155,0.040630631148815155,,0.19510789215564728,,0.3229799270629883,0.9535067533453305,1.6217817969936017,0.042293360232643865,-19.16980177561442,0.9693549939022065,-0.02638391742982081,-55.19285583496094,0.7398845898785034,-0.005236266478813122,-0.046573307489355405,0.3381365065608531,-0.0020034217272571243,-55.1462823232015,0.6251884609548458,-0.0032328358481528235,0.008623628380397956,0.00013233319902629072,-1.1057204031307934e-05,0.008623628380397956,0.00013233319902629072,-1.1057204031307934e-05,1.1335893425031826e-33,1.4629784457971827e-34,-1.6872741169042269e-35,19.27888889312744,0.9557641106628864,0.022366234139684603,0.9433552225430807,0.07231736098277741,-0.0003179609841844429,0.9702285428841909,0.0710820789297306,-0.000418556876919835,-0.02687332561860482,0.008282587241311834,0.00010059527986505864,0.02687332561860482,0.008282587241311834,-0.00010059527986505864,0.1889468158284823,0.012302787086131058,0.00024717822422307335,0.32727272510528566,0.01532688863663386,2.9941952400840415e-06
64.20332839307578,1.0,1500.0,0.0,23.0,1866.0,0.18327310733917224,341.0,1525.0,10.122713399413051,2.401315782575798,11668.243929502794,220.20000000000002,0.0524860561567431,33.56319999999999,6.705600000000001,11.50374813797951,125.0,33.30196078431372,7.831372549019609,11.547978493774412,102.0,33.56319999999999,6.705600000000001,11.50374813797951,125.0,0.4171984762788714,-0.00853996793571639,-0.0031283620278450114,-0.0012414656753075403,-0.011527700055959798,-0.04409625069949639,-0.02214406858383901,13.464857628618608,23.0,264000.0,175.0,3513.828071117401,75.13173514947978,0.2127208411693573,-18.58402442932129,-55.066253662109375,-0.23385077714920044,-54.832401275634766,0.00791993923485279,0.00791993923485279,5.7485792577212545e-34,18.663490295410156,0.9152657985687256,0.9316672682762146,-0.01640145480632782,0.01640145480632782,,0.17906281352043152,,0.31263208389282227,0.6009895871082942,0.522095113545745,0.003197989646797041,-19.50157413482666,0.9522064031808575,0.024163193326108078,-56.41913935343425,1.1836746997504632,-0.06013251825487372,-0.026061495517690977,0.280606476939658,-0.017736391881449747,-56.39307797749837,1.1268788658910043,-0.042396087985945026,0.00828513562058409,0.000168109405516874,-1.074644831217465e-05,0.00828513562058409,0.000168109405516874,-1.074644831217465e-05,7.219696647145008e-34,9.47372152082561e-35,-1.0926918563796939e-35,19.59825668334961,0.9462389315826015,-0.020493719760780592,0.9357591132322948,0.060744391260815156,-0.00410134411759851,0.9746618072191874,0.058477581490585136,-0.003691488325396967,-0.03890269650146365,0.014405750121502586,-0.00040985760905751825,0.03890269650146365,0.014405750121502586,0.00040985760905751825,0.19016700138648351,0.010730864013990997,-2.3917311821159373e-05,0.32654435535271964,0.013301051491200684,-0.00016304664935366494
65.24322800106472,1.0,1500.0,0.0,45.0,2007.0,0.3321370384497617,666.0,1341.0,9.946593592880266,1.7858209075139166,11416.485142028027,156.0,0.03382333810329127,34.16444444444444,5.105185185185185,11.270888997305248,135.0,33.50222222222222,7.0,11.474892826490596,90.0,34.16444444444444,5.105185185185185,11.270888997305248,135.0,0.40684131402922735,-0.008135632735150744,-0.004193456576317171,-0.0009458252951662566,-0.006140718981675808,-0.03312351377815096,-0.02110891009712533,12.30992518033593,45.0,265500.0,176.0,3533.2421152591705,75.14344937002004,0.38298359513282776,-19.402130126953125,-55.61996841430664,-0.10445861518383026,-55.51551055908203,0.008381476625800133,0.008381476625800133,3.670364479362472e-34,19.389598846435547,0.9370551705360413,0.9581547379493713,-0.021099556237459183,0.021099556237459183,,0.1827644407749176,,0.3264022171497345,1.1406049832701683,1.4797757828813443,-0.017128753506301945,-19.351299730936685,0.9927352073854921,-0.018066526334463068,-56.34850540161133,1.245293471108385,-0.026629202463998945,0.02235897071659565,0.2524595482667631,-0.011207419144066347,-56.37086448669434,1.1298704907967163,-0.015421765320026967,0.008253969345241785,0.0002013967582589856,2.1830511727972028e-05,0.008253969345241785,0.0002013967582589856,2.1830511727972028e-05,4.597839317947514e-34,5.954850342056928e-35,-6.867874206035597e-36,19.443388557434083,1.0035395962035107,0.01885432624180371,0.9502839863300323,0.05917958386294346,-0.002391847633281228,0.9845617353916168,0.05261339704659317,-0.0023333213087979453,-0.03427774161100387,0.01463286658567983,-5.85264678592801e-05,0.03427774161100387,0.01463286658567983,5.85264678592801e-05,0.19208312879006068,0.011573984863823744,0.00011964834505511526,0.3372542162736257,0.01315509722783737,0.00038846092043781964
65.70260787010193,1.0,1500.0,0.0,12.0,1969.0,0.09176912382587052,180.0,1789.0,10.38471766607121,2.0856184943194984,12311.423201981459,255.60000000000002,0.05916118877881678,32.73030303030303,7.080303030303028,11.629197535917902,132.0,32.81166666666665,7.625,11.580561560696994,120.0,32.73030303030303,7.080303030303028,11.629197535917902,132.0,0.4635758727836163,-0.008818949289096926,-0.0032774996577777946,-0.001645922990497504,-0.009198113207547147,-0.046226415094339536,-0.024647724720892415,13.443017246574348,12.0,267000.0,177.0,3551.0017483234406,75.19005027977262,0.31038373708724976,-18.51789093017578,-56.01165771484375,-0.10496379435062408,-55.90669250488281,0.009030512534081936,0.009030512534081936,2.3423889961956003e-34,18.569976806640625,0.935731828212738,0.9577007293701172,-0.021968906745314598,0.021968906745314598,,0.19608910381793976,,0.3429570496082306,0.6380403007070223,0.4536987878917469,-0.0011072556188825356,-19.75843391418457,0.7385269340776834,0.020815982330628095,-56.38274892171224,0.7674659789545928,-0.020104080896090414,0.02617944578329722,0.2506776506036585,0.013090849323850854,-56.408928298950194,0.7893328235342693,-0.03319492615900072,0.008546425836781661,0.0002523206603880379,2.3531613745068638e-05,0.008546425836781661,0.0002523206603880379,2.3531613745068638e-05,2.936331432442352e-34,3.8000342969408646e-35,-4.383576755955719e-36,19.87329355875651,0.7271782136047799,-0.024380130789038838,0.9551531831423442,0.05168981847746344,0.0024760199866119626,0.9856564799944559,0.05272376988825306,0.002765059975018334,-0.030503293219953775,0.009848610569096878,-0.0002890423899547543,0.030503293219953775,0.009848610569096878,0.0002890423899547543,0.19166124612092972,0.010541108887116929,-1.8804439978554503e-05,0.32957015732924144,0.01401937490109735,-0.00019140335688734946
58.110839669666596,1.0,1500.0,0.0,126.0,2095.0,0.896354200138204,1877.0,218.0,8.791707433914668,1.6184725238668365,10299.043462422036,37.6,0.006896804725044939,38.66524822695037,2.9262411347517734,10.02953729362398,141.0,33.733333333333334,3.186666666666669,11.249544404146286,15.0,38.66524822695037,2.9262411347517734,10.02953729362398,141.0,0.35929025968300704,-0.006931390331812573,-0.0035963062054185702,-0.0005205378609283571,-0.0012708640980892349,-0.0652973553497092,-0.0174064333755774,11.241133302866235,126.0,268500.0,178.0,3573.7152812480927,75.13189464445205,0.26221781969070435,-18.24451446533203,-56.260494232177734,0.024816356599330902,-56.285308837890625,0.009046812541782856,0.009046812541782856,1.4979370430276489e-34,18.519832611083984,0.9625881910324097,0.9852740168571472,-0.022685835137963295,0.022685835137963295,,0.18200644850730896,,0.32903409004211426,1.6778093516826629,3.793034132305713,-0.04590111509446175,-19.31553643544515,0.939790300659621,-0.0015712890794726778,-56.47745730082194,0.7408243674474437,-0.0012964870295855038,0.09735327785213789,0.23507445513007574,0.007041841077393506,-56.57481028238932,0.6363011152385701,-0.008338310402942289,0.009120592195540667,8.214131011386595e-05,-4.177838688233881e-06,0.009120592195540667,8.214131011386595e-05,-4.177838688233881e-06,1.8742545392647828e-34,2.411382938043531e-35,-2.7813621578322335e-36,19.460661379496255,0.938219850371357,0.00434420228137047,0.9722791194915772,0.053300805351681524,0.0015246303248590924,1.0007011771202088,0.0499995771084512,0.0014924153072284855,-0.028422053344547747,0.008148957158621685,3.2215148989563846e-05,0.028422053344547747,0.008148957158621685,-3.2215148989563846e-05,0.1911586011449496,0.010789838286585833,-0.0006972374023664564,0.32838186621665955,0.016198722794964017,-0.00041269215115982146
69.81803894042969,1.0,1500.0,0.0,82.0,1872.0,0.6512954149426795,1219.0,653.0,10.061725952755594,2.090995015183986,9413.36097854535,31.400000000000002,0.007382676572933321,33.75555555555555,1.679365079365079,11.411891407707438,126.0,32.20909090909092,3.236363636363637,11.883846716632284,44.0,33.75555555555555,1.679365079365079,11.411891407707438,126.0,0.4198424258984564,-0.0073222302837095896,-0.0035897474634975597,-0.0006603182003782349,-0.0006393054459352792,-0.021846882399368727,-0.021114066493492258,13.472095330901396,82.0,270000.0,179.0,3594.02911901474,75.12460001270587,0.49625587463378906,-20.504226684570312,-57.727901458740234,-0.013805225491523743,-57.71409606933594,0.009034453891217709,0.009034453891217709,9.581440678228042e-35,20.65064239501953,0.9402632117271423,0.9770669937133789,-0.036803774535655975,0.036803774535655975,,0.17398934066295624,,0.3007468283176422,3.585107250014941,11.556986685315506,-0.1162082830114546,-19.793594042460125,0.635975244186268,0.006505627573796582,-56.55029576619466,0.6341116599759946,-0.015843796438316227,0.04924202238519986,0.219197286146588,-0.0022378135526405734,-56.59953791300456,0.6229771096044099,-0.013605975362163623,0.00918252111102144,0.00010188776014066975,5.164632865862628e-06,0.00918252111102144,0.00010188776014066975,5.164632865862628e-06,1.1990229225357225e-34,1.5430797843261094e-35,-1.7798432821419868e-36,19.910626792907713,0.6362788137156807,-0.0020811974140383114,0.9659292757511139,0.04628371339347226,-0.0005120453102570281,0.9905013263225555,0.04673096914346868,-0.00047593919002970734,-0.024572044114271798,0.00783295700190659,-3.610595447468064e-05,0.024572044114271798,0.00783295700190659,3.610595447468064e-05,0.18710819085439045,0.009972608995951619,-9.716296355106816e-05,0.32312663197517394,0.014696609581993852,0.000335607114967958
67.95604858642969,1.0,1500.0,0.0,78.0,2009.0,0.5801812341701501,1165.0,844.0,9.895623807249917,2.1627865323124214,10911.923209323017,78.2,0.01687090093199862,34.33481481481482,3.0844444444444448,11.159166686089895,135.0,33.74035087719298,5.8,11.4350229161536,57.0,34.33481481481482,3.0844444444444448,11.159166686089895,135.0,0.4174249510808791,-0.0075523488849372255,-0.003685081910516553,-0.0008710741899284235,-0.0011719072377651206,-0.028323842535281234,-0.020847942101701183,12.812396193335234,78.0,271500.0,180.0,3614.5275008678436,75.11355216824694,0.7948338389396667,-17.792177200317383,-57.63789367675781,-0.1399012804031372,-57.49799346923828,0.009177924133837223,0.009177924133837223,6.114124366076518e-35,17.961259841918945,0.9203169345855713,0.9501760601997375,-0.029859188944101334,0.029859188944101334,,0.18442615866661072,,0.32096827030181885,1.28416684816281,1.9975286444883078,-0.018426291705901685,-19.357765515645344,0.9960093910318695,0.006531386752017312,-57.22736078898112,0.6407843254413386,-0.0004798082939357284,-0.026942888150612514,0.31603312357851204,-0.00867928979261566,-57.200417836507164,0.6250517032107626,0.008199496157841159,0.009453851667543253,0.00017435893839510256,1.4487484074253847e-07,0.009453851667543253,0.00017435893839510256,1.4487484074253847e-07,7.662314443103251e-35,9.916679509480865e-36,-1.143880652925504e-36,19.521210797627766,0.9864872508257301,-0.005619520499258729,0.9462026019891103,0.0663374980397652,-0.001622077182880113,0.9742963929971059,0.0677654997270535,-0.001865516926210662,-0.02809380190446973,0.008183681483038796,0.00024344098088108907,0.02809380190446973,0.008183681483038796,-0.00024344098088108907,0.18666997502247493,0.00866245523164423,5.3300127569371795e-05,0.3251559426387151,0.012365988090122145,0.00018833278283658325
63.73866543044215,1.0,1500.0,0.0,46.0,2036.0,0.33661693952507915,685.0,1351.0,9.98663570935229,2.0181908409198623,11852.395998094238,150.4,0.032251147231633574,34.039416058394146,5.0189781021897835,11.29536293635019,137.0,33.083516483516476,6.589010989010988,11.534379477725711,91.0,34.039416058394146,5.0189781021897835,11.29536293635019,137.0,0.40026900808936794,-0.008317716838756397,-0.003399004490883715,-0.001729601204569649,-0.001281186783546862,-0.04747134187457894,-0.021024172048841844,12.632230891229579,46.0,273000.0,181.0,3633.9807937145233,75.12422753367095,0.43660181760787964,-18.934070587158203,-58.20195388793945,0.050933897495269775,-58.25288772583008,0.009080164134502411,0.009080164134502411,3.902924499838457e-35,19.02524185180664,0.9555801153182983,0.9908323287963867,-0.035252176225185394,0.035252176225185394,,0.19462116062641144,,0.33206379413604736,2.0678274144728976,4.6712999806960225,-0.06350006394842449,-19.685172208150227,0.9620221322193632,0.0004368261182405557,-57.38565203348796,0.777179056676457,-0.006547338466621723,-0.006501143425703048,0.31154195677289814,-0.005010949516124005,-57.3791508992513,0.7287354336428268,-0.001536380144061739,0.009126133689035972,0.00016257849662935475,-6.1203127890594534e-06,0.009126133689035972,0.00016257849662935475,-6.1203127890594534e-06,4.888034913164353e-35,6.307741060158018e-36,-7.274940862919852e-37,19.822763442993164,0.9498731326109661,0.0003775447043475736,0.9523431857426962,0.06634958901235735,-0.0009512594995297357,0.978555428981781,0.06634230295861411,-0.0010695831396423385,-0.026212260344376168,0.009284096685035171,0.00011832399917424662,0.026212260344376168,0.009284096685035171,-0.00011832399917424662,0.19164031793673833,0.007935097496965584,-6.803643120011355e-05,0.3291248579819997,0.010083981686056218,-0.000430811472543758
10.294806743490286,1.0,1500.0,0.0,121.0,2091.0,0.862368684031796,1803.0,288.0,7.162341267372216,1.611521030088283,10652.43319132063,28.400000000000002,0.004433482156795404,47.450370370370365,10.742222222222225,9.488531423712901,135.0,33.059999999999995,2.1400000000000015,11.518200871990114,20.0,47.450370370370365,10.742222222222225,9.488531423712901,135.0,0.25295192631913394,-0.006478659366960969,-0.003612641402058749,-0.00029094512697696657,-0.007300107814836447,-0.2219455361180017,-0.01329932280038775,10.28868029728499,116.0,274500.0,182.0,3658.6918394565582,75.02681615316712,0.4124273657798767,-18.212045669555664,-58.56983184814453,0.6058411598205566,-59.17567443847656,0.00885716825723648,0.00885716825723648,2.485756718284576e-35,18.38665771484375,1.0654963254928589,1.1081666946411133,-0.04267027974128723,0.04267027974128723,,0.18527871370315552,,0.3186990022659302,1.5531966482599577,3.3196943238879966,0.03858854717288053,-19.173720614115396,0.6857372397965485,0.018352413920062396,-58.21434491475423,0.9269150519904443,-0.024840910575279727,-0.10371643702189128,0.30895931070022875,-0.005097453155294807,-58.11062863667806,0.8131558736251363,-0.019743456644262112,0.009028651844710111,0.00018521856076110437,-2.011338163900723e-05,0.009028651844710111,0.00018521856076110437,-2.011338163900723e-05,3.115915802576489e-35,4.0511766900788816e-36,-4.672196283228967e-37,19.308357938130698,0.6891432599260097,-0.01892003578126672,0.9267069141070048,0.06820403647391045,-0.001186722881669363,0.9580051441987355,0.06558256330225039,-0.0010769855856762821,-0.03129822732880712,0.010049140734943516,-0.00010973650058762476,0.03129822732880712,0.010049140734943516,0.00010973650058762476,0.18639529744784036,0.00805188919467524,-0.00016721729707134958,0.3212355504433314,0.013903077393552822,-0.0002716724214882759
69.22452030955134,1.0,1500.0,0.0,74.0,1908.0,0.5752908910146677,1097.0,811.0,10.1620150428778,1.8845951321970058,9903.94505265513,60.2,0.013957801993971713,33.43410852713177,2.7054263565891468,11.442543240346621,129.0,33.330909090909095,4.934545454545453,11.461191950709377,55.0,33.43410852713177,2.7054263565891468,11.442543240346621,129.0,0.4368488779245585,-0.008716422066066761,-0.0034554874881853664,-0.0010864931342325903,-0.00035335689045936416,-0.028123584307330095,-0.023526952640367724,13.802884063305724,74.0,276000.0,183.0,3678.6049020290375,75.02844348621524,1.20701265335083,-18.71051788330078,-59.55425262451172,-0.1870863288640976,-59.367164611816406,0.009389463812112808,0.009389463812112808,1.5896435964093158e-35,19.0118350982666,0.8990069627761841,0.9399234056472778,-0.04091648384928703,0.04091648384928703,,0.171169713139534,,0.3169904947280884,2.0281370600064594,2.3173068196424107,-0.012404077920287948,-18.832420857747397,0.7618150931857278,-0.0038187640129654413,-57.86256815592448,0.918337783984887,-0.029795645606661612,-0.035183169320225714,0.2924960204962444,-0.01574796023089709,-57.827385075887044,0.8708717225463921,-0.014047681662077286,0.009402774895230928,0.0002378721353482132,1.7877323791235257e-05,0.009402774895230928,0.0002378721353482132,1.7877323791235257e-05,1.9897704992203753e-35,2.560261466280504e-36,-2.9530628784505033e-37,19.011715443929038,0.7745037788243315,0.009692150281453498,0.9487066129843394,0.0627970780611912,-0.0034080566235458686,0.9723583877086639,0.062432154615888476,-0.0033676432422854586,-0.023651772333929937,0.010790999922189327,-4.041379709231795e-05,0.023651772333929937,0.010790999922189327,4.041379709231795e-05,0.18630900979042053,0.011394733235335281,-8.128537352013976e-05,0.32694927752017977,0.012667974861504196,2.7222594907198968e-05
68.72318081357587,1.0,1500.0,0.0,67.0,1885.0,0.533025055544261,1004.0,881.0,10.010806750956199,2.113172296044088,10211.30802220726,88.4,0.02068126520681265,33.92380952380954,3.665079365079365,11.334919103727488,126.0,33.69830508474576,6.68813559322034,11.33550266717538,59.0,33.92380952380954,3.665079365079365,11.334919103727488,126.0,0.4247120638943215,-0.008122318160380946,-0.0025572830069211304,-0.0011200110389450815,-0.0030146341463414797,-0.0262243902439026,-0.023509422340814535,13.62346293517291,67.0,277500.0,184.0,3698.4513416290283,75.03140486844197,0.47717976570129395,-18.88980484008789,-60.100120544433594,0.38444504141807556,-60.48456573486328,0.010552600026130676,0.010552600026130676,1.0086443210643059e-35,18.933998107910156,1.013866901397705,1.064467191696167,-0.050600457936525345,0.050600457936525345,,0.16933129727840424,,0.2990581691265106,1.1426371127367019,2.0582935534244915,-0.03159186279813498,-18.587092272440593,0.8913036407948665,-0.006339056420246402,-59.47833722432454,1.0247219364244475,-0.007741200380249815,0.09714844686289628,0.2852597658570699,0.00024367538140931326,-59.57548599243164,0.8754244799121327,-0.007984851332207677,0.010015382897108793,0.00033427383905430136,3.71145714360295e-05,0.010015382897108793,0.00033427383905430136,3.71145714360295e-05,1.2660367553633866e-35,1.6593209376511972e-36,-1.913333214783887e-37,18.716747093200684,0.8906838981591431,0.006932007192371788,0.9597830216089884,0.06706386933656751,0.00011724319818683812,1.001114511489868,0.06191470594066265,7.665674466312043e-05,-0.0413314842308561,0.010868025588772876,4.058476243255237e-05,0.0413314842308561,0.010868025588772876,-4.058476243255237e-05,0.18135039806365966,0.011972560051820262,-7.245314532312993e-05,0.3160056898991267,0.015443567995794993,-0.0002114689854016215
67.57822541554769,1.0,1500.0,0.0,75.0,1802.0,0.6212703693993317,1119.0,683.0,9.98694173911414,1.9472363307004559,9239.10564054414,67.4,0.0163838786523409,33.99834710743803,3.4016528925619838,11.356505408456913,121.0,33.78260869565217,6.7,11.406991432042028,46.0,33.99834710743803,3.4016528925619838,11.356505408456913,121.0,0.42523648043860257,-0.007583265440469882,-0.002876954569914835,-0.0008399371781926855,-0.002302459445316597,-0.03607186464329354,-0.022508509714755334,13.603407298573693,75.0,279000.0,185.0,3718.454623222351,75.03116973852521,1.9979772567749023,-17.345703125,-57.601322174072266,0.4306374192237854,-58.031959533691406,0.011251782067120075,0.011251782067120075,6.429898854207255e-36,17.395214080810547,1.059805154800415,1.0759679079055786,-0.0161626935005188,0.0161626935005188,,0.17873263359069824,,0.3111947476863861,2.07830605506897,4.029591566685136,-0.06836900773382557,-18.66889896392822,0.7655210728018,0.02168714419355435,-59.53967450459798,1.1190940203678525,-0.015697662557190975,0.059970975791414576,0.29039501531646594,0.002301086217695401,-59.5996457417806,1.002165883703336,-0.01799869728300392,0.010892306454479694,0.0002125586197989013,2.1687330257507703e-05,0.010892306454479694,0.0002125586197989013,2.1687330257507703e-05,8.06085747059151e-36,1.0464761226316282e-36,-1.2070517094553989e-37,18.788038953145346,0.7644361742605731,-0.02116561354996815,0.9557548264662424,0.06886759598972474,0.00042959677098985483,0.9932435194651286,0.06427806268117307,0.0005158825100992945,-0.03748870945225159,0.012264543295786223,-8.628596909120358e-05,0.03748870945225159,0.012264543295786223,8.628596909120358e-05,0.18239852289358774,0.008941248807546626,-0.00014416857874301298,0.3161249856154124,0.015588855656112172,-0.0003283674247538079
65.28691632548968,1.0,1500.0,0.0,48.0,1972.0,0.36509144949474426,719.0,1253.0,10.058525662029158,2.124135990521794,11467.311649029218,128.0,0.028709851067647587,33.77575757575757,4.783333333333333,11.35731142750123,132.0,33.25238095238095,6.504761904761903,11.488331162127768,84.0,33.77575757575757,4.783333333333333,11.35731142750123,132.0,0.41693805916679805,-0.008342409294193727,-0.0033341313389339097,-0.0010355446649464523,-0.0019153495847843512,-0.04553978033753049,-0.022776671834930665,13.336905985093452,48.0,280500.0,186.0,3737.8267550468445,75.0436064542763,7.822490692138672,-18.421340942382812,-60.9055061340332,-0.1797480583190918,-60.72575759887695,0.011311790905892849,0.011311790905892849,4.0969579799521666e-36,18.559104919433594,0.8946322202682495,0.9398934841156006,-0.04526123031973839,0.04526123031973839,,0.17770648002624512,,0.32068800926208496,2.2662623474995294,3.6797359992030194,0.004861001184705353,-18.688402048746745,1.0021014869335083,-0.0035635807092509416,-59.72762222290039,1.860709619394323,-0.15628143921577212,0.027719581872224806,0.27327925627472177,0.005166207643451626,-59.75534197489421,1.8589589400431616,-0.1614476298331144,0.011153878675152858,0.00017781678069278155,-9.257648683032243e-06,0.011153878675152858,0.00017781678069278155,-9.257648683032243e-06,5.148856401185745e-36,6.680904581861515e-37,-7.710095918664884e-38,18.84159647623698,1.0133771145592751,0.006178186944912262,0.9508032143115998,0.06334965813039005,-0.0007029747008216916,0.986115308602651,0.060753514537573106,0.00114779655341973,-0.03531209079859157,0.022000215945839764,-0.0018507697493111396,0.03531209079859157,0.022000215945839764,0.0018507697493111396,0.18245148311058682,0.00963281747909563,-0.0001475209223150035,0.32055626014868416,0.015270430904416387,8.614632788965611e-05
69.033533138699,1.0,1500.0,0.0,90.0,1928.0,0.6976166460705763,1345.0,583.0,10.11624990759504,2.118949557343705,9446.918224268555,18.400000000000002,0.004248245289988918,33.5751937984496,1.8263565891472864,11.428276168943823,129.0,32.743589743589745,3.8974358974358974,11.755055190779123,39.0,33.5751937984496,1.8263565891472864,11.428276168943823,129.0,0.42880283276461456,-0.007640384633465108,-0.003647619689729329,-0.0003862849490480387,-0.0034932259245697844,-0.024489198095935746,-0.023030966018737848,13.485728297732926,90.0,282000.0,187.0,3758.5360486507416,75.0292125310954,0.6325488686561584,-17.739707946777344,-60.359493255615234,0.3105301856994629,-60.67002487182617,0.011375845409929752,0.011375845409929752,2.6106702480882145e-36,17.654958724975586,1.00889253616333,1.0493743419647217,-0.04048195481300354,0.04048195481300354,,0.1883603036403656,,0.3214876055717468,0.856018340587616,0.8438035606808085,-0.006055572327305185,-18.528999773661294,0.7889137131215613,-0.015643338976765026,-60.95354944864909,0.8694209371303758,0.04066573027376515,-0.027921557488540808,0.27777973656498617,0.00715907541403052,-60.92562828063965,0.8365621871365349,0.03350666542604983,0.011384529620409011,8.636977178354214e-05,-4.7430777311094415e-07,0.011384529620409011,8.636977178354214e-05,-4.7430777311094415e-07,3.271085243292219e-36,4.24552882101256e-37,-4.896319248183675e-38,18.65682341257731,0.8035365986837015,0.01508067749498656,0.9281542340914408,0.06278345670324954,0.0021461385508400183,0.973738803466161,0.06206881301004658,0.001598876535693562,-0.04558458626270294,0.010713551550853068,0.000547261488053108,0.04558458626270294,0.010713551550853068,-0.000547261488053108,0.18331241011619567,0.008634680798105802,-2.0911364719789438e-05,0.3221005260944366,0.015460091547169943,0.00022507840985052524
61.183544262595795,1.0,1500.0,0.0,23.0,1920.0,0.1765737533086737,339.0,1581.0,9.926062042812802,2.6417491909438855,12591.021024506716,194.4,0.04402572696802247,34.22945736434108,6.587596899224804,11.22425090072443,129.0,33.596226415094335,7.569811320754716,11.381275484355434,106.0,34.22945736434108,6.587596899224804,11.22425090072443,129.0,0.3843910494148585,-0.00861396651435191,-0.005920163632976155,-0.0011636614037651778,-0.0024199843871974976,-0.049336455893833085,-0.02171571448502435,11.855951040394473,23.0,283500.0,188.0,3777.2817199230194,75.05397294162579,1.5968313217163086,-16.89655303955078,-60.12120819091797,0.24984164535999298,-60.37104797363281,0.010871829465031624,0.010871829465031624,1.668189097216859e-36,17.077476501464844,1.0024278163909912,1.035254955291748,-0.03282709792256355,0.03282709792256355,,0.17101004719734192,,0.30869048833847046,1.0752911945184072,1.5254636140130784,-0.016128946981652854,-18.589486821492514,0.831857260156034,0.018867746423163988,-60.953643290201825,0.9120818440317471,0.017236294178864013,-0.04235182528694471,0.24417813824369522,0.001639719575941899,-60.911291631062824,0.8525084809979174,0.0155965981149315,0.011314722243696451,0.00015162496032002443,-1.038593344713622e-05,0.011314722243696451,0.00015162496032002443,-1.038593344713622e-05,2.0884432090518382e-36,2.6951942727593727e-37,-3.108427259012866e-38,18.73553320566813,0.8297747880564204,-0.018907712484493817,0.9292220175266266,0.05668526299216399,0.0006938357639630771,0.9705582479635875,0.05450191676295678,0.0003689231411102979,-0.04133622155835231,0.010622475877656945,0.00032491321500403364,0.04133622155835231,0.010622475877656945,-0.00032491321500403364,0.18127811153729756,0.009461158504485256,-0.0003438214637811558,0.31960711975892386,0.011010841289360763,2.2316396700518386e-05
64.96955382823944,1.0,1500.0,0.0,16.0,1890.0,0.12481804663251928,235.0,1655.0,10.213638395756787,2.1885262980434,11899.018962653512,239.4,0.05664663290899626,33.27716535433071,6.919685039370079,11.505893237963793,127.0,33.07747747747748,7.6882882882882875,11.551906939038648,111.0,33.27716535433071,6.919685039370079,11.505893237963793,127.0,0.4185080457319313,-0.010371345022548707,-0.005836595464326309,-0.0016743472591382504,-0.006328093510681161,-0.04095122934300676,-0.025054469754999805,14.063780912612033,16.0,285000.0,189.0,3795.5226862430573,75.08847227629222,0.7362698316574097,-18.208072662353516,-61.76115417480469,-0.6624718308448792,-61.09868240356445,0.011384098790585995,0.011384098790585995,1.0598235076717203e-36,18.16464614868164,0.7943710088729858,0.8319690227508545,-0.03759799897670746,0.03759799897670746,,0.16361606121063232,,0.29519423842430115,0.64220911860466,0.3461521673275934,0.008796490763663177,-18.123303031921388,1.1289991998976565,0.045939534816381564,-62.0760809580485,0.8192538301747245,-0.011268173574205806,-0.02622478237996499,0.2551494034718778,0.00359387807713799,-62.049855931599936,0.794190015798806,-0.014862054606299214,0.011239372349033752,0.00017380050858229005,1.4974171289546043e-05,0.011239372349033752,0.00017380050858229005,1.4974171289546043e-05,1.330152892616693e-36,1.7424257902675081e-37,-2.00925737172936e-38,18.263082695007324,1.1317883979712313,-0.04663805892655879,0.9230891942977906,0.05723992369584936,0.000752195739109576,0.9741515258948008,0.05688318703427354,0.0007950794047057422,-0.05106233240415652,0.009494497800429082,-4.288368672961221e-05,0.05106233240415652,0.009494497800429082,4.288368672961221e-05,0.1848574454585711,0.010114637993571152,-0.00032172383071318476,0.32096448441346487,0.0165830193073912,-0.0008691737662433202
71.67894432392526,1.0,1500.0,0.0,94.0,1831.0,0.7639247983314003,1398.0,433.0,9.832371526851956,2.4115896320962453,9023.323635940527,12.8,0.0030133245444700788,34.53495934959349,1.11219512195122,11.109680255369765,123.0,34.5103448275862,4.3931034482758635,11.01674529972275,29.0,34.53495934959349,1.11219512195122,11.109680255369765,123.0,0.41688667801083645,-0.006874558690193663,-0.004349384099778908,-0.00015792460260877954,-0.005625811743796541,-0.0025702372000820286,-0.022717184182218273,13.382134660210463,94.0,286500.0,190.0,3816.282925605774,75.07305029134409,0.4765770435333252,-17.976545333862305,-60.23202133178711,0.036305952817201614,-60.26832580566406,0.012172999791800976,0.012172999791800976,6.764459602450394e-37,18.104421615600586,0.9645839929580688,0.9882351160049438,-0.023651113733649254,0.023651113733649254,,0.18931052088737488,,0.3393743932247162,2.2775293827056884,4.843238225330463,-0.014004153377885216,-18.426934878031414,0.8783382158854964,0.009948796239393142,-62.210240300496416,1.1102649355510399,-0.0028144123556871122,-0.026539889226357142,0.25582753111578155,0.0046607694185615564,-62.18370030721029,0.9960162353225357,-0.007475192501758735,0.011629332136362792,0.00030017426890241076,3.361787182901507e-05,0.011629332136362792,0.00030017426890241076,3.361787182901507e-05,8.47427304861776e-37,1.0960885053631241e-37,-1.2642485710359035e-38,18.595435015360515,0.8911452012694367,-0.010492518322089042,0.9254988471666972,0.0627344898787976,0.001092700247504661,0.9740991274515788,0.05741826989630221,0.0010485829712949316,-0.048600292019546035,0.011965177862418751,4.4115817172244795e-05,0.048600292019546035,0.011965177862418751,-4.4115817172244795e-05,0.18333044201135634,0.011175692546295038,-0.0003064493283016153,0.32121895949045814,0.0127450747885424,5.336148587693757e-05
70.83082361919124,1.0,1500.0,0.0,82.0,2048.0,0.5951522809546574,1218.0,830.0,9.776452086334547,2.5556245783042715,11113.196408331329,22.200000000000003,0.004630595302657378,34.74057971014493,1.4739130434782612,11.028558128431794,138.0,34.17857142857144,3.2642857142857156,11.19148668320179,56.0,34.74057971014493,1.4739130434782612,11.028558128431794,138.0,0.4098573412893088,-0.007164517484819217,-0.004195156185239143,-0.00034913873870903614,-0.00391505791505795,-0.00636293436293435,-0.02233705614744427,13.103280008645084,82.0,288000.0,191.0,3837.121465444565,75.05626355422987,0.4372105002403259,-18.56096649169922,-63.1614875793457,-0.23427240550518036,-62.927215576171875,0.012250100262463093,0.012250100262463093,4.316152628224372e-37,18.70813751220703,0.8752607703208923,0.9267832636833191,-0.05152251571416855,0.05152251571416855,,0.16553044319152832,,0.3011125326156616,1.2995792925357819,1.6332133528671187,-0.03265094970569464,-18.455913734436034,1.1349923324017257,-0.02552663147515761,-61.95115585327149,0.9222778396889527,-0.05277047332322198,-0.011028957863648733,0.21545595924201744,0.0032773690606913946,-61.94012667338053,0.8802350269122798,-0.05604788554258303,0.012066214407483736,0.00010604331970556033,1.5048129904652835e-06,0.012066214407483736,0.00010604331970556033,1.5048129904652835e-06,5.415993408505387e-37,7.006898834524444e-38,-8.084499913847814e-39,18.574681345621745,1.1241396024536723,0.02734994347289059,0.9358481327692668,0.0507445957014256,0.0002072204869899148,0.9775110721588135,0.04880509522987761,0.0007452683135850283,-0.0416629284620285,0.009955520943604646,-0.0005380469530787685,0.0416629284620285,0.009955520943604646,0.0005380469530787685,0.17916780511538188,0.00709278258100177,0.00019773001532930672,0.31549161672592163,0.013054386058146258,0.00034147113793683327
66.2206873507113,1.0,1500.0,0.0,37.0,1990.0,0.27667095604154485,550.0,1440.0,10.100833348216987,1.9944161398506957,11424.962509823145,147.20000000000002,0.032904148783977114,33.6360902255639,5.449624060150377,11.415313025611265,133.0,33.558333333333316,6.9916666666666645,11.402438351679285,96.0,33.6360902255639,5.449624060150377,11.415313025611265,133.0,0.43104072638521984,-0.010217597211527993,-0.006022456684002584,-0.0016798144174558153,-0.00401002506265665,-0.03838166845685659,-0.025298776727348204,14.070035450871723,37.0,289500.0,192.0,3856.186262845993,75.07417439590675,0.7039957046508789,-18.739330291748047,-61.867069244384766,0.32290446758270264,-62.189971923828125,0.012211817316710949,0.012211817316710949,2.753894296054578e-37,18.96881866455078,1.0145431756973267,1.0532963275909424,-0.038753215223550797,0.038753215223550797,,0.19005146622657776,,0.3080953359603882,1.0939665347337724,1.1775297654212,0.008769159660456017,-18.183282311757406,1.0532777633307533,-0.04701906210588524,-61.92530873616536,1.0309649503029914,-0.06759353994129699,0.01756862476468086,0.2879251814500644,-0.00033837738669621265,-61.942877451578774,1.028773693368035,-0.06725517162624198,0.012034957452366749,8.38499007721821e-05,6.579080217403087e-07,0.012034957452366749,8.38499007721821e-05,6.579080217403087e-07,3.453177221109515e-37,4.467032301457175e-38,-5.153288758278205e-39,18.323993746439616,1.0571779146061366,0.05017119928514824,0.9462138752142588,0.06452876134975817,-0.0007439269239831244,0.9839324315388998,0.0651272850931817,-7.48634338379051e-05,-0.03771856082603335,0.011646884134056859,-0.0006690621133624375,0.03771856082603335,0.011646884134056859,0.0006690621133624375,0.1825688267747561,0.009461963967298842,0.0003141455609222919,0.3156498630841573,0.01080065986187797,5.731504406360753e-05
70.92095052784887,1.0,1500.0,0.0,116.0,2082.0,0.8293342833429668,1726.0,356.0,9.907804505067565,1.9297900362267781,9520.253227754447,11.4,0.002375197933161097,34.282857142857125,0.9528571428571431,11.041659175397204,140.0,33.62500000000001,4.6499999999999995,11.333629560383295,24.0,34.282857142857125,0.9528571428571431,11.041659175397204,140.0,0.4196028749773845,-0.0066407744671893665,-0.0038169560478623953,-0.00016107441344476002,-0.007417107829478781,-0.004859292281972684,-0.021742358792268754,12.914463226382834,116.0,291000.0,193.0,3877.867648124695,75.04124080684528,0.6090954542160034,-18.053848266601562,-63.66737747192383,-0.12923738360404968,-63.53813934326172,0.011999575421214104,0.011999575421214104,1.754452582265186e-37,18.148639678955078,0.9000322818756104,0.9507796764373779,-0.05074737221002579,0.05074737221002579,,0.18327288329601288,,0.33721667528152466,1.390664929151535,1.8969297165547037,0.03293344385764487,-18.40061861673991,0.9230332806826702,0.011421078861224126,-63.072143681844075,1.096847132771516,-0.03299083688500323,-0.0074490079035361605,0.2756229648207174,0.0031529643785237513,-63.06469446818034,1.0445308247885978,-0.0361438297191079,0.011958459826807181,0.00016403422425912814,-2.6478248755051535e-06,0.011958459826807181,0.00016403422425912814,-2.6478248755051535e-06,2.202185654760205e-37,2.8586549437281474e-38,-3.297753748527678e-39,18.565954971313477,0.90170325651032,-0.012153363254365038,0.9312585274378459,0.06427226329766754,0.00041685480960084874,0.9783396621545156,0.062231095019016615,0.0007116740882330151,-0.04708112974961599,0.01207956713824387,-0.00029481806035036405,0.04708112974961599,0.01207956713824387,0.00029481806035036405,0.18149915585915247,0.010131162781079282,0.00017384641759254514,0.3181599090496699,0.01090719742765313,0.0005743525648806558
67.08229541778564,1.0,1500.0,0.0,16.0,1879.0,0.12581696876989606,236.0,1643.0,10.098761642725698,1.7467738595825872,11142.76691235427,200.60000000000002,0.04731801670047648,33.64603174603175,6.911111111111109,11.467557295046687,126.0,33.518181818181816,7.7036363636363605,11.486428462436487,110.0,33.64603174603175,6.911111111111109,11.467557295046687,126.0,0.4199242808184388,-0.009706661942015193,-0.005005249122759757,-0.002030434186422729,-0.0017004048582995957,-0.03789473684210518,-0.02376375895704555,14.622114362181179,16.0,292500.0,194.0,3896.061796426773,75.0758112379693,0.575400173664093,-18.547744750976562,-62.938472747802734,0.5821142196655273,-63.52058792114258,0.011491606943309307,0.011491606943309307,1.1219569022136793e-37,18.73822021484375,1.0637376308441162,1.1103336811065674,-0.046595990657806396,0.046595990657806396,,0.194382444024086,,0.33331266045570374,2.348961180448532,6.200212898066831,0.16351173378866957,-18.135653686523437,1.1484450528188443,-0.005541724013009088,-62.86630160013835,0.85432967787987,0.01527780484039437,-0.004592223837971687,0.32131968483641676,0.0004573280018680724,-62.86170959472656,0.8477011909013822,0.014820445976216302,0.011765069390336672,0.00023398962331945685,-2.5690773354886985e-05,0.011765069390336672,0.00023398962331945685,-2.5690773354886985e-05,1.4041638356878726e-37,1.8053460107117053e-38,-2.08236279500632e-39,18.296761989593506,1.1068786936389226,0.008964309649949834,0.9382301688194274,0.07125786189402801,0.00040048653875227605,0.9789672513802846,0.07221905833631541,9.567235017375795e-05,-0.04073707833886146,0.010214370212816919,0.0003048151408273474,0.04073707833886146,0.010214370212816919,-0.0003048151408273474,0.18264514456192651,0.008795751724012467,6.875878114986165e-05,0.3175676922003428,0.011764553468187042,7.791999184646958e-05
72.35396455835414,1.0,1500.0,0.0,54.0,1877.0,0.4253463018266442,798.0,1079.0,10.246650682987637,2.390654435069878,10527.154827375174,53.6,0.01283217620301652,33.15079365079364,2.8968253968253967,11.625716656425903,126.0,33.016666666666666,4.891666666666666,11.694817328817697,72.0,33.15079365079364,2.8968253968253967,11.625716656425903,126.0,0.43731504643825747,-0.008134311268070129,-0.004780012528240063,-0.000571177035863875,-0.003702323269971444,-0.00636103863834016,-0.02432810938158423,14.306055969574194,54.0,294000.0,195.0,3915.408436059952,75.08795181936374,0.5838541984558105,-19.04503059387207,-64.42250061035156,0.11534429341554642,-64.537841796875,0.011584077961742878,0.011584077961742878,7.138015392888684e-38,19.239238739013672,0.9513313174247742,1.0058730840682983,-0.05454172194004059,0.05454172194004059,,0.19865143299102783,,0.3313102126121521,0.9433205957214038,0.9851359666350791,-0.0165352322003733,-18.19125633239746,0.8364319500858169,-0.02959456990107218,-63.859731674194336,1.2182858558954555,0.01585383685730588,-0.049957553918162985,0.272238812422195,-0.007181716251194284,-63.80977363586426,1.156940051947288,0.023035581968519542,0.011658637691289187,0.00013635621226359076,-8.580485800150882e-06,0.011658637691289187,0.00013635621226359076,-8.580485800150882e-06,8.950429771429861e-38,1.1690333022680885e-38,-1.3480205006527551e-39,18.3220019976298,0.8482856526102323,0.030423309063089002,0.9208227276802063,0.0639720104698971,-0.0012083338948590452,0.9687615692615509,0.06119029275463674,-0.0016101124156701761,-0.047938847169280055,0.013808388396041916,0.0004017781702443159,0.047938847169280055,0.013808388396041916,-0.0004017781702443159,0.18172598828872044,0.010672527322406882,0.0005214196523118953,0.3207877387603124,0.013239089937553126,0.0008083062455704496
70.15989063807896,1.0,1500.0,0.0,105.0,2081.0,0.7568848388391828,1575.0,506.0,9.650435256217344,2.1878429853140826,9979.207708946633,11.0,0.0022494887525562374,35.17985611510792,0.7856115107913668,10.85410073049367,139.0,33.50588235294117,2.7764705882352945,11.390104805857566,34.0,35.17985611510792,0.7856115107913668,10.85410073049367,139.0,0.39984979312331015,-0.006983878003067493,-0.004226100366742561,-0.00024907895773790766,-0.006575455564073712,-0.0034911835820015283,-0.021527928359811776,12.539008767796453,105.0,295500.0,196.0,3936.966302871704,75.05779254052955,0.5083931088447571,-19.712371826171875,-63.53693389892578,-0.4003964960575104,-63.13653564453125,0.01208105031400919,0.01208105031400919,4.5620863381149893e-38,19.95952796936035,0.8550168871879578,0.8893320560455322,-0.03431519493460655,0.03431519493460655,,0.18699777126312256,,0.31582415103912354,1.220260927081108,1.7322355597182424,-0.004194568984367979,-18.245639101664224,0.9830950892382487,-0.013033647293243059,-63.58694737752278,1.2625860069656172,-0.019732127969335274,0.06300355444351832,0.308822855168449,-0.003148441250385255,-63.649950408935545,1.185763912039583,-0.01658372040982854,0.011917340538154046,0.0001440947883352353,3.1862911396347564e-06,0.011917340538154046,0.0001440947883352353,3.1862911396347564e-06,5.711465362080918e-38,7.356026453524616e-39,-8.484927643216189e-40,18.40948708852132,1.0003418009347467,0.012157294641479586,0.9520261367162068,0.07267380942936391,-0.0007723608059400751,0.9941796282927196,0.06972817526978549,-0.0007084617757956611,-0.042153497536977134,0.013735594139974166,-6.389987465404238e-05,0.042153497536977134,0.013735594139974166,6.389987465404238e-05,0.18778486003478367,0.009904258898581148,-0.0002355104194201973,0.32293753921985624,0.012483748389182392,-0.0004810073550736722
71.44080777261772,1.0,1500.0,0.0,102.0,1920.0,0.7894113092726633,1515.0,405.0,9.862370801160989,1.7469213988194452,8926.689801542916,11.4,0.0025647948164146867,34.45581395348837,1.2790697674418605,11.144931190331334,129.0,35.34814814814815,4.451851851851852,10.836705126293795,27.0,34.45581395348837,1.2790697674418605,11.144931190331334,129.0,0.42380847848966385,-0.007018053193594486,-0.003498793209076883,-0.00021081227601737042,-0.0013681989642605993,-0.01145706796240652,-0.022446497879831467,13.506382877152133,102.0,297000.0,197.0,3958.03076672554,75.0373146406102,0.40007317066192627,-17.85016632080078,-63.241943359375,-0.035398930311203,-63.20654296875,0.01264933031052351,0.01264933031052351,2.918437788540281e-38,17.988773345947266,0.9405703544616699,0.9718999862670898,-0.03132958710193634,0.03132958710193634,,0.1790597140789032,,0.33509695529937744,0.8512643456459046,0.6208096255185154,0.00813609006274925,-18.225890890757242,0.996297022550654,-0.022293224271067617,-63.083795166015626,0.9819153066902429,-0.004411685930873088,-0.005561114971836408,0.2318314037590452,-0.0027128090060526337,-63.078233846028645,0.9312802326127823,-0.0016988259931812117,0.012554217285166184,0.0001978689980794778,1.3393540561066363e-05,0.012554217285166184,0.0001978689980794778,1.3393540561066363e-05,3.652279465323274e-38,4.694012139681467e-39,-5.4143334899628665e-40,18.33722826639811,1.0027860774910886,0.024114628708004248,0.9470345139503479,0.05501294463651392,-0.0005069805597171847,0.9787098030249278,0.05297204799430986,-0.0006140450216639374,-0.031675283331424,0.010844701059678316,0.00010706486368968415,0.031675283331424,0.010844701059678316,-0.00010706486368968415,0.1855080728729566,0.010722880017225067,0.00018485023726080117,0.3211924433708191,0.014145204114504864,0.0004070220322444446
70.06549265477564,1.0,1500.0,0.0,77.0,1928.0,0.596250484376609,1149.0,779.0,10.205218614366977,1.858778076370275,9647.340053303567,38.6,0.008988868706627543,33.28837209302328,2.058914728682171,11.541701159673295,129.0,32.68846153846153,3.9923076923076946,11.669849086597596,52.0,33.28837209302328,2.058914728682171,11.541701159673295,129.0,0.4319496701290006,-0.008158214498991827,-0.0037555809733715436,-0.0004869457687243637,-0.0020253382745841647,-0.01999482892355435,-0.023997861249234607,13.778752677931152,77.0,298500.0,198.0,3978.231909275055,75.03333310058213,0.5714765787124634,-20.393600463867188,-64.3213119506836,0.27561521530151367,-64.596923828125,0.012377862818539143,0.012377862818539143,1.8651480143246785e-38,20.530427932739258,0.9991906881332397,1.0427558422088623,-0.04356519877910614,0.04356519877910614,,0.19549386203289032,,0.3312350809574127,0.6865817974011104,0.4397156752877423,0.0020714033100840863,-18.475602912902833,1.0431310797114852,-0.02487212871683006,-63.3119010925293,1.051673636018961,-0.007236586794570867,-0.006783301134904226,0.2747764501791723,0.0010705042236771546,-63.30511741638183,0.9349478370357802,-0.008307099474947541,0.012548109081884225,0.00010742817965403331,-1.6427560563350202e-06,0.012548109081884225,0.00010742817965403331,-1.6427560563350202e-06,2.3341549966125385e-38,3.0093005066245036e-39,-3.4706285027595608e-40,18.637396558125815,1.0431437224492934,0.024224914194346317,0.9479391853014628,0.06692714891976247,0.00027021430888613077,0.9784511923789978,0.06281531492708742,0.00023994326458888168,-0.03051201334844033,0.010762597566705267,3.0269876984388634e-05,0.03051201334844033,0.010762597566705267,-3.0269876984388634e-05,0.18513274242480596,0.009195966450942419,-0.0001000417982776172,0.3177754064400991,0.014243266711660563,-0.0003206940858860106
72.8157440378696,1.0,1500.0,0.0,79.0,1811.0,0.6475279742414716,1172.0,639.0,10.39970441024101,2.1446830918741973,9281.77892932316,21.8,0.005471063594840135,32.66065573770493,1.742622950819672,11.763130460802286,122.0,32.902325581395345,4.255813953488372,11.703591058044399,43.0,32.66065573770493,1.742622950819672,11.763130460802286,122.0,0.4485913451038342,-0.007465554722237718,-0.0034836014859591707,-0.00025351167117311453,-0.0015644011819920028,-0.01029028333043627,-0.025001675713241366,14.479986541668334,79.0,300000.0,199.0,3998.2069959640503,75.03363390210461,0.32156336307525635,-18.412757873535156,-65.28550720214844,-0.0631054937839508,-65.22240447998047,0.012346590869128704,0.012346590869128704,1.185089882186598e-38,18.462596893310547,0.918773889541626,0.9656400084495544,-0.046866122633218765,0.046866122633218765,,0.1782459020614624,,0.29748374223709106,1.0215807353456816,1.4850986963181703,-0.027787367344830827,-18.41442737579346,0.9059994479141782,-0.00043304282115182445,-64.4990790049235,0.9629106718779493,-0.04183123782691322,-0.06348548469444117,0.24715338589702485,-0.011534405196369427,-64.43559354146322,0.9243391842399766,-0.030296881551603042,0.012299068334201971,0.00011965309643756712,-1.0682511515294101e-05,0.012299068334201971,0.00011965309643756712,-1.0682511515294101e-05,1.4881626813538055e-38,1.944370214313094e-39,-2.242476269226464e-40,18.536563618977866,0.9129901680655657,-0.0019665905843194195,0.9258953432242075,0.05695630415237,-0.0028425743237751404,0.9656052708625793,0.056181125708020245,-0.0026226892354623867,-0.03970992900431156,0.010352218131456458,-0.00021988655936731132,0.03970992900431156,0.010352218131456458,0.00021988655936731132,0.18443726599216462,0.010395274354316355,-0.0003421436162360948,0.31862763365109764,0.014559266403950154,-0.00015335125440485594
67.5336098390467,1.0,1500.0,0.0,68.0,1890.0,0.5329699950806187,1007.0,883.0,9.938063485962504,2.3088097923766506,10366.355759790707,48.2,0.011105479010183862,34.1748031496063,2.9244094488188974,11.218374758089219,127.0,33.400000000000006,4.979661016949153,11.51264004035206,59.0,34.1748031496063,2.9244094488188974,11.218374758089219,127.0,0.4146723547886886,-0.007666292455222684,-0.0039005814779186515,-0.0004528237305278719,-0.0024277783005551986,-0.029208619553966524,-0.022642434473370186,13.08995392427129,68.0,301500.0,200.0,4018.324177503586,75.031278384142,0.4750150144100189,-19.12935447692871,-66.1609878540039,-0.04595278948545456,-66.11503601074219,0.012842623516917229,0.012842623516917229,7.554357982221159e-39,19.10953140258789,0.9162446856498718,0.9694487452507019,-0.05320405960083008,0.05320405960083008,,0.16156840324401855,,0.29002439975738525,0.6465638289848964,0.5050996597666123,-0.0031326417198966304,-18.382553100585938,0.8709949169277303,-0.0002231466359102229,-64.61877454121908,1.038676446597396,-0.054920328923139985,0.08295961904029052,0.2405735931503154,-0.0007053880234382523,-64.70173352559408,0.9820014550705058,-0.05421495023903457,0.012410139447698991,0.00017209844900906455,6.098618670816994e-06,0.012410139447698991,0.00017209844900906455,6.098618670816994e-06,9.473795662170095e-39,1.225141627527249e-39,-1.4132761245184802e-40,18.50382048288981,0.870910994115197,-0.0006232201191160076,0.9599482417106628,0.05708405629627943,-0.0006507960522135106,0.9988805214564006,0.0547611457688932,-0.00015847979981592153,-0.038932272046804425,0.010732643351199384,-0.0004923155172847134,0.038932272046804425,0.010732643351199384,0.0004923155172847134,0.17825769186019896,0.008839637306127435,-6.276598496485168e-05,0.3105829586585363,0.012052077649525195,-0.00023982476472059167
67.13432696887425,1.0,1500.0,0.0,56.0,1856.0,0.44929031717696805,833.0,1023.0,9.996196448011508,2.748567730125914,11247.020112476559,99.4,0.023393739703459638,33.99200000000001,4.164799999999999,11.316682522132739,125.0,33.60289855072464,6.38840579710145,11.407447684342186,69.0,33.99200000000001,4.164799999999999,11.316682522132739,125.0,0.4202669595642171,-0.00862134444293419,-0.0037595308428159213,-0.0008416983885858803,-0.0016414287365622432,-0.03689746850075163,-0.023295203869653763,13.805502750177022,56.0,303000.0,201.0,4037.8196125030518,75.04049934815433,0.5307952165603638,-19.313892364501953,-65.28654479980469,-0.11645244807004929,-65.17008972167969,0.013372987508773804,0.013372987508773804,4.8263759929014285e-39,19.435422897338867,0.914340615272522,0.9530092477798462,-0.03866865113377571,0.03866865113377571,,0.17304068803787231,,0.3158051073551178,0.9801699499289195,1.5370698020126936,-0.026569338807539918,-18.742445055643717,0.717523042160532,0.010353424869999977,-64.67843805948893,1.1882971989033493,-9.895299246912378e-06,-0.06052634119987488,0.24944302388025258,-0.002210799792783541,-64.61791203816732,1.1624268534519702,0.0022009368998342264,0.013235221151262522,0.00015317329361579156,-2.719787828980799e-06,0.013235221151262522,0.00015317329361579156,-2.719787828980799e-06,6.043915183107011e-39,7.775941258605721e-40,-8.969498547595651e-41,18.869368934631346,0.76328630470898,-0.011812966233233309,0.9317840258280436,0.0590697734947516,-0.00035919633935372415,0.9659989476203918,0.05768400015471375,-0.000509359786189582,-0.03421494606882334,0.013280131466445893,0.00015016279832871327,0.03421494606882334,0.013280131466445893,-0.00015016279832871327,0.18102286209662755,0.00735919052234935,-6.538769095572897e-05,0.31920932829380033,0.012236044411587961,-0.0003734414052379887
70.40829882414445,1.0,1500.0,0.0,46.0,1895.0,0.3598772258145745,681.0,1214.0,9.983688383844205,2.066406408356276,10805.032646853055,104.4,0.024157719363198816,34.0283464566929,4.296062992125985,11.33518256426368,127.0,34.034567901234546,6.390123456790122,11.295191617606603,81.0,34.0283464566929,4.296062992125985,11.33518256426368,127.0,0.42656435294694833,-0.007879033254530446,-0.005187488096284319,-0.0010644403139507467,-0.0012835139760410702,-0.015972618368511084,-0.02387549370108317,13.8089931559279,46.0,304500.0,202.0,4057.1097617149353,75.05342913653098,0.6638206243515015,-19.18653106689453,-65.13280487060547,-0.2602340877056122,-64.87257385253906,0.012692409567534924,0.012692409567534924,3.0784523404412247e-39,19.425579071044922,0.8888366222381592,0.9204044342041016,-0.03156787157058716,0.03156787157058716,,0.18816034495830536,,0.32990336418151855,0.8289808392524719,0.7010609043503032,0.00992873279881291,-18.48609848022461,0.8636945965531413,-0.025935826285662038,-64.87234535217286,0.8502540323637998,-0.035585274022729325,-0.0400475412607193,0.3593242265839604,0.008805277645256418,-64.83229764302571,0.8203515334720389,-0.04439047791138284,0.012829024561991293,0.0002531295088923369,-1.99540597992695e-05,0.012829024561991293,0.0002531295088923369,-1.99540597992695e-05,3.859339922670872e-39,4.999764830746476e-40,-5.767469394452412e-41,18.587758827209473,0.844898723156086,0.024438083211624845,0.9377106030782064,0.08213213974851744,0.001667703829034407,0.9706183910369873,0.0826721303093452,0.0020453625711901314,-0.0329077976445357,0.008822325775043507,-0.0003776600557452976,0.0329077976445357,0.008822325775043507,0.0003776600557452976,0.18252666344245275,0.008630050516988508,-7.337641729263939e-05,0.32047131955623626,0.012096203467735777,0.0003408135442235089
69.04406788664043,1.0,1500.0,0.0,106.0,2023.0,0.7807775971727892,1579.0,444.0,9.72605740223894,2.046932769904337,9849.286016930084,12.200000000000001,0.0025692864965040857,34.914705882352955,1.092647058823529,10.903843215389168,136.0,33.92,2.6,11.178131602361955,30.0,34.914705882352955,1.092647058823529,10.903843215389168,136.0,0.40832454821092684,-0.007218727049014693,-0.0038281117885847404,-0.00021850548517840732,-0.0028644592663173186,-0.016817532158170667,-0.022410622353122783,12.812002154160345,106.0,306000.0,203.0,4078.5273892879486,75.02707982388299,0.6477268934249878,-16.922727584838867,-67.00159454345703,-0.13180255889892578,-66.86978912353516,0.012311922386288643,0.012311922386288643,1.959561759527181e-39,16.979324340820312,0.8997560739517212,0.9500247240066528,-0.050268638879060745,0.050268638879060745,,0.1849888265132904,,0.3133987784385681,0.7557758942246438,0.6580471556811816,-0.020675535485131864,-18.454355430603027,0.8545899003625124,0.009459638330377364,-65.55734532674154,0.8292422194365034,-0.037141211385587916,-0.002409968028465907,0.2518010118068831,-0.008282685967719599,-65.55493494669597,0.7401224709271497,-0.028858479297198477,0.01257305567463239,8.026781298608267e-05,5.849696140531538e-07,0.01257305567463239,8.026781298608267e-05,5.849696140531538e-07,2.4599339586320748e-39,3.2040682394159414e-40,-3.6961798637931004e-41,18.59103209177653,0.8691466483635474,-0.00931617091839809,0.9421236316363016,0.05944966465761255,-0.0020894235445474744,0.979448260863622,0.0575250780790556,-0.00189003399402337,-0.037324621838827926,0.008020410962616829,-0.0001993892542412857,0.037324621838827926,0.008020410962616829,0.0001993892542412857,0.1839046503106753,0.009750037882798908,0.0005348701995524956,0.32366083065668744,0.011896587123875776,0.0002597071305000162
67.14025959547828,1.0,1500.0,0.0,34.0,1962.0,0.2552542646595617,500.0,1462.0,10.075696638750122,1.9116982850768158,11197.125869080945,189.60000000000002,0.04261248707690925,33.70757575757575,5.987878787878788,11.44188563326009,132.0,33.669387755102036,7.63265306122449,11.416262930756115,98.0,33.70757575757575,5.987878787878788,11.44188563326009,132.0,0.43227455372495366,-0.008805439815304392,-0.005823072539094679,-0.0018576411345177398,-0.003127443315089906,-0.03315089913995314,-0.024656747493771308,13.745273938439519,34.0,307500.0,204.0,4097.433616876602,75.04697543688373,0.3770369291305542,-17.909198760986328,-66.57913208007812,0.0795578584074974,-66.65869140625,0.012625395320355892,0.012625395320355892,1.2518233584337532e-39,17.91719627380371,0.9540378451347351,0.998196542263031,-0.044158659875392914,0.044158659875392914,,0.18083611130714417,,0.3013356924057007,0.8580244183540344,0.6788733617752134,0.01550097057100663,-18.448839886983237,0.8759387683051286,0.033003763998708954,-65.54491399129232,0.942048385463257,0.02672635291654565,0.010277430713176727,0.25908240047568665,-0.0012320929609893813,-65.55519180297851,0.9220939892604243,0.02795837028936385,0.01262145886818568,0.00017603740610015696,1.1602033331608764e-05,0.01262145886818568,0.00017603740610015696,1.1602033331608764e-05,1.5671418106080174e-39,2.0224419807609363e-40,-2.3325750811744415e-41,18.590976587931316,0.8638086316280202,-0.031908574597589515,0.9486889878908793,0.059512745840792934,0.0001529388353476905,0.9823054889837901,0.05924534539279532,-0.00028272891071137913,-0.03361649438738823,0.010649993500402511,0.00043566598410866393,0.03361649438738823,0.010649993500402511,-0.00043566598410866393,0.1820909822980563,0.007546914268156342,5.4932996481488465e-05,0.31986025472482044,0.011082037112499454,-0.00029171394294043296
64.4285412554471,1.0,1500.0,0.0,53.0,1961.0,0.3995934136046297,783.0,1178.0,10.011367184854159,1.950828263305714,11128.479149703466,90.60000000000001,0.020218701182771703,33.946969696969695,4.32878787878788,11.271586002864366,132.0,33.46835443037976,5.936708860759493,11.402810068629266,79.0,33.946969696969695,4.32878787878788,11.271586002864366,132.0,0.4175261170900767,-0.008500876784122306,-0.003923196163608603,-0.0010349577138440433,-0.0014579030494472085,-0.04976309075446527,-0.023682855322919735,13.308869474568402,53.0,309000.0,205.0,4117.020241975784,75.05428242726077,0.6352542638778687,-20.289159774780273,-65.97352600097656,-0.09621851146221161,-65.87730407714844,0.01241168100386858,0.01241168100386858,7.988157947822193e-40,20.32254981994629,0.9263120293617249,0.9580777883529663,-0.03176567703485489,0.03176567703485489,,0.18819445371627808,,0.316432386636734,0.8336468309164047,0.669028364778651,0.008873537219273493,-18.64756965637207,0.9395959597219209,0.005454230388094448,-66.09925969441731,0.9059330853970048,0.019149564715462614,-0.04972760627667109,0.2603174891620961,-0.006638788268616526,-66.04953257242839,0.9615346813803922,0.025788354926699387,0.012668506583819787,0.0001437474429565662,-1.2278736872521971e-05,0.012668506583819787,0.0001437474429565662,-1.2278736872521971e-05,1.0005027676445889e-39,1.2951148038940986e-40,-1.493617784106985e-41,18.76707763671875,0.922229547580387,-0.005680441511619336,0.9331639627615611,0.05672536496380495,-0.0011057240679213944,0.9686184306939443,0.05968830976605395,-0.0015155275220733414,-0.0354544747620821,0.011008769854914622,0.0004098044130308883,0.0354544747620821,0.011008769854914622,-0.0004098044130308883,0.1821693668762843,0.007390692399898309,-0.00013549486972864574,0.3125168263912201,0.012317455992737925,-0.00021195981871167957
72.09992952815821,1.0,1500.0,0.0,61.0,1832.0,0.4953412896556224,907.0,925.0,10.348884904652392,2.157135963886283,9982.339077330602,34.6,0.008565628558696836,32.84065040650407,2.4130081300813004,11.702374335182501,123.0,32.41935483870967,4.383870967741935,11.830460998391972,62.0,32.84065040650407,2.4130081300813004,11.702374335182501,123.0,0.438469047461848,-0.007856319141495307,-0.003731588814047852,-0.0005125559634791669,-0.0005841507770307503,-0.01102171277416508,-0.024695420420746354,14.082214622743033,61.0,310500.0,206.0,4136.730190992355,75.05928249227067,1.0080831050872803,-18.43879508972168,-65.5421371459961,0.010463431477546692,-65.55259704589844,0.012602760456502438,0.012602760456502438,5.102744279930962e-40,18.724624633789062,0.9578405022621155,0.9823921918869019,-0.024551713839173317,0.024551713839173317,,0.17910000681877136,,0.31451040506362915,0.8779035866260528,0.6948082905601527,-0.02026408661459394,-18.480747604370116,0.8879618941385502,0.017392106952603827,-65.69072443644205,0.9800195363469637,-0.019230536438597578,-0.013862266018986703,0.2613790268125464,-0.0032847928233419805,-65.67686157226562,0.8560982052073863,-0.015945682377118943,0.012470956581334272,0.00012832782891481195,5.32697285375274e-06,0.012470956581334272,0.00012832782891481195,5.32697285375274e-06,6.394208970622e-40,8.239637541342113e-41,-9.505204195268529e-42,18.614759508768717,0.8833437996696932,-0.01898567742845274,0.9491522034009298,0.06347979592647107,-0.0008064759056083035,0.9768242975076039,0.059610271548316475,-0.000750824222310119,-0.02767209904268384,0.009374519708055695,-5.5651695108054584e-05,0.02767209904268384,0.009374519708055695,5.5651695108054584e-05,0.18070436616738636,0.009935412603261806,-8.42143020057062e-05,0.3123463491598765,0.012906721351415181,0.0001659657453933671
69.19268382113913,1.0,1500.0,0.0,92.0,2068.0,0.6637400408887386,1372.0,696.0,9.947180051315321,2.201105717190951,10516.091444404286,34.6,0.007289428222306493,34.148201438848915,1.5726618705035975,11.18941326186735,139.0,33.157446808510635,3.302127659574469,11.463787549014922,47.0,34.148201438848915,1.5726618705035975,11.18941326186735,139.0,0.41752857553535905,-0.007990091161818596,-0.0036345118845820985,-0.0003133891703970994,-0.0031215005599104398,-0.017749160134378602,-0.023478142808174306,13.090264741510328,92.0,312000.0,207.0,4157.691620826721,75.04164051925561,0.5468987226486206,-18.37760353088379,-65.81079864501953,-0.1653972864151001,-65.64540100097656,0.012137295678257942,0.012137295678257942,3.2445664642976814e-40,18.517547607421875,0.9205441474914551,0.942508339881897,-0.021964246407151222,0.021964246407151222,,0.16441747546195984,,0.2989772856235504,0.9653592109680176,1.334663337336204,-0.037365488162693195,-18.451038551330566,0.6692216483663043,0.006463088819527502,-66.72216440836588,1.2215392674687937,-0.07284418260958285,0.09478452230493227,0.29497749420974295,-2.4490200969353065e-05,-66.81694869995117,1.1831365309676487,-0.07281964464367859,0.012502470488349597,0.00023535698418437325,-2.4907518016615972e-05,0.012502470488349597,0.00023535698418437325,-2.4907518016615972e-05,4.073782495064451e-40,5.322059221332143e-41,-6.138925217280382e-42,18.590281867980956,0.6996605187736027,-0.005978091009732314,0.9650082747141521,0.06871406718538747,-0.0006963185924576919,1.0016230583190917,0.067452841908745,-1.5584539385878452e-05,-0.0366147929802537,0.012509024673939164,-0.0006807359182032381,0.0366147929802537,0.012509024673939164,0.0006807359182032381,0.18307633101940154,0.008377072919254464,-4.0377790856287186e-05,0.3154558837413788,0.013309395508258211,-7.573630043344362e-05
70.44580679673415,1.0,1500.0,0.0,78.0,2011.0,0.5754500070454227,1157.0,854.0,9.935202482044549,1.901399388977935,10321.877064289036,60.0,0.012997140629061606,34.195555555555565,2.68148148148148,11.268286477510783,135.0,34.12280701754386,5.3999999999999995,11.256795668736084,57.0,34.195555555555565,2.68148148148148,11.268286477510783,135.0,0.42458877949864776,-0.007310727861885162,-0.003387519009189283,-0.0007449187110300491,-0.001625743735858544,-0.01816810525433679,-0.022699299340668395,13.740732069741881,78.0,313500.0,208.0,4178.122674226761,75.03369920990149,0.37506595253944397,-18.768150329589844,-66.66658782958984,-0.10194674134254456,-66.56464385986328,0.012928564101457596,0.012928564101457596,2.075827493112211e-40,18.870901107788086,0.9280582070350647,0.9565538763999939,-0.028495583683252335,0.028495583683252335,,0.17220208048820496,,0.2974049746990204,0.7114713937044144,0.5816641524427298,0.0012054662086541704,-18.21943842569987,0.9942835412155959,0.006829323094997529,-66.31583786010742,0.7434221135555632,0.015375130964203185,0.11213634622593721,0.22865918398481017,-0.003944327829776536,-66.42797470092773,0.6935689364483737,0.019319404033454342,0.012635169643908739,0.0003016805040895348,3.17802843332152e-05,0.012635169643908739,0.0003016805040895348,3.17802843332152e-05,2.597340334789192e-40,3.341567540759155e-41,-3.854290286761031e-42,18.34928731918335,0.999785274984187,-0.00714936070765793,0.9768814384937287,0.05307411956269426,-0.0005573410743866441,1.00560671488444,0.052159098440638645,-0.0008882330840368776,-0.028725291322916745,0.00791851950125512,0.00033089196924803983,0.028725291322916745,0.00791851950125512,-0.00033089196924803983,0.18149647017319998,0.009362045854169214,0.00010417173383498036,0.30994440813859303,0.012419779614048563,-2.3110868933474142e-05
70.16173688570659,1.0,1500.0,0.0,84.0,1881.0,0.6653655735010993,1251.0,630.0,9.953184789336694,2.4212275895050883,10143.80405603215,28.200000000000003,0.006506991554755642,34.124409448818895,1.7952755905511812,11.218195182112128,127.0,34.05116279069767,4.051162790697675,11.290963515770743,43.0,34.124409448818895,1.7952755905511812,11.218195182112128,127.0,0.42377619142021083,-0.007497470740930246,-0.0033760481305149695,-0.00040310531255733056,-0.0030284205621991214,-0.016710669358596126,-0.023696525880907444,13.580718230625424,84.0,315000.0,209.0,4198.541903734207,75.02604647576274,0.7307974100112915,-19.138072967529297,-66.41866302490234,-0.05139236897230148,-66.36727142333984,0.012048200704157352,0.012048200704157352,1.3218588543822432e-40,19.257749557495117,0.9456039667129517,0.9683696031570435,-0.02276558429002762,0.02276558429002762,,0.18891988694667816,,0.32958370447158813,0.7490597198406855,0.6313294870656225,0.008999654614222585,-18.701978302001955,0.8044620449120911,0.004689721774737256,-67.46809743245443,0.8291560128236417,0.01876821210307624,0.051390214016040166,0.2491256766815838,0.0055339048831030595,-67.51948750813803,0.8131437977522766,0.013234329647960959,0.01236335774883628,0.00024117368504881682,-2.596970954215847e-05,0.01236335774883628,0.00024117368504881682,-2.596970954215847e-05,1.6566724977618361e-40,2.15104103142077e-41,-2.4803871294772517e-42,18.825123469034832,0.7971432630703442,-0.005069530686494689,0.9545661091804505,0.056894250589484864,0.0015284456055739656,0.9916275938351949,0.05675777741261003,0.0012630587027255764,-0.037061471057434875,0.00908630556997741,0.0002653857603984099,0.037061471057434875,0.00908630556997741,-0.0002653857603984099,0.18259884466727574,0.009148780977193183,-0.0002887105815800526,0.3141685575246811,0.011484922586310188,-3.925512179119662e-05
72.61937936147054,1.0,1500.0,0.0,48.0,1847.0,0.3898578115661391,720.0,1127.0,10.127752220374559,2.2215191889407255,10507.049940176461,80.60000000000001,0.019370343667387647,33.556451612903224,3.3258064516129036,11.469424817721753,124.0,33.886842105263156,5.2552631578947375,11.30041463162511,76.0,33.556451612903224,3.3258064516129036,11.469424817721753,124.0,0.44164384514147,-0.008232146827519169,-0.00523863720338625,-0.0009148630163453079,-0.0023127908616556144,-0.00733323931744464,-0.025740248612057492,14.728466894558013,48.0,316500.0,210.0,4217.657710075378,75.04165149389125,0.2541200518608093,-19.292007446289062,-66.473388671875,-0.19779068231582642,-66.27559661865234,0.01157316379249096,0.01157316379249096,8.433294417999614e-41,19.33644676208496,0.9173879623413086,0.9356395602226257,-0.018251636996865273,0.018251636996865273,,0.17357856035232544,,0.2941020429134369,0.6697735245029132,0.5090423643526644,-0.01734470846058929,-18.4823029200236,0.8664814977460134,0.001503524950004597,-67.66956888834635,1.0082209207559671,0.03879011279351386,-0.03327418640255928,0.2902314237718967,-0.0050021019989046605,-67.63629480997722,0.997747477832636,0.043792257849978644,0.011801676886777083,0.0002331804785864366,-2.3105619547762536e-05,0.011801676886777083,0.0002331804785864366,-2.3105619547762536e-05,1.0559493919909421e-40,1.3675045412724227e-41,-1.5768906701590387e-42,18.628990936279298,0.8755548627668192,-0.0028130315965224904,0.9378238260746002,0.06504454373484156,-0.000534755037942137,0.9725525597731273,0.06541663673311711,-0.0011299604436049186,-0.0347287335122625,0.011276206232961909,0.0005952065804345475,0.0347287335122625,0.011276206232961909,-0.0005952065804345475,0.1814838618040085,0.009210870887346524,0.00026222218130533636,0.3125905454158783,0.014592967203963827,-2.788261523899953e-05
70.99998383773,1.0,1500.0,0.0,38.0,1801.0,0.31549059267080987,568.0,1233.0,10.33464083706114,1.9679038489960268,10312.401010515812,92.80000000000001,0.023335345001005835,32.86611570247933,3.5619834710743796,11.748960369625465,121.0,32.657831325301196,4.92289156626506,11.7617921337123,83.0,32.86611570247933,3.5619834710743796,11.748960369625465,121.0,0.43690413472047934,-0.008939665374250757,-0.0054087232977130225,-0.0014260124409895853,-0.001041298976350158,-0.015813625132368482,-0.026570987578732847,14.68235673869973,38.0,318000.0,211.0,4236.570858240128,75.06070608532139,0.4186142086982727,-17.681774139404297,-66.83452606201172,0.2827640473842621,-67.1172866821289,0.011846856214106083,0.011846856214106083,5.387011686403894e-41,17.858213424682617,1.0198893547058105,1.0437467098236084,-0.02385737933218479,0.02385737933218479,,0.194917231798172,,0.3072577118873596,0.6204534461100896,0.4732086554860017,-0.005012057905600268,-18.044615999857584,0.6980564475375445,-0.0068140570923797775,-67.59409968058269,1.057562537796215,-0.0009693540375791448,0.03924917168915272,0.2493506031174411,0.00862790192575821,-67.6333491007487,0.9241248274865277,-0.009597286101308588,0.011507650992522636,0.00020513833349879436,2.0109687427325685e-05,0.011507650992522636,0.00020513833349879436,2.0109687427325685e-05,6.746649547384334e-41,8.702475359864045e-42,-1.003755233805582e-42,18.179470380147297,0.6890909754077406,0.004323910128685133,0.9576711555322012,0.061219064152125156,0.0019503908374816003,0.988803360859553,0.055893781037011266,0.0019361886219665158,-0.03113219787677129,0.009949707588395775,1.4201539244350197e-05,0.03113219787677129,0.009949707588395775,-1.4201539244350197e-05,0.1838599572579066,0.009009692649219159,-2.9961577512054834e-06,0.31187933385372163,0.014724378252892936,-0.00014611710032845062
69.09850430208094,1.0,1500.0,0.0,85.0,1852.0,0.6849800219029112,1268.0,584.0,10.18934727917413,1.8844796429855573,9084.605453060261,31.400000000000002,0.007599225556631171,33.32258064516128,2.3048387096774188,11.578878035904442,124.0,32.76410256410257,4.979487179487179,11.788766134701673,39.0,33.32258064516128,2.3048387096774188,11.578878035904442,124.0,0.433473884648779,-0.008009591883760823,-0.003867526112652675,-0.0006839947660220841,-0.0013861696295716173,-0.02869449447881612,-0.024281308995912965,14.033949155507269,85.0,319500.0,212.0,4256.9881999492645,75.05306216348166,0.5228137969970703,-17.399717330932617,-68.50393676757812,0.3712848126888275,-68.8752212524414,0.011404652148485184,0.011404652148485184,3.4298181212814223e-41,17.42487907409668,1.0237736701965332,1.0629911422729492,-0.03921746090054512,0.03921746090054512,,0.17267951369285583,,0.29157495498657227,1.5820682307084402,3.6720326183449075,-0.08336258666533919,-18.470886993408204,0.8071581894997896,0.009682555405529189,-68.44653600056967,0.9398904554018253,0.010366968954765248,-0.01577237273255984,0.30505034140298887,-0.00026526719132838203,-68.43076400756836,0.8654727272584191,0.010632261418397276,0.011701972410082816,0.00019580129542679325,-2.00284319671828e-05,0.011701972410082816,0.00019580129542679325,-2.00284319671828e-05,4.302182467262194e-41,5.586433871266602e-42,-6.442936529433099e-43,18.614674695332845,0.8139568910516564,-0.01086622626418192,0.9402775347232819,0.06998134397474955,0.00016881352139260452,0.9764512379964193,0.06861602311298003,-6.472626835672716e-05,-0.036173691724737486,0.009476537004980044,0.0002335386883231251,0.036173691724737486,0.009476537004980044,-0.0002335386883231251,0.1883986974755923,0.00939691032414981,0.00010351619213918456,0.31779852906862893,0.013860512458057412,0.00030381592017524126
68.06489827082707,1.0,1500.0,0.0,52.0,1800.0,0.4290455112550855,772.0,1028.0,10.173558035138521,1.8940472308462526,9852.8062623952,98.4,0.02434438396833251,33.40495867768596,4.155371900826445,11.497239233837629,121.0,33.21159420289855,6.431884057971014,11.5265268819724,69.0,33.40495867768596,4.155371900826445,11.497239233837629,121.0,0.433477209791756,-0.00904312835298745,-0.0041375618798213205,-0.001223940084454624,-0.0031758227686003435,-0.030221539249583967,-0.024613400232146105,13.843133826680516,52.0,321000.0,213.0,4276.268692493439,75.06544211393529,0.49435752630233765,-19.697561264038086,-71.04386901855469,-0.10307624191045761,-70.9407958984375,0.011838605627417564,0.011838605627417564,2.1808408000287128e-41,19.82303237915039,0.8990612626075745,0.9567656517028809,-0.057704418897628784,0.057704418897628784,,0.20337922871112823,,0.3258644938468933,0.5880805239081383,0.29713153283026644,0.002698071982226709,-18.30727049509684,0.8176195896541446,-0.003815514094571879,-69.70114084879557,1.3046472381528276,0.03217755785508407,0.04233285523951054,0.2909792459329339,0.003896001121391842,-69.74347432454427,1.1332288639300159,0.028281505274959276,0.01153026067962249,0.00015971743076252773,1.6385638823233156e-05,0.01153026067962249,0.00015971743076252773,1.6385638823233156e-05,2.734661979099167e-41,3.557807011455237e-42,-4.102129014622022e-43,18.40360050201416,0.8106375045267745,0.0017919873501747441,0.9428544362386068,0.07226978761654446,0.0012957096630261656,0.9895126005013783,0.06521667212366246,0.0008724608198553942,-0.04665817394852638,0.01239840612212054,0.0004232493180520556,0.04665817394852638,0.01239840612212054,-0.0004232493180520556,0.18731476565202076,0.012133767381787414,-0.00023255099576626067,0.3120750725269318,0.0138290285961297,-0.00020820017783873334
72.60274036114032,1.0,1500.0,0.0,13.0,2060.0,0.09135061625512164,188.0,1872.0,9.825177716129986,1.8469598653088715,12965.76915058175,259.2,0.05429181852456956,34.595652173913045,7.946376811594199,11.065205921788213,138.0,34.82560000000001,8.772799999999995,10.978621843438575,125.0,34.595652173913045,7.946376811594199,11.065205921788213,138.0,0.452351631400477,-0.008290278397295663,-0.00586683713778672,-0.0006126641480064921,-0.009521276595744673,0.0,-0.0262684025059017,14.497410559082821,13.0,322500.0,214.0,4294.653812885284,75.0933635284876,0.35072851181030273,-19.062416076660156,-71.59829711914062,-0.3479062616825104,-71.2503890991211,0.011947204358875751,0.011947204358875751,1.3888269079923262e-41,19.21857261657715,0.8440554738044739,0.9014160633087158,-0.05736061930656433,0.05736061930656433,,0.18845951557159424,,0.31569498777389526,1.982911149164041,6.2066054214475175,0.15962791948416605,-18.280111503601074,0.8343263748610736,0.005484226468673274,-70.08612365722657,0.903972922733186,-0.027158173252397024,0.1011264885465304,0.3013367170184922,-0.018738416087574386,-70.18725001017252,0.8077346924367541,-0.008419757372013148,0.01185898728047808,0.00011093800012899276,-4.750086995335474e-07,0.01185898728047808,0.00011093800012899276,-4.750086995335474e-07,1.7413702466420448e-41,2.260447262799195e-42,-2.6071165722414344e-43,18.43038215637207,0.8449099248854693,-0.0036473088588018857,0.9550113618373871,0.06920135232630274,-0.004194175560561935,1.0028026799360912,0.06792397407533086,-0.00422449293603358,-0.047791334241628645,0.008569309276722973,3.0316240066151337e-05,0.047791334241628645,0.008569309276722973,-3.0316240066151337e-05,0.1866807758808136,0.008374268734692734,-3.150369354562377e-05,0.3120103190342585,0.01306639328390697,0.00011604182977432032
65.18472560246785,1.0,1500.0,0.0,99.0,2094.0,0.7070950623370151,1480.0,614.0,9.800710397136172,2.4929043782198383,11318.79099169773,44.6,0.00919398062255205,34.65000000000001,2.7557142857142867,11.076008183499928,140.0,34.29268292682926,5.336585365853659,11.141207665473761,41.0,34.65000000000001,2.7557142857142867,11.076008183499928,140.0,0.4154757270025086,-0.007695745273414412,-0.0032991604829382625,-0.0005571981048735845,-0.0036396606437407246,-0.04326144679748697,-0.023387491823904115,13.147771586176232,99.0,324000.0,215.0,4315.86775636673,75.07180902891153,0.3658609390258789,-17.270662307739258,-70.5296630859375,-0.368022084236145,-70.1616439819336,0.01231594942510128,0.01231594942510128,8.860410189925818e-42,17.408946990966797,0.8540539741516113,0.896295428276062,-0.04224146157503128,0.04224146157503128,,0.18786892294883728,,0.31488916277885437,0.8418514569600423,0.7502494076346151,0.0011500330204693,-18.41781546274821,0.9165762767352416,-0.00268512721586764,-70.50467910766602,0.9726350325520329,0.009033164086943381,-0.011248013625542322,0.26807736503678165,-0.01503927943869614,-70.49343083699544,0.9628725183400952,0.02407237594995098,0.012595141865313053,0.00022427627710844435,4.987489925210179e-06,0.012595141865313053,0.00022427627710844435,4.987489925210179e-06,1.1093986522161955e-41,1.4357937719688012e-42,-1.6558328737023341e-43,18.542684491475423,0.9215894914000327,0.0023303654620852824,0.9299018641312917,0.06050497196748886,-0.00304854142917809,0.9773694097995758,0.06117291596885905,-0.003422557936361844,-0.04746753945946693,0.010487058181265215,0.0003740153303400974,0.04746753945946693,0.010487058181265215,-0.0003740153303400974,0.1880742644270261,0.008435921250878518,-0.0003707501361844863,0.3139155517021815,0.012823017791467457,-0.0004364027130988406
67.1453318445306,1.0,1500.0,0.0,95.0,2022.0,0.7025596088242906,1420.0,602.0,9.921348659470837,1.8982229144090497,9952.646612010694,34.2,0.007346307513854879,34.230882352941165,2.8044117647058826,11.259151076088099,136.0,35.365853658536594,5.873170731707317,10.796391536051907,41.0,34.230882352941165,2.8044117647058826,11.259151076088099,136.0,0.43160031876488814,-0.008020181842689605,-0.003232234229985478,-0.0006666783597763209,-0.0020650202316171446,-0.03923538440072571,-0.02492054480645337,13.813757346302296,95.0,325500.0,216.0,4336.7158806324005,75.05679619309855,0.5785130858421326,-17.63933563232422,-70.55290985107422,-0.10470017790794373,-70.44821166992188,0.01128262560814619,0.01128262560814619,5.662647094336586e-42,17.86008644104004,0.9148916602134705,0.956652045249939,-0.04176037758588791,0.04176037758588791,,0.17113715410232544,,0.301821768283844,0.8231913800040881,1.160408783664785,-0.05278060577801527,-18.475040753682453,0.8019194505058627,-0.015639763599772694,-69.59165623982747,0.8232267341724627,-0.004077808689883782,-0.10527946849664052,0.2424788555113738,0.009152665256923521,-69.48637669881185,0.8490945723090656,-0.013230464880138341,0.011502720260371765,0.00040966096260160195,-4.2572629755079205e-05,0.011502720260371765,0.00040966096260160195,-4.2572629755079205e-05,7.094353735337251e-42,9.127797717167572e-43,-1.0529503181577004e-43,18.603623835245767,0.8284088797360987,0.016198184784579975,0.9229694684346517,0.05326947602001691,0.0020505134467951034,0.9562783777713776,0.05445506506464852,0.002074473068631925,-0.033308922809859115,0.0088804247131345,-2.395957252538971e-05,0.033308922809859115,0.0088804247131345,2.395957252538971e-05,0.18854104975859323,0.007729274214314474,-0.00013220369219117418,0.31351603468259176,0.012546618475015049,-0.0002305764112377149
69.11518737597343,1.0,1500.0,0.0,78.0,1975.0,0.5883328648775416,1161.0,814.0,10.200500016751585,1.649978832178251,9790.203656605829,31.8,0.0071809231325083555,33.29624060150376,2.31578947368421,11.615557637388111,133.0,32.99272727272727,4.058181818181818,11.780878660715228,55.0,33.29624060150376,2.31578947368421,11.615557637388111,133.0,0.4354498379228349,-0.007857957689424886,-0.003297967523097283,-0.0005306181961026273,-0.0027075657612886796,-0.02906349070345323,-0.024187735685958556,14.081259475582407,78.0,327000.0,217.0,4356.946697711945,75.0525592088892,0.6582694053649902,-18.470138549804688,-71.24217987060547,-0.7098348140716553,-70.5323486328125,0.01153137069195509,0.01153137069195509,3.6125474410293784e-42,18.729459762573242,0.7817825675010681,0.820930004119873,-0.03914741426706314,0.03914741426706314,,0.20403802394866943,,0.3262488543987274,2.3929318179686865,7.288898381939239,0.23378437955732212,-18.664884185791017,0.8760528075706582,0.010856575801455009,-70.6092923482259,1.1198246021312568,0.031951780393472705,-0.038990618040164314,0.28290198035302994,-0.004439422353952955,-70.57030181884765,1.198675922887605,0.036391217292218475,0.011539588744441668,0.00017560173641314924,1.709640639377227e-05,0.011539588744441668,0.00017560173641314924,1.709640639377227e-05,4.5243723517655366e-42,5.8671583548595406e-43,-6.766104947688424e-44,18.846655909220377,0.8968616839272511,-0.011085040948547866,0.9300253093242645,0.059577513270877853,-0.000497827182489745,0.9712597111860911,0.06339628822538221,-0.0009965499993559053,-0.041234412727256614,0.012894930225892757,0.0004987237173173015,0.041234412727256614,0.012894930225892757,-0.0004987237173173015,0.1890348603328069,0.010471931598037562,-0.0002042698846908265,0.3153956115245819,0.012551348380072913,-0.00024201004072875874
73.04076815874149,1.0,1500.0,0.0,39.0,1844.0,0.3141232477524769,579.0,1265.0,10.415013727055412,2.0531068165317095,10719.8605981536,121.4,0.03001829780920825,32.61451612903225,4.253225806451612,11.853735423548029,124.0,32.614117647058826,6.0988235294117645,11.822273361410875,85.0,32.61451612903225,4.253225806451612,11.853735423548029,124.0,0.4485978118396517,-0.008866575170354803,-0.004662488541013968,-0.0007307794537002001,-0.0032360182905381623,-0.006331340133661625,-0.027060215567484506,15.056631898863847,39.0,328500.0,218.0,4375.996810674667,75.06861047034302,0.48377442359924316,-17.376361846923828,-68.98686981201172,-0.5555177330970764,-68.43135070800781,0.011331570334732533,0.011331570334732533,2.306537272278649e-42,17.57440948486328,0.8422225713729858,0.855998158454895,-0.013775567524135113,0.013775567524135113,,0.19461341202259064,,0.3370698392391205,1.9653968423604966,6.190675990103231,-0.10087794657543858,-18.37532157897949,1.077098772723595,-0.029714687461980173,-70.29062525431316,1.2450195985430503,-0.06821831012594057,-0.09150503712395827,0.3170001411886204,0.008019232349646375,-70.19912033081054,1.3345516386995941,-0.07623762018290621,0.01112461807206273,0.00015765785883906596,-5.07411618486025e-06,0.01112461807206273,0.00015765785883906596,-5.07411618486025e-06,2.891626091083071e-42,3.727579877649662e-43,-4.30010022191565e-44,18.535402425130208,1.093870290843232,0.029687726590471097,0.9257928291956584,0.06643210041016058,0.0011028340979333088,0.9596650004386902,0.07051668816011844,0.0017854026215227319,-0.033872169659783444,0.013487310742558488,-0.0006825675487568029,0.033872169659783444,0.013487310742558488,0.0006825675487568029,0.18434611906607945,0.0075567751371749085,-5.8870460088096175e-06,0.31126495003700255,0.013222421951153618,0.00024187725298396143
63.32057571411133,1.0,1500.0,0.0,29.0,2037.0,0.21247715959475977,432.0,1605.0,9.97220560151593,2.1901079223167663,12484.857997416519,196.0,0.042283298097251586,34.08382352941178,6.174999999999998,11.28111654114429,136.0,34.0785046728972,7.338317757009342,11.228866911750314,107.0,34.08382352941178,6.174999999999998,11.28111654114429,136.0,0.4273752895197714,-0.011321745267645336,-0.003916473001128748,-0.0019490085433550755,-0.006864521975532434,-0.049478930675124815,-0.027824976347346375,13.698138349962166,29.0,330000.0,219.0,4394.954758167267,75.08609716328748,0.41141316294670105,-19.054916381835938,-70.96398162841797,-0.04779469221830368,-70.91618347167969,0.01126842014491558,0.01126842014491558,1.471363387541058e-42,19.23040008544922,0.9331069588661194,0.9693449139595032,-0.036237992346286774,0.036237992346286774,,0.17576420307159424,,0.3113628029823303,1.44393536845843,3.178816438394204,0.023580133888427092,-18.38322254816691,1.0600859019651732,0.015789123849158534,-70.8300173441569,1.1539883775998065,-0.040727946755615835,-0.09402942409118016,0.2955753802976201,0.0024170187974267986,-70.73598785400391,1.100929087212176,-0.04314489311583006,0.011209771564851204,0.00016124636408407523,7.863802103961637e-06,0.011209771564851204,0.00016124636408407523,7.863802103961637e-06,1.8451831078741083e-42,2.389230136498066e-43,-2.75624029202114e-44,18.541668128967284,1.07540131317811,-0.015446554911680795,0.9229585746924083,0.06738918225533054,0.0002034440984715086,0.9589894751707713,0.06582179104381376,0.0005372888519448237,-0.036030906004210314,0.011153307074106654,-0.00033384531413156195,0.036030906004210314,0.011153307074106654,0.00033384531413156195,0.1854915887117386,0.010359910529660718,-2.9818851239695683e-05,0.3114193816979726,0.01597658167864424,0.0004054344403199992
72.36517148404508,1.0,1500.0,0.0,37.0,1907.0,0.2863279375105716,546.0,1361.0,10.1590569723715,2.0973857458356844,11441.66036592829,108.80000000000001,0.025422936723058228,33.43437500000001,4.5265625,11.51581011045194,128.0,33.62197802197802,6.243956043956046,11.407977190206356,91.0,33.43437500000001,4.5265625,11.51581011045194,128.0,0.4413520699737739,-0.008914076441189038,-0.0038604747875878387,-0.0013501399158585706,-0.003528336380255942,-0.008190127970749536,-0.026475201276297496,14.851268569458874,37.0,331500.0,220.0,4414.006546020508,75.10183696915156,1.1597604751586914,-18.430395126342773,-73.29078674316406,0.027056679129600525,-73.31784057617188,0.011324753984808922,0.011324753984808922,9.374686726333026e-43,18.61597442626953,0.928411066532135,0.9860382080078125,-0.05762714892625809,0.05762714892625809,,0.18726128339767456,,0.29646623134613037,2.8166178554296493,10.818292418779041,-0.3503818622354142,-18.387261454264323,1.0192758704915168,-0.018708921778320894,-71.46028594970703,0.9481498253276678,-0.04483766820990136,-0.012728212711711725,0.19696499068856418,0.00307326547436839,-71.4475575764974,0.9418559332184224,-0.04791089356011715,0.011154867336153984,0.00011405946170037623,5.815776522883315e-06,0.011154867336153984,0.00011405946170037623,5.815776522883315e-06,1.1761565110566298e-42,1.5282992739524756e-43,-1.763110922099099e-44,18.553905741373697,1.0211320419047683,0.020906090656827612,0.9372045377890269,0.044248039342500836,0.00030318464134903813,0.9771712203820546,0.04382686143998898,0.0006837388299595934,-0.03996668321390947,0.00935337343884807,-0.0003805538156671693,0.03996668321390947,0.00935337343884807,0.0003805538156671693,0.18820612480243046,0.010718091517306773,0.000491584563944839,0.31136451264222464,0.014125883344822163,0.0004119517341736765
69.04809959368272,1.0,1500.0,0.0,88.0,1922.0,0.6832782608482394,1313.0,609.0,10.133265561775456,1.8367784210934903,9570.90371806375,33.800000000000004,0.00781900619968539,33.51007751937985,2.2093023255813953,11.476224723289528,129.0,32.79512195121951,5.175609756097561,11.63365439242983,41.0,33.51007751937985,2.2093023255813953,11.476224723289528,129.0,0.42862766019187315,-0.008386483618093167,-0.0034103253105388412,-0.00033221282839872724,-0.005278526504941619,-0.02180293501048233,-0.025850900886108634,13.868654416539437,88.0,333000.0,221.0,4434.644007921219,75.09058210877605,0.7076600790023804,-19.833873748779297,-72.36196899414062,-0.3336803913116455,-72.02828979492188,0.011375627480447292,0.011375627480447292,5.983544442666969e-43,20.02910804748535,0.8645930290222168,0.9054548144340515,-0.04086187481880188,0.04086187481880188,,0.18853391706943512,,0.3261309862136841,0.8071668888131778,1.1014509125563676,-0.04390629563435036,-18.34878215789795,0.8316394430593211,0.001425217998704615,-71.62362060546874,1.1452415256419781,-0.010976826600952849,0.013882748534282048,0.2095946805838884,-0.002330112250084609,-71.63750330607097,1.0463853239782863,-0.008646677121171365,0.011244619606683652,0.00011684825648578216,7.52943720216845e-06,0.011244619606683652,0.00011684825648578216,7.52943720216845e-06,7.498348082602096e-43,9.707088224198204e-44,-1.1197606126826087e-44,18.524305661519367,0.829906766943645,-0.002875693197113041,0.9445907930533092,0.051818106944723864,-0.0004960893258634798,0.9830866893132527,0.046706125402804166,-0.0005214271343855245,-0.0384959136446317,0.010768483135869318,2.533879309262826e-05,0.0384959136446317,0.010768483135869318,-2.533879309262826e-05,0.18635530720154445,0.009443849852199924,0.00014242817947145617,0.31057415703932445,0.013571032590423606,0.00037760247245380714
69.25373699046948,1.0,1500.0,0.0,54.0,1902.0,0.4188333738759444,796.0,1106.0,10.150466244112526,2.07377576166876,10442.619173399384,50.0,0.011673515128875607,33.4625,2.8562499999999993,11.436451499148985,128.0,32.73243243243243,4.497297297297297,11.668222469856676,74.0,33.4625,2.8562499999999993,11.436451499148985,128.0,0.4179805826484465,-0.008222607128250807,-0.004175147869237658,-0.00013358656631446734,-0.004211907886887034,-0.0156544565087698,-0.024959307143098762,13.283623210588074,54.0,334500.0,222.0,4454.251265764236,75.09679630581152,0.3166118264198303,-20.430255889892578,-70.36518859863281,-0.24614235758781433,-70.11904907226562,0.011732923798263073,0.011732923798263073,3.825544807606751e-43,20.525108337402344,0.9067147374153137,0.9246290922164917,-0.017914406955242157,0.017914406955242157,,0.19271297752857208,,0.3251614272594452,1.4296003818511962,1.7703667874693598,0.0085439582157453,-18.416106033325196,0.9526358143106461,-0.03743111055605354,-71.49490280151367,1.1015140149267726,0.026424184763127363,0.00991731435060501,0.20784442913948545,0.0014127836957391559,-71.50482025146485,1.0846887609623015,0.025011358377799348,0.011447167117148637,0.00012779468092303638,6.578112014872596e-06,0.011447167117148637,0.00012779468092303638,6.578112014872596e-06,4.784967156181142e-43,6.171733056836406e-44,-7.118409151144148e-45,18.557980473836263,0.9414202258895589,0.034913192256804046,0.9484447360038757,0.047711655166045266,0.0006855134571486865,0.9821807066599528,0.04643708632569792,0.0003164296155511396,-0.03373598357041677,0.011366623063365406,0.00036908330455903227,0.03373598357041677,0.011366623063365406,-0.00036908330455903227,0.18400731633106868,0.0077031502366394266,-1.407065102468381e-05,0.31415956815083823,0.00943046789302127,8.116455311504108e-05
69.70569188971268,1.0,1500.0,0.0,38.0,2049.0,0.27793572774590475,569.0,1480.0,10.115519055823345,2.3493458120451387,12246.35564235945,102.4,0.02225409657930195,33.5868613138686,3.72116788321168,11.442326380130357,137.0,33.787878787878775,4.868686868686869,11.333756165358098,99.0,33.5868613138686,3.72116788321168,11.442326380130357,137.0,0.44112727959164333,-0.010002055289589416,-0.004602392364186734,-0.0016311191507244497,-0.004555160142348771,-0.019786476868327355,-0.02731572158637457,14.506295238232095,38.0,336000.0,223.0,4473.342663526535,75.1116168094121,0.6135891675949097,-18.78464126586914,-71.3346939086914,0.01880982518196106,-71.35350036621094,0.011748269200325012,0.011748269200325012,2.4382593279251817e-43,19.072174072265625,0.9570281505584717,0.9842326641082764,-0.02720450609922409,0.02720450609922409,,0.18828590214252472,,0.32203322649002075,0.8358957370122274,0.7425082210360944,-0.02247215550521329,-18.350161107381187,0.648308695964139,-0.02309379026011941,-71.75059509277344,1.0552822029636943,-0.058727867796900195,-0.013786917924880982,0.29866306288885736,-0.0008543541221915714,-71.73680750528972,0.9664656732419504,-0.05787345538282356,0.011610338184982538,0.0001500122263081629,2.8179220863521247e-06,0.011610338184982538,0.0001500122263081629,2.8179220863521247e-06,3.0548306522281012e-43,3.9675970534722115e-44,-4.5751849304629704e-45,18.496734809875488,0.6715430452638399,0.024609203147675455,0.9441863377888997,0.06910863195346961,-0.0006705239564346304,0.9769190073013305,0.06695348478791545,-0.00019163067004045694,-0.032732679632802804,0.009401810101060904,-0.0004788929337554827,0.032732679632802804,0.009401810101060904,0.0004788929337554827,0.18736881216367085,0.0072820255746555065,-0.00020675846148651388,0.31309373378753663,0.012274062914482431,-0.00023602104027889694
71.2063123984415,1.0,1500.0,0.0,61.0,2059.0,0.4393918526139899,904.0,1155.0,10.169744360103865,2.210988418678371,11360.621016458043,35.800000000000004,0.007770446258030909,33.38550724637681,2.550724637681159,11.492048373166305,138.0,33.41818181818181,4.37922077922078,11.44318896026139,77.0,33.38550724637681,2.550724637681159,11.492048373166305,138.0,0.4362321292303901,-0.008769631766674765,-0.004656700117553289,-0.00038378573195694106,-0.006960149302887323,-0.006499066856954651,-0.026830845221096383,14.143363544171153,61.0,337500.0,224.0,4493.205032587051,75.11342072135037,0.9010165929794312,-18.423114776611328,-73.06829071044922,-0.0888727605342865,-72.97941589355469,0.011089155450463295,0.011089155450463295,1.555441295400547e-43,18.506366729736328,0.9198673963546753,0.9602583646774292,-0.04039093479514122,0.04039093479514122,,0.18502449989318848,,0.31280016899108887,1.6213244020938873,3.0753287718507702,-0.02136039456748328,-18.7423370997111,1.040467747268611,0.007014076224424064,-72.18926010131835,0.9219405677975047,-0.006123701696001985,-0.0918169545630614,0.17779855338956585,-0.004152397632399975,-72.09744313557943,0.9374511297243174,-0.00197135068152826,0.011663229794551928,0.0002692811915379288,-2.475365337494125e-05,0.011663229794551928,0.0002692811915379288,-2.475365337494125e-05,1.9487390643877122e-43,2.5189441572955595e-44,-2.9054731229159814e-45,18.894347190856934,1.0407957448462453,-0.00818147627477293,0.9263207614421844,0.039105525920212235,-0.0008332676696565395,0.9593779087066651,0.03989420425230104,-0.0009245821578351725,-0.03305714608480533,0.009566957573131505,9.131376342526881e-05,0.03305714608480533,0.009566957573131505,-9.131376342526881e-05,0.19098632981379826,0.008784583938376068,-0.0001319873021362357,0.3219588528076808,0.011161059092753374,-0.00017807248304366167
72.13066076725087,1.0,1500.0,0.0,94.0,2068.0,0.6813399856570067,1409.0,659.0,10.118638900153465,1.9696766936052736,10221.570490291739,29.0,0.006259983594525753,33.5695652173913,1.5971014492753624,11.434701439360586,138.0,33.17272727272727,4.377272727272728,11.574861945570321,44.0,33.5695652173913,1.5971014492753624,11.434701439360586,138.0,0.4297169883132208,-0.007348662234963765,-0.0031060370039841492,-0.00018884366346374258,-0.001896466952307376,-0.007810634262836253,-0.02460591457385452,13.855828274115497,94.0,339000.0,225.0,4513.979305267334,75.10003415488038,0.6110492944717407,-18.081344604492188,-72.55819702148438,0.11824257671833038,-72.67643737792969,0.01196156907826662,0.01196156907826662,9.949219096706201e-44,18.15728759765625,0.9727297425270081,1.006714105606079,-0.033984288573265076,0.033984288573265076,,0.1829892098903656,,0.31835073232650757,0.6810837596654892,0.49555201564623597,-0.029607119596044305,-18.35051352183024,1.0305440086696518,0.0017033582269421201,-72.21810582478841,0.9662009465537799,0.006893039996156926,0.022848220666249593,0.2696568950485308,-0.006443888736314851,-72.24095357259115,0.9110230875346615,0.013336935244892012,0.011760351185997327,0.0003778386376535052,3.976225562899195e-05,0.011760351185997327,0.0003778386376535052,3.976225562899195e-05,1.2448201358085458e-43,1.6136580384207213e-44,-1.8608121320477958e-45,18.485501352945963,1.036069246697944,-0.0012448549535838578,0.9539095560709635,0.06178546059320955,-0.0011923686283183917,0.9850937783718109,0.06069001849279604,-0.0014378421298654168,-0.031184224846462407,0.009388320411589861,0.0002454740588902375,0.031184224846462407,0.009388320411589861,-0.0002454740588902375,0.1894346833229065,0.009516234680891994,8.677893273689141e-05,0.3183631390333176,0.012496168760389196,-9.070136921026764e-05
68.93855759454152,1.0,1500.0,0.0,63.0,1922.0,0.49117888368867146,944.0,978.0,9.974610180222289,2.0517779905898053,10620.563289395837,55.6,0.012651315190679895,34.06821705426358,3.227906976744187,11.245502321988074,129.0,34.33636363636363,5.454545454545454,11.090761751052725,66.0,34.06821705426358,3.227906976744187,11.245502321988074,129.0,0.42935240828373106,-0.008635574889419363,-0.0038091623434021405,-0.00048294354859267183,-0.0022303664921466,-0.02362303664921477,-0.025982334526611372,13.67149583412503,63.0,340500.0,226.0,4533.809695482254,75.1024023657838,1.8415347337722778,-19.649341583251953,-71.69686889648438,0.2169484794139862,-71.913818359375,0.011762882582843304,0.011762882582843304,6.305843089461677e-44,19.93505096435547,1.0058131217956543,1.0288307666778564,-0.023017778992652893,0.023017778992652893,,0.21462053060531616,,0.3575376570224762,2.014822373787562,4.748474129323103,0.07031991093256847,-18.51564909617106,1.035679721620398,-0.022291528873634107,-72.12691192626953,0.7685900821385898,0.007723550934417201,0.02368000658849875,0.22126861514554338,0.008326142040952564,-72.15059204101563,0.7051199657337535,-0.0006026695514535371,0.011754716094583274,0.00020046597363332916,-1.4072559873373789e-05,0.011754716094583274,0.00020046597363332916,-1.4072559873373789e-05,7.954704282483878e-44,1.0339793440727567e-44,-1.1918051232733681e-45,18.67576338450114,1.0434441810571868,0.021917052051513907,0.9582851807276408,0.05159442491581158,0.001976946304584337,0.9852641681830089,0.04979134221218947,0.0018739831991269901,-0.026978999221076567,0.007163312160711935,0.00010296178668803743,0.026978999221076567,0.007163312160711935,-0.00010296178668803743,0.18912466019392013,0.009141277592584464,0.0002118103396773151,0.3185959448417028,0.011969643453010562,0.0003536033882315061
71.79840137919442,1.0,1500.0,0.0,61.0,1998.0,0.45601096845186784,911.0,1087.0,10.072331080750287,2.199341017260132,11016.49159334351,63.6,0.014065817409766455,33.74328358208955,2.37910447761194,11.376270935089805,134.0,33.3068493150685,4.265753424657536,11.503069315943723,73.0,33.74328358208955,2.37910447761194,11.376270935089805,134.0,0.4232050188367217,-0.007879141816015725,-0.0040716525030979256,-0.00035274577438175166,-0.0032347603288139385,-0.0031600298921746575,-0.02454035348074735,13.451767127497146,61.0,342000.0,227.0,4553.683471918106,75.10403437328561,1.4060211181640625,-19.09469985961914,-74.78108978271484,-0.25696301460266113,-74.52412414550781,0.011732285842299461,0.011732285842299461,4.0637655465419695e-44,19.160175323486328,0.8762850165367126,0.9221922159194946,-0.04590719938278198,0.04590719938278198,,0.2089223861694336,,0.32703161239624023,0.6616515388091405,0.463025456058586,-0.004135335797860456,-18.616824785868328,0.6874897241318485,-0.010092405376497606,-72.50026117960611,1.1371548359933987,-0.016809416400708776,0.038407324627041814,0.19384872148954507,0.0034679874106495747,-72.53866856892904,1.1131285123112205,-0.020277381022857942,0.011649725772440434,0.00010549778161713105,-1.5705268627029398e-07,0.011649725772440434,0.00010549778161713105,-1.5705268627029398e-07,5.091384420380169e-44,6.635443755727708e-45,-7.644012980032161e-46,18.730650202433267,0.7008343453465478,0.009875526470655063,0.961018027861913,0.04547920091797941,0.0006857602429203917,0.9886266907056173,0.04354684209899585,0.000780219840791235,-0.027608669797579446,0.011057877960103716,-9.445964055212508e-05,0.027608669797579446,0.011057877960103716,9.445964055212508e-05,0.19515397946039836,0.008618777787841743,0.0001622305231974816,0.32520233194033304,0.013330006190671461,0.0002874096853449234
70.08010565301646,1.0,1500.0,0.0,115.0,1961.0,0.8748492220673069,1715.0,246.0,9.789971571409032,1.9622027384158482,9227.71308893764,5.4,0.001179554390563565,34.68181818181819,1.0515151515151513,11.027479904503451,132.0,36.14117647058824,4.294117647058822,10.506864849180031,17.0,34.68181818181819,1.0515151515151513,11.027479904503451,132.0,0.41821699480536,-0.007526977997895352,-0.0030274625887524156,-7.326389899440756e-05,-0.0020787807474645743,-0.01474757662352225,-0.024903907273661034,13.301965486643201,115.0,343500.0,228.0,4575.201909542084,75.07865374937731,1.2998957633972168,-18.870187759399414,-72.59713745117188,-0.08240330219268799,-72.51473236083984,0.011927315965294838,0.011927315965294838,2.5223372357846707e-44,18.954055786132812,0.9388564825057983,0.9613938331604004,-0.022537410259246826,0.022537410259246826,,0.18450519442558289,,0.3158230781555176,0.9400800714890162,1.05222700483456,-0.031053359695483403,-18.55116844177246,0.8657774016560327,0.0005212641664025881,-73.13136850992838,0.8801540466811385,0.019034482215484184,-0.008516183495521546,0.2611326635563709,-0.003967223436601702,-73.1228525797526,0.8587357719289692,0.023001607824886697,0.011677036962161462,0.00014644728028701513,1.533420215691276e-05,0.011677036962161462,0.00014644728028701513,1.533420215691276e-05,3.24167044747141e-44,4.261626919649781e-45,-4.888177957867219e-46,18.69554074605306,0.8489536555130801,-0.0024051118878290513,0.9478752791881562,0.0585777331281467,-0.0005491882728390262,0.9780518094698588,0.058631626334621205,-0.0008882735011575234,-0.030176536024858553,0.008840114558696687,0.00033908428622200505,0.030176536024858553,0.008840114558696687,-0.00033908428622200505,0.1896789252758026,0.008970791368386528,-0.0003672332002535842,0.31711365083853404,0.008868872506465576,-0.00032524939904091685
68.02970527901368,1.0,1500.0,0.0,68.0,1979.0,0.5144394599349772,1018.0,961.0,10.17726057676679,2.0247923496048723,10968.252176225003,88.60000000000001,0.019954954954954956,33.383458646616546,3.6195488721804505,11.526040572546473,133.0,33.01846153846155,6.2153846153846155,11.601091395464126,65.0,33.383458646616546,3.6195488721804505,11.526040572546473,133.0,0.43155399046909904,-0.008940487018406275,-0.003175627314698469,-0.0008951164568357251,-0.0013842854357574543,-0.030181321895106476,-0.02601063214125713,13.576844872305557,68.0,345000.0,229.0,4595.214689254761,75.07810261982583,0.6238106489181519,-19.2510929107666,-74.0671615600586,-0.42187148332595825,-73.6452865600586,0.01174029428511858,0.01174029428511858,1.6815581571897805e-44,19.395709991455078,0.8545434474945068,0.8850879669189453,-0.030544567853212357,0.030544567853212357,,0.1915535032749176,,0.3197736144065857,0.8393026381731034,0.6369840234625659,0.02215414508033514,-18.347971725463868,0.8432339896918443,-0.005423480278922578,-72.82724431355794,0.7913583144696109,-0.015134592024448277,0.005239402006069819,0.24188395644668226,-0.009860821278792736,-72.83248341878256,0.6818624721159506,-0.00527383127519975,0.011911928839981555,0.00014170098124386906,-1.2209467813621613e-05,0.011911928839981555,0.00014170098124386906,-1.2209467813621613e-05,2.0739217272007294e-44,2.643964654564044e-45,-3.017701698479254e-46,18.498096084594728,0.8330699092825234,0.006002594605170638,0.9571787615617117,0.056757576924254455,-0.002169289909825332,0.9812168637911479,0.05460191318597525,-0.0022244669836806244,-0.02403810741379857,0.006779464822489468,5.517583381844622e-05,0.02403810741379857,0.006779464822489468,-5.517583381844622e-05,0.19332387894392014,0.008423831699718822,-0.00018752710241099716,0.320573886235555,0.013996974369314862,0.00019719247955898972
70.57902713922354,1.0,1500.0,0.0,104.0,1861.0,0.8334533196418985,1551.0,310.0,9.923742902900585,1.7734732282061356,8954.68950197502,12.4,0.0028993640104751214,34.21440000000002,1.5232000000000006,11.307575460280324,125.0,34.533333333333324,6.209523809523811,11.199224561865217,21.0,34.21440000000002,1.5232000000000006,11.307575460280324,125.0,0.4232578790664892,-0.007915032798083798,-0.0024240436807044514,-0.00022401075844469745,-0.0016158326548506355,-0.015031001440471049,-0.02529075318130139,13.657101244990965,104.0,346500.0,230.0,4616.269711971283,75.06060555808259,0.336003839969635,-19.41329574584961,-73.80766296386719,0.08202094584703445,-73.88968658447266,0.01167942676693201,0.01167942676693201,1.1210387714598537e-44,19.463485717773438,0.9687166810035706,0.9984320998191833,-0.02971542999148369,0.02971542999148369,,0.21464689075946808,,0.3527408838272095,1.856277698278427,4.260912167606471,-0.10510725537449687,-18.538860575358072,0.8141124423410908,-0.004382084898476028,-73.80038731892904,1.1509414620488694,0.08349420804203181,0.07241750806570053,0.29627266096891186,0.013288158201534842,-73.8728042602539,1.0511459649074282,0.07020602454333098,0.011585694085806609,7.212781906906168e-05,4.412287077529447e-06,0.011585694085806609,7.212781906906168e-05,4.412287077529447e-06,1.3218915513464108e-44,1.6847987810421277e-45,-1.8798286406849086e-46,18.682110277811685,0.8260750737108131,0.00495522343144367,0.9651420950889588,0.06984948752812294,0.003789486688819685,0.9962615569432577,0.06645987858404405,0.0029864084203463153,-0.031119452665249507,0.010972160827769214,0.000803075724999288,0.031119452665249507,0.010972160827769214,-0.000803075724999288,0.19365322490533193,0.009917091677671727,0.00039074957967467113,0.3222226540247599,0.013808981295455812,0.0005191503032561226
71.33364677429199,1.0,1500.0,0.0,87.0,1995.0,0.6511760202403357,1299.0,696.0,9.93591819473904,1.7744909791904802,9934.93080092381,25.6,0.005589763745141709,34.17761194029852,2.202985074626866,11.298172892778227,134.0,33.69361702127659,5.51063829787234,11.398234802917115,47.0,34.17761194029852,2.202985074626866,11.298172892778227,134.0,0.4200092936439838,-0.007629797628935282,-0.0026174172806802264,-0.0002424476431726071,-0.0012867236891037543,-0.010769802900706575,-0.023754096675575834,13.580570825046356,87.0,348000.0,231.0,4636.938393354416,75.04951985101806,0.9638680219650269,-18.947986602783203,-73.16704559326172,0.37917500734329224,-73.54621887207031,0.011163138784468174,0.011163138784468174,7.006492321624085e-45,19.083717346191406,1.0412302017211914,1.06435227394104,-0.023121975362300873,0.023121975362300873,,0.19152405858039856,,0.3048989176750183,0.6927559092640877,0.6809644389717251,-0.01408880278385257,-18.572808456420898,0.8584595725922493,-0.00513379327182064,-74.06282526652018,1.0782893482181266,-0.06279617835735309,0.026216791570186616,0.2444573438922346,0.0004773495990256699,-74.08904190063477,1.0285282354419791,-0.06327354592396364,0.011413651145994663,0.0001599578570903433,-1.4755021660558874e-05,0.011413651145994663,0.0001599578570903433,-1.4755021660558874e-05,8.407790785948902e-45,1.085441123079209e-45,-1.1784000434144207e-46,18.70582243601481,0.8648402013444028,0.004865492756029441,0.9558472474416096,0.056369587999071886,-0.0004118412302121344,0.985859356323878,0.05462931441247139,0.0001042036511608815,-0.03001211096222202,0.009666243338585588,-0.0005160427852238505,0.03001211096222202,0.009666243338585588,0.0005160427852238505,0.19166480948527653,0.007770603614308092,-4.6964299692068125e-05,0.3228495647509893,0.012499178218433493,-0.0003417711833427797
72.66546609061105,1.0,1500.0,0.0,70.0,1829.0,0.5710878899714594,1044.0,785.0,10.168041211133062,2.059854660030014,9789.062503600491,34.800000000000004,0.008470038455921725,33.40325203252033,2.2796747967479676,11.585192139463205,123.0,33.113207547169814,4.935849056603774,11.643907009469972,53.0,33.40325203252033,2.2796747967479676,11.585192139463205,123.0,0.4326985926127709,-0.008290631541314252,-0.003100656618986047,-0.0005619864539381582,-0.0007309663945319905,-0.0071387886842604765,-0.02527056514635635,14.336451511791028,70.0,349500.0,232.0,4656.83886384964,75.05091119066142,0.46993422508239746,-18.830595016479492,-73.35709381103516,-0.2877267003059387,-73.06936645507812,0.011756283231079578,0.011756283231079578,4.203895392974451e-45,18.938249588012695,0.8999689817428589,0.9152452349662781,-0.015276230871677399,0.015276230871677399,,0.1825350522994995,,0.3253703713417053,0.6840686455368996,0.654719930398151,-0.0016676421259613963,-18.76678549448649,0.854679085634385,-0.017397753468344743,-74.39474665323893,0.7890175887654656,0.006015736003873151,-0.04276089370250702,0.30068535952646236,-0.007716442288227955,-74.35198593139648,0.8216065638247728,0.013732154854678462,0.011482737647990385,0.00022836520557034104,2.228174279873819e-05,0.011482737647990385,0.00022836520557034104,2.228174279873819e-05,5.3716441132451323e-45,8.923923190151216e-46,-9.134159066677912e-47,18.912231636047363,0.8509581394962579,0.017461218319426784,0.9409578045209249,0.06532510059506048,-0.0014967038978856717,0.970340633392334,0.06738740705479092,-0.0017383558201180135,-0.02938282787799835,0.008241592035580576,0.00024165221975828394,0.02938282787799835,0.008241592035580576,-0.00024165221975828394,0.18954236209392547,0.006393587059997056,-2.25752492635221e-05,0.3242942661046982,0.010877305583745677,-0.00017528474927612362
67.08633907770707,1.0,1500.0,0.0,59.0,1936.0,0.45575227918491423,882.0,1054.0,10.0505778364757,2.3025295679851396,11338.231877289307,75.2,0.01710490401237376,33.818461538461534,3.3261538461538462,11.376163497932431,130.0,33.29859154929577,5.064788732394366,11.537407888825106,71.0,33.818461538461534,3.3261538461538462,11.376163497932431,130.0,0.42049705626038214,-0.009127013599788698,-0.003644933454075094,-0.0009308410664456455,-0.0015146526177148465,-0.03196136538250488,-0.02567369863074862,13.401771730676225,59.0,351000.0,233.0,4676.490225791931,75.05628859527032,0.7193338871002197,-19.727455139160156,-74.98421478271484,0.15207983553409576,-75.13629150390625,0.011594153009355068,0.011594153009355068,2.802596928649634e-45,19.837772369384766,0.9818286895751953,1.0141178369522095,-0.03228919953107834,0.03228919953107834,,0.18437190353870392,,0.3060394525527954,1.664221308628718,3.563728176253409,0.02405107002767495,-18.78720817565918,0.9858242221617246,-0.00023032115219137796,-74.82349522908528,1.0794156255367566,-0.011964294297808107,0.05934544503688812,0.24517892249665363,-0.0045174733815389456,-74.88284047444661,1.0596527823740012,-0.007446764308430897,0.011632253602147102,8.757680074519857e-05,-2.7446148790695882e-06,0.011632253602147102,8.757680074519857e-05,-2.7446148790695882e-06,3.409826263190388e-45,6.943933102054861e-46,-6.889587555412344e-47,18.927517573038738,0.964455410256148,0.0011489579621886009,0.9619500517845154,0.055523378265717856,-0.0009789668413105114,0.9933184842268626,0.05505732557954354,-0.0010135941165970858,-0.03136844336986542,0.010339351404073657,3.4627078869716875e-05,0.03136844336986542,0.010339351404073657,-3.4627078869716875e-05,0.1846081386009852,0.007654391266618479,8.23320151701317e-05,0.3172845174868902,0.01249307814999936,0.00033143441191769177
66.70640730857849,1.0,1500.0,0.0,16.0,2003.0,0.11310996580745318,226.0,1777.0,10.081176279561861,2.2724025990793755,12689.09907031151,219.20000000000002,0.04818005978547565,33.700740740740756,6.60888888888889,11.385404749456901,135.0,33.57142857142858,7.361344537815125,11.401015918058748,119.0,33.700740740740756,6.60888888888889,11.385404749456901,135.0,0.4194045355323777,-0.009476629240521227,-0.006827020570155195,-0.0011779415769619633,-0.00956802583770693,-0.026160678239806175,-0.02533631820902331,13.93734029908859,16.0,352500.0,234.0,4694.793673753738,75.08317180596296,0.6493839621543884,-17.694271087646484,-73.6816635131836,0.37919414043426514,-74.06085968017578,0.012083394452929497,0.012083394452929497,1.401298464324817e-45,17.842182159423828,1.047208309173584,1.0658655166625977,-0.018657136708498,0.018657136708498,,0.18209169805049896,,0.3203079104423523,2.7322531094153724,10.532916501078772,0.22314301212717086,-18.409975814819337,0.8912020317460089,0.03056752053198248,-75.33416595458985,1.1536611927404508,-0.02648399276648464,0.0317450308551391,0.20281638622202222,0.0009912275192270831,-75.36591084798177,1.0890164303824366,-0.02747518944660655,0.0117335787974298,0.0001254922120571483,9.189451836438903e-06,0.0117335787974298,0.0001254922120571483,9.189451836438903e-06,2.19536759410888e-45,6.943933102054858e-46,-6.889587555412346e-47,18.547068913777668,0.9096503124959381,-0.03317133019843061,0.9542937576770782,0.04919527451292581,6.972538085613438e-05,0.9871602455774943,0.04561514740191634,0.00023024090139962458,-0.03286647430310647,0.010425777515332748,-0.0001605133587148481,0.03286647430310647,0.010425777515332748,0.0001605133587148481,0.1872571016351382,0.006295246081027672,0.00016521436552846997,0.32112673024336497,0.009315477829214977,8.51614788191115e-05
69.81558744473891,1.0,1500.0,0.0,44.0,1961.0,0.3332872286798905,653.0,1308.0,10.166182967991773,1.959319765258543,11210.617538436996,87.2,0.0197589051028732,33.43333333333332,3.7621212121212104,11.440624546981192,132.0,33.42727272727273,5.209090909090908,11.353713875173305,88.0,33.43333333333332,3.7621212121212104,11.440624546981192,132.0,0.4364730300284437,-0.008619730703778077,-0.0034942920444170095,-0.000835881928501698,-0.004124182011870357,-0.023253690458073354,-0.026055721898244618,14.54608087100618,44.0,354000.0,235.0,4714.102563858032,75.09382649288088,0.3260372281074524,-18.527019500732422,-74.25920867919922,0.08369990438222885,-74.34291076660156,0.012382196262478828,0.012382196262478828,1.401298464324817e-45,18.71393585205078,0.9807849526405334,0.999059796333313,-0.018274763599038124,0.018274763599038124,,0.19735707342624664,,0.34648704528808594,0.5537774180372556,0.3271377250377229,-0.009401655498813347,-18.57916520436605,0.8124635817811389,0.0017854875133886186,-75.1140879313151,0.9868054923617959,0.029840512217353784,0.11827130454281966,0.25631890370117394,-0.003620108747409374,-75.23235880533854,0.9819951738678,0.03346058608958037,0.012115386656175058,0.00014845225454916612,1.2040719829159829e-05,0.012115386656175058,0.00014845225454916612,1.2040719829159829e-05,1.401298464324817e-45,0.0,-2.0184226683780937e-62,18.711792945861816,0.8195353552885325,0.000985267562781194,0.9783881942431132,0.05765224509351124,-0.00038715565164839765,1.006780391931534,0.057995082566254595,-0.0008159972801887563,-0.028392207932968934,0.00981776372603338,0.00042884445089320656,0.028392207932968934,0.00981776372603338,-0.00042884445089320656,0.19242234031359354,0.008794532301639514,5.6439757479703696e-05,0.3236293057600657,0.010862982415297073,0.00023782404431776292
64.41463268504424,1.0,1500.0,0.0,17.0,2036.0,0.12552763700615133,255.0,1781.0,9.729372972759254,2.3578464858065606,13102.45119481504,240.0,0.05053695514845231,34.91911764705882,7.488235294117646,11.029757403302028,136.0,34.98319327731093,8.368067226890759,10.9768008321225,119.0,34.91911764705882,7.488235294117646,11.029757403302028,136.0,0.4211284055496397,-0.010978510241531072,-0.00757274012488096,-0.0008376041616176497,-0.009000762776506509,-0.03447749809305866,-0.02901966789511049,13.633953423002216,17.0,355500.0,236.0,4732.6475303173065,75.11651728185323,0.4676351845264435,-20.258506774902344,-76.9320297241211,-0.05420972406864166,-76.87782287597656,0.012719394639134407,0.012719394639134407,1.401298464324817e-45,20.282550811767578,0.9280246496200562,0.9675797820091248,-0.0395551472902298,0.0395551472902298,,0.18908265233039856,,0.328472375869751,1.6734763979911804,5.506276317084758,0.07283666407040944,-18.699676322937012,1.093686107052191,-0.03452981348430163,-75.67158203125,0.9113489465261946,-0.026749108710196524,0.10645140931010247,0.23712371730350032,0.0010069540530874138,-75.77803344726563,0.8965197489307047,-0.02775604281992859,0.012428434224178393,0.0001794952578546387,1.4164626341441345e-05,0.012428434224178393,0.0001794952578546387,1.4164626341441345e-05,1.401298464324817e-45,0.0,-2.0184226683780937e-62,18.838761838277183,1.0899842544867282,0.034921414435771285,0.9737454235553742,0.05408194529087208,7.240540193634343e-05,1.0042431712150575,0.05397955767478029,0.00023457587627201236,-0.03049774793908,0.008445539504540168,-0.0001621703369681766,0.03049774793908,0.008445539504540168,0.0001621703369681766,0.1918364072839419,0.007209619686200037,0.00011978865796917198,0.3243656843900681,0.011064359488768946,7.13807656051554e-05
67.12265320874135,1.0,1500.0,0.0,109.0,1995.0,0.818433678628907,1632.0,363.0,10.071315420173292,1.9903531323169654,9721.44797516365,28.400000000000002,0.00628207396920899,33.73731343283582,1.813432835820895,11.42601610238406,134.0,32.327999999999996,3.079999999999998,11.692501105346041,25.0,33.73731343283582,1.813432835820895,11.42601610238406,134.0,0.4266657076788996,-0.00810591389431619,-0.002857813215541954,-0.0004014169932547846,-0.0008185867340796899,-0.039966293487420035,-0.024714772986799166,13.805292782520516,109.0,357000.0,237.0,4754.252508640289,75.09066869107076,0.4350709319114685,-18.833770751953125,-76.25405883789062,0.02054945006966591,-76.27460479736328,0.011991802603006363,0.011991802603006363,0.0,18.95728874206543,0.9540493488311768,0.9846454858779907,-0.030596118420362473,0.030596118420362473,,0.1834852397441864,,0.31467634439468384,1.1386252184708914,2.3389465372212763,0.04856155244871825,-18.831965001424155,0.8853086316608523,-0.003840070306524891,-75.70344950358073,0.7055693410796242,-0.008949006518743202,0.01192863155156374,0.21134188264388054,0.011765845620940473,-75.71537780761719,0.7141408597295644,-0.020714877152999987,0.012104978008816639,0.0002636208535873925,-2.7034375547235873e-05,0.012104978008816639,0.0002636208535873925,-2.7034375547235873e-05,4.6709948810827235e-47,2.5154077247912094e-46,-9.040635253708514e-48,18.954585138956705,0.8751415445195834,0.001368685373342164,0.9558658421039581,0.047507009802393946,0.0025657568810646277,0.9826148132483165,0.04791173702300944,0.0026602465663523515,-0.026748955932756266,0.006684327163030535,-9.449050286256323e-05,0.026748955932756266,0.006684327163030535,9.449050286256323e-05,0.1920709858338038,0.0075989904289944865,-0.00018731521419742037,0.3274601777394613,0.012489036052235156,0.00025397369408102855
71.20515874914221,1.0,1500.0,0.0,37.0,2049.0,0.2687539269274468,550.0,1499.0,10.200813067769152,2.3529910363693793,12346.995504060536,140.4,0.03076788218793829,33.30802919708029,4.360583941605839,11.51364746783776,137.0,33.071999999999996,5.833999999999999,11.52217176677927,100.0,33.30802919708029,4.360583941605839,11.51364746783776,137.0,0.4276357153760172,-0.008611519471923278,-0.003935978182947657,-0.0008577259033075173,-0.002649359886201985,-0.009957325746799419,-0.02598581336665625,14.10818533628169,37.0,358500.0,238.0,4773.533381462097,75.10160113098323,2.585158348083496,-19.417072296142578,-77.1179428100586,-0.2797645330429077,-76.83818054199219,0.011460754089057446,0.011460754089057446,0.0,19.54250144958496,0.8845619559288025,0.917395830154419,-0.03283385559916496,0.03283385559916496,,0.19791045784950256,,0.34798720479011536,1.3662487943967183,2.851022641750004,0.08710959054471656,-18.927923583984374,0.9024702141602756,-0.02409832692384954,-76.51123377482097,1.1234799754355602,-0.07147327291554181,-0.04060394391417503,0.29585686488041313,-0.011269361100618517,-76.47063013712565,1.009638278107607,-0.06020393583745255,0.011942442661772171,0.00023136734648078269,-1.937004036215211e-05,0.011942442661772171,0.00023136734648078269,-1.937004036215211e-05,0.0,0.0,0.0,19.08173599243164,0.9006509840842346,0.023818376517799483,0.9400351266066234,0.06962078041307992,-0.003003614590616206,0.970877073208491,0.06682821017075177,-0.0025329313103163607,-0.03084195051342249,0.009216270487025512,-0.00047068280914800396,0.03084195051342249,0.009216270487025512,0.00047068280914800396,0.19407185465097426,0.01091162397887325,0.00017589559080337773,0.3332404911518097,0.012598713959236812,3.2297257454159465e-05
71.3029204474555,1.0,1500.0,0.0,9.0,2067.0,0.06325512981240763,130.0,1937.0,10.112358965646548,2.4369055454574307,13518.249355964434,204.4,0.04377623575773152,33.59136690647482,7.119424460431656,11.426640831756918,139.0,33.57076923076923,7.612307692307693,11.424825223630915,130.0,33.59136690647482,7.119424460431656,11.426640831756918,139.0,0.42929382993083387,-0.009181911164295916,-0.004732398528268185,-0.0010138120414310908,-0.014442815249266869,0.0,-0.025635328103809436,14.577560348335425,9.0,360000.0,239.0,4791.398417711258,75.13464099943577,0.26319801807403564,-18.29534149169922,-76.58072662353516,-0.2838095426559448,-76.29692077636719,0.011530237272381783,0.011530237272381783,0.0,18.32834243774414,0.8918300867080688,0.916405200958252,-0.024575069546699524,0.024575069546699524,,0.19615110754966736,,0.3314593732357025,2.1365774239103,6.8402202683177205,-0.20987991259347352,-18.908089192708335,0.8911790123347104,-0.017154915102066143,-77.12018432617188,1.047731454302142,0.0379668612368801,-0.008534089351693789,0.2266983028548097,0.005990217736320318,-77.11165033976236,1.0199217030518155,0.031976591625787455,0.011220507323741913,0.00017275065923159463,-2.8760641713829267e-06,0.011220507323741913,0.00017275065923159463,-2.8760641713829267e-06,0.0,0.0,0.0,19.035101826985677,0.8916781396375877,0.016693326549084186,0.9442487398783366,0.051832568896888226,0.00174629330237263,0.9780723810195923,0.05052207091092368,0.0013379598220807994,-0.03382364927480618,0.009984081675368787,0.0004083353081289208,0.03382364927480618,0.009984081675368787,-0.0004083353081289208,0.19587146739164987,0.008173626363594741,0.00029189670178728186,0.32676336566607156,0.011746965344983684,0.0003811393219053463
72.48291961352031,1.0,1500.0,0.0,48.0,1935.0,0.36960685712294816,715.0,1220.0,10.41957752979798,1.741936338776787,10597.691381730163,95.4,0.022503184412888615,32.61076923076923,3.8707692307692323,11.772680715085567,130.0,32.92926829268293,5.856097560975613,11.622517643113904,82.0,32.61076923076923,3.8707692307692323,11.772680715085567,130.0,0.45860676600484923,-0.008827149238468807,-0.003244488011336353,-0.0007179100790065934,-0.0017502917152858771,-0.013418903150525059,-0.02770372708041467,14.929041865197638,48.0,361500.0,240.0,4810.647978305817,75.1458019024104,0.39287084341049194,-17.059810638427734,-78.37320709228516,0.15673169493675232,-78.52993774414062,0.011470606550574303,0.011470606550574303,0.0,17.10706901550293,0.9724743962287903,1.0150779485702515,-0.04260353744029999,0.04260353744029999,,0.19451886415481567,,0.33587706089019775,1.139393606285254,1.9041794853792147,-0.008832092581521934,-19.10227648417155,0.8169628707832581,0.017801179981338365,-77.24753901163737,1.4225703945059156,-0.09024028671994257,-0.033171796860794224,0.2683128011784513,-0.014054231989188114,-77.2143669128418,1.3071614939700755,-0.07618598131767354,0.011718501492093006,0.00019418115958778063,6.533445825632117e-06,0.011718501492093006,0.00019418115958778063,6.533445825632117e-06,0.0,0.0,0.0,19.204116121927896,0.8104833676751301,-0.018946875295331848,0.9408350626627604,0.0651860312900911,-0.003774781858297847,0.9725049217542012,0.06030909556470009,-0.0031570499545342592,-0.0316698541243871,0.011951689358868771,-0.0006177323454943325,0.0316698541243871,0.011951689358868771,0.0006177323454943325,0.19476268241802852,0.007571813036771976,0.00011029222584406794,0.3369362821181615,0.01327371008510987,0.00043443158285503126
69.5581056713003,1.0,1500.0,0.0,113.0,2022.0,0.8345109272970593,1687.0,335.0,10.100689815778383,1.9209708334923592,9357.8491833136,14.8,0.0032373785983025637,33.61470588235295,1.535294117647059,11.434609361893777,136.0,33.04347826086957,4.643478260869566,11.579256788090973,23.0,33.61470588235295,1.535294117647059,11.434609361893777,136.0,0.42965405679410185,-0.007596529496049934,-0.0031539308614735076,-0.0002058054874040452,-0.0023024777933614007,-0.023842917251052104,-0.024465494271890233,13.817370826684451,113.0,363000.0,241.0,4832.052570104599,75.12335487528485,0.2935410737991333,-20.347640991210938,-77.73159790039062,0.15706148743629456,-77.88865661621094,0.011604523286223412,0.011604523286223412,0.0,20.614334106445312,0.9818205237388611,1.015244960784912,-0.03342438489198685,0.03342438489198685,,0.19104042649269104,,0.308866411447525,0.6210043986638387,0.46467254988491835,-0.007850022774782289,-19.070160484313966,0.8276693926571862,-0.014163548742172969,-77.73007431030274,1.0865854451161108,-0.024265536264794864,0.011929799367984136,0.26241827704259235,-0.00010889432619888408,-77.7420036315918,1.0815125326030843,-0.024156633659250602,0.011586438957601785,0.00035500751636715456,3.03711586769615e-05,0.011586438957601785,0.00035500751636715456,3.03711586769615e-05,0.0,0.0,0.0,19.208521461486818,0.8372214955732324,0.013730991775121956,0.9491558253765107,0.05878921277544538,-0.0001557324036077597,0.9826965808868409,0.05897687411321193,-3.0979484286561444e-05,-0.033540767679611845,0.010071172869684867,-0.00012475352846210274,0.033540767679611845,0.010071172869684867,0.00012475352846210274,0.19447736144065858,0.009214542038403653,-0.00010231798297173766,0.33440592090288795,0.014756906090475553,0.0002627903547912794
71.72745974310513,1.0,1500.0,0.0,116.0,2071.0,0.8405994592433133,1740.0,331.0,9.950905021318523,1.5966894415078379,9031.836943947803,8.8,0.0018552093435088754,34.12517985611511,0.9294964028776982,11.209615978464656,139.0,34.27826086956522,3.1130434782608676,11.128783148747234,23.0,34.12517985611511,0.9294964028776982,11.209615978464656,139.0,0.4252876917531142,-0.006702000529974668,-0.0028047092466461053,-0.00016706587597122485,-0.001178925992779785,-0.012996389891696814,-0.022430010551211143,13.804492121190897,116.0,364500.0,242.0,4853.727232456207,75.09692707135221,0.5636598467826843,-20.633712768554688,-77.29586791992188,0.2835111618041992,-77.57937622070312,0.011623351834714413,0.011623351834714413,0.0,20.721271514892578,1.0161957740783691,1.0436418056488037,-0.027445942163467407,0.027445942163467407,,0.18275514245033264,,0.32870960235595703,0.500443143149217,0.3335376879959436,-0.0031460842612853236,-19.18137633005778,1.0533020043304633,-0.03502391479967381,-77.19849014282227,1.0886456157101065,-0.010174507930359471,0.009452062348524729,0.30529486512051873,0.004555655550108078,-77.20794270833333,1.0579709536200477,-0.014730132275876369,0.011552826594561338,0.0002517874940953579,-2.101778059998966e-05,0.011552826594561338,0.0002517874940953579,-2.101778059998966e-05,0.0,0.0,0.0,19.30757382710775,1.0596722709179767,0.03647340089248414,0.9567150553067525,0.06885682005091448,0.0009822413971744795,0.9821508944034576,0.06844703002599217,0.0010183792490847433,-0.02543583276371161,0.009874608066385808,-3.613748311068222e-05,0.02543583276371161,0.009874608066385808,3.613748311068222e-05,0.19381624360879263,0.007944584148591666,-0.0003123028060883451,0.33931070963541665,0.016038143139204868,-0.00040504836930052145
70.65665799379349,1.0,1500.0,0.0,64.0,2095.0,0.4516803850441653,946.0,1149.0,9.860732550796934,1.8131092627558367,11124.172646443527,51.0,0.010500308832612723,34.4468085106383,2.937588652482269,11.174115953652045,141.0,34.45454545454546,4.851948051948052,11.167307622121134,77.0,34.4468085106383,2.937588652482269,11.174115953652045,141.0,0.42253491520955605,-0.008038583719483716,-0.0027849166993065863,-0.00011780463281067239,-0.001189387008234215,-0.01650909830232796,-0.02340673570274614,13.71143553384629,64.0,366000.0,243.0,4873.879017353058,75.09419062247672,0.26748308539390564,-19.741140365600586,-76.78585052490234,0.22760263085365295,-77.0134506225586,0.011854879558086395,0.011854879558086395,0.0,19.8516788482666,1.012221097946167,1.0313202142715454,-0.01909906230866909,0.01909906230866909,,0.18842387199401855,,0.34812846779823303,1.138299621641636,1.7808974039943,0.07481472707364929,-19.72685178120931,0.7184863046474409,0.010073005582918182,-78.1327023824056,1.1361260259526051,0.010683767893690454,0.1144261075804631,0.21037351276739058,0.0010701193701107123,-78.24712855021158,1.123040502527518,0.009613646442554892,0.011747488069037597,9.181110738153138e-05,5.809791195511674e-06,0.011747488069037597,9.181110738153138e-05,5.809791195511674e-06,0.0,0.0,0.0,19.857859738667806,0.7062415415186044,-0.009896338423579664,0.973639061053594,0.048221962965080176,0.00043697613099788544,1.0057472129662832,0.04732944253979114,0.0002437918682119449,-0.03210813735301296,0.010611826056864698,0.00019318581650963965,0.03210813735301296,0.010611826056864698,-0.00019318581650963965,0.19448924561341605,0.00854747020921873,-0.00020934203442795672,0.3423129836718241,0.010090059212723119,1.899616604253907e-05
67.7052945801706,1.0,1500.0,0.0,66.0,2097.0,0.47175423970508795,989.0,1108.0,9.799760145588017,1.5271674267481936,10802.042852059181,87.80000000000001,0.018097868656470298,34.65285714285713,3.6300000000000003,11.051791865373133,140.0,34.7972972972973,5.737837837837836,10.917700081544155,74.0,34.65285714285713,3.6300000000000003,11.051791865373133,140.0,0.42031231484509995,-0.008335643822245171,-0.0030233470930537522,-0.00035715088627491065,-0.0011480718280836007,-0.03281326660779144,-0.023855271203615438,13.541741238281865,66.0,367500.0,244.0,4893.984287977219,75.09219040666252,0.2733999490737915,-19.04990005493164,-76.83229064941406,-0.31413617730140686,-76.51815795898438,0.012298326939344406,0.012298326939344406,0.0,19.197614669799805,0.8970750570297241,0.9085780382156372,-0.011502954177558422,0.011502954177558422,,0.18836186826229095,,0.32208389043807983,0.6206976210077604,0.5316906792287385,-0.011430695871755218,-19.768169975280763,0.9035018602172359,-0.010305691507951952,-78.3296890258789,1.2629803402954198,0.0629102967870135,-0.030960543950398763,0.30856643999716404,-0.014029191396260292,-78.2987289428711,1.2693908419251911,0.07693946507404174,0.012097439480324585,0.00021273524303679994,2.2423196090871912e-05,0.012097439480324585,0.00021273524303679994,2.2423196090871912e-05,0.0,0.0,0.0,19.90746161142985,0.8937406581003257,0.011378835014029224,0.943327792485555,0.0689847513479807,-0.00236094560188237,0.9728603363037109,0.06993411119277132,-0.003179121866109523,-0.029532555056114993,0.012317653014459626,0.0008181770370487921,0.029532555056114993,0.012317653014459626,-0.0008181770370487921,0.19469437847534815,0.007653076206195005,-0.00023171255599140411,0.3372393141190211,0.011500631254251876,0.00032918795992985077
66.63106043442436,1.0,1500.0,0.0,46.0,2014.0,0.3367032673648207,678.0,1336.0,10.144190717233192,2.0982634320143054,11791.38021382534,86.60000000000001,0.019013744346375094,33.48970588235293,3.9352941176470573,11.462153892086619,136.0,33.09333333333334,5.182222222222221,11.53216809715683,90.0,33.48970588235293,3.9352941176470573,11.462153892086619,136.0,0.42314320562199315,-0.008573069524328646,-0.002861699280551122,-0.0009370687992890436,-0.0017004392801473675,-0.0389967408247133,-0.02443161220315533,13.604980585151349,46.0,369000.0,245.0,4913.516257286072,75.09896796470828,0.4029621481895447,-19.315690994262695,-79.02742004394531,-0.24972693622112274,-78.77769470214844,0.011932162567973137,0.011932162567973137,0.0,19.381481170654297,0.8941550254821777,0.9236064553260803,-0.029451478272676468,0.029451478272676468,,0.186298668384552,,0.31848472356796265,0.5587708592414856,0.4165637726973135,0.005494077690981633,-19.648066775004068,0.8928150120437772,0.01881475607730969,-79.06121012369792,1.1041072949806037,-0.02366705736408382,-0.019832247495651247,0.2781103292274823,0.003094742719800905,-79.04137776692708,0.9713646684231036,-0.026761750252015454,0.012092630099505185,0.00020230771547043682,-1.8863247560380777e-05,0.012092630099505185,0.00020230771547043682,-1.8863247560380777e-05,0.0,0.0,0.0,19.7712282816569,0.919181152651939,-0.01779809342873422,0.9420956552028656,0.06699976118557961,0.000555144308406319,0.9754676898320516,0.0631118773355323,0.0007013600182877837,-0.0333720400929451,0.00884736344797825,-0.00014621496067959374,0.0333720400929451,0.00884736344797825,0.00014621496067959374,0.1949443534016609,0.010293138293243286,0.00023607090198423335,0.33684445222218834,0.013486774302281698,4.109587101835098e-05
70.29386277251191,1.0,1500.0,0.0,91.0,1893.0,0.7172324511979684,1357.0,536.0,10.331670608262716,1.5568275490406458,8627.953067096349,10.4,0.0024931677614230233,32.845669291338574,0.9354330708661421,11.726942894559793,127.0,30.850000000000005,1.0388888888888903,12.450005807353294,36.0,32.845669291338574,0.9354330708661421,11.726942894559793,127.0,0.43367006153696896,-0.007656555105552964,-0.002821353828583181,-0.00024207634637940447,-0.0005928419819951685,-0.02383078386884304,-0.023859016908523028,14.040223843555747,91.0,370500.0,246.0,4934.009562969208,75.09105835154463,0.34475457668304443,-21.598447799682617,-79.60386657714844,-0.1579710841178894,-79.44589233398438,0.011731699109077454,0.011731699109077454,0.0,21.82311248779297,0.9118792414665222,0.9444637298583984,-0.032584480941295624,0.032584480941295624,,0.19454056024551392,,0.3556356430053711,0.7278409123420715,1.0180013533624894,0.0034367227647142443,-19.750405883789064,0.865368318098826,-0.01295602817556576,-79.15170186360677,1.1759716637329853,-0.04119306146369045,-0.07337744683027267,0.2811823410193245,-0.0036920443889959477,-79.07832361857096,1.1556126155619624,-0.037501026870675,0.011989427482088406,0.00016550434601441584,-1.2173753509399926e-05,0.011989427482088406,0.00016550434601441584,-1.2173753509399926e-05,0.0,0.0,0.0,19.88514633178711,0.8751633462539371,0.013771010452966088,0.9327740530172984,0.06374034503856389,-0.0010754681402637275,0.9634350021680196,0.06349231460443645,-0.0008299660762239769,-0.030660959923019013,0.010471637631284674,-0.00024550198468569195,0.030660959923019013,0.010471637631284674,0.00024550198468569195,0.1986604596177737,0.008807217455127242,2.290178525433948e-05,0.3423814435799917,0.011789472943169135,-0.00011243345474905506
70.07806007836454,1.0,1500.0,0.0,93.0,1958.0,0.7068826168591351,1384.0,574.0,10.170110132129723,1.694131371825439,9429.152945887903,24.6,0.005579243400163295,33.40303030303031,1.845454545454546,11.496902472603434,132.0,33.02051282051281,4.046153846153847,11.518533616862378,39.0,33.40303030303031,1.845454545454546,11.496902472603434,132.0,0.4349508754922183,-0.008383382289077236,-0.0026165070102130857,-0.0003042294429142454,-0.0019530408558914422,-0.024642780211100935,-0.024501514285475687,14.287782454172294,93.0,372000.0,247.0,4954.882610797882,75.07745979477343,0.2950289249420166,-19.96790885925293,-78.86844635009766,0.04887837916612625,-78.91732788085938,0.012182109989225864,0.012182109989225864,0.0,20.159805297851562,0.9663873314857483,0.9910884499549866,-0.02470107562839985,0.02470107562839985,,0.19919085502624512,,0.3349934220314026,1.4934675181905428,5.161343750285318,0.12792725085350243,-19.81157766977946,0.9650650066753368,0.030711041833455733,-79.87161229451497,1.5079938890206026,-0.02376971218291424,0.09161900716523329,0.2162454802006017,-0.001601621567440512,-79.96323165893554,1.5282939786543401,-0.02216809265340099,0.01181524715696772,0.00017966532112175597,1.784152391721962e-05,0.01181524715696772,0.00017966532112175597,1.784152391721962e-05,0.0,0.0,0.0,19.914849472045898,0.9343510981309175,-0.03169379992798051,0.9648501972357432,0.04830935960059807,-0.00045667809824790994,1.0006293793519339,0.048667870220055184,-0.0003545426553295704,-0.03577918050189813,0.01397582054300173,-0.00010213454039529022,0.03577918050189813,0.01397582054300173,0.00010213454039529022,0.19382058332363764,0.008814597861308211,-3.057786898565526e-05,0.3374012519915899,0.014122704865262977,-0.00013957075998436504
70.43076957218231,1.0,1500.0,0.0,126.0,2012.0,0.934864101743559,1880.0,132.0,10.197057221234001,1.608041709805412,8665.090653581914,12.4,0.0027581298100449307,33.302222222222234,1.2829629629629629,11.46784963809278,135.0,34.511111111111106,6.577777777777778,10.905378034239094,9.0,33.302222222222234,1.2829629629629629,11.46784963809278,135.0,0.43905294317933025,-0.007424402563867572,-0.0024925487821428403,-0.0001930428403921557,-0.0015332834704562526,-0.024361577091569844,-0.02388638739168627,14.104192428034674,126.0,373500.0,248.0,4976.625204086304,75.0508597057539,1.4569075107574463,-20.607189178466797,-78.14094543457031,-0.19682586193084717,-77.94412231445312,0.012588315643370152,0.012588315643370152,0.0,20.803455352783203,0.922171950340271,0.9350100755691528,-0.012838109396398067,0.012838109396398067,,0.1931733638048172,,0.334388792514801,2.122879330813885,6.490173660410088,0.04663173760866558,-19.83131020863851,0.8133732544055812,-0.01278743001324634,-79.52408447265626,1.1194272746934657,-0.004727020093939119,0.059486657256881396,0.26773562388171634,-0.00968798687961264,-79.58357162475586,1.0886740484268267,0.0049609140771669285,0.012434658935914437,9.485767070517841e-05,-1.788314419474583e-06,0.012434658935914437,9.485767070517841e-05,-1.788314419474583e-06,0.0,0.0,0.0,19.959537760416666,0.8144058930115886,0.01013614539972778,0.9642834405104319,0.0615280208466713,-0.0020653740450060514,0.9935583253701528,0.06103981032977333,-0.002210392928096981,-0.02927488007893165,0.010043726590301727,0.00014502029696083818,0.02927488007893165,0.010043726590301727,-0.00014502029696083818,0.19034386724233626,0.00674983679932054,-0.00017460384079824346,0.33673439025878904,0.012077596861470192,-0.00028185335229316495
65.17650083216225,1.0,1500.0,0.0,82.0,1919.0,0.6398355805661508,1227.0,692.0,10.081058976303122,1.6951334890168146,9623.095546607477,55.2,0.012706597302149993,33.67596899224807,3.2620155038759693,11.43434765884714,129.0,33.582978723404246,5.493617021276597,11.400916497203587,47.0,33.67596899224807,3.2620155038759693,11.43434765884714,129.0,0.43094291239318955,-0.008796971184247583,-0.0029455638304243833,-0.0002451548242608963,-0.0018244934205215186,-0.05250666020828265,-0.02510650923361412,13.88864567409115,82.0,375000.0,249.0,4997.070415496826,75.04396953003837,0.778214693069458,-19.72650909423828,-80.20641326904297,-0.21975694596767426,-79.98665618896484,0.012771806679666042,0.012771806679666042,0.0,19.915767669677734,0.9010972380638123,0.9296038150787354,-0.028506550937891006,0.028506550937891006,,0.188515305519104,,0.33206242322921753,0.6021386121710142,0.7368301182618515,0.006095863704686681,-19.9150998433431,0.7211741814140396,0.02725200037802476,-80.73655293782552,1.5353725587911844,-0.022494245450671458,0.03900063385566076,0.27487074520316634,0.0021675583816343747,-80.77555363972982,1.5711038957735506,-0.024661752193732924,0.012670397323866685,0.00019442293281703925,2.0027872552065336e-05,0.012670397323866685,0.00019442293281703925,2.0027872552065336e-05,0.0,0.0,0.0,20.040459823608398,0.7295990138429026,-0.02658280742844735,0.9517937203248342,0.06153400808928835,0.0003774957609123428,0.988948134581248,0.06297712572987867,0.0005016983284700764,-0.037154422917713724,0.014242689402449738,-0.0001242017166251857,0.037154422917713724,0.014242689402449738,0.0001242017166251857,0.19200846552848816,0.009528787171045234,-7.72873671089388e-05,0.3383577485879262,0.013662464587918316,-3.354447304341108e-05
70.12782254585854,1.0,1500.0,0.0,104.0,1829.0,0.8487645811121663,1552.0,277.0,10.378496447742615,1.7351319869898902,8628.090110726445,14.8,0.0036775668422622007,32.71869918699187,1.6390243902439028,11.766480215043853,123.0,31.673684210526318,5.08421052631579,12.050822059047121,19.0,32.71869918699187,1.6390243902439028,11.766480215043853,123.0,0.4425450237496911,-0.008253447514750552,-0.0025130392703953315,-0.00021524814531697687,-0.0007624633431085028,-0.02737047898338246,-0.025804004816402014,14.409782187961858,104.0,376500.0,250.0,5017.8317222595215,75.03240858592656,0.44792503118515015,-19.354480743408203,-79.8771743774414,0.247993603348732,-80.12516784667969,0.012795683927834034,0.012795683927834034,0.0,19.455562591552734,1.0101031064987183,1.0368996858596802,-0.026796601712703705,0.026796601712703705,,0.19712147116661072,,0.33470213413238525,3.059441416958968,13.442745179317651,0.08135557805537108,-19.770218276977538,0.9430790577384649,0.026488678182193078,-80.30730667114258,1.4550044819993706,-0.04255032481022576,0.0038414724171161652,0.28774095885918743,-0.010272791961806773,-80.31114857991537,1.358055004164213,-0.03227762088626952,0.013269781786948442,0.0002156628938071994,4.5728263703149195e-06,0.013269781786948442,0.0002156628938071994,4.5728263703149195e-06,0.0,0.0,0.0,19.875322532653808,0.9369339219259718,-0.02691511678218352,0.9509186406930288,0.07037822413825813,-0.0025710302810117635,0.9808370888233184,0.06664119531289989,-0.002376658115556714,-0.029918446267644564,0.012196824003533857,-0.00019437225951965382,0.029918446267644564,0.012196824003533857,0.00019437225951965382,0.1857092762986819,0.008973034772944378,-9.505749743295371e-05,0.33587936957677206,0.012834720349085707,0.0002449771453594271
73.72941705915663,1.0,1500.0,0.0,72.0,2054.0,0.5208698988945193,1069.0,985.0,10.336678574602395,1.9556998034716577,10660.198079241483,59.0,0.013005334391394436,32.87391304347827,2.6942028985507243,11.669468455372758,138.0,32.66969696969697,5.427272727272727,11.707930300418237,66.0,32.87391304347827,2.6942028985507243,11.669468455372758,138.0,0.44200568506618854,-0.006969204864771696,-0.0028996191939629403,-0.00021715019591541127,-0.0007808824912973926,-0.005118073195973275,-0.02356699778832498,14.317181028759697,72.0,378000.0,251.0,5038.0380980968475,75.02920633783853,0.2971945106983185,-18.790225982666016,-80.249755859375,0.13449296355247498,-80.38424682617188,0.013524381443858147,0.013524381443858147,0.0,18.85384750366211,0.9850553274154663,1.0112531185150146,-0.026197772473096848,0.026197772473096848,,0.18023312091827393,,0.34143874049186707,1.440797151128451,5.018952098092535,-0.07909501419051473,-19.753598658243813,0.7555242438820766,0.036424536275386256,-80.44152399698893,1.0781248353631823,-0.004535521442551571,0.09895223677158356,0.28324101918279804,0.013585417574319221,-80.54047622680665,1.1418390265291098,-0.018120986548093646,0.013107710393766563,0.00028989299174902934,3.0307088863597446e-05,0.013107710393766563,0.00028989299174902934,3.0307088863597446e-05,0.0,0.0,0.0,19.874284680684408,0.7660695886635018,-0.032093619663803155,0.973924066623052,0.06292302481084783,0.0030837023881438905,1.0029583354791005,0.06535635060171761,0.003149001683223472,-0.02903425625214974,0.010256340863566296,-6.529886950971779e-05,0.02903425625214974,0.010256340863566296,6.529886950971779e-05,0.19022120386362076,0.009557536379031919,-0.00026448490688613,0.33811062276363374,0.013609473972679174,-0.00040132518737547767
69.2397972665182,1.0,1500.0,0.0,82.0,1976.0,0.6224977196151046,1230.0,746.0,10.26359883889985,1.9051981404648761,9935.745785670388,33.4,0.007644070124044491,33.10151515151517,2.616666666666667,11.639188574026262,132.0,32.715999999999994,4.952000000000001,11.74818013737006,50.0,33.10151515151517,2.616666666666667,11.639188574026262,132.0,0.4372674885564096,-0.00783521885529582,-0.002580335345565079,-0.00026167023435723146,-0.0010796662849664623,-0.03199738262718824,-0.024053542701503117,14.15426083101538,82.0,379500.0,252.0,5058.732084989548,75.01879791698518,0.4379292130470276,-20.284404754638672,-81.6581039428711,0.23419822752475739,-81.89230346679688,0.01311680767685175,0.01311680767685175,0.0,20.38922882080078,0.997210681438446,1.034039855003357,-0.036829184740781784,0.036829184740781784,,0.18559803068637848,,0.33391648530960083,1.22405856748422,1.7527629399701714,-0.007408618907111644,-20.21289691925049,0.9012569794422453,0.033568362956318445,-81.2791254679362,0.8658271460725759,0.010587491554201904,-0.033505704005559286,0.32469528452247565,-0.0036335199391749075,-81.24561996459961,0.796627653990042,0.014221053924392544,0.013492159948994716,0.0001503553400878087,-3.7616143651617202e-06,0.013492159948994716,0.0001503553400878087,-3.7616143651617202e-06,0.0,0.0,0.0,20.31287053426107,0.9062886620396445,-0.033678526236563214,0.939808871348699,0.07574772281859503,-0.000617760267353181,0.9722505072752635,0.07534131861190427,-0.000845057110367446,-0.03244165008266767,0.007364645855869464,0.00022729604740164106,0.03244165008266767,0.007364645855869464,-0.00022729604740164106,0.18635355035463969,0.007512088782626281,-0.00016311454825990214,0.3387832959493001,0.012094431078757784,-0.000683591668147008
73.18781222719134,1.0,1500.0,0.0,66.0,1887.0,0.5210270574810965,983.0,904.0,10.461536856985553,2.000688239690085,10038.62631800998,71.60000000000001,0.01736683807121374,32.462992125984265,2.7653543307086617,11.83943884866716,127.0,32.344262295081954,5.56393442622951,11.834928258034523,61.0,32.462992125984265,2.7653543307086617,11.83943884866716,127.0,0.4486599693568766,-0.0075324805634010795,-0.003090760455840455,-0.0004583976587422329,-0.007384295371814897,-0.00490899635985439,-0.024939531089609827,14.86475101541332,66.0,381000.0,253.0,5078.405423641205,75.0235493657818,0.8425059914588928,-18.470247268676758,-83.65985107421875,-0.26892101764678955,-83.39093017578125,0.012712482362985611,0.012712482362985611,0.0,18.598388671875,0.8711467981338501,0.9183945059776306,-0.04724768549203873,0.04724768549203873,,0.190786212682724,,0.34216925501823425,0.6167764802773793,0.8636908788831645,0.025735269743820708,-20.021566581726074,0.9385197244958073,0.0060284492569060285,-83.08336512247722,1.3836280015928237,-0.05752901070905582,0.03893981327613195,0.2601580617302316,-0.002441760324132333,-83.1223045349121,1.3653921340917983,-0.055087315916881346,0.012947106547653676,0.00012346567820923287,-8.716981224011593e-06,0.012947106547653676,0.00012346567820923287,-8.716981224011593e-06,0.0,0.0,0.0,20.140454864501955,0.9399639611880036,-0.008013286314764004,0.942664376894633,0.06070048817349333,-0.0009591561403370363,0.9889748215675354,0.059874487941646945,-0.0005660466277957568,-0.046310429895917576,0.011988480733134736,-0.000393110438269688,0.046310429895917576,0.011988480733134736,0.000393110438269688,0.18392082552115122,0.006253455334137016,4.283152644970536e-05,0.33903976281483966,0.00839307841560204,0.00011842093027472339
72.60311857859294,1.0,1500.0,0.0,60.0,1852.0,0.4800335855763516,889.0,963.0,10.322108836224483,1.81051120196662,9732.449684302128,86.0,0.02090321326138739,32.9136,3.300799999999998,11.758921253409095,125.0,32.72000000000001,6.178461538461535,11.795122013805653,65.0,32.9136,3.300799999999998,11.758921253409095,125.0,0.4418261989394659,-0.007546942803722498,-0.0031670847343399063,-0.0006347143700583053,-0.007459654666516253,-0.004965579505699128,-0.02397094102418338,14.403880782374083,60.0,382500.0,254.0,5098.000370979309,75.0294178433971,0.8062392473220825,-19.283823013305664,-80.89860534667969,0.1902167797088623,-81.08882141113281,0.012440127320587635,0.012440127320587635,0.0,19.32858657836914,0.9996523857116699,1.0233590602874756,-0.023706739768385887,0.023706739768385887,,0.18556082248687744,,0.3483506441116333,1.4150709256529808,5.2446024407564975,-0.007898477595030179,-20.08931852976481,0.8247434391008537,-0.016753987024835014,-83.22513046264649,1.167454352988422,0.03497770858951444,-0.044693310558795926,0.2888608571239167,-0.011699945099229156,-83.18043670654296,1.1097117818660556,0.04667765073171658,0.012774633926649888,0.00016723038640251807,-1.485097917155276e-05,0.012774633926649888,0.00016723038640251807,-1.485097917155276e-05,0.0,0.0,0.0,20.230045000712078,0.830807837989393,0.017728934537316287,0.9259581506252289,0.06747799199038744,-0.002162406110392277,0.9697726309299469,0.06625610421156372,-0.0026786873550118267,-0.04381447825580835,0.010258142295208831,0.0005162800557588189,0.04381447825580835,0.010258142295208831,-0.0005162800557588189,0.18684653292099634,0.007762426170468431,-0.00012273382358212137,0.3466420809427897,0.010291750422147578,0.00013680934110392538
72.55062384683578,1.0,1500.0,0.0,122.0,1933.0,0.9403004852608123,1817.0,116.0,10.315362016627676,1.7403104095589867,8436.247693380677,7.0,0.001635131978509694,32.93076923076923,0.48307692307692307,11.640370307004625,130.0,28.674999999999997,1.5500000000000003,13.049684535192249,8.0,32.93076923076923,0.48307692307692307,11.640370307004625,130.0,0.4387216824880381,-0.007319085952608521,-0.0029181817077289954,-0.00018445547694799977,-0.0008930540242557861,-0.011113561190738738,-0.023863563626412943,14.200818831945593,122.0,384000.0,255.0,5119.2923629283905,75.01036721027208,0.341002494096756,-20.627246856689453,-82.58675384521484,0.15435296297073364,-82.74110412597656,0.01207770872861147,0.01207770872861147,0.0,20.77985382080078,0.979425311088562,1.0149500370025635,-0.035524677485227585,0.035524677485227585,,0.17829707264900208,,0.34012001752853394,0.8370503097772598,0.9273608620692518,0.017633655312594348,-20.16314805348714,0.9316229840449697,0.025245806956053156,-81.67716318766276,0.9579107664041917,-0.03786890286624714,-0.020873069514830908,0.24580319639167356,0.0017669180459917858,-81.6562899271647,0.9233910595316387,-0.03963575013089458,0.01227391418069601,9.772289892698947e-05,-8.839842872704779e-06,0.01227391418069601,9.772289892698947e-05,-8.839842872704779e-06,0.0,0.0,0.0,20.30040111541748,0.9444475663839756,-0.025822759761958993,0.9479705313841502,0.05652988113567345,0.0001445655297649317,0.9752464473247529,0.05583309548866264,0.0004011926582047641,-0.027275916188955307,0.007949693175755189,-0.00025662519907924746,0.027275916188955307,0.007949693175755189,0.00025662519907924746,0.18845600138107935,0.009259704877557078,-0.00043763741436471566,0.3439309815565745,0.01285826306102305,-0.0005141923371888975
72.21660364324396,1.0,1500.0,0.0,110.0,2027.0,0.8102782234997756,1642.0,385.0,10.208840664233126,1.7391218900874652,9384.244265677466,10.8,0.00238758456028651,33.26029411764707,1.0852941176470585,11.54088165877681,136.0,33.13076923076923,3.676923076923077,11.590456350437911,26.0,33.26029411764707,1.0852941176470585,11.54088165877681,136.0,0.4381785482570529,-0.007380794767382727,-0.002636633111205822,-0.0002167860631942924,-0.0013256765837864279,-0.012609200317673699,-0.023594868398371514,14.11936421016036,110.0,385500.0,256.0,5140.666711807251,74.9902729765715,0.2364390641450882,-19.80829620361328,-81.81309509277344,-0.01313558965921402,-81.79995727539062,0.012183759361505508,0.012183759361505508,0.0,19.91893768310547,0.9527601003646851,0.977019727230072,-0.024259697645902634,0.024259697645902634,,0.19300749897956848,,0.3392418622970581,0.4731852521498998,0.292180264339747,-0.006562693286127731,-20.698590660095213,0.8480065068459518,-0.005641873182523125,-83.09322764078776,1.5759573385026462,-0.018098743341124837,0.010942994058132172,0.2136305246873657,0.00018377961452068053,-83.10417048136394,1.5268856646550744,-0.018282468326894487,0.012281578872352839,0.00016521470540916831,1.192212216680369e-05,0.012281578872352839,0.00016521470540916831,1.192212216680369e-05,0.0,0.0,0.0,20.812175687154134,0.8441705542380401,0.005511195826715464,0.9452818135420481,0.0524005821072087,-2.2749176810420548e-05,0.9825077434380849,0.04845656849711047,4.122027831027559e-05,-0.03722591794406374,0.013477644528670275,-6.397049749752745e-05,0.03722591794406374,0.013477644528670275,6.397049749752745e-05,0.18766715476910273,0.0072372112037296064,9.78934917354416e-05,0.344110044836998,0.012007275259540881,7.609917271520964e-05
72.28176567771219,1.0,1500.0,0.0,110.0,1951.0,0.8399825394997781,1638.0,313.0,10.290597018049462,1.975927199319714,8842.521443481777,17.2,0.0039800074046649385,32.989312977099246,1.0396946564885496,11.619442848627301,131.0,32.076190476190476,3.847619047619046,12.014449080557059,21.0,32.989312977099246,1.0396946564885496,11.619442848627301,131.0,0.44037548817911754,-0.007017171991442802,-0.0028213643808662997,-0.0004384436904774127,-0.0006997728807316908,-0.013602602664047694,-0.02297138124783821,14.104419791564546,110.0,387000.0,257.0,5161.826309919357,74.97346418966315,0.33694347739219666,-20.138763427734375,-83.16020202636719,-0.07323354482650757,-83.08696746826172,0.012338850647211075,0.012338850647211075,0.0,20.310941696166992,0.930587649345398,0.9633370041847229,-0.03274931013584137,0.03274931013584137,,0.18726903200149536,,0.3555816411972046,0.6370761409401894,0.6073183122440512,-0.00017329536966807717,-20.434836641947427,0.723560970864446,0.03144533923258434,-82.88866577148437,1.0336329378933944,0.04577862800029742,-0.024471590171257655,0.2531396514800196,-0.002759837727989585,-82.86419372558593,0.991019329119459,0.048538432052326136,0.012336884718388319,0.00010898141025296302,-4.983234640889936e-07,0.012336884718388319,0.00010898141025296302,-4.983234640889936e-07,0.0,0.0,0.0,20.546322186787922,0.7337482080865309,-0.03278306657666008,0.9422121087710063,0.0586404456924863,-0.00010256106914485291,0.9743962268034617,0.05761387353750744,-0.0006281685245713548,-0.03218411126484474,0.009147749931882927,0.0005256071508560624,0.03218411126484474,0.009147749931882927,-0.0005256071508560624,0.18534572571516036,0.009501066992992262,0.00015631563074728843,0.34396952390670776,0.011899175862146534,-0.00024555060966925413
69.1884099476373,1.0,1500.0,0.0,67.0,1861.0,0.5327711419798647,991.0,870.0,10.303695745382818,1.6865971306722602,9389.79051687236,34.0,0.008247222626497842,32.98080000000001,2.2607999999999997,11.68823573605895,125.0,31.965517241379303,3.5448275862068956,12.02809148336608,58.0,32.98080000000001,2.2607999999999997,11.68823573605895,125.0,0.4301974079100836,-0.008320108266599896,-0.003122958308828541,-0.0005649566440931029,-0.0008880118401578672,-0.030389738529847284,-0.023311716642335546,14.187138174279063,67.0,388500.0,258.0,5181.672266244888,74.97579546487653,0.5023080110549927,-21.141666412353516,-84.75318145751953,-0.114241823554039,-84.6389389038086,0.012338533997535706,0.012338533997535706,0.0,21.232986450195312,0.9105009436607361,0.9540064930915833,-0.04350558668375015,0.04350558668375015,,0.18272104859352112,,0.3324763774871826,0.925992584725221,2.5930026290061665,-0.0507837415039871,-20.384847513834636,0.8911450738741321,0.0052084476186653765,-82.80620574951172,1.1261863573101256,0.013873891862270832,-0.01103470406184594,0.2394721504573694,-0.006075611034692068,-82.79517084757487,1.0795580960386628,0.019949539405221785,0.012266487845530112,8.381199390003309e-05,-5.1330851683101805e-06,0.012266487845530112,8.381199390003309e-05,-5.1330851683101805e-06,0.0,0.0,0.0,20.49241828918457,0.8642351917636518,-0.006847839016007845,0.9487997869650523,0.055923312637907514,-0.0011102202339087792,0.9774951736132304,0.054428499308491134,-0.0013815270117313414,-0.02869538441300392,0.009667085245031045,0.0002713051281695377,0.02869538441300392,0.009667085245031045,-0.0002713051281695377,0.18397910793622335,0.008948853998970652,7.15034026590336e-05,0.34232380588849387,0.014033197472234119,0.0001806156653848699
72.55176341280024,1.0,1500.0,0.0,94.0,2084.0,0.672959417146631,1402.0,682.0,10.067518122366021,1.8197767818699868,10176.339541392372,15.600000000000001,0.003303125264673499,33.7342857142857,1.4499999999999995,11.360227820202935,140.0,33.46521739130434,3.8304347826086955,11.397275148620263,46.0,33.7342857142857,1.4499999999999995,11.360227820202935,140.0,0.42996913442392465,-0.007618912690619307,-0.0025887049805385313,-0.0002648350406705553,-0.0007521968365553587,-0.007536028119507891,-0.023372478219470704,13.86062682932426,94.0,390000.0,259.0,5202.650130748749,74.96179643044196,0.8072988986968994,-21.941139221191406,-83.24382781982422,0.24445313215255737,-83.48828125,0.01226764265447855,0.01226764265447855,0.0,22.04759979248047,1.0050301551818848,1.0355465412139893,-0.030516330152750015,0.030516330152750015,,0.17970921099185944,,0.3425978422164917,0.7122242674231529,1.0472068209539795,-0.023266515546831616,-20.563201586405437,1.060306788222044,-0.012713280615206593,-82.81628595987955,0.9131793624820053,-0.03171111924762158,-0.029122217496236166,0.24775371039037433,1.1252014337310156e-05,-82.78716430664062,0.9577564683177024,-0.031722350327402185,0.012103486619889737,0.00011380931952559928,-2.089945870856845e-06,0.012103486619889737,0.00011380931952559928,-2.089945870856845e-06,0.0,0.0,0.0,20.66803258260091,1.0633058930439983,0.012366673148115334,0.9476680000623067,0.05411722484168461,-0.00017968892255537438,0.9734269162019094,0.05611616202443081,3.1842405724340804e-06,-0.02575891964758436,0.00819721301484273,-0.00018287281484008467,0.02575891964758436,0.00819721301484273,0.00018287281484008467,0.1815397689739863,0.008012879444408292,9.917397387698346e-05,0.34336530764897666,0.013304383665916077,-0.0004519749934204002
72.18986826726835,1.0,1500.0,0.0,73.0,1944.0,0.5618109547084754,1092.0,852.0,10.318928198310587,1.666376975147131,9652.675280490395,35.4,0.00827373439910251,32.912307692307685,2.2892307692307696,11.675793575162754,130.0,32.91228070175437,4.680701754385966,11.673613532761639,57.0,32.912307692307685,2.2892307692307696,11.675793575162754,130.0,0.4448233479327017,-0.008111924621637802,-0.002773747680438802,-0.000418130156720619,-0.0027896995708154653,-0.011494681843627513,-0.02491005176272202,14.294298780075597,73.0,391500.0,260.0,5222.729622840881,74.96080177840898,0.16545604169368744,-20.239849090576172,-83.3488540649414,0.006126798689365387,-83.35498046875,0.011971966363489628,0.011971966363489628,0.0,20.431848526000977,0.9549040198326111,0.9813845753669739,-0.026480577886104584,0.026480577886104584,,0.1677905023097992,,0.3236977458000183,2.7496372486154237,11.532930773404386,0.09123715249463109,-20.55551331837972,0.9247014499509435,0.020784714967178545,-84.0064577738444,1.103095816762838,0.006346646352395483,-0.045973817631602285,0.3132198411109563,-0.005000048745692908,-83.96048355102539,1.0601198513712091,0.011346681656377384,0.012177008328338464,0.0001288280130262641,1.932082239857142e-06,0.012177008328338464,0.0001288280130262641,1.932082239857142e-06,0.0,0.0,0.0,20.665790812174478,0.917994823067929,-0.019876118151842263,0.9364282826582591,0.07146806466048099,-0.0009393070510550618,0.9695784310499828,0.07103447183790888,-0.0011342925012310702,-0.03315014416972796,0.009369901322054954,0.00019498440096190055,0.03315014416972796,0.009369901322054954,-0.00019498440096190055,0.18465794771909713,0.007511117817582505,-0.0003464145741287716,0.34523781935373943,0.01397029297228607,-0.0002308936485061434
67.07757266563705,1.0,1500.0,0.0,79.0,2024.0,0.5810449087656667,1176.0,848.0,10.049827967897503,1.9542737673011612,10592.896399174268,72.0,0.015667841754798278,33.789705882352955,3.3073529411764704,11.408272872866142,136.0,33.38245614035088,5.750877192982455,11.427530926008414,57.0,33.789705882352955,3.3073529411764704,11.408272872866142,136.0,0.42647645651996663,-0.008441304131013473,-0.002293724968915694,-0.00046651891039113614,-0.0020599717584517054,-0.040534928150178985,-0.023781459461131162,13.908084182999913,79.0,393000.0,261.0,5243.1118404865265,74.95548673314819,0.29532408714294434,-20.737892150878906,-82.45226287841797,0.16863024234771729,-82.62089538574219,0.01193661242723465,0.01193661242723465,0.0,20.896265029907227,1.0007967948913574,1.0180814266204834,-0.017284633591771126,0.017284633591771126,,0.18517640233039856,,0.350990891456604,0.7802852898836136,2.1981299843689293,0.0333199966338373,-20.403937339782715,0.8008298822507598,-0.008116349760231248,-83.86882400512695,0.9652072251530458,0.014496961345397978,0.010287878817568223,0.22799038426661153,-0.001527619660439362,-83.87911224365234,0.9406076628602217,0.016024613937363694,0.01227713121722142,0.00021213766125682785,1.4260543864613724e-06,0.01227713121722142,0.00021213766125682785,1.4260543864613724e-06,0.0,0.0,0.0,20.523346265157063,0.8068443143163837,0.00849142912630213,0.9527310490608215,0.05240212280285226,-0.00011632400041694311,0.9823125163714092,0.051872368628022754,-0.0003505102917137793,-0.029581460698197285,0.008337529938440835,0.00023418556716504484,0.029581460698197285,0.008337529938440835,-0.00023418556716504484,0.18195183624823888,0.007083179540474307,-0.0004327937115286356,0.34710577726364134,0.012378280407420075,-0.0006592015801070228
66.39008105884899,1.0,1500.0,0.0,22.0,2052.0,0.1564681004540892,321.0,1731.0,10.034463881812792,2.3116925143161406,13114.005947889746,204.60000000000002,0.04376470588235294,33.876811594202884,6.591304347826084,11.301034506106333,138.0,33.96379310344827,7.536206896551723,11.247527995401784,116.0,33.876811594202884,6.591304347826084,11.301034506106333,138.0,0.43703268740977014,-0.010051303509337762,-0.0025414505479029103,-0.0018352448069496254,-0.005118829981718455,-0.04314442413162701,-0.026417687663779603,14.486185213898722,22.0,394500.0,262.0,5261.906891822815,74.97282033117436,0.49075746536254883,-20.70734977722168,-83.19973754882812,0.16051141917705536,-83.3602523803711,0.012422219850122929,0.012422219850122929,0.0,20.840694427490234,0.9956701993942261,1.016577959060669,-0.020907863974571228,0.020907863974571228,,0.1933283805847168,,0.3666686415672302,0.8981604814529419,2.2110310819502565,0.06544100043505796,-20.615122858683268,0.7298340396072818,0.009216491054242352,-83.76065394083659,0.9828949815615079,-0.007455160885682486,0.017844656854867934,0.27734768391694425,0.006905383894321522,-83.77849909464518,0.9137912238924114,-0.014360609892608957,0.012147709137449662,0.00013022426116568542,1.1909378690435581e-05,0.012147709137449662,0.00013022426116568542,1.1909378690435581e-05,0.0,0.0,0.0,20.735117785135905,0.7172530538582331,-0.00761899895079345,0.9581981301307678,0.06435030012701426,0.0015334069927754302,0.9840780595938364,0.06285456566498672,0.001564078216955831,-0.02587993514413635,0.00784937829973906,-3.067036371706984e-05,0.02587993514413635,0.00784937829973906,3.067036371706984e-05,0.18421270747979482,0.010904201670291979,0.00017495964870303977,0.3468725383281708,0.012049413102778643,0.0002533932946812887
70.51907413288698,1.0,1500.0,0.0,59.0,1835.0,0.47895272043218035,878.0,957.0,10.161591615399079,1.5570289596060432,9451.227295340315,54.0,0.013144442821673727,33.40000000000001,2.960975609756098,11.579897069980992,123.0,33.128125,4.943750000000001,11.655282934026438,64.0,33.40000000000001,2.960975609756098,11.579897069980992,123.0,0.431389469001288,-0.0082319904104516,-0.002448660005163857,-0.0003768731158349625,-0.000842696629213482,-0.021483146067415793,-0.02424088700148672,14.137540544219975,59.0,396000.0,263.0,5281.383990287781,74.98034619869064,0.14905992150306702,-20.813867568969727,-86.10380554199219,-0.10890529304742813,-85.99490356445312,0.012767508625984192,0.012767508625984192,0.0,20.86223793029785,0.9142013788223267,0.9550267457962036,-0.04082545265555382,0.04082545265555382,,0.18495938181877136,,0.34293729066848755,0.3846858332554499,0.22076633685226543,-0.0031895494633442448,-20.29243539174398,0.987638614479066,0.002106217415102347,-83.98690719604492,0.9770686885817563,-0.04793040410297215,0.05708532420297464,0.25792914563231834,0.004623345968554894,-84.04399286905924,1.0045606670821052,-0.05255378663738683,0.012556670140475035,0.00013231321234169518,1.2510769002893279e-05,0.012556670140475035,0.00013231321234169518,1.2510769002893279e-05,0.0,0.0,0.0,20.41559181213379,0.985982025415439,-0.002255617339035812,0.967680964867274,0.05758338098795136,0.0006980263086261605,0.993048628171285,0.05890951991344928,0.0010581538992808324,-0.025367686587075392,0.0083319689998921,-0.0003601291508012932,0.025367686587075392,0.0083319689998921,0.0003601291508012932,0.1846241022149722,0.007982720406663969,9.338077037565085e-05,0.34555377761522926,0.010425020427437452,9.129032807566802e-05
63.8028834660848,1.0,1500.0,0.0,18.0,2025.0,0.13040259683364014,264.0,1761.0,10.240882502348684,1.9739364829094532,12474.440682164799,224.4,0.04973404255319149,33.176470588235304,7.027941176470588,11.50636945858122,136.0,33.34576271186441,7.689830508474575,11.421971735204414,118.0,33.176470588235304,7.027941176470588,11.50636945858122,136.0,0.4613574056917407,-0.011070146419438518,-0.0026078993066359977,-0.0012023050153334598,-0.0013703993735317156,-0.07580266249021167,-0.02779699498619656,15.346835174810028,18.0,397500.0,264.0,5299.796528577805,75.0028794231217,0.45899808406829834,-19.546131134033203,-84.25829315185547,0.34162017703056335,-84.59991455078125,0.012804784812033176,0.012804784812033176,0.0,19.61065673828125,1.0323874950408936,1.05838942527771,-0.026001863181591034,0.026001863181591034,,0.20088201761245728,,0.3614988923072815,0.6528074001272519,0.9743131001925361,-0.0027848376282330334,-20.692821502685547,0.9314314868076778,0.023907508043877274,-84.40520477294922,1.1775016665966527,-0.01665270575161432,-0.005902650703986486,0.24670230995444484,0.0013676163385123916,-84.39930216471355,1.1888404437589353,-0.018020412627527446,0.012679101464649041,0.0001341372564618937,-3.101464539136823e-06,0.012679101464649041,0.0001341372564618937,-3.101464539136823e-06,0.0,0.0,0.0,20.81119467417399,0.9268233331372308,-0.023972719848090192,0.9530353387196858,0.05586709176792786,0.0002513874359469897,0.9786641756693523,0.05643639387783173,0.00031298487814963703,-0.025628844058761993,0.010146235765058683,-6.159833830276697e-05,0.025628844058761993,0.010146235765058683,6.159833830276697e-05,0.18972889085610709,0.008468561644827868,0.00030840081685906863,0.35058804353078205,0.01568980124826754,0.0001234349737708273
70.80183397928873,1.0,1500.0,0.0,60.0,1920.0,0.464683158616045,892.0,1028.0,10.27197794269312,1.9101906069750145,10419.948148262585,71.60000000000001,0.01678465938393736,33.06821705426356,3.831007751937984,11.69676233488641,129.0,33.640579710144934,6.330434782608695,11.50866224770359,69.0,33.06821705426356,3.831007751937984,11.69676233488641,129.0,0.45236698126027364,-0.008660017934391726,-0.0025452960951180725,-0.00043569105113407005,-0.0008989282009911246,-0.026460758326610708,-0.026500820270419646,14.854639117642984,60.0,399000.0,265.0,5319.5425181388855,75.00645001698297,0.31283992528915405,-20.57079315185547,-84.95841979980469,-0.1323750615119934,-84.82604217529297,0.011866445653140545,0.011866445653140545,0.0,20.65333366394043,0.9249948263168335,0.9501452445983887,-0.025150388479232788,0.025150388479232788,,0.19758805632591248,,0.34620264172554016,0.5571130643288295,0.4148369455471007,-0.00977881894228324,-20.83991247812907,0.7123349566937962,-0.010184668433811777,-85.12811075846354,1.152753207044666,-0.01381161088275018,-0.11167873094479243,0.211395163148405,-0.006698722346738661,-85.01643142700195,1.1636859363199403,-0.0071129057378188235,0.012394817546010017,0.0003373086498213897,-3.724774932105515e-05,0.012394817546010017,0.0003373086498213897,-3.724774932105515e-05,0.0,0.0,0.0,20.95099048614502,0.7112449671688036,0.00958888740242466,0.9265016595522563,0.047515080134683044,-0.0014770232265332668,0.9546304066975911,0.048107525733071206,-0.0015090132714378885,-0.028128762543201447,0.009953726952778123,3.1990500724355964e-05,0.028128762543201447,0.009953726952778123,-3.1990500724355964e-05,0.19008350372314453,0.008245409139364118,0.0001452115406846786,0.35040949781735736,0.012038879757058508,-0.0003109875059499143
65.73500564863097,1.0,1500.0,0.0,53.0,1972.0,0.3978458723364165,784.0,1188.0,9.950608632620499,1.6845281642963577,10949.940807893032,126.2,0.02779613232897229,34.13684210526317,5.186466165413534,11.282060487859823,133.0,34.21999999999999,7.425,11.208109573185977,80.0,34.13684210526317,5.186466165413534,11.282060487859823,133.0,0.4293408452395078,-0.009823038711997432,-0.002760518414572698,-0.0009844989886399554,-0.0007842649072575617,-0.04770322420017469,-0.025232718173295324,13.891451348046294,53.0,400500.0,266.0,5339.298617362976,75.00985217376787,0.3552420437335968,-17.398502349853516,-85.45201110839844,0.07944178581237793,-85.53145599365234,0.01177914347499609,0.01177914347499609,0.0,17.530126571655273,0.9695086479187012,0.9978862404823303,-0.02837764471769333,0.02837764471769333,,0.18304967880249023,,0.35128894448280334,0.655823503434658,0.9957401022288145,0.003944354602969655,-20.3951935450236,1.0711816354429138,0.013229357811712996,-85.46854756673177,1.1082859327386418,-0.026712915337787208,0.03544488350550334,0.2859699845687317,0.008282331769272807,-85.50399220784506,1.049107583022622,-0.03499522988867684,0.011738120826582115,6.790478771020428e-05,-3.6186574895075197e-06,0.011738120826582115,6.790478771020428e-05,-3.6186574895075197e-06,0.0,0.0,0.0,20.52340399424235,1.0651317198431922,-0.012257389072847671,0.9584646463394165,0.06581842122530156,0.0016588566433203044,0.9879614988962809,0.06435442248136758,0.001863840424576892,-0.029496850321690242,0.008751281097921063,-0.00020498417077525932,0.029496850321690242,0.008751281097921063,0.00020498417077525932,0.18475937495628994,0.007233336780533591,0.00013458416843838112,0.3469563633203506,0.012722107096731787,-2.289959400461831e-05
72.02789966038296,1.0,1500.0,0.0,70.0,2002.0,0.5213740905168808,1043.0,959.0,10.115165343372903,1.5569116746713716,10288.449014053727,50.2,0.011151095117508553,33.59552238805969,2.888059701492537,11.434060765056886,134.0,34.146874999999994,5.4,11.240104257690005,64.0,33.59552238805969,2.888059701492537,11.434060765056886,134.0,0.4425428044701386,-0.007678626074113398,-0.0022452152094894827,-0.0003404976633011907,-0.0010652721286073966,-0.016037187681580495,-0.023987454294718907,14.321999726590784,70.0,402000.0,267.0,5359.497836112976,75.00702720528648,0.4314536452293396,-21.734725952148438,-88.44015502929688,-0.0429234653711319,-88.39723205566406,0.011843099258840084,0.011843099258840084,0.0,21.867034912109375,0.9204074144363403,0.9703237414360046,-0.04991632327437401,0.04991632327437401,,0.20283667743206024,,0.3749845027923584,0.4815233588218689,0.485321239959573,-0.011755062283345157,-20.836137708028158,0.8676230100924694,-0.02757225460947795,-85.91669947306315,1.1684597489487778,-0.055541769840293825,-0.010554767648379008,0.24603222772753403,-0.0011563729092860006,-85.90614547729493,1.149909675403593,-0.05438544217152992,0.011968496907502412,8.58168856623912e-05,-3.801591826957417e-06,0.011968496907502412,8.58168856623912e-05,-3.801591826957417e-06,0.0,0.0,0.0,20.9577304204305,0.8584921411809268,0.026753260747210867,0.9474836309750875,0.05608440384888254,-0.0006282646743553947,0.9776063660780588,0.0556152449711451,-0.00025882104347492717,-0.030122749879956244,0.009469797026863742,-0.0003694419609227347,0.030122749879956244,0.009469797026863742,0.0003694419609227347,0.19125692496697108,0.008578869415213478,0.00039627965419522943,0.35431266725063326,0.014835135060537238,0.0001370043656451993
69.83813615829226,1.0,1500.0,0.0,63.0,2079.0,0.45239942031867053,940.0,1139.0,10.12494638287349,1.6208252521600388,10739.599994813196,51.400000000000006,0.011027676464278052,33.53237410071942,3.0086330935251797,11.427972534142485,139.0,33.61842105263159,4.6421052631578945,11.374498813043575,76.0,33.53237410071942,3.0086330935251797,11.427972534142485,139.0,0.43666974801174807,-0.007935236017819829,-0.0022607704656004883,-0.0004821393519403793,-0.0007870665815783865,-0.027823867262284786,-0.024091040160071495,14.129103560287513,63.0,403500.0,268.0,5379.504247665405,75.00691168244931,0.38215506076812744,-18.935083389282227,-86.0352783203125,0.13221800327301025,-86.16749572753906,0.011634265072643757,0.011634265072643757,0.0,18.9854736328125,0.9814562201499939,1.0096865892410278,-0.028230417519807816,0.028230417519807816,,0.1681625097990036,,0.3407309651374817,0.5162343929211298,0.40371226891404527,0.010229680475854496,-20.90507157643636,0.935334036280362,-0.007824899251256076,-86.40672963460287,1.2058942015362952,0.06252549354969275,0.018449493497610093,0.3154769997740806,-0.0036741263957257037,-86.42517929077148,1.2015974123656608,0.06619959779257904,0.011824624054133892,0.00012205960193955434,-7.917995547028506e-06,0.011824624054133892,0.00012205960193955434,-7.917995547028506e-06,0.0,0.0,0.0,21.05148639678955,0.9319200696510529,0.006657261577941182,0.9524525463581085,0.07064487917234293,-0.00017846645051832586,0.9842027842998504,0.07112992217988806,-0.0008315444257819179,-0.031750227448840936,0.010583560025608852,0.0006530762990901421,0.031750227448840936,0.010583560025608852,-0.0006530762990901421,0.18981357663869858,0.007932237654133678,-0.00033595880557751325,0.3551024228334427,0.014615602718336517,-6.0925872227784204e-05
72.08512504145784,1.0,1500.0,0.0,106.0,1973.0,0.8050386485392899,1588.0,385.0,10.198020766676489,1.5425165700826888,8987.161997651006,11.4,0.0025943288880797416,33.28939393939394,1.053030303030303,11.565492866840842,132.0,33.0846153846154,3.6230769230769235,11.57406915233856,26.0,33.28939393939394,1.053030303030303,11.565492866840842,132.0,0.4368546612447807,-0.0077178462716526305,-0.002224913908492878,-0.00024640617574988666,-0.0015364188163884721,-0.011330298431967652,-0.024856880279247175,14.052058331076928,106.0,405000.0,269.0,5400.572138547897,74.99205447312035,0.29545968770980835,-21.81233787536621,-87.1653823852539,0.14551371335983276,-87.31089782714844,0.011900807730853558,0.011900807730853558,0.0,21.983285903930664,0.9777238965034485,1.0128384828567505,-0.03511460870504379,0.03511460870504379,,0.20048518478870392,,0.35102415084838867,0.7749565675854683,1.0813516647226784,-0.009344318668224409,-20.93008721669515,1.0522414184475855,-0.014837043516097234,-86.27199045817058,0.8727086952725628,-0.0007244071917998771,-0.03148175018529097,0.28865525217595034,0.00884141501399779,-86.24050877888997,0.8187900838601769,-0.00956578917710072,0.011744982500871023,7.530202778960237e-05,5.200950302456953e-06,0.011744982500871023,7.530202778960237e-05,5.200950302456953e-06,0.0,0.0,0.0,21.064781188964844,1.0557671997734792,0.015427822159712869,0.9454844812552134,0.06566770290180213,0.0020020054100087243,0.9729108432928721,0.06498270525595022,0.001991250265692148,-0.027426365793993077,0.006870853748604443,1.075517974619884e-05,0.027426365793993077,0.006870853748604443,-1.075517974619884e-05,0.18813647578159967,0.011224110419821307,0.0002063001256365588,0.35400666693846383,0.015383790523718603,-0.0001004809200830103
71.14086877254017,1.0,1500.0,0.0,114.0,2096.0,0.8116305929156754,1701.0,395.0,10.20905226004231,1.5406108439724429,9791.997329926993,15.200000000000001,0.0032412146025247355,33.25957446808511,0.9744680851063826,11.51606913576513,141.0,32.49629629629629,2.5185185185185186,11.779846831691247,27.0,33.25957446808511,0.9744680851063826,11.51606913576513,141.0,0.43458531175155807,-0.007862191091603316,-0.0023744985528034216,-0.00019016958565313782,-0.001340200152162466,-0.01624626909346297,-0.025026145069247826,13.952502277803775,114.0,406500.0,270.0,5421.952924489975,74.97298587081298,0.364930123090744,-21.020030975341797,-87.68477630615234,0.2587164044380188,-87.94348907470703,0.011543258093297482,0.011543258093297482,0.0,21.177169799804688,1.0003371238708496,1.037986397743225,-0.03764919191598892,0.03764919191598892,,0.19070404767990112,,0.34800127148628235,0.6192281832297643,0.49710127677962085,0.01446526678438579,-20.647267405192057,1.0393932572933007,-0.0029234617782774325,-86.45432688395182,1.0793128796548739,-0.03330221717163806,0.021129815156261125,0.21736277876959673,0.0022012690954465617,-86.47545649210612,1.09412185407673,-0.035503364537524895,0.011591516652454932,0.00016863061008802046,-1.6400074012354004e-05,0.011591516652454932,0.00016863061008802046,-1.6400074012354004e-05,0.0,0.0,0.0,20.77265338897705,1.0329468656586707,0.005152576094341436,0.9580872654914856,0.048109078267511374,0.0002839374064868397,0.9847490231196085,0.0487350707921315,0.0004905660372554602,-0.02666176015821596,0.009002168624851044,-0.0002066299231211185,0.02666176015821596,0.009002168624851044,0.0002066299231211185,0.18444739282131195,0.006285270731382067,-8.737413053120486e-05,0.3477557728687922,0.012956293982530462,-0.00013283322066964137
67.11148137631623,1.0,1500.0,0.0,46.0,1831.0,0.3698097052572509,677.0,1154.0,10.239779423301902,1.3628041750040965,9519.86170722934,130.20000000000002,0.03192584963954686,33.15609756097561,4.814634146341464,11.65371586221092,123.0,32.60519480519481,6.836363636363636,11.771487088283196,77.0,33.15609756097561,4.814634146341464,11.65371586221092,123.0,0.4275197990629475,-0.008006504909437169,-0.00274735012388966,-0.0008653571397571344,-0.0045318084345961655,-0.037626876340243254,-0.02347295191772874,13.84775710735316,46.0,408000.0,271.0,5441.039372682571,74.98567315068804,0.22727759182453156,-21.59113883972168,-86.85325622558594,0.46065130829811096,-87.31390380859375,0.011471869423985481,0.011471869423985481,0.0,21.743927001953125,1.053481101989746,1.0831010341644287,-0.029620002955198288,0.029620002955198288,,0.18810608983039856,,0.35066163539886475,1.8263249427080155,6.521452597450958,-0.1803767968205378,-20.61415367126465,1.0978160078904309,0.03131698082233334,-87.13377329508464,1.0668015803542525,-0.01412313459181813,0.02576407268643379,0.34296528394521425,-0.0025452184580987474,-87.15953674316407,0.976118713137709,-0.011577849764710194,0.011470113787800074,0.00013103096970571947,-9.285547336495303e-06,0.011470113787800074,0.00013103096970571947,-9.285547336495303e-06,0.0,0.0,0.0,20.73837521870931,1.0914542145278636,-0.029452680135861147,0.9560995519161224,0.07792715010518544,-0.0005817936180165722,0.985751583178838,0.0767373713001119,-0.0005761877050389295,-0.0296520182552437,0.008125239024386265,-5.605381118905917e-06,0.0296520182552437,0.008125239024386265,5.605381118905917e-06,0.18542881160974503,0.008472366494394425,0.0003982347727352289,0.35075288116931913,0.01310368566321693,0.0002963494869970396
70.44273269176483,1.0,1500.0,0.0,96.0,1841.0,0.7795767241051352,1435.0,406.0,10.097233769094895,1.6977131639832435,8851.988287716122,15.200000000000001,0.0036445595357982065,33.633870967741935,1.6612903225806455,11.4498736094718,124.0,33.31428571428571,4.807142857142858,11.344655072811394,28.0,33.633870967741935,1.6612903225806455,11.4498736094718,124.0,0.4296012990073866,-0.007535706829278803,-0.0023322391026313312,-0.0003728494539531385,-0.000619067271976887,-0.019645068097400048,-0.02461239844637497,13.73181680532946,96.0,409500.0,272.0,5461.731879234314,74.97621799358782,0.37905487418174744,-21.736143112182617,-88.6410903930664,-0.03245336562395096,-88.60863494873047,0.010705753229558468,0.010705753229558468,0.0,21.955921173095703,0.9351679086685181,0.9728466272354126,-0.037678785622119904,0.037678785622119904,,0.17520615458488464,,0.33907416462898254,0.531780551870664,1.096733755987316,-0.027998746999511482,-21.07292760213216,0.9196589769715912,-0.032779510294369776,-87.01515502929688,1.0063828700996815,-0.01575689771946828,-0.027243302886684737,0.2008513869894969,0.003428559667442219,-86.98791173299153,0.9519731360224902,-0.019185472940308857,0.011202029604464769,0.00029267429515281737,-3.183069053593958e-05,0.011202029604464769,0.00029267429515281737,-3.183069053593958e-05,0.0,0.0,0.0,21.216907183329266,0.9080988280146444,0.03105229217563221,0.9483953336874644,0.046865990056949955,0.0006971530177038762,0.9738887250423431,0.04473249454568354,0.0007666387998222342,-0.02549339262768626,0.007839822830870606,-6.948847829201568e-05,0.02549339262768626,0.007839822830870606,6.948847829201568e-05,0.1833309605717659,0.008487238640083621,-6.790663363273388e-05,0.3472506235043208,0.011797467476417633,-0.00016677335186450972
68.24471849553726,1.0,1500.0,0.0,34.0,1957.0,0.25559193813560593,500.0,1457.0,10.060537490510804,2.0083726688879326,11617.11347281958,115.4,0.02588720893714388,33.771212121212116,4.5969696969696985,11.385483360762136,132.0,33.48367346938775,5.844897959183673,11.466209445828941,98.0,33.771212121212116,4.5969696969696985,11.385483360762136,132.0,0.4185876032566968,-0.00774989121053358,-0.0030463485011491937,-0.0010691838555864264,-0.001974558572242259,-0.02582115056009109,-0.02315311901169099,13.13124050862314,34.0,411000.0,273.0,5480.67974281311,74.99069810436376,0.43371033668518066,-19.220333099365234,-86.1932601928711,0.014378897845745087,-86.2076416015625,0.010956994257867336,0.010956994257867336,0.0,19.45826530456543,0.9681596159934998,0.9831855893135071,-0.015025985427200794,0.015025985427200794,,0.18046100437641144,,0.3229236900806427,0.629760380089283,0.6770152807661787,0.02197050698540765,-20.68933652242025,0.795348009430706,0.011890446171745006,-87.14038594563802,0.7391187251666395,0.017689376678299486,0.0015019336094458898,0.2137059385701937,-0.0025312453118858423,-87.14188791910807,0.6773949059348906,0.020220611198860403,0.010962857802708944,0.00011420080075102289,6.712594787456151e-06,0.010962857802708944,0.00011420080075102289,6.712594787456151e-06,0.0,0.0,0.0,20.814674123128256,0.7796795866393267,-0.009401561155733314,0.9562721172968547,0.04842138003786237,-0.0003038580346028102,0.9803484280904134,0.0473376421899377,-0.0005615108668207671,-0.024076321472724278,0.005877705376635089,0.0002576530075013573,0.024076321472724278,0.005877705376635089,-0.0002576530075013573,0.18633153885602952,0.006876587808406582,-1.159945836454929e-05,0.34575645327568055,0.012436932544065579,-9.994728281448599e-05
73.79514280954997,1.0,1500.0,0.0,96.0,1866.0,0.7684825744315014,1433.0,433.0,10.196513634706575,1.6932469298444623,8770.07846645479,15.0,0.0036019594659494765,33.31520000000001,0.6991999999999998,11.5575698910914,125.0,33.82758620689654,3.013793103448275,11.40240768475765,29.0,33.31520000000001,0.6991999999999998,11.5575698910914,125.0,0.43713072496945277,-0.0070240093539785005,-0.0023959920253295557,-6.082739332918216e-05,-0.0016758606242580874,0.0,-0.02497391214297851,13.975113210072307,96.0,412500.0,274.0,5501.348689556122,74.98161328750145,0.349534273147583,-20.273622512817383,-86.51129150390625,0.37766221165657043,-86.88895416259766,0.011670498177409172,0.011670498177409172,0.0,20.425331115722656,1.0468451976776123,1.0648529529571533,-0.018007662147283554,0.018007662147283554,,0.16822916269302368,,0.3459051251411438,0.7918917646010717,1.314386497564818,0.00886656669143573,-20.876383145650227,0.9447772231135482,-0.014189910464344686,-87.97748107910157,0.9229012486489307,-0.0008635422279067768,0.055056926359732944,0.2756318970558458,0.002719485860844213,-88.03253860473633,0.8014945002340804,-0.0035830844628771436,0.011127697676420212,0.0002632280510314002,2.6950727447916826e-05,0.011127697676420212,0.0002632280510314002,2.6950727447916826e-05,0.0,0.0,0.0,21.012703069051106,0.9525476370272603,0.014562622511612203,0.9635115305582682,0.06367063375316265,0.0006746013915048056,0.9922724703947703,0.06127257048811164,0.0006142621973862953,-0.02876092232763767,0.006647150879468569,6.034021183964479e-05,0.02876092232763767,0.006647150879468569,-6.034021183964479e-05,0.18377495954434078,0.007238723504335752,-0.000121657876867611,0.3442653139432271,0.011210742273946235,0.00025737329372706446
73.0246889931815,1.0,1500.0,0.0,14.0,1993.0,0.10419345089826404,207.0,1786.0,9.953290256873105,2.278967438334119,12794.463726458634,238.20000000000002,0.05207012634984479,34.138805970149264,7.408955223880601,11.206311316002068,134.0,34.153333333333336,8.248333333333338,11.161991249775058,120.0,34.138805970149264,7.408955223880601,11.206311316002068,134.0,0.4281656050651859,-0.007800419771895783,-0.0034706238600149906,-0.0013411420073949258,-0.0033850493653032397,-0.005641748942172074,-0.024013427455015314,14.910005524388723,14.0,414000.0,275.0,5519.7260138988495,75.00372282202677,2.350111484527588,-22.523683547973633,-88.74092864990234,0.05887465178966522,-88.7998046875,0.011756782419979572,0.011756782419979572,0.0,22.683481216430664,0.9621595144271851,0.9932495355606079,-0.031089989468455315,0.031089989468455315,,0.18332093954086304,,0.33913448452949524,0.713369099299113,0.6863975656763617,0.0035417447896369664,-21.10153605143229,0.8960056588089573,-0.014071320903977084,-88.15171356201172,1.028823299693241,-0.025511921340550605,-0.01703947118173043,0.259616228476737,-0.005962424196957615,-88.13467483520508,0.9380131471577231,-0.019549504535745537,0.011841195294012626,0.00010079855509835,-1.9776930118828683e-06,0.011841195294012626,0.00010079855509835,-1.9776930118828683e-06,0.0,0.0,0.0,21.23384075164795,0.8879532765957937,0.015590231941061242,0.9492668449878693,0.06062267676929844,-0.0014165128165808676,0.9761784752209981,0.058544519043562705,-0.0013449421448755675,-0.02691161207233866,0.007632904386869139,-7.15704850264063e-05,0.02691161207233866,0.007632904386869139,7.15704850264063e-05,0.18531374335289003,0.007461665623972336,-2.0752533922207696e-05,0.3474357932806015,0.009498634164141786,-0.00012820518189198785
72.68468070752692,1.0,1500.0,0.0,33.0,1833.0,0.26809019094666925,491.0,1342.0,10.337258207555925,1.8866997975449225,11030.329936159118,124.60000000000001,0.030789759810220422,32.90081300813009,4.920325203252033,11.723074317671914,123.0,33.24888888888891,6.515555555555556,11.531453994024519,90.0,32.90081300813009,4.920325203252033,11.723074317671914,123.0,0.45955398400612996,-0.008968794736756672,-0.0031749802337113987,-0.0005255456788560335,-0.0013166277341261402,-0.01596942025907833,-0.027865623884360986,15.358599778285715,33.0,415500.0,276.0,5538.406117200851,75.02158404555507,1.0311408042907715,-19.285919189453125,-90.6552734375,0.04869630187749863,-90.70397186279297,0.01045521255582571,0.01045521255582571,0.0,19.524246215820312,0.9466689825057983,0.9906777143478394,-0.04400867968797684,0.04400867968797684,,0.19052579998970032,,0.3294479548931122,0.5849903702735901,1.1229568087727904,-0.0047246698741785585,-20.900152079264323,0.8771012566406121,0.03360211942034179,-88.69541244506836,1.2097401729698787,0.019142290058074718,-0.028974293420712154,0.2415360682282531,-0.003969225362026118,-88.66643753051758,1.1764105550991149,0.02311154409033243,0.01131749643633763,0.0003243405012754088,-3.1653530191261666e-05,0.01131749643633763,0.0003243405012754088,-3.1653530191261666e-05,0.0,0.0,0.0,21.028658612569174,0.8607308308334914,-0.03109656897217126,0.9449868500232697,0.05512997866501195,-0.0005931584137565764,0.9735816915829977,0.053985630060285915,-0.0008730813048705735,-0.028594837182511885,0.009829806987410492,0.0002799234250446457,0.028594837182511885,0.009829806987410492,-0.0002799234250446457,0.1846082424124082,0.00845386743432764,-7.942380244793075e-05,0.3411956290404002,0.015110087291480783,-0.00014504540351130627
70.72513927112927,1.0,1500.0,0.0,22.0,1958.0,0.1676525491734222,328.0,1630.0,10.330409938238272,1.7443418893644576,11572.82881819077,197.20000000000002,0.04575830703545573,32.897709923664124,6.01679389312977,11.724185115902555,131.0,32.8348623853211,7.097247706422017,11.729853414435018,109.0,32.897709923664124,6.01679389312977,11.724185115902555,131.0,0.44156675213486846,-0.009014897178822558,-0.004235987687606993,-0.001318070045688862,-0.0040307692307692215,-0.017969230769230744,-0.02661562074918252,14.827771998687911,22.0,417000.0,277.0,5556.939253807068,75.04130978475473,0.2575843930244446,-21.559301376342773,-88.6657485961914,-0.23084385693073273,-88.43490600585938,0.011125796474516392,0.011125796474516392,0.0,21.53548812866211,0.9059591293334961,0.9286860823631287,-0.02272690460085869,0.02272690460085869,,0.18427735567092896,,0.3349965810775757,0.4570915977160136,0.37060791098480766,0.008727671267325937,-20.62567907969157,0.7749907956555279,-0.020109634908605508,-89.3906135559082,1.225420698159486,0.036663158106991924,-0.01619510812064012,0.31270294538058024,0.015739000572080213,-89.37441838582357,1.216546348629727,0.020924146607668476,0.010534869724263747,0.0002734355885802922,2.909930437405452e-05,0.010534869724263747,0.0002734355885802922,2.909930437405452e-05,0.0,0.0,0.0,20.732346280415854,0.7958364834903889,0.020688178939733876,0.9448704282442729,0.06869620647838807,0.0037135633929022338,0.9765772104263306,0.06859847136464159,0.003452594871648277,-0.03170677106827498,0.010104499887606937,0.00026097007808550124,0.03170677106827498,0.010104499887606937,-0.00026097007808550124,0.18443364948034285,0.009157484023630202,0.00014173061285453151,0.3463187783956528,0.012607576241522535,-2.4926271268869026e-05
73.25047998075132,1.0,1500.0,0.0,108.0,1972.0,0.8185349842431061,1614.0,358.0,10.183367262099596,1.852489227927607,9569.157219878323,10.0,0.002270972430394695,33.35909090909092,0.9590909090909099,11.5350652427069,132.0,33.150000000000006,4.650000000000002,11.632193340231026,24.0,33.35909090909092,0.9590909090909099,11.5350652427069,132.0,0.434914607188604,-0.006990924209727243,-0.002154452303396058,-0.00021027689376700774,-0.0010817159104957337,-0.0037087402645568004,-0.02466547598499558,13.915714889580746,108.0,418500.0,278.0,5578.045822143555,75.02627503321173,0.20356932282447815,-19.75510025024414,-87.99353790283203,0.13234612345695496,-88.12588500976562,0.010977803729474545,0.010977803729474545,0.0,19.83252716064453,0.9917598962783813,1.0093328952789307,-0.017573002725839615,0.017573002725839615,,0.1904916912317276,,0.3269820809364319,0.5748613332708676,0.9767807297344804,-0.002976166243945669,-21.23513011932373,0.9515699181627026,0.005339727094097157,-89.51680984497071,1.437715797016393,-0.005156226577164114,-0.07311844825744629,0.24031483620636654,0.0037439870837665695,-89.44369201660156,1.3658138066143723,-0.008900208945266348,0.010860377394904693,0.00017023797587724195,-1.08039006590846e-05,0.010860377394904693,0.00017023797587724195,-1.08039006590846e-05,0.0,0.0,0.0,21.327187665303548,0.9699501621884694,-0.0063608948195211885,0.9341818571090699,0.05669291463948264,0.0008520193969845152,0.963772040605545,0.053105052891116555,0.0008358794536951256,-0.029590183620651564,0.011123838375935467,1.6140047713568266e-05,0.029590183620651564,0.011123838375935467,-1.6140047713568266e-05,0.18734726558128992,0.008793687799390576,5.322664611464352e-05,0.3465382605791092,0.01868016939523226,0.00020003902898878525
72.66392994974996,1.0,1500.0,0.0,91.0,1916.0,0.7053022013813885,1351.0,565.0,10.034630578918447,1.6275253596981816,9320.52799295032,7.4,0.0016956143164841208,33.83100775193798,0.7457364341085277,11.399787463129671,129.0,33.61578947368421,1.9947368421052643,11.525902188163377,38.0,33.83100775193798,0.7457364341085277,11.399787463129671,129.0,0.4270353434929444,-0.0069293145684778965,-0.0020266466078541524,-3.947490123729418e-05,-0.0009382894261999256,-0.0058895705521472275,-0.024556980174169313,13.79463334390872,91.0,420000.0,279.0,5598.882922887802,75.01496383913876,1.43703293800354,-22.860912322998047,-89.76914978027344,0.07220157235860825,-89.84135437011719,0.011321648955345154,0.011321648955345154,0.0,22.966211318969727,0.9672298431396484,0.996112048625946,-0.028882239013910294,0.028882239013910294,,0.179780513048172,,0.34749090671539307,2.3661610543727876,9.772013803628331,0.27595742533814277,-20.962703005472818,0.8174333731317255,-0.005651602145694164,-89.79876505533854,1.0268603949745583,0.003454837650559365,0.01172110711534818,0.2559349528340872,0.012828722485114264,-89.81048634847005,1.0218645217249145,-0.00937390014512487,0.011094470353176197,0.00016410577276783676,1.3080657614152376e-05,0.011094470353176197,0.00016410577276783676,1.3080657614152376e-05,0.0,0.0,0.0,21.088239034016926,0.8224695362386392,0.005162504066746662,0.952749619881312,0.05697388801390034,0.002864493795974092,0.9826630731423696,0.05691451921779442,0.002852082981813979,-0.029913440408806006,0.00828093966001264,1.241087507419335e-05,0.029913440408806006,0.00828093966001264,-1.241087507419335e-05,0.18591678241888682,0.008798572719508497,0.00011839702874587521,0.34607175886631014,0.012934613565709466,9.69093089904523e-05
69.37505776059311,1.0,1500.0,0.0,113.0,1952.0,0.8660128729517158,1690.0,262.0,9.870729167868154,1.5306476071634036,8986.04250586894,13.4,0.0029727571213062384,34.40916030534352,1.282442748091603,11.160308357923727,131.0,34.24444444444444,3.844444444444443,11.193643971173271,18.0,34.40916030534352,1.282442748091603,11.160308357923727,131.0,0.4207722838523889,-0.007666431003418632,-0.002410991841405694,-0.00026533185670562555,-0.0016007803086809413,-0.022674852257731564,-0.02380103719890644,13.486137918678898,113.0,421500.0,280.0,5620.44486117363,74.99406371046308,0.39173197746276855,-21.928613662719727,-90.5062484741211,0.5142139196395874,-91.02046203613281,0.010644837282598019,0.010644837282598019,0.0,22.048603057861328,1.0574275255203247,1.0931928157806396,-0.03576526790857315,0.03576526790857315,,0.198916494846344,,0.37284427881240845,0.7519756525754928,1.004904077903456,-0.037673768749226476,-20.963719685872395,0.7632586102776636,0.01426472902563219,-90.23210144042969,1.0255832162785508,-0.06171166544098157,-0.013778558000922203,0.2519627142660068,0.008006142551396396,-90.21832275390625,1.0280144318745037,-0.06971782136944468,0.011059168850382169,0.00023153243227673001,-2.5507312131272826e-05,0.011059168850382169,0.00023153243227673001,-2.5507312131272826e-05,0.0,0.0,0.0,21.091566276550292,0.7572036296845583,-0.016625834413047453,0.9463126182556152,0.05546070583418678,0.0013028954504859284,0.9768741885821025,0.05579895990985879,0.0017786192814420387,-0.03056155884017547,0.007893722370441638,-0.0004757246244968105,0.03056155884017547,0.007893722370441638,0.0004757246244968105,0.18429636259873708,0.007351903703406921,0.00012680617004665875,0.3490492989619573,0.015092103480352802,0.0004912454837951806
55.55032026356664,1.0,1500.0,0.0,29.0,2032.0,0.20831905520585797,423.0,1609.0,9.728637277837528,2.148319724115424,12869.160057989357,234.0,0.048917133539593614,34.91678832116789,7.335766423357663,11.012192325791291,137.0,34.62407407407408,8.407407407407408,11.05349417776341,108.0,34.91678832116789,7.335766423357663,11.012192325791291,137.0,0.4000028744818834,-0.011418723993327527,-0.00289040992013124,-0.0011520548447767006,-0.008809065640367824,-0.08295916185589125,-0.02545870168523661,12.438902321940935,29.0,423000.0,281.0,5639.570911407471,75.00570639946642,0.22308799624443054,-22.177326202392578,-90.32218170166016,0.46901464462280273,-90.79119873046875,0.010137801989912987,0.010137801989912987,0.0,22.305574417114258,1.050884485244751,1.0821430683135986,-0.03125853091478348,0.03125853091478348,,0.18404792249202728,,0.3478432595729828,0.7794703682263692,2.0311736378771945,-0.03437864895126847,-21.307983589172363,0.6674034719206378,0.02080954402121641,-90.9024787902832,1.244766434624591,0.05668701748959447,-0.0347167690594991,0.32072238002145215,0.011746675240184638,-90.86776275634766,1.1922438989104203,0.04494035188295474,0.010301603438953559,0.00015087843497507466,-1.527615993784068e-05,0.010301603438953559,0.00015087843497507466,-1.527615993784068e-05,0.0,0.0,0.0,21.425770568847657,0.6747329413420987,-0.021144861851439076,0.9391674598058065,0.07135246639632416,0.0030240861937254294,0.9723254601160686,0.07010646309084097,0.002573028767069109,-0.03315799801299969,0.009900525985593985,0.00045105840169614445,0.03315799801299969,0.009900525985593985,-0.00045105840169614445,0.1859997128446897,0.007919265334924487,5.622887704209762e-05,0.3502693126598994,0.014857909464927842,0.00017468723094502312
72.61337044125511,1.0,1500.0,0.0,42.0,1841.0,0.3381027051447322,622.0,1219.0,10.094068156564779,1.7750643932855745,10435.61414169004,91.4,0.021892215568862276,33.66935483870968,3.669354838709677,11.415894487262662,124.0,33.74634146341465,5.41951219512195,11.341627004874482,82.0,33.66935483870968,3.669354838709677,11.415894487262662,124.0,0.4348189047851337,-0.008446492618221847,-0.002879766012399774,-0.0005001526064953056,-0.0018900889453621304,-0.006734434561626426,-0.025567986213783575,14.33040212287311,42.0,424500.0,282.0,5658.674111366272,75.01757331232945,0.2899740934371948,-21.811180114746094,-91.1094741821289,-0.09695056825876236,-91.01251983642578,0.010582334361970425,0.010582334361970425,0.0,21.951873779296875,0.9282798171043396,0.9586855173110962,-0.030405696481466293,0.030405696481466293,,0.18817119300365448,,0.3614884912967682,0.5246826315919558,0.7050131350489393,0.0006457778151759059,-21.294134902954102,0.7599296189637148,0.00681764222888721,-90.80211232503255,0.9943865408530207,0.004712677850608678,-0.0036305869619051617,0.28802243935309807,0.002111997610337215,-90.79848073323568,0.9760581675488207,0.002600678135212212,0.010282987946023543,0.00019630123294529713,1.8846817745581287e-05,0.010282987946023543,0.00019630123294529713,1.8846817745581287e-05,0.0,0.0,0.0,21.40916239420573,0.7463179073454272,-0.005061261407260727,0.9492479940255483,0.06275446052002402,0.0005643618252704209,0.9792077481746674,0.06286305804804806,0.00045590754743410567,-0.02995976439366738,0.007904685440378069,0.00010845330859782041,0.02995976439366738,0.007904685440378069,-0.00010845330859782041,0.18981161415576936,0.008187923869994836,-0.00023503144405310106,0.3513433595498403,0.01364817845800023,-0.0005174093702611277
61.21807543436686,1.0,1500.0,0.0,9.0,1873.0,0.06639591904420643,124.0,1749.0,10.044520092625078,2.0697810227530926,12009.695821850133,277.0,0.06501736926110224,33.81269841269842,8.211111111111109,11.361982380699155,126.0,33.83931623931624,8.598290598290596,11.346871073053014,117.0,33.81269841269842,8.211111111111109,11.361982380699155,126.0,0.4389171485625436,-0.011992191459316815,-0.002916356821596224,-0.002302132557312818,-0.004412864622288702,-0.08556469708302149,-0.02734764244188281,16.00054729567082,9.0,426000.0,283.0,5676.53338766098,75.04580188429644,0.3235299587249756,-21.04988670349121,-89.9207763671875,0.06363440304994583,-89.98441314697266,0.01026306115090847,0.01026306115090847,0.0,21.000438690185547,0.9743328094482422,0.9938965439796448,-0.019563645124435425,0.019563645124435425,,0.17647415399551392,,0.35367998480796814,2.2219992995262148,4.827458614995378,0.010267074898432205,-21.1010892868042,0.8104071268637911,0.006968517112519818,-90.99733963012696,1.0136756364387813,-0.0035609583700824603,-0.028465045740207036,0.23084547558751392,0.0008914553830700535,-90.96887537638347,1.0640674305316975,-0.00445251295112812,0.010368753566096227,0.00016090561719051439,-4.989476677639634e-06,0.010368753566096227,0.00016090561719051439,-4.989476677639634e-06,0.0,0.0,0.0,21.19360129038493,0.8228893804514062,-0.0061375156525645,0.945074611902237,0.048574844289160285,0.00024776643057153254,0.9737773656845092,0.050607898782572255,0.0001959579539908717,-0.028702751857539018,0.00852828535899768,5.1806973618713875e-05,0.028702751857539018,0.00852828535899768,-5.1806973618713875e-05,0.18832176228364308,0.010067374266501393,0.0003394894989764715,0.35032081305980683,0.015689772078255664,0.0004327038305089442
67.49422184626262,1.0,1500.0,0.0,36.0,2022.0,0.2671401442740119,540.0,1482.0,10.143924608877047,1.969344109342604,11888.744641120786,170.0,0.03761061946902655,33.481481481481495,5.93037037037037,11.43683843217792,135.0,33.5919191919192,7.575757575757576,11.347468829094733,99.0,33.481481481481495,5.93037037037037,11.43683843217792,135.0,0.44021054315052677,-0.00931175314403868,-0.0027024134174443346,-0.0009769030764191261,-0.0028330206378986795,-0.037973733583489815,-0.025868865437867587,14.113702370752433,36.0,427500.0,284.0,5695.612572193146,75.05777378312573,1.1703766584396362,-20.422683715820312,-93.2267074584961,0.47551894187927246,-93.70222473144531,0.010393768548965454,0.010393768548965454,0.0,20.553855895996094,1.037503957748413,1.0841283798217773,-0.04662442207336426,0.04662442207336426,,0.17360645532608032,,0.31852617859840393,0.6121225411693255,0.7206262230138105,0.01156983472680355,-20.86600831349691,0.8198982615529113,-0.01743880623041929,-91.38131535847982,1.1513326353885085,0.0029452942369798444,0.09073516391217709,0.25482069461008455,0.0008458055555820422,-91.47205098470052,1.1434144862060511,0.002099500747359688,0.010395807431389887,5.1680349903247374e-05,6.517917497932819e-07,0.010395807431389887,5.1680349903247374e-05,6.517917497932819e-07,0.0,0.0,0.0,20.998926734924318,0.8382946914034146,0.016259792357583507,0.9697449644406636,0.05584833886626707,0.00029031347247195934,0.999856952826182,0.055801570732169535,0.00018652949370318752,-0.03011198729897539,0.009166486339734653,0.00010378269356436173,0.03011198729897539,0.009166486339734653,-0.00010378269356436173,0.18794451852639515,0.010785399026615416,0.00033667223472085396,0.3479365090529124,0.017174564076150818,0.00010989913685832658
73.00329748113104,1.0,1500.0,0.0,94.0,1891.0,0.7451136771615631,1409.0,482.0,10.043588743605536,1.6003325454857331,9145.284452163502,11.8,0.00274686903487127,33.8251968503937,1.4677165354330715,11.368494678427233,127.0,35.01818181818183,5.0181818181818185,10.946947816694564,33.0,33.8251968503937,1.4677165354330715,11.368494678427233,127.0,0.4352038139693079,-0.0076635981619981785,-0.002221896781694265,-0.0002766987309251049,-0.0006394316163410291,-0.005911190053285956,-0.02550258365085102,14.159553937602857,94.0,429000.0,285.0,5716.288297653198,75.04869902662614,0.24090851843357086,-20.115995407104492,-92.06197357177734,-0.39049917459487915,-91.67147064208984,0.010526918806135654,0.010526918806135654,0.0,20.269371032714844,0.8664016127586365,0.8942475318908691,-0.027845924720168114,0.027845924720168114,,0.19505208730697632,,0.37294402718544006,1.3582505668203035,2.6547230011099194,-0.07920272006540333,-21.054397837320963,0.7668024370108335,0.015853522855528063,-91.39634221394857,1.0005970475030415,0.017575241275573306,-0.008280371129512788,0.34095522449278975,-0.0075510470468024655,-91.3880625406901,0.9152256928569973,0.025126242292870995,0.01050361165155967,0.00014602033511187126,-3.3527011832884353e-06,0.01050361165155967,0.00014602033511187126,-3.3527011832884353e-06,0.0,0.0,0.0,21.176179504394533,0.7578206100952706,-0.015382519341152038,0.9513021369775136,0.07554919816193269,-0.0013780208397760464,0.9781481941541036,0.07478218946146412,-0.0016641818906892403,-0.02684605581065019,0.007495041715984477,0.0002861609282562554,0.02684605581065019,0.007495041715984477,-0.0002861609282562554,0.1935318519671758,0.00899140108754378,0.0003007178974894141,0.3537623425324758,0.013630023696886038,0.0005219053771259709
71.27923897405465,1.0,1500.0,0.0,96.0,2078.0,0.6926527433953629,1439.0,639.0,10.200672357780293,1.6679863069058796,10198.029185714317,31.0,0.006699805489518046,33.28776978417268,1.7395683453237412,11.546541876544623,139.0,32.46976744186047,4.437209302325582,11.716027557431168,43.0,33.28776978417268,1.7395683453237412,11.546541876544623,139.0,0.43055446315110785,-0.00770032967417355,-0.001980724526745409,-0.00018149683705562765,-0.0008816641410662606,-0.01405152224824361,-0.025263971261091613,13.737333618447531,96.0,430500.0,286.0,5737.172263383865,75.03696598890077,2.2519004344940186,-19.91616439819336,-92.17855072021484,-0.05373042821884155,-92.12481689453125,0.010174083523452282,0.010174083523452282,0.0,20.100690841674805,0.9394370913505554,0.968288779258728,-0.028851695358753204,0.028851695358753204,,0.19184337556362152,,0.33214062452316284,0.6537235582868258,0.8271813166322124,0.02641178601244268,-21.07013161977132,0.8994620332864295,0.013659769382838124,-91.4830711364746,1.1602482799792198,0.0008704519643165495,0.008166403323411942,0.2600926519111544,0.0032793467762870687,-91.49123738606771,1.1037048249716117,-0.0024088688766572505,0.010237929783761502,0.0001472340309265648,-1.5359223551957226e-05,0.010237929783761502,0.0001472340309265648,-1.5359223551957226e-05,0.0,0.0,0.0,21.18219420115153,0.9002272681852428,-0.014100941879731058,0.9566673398017883,0.058462880643765154,0.0007842129144042464,0.981748084227244,0.05681800278719728,0.0007175705987168409,-0.025080735515803098,0.008766406789949352,6.66419317628843e-05,0.025080735515803098,0.008766406789949352,-6.66419317628843e-05,0.1892703707019488,0.007453884753317001,0.00010738302192114894,0.34941358466943107,0.012523642573030588,-0.0001317360708790484
68.94036940733592,1.0,1500.0,0.0,48.0,1867.0,0.377960001201592,705.0,1162.0,10.09170967604745,2.07536903588106,10920.781141945276,73.4,0.017305606639317208,33.661904761904744,3.539682539682539,11.476321137789583,126.0,33.007692307692295,5.1923076923076925,11.636106190439113,78.0,33.661904761904744,3.539682539682539,11.476321137789583,126.0,0.41685205716382384,-0.008546898944290263,-0.0028099937839956794,-0.0008943642257596652,-0.002396893411890732,-0.0219603642206749,-0.02439112986781721,13.575664936146453,48.0,432000.0,287.0,5756.574617624283,75.04462787251853,0.18175292015075684,-20.92521858215332,-92.39810180664062,0.17203372716903687,-92.57013702392578,0.010926274582743645,0.010926274582743645,0.0,20.954648971557617,0.9883162975311279,1.0180883407592773,-0.029772020876407623,0.029772020876407623,,0.18812158703804016,,0.34769076108932495,0.42181499898433683,0.3827501645986317,0.006074107356278323,-21.28523546854655,0.8652731991157631,0.002804439828977134,-92.21959762573242,0.9931306085304888,-0.01359824073460397,0.1091419758896033,0.23834787008905195,0.00033052334431414,-92.32873942057292,0.9644552995192204,-0.013928837081346719,0.010491512808948755,0.0002786620048838869,3.15388428405738e-05,0.010491512808948755,0.0002786620048838869,3.15388428405738e-05,0.0,0.0,0.0,21.381672286987303,0.8724201202031179,-0.002713170544854988,0.9748123606046041,0.05279336630739445,6.475565298246474e-05,1.0039327621459961,0.05225107292590885,8.816024220158699e-05,-0.029120410357912383,0.007562070384073138,-2.3404651376375464e-05,0.029120410357912383,0.007562070384073138,2.3404651376375464e-05,0.19122060388326645,0.011704812665235017,-8.932062661953113e-05,0.3470985233783722,0.014451115473982024,0.00011216826380558045
68.17039349204616,1.0,1500.0,0.0,19.0,2000.0,0.13664250122593022,273.0,1727.0,10.389282090583512,2.4031551586737327,12866.737968788042,208.8,0.047289033836119036,32.70666666666667,6.259259259259257,11.70613036455972,135.0,32.57758620689656,7.087931034482756,11.716942473690132,116.0,32.70666666666667,6.259259259259257,11.70613036455972,135.0,0.434141146811286,-0.009604370520487708,-0.004337272381205792,-0.0016244999131251197,-0.0026315789473684175,-0.03199999999999993,-0.026650855730620374,14.576507198580268,19.0,433500.0,288.0,5774.982258319855,75.06516567656442,0.2848380208015442,-21.822893142700195,-91.11458587646484,0.4805834889411926,-91.59516906738281,0.011238939128816128,0.011238939128816128,0.0,21.92608070373535,1.0675206184387207,1.0870661735534668,-0.019545581191778183,0.019545581191778183,,0.19315321743488312,,0.3484111428260803,0.6654617657264074,1.2540905676885414,0.023004120057894196,-21.19163812001546,0.8552895235730961,0.006332116980972223,-92.3542490641276,0.9917586709541756,-0.006356553532786375,0.04584079471727212,0.3390637353307853,-0.0038468137093393964,-92.40008977254232,0.9309310115139721,-0.0025097992316737584,0.01136927663659056,0.00014137812411938534,-5.497208675235609e-07,0.01136927663659056,0.00014137812411938534,-5.497208675235609e-07,0.0,0.0,0.0,21.29837131500244,0.8619440412578303,-0.0068341268978609985,0.9630621254444123,0.07595147717546627,-0.0007846586828900504,0.9901670674482982,0.07564629929475558,-0.0008501698761283485,-0.027104939240962266,0.00734435890081798,6.550950111118979e-05,0.027104939240962266,0.00734435890081798,-6.550950111118979e-05,0.19234757721424103,0.008679662770238997,-0.00023639920158301686,0.34842415650685626,0.013020779191705275,-0.00010995366284261746
74.2561264038086,1.0,1500.0,0.0,29.0,1880.0,0.22943597277982475,431.0,1449.0,10.2805590364859,1.8093179182533392,10529.913841930003,111.4,0.0267479830964272,33.053968253968264,4.311111111111112,11.662085539943474,126.0,33.09278350515465,5.6000000000000005,11.626464773624754,97.0,33.053968253968264,4.311111111111112,11.662085539943474,126.0,0.4429637794166884,-0.007133439492255703,-0.0033665731509371433,-9.351613153491483e-05,-0.0013801169590643262,0.0,-0.02505280584368847,14.415365471371626,29.0,435000.0,289.0,5793.613574743271,75.08267411833312,0.27655452489852905,-22.344284057617188,-92.0409164428711,0.20961764454841614,-92.25053405761719,0.01162268128246069,0.01162268128246069,0.0,22.514362335205078,1.004899501800537,1.027056336402893,-0.022156741470098495,0.022156741470098495,,0.2108212411403656,,0.36267638206481934,0.405792302886645,0.2588429834894491,0.010294985671727616,-20.999832725524904,0.8922114771236971,-0.004652334771246072,-92.11404012044271,0.9489083755451466,-0.0025083717965681284,0.06684723260502021,0.23285254228429303,0.0004575776684204644,-92.1808868408203,0.9972185186203512,-0.002965897845477417,0.01153466875354449,0.00012248958164830958,-1.6223369901784294e-06,0.01153466875354449,0.00012248958164830958,-1.6223369901784294e-06,0.0,0.0,0.0,21.095714441935222,0.9055627661229926,0.005580130673621122,0.9721325476964314,0.05022194424537938,0.00016288226915808302,0.994968197743098,0.052149025936107526,0.0001014976400687044,-0.02283566347323358,0.007835301376766527,6.138636337984798e-05,0.02283566347323358,0.007835301376766527,-6.138636337984798e-05,0.19605215887228647,0.01069993860173862,0.00012124123774857797,0.3479384005069733,0.017581495348544824,-5.6991667317876654e-05
74.19447119761321,1.0,1500.0,0.0,59.0,1815.0,0.4840902536684751,878.0,937.0,10.287607886584846,1.9012669751887215,9589.554381700758,13.4,0.0033277043806496476,33.00655737704917,2.5622950819672132,11.69170244796123,122.0,33.07301587301588,4.94920634920635,11.646192113170272,63.0,33.00655737704917,2.5622950819672132,11.69170244796123,122.0,0.44011371071754174,-0.006974004493310342,-0.0029648668374651988,-1.1886223169995804e-05,-0.001531428571428568,-0.00036571428571428573,-0.025514572954953813,14.46441474949131,59.0,436500.0,290.0,5813.230426073074,75.087338365643,0.2458752989768982,-20.321041107177734,-92.78441619873047,0.13001452386379242,-92.9144287109375,0.0110365254804492,0.0110365254804492,0.0,20.36447525024414,0.9840623736381531,1.0088512897491455,-0.024788852781057358,0.024788852781057358,,0.17666946351528168,,0.32730013132095337,0.8397451768318812,1.1346513416507147,0.02747146599947809,-21.16324577331543,0.8662687111581687,0.010333199336611485,-92.91637369791667,0.8700728319263304,-0.006574772886757305,-0.04832769085963567,0.2716821864126803,-0.0028906446343932167,-92.86804606119792,0.786231490221705,-0.003684120050922874,0.011330640564362207,0.00016746932848642698,-1.5338155564265115e-05,0.011330640564362207,0.00016746932848642698,-1.5338155564265115e-05,0.0,0.0,0.0,21.271670977274578,0.84877883872103,-0.01189097700447928,0.9435527086257934,0.061871575657263964,-0.0005908683356772176,0.9692213376363118,0.06069817359850872,-0.0006475176243681533,-0.025668639596551655,0.006159127276431178,5.664867064081717e-05,0.025668639596551655,0.006159127276431178,-5.664867064081717e-05,0.1940029780069987,0.00965651827040141,0.0003979243545298793,0.3526958614587784,0.015054375066633699,0.00032285403489270285
72.65533116920707,1.0,1500.0,0.0,97.0,2099.0,0.6889905210926272,1446.0,653.0,9.9782024088956,1.464252367073554,9666.709426633899,4.2,0.0008751093886735842,34.03829787234044,1.4312056737588654,11.267543086806773,141.0,33.68636363636363,4.409090909090908,11.295716852154282,44.0,34.03829787234044,1.4312056737588654,11.267543086806773,141.0,0.42263713771434197,-0.006928822113033342,-0.002349807155411185,-4.822055373884348e-06,-0.003285283271873981,-0.0020918538384177014,-0.023868846699355625,13.5938219447409,97.0,438000.0,291.0,5834.312895774841,75.07310763486747,0.26710620522499084,-20.926027297973633,-92.46150207519531,-0.06683728843927383,-92.39466857910156,0.010614203289151192,0.010614203289151192,0.0,21.059757232666016,0.9471241235733032,0.9652966260910034,-0.018172407522797585,0.018172407522797585,,0.20295293629169464,,0.357023149728775,1.9976019859313965,7.976692763960523,-0.10584068147173457,-21.102047030131022,1.1033433364819742,-0.000737919027733318,-93.5798439025879,1.0302730733845769,0.015539528716262322,-0.054240156710147855,0.3143447863508956,0.018076893362373093,-93.52560424804688,1.0726603331281792,-0.0025374466638271435,0.010456119664013386,0.0002583157890891032,-1.9829206839950006e-05,0.010456119664013386,0.0002583157890891032,-1.9829206839950006e-05,0.0,0.0,0.0,21.194168663024904,1.0859220115242367,0.0007848461690015527,0.939799839258194,0.06746729633060441,0.004039698540832872,0.9680153926213583,0.06893031603629983,0.003973058068314685,-0.02821555019666751,0.00837010491833578,6.664026491302598e-05,0.02821555019666751,0.00837010491833578,-6.664026491302598e-05,0.1936602011322975,0.009373701989883373,-0.00013109506237361288,0.3509922037521998,0.014263741014082548,0.0002552172034415217
73.63222068247168,1.0,1500.0,0.0,99.0,1830.0,0.8086667500369987,1479.0,351.0,10.14299729964484,1.7805626202842575,8629.435894314749,7.0,0.001699276593678691,33.49105691056911,0.9772357723577232,11.533735278566681,123.0,33.10833333333334,4.675000000000001,11.572929624315066,24.0,33.49105691056911,0.9772357723577232,11.533735278566681,123.0,0.43281271649829495,-0.0076979772174874195,-0.0024121226884362334,-0.0001515352348500238,-0.0007450164440566465,-0.0021477951540371846,-0.024742536996464327,14.199397358886522,99.0,439500.0,292.0,5854.9672083854675,75.0644682297365,0.42776918411254883,-22.62484359741211,-93.48211669921875,-0.4188523590564728,-93.06326293945312,0.010360842570662498,0.010360842570662498,0.0,22.942821502685547,0.867525577545166,0.8883390426635742,-0.02081345021724701,0.02081345021724701,,0.19366319477558136,,0.35723674297332764,1.9726766084631284,5.943823804223117,0.04781506362229218,-21.195139567057293,0.9141287211034586,-0.01063103681146295,-93.93852564493815,1.0651860614515023,0.02665649515901164,-0.03801914093395074,0.2593831561052014,-0.001807985807850837,-93.90050633748372,1.0172399446457872,0.02846448684030679,0.010388750458757083,0.0001785701826083817,-1.4290579069443213e-05,0.010388750458757083,0.0001785701826083817,-1.4290579069443213e-05,0.0,0.0,0.0,21.33608849843343,0.9223196422986025,0.013590398752383681,0.9430962125460307,0.0577595840959825,-8.53232467532681e-05,0.97164053718249,0.0567464059059171,-0.0003918171591965648,-0.02854433935135603,0.0081030723488635,0.00030649413828125855,0.02854433935135603,0.0081030723488635,-0.00030649413828125855,0.19480572442213695,0.010678821490026373,0.00011816688453792703,0.3510279724995295,0.016910971481486646,-0.00020436257356001785
69.75059379230846,1.0,1500.0,0.0,66.0,1834.0,0.5329582985401268,977.0,857.0,9.958833546055715,1.8726867762106252,9691.558496307645,25.6,0.0060545858757863865,34.098387096774196,2.249999999999999,11.363433952403659,124.0,33.44482758620689,4.041379310344828,11.522147161366588,58.0,34.098387096774196,2.249999999999999,11.363433952403659,124.0,0.41764626579946745,-0.008125947905007784,-0.002585966556897489,-0.0003093277065498024,-0.0035996488147498054,-0.017403180177543692,-0.024375558290160144,13.642423242851608,66.0,441000.0,293.0,5874.903455495834,75.06506333945877,0.3339557647705078,-21.1556396484375,-95.94361114501953,0.17337659001350403,-96.11698913574219,0.010656483471393585,0.010656483471393585,0.0,21.19917869567871,0.9763379096984863,1.0181739330291748,-0.04183591902256012,0.04183591902256012,,0.19636502861976624,,0.3782384991645813,0.45257701973120373,0.255200759424461,-0.0009690772969942966,-21.10709966023763,0.927838938008221,0.01673279063189817,-94.22322438557943,1.2143379105834053,-0.058450164625188386,0.03374838965634505,0.2999165843691492,0.00617560067931988,-94.25697250366211,1.1853370647362222,-0.06462569528479832,0.010254792807002863,0.0001679750189397885,8.408522629101081e-06,0.010254792807002863,0.0001679750189397885,8.408522629101081e-06,0.0,0.0,0.0,21.22189801534017,0.9257770695679944,-0.017033618761514865,0.9586988687515259,0.06586694413751638,0.000938378451796044,0.9874197522799174,0.06540875234243758,0.0013520539934032943,-0.02872087884073456,0.008838271342838752,-0.0004136749894437987,0.02872087884073456,0.008838271342838752,0.0004136749894437987,0.19079784005880357,0.008932158273750792,-8.127250117110352e-05,0.3511372635761897,0.01625635277099307,-0.00017897869906781724
69.61253193446568,1.0,1500.0,0.0,14.0,1853.0,0.107916599881483,199.0,1654.0,10.163255599586625,1.627739966480435,11184.167610263612,241.20000000000002,0.05771991959414186,33.4304,6.961599999999999,11.503660057584039,125.0,33.33153153153153,7.7855855855855856,11.514098209192948,111.0,33.4304,6.961599999999999,11.503660057584039,125.0,0.42483121890948283,-0.009154827610512747,-0.00378955838206008,-0.000880139067028267,-0.0078037383177569945,-0.011214953271028042,-0.024880181750838636,13.49747818209316,14.0,442500.0,294.0,5892.9703850746155,75.08946610706532,0.47252488136291504,-21.568939208984375,-96.19879150390625,0.655623197555542,-96.85441589355469,0.010593507438898087,0.010593507438898087,0.0,21.75177764892578,1.0792348384857178,1.1241618394851685,-0.04492707550525665,0.04492707550525665,,0.17359250783920288,,0.3454517722129822,0.7429634317755699,0.9423012949412714,-0.01896086941505305,-21.31224104563395,0.768455518942887,0.022236386766954067,-94.5875119527181,1.0661043509770114,0.041587045434056474,-0.008908330524961153,0.33580118295723926,0.015776639930630425,-94.5786033630371,1.1174613915254041,0.025810350326862967,0.010482445048789183,0.00011167473655382793,-7.152010803758686e-06,0.010482445048789183,0.00011167473655382793,-7.152010803758686e-06,0.0,0.0,0.0,21.423385747273763,0.7796017106602848,-0.02307338693383294,0.9494091689586639,0.07192548860981475,0.0037460502315813994,0.9780537565549214,0.07370398317556479,0.003462472004407753,-0.028644590638577938,0.008780849409486981,0.0002835771220179907,0.028644590638577938,0.008780849409486981,-0.0002835771220179907,0.191210579375426,0.008868356292933968,5.152771483538743e-05,0.35310928523540497,0.012367376776019737,-0.0001222230369707969
73.39908456020667,1.0,1500.0,0.0,61.0,1826.0,0.4973487382761264,908.0,918.0,10.287668792852285,2.001968137641358,9965.56888202425,26.400000000000002,0.0065034241513524165,33.00325203252033,2.492682926829268,11.718223446685617,123.0,33.29677419354839,4.745161290322582,11.623271322461093,62.0,33.00325203252033,2.492682926829268,11.718223446685617,123.0,0.4461924460899795,-0.008423243613534479,-0.002505912259926107,-0.000562991991760342,-0.001321684587813617,-0.0055555555555555506,-0.026493351664582616,14.660205844918487,61.0,444000.0,295.0,5912.473247051239,75.09547721360745,0.34030914306640625,-20.585163116455078,-96.08048248291016,-0.04521679878234863,-96.03526306152344,0.010253513231873512,0.010253513231873512,0.0,20.711894989013672,0.9340884685516357,0.970128059387207,-0.03603953868150711,0.03603953868150711,,0.20618334412574768,,0.35999998450279236,1.5658609559138617,6.401012162930323,-0.12324825765293623,-20.963308652242024,1.016353106334219,0.006700247572580309,-95.12817001342773,0.9801956242023488,-0.036342258474585006,-0.06983382552862168,0.22602104936129028,0.0004085429319417757,-95.05833613077799,0.9738612361487542,-0.036750739143208526,0.010646551847457886,0.00021962167470080906,-2.1278008702599834e-05,0.010646551847457886,0.00021962167470080906,-2.1278008702599834e-05,0.0,0.0,0.0,21.068627166748048,1.0165452888341802,-0.007263902403224089,0.9348078231016795,0.04967916846152754,-9.890882271419105e-05,0.964593768119812,0.04978870668949928,9.795391519817492e-05,-0.02978594632198413,0.0072714197979310904,-0.00019686077747315742,0.02978594632198413,0.0072714197979310904,0.00019686077747315742,0.19176943997542065,0.010552710603318876,0.000245764748803495,0.351854082942009,0.013873791122650797,0.00010160441791121655
69.15462475853997,1.0,1500.0,0.0,37.0,1858.0,0.29786242747848757,553.0,1305.0,10.363771699167694,2.049031306951056,11199.673772869784,135.0,0.03320379753062128,32.78870967741935,5.577419354838709,11.724357112881503,124.0,32.88275862068965,7.519540229885057,11.631610131318714,87.0,32.78870967741935,5.577419354838709,11.724357112881503,124.0,0.44926738835910685,-0.009480847810025424,-0.0034535049811207333,-0.0008575143212426594,-0.006240713224368538,-0.027786032689450218,-0.027813448627057407,14.785636162557951,37.0,445500.0,296.0,5931.306477546692,75.10992758281272,0.9680463671684265,-19.651142120361328,-94.24661254882812,0.48424699902534485,-94.7308578491211,0.010756212286651134,0.010756212286651134,0.0,19.6756649017334,1.0633236169815063,1.0868451595306396,-0.023521482944488525,0.023521482944488525,,0.19661614298820496,,0.3364992141723633,3.3243533035119373,11.440299347849544,0.4716213651838504,-21.33090133666992,0.8573907456440805,-0.01045608944834496,-95.09464365641276,0.958033580385148,-0.022990072927163943,0.05051378943026066,0.29655445542544967,-0.0018440506192083806,-95.14515660603841,0.9384871005967835,-0.021146011776863167,0.010808877584834894,0.00014748664764281238,7.976571696751193e-06,0.010808877584834894,0.00014748664764281238,7.976571696751193e-06,0.0,0.0,0.0,21.457392819722493,0.8817780999474246,0.010121390286488542,0.9632295509179433,0.06511489741198123,-0.00047880580878763133,0.9911340594291687,0.06543259172593263,-0.00040148805590707473,-0.027904502085099616,0.007072375448200279,-7.731891957187182e-05,0.027904502085099616,0.007072375448200279,7.731891957187182e-05,0.1908321996529897,0.010479862800401998,0.00020337240051506833,0.3506209919850031,0.014008701989506132,-4.000789066310861e-05
72.37781968116761,1.0,1500.0,0.0,80.0,1945.0,0.6116983764801424,1189.0,756.0,10.200927997115045,1.5355219907085194,9771.908433758472,27.200000000000003,0.006236815555351738,33.291603053435104,2.0946564885496177,11.518228504514095,131.0,34.02352941176471,4.654901960784314,11.248840853578544,51.0,33.291603053435104,2.0946564885496177,11.518228504514095,131.0,0.4455118347091633,-0.008179333220908849,-0.002058648504185554,-0.00041247370730112143,-0.000989170290781954,-0.012620448537562884,-0.025942924671687937,14.43048574344412,80.0,447000.0,297.0,5951.43904542923,75.10788509936953,1.2844574451446533,-21.54281997680664,-95.48029327392578,-0.2381879985332489,-95.24210357666016,0.010596306063234806,0.010596306063234806,0.0,21.68964385986328,0.9027200937271118,0.9276171922683716,-0.02489709109067917,0.02489709109067917,,0.19352678954601288,,0.3631938397884369,0.6677149107058843,0.872714445912447,0.017785638106678162,-21.209851010640463,0.7311467698346839,-0.004898516407797714,-95.4411636352539,1.0925004380930852,0.008854415605015235,0.0031974975019693373,0.22820450742248186,-0.0018127027596528313,-95.44436136881511,1.1032709026935419,0.010667054512614307,0.010804784422119459,9.643133917935035e-05,-1.2958747592732615e-06,0.010804784422119459,9.643133917935035e-05,-1.2958747592732615e-06,0.0,0.0,0.0,21.319381459554037,0.7387004754381191,0.002673101372129503,0.9530252675215404,0.04979720310046236,-0.00023148326375196818,0.980684240659078,0.05039566210658848,-0.00039707121249700267,-0.027658981969580054,0.008503284179367488,0.00016558769151767401,0.027658981969580054,0.008503284179367488,-0.00016558769151767401,0.19255683869123458,0.006405284730392194,-0.00011312658914072363,0.35816437701384224,0.010118919014693844,-8.670325671738471e-05
72.04011408487956,1.0,1500.0,0.0,54.0,2044.0,0.39422371318526456,805.0,1239.0,10.311075474185605,2.181149285090543,11505.382726727852,75.4,0.016708770996764613,32.93868613138686,3.5182481751824812,11.62926332337165,137.0,33.06987951807229,5.46987951807229,11.5568019359826,83.0,32.93868613138686,3.5182481751824812,11.62926332337165,137.0,0.44766232486104013,-0.00846474534466397,-0.0023697507760247183,-0.00083651430979361,-0.0024980978950038053,-0.014202383971595197,-0.025453282639358785,14.525245279551939,54.0,448500.0,298.0,5970.998165845871,75.11306946389993,0.3948574960231781,-21.681922912597656,-94.0525131225586,-0.1039695292711258,-93.94854736328125,0.010065664537250996,0.010065664537250996,0.0,21.757610321044922,0.9448117017745972,0.9573917388916016,-0.012579984962940216,0.012579984962940216,,0.19483816623687744,,0.3502962291240692,1.3320963973800342,2.6901114149848033,-0.019627891701373735,-21.285492197672525,0.8566442722602859,0.014458682831456153,-95.88073552449545,1.2500504603415739,-0.03497427663495177,-0.07023872012893359,0.28131016877312115,0.010713381445381358,-95.81049626668295,1.221081567901326,-0.0456876845990973,0.009904393429557483,0.00021724350928012642,-1.2535693847032671e-05,0.009904393429557483,0.00021724350928012642,-1.2535693847032671e-05,0.0,0.0,0.0,21.397888628641763,0.8710653610147022,-0.016710261004387918,0.936820928255717,0.06174273467589993,0.002068122077704245,0.9647372424602508,0.06094652198384319,0.0023313186192538745,-0.027916314328710237,0.009064772756212239,-0.00026319518486437655,0.027916314328710237,0.009064772756212239,0.00026319518486437655,0.18888682574033738,0.00635756622652892,2.487479844798511e-05,0.3500004599491755,0.016135436744595357,0.00011573175301938793
73.28379201177341,1.0,1500.0,0.0,67.0,1814.0,0.5539343814313047,1004.0,810.0,10.082147261511725,1.883411570620327,9419.955480965573,25.200000000000003,0.0061301936362751774,33.69508196721312,2.1704918032786886,11.466350970781319,122.0,33.74909090909092,4.5600000000000005,11.374606784751283,55.0,33.69508196721312,2.1704918032786886,11.466350970781319,122.0,0.4335075100389256,-0.007315123606999376,-0.0021820181454471946,-0.0005963308039013935,-0.0010734519431468022,-0.005566047112613054,-0.023373350615168615,14.209026113604441,67.0,450000.0,299.0,5990.827516794205,75.114831588542,0.3369285464286804,-21.378719329833984,-95.09797668457031,0.12238967418670654,-95.22036743164062,0.010083126835525036,0.010083126835525036,0.0,21.385095596313477,0.9868876934051514,1.0066249370574951,-0.01973744109272957,0.01973744109272957,,0.18820375204086304,,0.32962074875831604,1.0768549208839735,2.320382074062398,-0.10048839464800251,-21.330948066711425,0.9571058668949953,-0.008119529664714874,-95.76799850463867,1.0554138925726169,0.01876238864308808,-0.0030257303267717363,0.23658294361123744,-0.0022213287137705716,-95.76497268676758,1.058837741790208,0.020983756026121125,0.0102334203508993,0.00011469223828346747,5.360590180048326e-06,0.0102334203508993,0.00011469223828346747,5.360590180048326e-06,0.0,0.0,0.0,21.453754234313966,0.9620935310929297,0.006437249019227772,0.9542676071325938,0.051227316311551335,-0.00024310936519382866,0.979330696662267,0.05164670115982431,-0.0004855592073137372,-0.025063100457191467,0.008171973038740224,0.00024244896280221947,0.025063100457191467,0.008171973038740224,-0.00024244896280221947,0.19068338871002197,0.010509803525032217,-2.082955585305764e-05,0.35003881553808847,0.018134301667676832,-0.0005846412813040372
69.93458915578908,1.0,1500.0,0.0,29.0,1871.0,0.23025729989984378,430.0,1441.0,10.290234069035238,1.8894149588851255,10928.572606641335,177.8,0.04274038461538462,33.015873015873,5.936507936507936,11.66171521583235,126.0,33.01443298969071,7.4453608247422665,11.618766562740019,97.0,33.015873015873,5.936507936507936,11.66171521583235,126.0,0.44229016898448464,-0.008500647867948758,-0.0033071908310776995,-0.0007906766577250317,-0.002195748656855871,-0.02410651716888572,-0.02651484309088437,14.30010828020154,29.0,451500.0,300.0,6009.465615510941,75.13147239492314,0.6134297251701355,-21.31546401977539,-95.7818374633789,-0.006572004407644272,-95.7752685546875,0.010197479277849197,0.010197479277849197,0.0,21.45755958557129,0.9571228623390198,0.9785667657852173,-0.0214439257979393,0.0214439257979393,,0.19226035475730896,,0.33242589235305786,0.37985740701357523,0.3736221475060189,-0.003131910120950263,-21.38757470448812,0.9364190419002953,-0.012039135772738825,-95.76532694498698,1.0234175819149014,0.01579235785530211,0.05733098102112611,0.28322814156543064,0.0006885828386092972,-95.82265853881836,1.0343764496121381,0.01510370103880741,0.009995641621450583,0.00012307294548946084,6.181491462221504e-06,0.009995641621450583,0.00012307294548946084,6.181491462221504e-06,0.0,0.0,0.0,21.508758354187012,0.9392457883617342,0.01331582541460432,0.9694640656312307,0.060639250586354894,0.0003470829914886255,0.9924678266048431,0.06148681486809001,0.00015027778962826714,-0.0230037617807587,0.007930137499989012,0.0001968046610924245,0.0230037617807587,0.007930137499989012,-0.0001968046610924245,0.1935196047027906,0.0069790570930572966,8.632947459766669e-05,0.35018261273701984,0.014977855744860479,-0.00014339889647300717
71.70317359680826,1.0,1500.0,0.0,94.0,2041.0,0.6853590990134092,1398.0,643.0,10.19391661567817,1.7051400731450548,10109.187763766487,24.8,0.005432877672625307,33.31970802919707,1.9664233576642334,11.603334825960225,137.0,33.106976744186035,5.088372093023256,11.688403993166181,43.0,33.31970802919707,1.9664233576642334,11.603334825960225,137.0,0.43583267237328366,-0.007802371852083629,-0.0023703484300664625,-0.00038054606687565345,-0.001124235093211894,-0.014401593852284098,-0.02510200464967801,14.193671761118146,94.0,453000.0,301.0,6030.322804450989,75.1203566856554,0.1759083867073059,-21.77408218383789,-97.78568267822266,-0.4618966281414032,-97.32378387451172,0.009616479277610779,0.009616479277610779,0.0,21.89865493774414,0.8499473333358765,0.8805442452430725,-0.030596911907196045,0.030596911907196045,,0.19824528694152832,,0.36671531200408936,1.1374263137578964,2.1839941766007276,0.01607332194474699,-21.195149993896486,1.0207124574041595,0.03346594703343427,-96.70930252075195,1.1360361235390033,0.011822973130411144,-0.05811742270986239,0.30321349354319166,-0.0002724044331586653,-96.6511848449707,1.0952044283966287,0.012095390888424267,0.009811344370245934,0.00019523961910142357,-2.1618828011699643e-05,0.009811344370245934,0.00019523961910142357,-2.1618828011699643e-05,0.0,0.0,0.0,21.311554590861004,1.0094163534955751,-0.03594199192272056,0.9406734188397725,0.0660794483445391,0.00012470007738358714,0.9674235602219899,0.06557150664653758,-4.9388726905958625e-05,-0.0267501558487614,0.008339946749850186,0.00017408965335738335,0.0267501558487614,0.008339946749850186,-0.00017408965335738335,0.19121486594279608,0.008337022448211533,0.00041892630306047864,0.35535622040430703,0.014963289026792287,0.00012766645270273123
73.5857743696733,1.0,1500.0,0.0,55.0,1923.0,0.42513963877818406,817.0,1106.0,10.374376797755675,1.6858080509827604,10322.133801278811,60.0,0.014201183431952662,32.75193798449613,2.755038759689923,11.730718192532356,129.0,33.07567567567567,4.55945945945946,11.582941400392421,74.0,32.75193798449613,2.755038759689923,11.730718192532356,129.0,0.4525058876256316,-0.008419065339995082,-0.002593327718302142,-0.00025550465884367925,-0.0006792452830188675,-0.009056603773584889,-0.02678754071616508,15.086118299591796,55.0,454500.0,302.0,6049.766675233841,75.1268642905856,0.8623093962669373,-21.402671813964844,-99.33014678955078,-0.5056558847427368,-98.82449340820312,0.009730661287903786,0.009730661287903786,0.0,21.476064682006836,0.8315145969390869,0.8708458542823792,-0.03933127224445343,0.03933127224445343,,0.1962270587682724,,0.3612012267112732,0.527551943063736,0.36108659111208896,0.009719836778184584,-21.204967244466147,0.9556832088145805,-0.01976411032331901,-96.46565551757813,1.0886747498673777,-0.0038418677545346593,0.07567235957831145,0.3149824865457724,-0.006508487308433121,-96.54132817586263,1.0612929142409016,0.0026666100218793354,0.009571375822027524,0.0001615938510287243,5.862149964184883e-06,0.009571375822027524,0.0001615938510287243,5.862149964184883e-06,0.0,0.0,0.0,21.334392484029134,0.9807743918210969,0.021757595159850734,0.9727693418661754,0.06765590851841194,-0.0013026435727935472,0.9962145725886027,0.06779820999876919,-0.0014052360023354498,-0.023445242426047723,0.008002210984694037,0.00010259532834816568,0.023445242426047723,0.008002210984694037,-0.00010259532834816568,0.19445349176724752,0.007185789949421399,0.00019521715245867275,0.3530554552872976,0.013751666629188957,0.00042067567286421993
70.97449773804755,1.0,1500.0,0.0,117.0,2030.0,0.8589720969231792,1743.0,287.0,9.897079331369762,1.537507072124201,9165.154718446149,23.400000000000002,0.004977452565302476,34.315328467153286,1.3124087591240874,11.192522441263613,137.0,35.42,5.620000000000002,10.723874895597115,20.0,34.315328467153286,1.3124087591240874,11.192522441263613,137.0,0.42700847929865776,-0.00736368654818551,-0.002098699173074434,-0.0004750502152858047,-0.0009823734141686303,-0.015134164140563695,-0.0230180517840977,13.431250014892411,117.0,456000.0,303.0,6071.276939630508,75.10775814284493,1.5044665336608887,-22.467567443847656,-99.7066421508789,-0.22336474061012268,-99.4832763671875,0.009940671734511852,0.009940671734511852,0.0,22.596054077148438,0.8898407220840454,0.9315603375434875,-0.04171965643763542,0.04171965643763542,,0.20743271708488464,,0.35655108094215393,0.6063169305523236,0.4320727586848112,0.005596922624760919,-21.365793482462564,0.9034804616030536,-0.025806537326901455,-97.2858767191569,1.377459235240601,-0.02003096261199393,0.0035827832917372385,0.3328030225745171,0.005438193130214695,-97.28945897420247,1.234888943551408,-0.025469205217710105,0.009756353373328844,0.00010266111997553019,-3.756578593153473e-06,0.009756353373328844,0.00010266111997553019,-3.756578593153473e-06,0.0,0.0,0.0,21.484642537434897,0.8951621332087428,0.024620380337962,0.9541961471239726,0.07540123764907641,0.0010684497099166454,0.980756958325704,0.07187272210760148,0.0011756420135497804,-0.026560809773703415,0.009120274389466498,-0.0001071911574537149,0.026560809773703415,0.009120274389466498,0.0001071911574537149,0.19657190491755802,0.010100427917134582,5.190470924101073e-05,0.35518694122632344,0.013665605648996148,0.0004946569446992261
70.29099008896772,1.0,1500.0,0.0,85.0,1895.0,0.6725685341443494,1274.0,621.0,10.081023275807512,1.9590146311331404,10029.856560195363,53.800000000000004,0.012569506097845896,33.7023622047244,2.71968503937008,11.510656299668227,127.0,33.004761904761914,6.585714285714287,11.619903464870275,42.0,33.7023622047244,2.71968503937008,11.510656299668227,127.0,0.4251783100003182,-0.0075320058852685595,-0.00188237522390535,-0.0002635403825861383,-0.0011389872248730155,-0.02117900569493626,-0.02442940564392673,13.91950322261882,85.0,457500.0,304.0,6091.786741495132,75.10111883655892,0.2716001868247986,-21.610355377197266,-97.35399627685547,0.09213747084140778,-97.44613647460938,0.010334075428545475,0.010334075428545475,0.0,21.680179595947266,0.9760831594467163,1.000150203704834,-0.02406695857644081,0.02406695857644081,,0.21031126379966736,,0.3528560400009155,0.47347736010948815,0.3366231732686823,-0.007209837141636349,-21.225076293945314,0.6396814994518528,0.019653848174947405,-97.56242268880209,1.0295780524506495,-0.004477773969774734,-0.01389844175428152,0.3503258057040253,0.0038136682140581923,-97.54852396647135,0.9789120948354503,-0.008291459640485154,0.010137549260010321,0.00016245038329091012,1.6813059114706768e-05,0.010137549260010321,0.00016245038329091012,1.6813059114706768e-05,0.0,0.0,0.0,21.339669863382976,0.6313455622129438,-0.018506578608800697,0.9509265164534251,0.07657880458933804,0.000849749288781715,0.9769434233506521,0.07639397728938017,0.0008290440275087891,-0.026016894603768985,0.0072677432793780555,2.0707508049765205e-05,0.026016894603768985,0.0072677432793780555,-2.0707508049765205e-05,0.1946393465002378,0.008127551001058185,0.0003032532861421002,0.35501110057036084,0.013163212519265105,8.383515281591946e-05
71.64363427595659,1.0,1500.0,0.0,44.0,2045.0,0.32075793281681897,655.0,1390.0,10.137535927989141,2.0592622957934936,11618.34371314801,88.80000000000001,0.019336294747844266,33.521167883211675,4.093430656934308,11.440572043555463,137.0,33.6258064516129,5.761290322580648,11.366627203581462,93.0,33.521167883211675,4.093430656934308,11.440572043555463,137.0,0.43833116550369455,-0.008138869298731557,-0.0024126220359828587,-0.0006929024543948834,-0.00253628724216959,-0.015278838808250539,-0.025006507861789,14.484195458277004,44.0,459000.0,305.0,6111.138663768768,75.10875227251553,0.31059926748275757,-21.83367156982422,-99.25566864013672,-0.02661246433854103,-99.22905731201172,0.010731196030974388,0.010731196030974388,0.0,21.914899826049805,0.939304530620575,0.9741312265396118,-0.03482665866613388,0.03482665866613388,,0.20454798638820648,,0.37595582008361816,0.7772593746582667,1.097118292727223,-0.01943122391838652,-21.614466540018718,0.9874180888194344,-0.010387781756340204,-97.60648345947266,1.2722095214105227,-0.033548455667970066,0.08743039096395175,0.28974647191351877,-0.0027892700855405854,-97.69391326904297,1.2291504781862637,-0.03075917957887122,0.010515074462940295,0.0001228926233115871,-4.165910714792147e-06,0.010515074462940295,0.0001228926233115871,-4.165910714792147e-06,0.0,0.0,0.0,21.71688791910807,0.9893110555261685,0.010244372477122664,0.9745403230190277,0.0644061035013666,-0.0007576067667782293,0.9991797089576722,0.06352730532806958,-0.0006112035840451697,-0.024639373924583197,0.008992653150456971,-0.00014640162030734208,0.024639373924583197,0.008992653150456971,0.00014640162030734208,0.19583726326624554,0.00963651060234197,0.00015744110103178187,0.36012912491957344,0.01860996368788126,0.0001870901022392286
67.79302364328633,1.0,1500.0,0.0,92.0,2091.0,0.656306184525979,1372.0,719.0,9.879961629954128,1.6793903061558384,10205.072774507531,39.0,0.008103390957446808,34.377142857142836,2.940000000000001,11.152892446290032,140.0,34.94583333333333,6.145833333333337,11.067012960139001,48.0,34.377142857142836,2.940000000000001,11.152892446290032,140.0,0.42895388547122787,-0.007994259351238774,-0.002476768833439283,-0.00046588513090700705,-0.001899777761846735,-0.03343608860850272,-0.023722681451066173,13.367904107861982,92.0,460500.0,306.0,6132.024106502533,75.09755212991999,0.34824082255363464,-21.499059677124023,-99.8526382446289,-0.6426328420639038,-99.21000671386719,0.010178839787840843,0.010178839787840843,0.0,21.539186477661133,0.8077099919319153,0.8399152159690857,-0.03220518305897713,0.03220518305897713,,0.20445498824119568,,0.35661160945892334,0.6720222006241481,0.9095570098846473,0.013876792579657233,-21.209968249003094,1.051761543443918,-0.002841087655309857,-98.20533040364583,1.1421418968994335,-0.025266538286896453,0.0511136032640934,0.3323821220916177,0.007735977559718198,-98.25644404093424,1.0263701571217627,-0.03300253557283367,0.010177573344359795,0.0003040402402158859,-2.9526100399695947e-05,0.010177573344359795,0.0003040402402158859,-2.9526100399695947e-05,0.0,0.0,0.0,21.312697219848634,1.040698444518591,0.002330158814969793,0.9646618107954661,0.07431810395544344,0.0015083241250543776,0.9910131295522054,0.07225854327582011,0.0016705774226628697,-0.026351316769917806,0.007421997984192149,-0.00016225438494570912,0.026351316769917806,0.007421997984192149,0.00016225438494570912,0.19477828592061996,0.0086009947284807,4.215474189719817e-05,0.3622314780950546,0.014558062591958597,-0.00041556978252228977
71.72566630742321,1.0,1500.0,0.0,73.0,1988.0,0.5437378953221219,1080.0,908.0,10.11930853523305,1.9403964211881837,10531.206905262772,38.0,0.008447823573873994,33.56865671641791,2.2835820895522385,11.424107510399551,134.0,33.99344262295081,4.436065573770491,11.276101631193752,61.0,33.56865671641791,2.2835820895522385,11.424107510399551,134.0,0.44176830539486156,-0.00896905257961375,-0.002345325670377112,-0.0006150911071149635,-0.0006677177037930066,-0.013131781507929135,-0.025660998004081795,14.061973534081533,73.0,462000.0,307.0,6152.221657991409,75.09482357481163,0.4634253978729248,-20.771093368530273,-97.6845703125,0.27134525775909424,-97.95591735839844,0.009815793484449387,0.009815793484449387,0.0,20.899944305419922,1.0181589126586914,1.038684368133545,-0.020525552332401276,0.020525552332401276,,0.20563770830631256,,0.34384095668792725,0.39998591393232347,0.18594457670420783,-0.0028116227489159806,-21.260133425394695,0.9234062900559332,-0.04003702615604221,-98.62123794555664,1.101166233058718,0.016313066153693413,-0.07141055334359407,0.26685621485911576,0.009185521450055325,-98.5498280843099,1.1348221720905136,0.0071274703283618285,0.009906885338326295,8.163640122902573e-05,-3.834783169000937e-06,0.009906885338326295,8.163640122902573e-05,-3.834783169000937e-06,0.0,0.0,0.0,21.387657610575356,0.9225018532136924,0.041712016019725386,0.9384140094121297,0.05660769078408599,0.0021261661548635405,0.9644855658213297,0.05781747438135086,0.001992369202008076,-0.026071561966091394,0.00842700250386458,0.00013379676949162392,0.026071561966091394,0.00842700250386458,-0.00013379676949162392,0.19462389796972274,0.008536349248315625,0.00017957450351671912,0.35238028864065807,0.014420227686975559,-0.00011182296130231163
74.48212541852679,1.0,1500.0,0.0,14.0,1977.0,0.10555963251476994,208.0,1769.0,9.957891340164757,2.068202851964501,12474.718777811751,228.60000000000002,0.05074361820199778,34.128787878787875,6.999999999999998,11.260105541321531,132.0,34.140677966101684,7.822033898305083,11.220138053283328,118.0,34.128787878787875,6.999999999999998,11.260105541321531,132.0,0.4267368131084207,-0.006832999118627726,-0.004442887741411319,-0.0001350978921771566,-0.0010314111579934368,-0.001875293014533521,-0.02375317784837657,15.266093184175071,14.0,463500.0,308.0,6170.449458360672,75.11608402723064,0.19356483221054077,-21.572307586669922,-100.4511489868164,-0.39143940806388855,-100.05970764160156,0.010428673587739468,0.010428673587739468,0.0,21.620586395263672,0.8606770038604736,0.8942176103591919,-0.033540621399879456,0.033540621399879456,,0.19096912443637848,,0.35203802585601807,1.7273018290599187,7.4538356363317435,-0.2098020968103039,-21.39967041015625,1.0463821133995492,-0.04313671633982384,-98.72718633015951,1.451656763394723,-0.052122911701476544,0.04532660233477751,0.3107053356762978,-0.014812084191268499,-98.77251256306967,1.4281037934102616,-0.037310718031425286,0.010323405172675848,0.00032476214731728584,3.249324356786908e-05,0.010323405172675848,0.00032476214731728584,3.249324356786908e-05,0.0,0.0,0.0,21.505215899149576,1.0299867080580751,0.04396356491411308,0.964542559782664,0.06824314962685625,-0.0034271785759422083,0.9898188292980195,0.06808062559958461,-0.0032340584793133496,-0.025276260978231827,0.010352850856735218,-0.00019312048055339286,0.025276260978231827,0.010352850856735218,0.00019312048055339286,0.1989748179912567,0.010608632959891263,-4.57725217266123e-06,0.35776792963345844,0.01637913978616956,-0.00014673415757923865
73.96668188912528,1.0,1500.0,0.0,112.0,1840.0,0.9113294780555329,1676.0,164.0,10.352660443471615,1.5265318967271004,8282.23928200498,1.6,0.0003966876580552388,32.79186991869918,0.5317073170731709,11.761188951367476,123.0,31.563636363636366,5.6000000000000005,12.22164774282566,11.0,32.79186991869918,0.5317073170731709,11.761188951367476,123.0,0.4429771526874179,-0.007952206299112795,-0.0021395052254966156,-1.9554832101916175e-05,-0.0006302648324343967,-0.0009211562935579665,-0.026245204965430723,14.287682888346463,112.0,465000.0,309.0,6191.429509878159,75.10381879630746,0.46516966819763184,-20.783607482910156,-101.28207397460938,0.4504368305206299,-101.73251342773438,0.010914168320596218,0.010914168320596218,0.0,21.002771377563477,1.0363744497299194,1.0797033309936523,-0.043328944593667984,0.043328944593667984,,0.18656374514102936,,0.32721710205078125,1.1206685036420823,1.7401439038652213,0.0057208391264892975,-21.369703737894692,0.7380466768833785,0.0108330065734663,-98.61680806477865,1.127501890791115,-0.04295870533774338,0.038401192302505174,0.2449708402206529,0.010125177670208048,-98.65520909627278,1.1404357238881666,-0.053083879345648295,0.010449726972728968,0.00019862641550587047,1.898522989138597e-05,0.010449726972728968,0.00019862641550587047,1.898522989138597e-05,0.0,0.0,0.0,21.47605037689209,0.7106336751551869,-0.00936401205943393,0.9665081520875295,0.053231203141082074,0.0019214706903569938,0.9885074575742085,0.053736043814530995,0.0022297628994645464,-0.02199930182347695,0.008086107160303087,-0.0003082928725324557,0.02199930182347695,0.008086107160303087,0.0003082928725324557,0.19696873128414155,0.008895637468311592,-0.00012762884674666485,0.3569354752699534,0.013758590231928262,-0.00017589480513593666
68.60153963868048,1.0,1500.0,0.0,71.0,1904.0,0.5570997607450692,1060.0,844.0,10.173377057717916,1.7552192323229217,10038.886628011765,63.6,0.014883459702330806,33.38437499999999,3.2421874999999996,11.61869985748896,128.0,33.29122807017545,5.712280701754389,11.616869251749193,57.0,33.38437499999999,3.2421874999999996,11.61869985748896,128.0,0.43641780057785456,-0.009321816946594631,-0.0026029998567582376,-0.0005647478692085725,-0.0007545034424219549,-0.03372630387626171,-0.02611939889745452,14.34284769144554,71.0,466500.0,310.0,6211.344324827194,75.10451451473486,0.2560720443725586,-21.88956069946289,-98.55692291259766,0.7041826248168945,-99.2611083984375,0.00975788850337267,0.00975788850337267,0.0,22.029542922973633,1.1092188358306885,1.1320894956588745,-0.022870760411024094,0.022870760411024094,,0.205473393201828,,0.3397778272628784,1.3829641898473104,4.591208477710885,0.1465730196045291,-21.605247497558594,0.7017142984430116,0.00854769442582708,-99.55395228068033,1.0884849481376193,0.050080637353680436,-0.03671996109187603,0.26884950629981563,0.007674444190022411,-99.51723175048828,1.0578289590430945,0.0424062183622013,0.010257899450759092,0.00032773878779934247,-3.606601430722705e-05,0.010257899450759092,0.00032773878779934247,-3.606601430722705e-05,0.0,0.0,0.0,21.719082260131835,0.68299689039785,-0.007419797496350369,0.9460027774175008,0.05927935757758468,0.002065422537594634,0.9718960543473562,0.05865847096056151,0.0016759775239182499,-0.025893274539460737,0.007981696149625678,0.00038944549498058195,0.025893274539460737,0.007981696149625678,-0.00038944549498058195,0.19736173550287883,0.009801374514554097,9.063930479649436e-05,0.3573413888613383,0.016079629706639148,0.0001873987667817688
70.09911926932956,1.0,1500.0,0.0,46.0,1804.0,0.37561736874409263,677.0,1127.0,10.272758922352939,1.8848780760172974,10395.170063663263,50.2,0.012446075271483116,33.060655737704906,3.655737704918033,11.704044577788194,122.0,32.99999999999999,5.355263157894738,11.702661874902596,76.0,33.060655737704906,3.655737704918033,11.704044577788194,122.0,0.4394698264377625,-0.008973712997769804,-0.0027860389519354105,-0.0004891649832205285,-0.0016715542521994098,-0.02287390029325514,-0.02696653568047519,14.396188372076745,46.0,468000.0,311.0,6230.3902707099915,75.11567970310607,4.069101333618164,-21.924774169921875,-98.80093383789062,-0.09490211308002472,-98.7060317993164,0.010688502341508865,0.010688502341508865,0.0,22.07111167907715,0.9426435232162476,0.9590901136398315,-0.0164466705173254,0.0164466705173254,,0.2028227299451828,,0.3728192150592804,2.175879075129827,6.269887773896237,0.01661193163296804,-21.341646067301433,0.9316319319208498,0.0018069868756085757,-100.01697285970052,1.3277135720674136,-0.0032115117328697976,0.08008004501461982,0.3149049449234585,0.0024902576251210336,-100.09705225626628,1.3804976014056356,-0.00570177496208852,0.010365531438340743,0.00027833914417326643,3.062060933655416e-05,0.010365531438340743,0.00027833914417326643,3.062060933655416e-05,0.0,0.0,0.0,21.478338877360027,0.9048263603710626,0.0006684648049151084,0.9698204378286998,0.06690737974977772,0.0005827153882672583,0.9975289026896159,0.06894893219421785,0.0005436296590310512,-0.027708458683143058,0.010033922183489344,3.908479749924381e-05,0.027708458683143058,0.010033922183489344,-3.908479749924381e-05,0.1987764060497284,0.009834676432819347,0.00010413924632002808,0.35522193610668185,0.01605019655455992,0.0005390862535448995
73.67712484995523,1.0,1500.0,0.0,60.0,1894.0,0.46784717622093386,886.0,1008.0,10.236462733393838,1.7660181792783638,10413.740818904173,37.4,0.008808705073248858,33.1703125,2.7531250000000007,11.573546014125421,128.0,33.900000000000006,4.9411764705882355,11.321897015152903,68.0,33.1703125,2.7531250000000007,11.573546014125421,128.0,0.4518306342288648,-0.007907490173503335,-0.002644558675302674,-0.0004354127017762167,-0.0006102475532527343,-0.007553252734599873,-0.026400282771836345,14.868183413528252,60.0,469500.0,312.0,6249.940617322922,75.12071373905374,0.28824955224990845,-22.01050567626953,-101.2607192993164,0.34733960032463074,-101.6080551147461,0.010366624221205711,0.010366624221205711,0.0,22.040231704711914,1.0209283828735352,1.0560132265090942,-0.03508472815155983,0.03508472815155983,,0.20247551798820496,,0.3911825120449066,0.3702907020847003,0.37281873210738187,-0.007384416487511333,-21.547976303100587,0.8487514410154191,0.009203561818905292,-100.36321970621745,1.095106102406804,-0.04496224714200443,0.019311928500731785,0.26243210559169217,-0.0010216055659616622,-100.3825309753418,1.0432770021641855,-0.043940622841023125,0.010671849145243566,0.00016825218596156394,-1.4098662597120218e-05,0.010671849145243566,0.00016825218596156394,-1.4098662597120218e-05,0.0,0.0,0.0,21.65750071207682,0.8407966545573791,-0.010458312071735908,0.9568649649620056,0.058830761114368885,-0.00046860442410854664,0.9842395901679992,0.057820012331285975,-0.00023005573582465856,-0.027374629490077497,0.007332518378230807,-0.0002385487616294212,0.027374629490077497,0.007332518378230807,0.0002385487616294212,0.20006913791100184,0.01099390277167567,-0.00021123636484942057,0.36202915708223976,0.014924705412010303,0.00033829511869470035
72.34099960327148,1.0,1500.0,0.0,90.0,1938.0,0.691383033015284,1339.0,599.0,9.989372649943128,1.8858458222786236,9546.83726135555,21.0,0.00475199131064446,33.99384615384614,1.8292307692307692,11.340030808659881,130.0,35.040000000000006,5.194999999999999,11.00036553465422,40.0,33.99384615384614,1.8292307692307692,11.340030808659881,130.0,0.4356900690123542,-0.007641187184421331,-0.0024730352565447027,-0.0003816381671563767,-0.0014119045849743629,-0.008917292115627532,-0.024228404590488358,13.932146462939244,90.0,471000.0,313.0,6270.5049748420715,75.11356770941124,0.2763640284538269,-21.813039779663086,-104.4193344116211,0.02326173335313797,-104.44259643554688,0.010122166946530342,0.010122166946530342,0.0,21.947032928466797,0.9319620132446289,0.985064685344696,-0.053102657198905945,0.053102657198905945,,0.2080930769443512,,0.37890440225601196,0.7320628856619199,1.5073903539358169,-0.015331023908297943,-21.188421567281086,0.8061804153965242,-0.0055423354678209805,-101.49127197265625,1.6156784774518507,-0.14520989100845588,-0.028130735581119854,0.2736721036321354,-0.0034357885771055022,-101.46314086914063,1.5841984190349996,-0.14177416163901554,0.010313460417091847,0.00014111644336625527,-1.3144639993006002e-05,0.010313460417091847,0.00014111644336625527,-1.3144639993006002e-05,0.0,0.0,0.0,21.320499229431153,0.8226295144983162,0.003929988958678836,0.9410762627919514,0.06112307570046224,-0.001691659486068385,0.9738554815451305,0.059886420141944625,-0.0007484994157403174,-0.03277920428663492,0.010907758535976047,-0.0009431595817722115,0.03277920428663492,0.010907758535976047,0.0009431595817722115,0.2011516253153483,0.01010175539809866,-0.0001292760234255753,0.36239488820234933,0.01607423477737896,-0.0002649919010773515
72.39572157178607,1.0,1500.0,0.0,112.0,1992.0,0.8432680370745307,1679.0,313.0,10.092736605548797,1.6224899740422614,8968.950733998476,5.6000000000000005,0.00125061414087275,33.667669172932335,0.5789473684210525,11.394888266115254,133.0,32.56190476190476,2.847619047619047,11.723181894282053,21.0,33.667669172932335,0.5789473684210525,11.394888266115254,133.0,0.42975779360778,-0.007809791824763992,-0.0025632684282485708,-0.00011870785229631454,-0.0018097146899316296,-0.00405564725300636,-0.02471242187737864,13.523334421876715,112.0,472500.0,314.0,6291.78901052475,75.0978774414739,1.262261986732483,-20.579608917236328,-100.29280853271484,-0.12107371538877487,-100.17173767089844,0.009993459098041058,0.009993459098041058,0.0,20.666902542114258,0.9337524175643921,0.95371413230896,-0.019961636513471603,0.019961636513471603,,0.20712736248970032,,0.375469446182251,0.5796128143866857,0.41781025060888566,0.010897779206147576,-21.29906400044759,0.8449808210219519,0.020263357024569918,-102.17768859863281,1.6983306511088994,0.10642390606533525,-0.026456758379936218,0.2859485029612562,0.008013945353840037,-102.15123112996419,1.6777737229936414,0.09840989669783028,0.009769139004250367,0.000137057275116387,-8.0319798993855e-06,0.009769139004250367,0.000137057275116387,-8.0319798993855e-06,0.0,0.0,0.0,21.39816042582194,0.8446510499186092,-0.0190999312183358,0.9389317095279693,0.06316349686932012,0.002530012128085236,0.9742725332578023,0.06191433133455963,0.0017420561613309834,-0.03534080156435569,0.012446206976670853,0.0007879558246213953,0.03534080156435569,0.012446206976670853,-0.0007879558246213953,0.20032134056091308,0.007462122652163479,0.00020947103638271759,0.3601850102345149,0.014753645869594661,0.000478951492086796
65.27627468109131,1.0,1500.0,0.0,12.0,1802.0,0.09875354420350071,177.0,1625.0,9.915808783265753,2.1498283767074327,11669.164446120747,218.0,0.052575728342658695,34.26776859504132,7.168595041322315,11.297962907219073,121.0,33.61100917431193,7.8880733944954144,11.448716560203374,109.0,34.26776859504132,7.168595041322315,11.297962907219073,121.0,0.3468731387070495,-0.008181776936280033,-0.0040913344413579964,-0.0009155434234053284,-0.0024601366742596797,-0.013849658314350805,-0.020859395135031294,11.038686216176023,12.0,474000.0,315.0,6309.985564470291,75.1190308055469,0.3736180067062378,-21.80891990661621,-101.36165618896484,0.3782092332839966,-101.7398681640625,0.009906450286507607,0.009906450286507607,0.0,21.772830963134766,1.033104658126831,1.0619566440582275,-0.028851930052042007,0.028851930052042007,,0.21744482219219208,,0.3889859914779663,0.4817200740178426,0.50423845945677,-0.0056249406433211665,-21.36930643717448,0.7970404076822564,-0.04317519343867268,-101.72143274943033,1.0082248794827848,0.002469915914061567,-0.08865280126531919,0.27700260022828993,0.0018290197872479095,-101.63277918497721,0.93839118513978,0.0006409183625291889,0.009918036560217539,8.91551849989403e-05,-1.1921799156384055e-07,0.009918036560217539,8.91551849989403e-05,-1.1921799156384055e-07,0.0,0.0,0.0,21.471551513671876,0.7844926091349341,0.041815911145576146,0.9315169771512349,0.06126825819309573,0.0004814503853259967,0.9607507606347402,0.060091471576750044,0.0003975819294921801,-0.029233767619977393,0.006773748366427623,8.386804787514688e-05,0.029233767619977393,0.006773748366427623,-8.386804787514688e-05,0.19858801861604056,0.011075803148398304,0.00041524136689666334,0.3622650384902954,0.014551939979670596,0.0006360315374855943
70.03231531778971,1.0,1500.0,0.0,30.0,1860.0,0.23657641622839093,440.0,1420.0,10.075370495499772,1.8472575642865021,11284.506922967594,183.4,0.04351126927639383,33.72000000000001,6.2208000000000006,11.401156787565757,125.0,33.760000000000005,7.9368421052631595,11.336182142330205,95.0,33.72000000000001,6.2208000000000006,11.401156787565757,125.0,0.43252570016449843,-0.00964959728590155,-0.0031746845921521044,-0.0006408300966437985,-0.0013055985837574673,-0.02088957734011945,-0.027221979297007957,14.351692273503563,30.0,475500.0,316.0,6328.763601779938,75.13315868936354,0.2000807821750641,-21.923851013183594,-105.14252471923828,-0.17719486355781555,-104.96533203125,0.009956084191799164,0.009956084191799164,0.0,21.992403030395508,0.892048716545105,0.9415596723556519,-0.04951095953583717,0.04951095953583717,,0.19376395642757416,,0.365486741065979,0.5648201838135719,0.6742037968595889,0.016578878255123813,-21.334228452046712,0.9066768519585002,-0.037005438290129984,-101.89422454833985,1.349446436335503,-0.008428972051192118,-0.062071735660235085,0.2964151388962493,0.004111852416472392,-101.83215306599935,1.2622113866157258,-0.012540791376809168,0.009661018041272958,0.00019117078597959643,9.506203656864585e-06,0.009661018041272958,0.00019117078597959643,9.506203656864585e-06,0.0,0.0,0.0,21.457002385457358,0.924767132475382,0.03670986459835959,0.9382934510707855,0.06622489766359534,0.0008728370915795537,0.966579141219457,0.06386048548500443,0.0008831980363677924,-0.028285687354703746,0.008993751228432207,-1.0360254842924741e-05,0.028285687354703746,0.008993751228432207,1.0360254842924741e-05,0.19899347325166067,0.00891205975837315,0.0003614341589447112,0.3604982306559881,0.013226679361799729,0.000429350204011616
73.79197751558743,1.0,1500.0,0.0,91.0,1835.0,0.7373563778242511,1353.0,482.0,10.405410279000836,1.7839627127776334,8891.2444962166,14.8,0.0036586571739345396,32.622580645161285,1.214516129032258,11.783108480801996,124.0,32.67878787878788,4.200000000000001,11.76187310091949,33.0,32.622580645161285,1.214516129032258,11.783108480801996,124.0,0.45004055297386025,-0.008509445327774093,-0.003130522564251803,-0.00030250835307199373,-0.0012559582356056569,-0.0036316864644019035,-0.026548753513392264,14.727720357683317,91.0,477000.0,317.0,6349.04962849617,75.12935445631125,0.33804070949554443,-20.251392364501953,-101.36470794677734,0.2653753161430359,-101.63008117675781,0.009331990964710712,0.009331990964710712,0.0,20.308448791503906,1.0134347677230835,1.0367710590362549,-0.023336261510849,0.023336261510849,,0.20761564373970032,,0.3672030568122864,0.7465486625830332,1.0919428666892192,-0.017343078081281653,-21.3401283899943,1.0752358831662656,0.0269595548228775,-102.3446871439616,1.2057051830468735,0.039658799558647706,-0.07510842066258192,0.2402782093751939,0.00561404323145267,-102.26957829793294,1.1829127776322486,0.03404473632540966,0.009572185731182495,0.00018166806497392265,-2.0433619858757312e-05,0.009572185731182495,0.00018166806497392265,-2.0433619858757312e-05,0.0,0.0,0.0,21.471169662475585,1.0728683055663337,-0.025041260682171287,0.9347679277261098,0.052476490596131985,0.0015373721801664251,0.963802703221639,0.051679484476806925,0.0012154823680873257,-0.029034786174694696,0.008630893676181332,0.0003218902977343006,0.029034786174694696,0.008630893676181332,-0.0003218902977343006,0.20153873811165493,0.009435009576182775,0.0001671232854961929,0.3614058683315913,0.01430239391050992,3.983630354332512e-05
68.03045319266941,1.0,1500.0,0.0,115.0,2072.0,0.8275063955242371,1714.0,358.0,9.696850211748185,1.5647221080398979,9673.358469174054,12.8,0.002628012975814068,35.04028776978418,1.6230215827338124,10.931142995262467,139.0,35.7,4.366666666666667,10.6328958674341,24.0,35.04028776978418,1.6230215827338124,10.931142995262467,139.0,0.4161891440091045,-0.008666620504663599,-0.002697600169964492,-0.00022420178464653732,-0.0013509741528498897,-0.026974822754424425,-0.024089482255931494,13.172211778665028,115.0,478500.0,318.0,6370.749529600143,75.1089016726785,0.2501135468482971,-19.985593795776367,-103.39906311035156,0.22080549597740173,-103.61986541748047,0.008933990262448788,0.008933990262448788,0.0,20.075796127319336,0.9916833639144897,1.0268008708953857,-0.03511754423379898,0.03511754423379898,,0.22241443395614624,,0.35989972949028015,1.4650708923737208,5.611000934592969,-0.12355586737891593,-21.21284834543864,1.0274472602070537,0.008517593960873919,-102.90265884399415,1.4237477828524034,-0.048124324811311625,-0.0499908031274875,0.25576792137480386,0.0006903355218080563,-102.85266723632813,1.4543932399768784,-0.04881465856702496,0.009133406014492114,0.0002548422037824037,-2.7013438504118962e-05,0.009133406014492114,0.0002548422037824037,-2.7013438504118962e-05,0.0,0.0,0.0,21.32432130177816,1.0218011154577475,-0.008339317330264504,0.9385379791259766,0.05323467450800967,-0.00012383556472050293,0.9693516770998637,0.05441418184735241,0.0001441318280704621,-0.030813715575883787,0.010159160988772174,-0.00026796657666646774,0.030813715575883787,0.010159160988772174,0.00026796657666646774,0.20212426036596298,0.010446418216289591,-8.112841572724896e-05,0.36029652853806815,0.012159292247314034,-0.00020457472366274286
70.56493958761526,1.0,1500.0,0.0,86.0,1890.0,0.679466321305677,1284.0,606.0,10.263041780143293,1.657778916919144,9395.556705950232,36.6,0.008713455861346538,33.074015748031506,1.8566929133858283,11.655580488998353,127.0,33.14146341463413,4.1121951219512205,11.563944332978386,41.0,33.074015748031506,1.8566929133858283,11.655580488998353,127.0,0.4428138494421692,-0.009335043222262286,-0.0033320632634176845,-0.00032763284114703187,-0.0012549329123914728,-0.021215469613259798,-0.026967001897791398,14.524983067125568,86.0,480000.0,319.0,6391.087718486786,75.10458644020134,0.27433204650878906,-20.66260528564453,-102.53868865966797,0.09439481794834137,-102.63308715820312,0.009312627837061882,0.009312627837061882,0.0,20.782634735107422,0.9744225740432739,1.0001851320266724,-0.02576259896159172,0.02576259896159172,,0.2080465704202652,,0.344581663608551,1.3231629704435666,2.606783578025274,-0.05363856865977824,-21.116413815816244,0.9768075962523354,0.03536222880090898,-103.13120091756186,1.3489028336294484,0.04366073353802678,0.05325722806155682,0.2969533954921009,0.002931090280231295,-103.1844581604004,1.3650181997508404,0.04072963048406895,0.009288978793968757,0.0001581753239702702,1.4770555789597668e-05,0.009288978793968757,0.0001581753239702702,1.4770555789597668e-05,0.0,0.0,0.0,21.217633628845213,0.9821572983295521,-0.03712572388442155,0.9606431365013123,0.06286379854338424,0.0009958004659752187,0.9914490242799123,0.06360645933217385,0.000628387211957658,-0.030805884984632333,0.009869680927488382,0.0003674138660591369,0.030805884984632333,0.009869680927488382,-0.0003674138660591369,0.20166945854822796,0.009797264729468345,-7.22212573975435e-05,0.36245010097821556,0.017339474302865268,-0.00029850694308424994
73.11104683403497,1.0,1500.0,0.0,111.0,1914.0,0.867477522165417,1660.0,254.0,10.0165838861203,1.5664305347227394,8467.205732482724,7.6000000000000005,0.0017517171437790992,33.89531250000001,0.8593750000000001,11.34567050773802,128.0,35.294117647058826,5.7058823529411775,10.907382863491293,17.0,33.89531250000001,0.8593750000000001,11.34567050773802,128.0,0.4334616745133742,-0.00756037626457046,-0.0031230453616582377,-0.0001263899406247162,-0.0012835122653391733,-0.003118814850356861,-0.02425728852272556,13.930571818111922,111.0,481500.0,320.0,6412.258955717087,75.0905419330735,0.402912974357605,-20.790353775024414,-106.41019439697266,-0.1563328057527542,-106.25386047363281,0.00929808709770441,0.00929808709770441,0.0,20.88565444946289,0.8976353406906128,0.9465805888175964,-0.04894523322582245,0.04894523322582245,,0.2151413857936859,,0.3711991310119629,0.9807218382755916,2.620674181337674,0.013444928644231205,-21.16083393096924,0.8844482447682716,0.003028870901887118,-104.31975733439127,1.5946577974828773,-0.06966389962642915,-0.003947479277849197,0.27902802208802296,0.0014627991167536325,-104.31581013997396,1.5384910467112674,-0.07112666757008558,0.009410348534584046,9.263203265334497e-05,-3.5912237721636928e-06,0.009410348534584046,9.263203265334497e-05,-3.5912237721636928e-06,0.0,0.0,0.0,21.277584139506022,0.8745069846581714,-0.0035322929781195335,0.9427132805188497,0.06201176823371325,-0.00010801589528765415,0.9791418194770813,0.05983995891047459,0.0003147335816278158,-0.036428555535773434,0.010602233911971978,-0.00042275244264435523,0.036428555535773434,0.010602233911971978,0.00042275244264435523,0.20396918654441834,0.011657502177877083,0.00019121981568808314,0.36954348186651864,0.01155532943867077,-8.155710174722017e-05
67.49381850129467,1.0,1500.0,0.0,59.0,1829.0,0.4785222518178303,875.0,954.0,9.90766797644567,1.85472674508837,10023.95274556907,76.80000000000001,0.018216318785578747,34.27642276422763,3.8373983739837394,11.27627178984702,123.0,34.240625,6.324999999999998,11.275010983403808,64.0,34.27642276422763,3.8373983739837394,11.27627178984702,123.0,0.4225472624973919,-0.009321287384073798,-0.0031441264202928835,-0.00044963179185114984,-0.0040922126626958145,-0.029649238914626258,-0.025393718524118186,13.636086258989925,59.0,483000.0,321.0,6431.867801189423,75.09482702842253,1.0117517709732056,-21.465991973876953,-108.10494232177734,-0.0005033500492572784,-108.10443878173828,0.009692794643342495,0.009692794643342495,0.0,21.662982940673828,0.9203507304191589,0.9798914194107056,-0.05954069644212723,0.05954069644212723,,0.2033187747001648,,0.36812734603881836,0.6387607937057813,0.6586912273122959,-0.01297713997167794,-21.138068389892577,0.7704699406243452,0.008500232632884689,-105.4828872680664,1.2280023669726299,-0.022499272873721027,-0.04674861753980319,0.26827786535746734,-0.0032380267563332996,-105.43613866170247,1.2259327406628566,-0.019261193195887125,0.009415710965792337,0.00025668115866324555,2.735205309608484e-05,0.009415710965792337,0.00025668115866324555,2.735205309608484e-05,0.0,0.0,0.0,21.268078104654947,0.7824941107777299,-0.00855692777538244,0.9280041178067525,0.05745007268877128,-0.000757435086836964,0.9699488778909048,0.057768491666945254,-0.0007014444725664881,-0.04194476660341025,0.008560231920515117,-5.598881875513857e-05,0.04194476660341025,0.008560231920515117,5.598881875513857e-05,0.2048228293657303,0.009272871787115054,-0.00029298687670732546,0.36288626690705617,0.013990078640719918,-0.00021885949724641964
71.67310712987727,1.0,1500.0,0.0,110.0,2048.0,0.8016724927634146,1641.0,407.0,10.20137807842482,1.86205887276634,9760.423526577992,11.600000000000001,0.0025241535381669423,33.30144927536231,0.9521739130434783,11.489489414063552,138.0,32.121428571428574,3.3142857142857136,11.863003687901637,28.0,33.30144927536231,0.9521739130434783,11.489489414063552,138.0,0.43380825242016247,-0.00824346185451273,-0.0029638582744204696,-0.0001787504540764931,-0.002960765318479076,-0.00934851053523856,-0.02518318727809069,13.877659242173582,110.0,484500.0,322.0,6453.155472993851,75.07954860650878,0.20184990763664246,-21.40776252746582,-102.90699768066406,-0.08985958993434906,-102.817138671875,0.010088162496685982,0.010088162496685982,0.0,21.509395599365234,0.9403280019760132,0.9604493975639343,-0.020121406763792038,0.020121406763792038,,0.2001720666885376,,0.3555225729942322,0.3830980812509855,0.19796321604440517,0.00443448246320972,-21.115604337056478,0.7471919890071542,-0.012992141350225018,-104.91511306762695,1.5274080112754118,0.06606947885074371,0.04894781236847242,0.27327950030950005,0.008179963581487785,-104.96406071980795,1.543214809868202,0.05788954924688495,0.009725318259249131,0.00018347143464799952,1.3056270844480012e-05,0.009725318259249131,0.00018347143464799952,1.3056270844480012e-05,0.0,0.0,0.0,21.21293487548828,0.7509952848245308,0.013418633415383036,0.9543622235457102,0.058682997590761544,0.002257719440375311,0.9906347552935283,0.059053925437661955,0.0017745422176577328,-0.03627253795663516,0.01105896366325821,0.0004831780788299117,0.03627253795663516,0.01105896366325821,-0.0004831780788299117,0.199527637163798,0.007720451774521632,-0.00011925046250340756,0.35646066864331566,0.015610508972933956,0.0002738162328191779
73.26028635594751,1.0,1500.0,0.0,77.0,1944.0,0.5925686999600815,1151.0,793.0,10.11692597874731,1.5763338442552635,9521.438476014719,15.4,0.0035287108748453325,33.57076923076923,1.7738461538461536,11.486492420643414,130.0,33.143396226415106,4.245283018867924,11.61555345737916,53.0,33.57076923076923,1.7738461538461536,11.486492420643414,130.0,0.4295119383416504,-0.007104698950413222,-0.0024348873920500246,-0.00014301933072581862,-0.0010030004286326595,-0.0019202743249035585,-0.0239718558578415,13.73330608215478,77.0,486000.0,323.0,6473.292271375656,75.07771619536636,0.2796964645385742,-23.253795623779297,-106.53070068359375,-0.2599879801273346,-106.27071380615234,0.010617462918162346,0.010617462918162346,0.0,23.32788848876953,0.8808419704437256,0.9227989912033081,-0.04195700213313103,0.04195700213313103,,0.20920294523239136,,0.38050568103790283,0.5964822635054589,0.8195753195399279,-0.029615839414124524,-21.356639862060547,0.8097936013070889,-0.0019088125600161452,-104.44031117757162,2.0019334113748917,-0.12502973342233228,0.04437998334566752,0.293207708622801,-0.0024444348389102617,-104.4846913655599,1.961771439105402,-0.12258521091685713,0.010539021653433641,0.00022329106182797143,2.1432736708271743e-05,0.010539021653433641,0.00022329106182797143,2.1432736708271743e-05,0.0,0.0,0.0,21.465581321716307,0.8311040702350959,0.003148674461016294,0.9591293573379517,0.06658942124283833,-0.0013141621737114437,0.9897353708744049,0.06441870635947887,-0.0005343583985351394,-0.03060601024578015,0.013363817352147506,-0.0007798009147003571,0.03060601024578015,0.013363817352147506,0.0007798009147003571,0.1998377611239751,0.010030589237698085,9.974015170129742e-05,0.3625474880139033,0.014377055529902287,0.00018150073800388573
71.27118635177612,1.0,1500.0,0.0,48.0,1803.0,0.39194125734179175,706.0,1097.0,10.164823544347618,1.8172489452659422,10237.707773569738,132.20000000000002,0.03242262225928288,33.42131147540984,5.108196721311476,11.61624926332709,122.0,33.46756756756756,8.072972972972972,11.577225355245606,74.0,33.42131147540984,5.108196721311476,11.61624926332709,122.0,0.4389419597369991,-0.008583321074874924,-0.002966282636627474,-0.00117168064361826,-0.0025094630590214474,-0.014467965792794022,-0.025439434892980475,14.236341870909827,48.0,487500.0,324.0,6492.343491792679,75.08844851112315,0.3309587836265564,-21.72313690185547,-104.2777099609375,0.1121990829706192,-104.38990783691406,0.010522551834583282,0.010522551834583282,0.0,21.91365623474121,0.9781162142753601,1.0046358108520508,-0.02651967853307724,0.02651967853307724,,0.18431609869003296,,0.3497025966644287,0.773571805159251,1.4717904654945735,-0.0006515165457338372,-21.238722292582192,0.7992233886587953,0.00574878060380188,-105.67119750976562,2.0553714867690625,0.06740306137136193,-0.03249162671466668,0.3252454666517484,-0.000910983693778713,-105.63870595296224,2.0978297466984395,0.06831403314338103,0.010674925552060207,0.00011135866349379167,-9.460972043974867e-06,0.010674925552060207,0.00011135866349379167,-9.460972043974867e-06,0.0,0.0,0.0,21.371889940897624,0.8006295517531974,-0.005878767155699557,0.9365005711714427,0.07017036406213528,0.0003578979658735616,0.9728364527225495,0.0716981918984208,-0.0001959167545178817,-0.03633588297913472,0.01482713210483944,0.0005538147788192333,0.03633588297913472,0.01482713210483944,-0.0005538147788192333,0.19696924736102422,0.00967569566951704,-0.00025364121751605327,0.3600511262814204,0.01441779681688008,-0.00018681756513933402
72.61091787164861,1.0,1500.0,0.0,66.0,1866.0,0.52483700234165,979.0,887.0,10.339203881327576,1.8269804198859334,9835.968987980794,38.800000000000004,0.009369717459550833,32.86507936507937,2.5587301587301594,11.72742196185465,126.0,32.77,4.946666666666669,11.767310718738775,60.0,32.86507936507937,2.5587301587301594,11.72742196185465,126.0,0.4446926201743606,-0.008088300893163763,-0.0029764649609234656,-0.00018034721067710407,-0.0016398514851485107,-0.010561056105610537,-0.02537770503713375,14.45417915185967,66.0,489000.0,325.0,6512.13995218277,75.09052378951019,0.2579115033149719,-22.211284637451172,-103.72390747070312,-0.22285465896129608,-103.50105285644531,0.010773792862892151,0.010773792862892151,0.0,22.393020629882812,0.9127534627914429,0.9308107495307922,-0.01805725134909153,0.01805725134909153,,0.19433283805847168,,0.36712926626205444,0.28993873447179797,0.09153876509103724,-0.0012680440610720188,-21.296772321065266,0.7469753544055799,-0.0012175092177337554,-105.75656865437826,1.3426782471128338,-0.009990258476756402,0.007686472311615944,0.33992944642163286,-0.01747606097906,-105.76425501505534,1.4073849682416164,0.007485858378343279,0.01076817282785972,0.00013080142700719674,-7.034009022097693e-06,0.01076817282785972,0.00013080142700719674,-7.034009022097693e-06,0.0,0.0,0.0,21.39491189320882,0.7695625009215199,0.0029241292442174125,0.9468343695004781,0.07226385542097195,-0.003722777170387102,0.9817163705825805,0.07496170771505176,-0.0038525196283359727,-0.034882000337044396,0.00983192675743515,0.00012974087501129228,0.034882000337044396,0.00983192675743515,-0.00012974087501129228,0.19458075215419132,0.008316925354867041,-0.00012471703387739098,0.3559635649124781,0.013861388811339715,-0.00012641307774587934
70.83071055556789,1.0,1500.0,0.0,33.0,1916.0,0.2522992575957078,483.0,1433.0,10.213344522719398,1.946559514757669,11377.693603682817,167.4,0.03901370373823063,33.26201550387598,5.519379844961239,11.55548672204123,129.0,32.93541666666668,7.197916666666665,11.626652588200654,96.0,33.26201550387598,5.519379844961239,11.55548672204123,129.0,0.42497335705756606,-0.008719529041625075,-0.0030117322354761646,-0.0007414430274903579,-0.002378592666005941,-0.01665014866204159,-0.024887223160654854,14.4819299978363,33.0,490500.0,326.0,6530.950678348541,75.10392041791242,0.4990273714065552,-19.209016799926758,-108.79335021972656,-0.1344151496887207,-108.658935546875,0.009504883550107479,0.009504883550107479,0.0,19.32828140258789,0.8996517658233643,0.9511295557022095,-0.051477834582328796,0.051477834582328796,,0.2175750434398651,,0.3716866374015808,0.5172738447785378,0.4520632375837915,0.0007003337741561043,-21.157173347473144,1.0027777979234473,0.011003762437186294,-106.01741129557291,1.4742431111350793,-0.020762737813063564,-0.0830428892125686,0.2840559992296656,0.007542586756727192,-105.93436915079752,1.444362142408062,-0.028305377896553588,0.010057765524834394,0.00044254749797996293,-4.9795699953303726e-05,0.010057765524834394,0.00044254749797996293,-4.9795699953303726e-05,0.0,0.0,0.0,21.249635569254558,1.006339866983671,-0.009294131812582802,0.9280925075213114,0.06270519681972321,0.0015467086278556689,0.9618390719095866,0.061675324314336345,0.0016659011299803364,-0.0337465741361181,0.009910880598696298,-0.00011919133066799477,0.0337465741361181,0.009910880598696298,0.00011919133066799477,0.1984103262424469,0.011202561177139537,8.368646607912855e-05,0.3608814020951589,0.013259275078305799,-0.00013935697224567772
70.24424293518067,1.0,1500.0,0.0,50.0,1882.0,0.39677253978798094,746.0,1136.0,10.093129140340944,1.3618394912669844,10080.214889522638,89.2,0.021028808524682918,33.66507936507936,3.949206349206349,11.499919286955842,126.0,33.534210526315775,6.071052631578947,11.51164226810919,76.0,33.66507936507936,3.949206349206349,11.499919286955842,126.0,0.4292491248544513,-0.00858708703657265,-0.003305327732221083,-0.000627964841519641,-0.0024547974132242303,-0.019110465883595076,-0.024995323300185248,14.148960210708562,50.0,492000.0,327.0,6550.214542865753,75.11204354914877,0.20027588307857513,-22.6129207611084,-105.33573150634766,-0.1795160174369812,-105.15621185302734,0.00973387248814106,0.00973387248814106,0.0,22.699331283569336,0.9162838459014893,0.9412448406219482,-0.024960987269878387,0.024960987269878387,,0.1817413866519928,,0.37211284041404724,0.8653670867284139,2.85750662186043,-0.02997315683142097,-21.498875109354653,0.9727767405688155,-0.014963738141255801,-106.56364161173502,1.3447692348752072,-0.015071716987513825,0.01917479938517014,0.24168569865270348,-0.009302631563800203,-106.58281656901042,1.3510821653088239,-0.005769085061958832,0.009644326226164898,0.00013096970592257543,1.3104852525158704e-05,0.009644326226164898,0.00013096970592257543,1.3104852525158704e-05,0.0,0.0,0.0,21.600055694580078,0.979267466891033,0.01475196558323236,0.9481464425722758,0.05166290007581114,-0.001965855915633969,0.9840637306372325,0.052129682130082296,-0.0020037086574864445,-0.0359172781308492,0.009327849680018376,3.7851090956318324e-05,0.0359172781308492,0.009327849680018376,-3.7851090956318324e-05,0.19338175108035405,0.009570725630632755,-0.0002930468161724085,0.36056686540444693,0.014783935313292546,-0.0006876795323725218
71.26981862386067,1.0,1500.0,0.0,39.0,2003.0,0.29070426040189407,582.0,1421.0,10.24270238120318,2.1705264143106513,11997.286625549532,153.20000000000002,0.03445793972109762,33.17910447761195,5.007462686567163,11.582692708163322,134.0,33.11789473684211,6.850526315789472,11.543564194036096,95.0,33.17910447761195,5.007462686567163,11.582692708163322,134.0,0.43738914187588596,-0.008786964890513919,-0.0033536277622748154,-0.000773961521892605,-0.0030777166437414003,-0.013892709766162284,-0.025724129497205758,14.335647774419408,39.0,493500.0,328.0,6569.196555614471,75.12334207418746,0.197285458445549,-21.6004638671875,-107.08509063720703,0.14647072553634644,-107.23155975341797,0.010111591778695583,0.010111591778695583,0.0,21.739376068115234,0.9749332666397095,1.0118829011917114,-0.03694966435432434,0.03694966435432434,,0.19343842566013336,,0.3436506986618042,0.7032329762975374,0.9877332521423878,-0.029611679235342775,-21.120134353637695,0.8321433027010066,-0.009632089379366203,-107.1270044962565,1.5653986416511416,-0.008460942524025957,0.04451252669095993,0.24456765211588455,-0.0024200800545223556,-107.17151718139648,1.553749008808395,-0.00604091385447472,0.009711586559812227,0.0002618103557187659,2.7262378024046867e-05,0.009711586559812227,0.0002618103557187659,2.7262378024046867e-05,0.0,0.0,0.0,21.24494234720866,0.8129195733381482,0.010518095464143505,0.9518866002559662,0.05331843004179459,-0.00048192689097897575,0.9895415961742401,0.05261201003585649,-0.0005174103117360722,-0.03765499902268251,0.010692491884821393,3.5483245059301945e-05,0.03765499902268251,0.010692491884821393,-3.5483245059301945e-05,0.19623997857173284,0.010477066216699776,-0.0002420902152745711,0.3597618559996287,0.015565903563489627,8.571155874826454e-05
71.99229076219642,1.0,1500.0,0.0,115.0,1953.0,0.880855437979433,1720.0,233.0,10.092837353340066,1.4397505453232478,8843.892168505015,11.4,0.002587380844303223,33.63358778625954,0.595419847328245,11.46335318325772,131.0,33.325,2.5250000000000004,11.462004837725326,16.0,33.63358778625954,0.595419847328245,11.46335318325772,131.0,0.4341824594069353,-0.008947340903193473,-0.0028144394913934582,-0.00019375963687816682,-0.001861301171286106,-0.008720862808767249,-0.02544935806919899,14.076414699384904,115.0,495000.0,329.0,6590.573210716248,75.10727582771281,0.14346542954444885,-21.972888946533203,-108.83785247802734,0.3739311993122101,-109.21178436279297,0.009479278698563576,0.009479278698563576,0.0,22.183345794677734,1.0120540857315063,1.0602672100067139,-0.04821319878101349,0.04821319878101349,,0.18527716398239136,,0.34590667486190796,0.8897891089320182,1.917528330392643,0.015854341424877298,-21.38004430135091,0.9285223484670564,-0.016077306830179695,-107.69599914550781,1.5417374980922538,-0.09476836377441504,-0.022104310989379882,0.28407680708134664,0.007590966054276717,-107.67389475504557,1.5698424510232405,-0.10235931769891853,0.009609146819760403,0.00015940267305808185,-1.4102410264023507e-05,0.009609146819760403,0.00015940267305808185,-1.4102410264023507e-05,0.0,0.0,0.0,21.506132634480796,0.9315823857292979,0.01599659224903704,0.936386227607727,0.060152027643472245,0.0010139791533201445,0.975177409251531,0.06115357807685554,0.0016389767373098673,-0.038791188846031825,0.010404884435028483,-0.0006249982602604232,0.038791188846031825,0.010404884435028483,0.0006249982602604232,0.19881918927033743,0.008540503077344634,-0.00020631281234266395,0.3646935075521469,0.016473065389473886,-0.000547318085945223
72.8453856381503,1.0,1500.0,0.0,44.0,1830.0,0.36006189335346706,658.0,1172.0,10.401260574885208,1.4421159904854621,10022.783499382938,108.4,0.026982625578732513,32.661788617886195,4.235772357723577,11.832839634155572,123.0,32.594936708860764,6.412658227848102,11.794650750452963,79.0,32.661788617886195,4.235772357723577,11.832839634155572,123.0,0.4451903218682533,-0.008926649618951947,-0.003299700232259985,-0.0006458452274369558,-0.00365778053316802,-0.00892746435213886,-0.027388933629648157,15.313495514117523,44.0,496500.0,330.0,6609.564287185669,75.11841604485068,0.34970584511756897,-19.981075286865234,-106.7916259765625,-0.13926954567432404,-106.65235900878906,0.009705184027552605,0.009705184027552605,0.0,19.936548233032227,0.9215400218963623,0.9499518871307373,-0.028411831706762314,0.028411831706762314,,0.18070745468139648,,0.3575342893600464,1.104874134560426,2.6844784949103655,-0.05119307225816642,-21.146427090962728,0.8200770918961304,0.004057552604972771,-107.81887741088867,1.6014069736634284,0.05899034442838136,0.07514655987421671,0.2767069581170967,-0.0016837173362197321,-107.89402389526367,1.6154608048981438,0.06067398801131227,0.009764601724843185,0.00011261820635304122,-5.0828300076678185e-06,0.009764601724843185,0.00011261820635304122,-5.0828300076678185e-06,0.0,0.0,0.0,21.243352317810057,0.8257452648726222,-0.00399462410287174,0.9581869721412659,0.05919591765248055,0.00012675257227708222,0.9961865385373433,0.05966656883507665,-0.00036463668534701807,-0.03799955925593774,0.011285234112536145,0.0004913900296169613,0.03799955925593774,0.011285234112536145,-0.0004913900296169613,0.19836454341808954,0.00951656648398514,0.0001689325682445929,0.3630228161811829,0.012972320905336048,0.0005231301962202116
73.13986109683388,1.0,1500.0,0.0,95.0,1927.0,0.7373256580690687,1420.0,507.0,10.377927230806653,1.9351077645133306,9783.758569612944,5.2,0.0012325195543967764,32.70542635658914,0.9906976744186047,11.788644879756598,129.0,32.46470588235293,3.1882352941176464,11.913993281951925,34.0,32.70542635658914,0.9906976744186047,11.788644879756598,129.0,0.4446644476545533,-0.008070201346801045,-0.002135157997028591,-7.042237140064613e-05,-0.0018846291651737803,-0.005560730920816901,-0.02654565420341069,14.32355374820391,95.0,498000.0,331.0,6630.040091991425,75.1126679613213,1.0733132362365723,-20.30106544494629,-106.52642059326172,-0.015690162777900696,-106.51072692871094,0.010372350923717022,0.010372350923717022,0.0,20.358928680419922,0.9513540267944336,0.9765658378601074,-0.025211773812770844,0.025211773812770844,,0.20076730847358704,,0.374872088432312,0.42055452466011045,0.32987056741151505,0.009519017783632793,-21.076618194580078,0.8983512138626313,-0.004375240508388029,-107.98915557861328,1.4474981651690064,0.027399072021216254,0.019572075456380844,0.23848464609333367,0.0010718250549807554,-108.0087277730306,1.3761742946496447,0.026327312668920924,0.010145750362426043,0.0002060507543661734,1.822828819707956e-05,0.010145750362426043,0.0002060507543661734,1.822828819707956e-05,0.0,0.0,0.0,21.188341522216795,0.9035816173464233,0.004051419810802945,0.9477197865645091,0.0548388664714312,0.0004881563255598213,0.9842238823572794,0.05196662035930085,0.00023324012225938595,-0.036504095109800495,0.009513502867241078,0.00025491608354419565,0.036504095109800495,0.009513502867241078,-0.00025491608354419565,0.2014495516816775,0.007627861603063898,0.0001257088379281751,0.36861587365468346,0.01735421431413485,0.00020418982617183783
72.8500145638343,1.0,1500.0,0.0,101.0,1890.0,0.7983564860827151,1508.0,382.0,10.222749277240737,1.6496963184870455,9146.365219974365,6.6000000000000005,0.0015643517421189855,33.220472440944874,1.259842519685039,11.590717631869378,127.0,33.93846153846153,5.484615384615383,11.15878741042969,26.0,33.220472440944874,1.259842519685039,11.590717631869378,127.0,0.44157640459743913,-0.008520393988276522,-0.0027427123743894877,-0.00011374036751776234,-0.0016419811004624407,-0.0046645667180483805,-0.027564892474660683,14.299402019394163,101.0,499500.0,332.0,6650.738212585449,75.10444465469665,0.25041118264198303,-22.155427932739258,-107.10305786132812,0.08958787471055984,-107.19264221191406,0.00958795752376318,0.00958795752376318,0.0,22.264860153198242,0.9716583490371704,0.9992773532867432,-0.027619119733572006,0.027619119733572006,,0.20599889755249023,,0.34546130895614624,0.5818217103679975,0.9709219097511951,0.006967850007920682,-21.502458508809408,0.7805939744744316,-0.012260830362593119,-107.0283302307129,1.3833733331032039,-0.0913409019869042,-0.06324366467694441,0.30419687206867146,0.0025386275957702147,-106.96508661905925,1.3437001452421375,-0.0938795435547925,0.009797619748860597,0.00036387458386940246,-3.876718935930717e-05,0.009797619748860597,0.00036387458386940246,-3.876718935930717e-05,0.0,0.0,0.0,21.608098538716636,0.779430555894159,0.010853689106738248,0.9392165680726369,0.06652195870739999,-2.3988476054186643e-05,0.9663734118143718,0.06571721565620763,0.0005396950099041132,-0.02715686469649275,0.008756734212153117,-0.0005636846070676144,0.02715686469649275,0.008756734212153117,0.0005636846070676144,0.19883029758930207,0.007854232810502577,-0.00033645808232639856,0.3673832893371582,0.012042370525511222,-0.00020744369610796638
70.46516893560236,1.0,1500.0,0.0,55.0,1989.0,0.4122939277516682,820.0,1169.0,10.065896239069348,1.9662598780605622,10953.059062608985,87.60000000000001,0.01951436845622633,33.75187969924813,4.308270676691729,11.399895662278238,133.0,34.1,6.812820512820514,11.250398657948523,78.0,33.75187969924813,4.308270676691729,11.399895662278238,133.0,0.4396662711957213,-0.008643277216490147,-0.0027813840155252456,-0.0005488725334606489,-0.0024745804238637775,-0.020384662501531325,-0.026403962606153453,14.299345810266813,55.0,501000.0,333.0,6670.439841270447,75.10749094838998,0.24524106085300446,-21.38452911376953,-110.90077209472656,-0.6826883554458618,-110.21808624267578,0.009475604631006718,0.009475604631006718,0.0,21.398353576660156,0.787621021270752,0.8334627151489258,-0.04584166035056114,0.04584166035056114,,0.20151445269584656,,0.36735135316848755,5.3977298647165295,18.24840444878789,0.6372523062817912,-21.331645647684734,0.775990898646497,-0.00521722990890973,-108.92216339111329,1.5531220809809572,-0.0038074056351642114,-0.038764945417642596,0.4028845697484316,-0.009122296178234833,-108.88339792887369,1.5903722782929832,0.005314817842307928,0.009763770985106628,0.00024687625628503344,-2.1025226000816934e-05,0.009763770985106628,0.00024687625628503344,-2.1025226000816934e-05,0.0,0.0,0.0,21.428814951578776,0.7855677211896681,0.005726505572326265,0.9336879352728525,0.08509811743565018,-0.0018414741761162306,0.971602980295817,0.08692012686563984,-0.0019537929433074024,-0.03791504514714082,0.010817044757662056,0.00011232066091494076,0.03791504514714082,0.010817044757662056,-0.00011232066091494076,0.19920273671547573,0.007388028857649011,-8.095804191670357e-05,0.36970805724461875,0.013502552105211053,0.0001248642255254713
69.52135832556363,1.0,1500.0,0.0,58.0,1837.0,0.46839113782549363,860.0,977.0,9.901041778069118,1.670820331185933,9894.673650641467,36.0,0.008465807543975168,34.29354838709678,2.8000000000000003,11.255222623499604,124.0,34.64545454545455,4.524242424242425,11.117757115785732,66.0,34.29354838709678,2.8000000000000003,11.255222623499604,124.0,0.42909884519828745,-0.008555072546187812,-0.0023368707168132685,-0.000558944297863405,-0.0028210670003412674,-0.02211352519622348,-0.025677125445973788,13.890054306850143,58.0,502500.0,334.0,6690.105941057205,75.11091818683403,0.30394649505615234,-22.489133834838867,-110.70850372314453,-0.011039678007364273,-110.69746398925781,0.009601986035704613,0.009601986035704613,0.0,22.497085571289062,0.9308162331581116,0.977623701095581,-0.04680744558572769,0.04680744558572769,,0.21029886603355408,,0.3687666952610016,0.3597693830728531,0.22252650082420045,-0.00466257889358301,-21.206163851420083,0.8260972193001668,-0.033748361504780416,-108.4275505065918,1.2430090510246452,0.008936034002083834,0.11993110173692306,0.24560634010426424,-0.004372092099804372,-108.54748179117838,1.250281057407961,0.013308223601312256,0.009657638054341078,0.00012554207524601683,8.374037173419926e-06,0.009657638054341078,0.00012554207524601683,8.374037173419926e-06,0.0,0.0,0.0,21.293452580769856,0.8175833127745067,0.033006034571018056,0.9724175532658895,0.052444810816632804,-0.0007730454305918447,1.0057970881462097,0.05293286027083183,-0.0009373797723263283,-0.033379523735493424,0.008530074698409912,0.00016433591161905438,0.033379523735493424,0.008530074698409912,-0.00016433591161905438,0.2008887266119321,0.010769776082238357,2.8357665583868503e-05,0.36139788627624514,0.01340679561314587,2.9536998842128345e-05
70.0241677178277,1.0,1500.0,0.0,45.0,1914.0,0.346459728553946,663.0,1251.0,10.103049544552002,1.5960690988309256,10582.854341622151,98.0,0.02258480825958702,33.63720930232558,4.568992248062016,11.480863939349895,129.0,33.540476190476184,6.6,11.455753219377877,84.0,33.63720930232558,4.568992248062016,11.480863939349895,129.0,0.4308679225387987,-0.008562205697794029,-0.0031371082942364846,-0.0008034710119873334,-0.0014411764705882326,-0.020588235294117622,-0.02510052472170022,13.926402797780803,45.0,504000.0,335.0,6709.337335348129,75.11919207649272,0.26107215881347656,-21.580610275268555,-107.851318359375,-0.10488952696323395,-107.74642944335938,0.00969357043504715,0.00969357043504715,0.0,21.719125747680664,0.9327074289321899,0.9573763012886047,-0.024668902158737183,0.024668902158737183,,0.19895988702774048,,0.36631304025650024,1.2934969544410706,4.82088500467828,-0.15754616729940013,-21.55340353647868,0.6912421041682218,-9.685299950740886e-05,-108.65056711832682,1.190023225175938,-0.01986331791182715,-0.027366485260427,0.277649181953399,0.002922170838388773,-108.62320048014323,1.1405749533959697,-0.022785465974560753,0.009529166699697575,0.00016269990047297704,1.3130844609026518e-05,0.009529166699697575,0.00016269990047297704,1.3130844609026518e-05,0.0,0.0,0.0,21.666339683532716,0.6768116452838322,0.0006389448189229168,0.9424390892187754,0.06066397609751113,0.000547663985157935,0.974089115858078,0.059662214106181576,0.0006261380151063166,-0.031650031668444475,0.007594715400606281,-7.847415882103577e-05,0.031650031668444475,0.007594715400606281,7.847415882103577e-05,0.20155811061461767,0.00922446124160458,0.0001022227381970366,0.367599681019783,0.01345019876033429,0.00018103885836276973
67.25896763801575,1.0,1500.0,0.0,40.0,1897.0,0.3121077731539757,592.0,1305.0,10.171295087036373,1.4982794620665387,10487.913782406196,161.60000000000002,0.03809703427790089,33.4,5.581102362204724,11.57217404229536,127.0,33.245977011494254,7.5425287356321835,11.564450873406717,87.0,33.4,5.581102362204724,11.57217404229536,127.0,0.43138060851590665,-0.009566915421916957,-0.003420533367882321,-0.0008383651603122204,-0.003398541114058359,-0.034880636604774674,-0.026513628511626343,14.062459487506867,40.0,505500.0,336.0,6728.424192905426,75.12903252042409,1.2927446365356445,-22.00965118408203,-109.78683471679688,0.01156267523765564,-109.79840087890625,0.009455888532102108,0.009455888532102108,0.0,22.10405158996582,0.9462697505950928,0.9824807047843933,-0.03621092438697815,0.03621092438697815,,0.20214998722076416,,0.3672208786010742,0.7160217533508937,1.1927483234265688,-0.011284632471962965,-21.24733517964681,0.71507467618567,-0.016381472713822235,-109.81627604166667,1.665089796069134,-0.04291627266515511,-0.038781757031877834,0.3308177858103626,-0.01787643041523864,-109.77749379475911,1.7045498886080863,-0.02503983918763719,0.009645823606600363,0.00010979224227340426,-7.373994388291436e-06,0.009645823606600363,0.00010979224227340426,-7.373994388291436e-06,0.0,0.0,0.0,21.342411231994628,0.7266961972718001,0.015805258660745686,0.9345140377680461,0.06934679830645832,-0.003944661381247328,0.9716718892256418,0.07121302125151639,-0.0038510734830735707,-0.03715784655263026,0.011381757994823171,-9.3587624267555e-05,0.03715784655263026,0.011381757994823171,9.3587624267555e-05,0.20077215830485026,0.007527906056165936,-1.6687245204538106e-05,0.36606984535853065,0.01562029895067932,0.00025600857941538503
72.68764376439968,1.0,1500.0,0.0,119.0,1961.0,0.9077816033777478,1780.0,181.0,10.16646055832872,1.572047870690212,8911.140874738441,2.6,0.0005896761317245759,33.403030303030306,0.22121212121212114,11.476970301419525,132.0,29.923076923076923,0.9230769230769231,12.576327319197171,13.0,33.403030303030306,0.22121212121212114,11.476970301419525,132.0,0.42798461764474155,-0.007293358138688102,-0.0024474356009867,-5.602794457444539e-05,-0.001470913514709141,-0.003804468038044674,-0.024419684773565056,13.649807615879876,119.0,507000.0,337.0,6749.844490289688,75.11284159647961,0.18535253405570984,-21.04008674621582,-107.36550903320312,0.1323235034942627,-107.49783325195312,0.01028056163340807,0.01028056163340807,0.0,21.228858947753906,0.9902969598770142,1.0089075565338135,-0.01861053705215454,0.01861053705215454,,0.18665984272956848,,0.36549633741378784,0.45266230702400206,0.7562286834045037,0.0018417151340255394,-21.236955897013345,0.8602480261786846,0.02349200561659257,-109.59767710367838,1.489611156549367,0.04106399824675399,0.00829597848157088,0.27074533635844583,0.004215980946056308,-109.60597330729166,1.5120120330988422,0.03684810175911776,0.009919743270923693,0.00020924118621073074,2.318034642629798e-05,0.009919743270923693,0.00020924118621073074,2.318034642629798e-05,0.0,0.0,0.0,21.349301846822105,0.8744333859332415,-0.02561753923290996,0.9480690598487854,0.05784622620566186,0.0012379687673125166,0.9818383296330769,0.058596060084679075,0.0009173936387720483,-0.033769263544430335,0.010275610558525305,0.0003205741628242025,0.033769263544430335,0.010275610558525305,-0.0003205741628242025,0.19512055069208145,0.00754086623655424,-3.2190045339784975e-05,0.3694749891757965,0.01340521757242614,-8.958507830627735e-05
74.08905660189114,1.0,1500.0,0.0,104.0,1807.0,0.8626597176919859,1558.0,249.0,10.455175865044131,1.66624494250688,8359.902766203413,5.6000000000000005,0.0014252265092130714,32.472727272727276,0.46611570247933876,11.891364048330011,121.0,30.92941176470588,2.494117647058823,12.403908814092121,17.0,32.472727272727276,0.46611570247933876,11.891364048330011,121.0,0.44764648114153416,-0.008167813105212869,-0.0027377021898627807,-0.00014346529837554718,-0.0005139355603874275,-0.0036897937668840964,-0.02644018111512502,14.84715605423272,104.0,508500.0,338.0,6770.492589712143,75.10531815257767,0.3161247968673706,-22.344776153564453,-110.82322692871094,-0.27061182260513306,-110.5526123046875,0.009879419580101967,0.009879419580101967,0.0,22.49001121520996,0.8846049904823303,0.9213906526565552,-0.036785632371902466,0.036785632371902466,,0.21686507761478424,,0.39911121129989624,0.8205357134342194,2.031891438082763,0.05686019104765573,-21.60129648844401,0.9744668115985667,0.009266503050807801,-109.96619593302408,1.834355186883749,-0.1071854146887363,-0.06640856961409251,0.3074100926332309,-0.004198104855879006,-109.89978739420573,1.868496493259265,-0.10298730767475578,0.009977553815891346,0.00018405442367639248,-1.7875617989510064e-05,0.009977553815891346,0.00018405442367639248,-1.7875617989510064e-05,0.0,0.0,0.0,21.69516436258952,0.9711218775969351,-0.008290409007513226,0.932089360555013,0.06541036567498629,-0.0015202932018327038,0.9655994653701783,0.06679780550857028,-0.0009076779092909785,-0.033510104411592086,0.012174114994090423,-0.0006126141672885586,0.033510104411592086,0.012174114994090423,0.0006126141672885586,0.19699338028828303,0.00794863594242375,0.0001938195229902626,0.3741542349259059,0.014942563703640893,0.000688364859815426
69.7728551976821,1.0,1500.0,0.0,68.0,1816.0,0.5564849504346084,1010.0,806.0,10.436737287966087,1.5155865124641246,9245.566185114441,75.8,0.019089352271582552,32.547540983606545,3.334426229508197,11.880344162606473,122.0,31.951851851851856,6.303703703703703,12.048656113555776,54.0,32.547540983606545,3.334426229508197,11.880344162606473,122.0,0.44409021796203685,-0.010167580742190322,-0.0031821289286852695,-0.0006582968307188028,-0.0015112089671737352,-0.026581265012009768,-0.027709659653432504,14.7756995037554,68.0,510000.0,339.0,6790.369054555893,75.10637432258905,0.3846818208694458,-20.712200164794922,-111.5418701171875,0.23791545629501343,-111.77978515625,0.00947315152734518,0.00947315152734518,0.0,20.786602020263672,0.9883415102958679,1.03105890750885,-0.04271741211414337,0.04271741211414337,,0.20124782621860504,,0.3566092252731323,0.38091052224238714,0.39631543386692897,0.008541077458288299,-21.277413431803385,0.7649685859909078,-0.00894287839216922,-110.22210464477538,1.3014385645536204,0.026898632961866845,-0.060944641629854836,0.2922926722543307,0.00878905172939428,-110.16115926106771,1.2309634767495834,0.018109575553787484,0.009559831023216248,9.770978068334155e-05,-8.605457469406706e-06,0.009559831023216248,9.770978068334155e-05,-8.605457469406706e-06,0.0,0.0,0.0,21.35626303354899,0.7660480644901208,0.00977834504226112,0.9338268419106801,0.06462399968148007,0.002091491964953349,0.9668589095274608,0.06286440592286986,0.0018970646105035116,-0.0330320634568731,0.008298431956340955,0.0001944273540354423,0.0330320634568731,0.008298431956340955,-0.0001944273540354423,0.19743650207916896,0.009688630097916071,-0.00025935290056023394,0.3750422537326813,0.016086669107639846,1.4777178228540194e-06
68.65771290875864,1.0,1500.0,0.0,69.0,2084.0,0.4952539235879882,1032.0,1052.0,10.208677973369234,1.7161370865592849,10641.985927925667,53.0,0.01138316151202749,33.25714285714286,2.8800000000000003,11.582373044934467,140.0,32.915492957746466,4.594366197183098,11.669471904678538,71.0,33.25714285714286,2.8800000000000003,11.582373044934467,140.0,0.43533666310369334,-0.00960759431036876,-0.0030593295913738786,-0.0002711267056272694,-0.002082929664793648,-0.02983917845378824,-0.02579722236017169,14.103807160305255,69.0,511500.0,340.0,6810.416900396347,75.1055342838457,0.6979011297225952,-23.64581298828125,-113.03825378417969,-0.4124417304992676,-112.62580871582031,0.009705474600195885,0.009705474600195885,0.0,23.723634719848633,0.8449340462684631,0.8910141587257385,-0.04608006775379181,0.04608006775379181,,0.20707310736179352,,0.3989379405975342,0.41415472626686095,0.30296203600486027,-0.0053493009592190085,-21.334251340230306,1.0701250629909378,-0.017384035833950318,-111.43191935221354,1.6386914286200993,0.040958228869755725,-0.019068776071071623,0.26412348274317,0.0027904850423534945,-111.41285018920898,1.6917395254391214,0.03816774260083404,0.009700408019125462,0.00012445479113574554,4.386467997966644e-06,0.009700408019125462,0.00012445479113574554,4.386467997966644e-06,0.0,0.0,0.0,21.41474984486898,1.0624917127747062,0.017622828244897606,0.9367828746636708,0.055053939843168934,0.0009232351459040522,0.9759088118871053,0.05699769160840967,0.0005954711667952724,-0.03912594603995482,0.01136796782397138,0.0003277637967808769,0.03912594603995482,0.01136796782397138,-0.0003277637967808769,0.196137672662735,0.008537370415494261,8.046761635810382e-05,0.3746577779452006,0.015770611567343062,0.0004896493721856874
70.56863338763897,1.0,1500.0,0.0,65.0,2036.0,0.47489830506259656,966.0,1070.0,10.208833087472849,1.5550250773687484,10854.597614002938,70.2,0.015403519550620968,33.265693430656924,3.137226277372263,11.532038643831875,137.0,32.80833333333332,5.352777777777777,11.608132068177277,72.0,33.265693430656924,3.137226277372263,11.532038643831875,137.0,0.4308686083236189,-0.009132128076575643,-0.0027777905324501227,-0.0005885165286159118,-0.001446912573874054,-0.018096596698593884,-0.026131560135840344,14.297406348237608,65.0,513000.0,341.0,6830.4290454387665,75.10509172810629,0.27463874220848083,-20.74020004272461,-111.56640625,-0.1283743530511856,-111.43803405761719,0.010370510630309582,0.010370510630309582,0.0,20.864093780517578,0.9158918261528015,0.9519025683403015,-0.0360107384622097,0.0360107384622097,,0.19169612228870392,,0.3528970777988434,0.36554684191942216,0.27900695822554084,-0.011242660827047977,-21.45278523763021,0.7872583397383868,0.0025439252842789826,-110.70839462280273,1.5757611717585673,-0.03641894958971024,0.07476737673083941,0.2847982626336852,-0.0027987730035659896,-110.78316192626953,1.5623445551070234,-0.033620143122347214,0.009998270900299151,0.0001772235359825575,1.9521407733305518e-05,0.009998270900299151,0.0001772235359825575,1.9521407733305518e-05,0.0,0.0,0.0,21.536718940734865,0.7810100170461419,-0.003083242431233828,0.96346941391627,0.06209641404809143,-0.0007502756871954489,0.9962100068728129,0.06174798072128438,-0.0006010339575694524,-0.03274060028294722,0.010232229111212847,-0.00014924163929082066,0.03274060028294722,0.010232229111212847,0.00014924163929082066,0.1957921028137207,0.006663508486122561,0.0003996692854782591,0.37194766799608864,0.012806939300249306,-0.00034830795644521606
68.57028980255127,1.0,1500.0,0.0,15.0,1805.0,0.1222742583644495,220.0,1585.0,10.46493367656066,1.8120586824498834,11037.252750854823,225.60000000000002,0.05741919063374905,32.4710743801653,6.667768595041327,11.82306749498389,121.0,32.33207547169812,7.409433962264155,11.846256827748059,106.0,32.4710743801653,6.667768595041327,11.82306749498389,121.0,0.43558321009240253,-0.00857622408372263,-0.0029761699020785207,-0.0010965750831660418,-0.0012472160356347445,-0.03812917594654781,-0.025170279469756612,14.931617387021364,15.0,514500.0,342.0,6848.433371543884,75.1266708876534,0.22253602743148804,-21.5843563079834,-108.03657531738281,-0.22586797177791595,-107.81070709228516,0.010589679703116417,0.010589679703116417,0.0,21.69636344909668,0.9203944206237793,0.9303349852561951,-0.009940613061189651,0.009940613061189651,,0.19660684466362,,0.3814960718154907,2.4673332075277963,10.90747224978161,-0.2471489022385426,-21.17800827026367,0.7971977608604466,0.02077846590748664,-110.51632563273112,1.684027470542956,0.10059712784441735,-0.020388545095920564,0.34638784012515755,0.004985867707562259,-110.49593658447266,1.5457123363808527,0.09561121583117749,0.010559264663606882,7.44368495553298e-05,3.1323854845674495e-06,0.010559264663606882,7.44368495553298e-05,3.1323854845674495e-06,0.0,0.0,0.0,21.29218953450521,0.7875851765242016,-0.02418796679334495,0.94683904449145,0.07991701197176318,0.001797768417269276,0.9755040089289347,0.07609584043395179,0.001095330834521315,-0.028664969854677716,0.010536809134984008,0.0007024369333084433,0.028664969854677716,0.010536809134984008,-0.0007024369333084433,0.19680287291606266,0.006444111602053046,0.00021179938674370407,0.3717849045991898,0.012043875300540867,1.1240408338337843e-05
67.11685312711276,1.0,1500.0,0.0,52.0,1853.0,0.41918369754384727,776.0,1077.0,10.363777827688056,1.668305294011423,9891.827996857624,94.4,0.023226060427123316,32.777419354838706,3.674193548387098,11.779116375066124,124.0,32.13333333333333,5.241666666666668,11.908425186567243,72.0,32.777419354838706,3.674193548387098,11.779116375066124,124.0,0.43313003800973005,-0.008688857511082,-0.0026698598689912727,-0.0005372920917023923,-0.003518423746161735,-0.04002047082906887,-0.024511193665339992,14.030589598640463,52.0,516000.0,343.0,6867.640748262405,75.13497268047315,0.3775632083415985,-19.585346221923828,-110.85350036621094,0.08051561564207077,-110.93401336669922,0.01024487242102623,0.01024487242102623,0.0,19.709918975830078,0.9692466259002686,0.9975765943527222,-0.028330029919743538,0.028330029919743538,,0.20016276836395264,,0.37034863233566284,0.43308889319499333,0.373796158454431,-0.008792601832425919,-21.401859537760416,0.9583657795213731,0.025392941823923796,-111.47299524943034,1.6638010438894564,-0.03684808308873623,0.013840419923265774,0.25507020705838374,-0.0013095226772834002,-111.48683624267578,1.5896480621547364,-0.03553850048773341,0.010598145549496014,0.0001375092176012782,-9.779576978773789e-06,0.010598145549496014,0.0001375092176012782,-9.779576978773789e-06,0.0,0.0,0.0,21.497131729125975,0.9427971109546511,-0.025694942792611097,0.9500081757704417,0.05924869529373415,-0.00045083901773439904,0.9830243150393169,0.056132424285635654,-0.00029031389679873515,-0.03301615202799439,0.01034793942074039,-0.00016052734139929579,0.03301615202799439,0.01034793942074039,0.00016052734139929579,0.1968461185693741,0.008448518387617288,9.505329063126592e-05,0.3781344582637151,0.01937482935683327,-0.0007283892130294925
73.44437247056227,1.0,1500.0,0.0,52.0,1889.0,0.40607905250117377,767.0,1122.0,10.294066604188158,1.7171410580057176,10061.00129284586,78.2,0.018663484486873508,32.99212598425198,3.4094488188976393,11.676026936186753,127.0,32.922666666666665,5.672000000000002,11.685001278062334,75.0,32.99212598425198,3.4094488188976393,11.676026936186753,127.0,0.44222362676272386,-0.008354223230409725,-0.003031175213382802,-0.0004711464969256669,-0.002438706311945748,-0.0039645279081898825,-0.02522603858308739,14.645881351160766,52.0,517500.0,344.0,6887.066215515137,75.14084862930162,0.28055161237716675,-22.334426879882812,-115.61616516113281,-0.09023915976285934,-115.52592468261719,0.009817680343985558,0.009817680343985558,0.0,22.405052185058594,0.9042757749557495,0.9604827761650085,-0.05620701238512993,0.05620701238512993,,0.204287588596344,,0.3609831929206848,2.4486748789747557,11.109093053768161,-0.21676795897348589,-21.443230438232423,0.7599217875266056,-0.0006135416508247071,-111.7842030843099,1.5342331207056268,-0.06979857244268592,0.02805318310856819,0.2902669754168303,0.008684404880570889,-111.8122563680013,1.582004722886118,-0.07848296542056125,0.009867613886793454,0.00010149381153496463,-6.089532733361595e-06,0.009867613886793454,0.00010149381153496463,-6.089532733361595e-06,0.0,0.0,0.0,21.5521520614624,0.7398009465599141,0.0006293762512544554,0.9530773202578227,0.06112883079779194,0.0014427124326830834,0.9860328356424968,0.06281421960239408,0.001883722041154445,-0.03295551457752784,0.010111094265494749,-0.0004410095061191058,0.03295551457752784,0.010111094265494749,0.0004410095061191058,0.1938648134469986,0.00841445505007289,3.761903727809762e-05,0.3721595366795858,0.014640388076330871,0.00017027653364238234
71.88154516220092,1.0,1500.0,0.0,80.0,1964.0,0.6054843038118931,1189.0,775.0,10.147774161015462,1.713254768113782,9913.274894689188,23.400000000000002,0.00529627450092798,33.471212121212105,2.242424242424243,11.507613267776618,132.0,33.45000000000001,4.98846153846154,11.492906443428524,52.0,33.471212121212105,2.242424242424243,11.507613267776618,132.0,0.4362416373828453,-0.00826932012150058,-0.002962772207237391,-0.0002549289004297523,-0.001430603195850412,-0.012247971220614065,-0.02456752189500171,14.132341812082686,80.0,519000.0,345.0,6907.296945810318,75.13793081022874,0.3138324022293091,-21.59021759033203,-110.72786712646484,0.3980673849582672,-111.12593078613281,0.009940245188772678,0.009940245188772678,0.0,21.73702621459961,1.0410815477371216,1.0663268566131592,-0.02524532563984394,0.02524532563984394,,0.19064360857009888,,0.37956830859184265,0.3360511600971222,0.18525601002306738,0.0031751226596492756,-21.21982339223226,0.7647350961945579,-0.0038506568340089626,-112.68217417399089,1.6911625697128247,0.017017412875202066,0.01759163849055767,0.2934413496169503,-0.007896523360780406,-112.69976501464843,1.629527146913763,0.024913939750768856,0.009870746824890374,8.940701042758483e-05,-3.2900730034003574e-06,0.009870746824890374,8.940701042758483e-05,-3.2900730034003574e-06,0.0,0.0,0.0,21.33041025797526,0.7584667010169243,0.0035900145669663167,0.9472649176915486,0.06560970335547703,-0.0014724350346872128,0.9838364998499552,0.06355897309737576,-0.0017080104125620438,-0.03657157508035501,0.01074943149606969,0.00023557375101279448,0.03657157508035501,0.01074943149606969,-0.00023557375101279448,0.19598292112350463,0.008973315858924146,6.048286849578924e-06,0.3709362208843231,0.016608082378252006,0.000580010384951064
71.16138520240784,1.0,1500.0,0.0,80.0,2006.0,0.5954820548463494,1194.0,812.0,10.183175137331268,1.6035865084320846,10039.914505244056,23.200000000000003,0.0051523496491072225,33.3540740740741,1.9570370370370374,11.503990758936489,135.0,33.214545454545465,4.014545454545455,11.588919847888164,55.0,33.3540740740741,1.9570370370370374,11.503990758936489,135.0,0.4368043599056613,-0.008338914142916544,-0.0025352424892326857,-0.00028575235970592754,-0.0017001675041876062,-0.014539363484087128,-0.02469484822192398,13.74340658426794,80.0,520500.0,346.0,6927.638216018677,75.13383115135191,0.19253221154212952,-20.300649642944336,-112.60470581054688,-0.41338375210762024,-112.19132232666016,0.010117205791175365,0.010117205791175365,0.0,20.30242156982422,0.8599494695663452,0.8900059461593628,-0.03005651943385601,0.03005651943385601,,0.19919085502624512,,0.38908177614212036,0.40564928750197093,0.41172518296995264,0.006174171488064934,-21.558073616027833,0.7901420161175383,-0.008316579358330446,-111.44349314371745,1.6526109934371966,-0.11764382775023176,0.024276336779197057,0.27461314514132457,-0.014061898478742969,-111.46776936848958,1.535111777092674,-0.10358193538610487,0.010265929251909256,0.00010419933157893652,3.106361700509697e-06,0.010265929251909256,0.00010419933157893652,3.106361700509697e-06,0.0,0.0,0.0,21.66121768951416,0.7805715882311277,0.006171023885452676,0.9589339474836985,0.06388086609286658,-0.003673130134586782,0.9853143413861593,0.059956891662584055,-0.0030690529189995913,-0.02638040166348219,0.00965829865409804,-0.0006040783754412135,0.02638040166348219,0.00965829865409804,0.0006040783754412135,0.19722496420145036,0.008628972173173795,-9.438832755614004e-05,0.37624578376611073,0.016704796602370554,0.00021053257587886492
73.02503551580968,1.0,1500.0,0.0,78.0,1874.0,0.6216181164318797,1164.0,710.0,10.16427787832481,1.8656341941313688,9444.992395959829,7.4,0.0017571353944056609,33.423809523809524,0.9142857142857149,11.548498499056382,126.0,32.7,2.3458333333333354,11.780635951153691,48.0,33.423809523809524,0.9142857142857149,11.548498499056382,126.0,0.429539970926596,-0.007714431042079532,-0.0031595075241906477,-5.7408584214980446e-05,-0.002378131347325671,-0.0008801624915368992,-0.024793624839159655,13.860701242128416,78.0,522000.0,347.0,6947.828552007675,75.13138761162443,0.24450643360614777,-20.649730682373047,-114.57537841796875,-0.04286270588636398,-114.53251647949219,0.010887367650866508,0.010887367650866508,0.0,20.765167236328125,0.9274320602416992,0.9705170392990112,-0.04308496415615082,0.04308496415615082,,0.19699746370315552,,0.35736697912216187,0.3281199718515078,0.2720113506216638,-0.0075569046717199355,-21.338629086812336,0.8017987223738299,0.01888119206412668,-113.9901107788086,2.1106595922932327,-0.07232327233166737,-0.00425289881726106,0.24039794068629006,-0.0023564815927334176,-113.98585815429688,2.064181397825015,-0.06996686721139728,0.01060022705545028,0.0002617551828871036,2.900722982554591e-05,0.01060022705545028,0.0002617551828871036,2.900722982554591e-05,0.0,0.0,0.0,21.429533513387046,0.8120373037529954,-0.017911947927167302,0.9384338279565175,0.056250202108204465,-0.0008946039918002292,0.9790275077025096,0.0528939059886319,-0.0005128317733230213,-0.04059366925309102,0.013237763807708308,-0.0003817735018169253,0.04059366925309102,0.013237763807708308,0.0003817735018169253,0.19234649191300074,0.007569301702871213,-0.00024015227533686966,0.3730473319689433,0.015468998957922307,0.0005505705038883192
72.81341039979613,1.0,1500.0,0.0,77.0,2033.0,0.5658881088973281,1150.0,883.0,10.31381125457522,1.597526609548705,10317.074371185014,22.400000000000002,0.005001786352268668,32.92941176470589,1.8705882352941172,11.690957393782083,136.0,32.63050847457627,4.0067796610169495,11.756747478933532,59.0,32.92941176470589,1.8705882352941172,11.690957393782083,136.0,0.43974064474948404,-0.008225579167921816,-0.002445155431235516,-0.00021591454451383554,-0.001470974520619908,-0.0063041765169424635,-0.025748415511019387,14.17615280957848,77.0,523500.0,348.0,6968.050966024399,75.12861236987786,0.6351755857467651,-22.96267318725586,-113.52000427246094,-0.090482197701931,-113.42951965332031,0.01015061978250742,0.01015061978250742,0.0,23.05333709716797,0.9265038967132568,0.960287868976593,-0.03378400206565857,0.03378400206565857,,0.18737289309501648,,0.3672220706939697,0.2979508111874262,0.11481578345230392,0.002328341768368727,-21.342706044514973,0.9510684637115184,0.0075208381763161225,-113.35935033162436,1.2979845589127383,0.004127903005838849,-0.0007056114574273427,0.32904800195986444,-0.0033537649272944153,-113.35864461263021,1.2852426494723685,0.0074817559875571685,0.010403885164608558,0.00023119853405238617,-1.5594675366221135e-05,0.010403885164608558,0.00023119853405238617,-1.5594675366221135e-05,0.0,0.0,0.0,21.44658991495768,0.9609472567656527,-0.0066704704445918915,0.9454397479693095,0.07176633606517731,-0.0006141628651518427,0.9798030654589335,0.07205746978875033,-0.0007339349710636479,-0.03436332158744335,0.008380440183504758,0.00011977267112827514,0.03436332158744335,0.008380440183504758,-0.00011977267112827514,0.19241051028172176,0.006751323573011408,0.00021621308085384818,0.371351350347201,0.015321060582045968,-7.032283951629681e-05
72.1485731848355,1.0,1500.0,0.0,58.0,1902.0,0.4506437427666408,857.0,1045.0,10.091665049335328,1.4609413640499262,9961.187084309013,78.4,0.018190255220417634,33.67187500000001,3.290625,11.450531774175186,128.0,33.51428571428572,5.877142857142858,11.486435714315935,70.0,33.67187500000001,3.290625,11.450531774175186,128.0,0.4289798742257233,-0.008462466569493995,-0.002917124976347161,-0.0006228760582151705,-0.0037626463567125385,-0.00445606456746618,-0.024599614399503405,13.882237414652485,58.0,525000.0,349.0,6987.802477121353,75.13091586645353,0.2357814908027649,-21.457717895507812,-115.27323913574219,0.07753613591194153,-115.35077667236328,0.010650006122887135,0.010650006122887135,0.0,21.58210563659668,0.9530414342880249,0.9970698952674866,-0.044028569012880325,0.044028569012880325,,0.19903430342674255,,0.3812347948551178,0.7964371398091317,1.9192888760029325,-0.03395648225727551,-21.507289059956868,0.8924106218447478,0.03625618676852933,-114.46157557169596,1.8670416166054185,-0.02972548063657543,-0.04014821089804173,0.2746926942401954,0.0027266126063893725,-114.42142791748047,1.7704096955405688,-0.0324520531167434,0.010419314075261355,0.00020143389303000787,2.162302466103177e-05,0.010419314075261355,0.00020143389303000787,2.162302466103177e-05,0.0,0.0,0.0,21.59481563568115,0.9001128991247332,-0.03768369910183977,0.9321218510468801,0.06442780408090193,0.000463251263997165,0.9711988131205241,0.06019755678746543,0.000600878521385645,-0.039076976105570795,0.011353135384551658,-0.00013763027823011047,0.039076976105570795,0.011353135384551658,0.00013763027823011047,0.19387618005275725,0.008459587299120325,-6.000349200740196e-05,0.37632074852784475,0.012661955898677886,-0.0003005394084302519
70.36002711395719,1.0,1500.0,0.0,67.0,1979.0,0.5034204971465068,996.0,983.0,9.969193075782195,1.7009517406712449,10286.17725902229,39.6,0.008737478487268876,34.07669172932332,2.8360902255639098,11.322109212465897,133.0,33.71818181818182,5.187878787878788,11.427180307871339,66.0,34.07669172932332,2.8360902255639098,11.322109212465897,133.0,0.42316913144238727,-0.008397763014157561,-0.002543578299796615,-0.00042320081355892323,-0.00344290993970047,-0.013538222135771234,-0.024347119303495233,13.505733537104117,67.0,526500.0,350.0,7007.809800386429,75.13046372505251,0.2746225595474243,-22.287994384765625,-113.84669494628906,0.16802997887134552,-114.01472473144531,0.010941237211227417,0.010941237211227417,0.0,22.37320899963379,0.9839257597923279,1.0172120332717896,-0.033286310732364655,0.033286310732364655,,0.19365544617176056,,0.4046132564544678,0.35287064015865327,0.21198501453930135,0.00405969903519474,-21.650265502929688,0.678545024829531,0.02134622185593639,-113.71295674641927,1.3160666040662792,-0.004080712781994409,0.06260952067871889,0.2907290017223107,0.00023493750292281042,-113.77556635538737,1.3724612804533995,-0.004315710014705914,0.01055683974797527,0.00018581029096343424,1.5513118857867808e-05,0.01055683974797527,0.00018581029096343424,1.5513118857867808e-05,0.0,0.0,0.0,21.761227544148763,0.6839117409948873,-0.021844228674493444,0.9609436412652334,0.061879465047854014,0.00010387882905222314,0.9937197784582774,0.06390741165337677,6.108282670558415e-05,-0.03277613086005052,0.008845565187881035,4.279757119524707e-05,0.03277613086005052,0.008845565187881035,-4.279757119524707e-05,0.19302259385585785,0.008539795287728056,-6.954229713414793e-05,0.3732329040765762,0.015454726104146757,-0.0001680375272625768
72.14047327175946,1.0,1500.0,0.0,71.0,1880.0,0.5626246552969472,1057.0,823.0,10.221117082175118,1.8459739914547741,10000.763501782283,44.800000000000004,0.010702341137123745,33.222222222222214,2.5396825396825395,11.630076670509176,126.0,33.09090909090909,5.2254545454545465,11.70572875186818,55.0,33.222222222222214,2.5396825396825395,11.630076670509176,126.0,0.4372443881877632,-0.00796106163717804,-0.0026535864756017384,-0.00037439660540841674,-0.0009919697685403853,-0.012319319792158686,-0.024612032296528277,14.246184541891173,71.0,528000.0,351.0,7027.762717485428,75.13059578495862,0.20772138237953186,-21.53766632080078,-115.0478744506836,-0.05293889343738556,-114.99493408203125,0.010572928003966808,0.010572928003966808,0.0,21.623004913330078,0.930928111076355,0.9683635830879211,-0.037435512989759445,0.037435512989759445,,0.19781902432441711,,0.35676300525665283,0.41465462098519007,0.575210299447145,0.011263238869864361,-21.28486919403076,0.8530385399502602,0.015339776485727747,-113.93810297648112,1.282714355603648,-0.008891880260291972,-0.01153466956069072,0.27241113363201364,0.0008792547163065577,-113.92656834920247,1.3049881206988054,-0.009771180285492682,0.010874626940737169,0.00018993962365591575,-1.301281630694575e-05,0.010874626940737169,0.00018993962365591575,-1.301281630694575e-05,0.0,0.0,0.0,21.368590545654296,0.838082081250379,-0.01591364655797086,0.9457971771558126,0.05943636876760912,0.0002006555956117965,0.9774118642012278,0.0603975398250489,0.00019253020291862337,-0.031614687852561475,0.008363646861766601,8.12493231524741e-06,0.031614687852561475,0.008363646861766601,-8.12493231524741e-06,0.19105241944392523,0.008990539807495607,0.0002306646612515291,0.36780743300914764,0.015997132720635715,-0.00010472931904310753
71.82466061909993,1.0,1500.0,0.0,12.0,1846.0,0.0975523912758545,180.0,1666.0,10.258515234993519,2.1588352010845044,11770.90978847525,256.0,0.06232349790631999,33.12580645161292,7.564516129032258,11.582809574030557,124.0,33.325,8.351785714285713,11.49416119146367,112.0,33.12580645161292,7.564516129032258,11.582809574030557,124.0,0.4710846903612787,-0.011111247549968168,-0.0055526964742722285,-0.0012470315427578686,-0.0017303102625298337,-0.006205250596658712,-0.030810127899157474,13.942879538608466,12.0,529500.0,352.0,7045.55567073822,75.15376000776386,0.5865882635116577,-20.629323959350586,-119.03060913085938,-0.3943956196308136,-118.63621520996094,0.010236565954983234,0.010236565954983234,0.0,20.763813018798828,0.835331916809082,0.893917977809906,-0.058586061000823975,0.058586061000823975,,0.18587860465049744,,0.36051952838897705,0.5769323627154033,0.8102440163865047,0.0028169840408511825,-21.50991236368815,0.8591682882443255,0.005746169721457349,-114.06732915242513,2.014706915634551,-0.056759455153617785,-0.057021171972155574,0.29070344759123284,-0.0019786320941665653,-114.01030807495117,1.9699461646796255,-0.05478086376083778,0.010470996797084808,0.00016525823639524926,2.909413185612685e-06,0.010470996797084808,0.00016525823639524926,2.909413185612685e-06,0.0,0.0,0.0,21.62242488861084,0.8572183464614567,-0.0040151929165821955,0.9374728798866272,0.06598066149936331,-0.0007086458672936386,0.9674991389115651,0.06381613374934934,-0.00042866219137616254,-0.030026269052177666,0.012472456723667806,-0.000279984063571433,0.030026269052177666,0.012472456723667806,0.000279984063571433,0.19363188644250234,0.007364347182316028,3.58002469589997e-05,0.3696082681417465,0.013492338172455652,0.0004156796301034375
70.34143325260708,1.0,1500.0,0.0,28.0,2014.0,0.20333787718501328,409.0,1605.0,10.139065317404967,1.7086392840280973,11766.735741418068,222.20000000000002,0.049117998143153985,33.509629629629615,6.391111111111111,11.475581617841193,135.0,33.57757009345794,7.914018691588785,11.413834119541349,107.0,33.509629629629615,6.391111111111111,11.475581617841193,135.0,0.4391472638005413,-0.009961982349740554,-0.004054715867071009,-0.001007761507420277,-0.007117095455638411,-0.015388314498677542,-0.027057066214265076,14.70584669876366,28.0,531000.0,353.0,7064.254024744034,75.16717237801203,0.20439311861991882,-20.777496337890625,-120.86882019042969,0.40603798627853394,-121.27485656738281,0.010196691378951073,0.010196691378951073,0.0,20.902183532714844,0.9953212141990662,1.0685425996780396,-0.073221355676651,0.073221355676651,,0.19060949981212616,,0.3642908036708832,0.39931598007678987,0.3990720102026876,-0.002235800571515917,-21.33100388844808,0.6954208625517877,0.0015236482206525501,-115.646812693278,2.2160650297986995,0.04897732336874144,0.014270973205566407,0.30707555079600735,0.003834297401090883,-115.66108423868815,2.1966877068511415,0.04514301202453821,0.01007079491391778,0.00013911330466947035,-7.829421279626647e-06,0.01007079491391778,0.00013911330466947035,-7.829421279626647e-06,0.0,0.0,0.0,21.431106249491375,0.6811712459432795,-0.0005842788068292023,0.944679335753123,0.06825293632890747,0.0011931346971810746,0.9831338882446289,0.0667961759755539,0.0008337488429034378,-0.03845455093930165,0.014145912575843805,0.0003593869992139218,0.03845455093930165,0.014145912575843805,-0.0003593869992139218,0.19534681141376495,0.008244279842223588,-0.0001410414830463538,0.3717602342367172,0.011153108572730941,-0.00024083358825115694
72.50839093087734,1.0,1500.0,0.0,87.0,1946.0,0.668394147797081,1300.0,646.0,10.498267855940197,1.967007423581431,10022.985806576726,37.4,0.008826166989191486,32.34656488549617,1.7847328244274814,11.88077334963103,131.0,31.91818181818181,4.559090909090909,12.028955701172418,44.0,32.34656488549617,1.7847328244274814,11.88077334963103,131.0,0.44844175490464444,-0.008094899028813147,-0.0026079172312121375,-0.00016083075213753917,-0.0021684276927929442,-0.010471534458287315,-0.026456056050601588,14.421609989532206,87.0,532500.0,354.0,7084.5978236198425,75.16305275998315,0.4486091732978821,-21.731958389282227,-118.6040267944336,-0.09339834749698639,-118.51062774658203,0.01113721914589405,0.01113721914589405,0.0,21.90232276916504,0.9058002233505249,0.9592326879501343,-0.053432464599609375,0.053432464599609375,,0.19806703925132751,,0.3632027804851532,0.3481972803672155,0.27284065064641194,-0.006333672224613404,-21.593711217244465,0.9946550919106184,-0.030928140540541497,-115.36968332926432,2.412649396920079,0.011359606648449767,0.03959710318595171,0.2905195985786332,0.00015205645662327117,-115.4092803955078,2.4109732360772034,0.01120759244755645,0.010890180928011734,0.00023247334871791668,2.455730923556098e-05,0.010890180928011734,0.00023247334871791668,2.455730923556098e-05,0.0,0.0,0.0,21.681032625834145,0.9887512186640545,0.0291919640359673,0.953985047340393,0.06524434739038289,0.00019366168339337612,0.9887179931004842,0.0642444405342503,5.179947289793266e-05,-0.03473295165846745,0.01537808720567915,0.00014186353112951162,0.03473295165846745,0.01537808720567915,-0.00014186353112951162,0.1956231951713562,0.007098190887716747,0.00018835174493715077,0.3707982222239176,0.016348443857069565,-6.760650535050266e-05
66.67044094085693,1.0,1500.0,0.0,50.0,1806.0,0.4082738995109158,737.0,1069.0,9.973980849743883,1.5194060993751881,9881.950635139287,94.4,0.022731650934309382,34.03934426229509,4.48688524590164,11.336254956030029,122.0,33.84166666666667,6.613888888888891,11.337009949524774,72.0,34.03934426229509,4.48688524590164,11.336254956030029,122.0,0.42298160724298506,-0.009453531804363362,-0.003239106003237362,-0.00043198679796458566,-0.0030239833159541266,-0.03712200208550598,-0.025763209244031922,13.895092051195242,50.0,534000.0,355.0,7103.858377695084,75.17041748420407,0.4813750684261322,-20.55659294128418,-117.57328796386719,0.044637709856033325,-117.61792755126953,0.011072448454797268,0.011072448454797268,0.0,20.703262329101562,0.9442940950393677,0.9899125695228577,-0.04561842978000641,0.04561842978000641,,0.17829085886478424,,0.3429650664329529,0.4385957246025403,0.6103552673995621,-0.004947801622188137,-21.408414522806805,0.9610433573412823,-0.00032564487817902455,-115.6648457845052,2.1364728401040147,0.10078769297700749,0.0641486756503582,0.2773899555029528,-0.0006415100215009126,-115.72899424235025,2.118267481232837,0.10142923425116852,0.011254631790022056,0.0001928566409991503,-1.3861912939784745e-05,0.011254631790022056,0.0001928566409991503,-1.3861912939784745e-05,0.0,0.0,0.0,21.523117701212566,0.9610729881605394,2.5286478247956433e-05,0.9595919549465179,0.06332568198072504,0.0005674377962267134,0.9942534744739533,0.061835616906049655,-0.00014693844437733289,-0.03466150549550851,0.013714771970174393,0.0007143762066247609,0.03466150549550851,0.013714771970174393,-0.0007143762066247609,0.1921857992808024,0.006694383686667879,-5.388586751876922e-05,0.3645318478345871,0.014785480677756405,-0.00019232341657094226
72.0869013786316,1.0,1500.0,0.0,40.0,1988.0,0.29760554655852944,591.0,1397.0,10.263541267039264,2.0348275627660795,11334.576770356614,113.4,0.02557048795887075,33.09552238805971,4.288059701492537,11.627604326649845,134.0,33.11914893617021,5.9127659574468066,11.575389187140052,94.0,33.09552238805971,4.288059701492537,11.627604326649845,134.0,0.44263900336878237,-0.008859457032452124,-0.0032456101467820873,-0.0008590432226563961,-0.0022056328469630083,-0.012758737699355253,-0.02619216044341076,14.838721174362624,40.0,535500.0,356.0,7123.009496688843,75.17889738163751,0.5220099091529846,-21.771989822387695,-113.00709533691406,0.2218787670135498,-113.22897338867188,0.01063007116317749,0.01063007116317749,0.0,21.962533950805664,1.0130884647369385,1.028824806213379,-0.01573648303747177,0.01573648303747177,,0.19303850829601288,,0.37490764260292053,0.6089201440413793,1.2421152244095053,-0.003910790667252766,-21.616468556722005,0.9034379351061981,0.00901612906620466,-115.82356618245443,2.011122785352509,-0.05874366972416894,-0.03060120828449726,0.2557730116326182,-0.0036029524288996987,-115.79296468098958,1.9846049447825536,-0.055140714889371244,0.010976499163856108,0.0001573360650374432,-1.283037114693698e-05,0.010976499163856108,0.0001573360650374432,-1.283037114693698e-05,0.0,0.0,0.0,21.71882330576579,0.8951313929941926,-0.009571054647444026,0.9402904450893402,0.05844215364416364,-0.0010776895967553842,0.9732511500517528,0.056685963044432526,-0.0007989632141868776,-0.03296071601410707,0.012426681603265145,-0.00027872754283688557,0.03296071601410707,0.012426681603265145,0.00027872754283688557,0.19053535411755243,0.007410741056661197,0.0002444780343631714,0.3667326470216115,0.01336387298346904,-0.00018036520653493427
71.27078111204382,1.0,1500.0,0.0,73.0,2023.0,0.539734357647553,1091.0,932.0,10.044491092065693,1.562785372251908,10379.223105297755,18.400000000000002,0.004001217761927543,33.813235294117646,1.9426470588235298,11.388140356343852,136.0,33.67301587301588,3.666666666666667,11.418521526424037,63.0,33.813235294117646,1.9426470588235298,11.388140356343852,136.0,0.4274934910950887,-0.007821681610140461,-0.002420112767043529,-0.00016849255897437976,-0.0016839261593876629,-0.011958577217469584,-0.024746082608026333,13.662510203460291,73.0,537000.0,357.0,7143.260456085205,75.17575528728483,0.23967871069908142,-23.40744972229004,-117.0623779296875,0.05381012707948685,-117.1161880493164,0.010644578374922276,0.010644578374922276,0.0,23.54949951171875,0.9536483287811279,0.9918451309204102,-0.0381968654692173,0.0381968654692173,,0.196955606341362,,0.374442458152771,0.37479789753754933,0.4852891539440316,-0.0039353653440486165,-21.599590301513672,0.824831163235217,-0.03423232947361195,-116.35555826822916,1.5933863299476916,-0.05371941385067392,-0.06436089264849822,0.28805088811420654,0.008168961519626148,-116.29119771321615,1.5975335982071046,-0.06188832114349813,0.010634640821566184,0.00011647797692636405,-9.969073877119964e-06,0.010634640821566184,0.00011647797692636405,-9.969073877119964e-06,0.0,0.0,0.0,21.696450996398926,0.8318550375503813,0.0345145071706458,0.9317917009194692,0.06332119584218794,0.001480795265702688,0.9658006310462952,0.06344792338493249,0.0018016329596649717,-0.034008937204877535,0.00989777070487403,-0.00032083572896489474,0.034008937204877535,0.00989777070487403,0.00032083572896489474,0.19373641312122344,0.008139943761030896,0.00014697050756553876,0.37169433931509654,0.012592506691891003,2.950933804363149e-06
69.35961713790894,1.0,1500.0,0.0,80.0,1950.0,0.612231202237895,1193.0,757.0,10.227600837160692,1.6055313878214252,10314.572553969132,33.6,0.007723427730783376,33.20916030534354,2.5801526717557253,11.69604229376533,131.0,32.94117647058823,5.125490196078431,11.749312904874367,51.0,33.20916030534354,2.5801526717557253,11.69604229376533,131.0,0.4368291370540142,-0.009509333688777355,-0.0025791074245156164,-0.00033865108456984384,-0.001617499161917533,-0.025678846798525157,-0.027431245152927924,14.22267240357473,80.0,538500.0,358.0,7163.53369641304,75.17239714662617,0.35895150899887085,-20.349430084228516,-120.93515014648438,0.5510119199752808,-121.48616027832031,0.0102009866386652,0.0102009866386652,0.0,20.49822235107422,1.0366065502166748,1.1001627445220947,-0.06355610489845276,0.06355610489845276,,0.18722718954086304,,0.3548441529273987,0.3691704218586286,0.559906404993109,0.011301295434407577,-21.326200485229492,0.8509517033838115,-0.01241835614332735,-117.06452992757161,1.7255456859193974,0.02195938331001722,-0.05964613656202952,0.22949260570818764,0.0062562356834549564,-117.0048833211263,1.7496112147555163,0.015703133826000262,0.01042424865687887,0.00013230624845274696,-1.0990190865664843e-05,0.01042424865687887,0.00013230624845274696,-1.0990190865664843e-05,0.0,0.0,0.0,21.425115458170573,0.845640552355552,0.012891051024032568,0.9304994742075602,0.04975798133830526,0.0015393076537050317,0.9669028321901957,0.050243407131204454,0.0013700324515744581,-0.036403354505697885,0.011076777830673156,0.0001692753272738169,0.036403354505697885,0.011076777830673156,-0.0001692753272738169,0.19329225818316143,0.00912998193621846,-0.00018077879249055434,0.36982853213946026,0.014888516134962218,-0.00011879246810387867
67.01389311827145,1.0,1500.0,0.0,117.0,2067.0,0.8457174610929599,1748.0,319.0,9.848726392635236,1.3574875196988168,9743.77625070363,8.4,0.0017521171415460347,34.4906474820144,1.7928057553956842,11.183485762877833,139.0,34.22727272727274,4.281818181818182,11.178389273799782,22.0,34.4906474820144,1.7928057553956842,11.183485762877833,139.0,0.4219162776854417,-0.009518582695158817,-0.0023964701465250893,-0.00011453496509954931,-0.00096634455181606,-0.03443296678884811,-0.025998020253084238,13.382275045141135,117.0,540000.0,359.0,7185.109591007233,75.1554298734504,0.26451992988586426,-22.8560791015625,-117.25160217285156,-0.18149280548095703,-117.07010650634766,0.01059321966022253,0.01059321966022253,0.0,22.895841598510742,0.9063767194747925,0.9400894045829773,-0.033712685108184814,0.033712685108184814,,0.19340743124485016,,0.3693184554576874,0.4206684708595276,0.539143149507675,0.015588670352409623,-21.631216112772623,1.0536985261474923,0.03058953078358049,-117.47729924519857,1.8034238063014842,-0.00023885011937969575,0.022396359592676163,0.30514528142770475,0.012349697266258832,-117.49969533284505,1.6891951968112533,-0.012588531528084607,0.0101530274686714,0.0002590338573747343,2.4119587003919374e-05,0.0101530274686714,0.0002590338573747343,2.4119587003919374e-05,0.0,0.0,0.0,21.728033955891927,1.0462940339297164,-0.02960736674647236,0.9475542426109314,0.07052166550044425,0.00268805133089736,0.9849678834279378,0.06644624953641708,0.0026971870853054703,-0.03741363864392042,0.01058102890716134,-9.137234993452803e-06,0.03741363864392042,0.01058102890716134,9.137234993452803e-06,0.18909908731778463,0.006773338478601664,0.00013101059814978711,0.365718612074852,0.01247246952110226,-0.0003507619108321078
72.9076217882561,1.0,1500.0,0.0,66.0,2016.0,0.48639689532205727,980.0,1036.0,9.982971493167087,1.6836161582341298,10704.066615557185,29.8,0.00643990145654147,34.025,2.338235294117647,11.30890194205585,136.0,33.82857142857142,4.522857142857143,11.338329052888351,70.0,34.025,2.338235294117647,11.30890194205585,136.0,0.42414806507367775,-0.007860427749917616,-0.0030045980705146994,-0.00013990298193095228,-0.0012265084075173069,-0.0005539070227497527,-0.02458658118107016,13.66054952413359,66.0,541500.0,360.0,7205.1422345638275,75.15465793338088,1.543631911277771,-20.981178283691406,-119.0981674194336,-0.6778559684753418,-118.4203109741211,0.010759633034467697,0.010759633034467697,0.0,21.274581909179688,0.7903361320495605,0.8304167985916138,-0.040080681443214417,0.040080681443214417,,0.18476097285747528,,0.3459964394569397,0.5506917168696721,0.7692811823926822,0.02365883541717147,-21.181761678059896,0.6751403975486993,0.011503240396502225,-117.0434076944987,1.442566074997473,-0.007993015378413876,-0.07887740756074588,0.2874903614663147,-0.003343208674527906,-116.96452992757162,1.4585192682664778,-0.00464983675980976,0.010651619266718626,0.00018199179072550867,1.8033634112925842e-05,0.010651619266718626,0.00018199179072550867,1.8033634112925842e-05,0.0,0.0,0.0,21.29033991495768,0.6815000082177045,-0.008705137462849665,0.9306177278359731,0.0625166675735868,-0.0007082457404513501,0.9626010775566101,0.06332818475242763,-0.0007481467074096377,-0.031983356053630514,0.009129369230849754,3.9901632455088283e-05,0.031983356053630514,0.009129369230849754,-3.9901632455088283e-05,0.1908830960591634,0.007017997656489307,-0.0001225137471887499,0.3591368059317271,0.012072342929406864,-0.00034110951874492514
68.78538107570213,1.0,1500.0,0.0,79.0,2025.0,0.5843172809930911,1183.0,842.0,10.000063050381192,1.6004933556923797,10375.987943782617,58.0,0.012557917983804616,33.96029411764705,2.736764705882353,11.361775510973866,136.0,33.68070175438596,5.073684210526316,11.3741465676053,57.0,33.96029411764705,2.736764705882353,11.361775510973866,136.0,0.42583351982986856,-0.00911688264396433,-0.002789885839500727,-0.0003859982738170924,-0.0008292561572269658,-0.02753130441993553,-0.02535609801806146,13.859827848633461,79.0,543000.0,361.0,7225.6231298446655,75.14922799629508,0.27672362327575684,-21.452693939208984,-116.68006134033203,-0.13628017902374268,-116.54377746582031,0.010594785213470459,0.010594785213470459,0.0,21.560771942138672,0.9237388968467712,0.9500302076339722,-0.02629132941365242,0.02629132941365242,,0.19261842966079712,,0.35303324460983276,0.4063738688826561,0.4305770298256702,0.00417270535422909,-21.541147232055664,0.7561324984174477,0.005693033831536517,-117.51247609456381,1.4632078351391056,0.0158180143464539,-0.02845695838332176,0.3095032773511411,-0.006508915371637591,-117.4840187072754,1.4084774892744285,0.022326943606506302,0.010791676460454862,0.00012664776891515127,1.3461887620974442e-06,0.010791676460454862,0.00012664776891515127,1.3461887620974442e-06,0.0,0.0,0.0,21.647743479410806,0.7632878081368154,-0.007161301898214133,0.9405534168084463,0.06944661587693911,-0.0012301414376239043,0.973705546061198,0.06836312009885644,-0.0014386270680072405,-0.033152128010988234,0.008890628314019459,0.00020848427784191093,0.033152128010988234,0.008890628314019459,-0.00020848427784191093,0.19035161683956783,0.007729202794764992,-5.800403463960284e-05,0.3643173317114512,0.01583548187959444,-8.089515868496596e-05
71.94524063254302,1.0,1500.0,0.0,106.0,1826.0,0.866418534302735,1582.0,244.0,10.310249729249424,1.7569708579651393,8692.856028000137,5.4,0.00133339918020643,32.925203252032524,1.3333333333333333,11.73695254347587,123.0,34.08235294117647,6.129411764705884,11.324892130017975,17.0,32.925203252032524,1.3333333333333333,11.73695254347587,123.0,0.44734118833162806,-0.008572787351080859,-0.002496261379374683,-8.959625278438965e-05,-0.0010076868419352728,-0.015451198243007638,-0.026851485795217688,14.567372415399733,106.0,544500.0,362.0,7246.469305276871,75.14004090288435,0.22559794783592224,-20.119159698486328,-115.6671371459961,0.5573495626449585,-116.2244873046875,0.010730602778494358,0.010730602778494358,0.0,20.30536651611328,1.0806574821472168,1.102907419204712,-0.022249994799494743,0.022249994799494743,,0.19869016110897064,,0.3489300608634949,0.4369437446196874,0.6038812966227461,-0.003714680041831927,-21.131457392374674,0.9504919005713384,-0.014861977378836532,-118.03137817382813,1.5417204593703167,-0.016972532686056606,-0.062040036420027415,0.2969938446470848,0.00042889784520141946,-117.96933771769206,1.5245009227772273,-0.017401413286352196,0.010851435735821724,0.0001327720252619748,6.1539607795908995e-06,0.010851435735821724,0.0001327720252619748,6.1539607795908995e-06,0.0,0.0,0.0,21.22181364695231,0.9403883706199424,0.017618807324842462,0.9321612477302551,0.06597145513916956,5.2806426738847454e-05,0.9662601153055826,0.06565929145479979,9.170647325184902e-05,-0.03409886844456196,0.009443973059494692,-3.8900146793336936e-05,0.03409886844456196,0.009443973059494692,3.8900146793336936e-05,0.19095667401949565,0.006909625161338939,-2.7386259051401642e-05,0.36461371183395386,0.014003348588232566,0.0002695930415186277
70.98201102560216,1.0,1500.0,0.0,88.0,1967.0,0.6700712710618258,1318.0,649.0,10.189792189602063,1.9986982140267509,10079.002189519531,27.0,0.006136642574662485,33.331818181818186,2.353030303030303,11.564228800691865,132.0,33.48181818181818,5.563636363636364,11.52118152322184,44.0,33.331818181818186,2.353030303030303,11.564228800691865,132.0,0.43867473855072003,-0.008280362378130556,-0.0027832878508202603,-0.00012844630915831337,-0.0010476408962300197,-0.020126940429762298,-0.02594305905386004,14.458907612049257,88.0,546000.0,363.0,7267.2046756744385,75.13205205677355,0.1856740415096283,-22.129436492919922,-119.66210174560547,0.15660405158996582,-119.8187026977539,0.011322945356369019,0.011322945356369019,0.0,22.18794822692871,0.9724595546722412,1.014949917793274,-0.04249029979109764,0.04249029979109764,,0.17580606043338776,,0.36291375756263733,0.8700228427847226,3.0259232982386473,0.011564665134411881,-21.42654889424642,0.8462649370237073,-0.0260118707268594,-118.55449752807617,2.115637588421659,0.006471276203705704,0.05158088790873686,0.2060357126358021,-0.0009066739746341502,-118.6060785929362,2.126514618055045,0.007378040351913777,0.01121238407989343,0.00015272461486925845,1.4192468017438988e-05,0.01121238407989343,0.00015272461486925845,1.4192468017438988e-05,0.0,0.0,0.0,21.53922634124756,0.8319693701403332,0.024841201239087694,0.955487060546875,0.04632155010488805,-7.910054835915127e-05,0.9914610028266907,0.04579122731521285,-0.00019381507750482733,-0.03597394165893396,0.013224469085441717,0.00011471596124837982,0.03597394165893396,0.013224469085441717,-0.00011471596124837982,0.19015057136615118,0.009416974325975014,-7.727174989639369e-05,0.3677397171656291,0.0173571417718507,-0.00013749998589114763
73.12718980390947,1.0,1500.0,0.0,91.0,1828.0,0.7395996156257555,1351.0,477.0,10.30306007449918,1.8542968365621777,9092.887741724368,10.0,0.002467186420605941,32.95284552845529,1.2894308943089434,11.664344107854077,123.0,32.21875,4.48125,11.848434295461281,32.0,32.95284552845529,1.2894308943089434,11.664344107854077,123.0,0.4387388760747968,-0.00813187292127035,-0.002535587334300005,-0.000106650595406249,-0.0015902366863905352,-0.004497041420118337,-0.026307469369203692,14.3567873646597,91.0,547500.0,364.0,7287.613562583923,75.127474213366,0.37470391392707825,-21.560710906982422,-121.14094543457031,-0.1414523720741272,-120.99949645996094,0.011552095413208008,0.011552095413208008,0.0,21.61408233642578,0.9005855321884155,0.948291540145874,-0.04770607501268387,0.04770607501268387,,0.19130083918571472,,0.3624403476715088,2.2887911414106688,9.08035108100761,-0.24753138008252945,-21.056945673624675,1.014634150686067,0.0011174661299014463,-119.74319229125976,2.138554433239316,-0.10861612899152183,0.0806291493276755,0.23336396840628965,-0.0005305018172380826,-119.82382176717122,2.073417111971828,-0.10808558819423597,0.01164580558737119,0.00016974207836828331,1.029871835127783e-05,0.01164580558737119,0.00016974207836828331,1.029871835127783e-05,0.0,0.0,0.0,21.156560389200845,1.0120341611100685,-0.0029805820961555955,0.9566746254762014,0.05664006620667209,-0.0007172531360248675,0.9981156428654988,0.052392117530021015,-0.00011783958940009298,-0.04144102322558562,0.012571900758944389,-0.0005994140074170861,0.04144102322558562,0.012571900758944389,0.0005994140074170861,0.1906009758512179,0.008405824885833942,2.446386453439575e-05,0.36532166600227356,0.01674518553786948,0.0001318035719789786
68.6017688071891,1.0,1500.0,0.0,73.0,1809.0,0.605321556281473,1095.0,714.0,10.152932018120376,1.8543087261145634,9401.91195112909,34.2,0.008452375067965005,33.439669421487594,2.674380165289256,11.546692789213045,121.0,32.93749999999999,4.95,11.677393272864514,48.0,33.439669421487594,2.674380165289256,11.546692789213045,121.0,0.42998099860253064,-0.008232904678674553,-0.0022444139175171974,-0.0002845412448890506,-0.002598931449787208,-0.031150955356334577,-0.024777091701690398,14.038433626967567,73.0,549000.0,365.0,7307.646696329117,75.12678469742957,0.27840542793273926,-21.03961944580078,-118.72610473632812,0.28025779128074646,-119.00636291503906,0.01228312961757183,0.01228312961757183,0.0,21.135343551635742,1.0103509426116943,1.043701410293579,-0.033350467681884766,0.033350467681884766,,0.18597625195980072,,0.36063116788864136,0.3075188065568606,0.26380673125934295,0.0022288690916820917,-21.615293121337892,0.7658574423486453,-0.003692562455462352,-119.70866394042969,2.0627551794584496,0.10532567381726392,-0.020647153755029044,0.2567530058488831,0.00980960929950698,-119.68801676432291,1.9842009907085147,0.09551604104387254,0.011905739177018404,0.00024917861379970254,2.5659260672576026e-05,0.011905739177018404,0.00024917861379970254,2.5659260672576026e-05,0.0,0.0,0.0,21.699419657389324,0.769976366953253,0.004460023534178264,0.9368610739707947,0.06240581214580469,0.0028701480424178525,0.9753988067309062,0.05800202465629765,0.0022123526678201866,-0.03853773791342974,0.0125058685559398,0.000657794942397696,0.03853773791342974,0.0125058685559398,-0.000657794942397696,0.1898563598593076,0.00749741532609055,-7.243705737312696e-05,0.366598645846049,0.013129354349885752,-0.00032579516940176104
69.4079553604126,1.0,1500.0,0.0,120.0,2022.0,0.8842476315175731,1787.0,235.0,9.92662542244581,1.729049715366775,9304.563955656726,10.8,0.0023211829436038515,34.21176470588236,1.3911764705882352,11.178793446270939,136.0,33.975,6.049999999999997,11.079774330469016,16.0,34.21176470588236,1.3911764705882352,11.178793446270939,136.0,0.42494733814259217,-0.007801946420322746,-0.0021661563882661534,-6.603538871901133e-05,-0.004971381847914914,-0.02014717906786607,-0.023857814657020627,13.465363348255417,120.0,550500.0,366.0,7329.242425918579,75.11008205339932,0.27429547905921936,-20.003965377807617,-116.71466064453125,0.2061300277709961,-116.92079162597656,0.01213027723133564,0.01213027723133564,0.0,20.17560577392578,1.0082072019577026,1.0267205238342285,-0.018513347953557968,0.018513347953557968,,0.18085162341594696,,0.33980613946914673,0.43382304459810256,0.46540270665366973,0.009263642535061133,-21.373487154642742,0.9188681265165172,-0.009839228289543313,-118.83772684733073,1.5523923751835207,0.046388392294609296,0.006045846516887347,0.3143131497462238,0.012413862719717507,-118.8437728881836,1.5531115168446383,0.033974547593029675,0.012066754139959812,0.00013241622055316002,-6.082103700606274e-06,0.012066754139959812,0.00013241622055316002,-6.082103700606274e-06,0.0,0.0,0.0,21.465486335754395,0.9142853277241862,0.0093469133896872,0.9500439365704855,0.07103577305770534,0.0030855722766829287,0.9813474992911021,0.07117614399408731,0.002809366195963003,-0.03130354999254147,0.00968554202893569,0.0002762060082031712,0.03130354999254147,0.00968554202893569,-0.0002762060082031712,0.18793599257866542,0.008224156258360645,-2.5672055325071893e-05,0.36650764048099516,0.017273302610252787,-5.8075285063973365e-05
71.63847974451576,1.0,1500.0,0.0,82.0,2098.0,0.5854190732385556,1228.0,870.0,10.020392609522608,1.7043302268763565,10450.134981728124,31.0,0.00653401905404266,33.88857142857144,1.8285714285714285,11.382396826623912,140.0,34.00689655172414,3.8172413793103446,11.336031835416666,58.0,33.88857142857144,1.8285714285714285,11.382396826623912,140.0,0.43195132513435824,-0.008337137444945426,-0.0025367150405842297,-0.00018803166271754815,-0.0020799611524765374,-0.011201035933959195,-0.024974576747614954,13.982088933902418,82.0,552000.0,367.0,7349.719739198685,75.10490462051042,0.4265362024307251,-21.37221908569336,-118.0533447265625,-0.22249490022659302,-117.83084869384766,0.012040079571306705,0.012040079571306705,0.0,21.449819564819336,0.9075585603713989,0.9296541810035706,-0.022095557302236557,0.022095557302236557,,0.18670015037059784,,0.3800088167190552,1.548335919280847,5.544728135126287,0.012741390434202506,-21.24078235626221,0.8180322602848331,-0.0337876057863498,-119.1325678507487,1.6353229527420046,-0.052911376953122216,0.09067971147596836,0.2445906270206077,0.0013394742300765013,-119.22324803670247,1.6712636576748008,-0.0542508355502389,0.01190582870816191,9.523701670890296e-05,-3.1184386441255926e-06,0.01190582870816191,9.523701670890296e-05,-3.1184386441255926e-06,0.0,0.0,0.0,21.35469690958659,0.8136105466060529,0.03301473157159186,0.9688178261121114,0.053889821094558275,3.758107992643453e-05,1.0004267235596975,0.05518699444020095,0.00030261946467056836,-0.0316088892131423,0.010103878444379853,-0.0002650396874043938,0.0316088892131423,0.010103878444379853,0.0002650396874043938,0.18655232340097427,0.006782558671434919,5.141831810137146e-05,0.36840898791948956,0.015684080343032078,-0.00015306861302478907
66.48976545513801,1.0,1500.0,0.0,53.0,2031.0,0.3911201976229561,794.0,1237.0,10.121001697583774,2.5006742677029323,12199.677056390316,119.80000000000001,0.026237406920718354,33.57352941176472,4.441176470588236,11.477228230759527,136.0,33.00240963855423,6.351807228915664,11.565601026848158,83.0,33.57352941176472,4.441176470588236,11.477228230759527,136.0,0.4211701593377675,-0.009945856052961851,-0.002416691688769467,-0.0007483733633717553,-0.0026570344067589125,-0.03761479123301117,-0.02611470777694861,13.83993557092047,53.0,553500.0,368.0,7369.379990816116,75.10808245602533,0.25488215684890747,-21.028030395507812,-121.12249755859375,0.27284863591194153,-121.39534759521484,0.011605712585151196,0.011605712585151196,0.0,21.092708587646484,0.999363362789154,1.0412273406982422,-0.041863955557346344,0.041863955557346344,,0.19554811716079712,,0.3644956052303314,0.5590598965684573,1.0151339252591371,-0.001888528234171002,-21.333535321553548,0.927064334293126,0.013342801561875844,-120.23213399251303,1.5421028051136694,-0.04884505054443829,-0.054887247085571286,0.3029668322851201,-0.0007383621508075294,-120.1772471110026,1.5744819496611995,-0.04810671864680039,0.011719167108337085,0.0001841128041852811,-1.756457220327881e-05,0.011719167108337085,0.0001841128041852811,-1.756457220327881e-05,0.0,0.0,0.0,21.445745277404786,0.9355169038174389,-0.012489520402851294,0.9322121659914653,0.06687385704128786,-0.00038784796722211634,0.9676228185494741,0.0681935757272037,-0.00016203222338431552,-0.03541065771132708,0.009497270574755426,-0.00022581500499545441,0.03541065771132708,0.009497270574755426,0.00022581500499545441,0.18747297873099644,0.008224917001060655,-6.23709202077983e-05,0.36694911221663157,0.01565746837938785,-0.00031742159198469664
72.3776788330078,1.0,1500.0,0.0,100.0,1904.0,0.7880324922223082,1500.0,404.0,10.223595782213726,1.688892492089778,8934.990032397105,4.4,0.0010435442557632103,33.20000000000001,0.836220472440945,11.637010081791056,127.0,32.74814814814815,3.066666666666668,11.732499470362715,27.0,33.20000000000001,0.836220472440945,11.637010081791056,127.0,0.4379654896975444,-0.008215919094706522,-0.002749602379707285,-6.195313089877299e-05,-0.0025003360666756456,-0.0062911681677644705,-0.026178499923615327,14.06067854606883,100.0,555000.0,369.0,7390.336472988129,75.09806921897797,0.2785502076148987,-19.694028854370117,-122.431884765625,-0.0207524411380291,-122.4111328125,0.012501162476837635,0.012501162476837635,0.0,19.744869232177734,0.9292669296264648,0.9752640128135681,-0.045997053384780884,0.045997053384780884,,0.19219526648521423,,0.3884417712688446,0.34002299010753634,0.28816855725452556,-0.0017495008543945987,-21.10554116566976,0.856782927392287,0.013305991218406208,-120.86592585245768,1.6544094083453889,0.0026332172058598133,-0.03093751296401024,0.21970672751681694,-0.002592438127891109,-120.83498814900716,1.7246693244185318,0.005225632851065554,0.01202972624450922,0.00027636004120199105,2.9569735814784822e-05,0.01202972624450922,0.00027636004120199105,2.9569735814784822e-05,0.0,0.0,0.0,21.212263552347817,0.8747746707278234,-0.01478937380305975,0.9355889697869618,0.04672788044063347,-0.0004887501708127382,0.9729696373144786,0.0497195637218092,-0.0005888371499415135,-0.03738067323962847,0.010556589577940059,0.00010008745815385395,0.03738067323962847,0.010556589577940059,-0.00010008745815385395,0.18691571901241938,0.008847404112414147,0.00019873824546545973,0.36724850138028464,0.01824075628906889,0.0005918920239033645
72.17425339908924,1.0,1500.0,0.0,118.0,2083.0,0.8429825576888837,1755.0,328.0,10.128593944499086,1.6138398240169067,9554.568946840014,2.4000000000000004,0.0005112910097997443,33.52857142857143,0.7057142857142858,11.431977086835209,140.0,32.963636363636354,3.209090909090909,11.62235171500208,22.0,33.52857142857143,0.7057142857142858,11.431977086835209,140.0,0.4328643581270126,-0.008161873939902576,-0.0026413105800345395,-5.295993482266993e-06,-0.0026022304832713974,-0.006353497803311914,-0.025561302257958333,13.866077431022031,118.0,556500.0,370.0,7411.966853380203,75.08128557620438,0.32692962884902954,-21.956750869750977,-126.75753784179688,0.23485156893730164,-126.99238586425781,0.01249877829104662,0.01249877829104662,0.0,22.037940979003906,0.961822509765625,1.0335917472839355,-0.071769118309021,0.071769118309021,,0.17094649374485016,,0.33929961919784546,2.429941190282504,9.543068787514805,0.05161752468751986,-21.4506280263265,0.9855500377794723,0.000438977879067757,-121.74912719726562,1.9688459126889517,-0.08039076893162293,0.0015859132011731465,0.30566416088496734,0.005880276949970565,-121.75071283976237,1.9393601758045167,-0.08627097497924907,0.012291979417204857,0.000187846019010021,-1.0446448695407877e-05,0.012291979417204857,0.000187846019010021,-1.0446448695407877e-05,0.0,0.0,0.0,21.53130537668864,0.9766953288286139,-0.0009700792119558332,0.9394723057746888,0.07081128163331474,0.0008856057325114564,0.9803777654965719,0.06954820809083312,0.001341715564451957,-0.040905465930700304,0.011582793172659108,-0.0004561100954871546,0.040905465930700304,0.011582793172659108,0.0004561100954871546,0.18796038130919138,0.008915857552029276,-0.00025228159181003694,0.3663066913684209,0.015392245969885211,-0.00033706010912894885
71.72492858341762,1.0,1500.0,0.0,84.0,1980.0,0.6310673368054978,1249.0,731.0,10.162859250019505,1.710911245196332,9813.220533652138,32.0,0.007202989240534822,33.403007518797004,2.2120300751879705,11.50810782291228,133.0,33.68163265306123,5.085714285714286,11.343924308073833,49.0,33.403007518797004,2.2120300751879705,11.50810782291228,133.0,0.43953820347544265,-0.008351736954328635,-0.002696837721724425,-0.0002208018790280394,-0.001227732306210878,-0.014443909484833928,-0.025701268750639262,14.326155745463579,84.0,558000.0,371.0,7432.419514656067,75.07649412141953,0.17075283825397491,-20.879135131835938,-121.81017303466797,0.23783396184444427,-122.04800415039062,0.012049068696796894,0.012049068696796894,0.0,20.970243453979492,0.9941071271896362,1.0338233709335327,-0.03971625119447708,0.03971625119447708,,0.17210596799850464,,0.33674103021621704,0.4073215862115224,0.3999151827988909,-0.00853039361743694,-21.40575180053711,0.984515558855423,-0.03763558596737212,-119.99836730957031,1.8439885175175528,0.09311900918555675,-0.11183821683128675,0.28162011179927304,-0.0032238997013470786,-119.88652903238932,1.9572726213232245,0.09634295199418764,0.012360937148332595,0.00021280277107428607,-1.4055604829937197e-05,0.012360937148332595,0.00021280277107428607,-1.4055604829937197e-05,0.0,0.0,0.0,21.50548489888509,0.9755680174420152,0.03711029833495503,0.92695498863856,0.05957851320488097,-8.265502726013527e-05,0.9545240779717763,0.06414515651906963,-0.0007328393461972279,-0.027569094796975453,0.012134424069776616,0.0006501839319047205,0.027569094796975453,0.012134424069776616,-0.0006501839319047205,0.18499008466800054,0.00865138998544758,7.731861810928162e-05,0.36617803275585176,0.013804447746325567,3.1218844340489485e-06
69.47140581948416,1.0,1500.0,0.0,70.0,1974.0,0.5309000666241898,1047.0,927.0,9.82195285850628,1.7090169547072829,10318.558202109234,75.2,0.016473887136347704,34.581818181818186,3.4030303030303037,11.188001949580325,132.0,35.1483870967742,6.225806451612904,11.005210734847607,62.0,34.581818181818186,3.4030303030303037,11.188001949580325,132.0,0.42673948956478036,-0.008490959886958247,-0.0023096264002589123,-0.00045208089206768,-0.0012471867966991719,-0.02370592648162054,-0.02480654959156525,13.755485593812738,70.0,559500.0,372.0,7452.530087709427,75.07517492921188,0.22803479433059692,-20.983993530273438,-122.80891418457031,0.10857652872800827,-122.91748809814453,0.012041372247040272,0.012041372247040272,0.0,21.0299072265625,0.9616238474845886,1.0045679807662964,-0.04294416308403015,0.04294416308403015,,0.18151816725730896,,0.35065335035324097,0.5708421948055427,0.8240785075395106,0.019855681544084843,-21.374397468566894,0.9124121355788082,0.02769386664911475,-121.61459732055664,1.989491210539922,0.007751323967281437,-0.09376240099469821,0.2862832146375969,-0.004604465404195964,-121.52083536783854,1.9973468653232858,0.012355871486983581,0.012034690752625466,9.366936440781637e-05,-2.343837457716687e-06,0.012034690752625466,9.366936440781637e-05,-2.343837457716687e-06,0.0,0.0,0.0,21.485198656717937,0.9136896293584572,-0.02622892360666104,0.9233027835687001,0.06465574583924469,-0.000897654211428354,0.9587792555491129,0.06479699009232456,-0.0010395471988716353,-0.03547646310180426,0.012134745317797782,0.00014189193698601504,0.03547646310180426,0.012134745317797782,-0.00014189193698601504,0.18388227572043736,0.008027532230194812,4.984107577097532e-05,0.3676847825447718,0.017578259969565888,0.00017194440950938405
71.9455175336202,1.0,1500.0,0.0,75.0,2027.0,0.5551328543450883,1125.0,902.0,10.120691824236632,1.813506102212671,10422.469818320455,60.6,0.013281900670670232,33.54852941176472,2.339705882352941,11.51654251579791,136.0,33.219672131147526,4.855737704918033,11.537922330548787,61.0,33.54852941176472,2.339705882352941,11.51654251579791,136.0,0.4302369125356424,-0.00840548056129806,-0.002851192958446564,-0.00030838561387139094,-0.002662904505775519,-0.007759456838021322,-0.025251529608910184,14.031119060418856,75.0,561000.0,373.0,7472.834987163544,75.0719105886397,0.2909509837627411,-23.333988189697266,-120.64575958251953,-0.08907324075698853,-120.55668640136719,0.011940409429371357,0.011940409429371357,0.0,23.503639221191406,0.9332176446914673,0.9598840475082397,-0.026666413992643356,0.026666413992643356,,0.17971384525299072,,0.3998068571090698,0.3895084003607432,0.3363622348321436,-0.00811652290542612,-21.318606185913087,0.8312396031154478,-0.03203490939368353,-122.118723042806,1.3880722208959937,-0.00017464948575420682,-0.037893959879875184,0.2670765905884683,-0.013950930948517352,-122.08082860310873,1.3550049906801147,0.01377634254260555,0.012157926677415769,0.00014302447520468436,-1.1595320971776264e-05,0.012157926677415769,0.00014302447520468436,-1.1595320971776264e-05,0.0,0.0,0.0,21.419219652811687,0.8358175427900655,0.03353548527294273,0.9346131225426991,0.061087845172793385,-0.003006627204288243,0.9714490016301472,0.06056909513557921,-0.0031574597480697702,-0.03683587287863096,0.008253118770698339,0.00015083094261114408,0.03683587287863096,0.008253118770698339,-0.00015083094261114408,0.18348648448785146,0.007462741352914524,-4.573270131537e-05,0.3679136166969935,0.014897857529473823,8.008536427914381e-05
72.24849687056108,1.0,1500.0,0.0,110.0,1885.0,0.8735236706840258,1646.0,239.0,10.26584961434019,1.8684115886119739,9119.955154397916,12.0,0.0028782500239854167,33.08888888888889,1.2857142857142858,11.651155989811567,126.0,34.250000000000014,7.050000000000001,11.260280653611057,16.0,33.08888888888889,1.2857142857142858,11.651155989811567,126.0,0.4429488219516552,-0.008362384687996847,-0.002660254405234072,-0.0002591524578680481,-0.0008886146251157028,-0.01214439987658134,-0.026078178690600664,14.417884748092963,110.0,562500.0,374.0,7493.836200714111,75.0616886910869,0.8293232917785645,-20.600618362426758,-123.50138092041016,-0.15030331909656525,-123.35107421875,0.012336992658674717,0.012336992658674717,0.0,20.7515869140625,0.9043246507644653,0.9458025097846985,-0.04147784411907196,0.04147784411907196,,0.1844075471162796,,0.35975393652915955,2.6684242685635886,8.756222669622616,-0.22938075607292396,-21.236160278320312,1.0683823202789695,0.017159966287411815,-122.29201863606771,1.9088117773375053,-0.056131745233415055,0.03572752674420675,0.3711018565893541,-0.0012926293891316995,-122.3277468363444,1.9533882131974472,-0.05483910175531097,0.011960193204383055,0.00028850475678232,2.534628801205249e-05,0.011960193204383055,0.00028850475678232,2.534628801205249e-05,0.0,0.0,0.0,21.328465016682944,1.073580419782336,-0.016804988126999255,0.9516600608825684,0.08227543782125285,-0.0005657063442820328,0.9879616141319275,0.08402154670985434,-0.0003027417635891418,-0.03630155554662148,0.011629494912443866,-0.00026296463166182194,0.03630155554662148,0.011629494912443866,0.00026296463166182194,0.18407753805319468,0.008643116766706717,-0.00012322816090271337,0.35733366310596465,0.018729216376484656,-0.00045428854870186797
73.45898891630627,1.0,1500.0,0.0,84.0,1910.0,0.6590223751225665,1258.0,652.0,10.42705576271483,1.5323143128645698,9345.086449839497,13.8,0.003310622780923136,32.56562500000001,1.2015624999999999,11.812490349136,128.0,32.49545454545454,3.213636363636363,11.88538096937442,44.0,32.56562500000001,1.2015624999999999,11.812490349136,128.0,0.449056163966975,-0.008360959444384973,-0.0023694745054185567,-0.00016877823477399158,-0.0009979550102249466,-0.0040572597137014275,-0.026440690179444913,14.275282429612176,84.0,564000.0,375.0,7514.010327100754,75.05978504791553,18.82846450805664,-20.44036102294922,-121.32502746582031,-0.1713590919971466,-121.15367126464844,0.012593899853527546,0.012593899853527546,0.0,20.545412063598633,0.9145417809486389,0.9408290386199951,-0.026287255808711052,0.026287255808711052,,0.183725506067276,,0.3739725947380066,1.1944815014799437,3.3468846157067205,0.09708352544084937,-21.1496857325236,0.9772999892916077,0.009241004833523027,-121.81957244873047,1.8213168980526977,0.01380765955228356,0.07847023457288742,0.3375156235756439,-0.005596979925444188,-121.89804306030274,1.9084994833233706,0.019404669943060622,0.012385184628268082,0.00011277801906215682,7.821901290116699e-06,0.012385184628268082,0.00011277801906215682,7.821901290116699e-06,0.0,0.0,0.0,21.260831960042317,0.9542200297089789,-0.010192572367735525,0.9661204397678376,0.07370264379836877,-0.0010935124486386746,0.997833522160848,0.07688953006953347,-0.001276075004603117,-0.031713109898070496,0.011521009015215503,0.00018256392632429904,0.031713109898070496,0.011521009015215503,-0.00018256392632429904,0.18358496824900308,0.007236930995560967,0.00017911696990949557,0.35985399087270104,0.0158208742887792,0.0005049447461680862
69.85690447000357,1.0,1500.0,0.0,52.0,2041.0,0.3772638337772166,769.0,1272.0,10.160994001450529,2.0834326665913414,11519.132535792178,83.4,0.01820881184227763,33.43211678832115,4.007299270072994,11.486760423670637,137.0,33.42117647058824,5.894117647058824,11.447980599874878,85.0,33.43211678832115,4.007299270072994,11.486760423670637,137.0,0.4361608417522261,-0.008275940659300228,-0.0025835658661889803,-0.0005530311806473822,-0.002612948899472264,-0.024713605354614566,-0.024347988733021853,14.118249946673757,52.0,565500.0,376.0,7533.663899183273,75.06307788183994,0.32230284810066223,-22.12973403930664,-122.12661743164062,-0.029474526643753052,-122.0971450805664,0.01291937567293644,0.01291937567293644,0.0,22.25283432006836,0.9432751536369324,0.9732227325439453,-0.029947554692626,0.029947554692626,,0.19332216680049896,,0.37072575092315674,0.46101723859707516,0.4574438900373788,0.01665011369545547,-21.413751983642577,0.8728629471189415,-0.003995137962536173,-122.27992808024088,1.6482182782107235,-0.03701441746797273,0.06690337359905243,0.2852136474799654,0.0006707159907984899,-122.34683151245117,1.6487812896071516,-0.037685174485863164,0.012748718882600466,0.00011949445354029665,5.9910358921171405e-06,0.012748718882600466,0.00011949445354029665,5.9910358921171405e-06,0.0,0.0,0.0,21.520239893595377,0.8793323151261974,0.0032109982975328465,0.9629178384939829,0.06521032868182325,1.4079293366540287e-06,0.9953228215376536,0.06534201564336473,0.00016008986779657164,-0.03240498136729002,0.009771023199781155,-0.0001586843944994837,0.03240498136729002,0.009771023199781155,0.0001586843944994837,0.18369792103767396,0.006517546330037115,3.6159618545290234e-05,0.3594193687041601,0.010839413099711094,0.00013513158638033953
68.66369711834452,1.0,1500.0,0.0,23.0,1997.0,0.1684565856156991,336.0,1661.0,10.152179153171451,1.8314380126418373,11896.668535635756,235.4,0.05249776984834969,33.46268656716416,6.923880597014927,11.542452681458586,134.0,33.322522522522526,8.126126126126126,11.54632576168443,111.0,33.46268656716416,6.923880597014927,11.542452681458586,134.0,0.4293551048493113,-0.008971455071183477,-0.0028751043792824543,-0.0007973390644687893,-0.002497129735935702,-0.029621125143513134,-0.02394777561104882,14.033793138422922,23.0,567000.0,377.0,7552.2554585933685,75.0769095548584,0.29841169714927673,-21.584487915039062,-123.25537109375,-0.023868024349212646,-123.23150634765625,0.012588178738951683,0.012588178738951683,0.0,21.696659088134766,0.939806342124939,0.9745446443557739,-0.034738220274448395,0.034738220274448395,,0.18497022986412048,,0.4007677733898163,0.36754777530829114,0.28519798942066277,-0.006176101949244124,-21.507335027058918,1.1920477238039224,0.0027970539979867196,-122.52633158365886,1.392635763041523,-0.014108598855496552,-0.0037136158595482507,0.21771344742959173,0.0014542389458026708,-122.52261835734049,1.3571550488648738,-0.0155628157669728,0.012826145595560471,0.0001426501463052351,-1.3673249362772569e-05,0.012826145595560471,0.0001426501463052351,-1.3673249362772569e-05,0.0,0.0,0.0,21.610496457417806,1.1688712461431654,-0.001722188998383219,0.9476681848367056,0.05130826594270326,0.00030967718502039664,0.9791354914506276,0.04994928236322916,0.0003365622081268512,-0.031467296307285626,0.008064048835962966,-2.6883766701541813e-05,0.031467296307285626,0.008064048835962966,2.6883766701541813e-05,0.18775649219751359,0.006772402960816312,-0.00016806306311233305,0.37093701859315237,0.017567831139981616,0.00035550292660051756
71.54658362739964,1.0,1500.0,0.0,76.0,2007.0,0.5667905300080025,1137.0,870.0,10.232138367628155,1.7417574922216503,10133.247300073597,65.2,0.014664207637982997,33.18059701492537,3.0328358208955217,11.563911361321685,134.0,33.53448275862068,6.262068965517238,11.42828543949881,58.0,33.18059701492537,3.0328358208955217,11.563911361321685,134.0,0.44486859410088486,-0.008717935013015718,-0.002557495482612894,-0.00010555989996110031,-0.0021242269427265456,-0.015488034417854289,-0.026372745447947415,14.366577864989821,76.0,568500.0,378.0,7572.304684638977,75.07621836100276,0.5317411422729492,-21.8765926361084,-125.5953369140625,-0.04774429649114609,-125.54759216308594,0.012174438685178757,0.012174438685178757,0.0,21.998764038085938,0.9226460456848145,0.9691694378852844,-0.04652336984872818,0.04652336984872818,,0.18642424046993256,,0.36240994930267334,1.9587982232371965,6.460580311428307,-0.09110701478959728,-21.203353055318196,0.6385872844132096,-0.022680703524885163,-123.10414403279623,1.6104433149455382,-0.07645973994814,-0.033484144633014995,0.22095023853725318,-0.0009105248374655207,-123.07065963745117,1.5988339211581415,-0.07554929094664407,0.012300986517220735,0.0001717472284561233,-1.6734246226717817e-05,0.012300986517220735,0.0001717472284561233,-1.6734246226717817e-05,0.0,0.0,0.0,21.306683158874513,0.6361695955068428,0.02269013206473398,0.9396371225516001,0.0508812510596451,-0.0005901419546235651,0.9723871489365895,0.05020755560346488,-0.0002065807481496498,-0.03275004215538502,0.00929905912930658,-0.0003835613183569452,0.03275004215538502,0.00929905912930658,0.0003835613183569452,0.1885531410574913,0.0068465611579087765,8.576680409894511e-05,0.36992247998714445,0.01260635338049633,-0.00015472959358250616
62.75865802764893,1.0,1500.0,0.0,10.0,1967.0,0.07341062029887475,144.0,1823.0,10.04441625369669,1.9207339091248603,12178.251455080475,270.8,0.060644063241814844,33.828787878787885,8.19242424242424,11.387423009485783,132.0,33.8360655737705,8.647540983606557,11.381775660793979,122.0,33.828787878787885,8.19242424242424,11.387423009485783,132.0,0.4330286306218884,-0.010411855914717752,-0.0032321048115967607,-0.0027644737326398146,-0.0025232403718459507,-0.07011952191235044,-0.02552395368532572,14.79956509289443,10.0,570000.0,379.0,7590.1641483306885,75.09719010824827,0.44468754529953003,-21.963016510009766,-124.29826354980469,-0.002476409077644348,-124.29578399658203,0.012150632217526436,0.012150632217526436,0.0,22.008920669555664,0.9423249363899231,0.9794385433197021,-0.037113577127456665,0.037113577127456665,,0.17805835604667664,,0.3453984260559082,1.337216951449712,3.3787772566441716,-0.030293244481484547,-21.293214416503908,1.0502680524891166,-0.03066230409004754,-123.20365447998047,2.1672706128166683,0.11313083805682823,-0.0047609895467758175,0.2874459254994622,0.010920088889866699,-123.19889297485352,2.080314878163431,0.10221069980914425,0.01209800581758221,0.00025817102213907304,-1.7412254862380043e-05,0.01209800581758221,0.00025817102213907304,-1.7412254862380043e-05,0.0,0.0,0.0,21.39222418467204,1.0600831441809528,0.029675664254634533,0.9472451190153758,0.06935291729877206,0.003146202718057926,0.9787913580735524,0.06512325027587633,0.002474538701792552,-0.03154623786297937,0.012601008372894618,0.0006716646706774521,0.03154623786297937,0.012601008372894618,-0.0006716646706774521,0.18998899757862092,0.008830764295848243,-1.2871049535159406e-05,0.37639218171437583,0.01607427994251997,-0.0002659788784116244
73.17407431253572,1.0,1500.0,0.0,123.0,2035.0,0.9001075536194068,1831.0,204.0,10.237086200552119,1.689535385825392,9346.745494108163,5.0,0.0011007881643256571,33.154744525547436,0.4072992700729931,11.597517558834902,137.0,32.84285714285715,2.8999999999999995,11.739480893574266,14.0,33.154744525547436,0.4072992700729931,11.597517558834902,137.0,0.4399686921478553,-0.008126315187676486,-0.002425927420032386,-8.813710926787425e-05,-0.0019255033188874996,-0.0033353447802951294,-0.026150961842353843,14.201555162502299,123.0,571500.0,380.0,7611.746679544449,75.08132154947167,0.19043515622615814,-21.654388427734375,-122.11334228515625,0.13137444853782654,-122.24472045898438,0.011954567395150661,0.011954567395150661,0.0,21.769603729248047,0.9866751432418823,1.0096781253814697,-0.023002903908491135,0.023002903908491135,,0.18508028984069824,,0.3573034107685089,1.0817211007078489,3.433653815951144,-0.05159351068224609,-21.1357089360555,1.0202491960243099,0.006534538650937469,-123.9555679321289,1.9325689025770099,0.026865021193257684,-0.018774376499156156,0.23729802251515206,-0.003798492585575092,-123.93679402669271,1.9996092169956114,0.03066345146951665,0.012203353395064672,0.00018662551350617998,-1.7216580777995817e-05,0.012203353395064672,0.00018662551350617998,-1.7216580777995817e-05,0.0,0.0,0.0,21.254825019836424,1.0085733574549267,-0.006123220933823578,0.941823297739029,0.051112244047115424,-0.0006131721020275513,0.9757892668247223,0.05394553113505001,-0.0008602652189065945,-0.033965974611540634,0.011929313820281463,0.0002470949223395591,0.033965974611540634,0.011929313820281463,-0.0002470949223395591,0.19254521330197652,0.009171247817126516,0.00012390637424286062,0.3749600281318029,0.017069461041486936,-3.3119291033983404e-05
73.80430615137494,1.0,1500.0,0.0,63.0,1807.0,0.5227040577603754,944.0,863.0,10.42686463642938,1.6492138260404283,9040.783457744945,34.800000000000004,0.008831142465614374,32.56694214876033,2.165289256198347,11.78659647457909,121.0,31.87241379310346,4.493103448275862,11.956468492613244,58.0,32.56694214876033,2.165289256198347,11.78659647457909,121.0,0.44054116700376045,-0.008047316278095101,-0.002870428190323324,-0.00016198233041103352,-0.002100750267952841,-0.00060021436227224,-0.025203983257812274,14.335702366799865,63.0,573000.0,381.0,7631.341319561005,75.08509657814152,1.3955013751983643,-21.901874542236328,-126.4563217163086,-0.28907012939453125,-126.16725158691406,0.012318458408117294,0.012318458408117294,0.0,22.07499885559082,0.8700469136238098,0.91424959897995,-0.04420268535614014,0.04420268535614014,,0.19746248424053192,,0.42351505160331726,2.4708528210719427,11.289302083627232,0.3823481377094023,-21.329242515563966,0.822835828487515,-0.016024171364585345,-124.40932718912761,1.4589794694035938,-0.0690152415444216,-0.028865608076254528,0.3376559765921083,-0.00207998130524385,-124.38046162923177,1.4645302606388055,-0.06693520551263155,0.011994782680024704,0.00017886122024999868,1.6652749803691804e-05,0.011994782680024704,0.00017886122024999868,1.6652749803691804e-05,0.0,0.0,0.0,21.43311818440755,0.8338844040816775,0.016999338253983663,0.9387852172056834,0.07561915626527221,-0.0008068186953017697,0.9734024326006572,0.07632407346166284,-0.0004773964738686912,-0.03461721300457914,0.008439959937009528,-0.0003294222564483101,0.03461721300457914,0.008439959937009528,0.0003294222564483101,0.1884731024503708,0.00891498933786067,-9.179190215597806e-05,0.37385207215944927,0.013953653016117208,0.00012770515925625004
71.85793471822933,1.0,1500.0,0.0,98.0,1881.0,0.7766216326885114,1460.0,421.0,9.99823012312471,1.686886232712381,9167.769687772248,5.4,0.0012523191094619666,33.95275590551183,1.5102362204724413,11.397197705676207,127.0,34.565517241379304,5.17241379310345,11.156447122098749,29.0,33.95275590551183,1.5102362204724413,11.397197705676207,127.0,0.43050926222194585,-0.007945550568870766,-0.0024570838362860795,-9.088046675019119e-05,-0.0013977986359646178,-0.011290431494361552,-0.0253583358680385,14.137713925467148,98.0,574500.0,382.0,7652.146590471268,75.07697261254619,0.25327304005622864,-20.871885299682617,-125.98307037353516,0.21592047810554504,-126.19898986816406,0.011697865091264248,0.011697865091264248,0.0,20.981735229492188,0.9861509799957275,1.0285401344299316,-0.042389169335365295,0.042389169335365295,,0.18193669617176056,,0.3526318073272705,0.9461182966828346,1.9916666413979325,-0.07214472870341411,-21.440105438232422,0.773137958163322,0.01360748172204209,-124.64268163045247,1.8384707300341883,0.028276791853690215,-0.016528669744729996,0.33148801174828785,0.006719078223021065,-124.62615331013997,1.8631049866870493,0.021557771642433457,0.011925398961951335,0.0002489361616790627,-2.5054370493393242e-05,0.011925398961951335,0.0002489361616790627,-2.5054370493393242e-05,0.0,0.0,0.0,21.539393679300943,0.7721549471504813,-0.01447789422397007,0.9420825262864431,0.07409869891221882,0.0017154088274920374,0.9761748592058818,0.0749851987183676,0.001522659592421589,-0.034092332671085995,0.011045134657485583,0.00019274904362617102,0.034092332671085995,0.011045134657485583,-0.00019274904362617102,0.18667731682459512,0.00739712487034098,-0.00012329474704814985,0.3672995934883753,0.014730920587689217,0.00013969511423544688
70.82000685160139,1.0,1500.0,0.0,113.0,1850.0,0.9163809320018104,1695.0,155.0,10.177140278243225,1.3666197923422136,8287.47225573071,4.4,0.0010633156114064765,33.37096774193548,1.3741935483870966,11.569242685316542,124.0,34.74545454545454,7.818181818181819,11.142938002789293,11.0,33.37096774193548,1.3741935483870966,11.569242685316542,124.0,0.43919628389937054,-0.008516452162417233,-0.0021367302651042327,-7.061188926902631e-05,-0.0018234908527501438,-0.020117990584589872,-0.025939450107163996,14.300476260404508,113.0,576000.0,383.0,7673.343773126602,75.0650586016038,0.19537347555160522,-21.715030670166016,-125.05528259277344,0.03208548575639725,-125.08737182617188,0.011730529367923737,0.011730529367923737,0.0,21.7913761138916,0.9533276557922363,0.9872171878814697,-0.03388959914445877,0.03388959914445877,,0.18690475821495056,,0.3407813310623169,0.4559665823976199,0.3470999606837261,-0.0033380966463661876,-21.43249314626058,0.7642348105727738,0.0014534459098168961,-124.88665568033854,1.36856202827156,-0.04066850876516123,-0.01431719275812308,0.2559512046792055,0.010098503403224726,-124.8723383585612,1.3790564301789954,-0.05076701638430453,0.011650349665433168,0.00020187053348171948,-1.4958012065911465e-05,0.011650349665433168,0.00020187053348171948,-1.4958012065911465e-05,0.0,0.0,0.0,21.542665417989095,0.7596392131044847,-0.0019039035241256047,0.9431512176990509,0.05713335133940271,0.0020340600321369653,0.97672238945961,0.05747461534393008,0.0022672369562346034,-0.03357116834570964,0.00794211423068625,-0.00023317851325097098,0.03357116834570964,0.00794211423068625,0.00023317851325097098,0.18425543705622355,0.008266051339439513,-0.0003780768896236633,0.3656404823064804,0.013016990799171646,-0.0005699505729060084
68.24417786598205,1.0,1500.0,0.0,80.0,2080.0,0.5754087360637921,1196.0,884.0,9.829192946133196,1.9135378771464824,10905.488937648779,47.0,0.009784735812133072,34.556834532374076,2.920863309352518,11.159138252851513,139.0,35.00677966101694,5.410169491525423,11.011447761220955,59.0,34.556834532374076,2.920863309352518,11.159138252851513,139.0,0.42533024768583483,-0.008784253922137001,-0.0026503439317923463,-0.0003281117212984011,-0.002527193915105927,-0.02839617240533269,-0.024445851819853488,13.498042347218043,80.0,577500.0,384.0,7693.884302616119,75.05961583067152,0.18526554107666016,-20.383926391601562,-122.70388793945312,-0.049222543835639954,-122.6546630859375,0.01182875968515873,0.01182875968515873,0.0,20.540494918823242,0.9511925578117371,0.9689070582389832,-0.01771455630660057,0.01771455630660057,,0.18336279690265656,,0.34544306993484497,1.8012172137697537,7.661475526003388,0.17538688948939457,-21.384211349487305,0.9087814957401877,0.0005796464319626283,-125.20443598429362,1.7973267396981794,0.048667520728874314,-0.03451452056566874,0.2656304798725884,0.0021719498251118333,-125.1699208577474,1.833585073328255,0.04649558401479263,0.011868251704921324,8.971505342163232e-05,5.333892818751494e-06,0.011868251704921324,8.971505342163232e-05,5.333892818751494e-06,0.0,0.0,0.0,21.509355099995933,0.9194376705796559,0.0008150522913095744,0.9388899564743042,0.05866905627745966,0.0008263508655603147,0.9722587605317433,0.05988259015693364,0.0004891177173185656,-0.033368814798692865,0.010877280091833466,0.00033723274504846793,0.033368814798692865,0.010877280091833466,-0.00033723274504846793,0.18411246786514918,0.0074297627956869975,4.714976030670565e-06,0.36512643893559776,0.014090218973311464,9.76061529258634e-06
74.45229767779915,1.0,1500.0,0.0,49.0,1901.0,0.38341571880801917,728.0,1173.0,10.370838943748188,1.4898073227033555,9822.161702109634,49.2,0.011729925615105856,32.768750000000004,2.3921875000000004,11.790937595022825,128.0,32.66075949367088,3.865822784810127,11.83216660728763,79.0,32.768750000000004,2.3921875000000004,11.790937595022825,128.0,0.44432599720979465,-0.007652978444334198,-0.0031569416154707953,-0.000388158837964953,-0.001276891047883412,-0.00044413601665510067,-0.02441528736418092,14.607919932708326,49.0,579000.0,385.0,7713.18546128273,75.066261910382,0.4595874845981598,-21.672046661376953,-124.87997436523438,-0.025791794061660767,-124.85417938232422,0.01180268358439207,0.01180268358439207,0.0,21.78610610961914,0.9455450773239136,0.974190354347229,-0.02864525094628334,0.02864525094628334,,0.18310856819152832,,0.373085618019104,0.30984751929839455,0.14819139540850193,-0.0004019458480883839,-21.252079836527507,0.7101785040381834,0.008318201135077875,-124.98673934936524,1.8774414521647982,-0.045401610309736704,-0.003550689419110616,0.24610734992221056,-0.0012462726590100344,-124.98318837483724,1.908555719379426,-0.04415531009932702,0.011780774562309186,9.569127955126503e-05,-3.9572507408237473e-07,0.011780774562309186,9.569127955126503e-05,-3.9572507408237473e-07,0.0,0.0,0.0,21.342155774434406,0.7101163445852675,-0.007166783775185802,0.9488535006841023,0.054349307534193626,-0.00047522943727965907,0.9791899939378103,0.05539349561686474,-0.00028188216672990783,-0.030336506788929303,0.011056890551187583,-0.00019334804585764966,0.030336506788929303,0.011056890551187583,0.00019334804585764966,0.1825402537981669,0.006718289284223707,1.5263755011211397e-05,0.3619915197292964,0.015814550875968374,-0.00016323340615389018
72.05975598705058,1.0,1500.0,0.0,49.0,1909.0,0.3838568729332728,732.0,1177.0,9.954713404740366,1.7208471618611596,10443.498551939558,60.0,0.013731233980227023,34.1375,3.5078125,11.2942581058037,128.0,34.36202531645568,5.5240506329113925,11.191991399197484,79.0,34.1375,3.5078125,11.2942581058037,128.0,0.4310288428522808,-0.008160313134940676,-0.003035292978863573,-0.0004850855170369292,-0.0023912456092947828,-0.006808970548500398,-0.024483440109986716,13.800805878615726,49.0,580500.0,386.0,7732.603509426117,75.07173997636954,0.3624061942100525,-21.398624420166016,-127.4548568725586,0.057082291692495346,-127.5119400024414,0.01208761241286993,0.01208761241286993,0.0,21.608009338378906,0.9507405757904053,0.9929265975952148,-0.042186055332422256,0.042186055332422256,,0.1978112757205963,,0.3744296431541443,0.3518512671192487,0.3093448727070744,-0.005775157797323325,-21.14395236968994,0.7505286038414479,-0.0016352054141914388,-125.04219106038411,1.493261136393723,-0.06455810343197894,0.045211566736300786,0.19103106568227346,-0.0024090438070101024,-125.08740259806315,1.4859919845837073,-0.06214901899734208,0.012126341679443915,0.0001428752029352792,9.74296574564704e-06,0.012126341679443915,0.0001428752029352792,9.74296574564704e-06,0.0,0.0,0.0,21.248652331034343,0.768555666623955,0.0027613643013986396,0.9612124184767405,0.04383733169950587,-0.0008406106966886704,0.9902178704738617,0.04329825100207879,-0.0005428423605718602,-0.029005458764731883,0.008473713500200541,-0.0002977685188590742,0.029005458764731883,0.008473713500200541,0.0002977685188590742,0.18597801228364308,0.007925740533193613,-5.2944041200156e-05,0.3686685760815938,0.013377021525576425,0.00015813716924494887
69.95967433608581,1.0,1500.0,0.0,107.0,1949.0,0.8214275605239106,1600.0,349.0,10.003126628474197,1.855277264360231,9348.969328013945,16.8,0.0037768085967357585,33.95572519083969,1.5374045801526717,11.342915839308061,131.0,34.275,4.658333333333334,11.209306166539927,24.0,33.95572519083969,1.5374045801526717,11.342915839308061,131.0,0.4308370945235491,-0.008337150127600399,-0.0025800934605423737,-0.0001971961821003519,-0.0011322155540431844,-0.022174101342572725,-0.0251554151179467,13.878456931845912,107.0,582000.0,387.0,7753.740548849106,75.06054611104916,0.17141854763031006,-22.259546279907227,-130.14520263671875,0.4143335819244385,-130.55953979492188,0.011907290667295456,0.011907290667295456,0.0,22.40979766845703,1.0155971050262451,1.0735176801681519,-0.057920556515455246,0.057920556515455246,,0.18161273002624512,,0.35285043716430664,2.3968968878189725,10.675833463667797,-0.22885263005936643,-21.36799761454264,0.7331964602046545,-0.030083870383868037,-125.36682917277018,2.5151465189043707,-0.16567741453448576,-0.01423595224817594,0.2531178503227705,0.007505968615860252,-125.35259373982747,2.5511992225656113,-0.1731834012753947,0.01208127262070775,0.00019532616256239817,-1.6873889914543294e-05,0.01208127262070775,0.00019532616256239817,-1.6873889914543294e-05,0.0,0.0,0.0,21.477198855082193,0.7502727754967145,0.0312668046113242,0.9481117109457652,0.05643517275101489,0.0007574323684938316,0.9767314036687215,0.05730165474292418,0.0016994470483866749,-0.028619679358477392,0.014502750610418088,-0.000942012619276897,0.028619679358477392,0.014502750610418088,0.000942012619276897,0.18366717547178268,0.007626140561469447,-0.0001279079377054563,0.36791887183984123,0.01489429420357973,-0.00020219739340039282
73.41473642985027,1.0,1500.0,0.0,66.0,1851.0,0.5282085457060043,977.0,874.0,10.26409227927222,1.6249410208725883,9521.641892504593,34.800000000000004,0.008413926499032881,33.08799999999999,2.136,11.659299845221222,125.0,32.94576271186441,4.389830508474576,11.673926913508945,59.0,33.08799999999999,2.136,11.659299845221222,125.0,0.44024779306329304,-0.008376023980986915,-0.0025996338711558337,-0.0005682565325163331,-0.001319288197995497,-0.003272652894252405,-0.025878302419948398,14.415819550983963,66.0,583500.0,388.0,7773.5190076828,75.06252952148307,0.48581165075302124,-19.88208770751953,-124.65094757080078,0.25576215982437134,-124.90670776367188,0.012617077678442001,0.012617077678442001,0.0,19.90930938720703,1.0152544975280762,1.038487434387207,-0.023232948035001755,0.023232948035001755,,0.18530505895614624,,0.34278884530067444,0.508709744612376,0.6212073010168832,-0.02349252285761087,-21.073263041178386,0.9186201021670876,-0.0023018409465912775,-124.96933568318686,1.958595708488379,0.14659661281360925,0.0877650786191225,0.3624423173621478,0.029473028925389427,-125.05710093180339,1.7756482976863195,0.11712357602740188,0.01173154025649031,0.00036684168524766175,1.8935023006196612e-05,0.01173154025649031,0.00036684168524766175,1.8935023006196612e-05,0.0,0.0,0.0,21.194268226623535,0.9314894858328608,0.0007113018608726889,0.9749243140220643,0.08706441889228926,0.007412654778053005,0.9999293088912964,0.08176133761945492,0.006671199278783722,-0.025004986642549434,0.010617537422799885,0.0007414537657039864,0.025004986642549434,0.010617537422799885,-0.0007414537657039864,0.184878009557724,0.007637865162964932,-0.0002021692950150088,0.3693178991476695,0.014498649211361759,-0.00045433574842001633
71.78171005895582,1.0,1500.0,0.0,118.0,1993.0,0.8828572855960818,1759.0,234.0,10.206296867125435,1.4962395578791465,9064.174206202195,9.8,0.002197802197802198,33.27611940298509,1.0,11.54572661808228,134.0,33.3625,4.0375,11.290590352996595,16.0,33.27611940298509,1.0,11.54572661808228,134.0,0.4404806904900381,-0.008194297788460543,-0.0021726616131218183,-0.00020001992650008012,-0.0006410623318642308,-0.015889187796920713,-0.02471305380944586,14.235433182587727,118.0,585000.0,389.0,7795.023811817169,75.04787850848467,0.2575204372406006,-21.8829345703125,-126.32345581054688,0.22661231458187103,-126.5500717163086,0.012242835946381092,0.012242835946381092,0.0,21.991947174072266,1.000657558441162,1.0314702987670898,-0.0308127012103796,0.0308127012103796,,0.18471136689186096,,0.37139692902565,0.4944104452927907,0.5262875504938019,0.0036254439125867114,-21.512053298950196,1.0129011918369113,-0.014011401727016056,-126.19983139038087,2.013805507636807,-0.09858652863804597,-0.053785089403390884,0.3380590643853379,-0.001225653809554318,-126.14604568481445,1.8976070306385047,-0.09736092708532258,0.012641465105116368,0.00016988641976782307,-1.1708943776214732e-05,0.012641465105116368,0.00016988641976782307,-1.1708943776214732e-05,0.0,0.0,0.0,21.61028944651286,1.0089104629127643,0.013990387794570352,0.9383062581221263,0.08096068419033411,-0.0007736210960965395,0.967713721593221,0.07741966441393165,-0.00027527846271656716,-0.02940746002520124,0.010733354934017423,-0.0004983410954027864,0.02940746002520124,0.010733354934017423,0.0004983410954027864,0.1819784462451935,0.008212786649268358,-5.307026514089853e-05,0.368924151857694,0.014040059128728933,0.0002493175768083069
71.39170122576189,1.0,1500.0,0.0,111.0,1852.0,0.8929741331352742,1653.0,199.0,10.25601923858578,1.6704818512619475,8831.45603866335,11.0,0.0026582890285161915,33.104000000000006,1.08,11.65743492231462,125.0,32.728571428571435,4.100000000000002,11.694229658821824,14.0,33.104000000000006,1.08,11.65743492231462,125.0,0.4411343922982131,-0.008716308158287002,-0.0021496924798761366,-0.00023123825242533734,-0.0007859144632630663,-0.018910685999756444,-0.026254196558365465,14.595363447244177,111.0,586500.0,390.0,7816.108419418335,75.03734192618154,0.24936962127685547,-22.578510284423828,-124.9051742553711,-0.11662457883358002,-124.7885513305664,0.012506593950092793,0.012506593950092793,0.0,22.707950592041016,0.9346340298652649,0.9533835649490356,-0.018749572336673737,0.018749572336673737,,0.1760912835597992,,0.36519062519073486,0.5776624634861947,1.1162019076776741,0.008511345859231608,-21.35693817138672,0.8235487504882717,-0.02398578020038484,-126.46528828938803,1.8132226843732466,0.0003367762411809093,-0.04462305922061205,0.2803156452088915,7.196377768068522e-05,-126.4206652323405,1.9123161750186666,0.0002647510227319156,0.012356276717036962,9.733821684426101e-05,4.311880766019191e-06,0.012356276717036962,9.733821684426101e-05,4.311880766019191e-06,0.0,0.0,0.0,21.4745911916097,0.8154504786772937,0.02466691200672122,0.9407445510228475,0.060045161346916086,7.968320199456563e-05,0.9698182463645935,0.06380289455783644,1.4630175538516674e-05,-0.029073697018126645,0.011043857642165145,6.505136188529962e-05,0.029073697018126645,0.011043857642165145,-6.505136188529962e-05,0.18087255358695983,0.006454932866693122,-6.817681373027829e-05,0.3703375428915024,0.016029164626797418,6.928424681385712e-05
69.73787112037341,1.0,1500.0,0.0,60.0,2076.0,0.42853454123279855,889.0,1187.0,9.990016039886562,1.7539606199212772,11226.42814924234,47.2,0.009916383041304256,33.998571428571424,2.7442857142857133,11.28358697582545,140.0,33.45249999999999,4.3125,11.451632826308995,80.0,33.998571428571424,2.7442857142857133,11.28358697582545,140.0,0.4176950066598069,-0.008632562139268841,-0.0024085555366137423,-0.0005982485312779378,-0.0015143378799269643,-0.016840296423585015,-0.024433270782765387,13.364773511576916,60.0,588000.0,391.0,7836.131703615189,75.03702365399589,0.2451348900794983,-21.735876083374023,-124.59867858886719,-0.10275605320930481,-124.49592590332031,0.012315398082137108,0.012315398082137108,0.0,21.79192352294922,0.9414323568344116,0.9566312432289124,-0.015198965556919575,0.015198965556919575,,0.1939639151096344,,0.3866385221481323,0.4859838897983233,0.41747689677607325,0.0005634701258613615,-21.125410270690917,0.8540573285715545,-0.015894066849857814,-126.45221837361653,1.608388602332093,0.06643435909963114,-0.0018053305645783742,0.2647264945561898,-0.0016120649236062768,-126.45041300455729,1.7443369064153922,0.06804639839622442,0.012724835518747568,0.00015212167403076614,-1.0679021386535621e-05,0.012724835518747568,0.00015212167403076614,-1.0679021386535621e-05,0.0,0.0,0.0,21.207496198018394,0.8517206851651455,0.015400047853870261,0.952231365442276,0.055528831750713166,9.178930978486262e-05,0.9795741438865662,0.06062521776721814,-0.00036259373780487674,-0.027342779810229936,0.010231733372834985,0.0004543806002521945,0.027342779810229936,0.010231733372834985,-0.0004543806002521945,0.18253994484742483,0.008302130087006624,-0.0001625453404775658,0.36799124379952747,0.012760607143450798,-0.0002005091564806556
69.60654970494713,1.0,1500.0,0.0,41.0,2005.0,0.30483766302693655,611.0,1394.0,10.192672022780357,1.7395046065841253,11155.877355385592,151.4,0.03390058217644425,33.32835820895523,5.1358208955223885,11.514964766070152,134.0,33.21505376344088,7.012903225806452,11.49229734773445,93.0,33.32835820895523,5.1358208955223885,11.514964766070152,134.0,0.4341728270858482,-0.009059871279687121,-0.003322383393578355,-0.0006026937018559644,-0.0034151894617010944,-0.023418442023093167,-0.025548513009471172,14.29468491533483,41.0,589500.0,392.0,7855.424916982651,75.04368079765608,0.2997645139694214,-21.335580825805664,-126.59695434570312,-0.047561850398778915,-126.54939270019531,0.012309539131820202,0.012309539131820202,0.0,21.43393898010254,0.9440867304801941,0.9691842198371887,-0.025097504258155823,0.025097504258155823,,0.17624473571777344,,0.384274423122406,2.6496824632088343,10.566444071199891,-0.25366771684605244,-21.38694184621175,0.7141624873659288,-0.02784181664862493,-127.21065521240234,1.9845120186919396,-0.02890323218832224,-0.03947238052884738,0.26550060203568077,-0.005893961050950645,-127.17118453979492,2.0047415143540452,-0.023009227035570477,0.012506195219854514,0.00011224834168151683,5.531249706683953e-06,0.012506195219854514,0.00011224834168151683,5.531249706683953e-06,0.0,0.0,0.0,21.47737153371175,0.7113846367996977,0.02724718469401155,0.9414043764273325,0.059916079505750064,-0.0014174538141363208,0.9709835231304169,0.060573997367992176,-0.0013488853203176474,-0.029579156016310056,0.0114606978109638,-6.856777320913217e-05,0.029579156016310056,0.0114606978109638,6.856777320913217e-05,0.18125470330317814,0.007795881178085438,0.0002008021573999116,0.37034394840399426,0.01586705076268892,0.00015119971237139232
69.76798248291016,1.0,1500.0,0.0,15.0,1881.0,0.1131236839775031,212.0,1669.0,10.100410539236208,1.8707055839972426,11430.785578835748,227.4,0.05324778719617852,33.62677165354331,6.990551181102361,11.388517262857537,127.0,33.64464285714286,7.914285714285714,11.343479993691508,112.0,33.62677165354331,6.990551181102361,11.388517262857537,127.0,0.4343018348778323,-0.00855158073666372,-0.004011999713963374,-0.0015704315115473305,-0.02122830440587468,-0.00249221183800623,-0.025135905363436226,14.145533825610778,15.0,591000.0,393.0,7873.628238201141,75.06069401811426,0.20980873703956604,-20.98697853088379,-127.60456085205078,0.2516273558139801,-127.85618591308594,0.011830112896859646,0.011830112896859646,0.0,21.035531997680664,1.0060343742370605,1.0367062091827393,-0.030671902000904083,0.030671902000904083,,0.18478888273239136,,0.3562345504760742,0.815677506228288,1.0923155111799367,-0.044643006630415934,-21.29729715983073,0.9555898129529315,0.002807132606379577,-127.76396204630534,1.7486124679818733,-0.008393466088076621,0.059290529290835066,0.2656998749566457,0.0007774025019469622,-127.8232526143392,1.7826913934398836,-0.009170948066749066,0.011944768453637759,0.00023790512070610148,-2.5421938754295337e-05,0.011944768453637759,0.00023790512070610148,-2.5421938754295337e-05,0.0,0.0,0.0,21.41474094390869,0.9544620985878699,-0.004732462084201034,0.9620144605636597,0.05876236910819045,0.00017404985905221105,0.993421866496404,0.059959301577783945,0.00016259275898915593,-0.031407404039055106,0.010195340253131437,1.145589856370884e-05,0.031407404039055106,0.010195340253131437,-1.145589856370884e-05,0.18311322232087454,0.008164639572548043,8.399897608263366e-05,0.3636220763127009,0.017779739630558136,-2.5233762282820898e-05
70.08777162505359,1.0,1500.0,0.0,82.0,1936.0,0.6310157715765643,1221.0,715.0,10.03623220783857,1.4157646483061797,9423.060149689727,28.8,0.006547240156406293,33.83692307692307,1.807692307692308,11.44784399660537,130.0,33.33333333333334,3.5249999999999972,11.658208609034972,48.0,33.83692307692307,1.807692307692308,11.44784399660537,130.0,0.4274790355410208,-0.008359090255509407,-0.00226810713265375,-0.0001974636497608625,-0.0008180943214629435,-0.021110041706769455,-0.02495654536495609,13.86473983254835,82.0,592500.0,394.0,7894.001759052277,75.05698859524111,0.21450203657150269,-22.245695114135742,-127.92535400390625,-0.17071528732776642,-127.754638671875,0.011131400242447853,0.011131400242447853,0.0,22.398094177246094,0.9138451814651489,0.9420475959777832,-0.02820241078734398,0.02820241078734398,,0.19667814671993256,,0.3634796738624573,2.7063454488913217,11.388414260065574,0.33804262607991375,-21.283488019307455,0.9015286051010925,0.005771170627819129,-128.79987614949545,1.637476824125019,0.05078184236011343,-0.1358402709166209,0.32214680735868506,-0.009353942935405774,-128.66403528849284,1.6555456439550864,0.060135755019141784,0.011663773097097874,0.0003826278183693734,-3.975829124052885e-05,0.011663773097097874,0.0003826278183693734,-3.975829124052885e-05,0.0,0.0,0.0,21.406282488505045,0.9156536179910503,-0.007611001240664046,0.9151976545651753,0.07158633637031624,-0.001665095651772995,0.9495002925395966,0.0724921950774538,-0.0020717146266687127,-0.03430263108263413,0.009636894007998654,0.000406619122829932,0.03430263108263413,0.009636894007998654,-0.000406619122829932,0.18534551660219828,0.00826684512230731,-7.23420313919007e-05,0.36731403271357216,0.01512785687300057,0.0003353601170328721
72.3663187623024,1.0,1500.0,0.0,32.0,1991.0,0.23982570867509495,477.0,1514.0,10.277454332835426,1.9239678520818222,11734.787644026044,167.0,0.03797871372691713,33.06165413533836,5.538345864661653,11.654018642010698,133.0,33.186138613861395,7.158415841584156,11.573070847782086,101.0,33.06165413533836,5.538345864661653,11.654018642010698,133.0,0.4481598649767467,-0.009118411904860298,-0.00331903552958339,-0.0008048719043318735,-0.002421255624598238,-0.011656310263552589,-0.027239269251448643,14.962115826615396,32.0,594000.0,395.0,7912.799562454224,75.06824800902271,0.22269636392593384,-21.02447509765625,-129.90701293945312,-0.17222750186920166,-129.7347869873047,0.01184614934027195,0.01184614934027195,0.0,21.199804306030273,0.9035873413085938,0.9411714673042297,-0.03758413717150688,0.03758413717150688,,0.18228545784950256,,0.35098686814308167,2.586201903720697,11.808508944937067,-0.39406884084222565,-21.084240214029947,0.742125521810925,0.011440948384490252,-128.38883260091146,2.2792802883808805,-0.11197618732727804,0.0532506238669157,0.2738517271356114,-9.553480118480158e-05,-128.44208374023438,2.314957828461467,-0.11188064252706549,0.011510992608964443,0.00019644726593984644,2.055050881871643e-05,0.011510992608964443,0.00019644726593984644,2.055050881871643e-05,0.0,0.0,0.0,21.20122782389323,0.7403054152979607,-0.012518062740067568,0.9607625146706898,0.06016288792876818,-0.000587023550994695,0.9919082701206208,0.061292016482124186,-1.309025406973336e-05,-0.03114576255902648,0.012956622489328525,-0.00057393304104435,0.03114576255902648,0.012956622489328525,0.00057393304104435,0.18450490136941275,0.007697113780219975,0.00015522366901393197,0.3660498102506002,0.016049080841396907,-3.537039072549022e-05
70.83740776439883,1.0,1500.0,0.0,106.0,2075.0,0.7640640001129448,1585.0,490.0,10.182823984854783,1.530904884500775,9786.39001813174,13.200000000000001,0.002848756906077348,33.33525179856116,1.1539568345323739,11.516933585800217,139.0,32.55757575757576,2.6545454545454534,11.733483955131776,33.0,33.33525179856116,1.1539568345323739,11.516933585800217,139.0,0.4349344971858294,-0.008092947544154917,-0.0019999422181078484,-0.00018211415349215674,-0.0014175907258064547,-0.01834677419354851,-0.025040013285923843,13.959478975575408,106.0,595500.0,396.0,7933.912922859192,75.05754169348711,0.6923128366470337,-21.37049102783203,-126.13934326171875,-0.12520641088485718,-126.0141372680664,0.012087884359061718,0.012087884359061718,0.0,21.459997177124023,0.9370619058609009,0.9516432285308838,-0.014581356197595596,0.014581356197595596,,0.18882688879966736,,0.3843435049057007,0.3986598372459412,0.41688580146122173,0.0031723299135222845,-21.290704027811685,0.7866670287256817,-0.005554668948435082,-128.77910690307618,1.9675815133875687,0.002489679355643891,-0.025262304643789927,0.3236494468545577,0.004266460500118863,-128.75384572347005,1.951472581617949,-0.0017767646288809895,0.011757478428383669,0.0002643962296947758,2.2965806792256905e-05,0.011757478428383669,0.0002643962296947758,2.2965806792256905e-05,0.0,0.0,0.0,21.39286708831787,0.791098851973885,0.007866564741123728,0.9432348072528839,0.07324592199769718,0.0010123037655440739,0.9742639859517416,0.07271597327202496,0.0009597322699490451,-0.031029190806051096,0.011086458689638383,5.2572059568362156e-05,0.031029190806051096,0.011086458689638383,-5.2572059568362156e-05,0.1862097014983495,0.009058484263492955,0.00012469202843603129,0.3724836975336075,0.011868755509918734,-3.089379017823175e-05
71.37940814678485,1.0,1500.0,0.0,65.0,2074.0,0.4674498520806338,969.0,1105.0,10.338406235446598,1.7422580565401122,10929.863551467417,60.400000000000006,0.013227049754730203,32.85179856115109,2.846043165467625,11.693649163082615,139.0,32.764864864864855,4.762162162162161,11.691585990958089,74.0,32.85179856115109,2.846043165467625,11.693649163082615,139.0,0.44509930967982153,-0.008493297372904026,-0.002486882647529142,-0.0004068208266723959,-0.0021078020134228203,-0.018120805369127548,-0.026239035032826943,14.567636995812872,65.0,597000.0,397.0,7953.828686714172,75.05819191167772,0.2634001076221466,-20.94645881652832,-128.8589630126953,0.1423785239458084,-129.0013427734375,0.011880011297762394,0.011880011297762394,0.0,21.000337600708008,0.9824687242507935,1.012118935585022,-0.029650257900357246,0.029650257900357246,,0.17862877249717712,,0.35680288076400757,2.421439215540886,11.311065113313944,-0.12689674278520247,-21.474722480773927,0.7696359555039783,0.0028264144371298373,-128.95153834025066,1.9750378624501286,-0.08304463217865472,-0.011895626038312911,0.29010769897485095,-0.007511131564886606,-128.93964309692382,1.8520890999682265,-0.07553347544091743,0.01193620425959428,0.00013281638559699884,-2.9202347602678245e-06,0.01193620425959428,0.00013281638559699884,-2.9202347602678245e-06,0.0,0.0,0.0,21.573879941304526,0.7744917312034517,-0.005595428076416894,0.9470516602198283,0.06981370072962,-0.00206456632582314,0.9772578020890553,0.06549774382671636,-0.0016991182614752066,-0.030206160433590413,0.010309483822153518,-0.00036544922917451373,0.030206160433590413,0.010309483822153518,0.00036544922917451373,0.18165545811255773,0.006579884887221149,0.00022985161809422415,0.3628939062356949,0.013799278566329948,-0.0002253334898837407
71.41586793329297,1.0,1500.0,0.0,97.0,2089.0,0.6898844162800197,1441.0,648.0,10.122754880645706,1.594197259755809,10094.555133972352,25.6,0.005410889414947582,33.554609929078026,1.4822695035460998,11.445319722838555,141.0,33.149999999999984,3.590909090909092,11.512227587544029,44.0,33.554609929078026,1.4822695035460998,11.445319722838555,141.0,0.4332934735450375,-0.008112341071088484,-0.00249479121458864,-0.0002924470219491253,-0.0013172338090010978,-0.013995609220636713,-0.024829190686459394,13.97562994074174,97.0,598500.0,398.0,7974.749975442886,75.04937481964902,0.2703094780445099,-21.877004623413086,-131.2389678955078,0.23884890973567963,-131.47781372070312,0.011973216198384762,0.011973216198384762,0.0,21.966102600097656,0.992232084274292,1.033974528312683,-0.04174244403839111,0.04174244403839111,,0.18445250391960144,,0.359646737575531,0.3376108403007189,0.23300178076306596,-0.0053059174400548045,-21.143542098999024,0.8067169339598489,-0.03213562419072395,-130.0685267130534,1.815584278215052,0.08303288511758265,-0.042511935780445737,0.3345608048262405,0.009884544383233062,-130.02601521809896,1.7295435928339926,0.07314834000669465,0.011704090610146522,0.0001995609820457891,-2.9225490813262212e-06,0.011704090610146522,0.0001995609820457891,-2.9225490813262212e-06,0.0,0.0,0.0,21.2544043858846,0.8259999920656264,0.032875702192838675,0.9360535820325215,0.077550301893614,0.002702932840459714,0.9705215533574422,0.075147312059006,0.002226465986886185,-0.03446798200408618,0.009984665669037586,0.0004764682235190028,0.03446798200408618,0.009984665669037586,-0.0004764682235190028,0.18107008735338848,0.006136207756830948,-0.00019773270052187932,0.36820041040579476,0.01364233785831664,8.06889955671211e-05
73.1605619104897,1.0,1500.0,0.0,82.0,2038.0,0.6006641453097011,1224.0,814.0,10.217462573244298,1.6757395321722965,10321.026247290962,26.8,0.005884161067931322,33.24525547445258,1.8233576642335776,11.576451488756584,137.0,33.8109090909091,4.069090909090911,11.40690712310613,55.0,33.24525547445258,1.8233576642335776,11.576451488756584,137.0,0.4471514673328705,-0.008205720464818192,-0.0022304178304967787,-0.0003390633341311966,-0.0015867713378987806,-0.008685485217972253,-0.025080171254987176,14.601300527992757,82.0,600000.0,399.0,7995.195855140686,75.04506592095763,0.2486993670463562,-22.503480911254883,-131.34637451171875,-0.09946037828922272,-131.24691772460938,0.011891443282365799,0.011891443282365799,0.0,22.613853454589844,0.9190189242362976,0.95755934715271,-0.038540471345186234,0.038540471345186234,,0.18418124318122864,,0.3948702812194824,0.3582886040210724,0.23326201712800634,0.0015819907055813329,-21.44687213897705,0.7845689023223399,-0.02591377445004458,-130.6019365946452,1.6988056484442184,-0.023047518279313166,-0.038102299844225244,0.2800793725761145,0.001523612463666546,-130.56383412679037,1.644286507494218,-0.02457103962627411,0.011935854268570741,0.00021744418384468862,-2.215121799170399e-05,0.011935854268570741,0.00021744418384468862,-2.215121799170399e-05,0.0,0.0,0.0,21.5581818262736,0.7849856323731685,0.024383605600596332,0.9357468624909718,0.06499685983238726,0.00026932697540128157,0.9713526825110118,0.06326262698200613,0.00034487951584199605,-0.03560582622885704,0.00921094512958147,-7.555299791796362e-05,0.03560582622885704,0.00921094512958147,7.555299791796362e-05,0.1807170808315277,0.006597644929403004,2.8350183510274723e-05,0.366997163494428,0.014725671558275805,-9.490378839162913e-06
