episode_reward,episode_success,episode_length,episode_terminated,num_trajectories,scenario_total_flow_vph,scenario_cav_penetration,scenario_cav_flow_vph,scenario_hdv_flow_vph,avg_speed,avg_jerk,total_fuel_mL,tet_seconds,tet_rate,trip50_avg_time_s,trip50_avg_stop_time_s,trip50_avg_speed_mps,trip50_num_completed,trip50_hdv_avg_time_s,trip50_hdv_avg_stop_time_s,trip50_hdv_avg_speed_mps,trip50_hdv_num_completed,trip50_mix_avg_time_s,trip50_mix_avg_stop_time_s,trip50_mix_avg_speed_mps,trip50_mix_num_completed,r_speed_mean,r_accel_mean,r_jerk_mean,r_safety_mean,r_lc_mean,r_idle_mean,r_energy_mean,r_terminal_mean,num_terminals,step,episode,elapsed_time,steps_per_second,critic_loss,actor_loss,alpha_loss,alpha_acc_loss,alpha_lane_loss,alpha,alpha_acc,alpha_lane,q_mean,logp_mean,logp_acc_mean,logp_lane_mean,lane_entropy_mean,attn_gate_mean_actor,attn_ego_weight_actor,attn_gate_mean_q1,attn_ego_weight_q1,critic_loss_mean,critic_loss_std,critic_loss_slope,actor_loss_mean,actor_loss_std,actor_loss_slope,alpha_loss_mean,alpha_loss_std,alpha_loss_slope,alpha_acc_loss_mean,alpha_acc_loss_std,alpha_acc_loss_slope,alpha_lane_loss_mean,alpha_lane_loss_std,alpha_lane_loss_slope,alpha_mean,alpha_std,alpha_slope,alpha_acc_mean,alpha_acc_std,alpha_acc_slope,alpha_lane_mean,alpha_lane_std,alpha_lane_slope,q_mean_mean,q_mean_std,q_mean_slope,logp_mean_mean,logp_mean_std,logp_mean_slope,logp_acc_mean_mean,logp_acc_mean_std,logp_acc_mean_slope,logp_lane_mean_mean,logp_lane_mean_std,logp_lane_mean_slope,lane_entropy_mean_mean,lane_entropy_mean_std,lane_entropy_mean_slope,attn_ego_weight_actor_mean,attn_ego_weight_actor_std,attn_ego_weight_actor_slope,attn_ego_weight_q1_mean,attn_ego_weight_q1_std,attn_ego_weight_q1_slope
-3735.4493896484373,0.0,1500.0,0.0,32.0,739.0,0.510639462230231,377.0,362.0,2.1342223072650985,4.133465365321527,4364.274117674319,117.60000000000001,0.043867502238137866,121.85454545454546,94.96363636363638,3.9892585004635834,22.0,95.37647058823529,70.41176470588235,4.77048611383584,17.0,121.85454545454546,94.96363636363638,3.9892585004635834,22.0,-0.006181724021382463,-0.021398983958098534,-0.04416025378505954,-0.0010597396401885784,-0.055909010911648176,-0.6890531502989493,-0.0041524969227187914,0.6491013161522499,5.0,1500.0,0.0,16.37255024909973,91.6167595871315,,,,,,,,,,,,,,,,,,,,,,,,,,,,,,,,,,,,,,,,,,,,,,,,,,,,,,,,,,,,,,
-2478.490203678608,0.0,1500.0,0.0,18.0,739.0,0.2854509208243847,210.0,529.0,3.6893919647968114,5.616366767055848,6498.234774334349,225.60000000000002,0.07820299500831947,70.3609756097561,42.092682926829276,5.3641898738663,41.0,57.432432432432456,29.967567567567567,5.77864012663299,37.0,70.3609756097561,42.092682926829276,5.3641898738663,41.0,-0.0020092129052344727,-0.02621263889587012,-0.05894736379268308,-0.0007292158160586474,-0.05040569630734144,-0.6782579897335083,-0.004720262689215535,1.37199961018128,4.0,3000.0,1.0,22.670704126358032,132.32937024272036,,,,,,,,,,,,,,,,,,,,,,,,,,,,,,,,,,,,,,,,,,,,,,,,,,,,,,,,,,,,,,
-2155.9231967926025,0.0,1500.0,0.0,8.0,739.0,0.1270842504292619,93.0,646.0,4.692981897228938,3.34307675266422,6649.048087299163,222.4,0.08935315387705905,55.31111111111111,32.62222222222223,7.0694913095023155,45.0,49.71627906976746,27.474418604651166,7.311540436270507,43.0,55.31111111111111,32.62222222222223,7.0694913095023155,45.0,0.0017850118050310884,-0.026342850361341756,-0.05740589037922618,-0.0007417811668126207,-0.04480994152046607,-0.6555555555556045,-0.005112781970663236,0.5475532664002152,2.0,4500.0,2.0,27.130675792694092,165.8639111824773,,,,,,,,,,,,,,,,,,,,,,,,,,,,,,,,,,,,,,,,,,,,,,,,,,,,,,,,,,,,,,
-3633.3361231486,0.0,1500.0,0.0,51.0,739.0,0.8987504950151308,664.0,75.0,1.66964703970341,8.158715883768252,2544.181684934992,51.6,0.025453827940015786,155.93846153846155,123.04615384615386,3.556279268870943,13.0,93.25,63.7,7.395306506657874,4.0,155.93846153846155,123.04615384615386,3.556279268870943,13.0,-0.013843446738935108,-0.025326718304848592,-0.05852570729456614,-0.0019190971399159706,-0.05589435258748125,-0.7199914107790522,-0.0032660383899267937,4.367769981428227,9.0,6000.0,3.0,39.794405460357666,150.7749627262825,,,,,,,,,,,,,,,,,,,,,,,,,,,,,,,,,,,,,,,,,,,,,,,,,,,,,,,,,,,,,,
-3195.5175414615205,0.0,1500.0,0.0,47.0,739.0,0.7745026313708422,572.0,167.0,1.8167336995760022,7.6976448416104075,2920.3464381640083,62.800000000000004,0.029258292955646664,143.0933333333333,112.14666666666666,3.7312651417804488,15.0,59.93333333333334,32.23333333333333,7.179880026924628,6.0,143.0933333333333,112.14666666666666,3.7312651417804488,15.0,-0.01293431336233892,-0.024970452562007826,-0.05660737583604445,-0.0016832862560081155,-0.05539989734607731,-0.7136741040423679,-0.0033667905057871094,1.1602494075681233,9.0,7500.0,4.0,51.53084444999695,145.54389861159055,,,,,,,,,,,,,,,,,,,,,,,,,,,,,,,,,,,,,,,,,,,,,,,,,,,,,,,,,,,,,,
-88.52617759089316,0.0,1500.0,0.0,33.0,739.0,0.5343479163247489,394.0,345.0,5.605512199984771,0.873972307798122,7043.594974010892,235.4,0.08773106738223017,46.26206896551727,26.889655172413793,8.295515229498722,58.0,43.76296296296296,25.074074074074066,8.879956946588239,27.0,46.26206896551727,26.889655172413793,8.295515229498722,58.0,0.14498008959620362,-0.020879523699454356,-0.004034490718644093,-0.006752557274284524,-0.03216713881019708,-0.5003966005666084,-0.027303227922361048,13.17276745643637,31.0,9000.0,5.0,70.20976781845093,128.1872918775673,0.8844788074493408,3.1282334327697754,-178.29653930664062,1.0385346412658691,-179.33506774902344,0.018143095076084137,0.018143095076084137,0.0,-3.1871960163116455,1.2123652696609497,1.2390066385269165,-0.02664150297641754,0.02664150297641754,,0.14802983403205872,,0.15332888066768646,4.153006033102671,4.358463744414085,-0.35438405459661804,2.1004096319278083,2.439996728695896,0.22741713444966505,-184.5691396077474,7.691448812251071,0.4781701755205477,2.56934206088384,0.603217079730676,-0.030276121711306704,-187.13848114013672,7.644401770614598,0.5084464746799852,0.014987732780476411,0.0018209130441319459,0.00021012774124758114,0.014987732780476411,0.0018209130441319459,0.00021012774124758114,0.0,0.0,0.0,-2.2761313120524087,2.4275655435463075,-0.22618374763526966,1.5175675670305888,0.1486985232459106,-0.0022247128014570195,1.5892796158790587,0.13778445093093758,-0.005168681759988145,-0.0717120299115777,0.04341023520585068,0.0029439683257704735,0.0717120299115777,0.04341023520585068,-0.0029439683257704735,0.1403221627076467,0.008033060147889431,0.0006645602630958909,0.1254539206624031,0.019677398705198603,0.002053212221127596
-92.71132254600525,0.0,1500.0,0.0,38.0,739.0,0.6125859199442003,452.0,287.0,5.40792594950299,1.2755187127704715,6960.789895598151,227.20000000000002,0.08175014392630973,47.91724137931037,27.62068965517242,7.743462967171033,58.0,43.72173913043477,24.85217391304348,9.03029729413879,23.0,47.91724137931037,27.62068965517242,7.743462967171033,58.0,0.13644250742842226,-0.027440235007889422,-0.008579648206867392,-0.006222623707529798,-0.012445025555687427,-0.49152502080118765,-0.02696366715644848,12.266985542449873,35.0,10500.0,6.0,89.20550799369812,117.70573629536158,1.7770106792449951,10.662323951721191,-181.1089630126953,1.4696738719940186,-182.57864379882812,0.025059716776013374,0.025059716776013374,0.0,-10.794023513793945,1.336309552192688,1.3786420822143555,-0.04233254864811897,0.04233254864811897,,0.18361079692840576,,0.2107621729373932,2.276354942719142,3.6882095671197206,-0.04682789958756549,7.911160469055176,2.012770543373531,0.18332362424279736,-179.41761423746746,1.7557871737824813,0.03184066619703865,1.4068568021059036,0.43759284097711615,-0.02664164784089877,-180.82447001139323,1.7032493337433026,0.05848224372567007,0.02178137730807066,0.0020532966228477252,0.00023712226302591876,0.02178137730807066,0.0020532966228477252,0.00023712226302591876,0.0,0.0,0.0,-8.028303623199463,1.9569864717096346,-0.17673640224639237,1.3122061769167581,0.10984793706286614,-0.005489392885244216,1.3459261616071065,0.10955606014729723,-0.005900493028829614,-0.03371997928867738,0.009786063544689498,0.0004111000031100243,0.03371997928867738,0.009786063544689498,-0.0004111000031100243,0.16313843379418055,0.007985397380693765,0.00020669735512292877,0.1695377434293429,0.013406671594722554,0.0008948783024532221
-47.3112689614296,0.0,1500.0,0.0,22.0,739.0,0.3442750489450046,254.0,485.0,5.674023206292455,1.4512848270423522,6595.910096338157,220.8,0.08317010697604339,45.772413793103446,23.575862068965513,8.260086610193113,58.0,45.23684210526315,25.93684210526316,8.317498371316214,38.0,45.772413793103446,23.575862068965513,8.260086610193113,58.0,0.14675162549062423,-0.022603032645844803,-0.017026586720626315,-0.0046666539022188714,-0.013491525423728945,-0.345129943502813,-0.020647680443247336,13.933783093008373,20.0,12000.0,7.0,107.21144390106201,111.9283498417759,1.0770328044891357,9.833187103271484,-181.95855712890625,0.07837232947349548,-182.03692626953125,0.030903177335858345,0.030903177335858345,0.0,-9.987471580505371,0.9658224582672119,1.0025402307510376,-0.036717742681503296,0.036717742681503296,,0.19217820465564728,,0.21619167923927307,4.056934603055319,10.504336013710368,-0.1269643474076031,11.179309272766114,1.2188650911239134,-0.02034445180245868,-181.52167053222655,2.3934094925607354,-0.1438678474129189,0.548231213291486,0.4154631315802997,-0.02055752401357236,-182.0699035644531,2.3059883554326737,-0.12331021556068698,0.02823117934167385,0.0016722942037151762,0.00019301814964668885,0.02823117934167385,0.0016722942037151762,0.00019301814964668885,0.0,0.0,0.0,-11.36728614171346,1.2236093757911597,0.021740126265037008,1.0946700870990753,0.11808944016315202,-0.00609038025969528,1.1328221837679544,0.11629741232274626,-0.005486807197299251,-0.03815209623426199,0.012569997457511212,-0.0006035723442727642,0.03815209623426199,0.012569997457511212,0.0006035723442727642,0.17559544891119003,0.010022652539941864,0.0006574262401816269,0.18925612519184748,0.013009232340804292,0.0008119252121886065
-48.908136508566265,0.0,1500.0,0.0,52.0,739.0,0.8332242835730762,615.0,124.0,5.430139421697267,2.0444589093919734,5597.616647013078,121.60000000000001,0.04464679101189602,47.78245614035089,20.515789473684208,7.735644169962386,57.0,40.959999999999994,20.139999999999997,9.243012284150918,10.0,47.78245614035089,20.515789473684208,7.735644169962386,57.0,0.13688752347930588,-0.016478844987514223,-0.012538594881995683,-0.004019144958220587,-0.004306827454891686,-0.35107444011246103,-0.01521040542860793,13.685130919273345,47.0,13500.0,8.0,126.75211930274963,106.50709490509595,1.476473093032837,14.876259803771973,-187.98291015625,0.023983322083950043,-188.00689697265625,0.0322016142308712,0.0322016142308712,0.0,-15.288825988769531,0.9195963740348816,0.9869807958602905,-0.06738442927598953,0.06738442927598953,,0.17893105745315552,,0.20850074291229248,1.5983860492706299,0.6371416040638391,0.0024645487644250792,12.696333726247152,1.2513715455506402,0.0549364119668688,-184.91004282633463,3.392247585688697,-0.29533200884554517,-0.015027274563908576,0.3111560078616924,-0.013207022750437338,-184.8950164794922,3.2859175735059685,-0.2821250363902549,0.0324655095115304,0.0005864421346998248,4.421702158265307e-05,0.0324655095115304,0.0005864421346998248,4.421702158265307e-05,0.0,0.0,0.0,-12.854475434621175,1.2402045195992415,-0.05511349454207175,0.9241350789864858,0.09752974787614242,-0.005328471363585316,0.9754490315914154,0.09082417110608268,-0.0038424986885970715,-0.051313962104419866,0.01777038275450122,-0.001485973437035972,0.051313962104419866,0.01777038275450122,0.001485973437035972,0.18962177783250808,0.011446899343086948,0.00017823215917962495,0.21484168072541554,0.014427962133860195,0.0005267953382052865
-39.196625888347626,0.0,1500.0,0.0,56.0,739.0,0.9104015386660778,672.0,67.0,5.496007065597771,2.3728007871502843,5349.909805522697,118.2,0.04315128504672897,47.22758620689654,18.844827586206897,7.919018246013084,58.0,40.166666666666664,22.033333333333335,10.05957585871881,6.0,47.22758620689654,18.844827586206897,7.919018246013084,58.0,0.14235850090085425,-0.014990155176383437,-0.013047801241532432,-0.003743068927736814,-0.004796203711549914,-0.32566731632915225,-0.013964730897560161,13.874008008574172,52.0,15000.0,9.0,146.43098068237305,102.43733894357274,1.6734366416931152,13.402750968933105,-186.11277770996094,-0.5803415775299072,-185.53244018554688,0.029542675241827965,0.029542675241827965,0.0,-13.576726913452148,0.7642430067062378,0.8152161836624146,-0.05097319185733795,0.05097319185733795,,0.19102492928504944,,0.23789924383163452,1.7869723399480184,0.7827497040481809,-0.013624013650404092,13.752780342102051,1.4114169607394715,0.02145088713479346,-189.5862070719401,2.8306661320341817,0.003704671042915361,-0.09728259307642778,0.32602563558246517,-0.00036602115157050605,-189.48892567952473,2.8727245591752273,0.004070573070556897,0.030813255657752354,0.0007266870516371488,-8.326965540614437e-05,0.030813255657752354,0.0007266870516371488,-8.326965540614437e-05,0.0,0.0,0.0,-13.867594337463379,1.4338556273116394,-0.018597445631186107,0.8777791937192281,0.09196550659267913,4.735579082245616e-05,0.9520302772521972,0.09351971926381486,-6.483155442559794e-05,-0.07425109259784221,0.01600844575965654,0.00011218810356631426,0.07425109259784221,0.01600844575965654,-0.00011218810356631426,0.19453399181365966,0.00966091382684077,-0.00010767619522315507,0.23126474022865295,0.012001826611827287,0.000412529461641065
-4.220480608940124,0.0,1500.0,0.0,11.0,739.0,0.16571318249227965,122.0,617.0,5.8568915106279675,0.9425933937529346,6869.199576879379,234.60000000000002,0.09126984126984126,44.31724137931035,23.472413793103456,8.575040643049016,58.0,45.316666666666684,25.979166666666668,8.274522399172136,48.0,44.31724137931035,23.472413793103456,8.575040643049016,58.0,0.185776278575824,-0.012040070874983608,-0.009584060558815033,-0.004226099373043311,0.0,-0.2492374727668869,-0.01726698218257105,15.347313367214861,10.0,16500.0,10.0,163.68037939071655,100.80621795611398,1.3433640003204346,15.989398956298828,-190.48089599609375,-0.4520798325538635,-190.02880859375,0.029042351990938187,0.029042351990938187,0.0,-16.178512573242188,0.7789281606674194,0.8522593379020691,-0.07333119213581085,0.07333119213581085,,0.20453870296478271,,0.25190913677215576,2.59455722173055,1.811446547170138,0.003807147803640706,15.03616024653117,1.1627876146922347,0.0638937887546082,-186.90269470214844,2.7211853831902366,-0.12875554951464627,-0.10874073728919029,0.414712957305825,0.0028963103890419,-186.79395497639973,2.738565692309992,-0.13165184419862813,0.029067319259047507,0.0001845881901226485,-3.743008425557313e-06,0.029067319259047507,0.0001845881901226485,-3.743008425557313e-06,0.0,0.0,0.0,-15.132273387908935,1.18955668674913,-0.06478037743997989,0.8926159918308259,0.11636501086597256,0.0001699383585020491,0.9492678304513296,0.11715384094062896,0.0008143809401286002,-0.05665182682375113,0.01490206161964353,-0.0006444450074162436,0.05665182682375113,0.01490206161964353,0.0006444450074162436,0.19977477490901946,0.01098634706305325,0.0004768710446702426,0.24451822290817896,0.011124390083680463,0.00036071537930655075
-16.268755815923214,0.0,1500.0,0.0,17.0,739.0,0.2757420122976015,203.0,536.0,5.666904846022398,1.1451271454200862,6552.201383500198,210.4,0.07923476689011072,45.78275862068967,21.993103448275868,8.206660683703728,58.0,45.89523809523811,24.93333333333334,8.111729478803815,42.0,45.78275862068967,21.993103448275868,8.206660683703728,58.0,0.15248833268143294,-0.010265148950158681,-0.00814681454652856,-0.0033662263928482617,-2.905287623474724e-05,-0.26542707728064563,-0.012091892102332297,15.319742746300905,16.0,18000.0,11.0,181.41800785064697,99.21837536006109,3.391576051712036,18.681835174560547,-188.55055236816406,0.020548075437545776,-188.57110595703125,0.029059939086437225,0.029059939086437225,0.0,-18.832490921020508,0.9231792092323303,0.9858072996139526,-0.06262817978858948,0.06262817978858948,,0.2103918492794037,,0.2625320851802826,2.128572420279185,0.7840812974271109,0.009680960706131541,16.026312351226807,1.8714161155378337,0.09889374691599308,-189.24566497802735,2.9967418861121704,0.0979351277080881,0.08889584181209405,0.2998950694939151,-0.0032171644436172703,-189.33456064860027,3.086509321274599,0.1011523661544557,0.029417165368795396,0.0002505002183390992,-7.4137395892188185e-06,0.029417165368795396,0.0002505002183390992,-7.4137395892188185e-06,0.0,0.0,0.0,-16.09898869196574,1.8829339755917043,-0.10381532802730291,0.9371753613154093,0.08083106532091033,-0.000275866234793173,1.0052975674470266,0.08511844663128414,-0.0009235973883258903,-0.06812220799426237,0.017316240986560677,0.0006477311228684794,0.06812220799426237,0.017316240986560677,-0.0006477311228684794,0.21159815539916357,0.013705998341544469,-0.00030161946912496233,0.25442520330349605,0.013770950381093114,-0.00011566242532550346
-26.342571187526623,0.0,1500.0,0.0,51.0,739.0,0.8283178283149278,612.0,127.0,5.432844160888085,2.118744776395724,5255.280286861344,110.80000000000001,0.04069938289744343,47.76140350877194,16.947368421052627,7.740072650353086,57.0,43.260000000000005,21.939999999999994,8.728988615419915,10.0,47.76140350877194,16.947368421052627,7.740072650353086,57.0,0.13998591307800448,-0.01136918755479747,-0.01166111263751765,-0.003963703244537057,-0.0004409333088370383,-0.2743340069814561,-0.011074084530533336,13.694079703954538,47.0,19500.0,12.0,201.0760293006897,96.97824284584236,3.844616651535034,14.490720748901367,-191.08653259277344,0.16331471502780914,-191.24984741210938,0.028446145355701447,0.028446145355701447,0.0,-14.37820053100586,0.951062798500061,1.0258792638778687,-0.07481648772954941,0.07481648772954941,,0.22039465606212616,,0.2674344778060913,2.063136253754298,0.7635846741939941,0.01791121321870168,16.742724990844728,1.2729010501437321,-0.04615526804006462,-188.81316986083985,3.2566449865641607,0.15300633448515283,0.04844432721535365,0.3288034938684851,-0.0003586564498960824,-188.86161295572916,3.230556558093837,0.15336495167156258,0.02937019510815541,0.00046368653362936047,-1.9650132673999537e-05,0.02937019510815541,0.00046368653362936047,-1.9650132673999537e-05,0.0,0.0,0.0,-16.783890342712404,1.2653853257149899,0.04539372504619441,0.9307340860366822,0.09547414869921983,0.000824215945200324,0.9936266760031383,0.0932207376939147,-0.00010911067150061849,-0.06289258723457654,0.0181625372006584,0.0009333271902050422,0.06289258723457654,0.0181625372006584,-0.0009333271902050422,0.2197875887155533,0.012578293690556469,-0.00044594403103541207,0.27119196554025016,0.010658955622828812,-0.00021854824033277362
-27.76631055707517,0.0,1500.0,0.0,50.0,739.0,0.7978849870002003,589.0,150.0,5.499399899908883,2.0371548199594205,5303.311719711426,123.4,0.045122129589001025,47.15172413793104,17.36206896551724,7.982183821662222,58.0,42.66666666666668,22.383333333333336,9.098867108699006,12.0,47.15172413793104,17.36206896551724,7.982183821662222,58.0,0.1404133257779323,-0.011913653733804604,-0.01239500323264304,-0.004071154385092402,-0.0003340332124451233,-0.28188585607941624,-0.011861223685271894,13.700965568810481,46.0,21000.0,13.0,220.56699228286743,95.20916880014589,2.1489601135253906,16.715248107910156,-191.3417510986328,0.11308728158473969,-191.454833984375,0.02610613964498043,0.02610613964498043,0.0,-16.60186004638672,0.9376848340034485,1.0110193490982056,-0.07333444058895111,0.07333444058895111,,0.21353235840797424,,0.27978748083114624,2.310020899772644,0.7800615223417233,0.018394923130582767,18.01617863972982,1.6006283030781772,-0.012489861137212132,-189.543505859375,3.251130963958256,0.001906421903247232,0.028736321876446407,0.4203411000629337,0.006836932912485493,-189.5722401936849,3.2643086862458373,-0.004930500034755903,0.026960384162763754,0.0005884761807838316,-6.398349229631808e-05,0.026960384162763754,0.0005884761807838316,-6.398349229631808e-05,0.0,0.0,0.0,-18.052532386779784,1.6266589113569843,0.019277326946662104,0.9236491421858469,0.11625714509105421,0.001948328901318454,0.9878774424393971,0.11646339870927254,0.0018888828751772795,-0.06422829429308573,0.017986287240199742,5.944669080921212e-05,0.06422829429308573,0.017986287240199742,-5.944669080921212e-05,0.2134430338939031,0.013559389747809817,-0.00023579624656576304,0.27024395018815994,0.014557315612399205,0.00039956582600335453
-22.923081043439034,0.0,1500.0,0.0,42.0,739.0,0.6734690311686371,497.0,242.0,5.511042208429297,2.3016370931061685,5922.986887589366,127.2,0.046528641451459504,47.13448275862069,18.41379310344828,7.944912871334721,58.0,45.46315789473684,25.821052631578947,8.231254767173528,19.0,47.13448275862069,18.41379310344828,7.944912871334721,58.0,0.14171284404797999,-0.012424247576161332,-0.012602834512543768,-0.004334685753517128,-0.0004422270098650643,-0.2618891030729082,-0.012426970283306369,13.801771403302578,39.0,22500.0,14.0,239.72940945625305,93.85581873760843,1.4639835357666016,16.728862762451172,-192.07101440429688,0.6170064806938171,-192.68801879882812,0.02514553628861904,0.02514553628861904,0.0,-16.67595672607422,1.070035696029663,1.147524118423462,-0.07748857140541077,0.07748857140541077,,0.23627078533172607,,0.292013943195343,2.3399181246757506,1.0648162046818055,-0.03313523731189269,17.19810962677002,1.650002690723965,0.055172991301777115,-189.01380055745443,2.9243553981210253,0.025578289435096605,0.11186004330714544,0.3351887330066222,0.008790399792197017,-189.12566121419272,2.8991352785532465,0.016787811381140258,0.02552211092164119,0.0004700441896123909,-5.084846098311651e-05,0.02552211092164119,0.0004700441896123909,-5.084846098311651e-05,0.0,0.0,0.0,-17.191837946573894,1.713741431029834,-0.060707943060241396,0.9512072344621022,0.09308498966043688,0.0025514016162036185,1.0103972415129343,0.0912595006381632,0.0023728019138331705,-0.05919003039598465,0.015984738524290845,0.0001785984045273745,0.05919003039598465,0.015984738524290845,-0.0001785984045273745,0.21808640509843827,0.009181359486125406,0.00011600082588938158,0.2723364656170209,0.012145867673960992,4.5795617697624906e-05
-28.203893441706896,0.0,1500.0,0.0,35.0,739.0,0.5602251549914286,414.0,325.0,5.319873718391168,2.082685911633967,6329.467406038908,170.0,0.060138672704117734,48.737931034482756,21.006896551724132,7.522759483379333,58.0,47.715384615384615,27.861538461538462,7.681832045081654,26.0,48.737931034482756,21.006896551724132,7.522759483379333,58.0,0.13546678362107456,-0.012338339778665353,-0.011728580720198204,-0.004897333268096075,-0.0074318963237239525,-0.2613065326633063,-0.012077366986367608,12.988509833607958,32.0,24000.0,15.0,258.6096091270447,92.80397615933038,1.3046371936798096,15.295488357543945,-197.61123657226562,-0.3775361478328705,-197.23370361328125,0.024365229532122612,0.024365229532122612,0.0,-15.110689163208008,0.7786279916763306,0.8783613443374634,-0.09973336011171341,0.09973336011171341,,0.21491506695747375,,0.27522286772727966,1.7725116550922393,0.590309413638088,0.006835920752354484,18.015128326416015,1.7544451181579408,0.01541115375726673,-193.54682312011718,3.4705372287384417,-0.08991232119889504,0.02537838853895664,0.3459532906439934,-0.009346239854715301,-193.57220153808595,3.3015698915219756,-0.08056626367621479,0.024793692119419574,0.00017893308952792925,-1.6142314795127996e-05,0.024793692119419574,0.00017893308952792925,-1.6142314795127996e-05,0.0,0.0,0.0,-18.02803109486898,1.740790604594749,-0.00982287473752811,0.9059180120627085,0.10276662930773245,-0.002878837047084716,0.9868842244148255,0.09356832928025137,-0.0025257704653119683,-0.08096622464557489,0.01794850733636765,-0.000353066534533252,0.08096622464557489,0.01794850733636765,0.000353066534533252,0.21944253544012707,0.011869437942852133,-7.937091078456534e-05,0.27781312763690946,0.013875222381453844,-2.7753838707799154e-05
-29.8559555074443,0.0,1500.0,0.0,50.0,739.0,0.8105673135181114,599.0,140.0,5.255514543464669,2.198257557886098,5546.561551934379,111.4,0.039601848560255955,49.35087719298247,17.357894736842102,7.358110301509173,57.0,44.67272727272728,22.21818181818181,8.188675611155643,11.0,49.35087719298247,17.357894736842102,7.358110301509173,57.0,0.13311482441979705,-0.013250842265226897,-0.012785059484305266,-0.0035443521927561463,-0.0026032721684895723,-0.2693663563228898,-0.012346509964105343,13.622012887836357,46.0,25500.0,16.0,278.21127128601074,91.65696228671169,1.3043971061706543,18.80063247680664,-187.16677856445312,0.6806812286376953,-187.8474578857422,0.02217148430645466,0.02217148430645466,0.0,-18.668289184570312,1.1128716468811035,1.1587053537368774,-0.04583367705345154,0.04583367705345154,,0.21684493124485016,,0.2891319990158081,1.7359973629315695,0.4744054679961974,0.004463721302910803,18.994691562652587,1.7820071512518276,0.03665156656165493,-191.20735575358074,3.0855022563626138,0.11511897849824534,-0.033507593472798664,0.41091850543154046,0.005447524408079494,-191.1738474527995,2.986815752374037,0.1096715059375922,0.022911217622458936,0.0005533434098331676,-5.9935266154096844e-05,0.022911217622458936,0.0005533434098331676,-5.9935266154096844e-05,0.0,0.0,0.0,-19.00282080968221,1.7405276157814573,-0.034920278725289335,0.9057547648747762,0.11282438739527725,0.002145583876248046,0.970989070336024,0.10865589961415942,0.0014607862715461095,-0.06523429776231447,0.016582096168614845,0.0006847995970485218,0.06523429776231447,0.016582096168614845,-0.0006847995970485218,0.21184260646502176,0.010098017929357054,-9.041118940071718e-05,0.27342118124167125,0.01082695174268584,0.0001503492687912722
-19.74455119172732,0.0,1500.0,0.0,26.0,739.0,0.4093751922958154,302.0,437.0,5.49954513785218,1.9158622785017445,6602.11984979613,167.4,0.06114845119812975,47.199999999999996,20.07931034482759,7.939128444867989,58.0,45.76470588235294,24.5,8.135039612277087,34.0,47.199999999999996,20.07931034482759,7.939128444867989,58.0,0.13663324642961214,-0.012760554723969664,-0.010974235007614477,-0.0045173292266270084,-0.00034086831718693945,-0.23796196627196967,-0.012509101017275849,13.335004221230685,24.0,27000.0,17.0,296.61280608177185,91.02776227590286,1.334609866142273,19.82779312133789,-191.5247039794922,0.1888667643070221,-191.7135772705078,0.021898023784160614,0.021898023784160614,0.0,-19.81694984436035,0.9650154709815979,1.0294231176376343,-0.06440763175487518,0.06440763175487518,,0.2374441921710968,,0.304289847612381,1.6464315632979074,0.6042651749153898,-0.002864625947228854,18.85426403681437,2.022000329279212,0.05360099296018188,-189.06270853678384,2.864069235760623,-0.02257363867838683,-0.03953822130958239,0.3912612489557602,0.00701325289300075,-189.0231699625651,2.756952289028212,-0.02958680896525123,0.021870420873165132,0.000202663125458811,2.5847340385956493e-06,0.021870420873165132,0.000202663125458811,2.5847340385956493e-06,0.0,0.0,0.0,-18.841419792175294,2.0153873232389183,-0.05783978505712703,0.9186412970225016,0.10650347254042822,0.001766487488624642,0.9696049273014069,0.10224727570462941,0.0018439066555926704,-0.05096362866461277,0.014985582079640328,-7.741871197708804e-05,0.05096362866461277,0.014985582079640328,7.741871197708804e-05,0.2158896043896675,0.012724288992934037,0.00010328600152049909,0.28268165787061056,0.014328612289914847,0.00041915186255075574
-9.874028968811036,0.0,1500.0,0.0,27.0,739.0,0.42834091615633474,316.0,423.0,5.672207717447582,1.5034865733483247,6287.317949112573,176.0,0.06626007077780288,45.79655172413794,19.13793103448277,8.232859907382954,58.0,45.21212121212122,24.78787878787879,8.302863703406228,33.0,45.79655172413794,19.13793103448277,8.232859907382954,58.0,0.147550900370506,-0.012306060198753023,-0.01181999274157263,-0.0036990848495245007,-0.0017707192405987554,-0.21321650237312303,-0.013584400284835953,13.976275030880144,25.0,28500.0,18.0,315.00739908218384,90.47406531731814,1.9635391235351562,17.116283416748047,-191.02345275878906,-0.8298982381820679,-190.1935577392578,0.019685421139001846,0.019685421139001846,0.0,-17.299598693847656,0.7151241898536682,0.768703281879425,-0.05357909947633743,0.05357909947633743,,0.20660343766212463,,0.27477437257766724,1.6198269168535868,0.5663616572931364,0.015546989626560894,19.00293140411377,1.2533234387556897,0.006589894618287511,-190.87349548339844,3.9627558823638775,-0.231149648426636,-0.2309762346247832,0.49394202824772776,-0.012994440622602875,-190.64251963297525,3.8053327088045155,-0.21815538926171685,0.021072061359882356,0.0008034193959010475,-8.849129080772426e-05,0.021072061359882356,0.0008034193959010475,-8.849129080772426e-05,0.0,0.0,0.0,-18.993907674153647,1.2781270944731453,-0.008799575618959736,0.8631605585416158,0.13437117647564117,-0.004389212526654532,0.9204079210758209,0.12780354667901087,-0.0032879338115951104,-0.057247352600097653,0.020340230820507614,-0.0011012801007513732,0.057247352600097653,0.020340230820507614,0.0011012801007513732,0.2200210854411125,0.013078440714640965,-0.00025740873495384966,0.2840616226196289,0.017268436877620048,-4.9212989340377765e-05
-16.038333945804172,0.0,1500.0,0.0,19.0,739.0,0.30206836636714335,223.0,516.0,5.840670378500174,1.2768496341557711,6558.149293246496,190.0,0.07368339408981618,44.45862068965518,19.910344827586208,8.497941241523748,58.0,42.919999999999995,22.919999999999998,8.757981206302105,40.0,44.45862068965518,19.910344827586208,8.497941241523748,58.0,0.14229579815944451,-0.012633008097431453,-0.009954665314365457,-0.003901274699335608,-0.00017326732673267326,-0.23564356435643072,-0.01308591668752425,13.834301572112325,18.0,30000.0,19.0,332.95684576034546,90.10176658627195,1.430855393409729,18.919389724731445,-193.71302795410156,0.5331366062164307,-194.2461700439453,0.02030877396464348,0.02030877396464348,0.0,-18.85352325439453,1.043798804283142,1.1168196201324463,-0.07302071899175644,0.07302071899175644,,0.22752201557159424,,0.2863272726535797,1.5031971395015717,0.4122084452611231,-0.001546138584680133,19.455649375915527,1.985908892008926,-0.006597969980208462,-191.8208017985026,2.808671158521488,-0.002637058211373269,-0.08863274703423182,0.37676845235984063,-0.008757362797342504,-191.73216908772787,2.816361954882028,0.006120288411824536,0.0201252785200874,0.00020692086222494599,2.032034347730915e-05,0.0201252785200874,0.00020692086222494599,2.032034347730915e-05,0.0,0.0,0.0,-19.416530323028564,1.9942322080605481,0.007895041095534688,0.8965908626715342,0.09626421882748082,-0.002132364282088262,0.9572127242883046,0.09652513647513812,-0.0022508766680326337,-0.06062186844646931,0.01531302410762926,0.00011851259230639217,0.06062186844646931,0.01531302410762926,-0.00011851259230639217,0.2277314320206642,0.013412019627576342,0.0003314685602739669,0.2868370155493418,0.017579553085014958,0.00017963361421866248
-20.902646497238514,0.0,1500.0,0.0,47.0,739.0,0.7530058299357238,556.0,183.0,5.330437459668421,1.8393220704569166,5333.815197414722,100.60000000000001,0.03568641362185172,48.603448275862064,16.89655172413792,7.6164181848537265,58.0,45.64000000000001,24.18666666666667,8.318414389058194,15.0,48.603448275862064,16.89655172413792,7.6164181848537265,58.0,0.13467049937528486,-0.011476093335828028,-0.00984339689714931,-0.0035634898245354716,-0.000868621064060802,-0.24368769124469583,-0.011170970900067217,13.481440666584916,43.0,31500.0,20.0,352.4175605773926,89.38260610053355,1.2324116230010986,20.828577041625977,-188.9595184326172,0.4616711437702179,-189.4211883544922,0.02034866064786911,0.02034866064786911,0.0,-20.94141387939453,1.0541731119155884,1.0985356569290161,-0.044362567365169525,0.044362567365169525,,0.21773004531860352,,0.2773062586784363,2.4733087062835692,5.268865498119328,0.0014033805011244116,20.05792376200358,1.3599296849950888,-0.01430594727513018,-189.91392873128254,2.360725941948508,-0.06334288600288551,-0.12770676215489704,0.4948433890617787,-0.0034199999291056,-189.78622233072917,2.312593171337672,-0.059922809197716954,0.02105994845430056,0.000455565010221847,9.39844745947775e-07,0.02105994845430056,0.000455565010221847,9.39844745947775e-07,0.0,0.0,0.0,-20.007370313008625,1.3298269522267958,0.01938356181007932,0.8992305477460225,0.12823805786629136,-0.0011368662417266548,0.9467749337355296,0.1277896791852172,-0.0008959826028121754,-0.04754438884556293,0.01238109381315478,-0.0002408844104929671,0.04754438884556293,0.01238109381315478,0.0002408844104929671,0.2322141135732333,0.012483168559476931,-0.000607837138239618,0.2977886478106181,0.015639919255862004,-0.00031013600155297474
-12.219769304448908,0.0,1500.0,0.0,24.0,739.0,0.37971222388886844,280.0,459.0,5.663320642012351,1.3661125151465878,6436.8700207855645,180.4,0.06787568665813831,45.82413793103448,20.61034482758621,8.22104253954011,58.0,45.27222222222221,25.294444444444455,8.220362718301796,36.0,45.82413793103448,20.61034482758621,8.22104253954011,58.0,0.14768521882974547,-0.011841141947568351,-0.008853343209885386,-0.0035122992899972783,-0.0003903842202588865,-0.23406615985205867,-0.012983302790357868,15.20387528121625,22.0,33000.0,21.0,370.6633343696594,89.02957735520012,1.280829906463623,19.87342071533203,-192.2408905029297,-0.34920284152030945,-191.89169311523438,0.020156068727374077,0.020156068727374077,0.0,-19.804941177368164,0.835390031337738,0.8905547857284546,-0.05516483634710312,0.05516483634710312,,0.2262602299451828,,0.2879568338394165,1.3804039160410564,0.6130183847254335,-0.015575740440801537,19.783134078979494,1.6170084620268725,-0.017326573084406535,-192.960302734375,2.3705360171866006,0.014521736934270647,-0.050431478023529056,0.5373332765203436,4.661943477570507e-05,-192.90987141927084,2.3116797022247155,0.014474972734463656,0.02018477817376455,0.00028995836513514466,1.233486381998553e-05,0.02018477817376455,0.00028995836513514466,1.233486381998553e-05,0.0,0.0,0.0,-19.741192563374838,1.6264382114203901,0.015055850138256317,0.9050908029079437,0.1380162294096042,0.00016833960148063121,0.9669897437095643,0.13753669252889428,4.2334812236283404e-06,-0.06189894638955593,0.012548128856652898,0.00016410350219426488,0.06189894638955593,0.012548128856652898,-0.00016410350219426488,0.2296669915318489,0.010088539579615623,-0.000174967024694966,0.2932473510503769,0.0133269172812538,1.404096472912301e-05
-17.133010008396248,0.0,1500.0,0.0,42.0,739.0,0.6745397725916278,498.0,241.0,5.501593309645699,1.851328326854741,5552.217597713833,114.0,0.04167275917531803,47.16551724137932,16.97586206896551,7.944474428107671,58.0,45.27368421052632,24.073684210526316,8.305449089127452,19.0,47.16551724137932,16.97586206896551,7.944474428107671,58.0,0.14124519050088505,-0.011365821271707547,-0.009045648938966316,-0.0036472630018658625,-0.001606516574273104,-0.23857902477655069,-0.011481190590971548,13.34573788171279,39.0,34500.0,22.0,389.7519371509552,88.51784099443172,1.4570494890213013,18.788671493530273,-195.31353759765625,-0.13061551749706268,-195.18292236328125,0.01871635392308235,0.01871635392308235,0.0,-18.810752868652344,0.8768261671066284,0.9471692442893982,-0.0703430324792862,0.0703430324792862,,0.24094276130199432,,0.3098829388618469,1.457021137078603,0.8203290086031512,-0.024113522567791507,19.452522786458335,2.0415575235195584,-0.02147684744388356,-193.02552642822266,2.8793212152069247,-0.05831451246284761,-0.13933795765042306,0.4326064054594435,-0.007884272841842337,-192.88618927001954,2.7677296577350847,-0.05043016885623332,0.019143274674812954,0.00037441333286493834,-4.141385417361201e-05,0.019143274674812954,0.00037441333286493834,-4.141385417361201e-05,0.0,0.0,0.0,-19.443877601623534,2.0731585560887273,0.016897008893752934,0.8856279412905376,0.11306061690829358,-0.0021565891081287247,0.9448374927043914,0.10947741248330282,-0.0019698147381240518,-0.05920956836392482,0.014808030144765694,-0.00018677319523290856,0.05920956836392482,0.014808030144765694,0.00018677319523290856,0.23138388146956762,0.01279862438246515,-0.0001595947812741323,0.29426045914491017,0.015843233687739045,-0.00016660315706680133
-4.853064846992493,0.0,1500.0,0.0,22.0,739.0,0.3472419530023838,256.0,483.0,5.850884075373939,1.6431251498741186,6430.619314335969,147.20000000000002,0.05719170098686767,44.37586206896552,18.106896551724134,8.547230647284394,58.0,42.81052631578947,21.905263157894733,8.914695114936615,38.0,44.37586206896552,18.106896551724134,8.547230647284394,58.0,0.1449358153182471,-0.010740577153929528,-0.008443242985250284,-0.002912495915934946,-0.0010013351134846463,-0.1938584779706241,-0.011175234364820699,13.840974698390866,20.0,36000.0,23.0,407.8350667953491,88.27097748822254,1.6220917701721191,21.262983322143555,-192.9998779296875,-0.2546350359916687,-192.7452392578125,0.018453964963555336,0.018453964963555336,0.0,-21.353878021240234,0.8615095615386963,0.9162214994430542,-0.05471197888255119,0.05471197888255119,,0.22958675026893616,,0.27979788184165955,1.438353673617045,1.040405676015202,0.021217784467873205,20.174702072143553,2.482965821105141,-0.040018654930446075,-192.4776184082031,2.4460782020786795,0.08998730821790366,-0.029039022823174793,0.4194600955676687,0.01079953793224955,-192.44858042399088,2.485907771099297,0.07918777550685814,0.01847175552199284,0.00027581495824084923,-2.3191362138717487e-05,0.01847175552199284,0.00027581495824084923,-2.3191362138717487e-05,0.0,0.0,0.0,-20.143181355794272,2.445457799334816,0.03652788529274137,0.9182856520016988,0.103836478971835,0.003228766528332175,0.9726184527079265,0.10518788026250324,0.002719526375758878,-0.05433281057824691,0.013579773454630472,0.0005092408118543699,0.05433281057824691,0.013579773454630472,-0.0005092408118543699,0.23192248841126759,0.015416099303961752,-0.00017762981744709447,0.2931908349196116,0.01815103012848204,-0.00038328116409506275
-9.959862969138406,0.0,1500.0,0.0,12.0,739.0,0.19464910990880702,143.0,596.0,5.679693419241099,1.2703980983834613,6841.437150015236,217.20000000000002,0.08183256725190265,45.762068965517244,22.15172413793103,8.24064991931126,58.0,45.21702127659575,24.591489361702124,8.35057465458337,47.0,45.762068965517244,22.15172413793103,8.24064991931126,58.0,0.14121588610941677,-0.011980596967940734,-0.010799497127675415,-0.0031744470345980704,-0.0003886513797123979,-0.20054411193159927,-0.012044592958353589,12.89680011234892,11.0,37500.0,24.0,425.386536359787,88.15511727499278,1.5127973556518555,19.476512908935547,-194.00697326660156,0.24744901061058044,-194.25442504882812,0.019317755475640297,0.019317755475640297,0.0,-19.49034881591797,0.9823929667472839,1.0426959991455078,-0.06030300259590149,0.06030300259590149,,0.23251023888587952,,0.2808009386062622,1.2656476060549418,0.37479358697376963,0.013516183106334345,19.769527244567872,1.7676059666582127,-0.010318874490672376,-193.64079844156902,3.368439122144218,0.09155904496207318,0.12893485973278682,0.32786455528783104,0.005496306268206162,-193.7697321573893,3.2228198887842985,0.08606273748718903,0.018620880631109078,0.0003650230006541046,3.6327804006776784e-05,0.018620880631109078,0.0003650230006541046,3.6327804006776784e-05,0.0,0.0,0.0,-19.6927131652832,1.785182089127166,0.006073685456171399,0.9534567495187124,0.09066661937683973,0.0019299832944477421,1.012370338042577,0.08215528762157685,0.0013850534983285826,-0.0589136037354668,0.017456992899976705,0.000544930802651986,0.0589136037354668,0.017456992899976705,-0.000544930802651986,0.2349429075916608,0.012578708273503186,0.0005196322489103003,0.2962294807036718,0.015587900604060831,0.00028673645784379293
-17.264297195843287,0.0,1500.0,0.0,31.0,739.0,0.49243902584441396,363.0,376.0,5.518832954400751,1.5994125386108538,6216.908101466603,170.4,0.062454185603283974,47.04137931034482,19.244827586206902,7.997384968551046,58.0,44.78666666666667,24.566666666666674,8.5467796308232,30.0,47.04137931034482,19.244827586206902,7.997384968551046,58.0,0.1359525244353402,-0.010344795691303156,-0.008212677790101151,-0.003490559038251071,-0.0006498413178177422,-0.2292277467130041,-0.010290648430285296,12.574531657638788,28.0,39000.0,25.0,444.0630440711975,87.82536741280153,0.8081365823745728,22.244373321533203,-196.3928680419922,-0.17543116211891174,-196.21743774414062,0.01782982610166073,0.01782982610166073,0.0,-22.040557861328125,0.8681691288948059,0.9364328384399414,-0.0682637095451355,0.0682637095451355,,0.22647413611412048,,0.2829180657863617,1.7430559595425923,2.7185152421623995,-0.023768035508899527,19.431119664510092,1.8988498860405738,-0.019501726195067275,-194.0062494913737,2.945886502861297,-0.0462687321579061,-0.04863400384783745,0.36999175310775084,0.0032564784564881803,-193.9576151529948,2.8268405884256693,-0.049525242891404184,0.018427552282810213,0.0004237719899631633,-4.3365124766367975e-05,0.018427552282810213,0.0004237719899631633,-4.3365124766367975e-05,0.0,0.0,0.0,-19.426997502644856,1.9148485125166124,0.02496460436183463,0.9102924903233846,0.09783981574315308,0.000659769395567275,0.9677002966403961,0.09274146121765159,0.0008405742311106246,-0.057407807124157745,0.015022639225002877,-0.00018080573930955046,0.057407807124157745,0.015022639225002877,0.00018080573930955046,0.24854616671800614,0.0168247476560798,-0.0005598371398860079,0.30913977523644764,0.018591501186891984,-0.0007472184860666686
-15.703916830894274,0.0,1500.0,0.0,42.0,739.0,0.6779625948291067,501.0,238.0,5.501524349039597,1.6863335017572532,5406.850573251285,117.2,0.04287386596429617,47.13103448275861,16.006896551724136,7.965329199422279,58.0,44.000000000000014,21.536842105263162,8.645196038879341,19.0,47.13103448275861,16.006896551724136,7.965329199422279,58.0,0.13903200747410574,-0.010936882674575082,-0.008815145778246375,-0.00319448520156278,-0.0005569789461958336,-0.23134677509189308,-0.010782145436124284,13.43689887657541,39.0,40500.0,26.0,463.3780794143677,87.40163119322611,1.944643497467041,18.38751220703125,-191.00634765625,0.13307800889015198,-191.13941955566406,0.017481539398431778,0.017481539398431778,0.0,-18.4898681640625,0.9742021560668945,1.0128865242004395,-0.03868434205651283,0.03868434205651283,,0.24970701336860657,,0.30838441848754883,1.271566245953242,0.6447390830051941,0.024150371697375973,18.899337927500408,1.5571647044283021,0.017912587175379382,-193.27227121988932,2.3503939731999037,-0.0032121906556265836,0.11428718840082487,0.44223890154959006,0.010209248771060171,-193.38655853271484,2.292053999650245,-0.013421416998703067,0.017610625674327213,9.798252608299112e-05,-7.875937475378549e-06,0.017610625674327213,9.798252608299112e-05,-7.875937475378549e-06,0.0,0.0,0.0,-18.834604485829672,1.576298048380758,-0.015847264672810436,0.9564022839069366,0.11070268281971118,0.0025323547828979428,1.0082553605238596,0.10943879681491768,0.0025215170805127918,-0.05185307177404563,0.012210165598785601,1.0836171659666116e-05,0.05185307177404563,0.012210165598785601,-1.0836171659666116e-05,0.24324648131926854,0.010709882666031909,-7.304521702288434e-05,0.30039146145184836,0.014337933714717331,-0.0002671200521000314
-24.187404044131014,0.0,1500.0,0.0,51.0,739.0,0.816650542383942,603.0,136.0,5.3124151549319105,1.900135523931303,5121.683844210893,95.2,0.033618193375238366,48.824137931034485,15.979310344827583,7.552783460910058,58.0,41.10909090909091,19.85454545454545,9.427674901989738,11.0,48.824137931034485,15.979310344827583,7.552783460910058,58.0,0.13145321398283583,-0.011040735799933745,-0.008850898560329527,-0.003052965022729923,-0.0018872963589424046,-0.25225674352355526,-0.010417665574208144,13.109283543234584,47.0,42000.0,27.0,483.58913373947144,86.85058672684539,0.7521002888679504,18.955387115478516,-195.69699096679688,0.48176348209381104,-196.1787567138672,0.016767717897892,0.016767717897892,0.0,-19.01807975769043,1.0348362922668457,1.0978405475616455,-0.06300424039363861,0.06300424039363861,,0.23284350335597992,,0.2984377145767212,1.286891190210978,0.6629046072791439,0.015954790125964593,18.72632738749186,1.6488395987469913,0.022733667562482157,-194.1254135131836,1.8797757530663814,-0.05738140101957869,-0.13185483813285828,0.42056869972289185,0.011921282366199944,-193.99355824788412,2.029049011431318,-0.06930263973316483,0.016975096923609576,0.0002234374749893527,-4.459366832214709e-06,0.016975096923609576,0.0002234374749893527,-4.459366832214709e-06,0.0,0.0,0.0,-18.63334935506185,1.6702790391850042,-0.02758553391436393,0.8950775762399038,0.09900074321227641,0.002634221335274189,0.9476746559143067,0.1031725235721612,0.002919398107305906,-0.05259709283709526,0.010608114348117289,-0.000285176216760386,0.05259709283709526,0.010608114348117289,0.000285176216760386,0.24260633985201518,0.014108263559342369,-0.00045326084926210967,0.3037486990292867,0.01451348073645937,-0.0004995927927358869
-3.9222636222839355,0.0,1500.0,0.0,6.0,739.0,0.09504227331866202,70.0,669.0,5.843330418278984,0.9927802336952676,7158.843082620437,236.4,0.09172033832544424,44.437931034482766,22.793103448275858,8.503448956696593,58.0,44.21923076923077,24.22692307692307,8.522509013711467,52.0,44.437931034482766,22.793103448275858,8.503448956696593,58.0,0.1461010928146982,-0.01238916211965434,-0.009404005285108872,-0.002961390131480616,-0.0006976744186046511,-0.19286821705426463,-0.014041024456914013,14.623717636047365,6.0,43500.0,28.0,500.6227662563324,86.8917734710587,0.9575374126434326,17.7158260345459,-197.78367614746094,-0.6594151854515076,-197.124267578125,0.01608409732580185,0.01608409732580185,0.0,-17.80077362060547,0.7548362016677856,0.8203315734863281,-0.06549537181854248,0.06549537181854248,,0.254937082529068,,0.32183027267456055,1.3407301286856332,0.7680556659408608,0.004120904545364955,19.070422490437824,2.0711932051384743,-0.021751168731588177,-194.92888743082682,2.9797982698240286,-0.10611357386570584,0.000756576657295227,0.4113456957771447,-0.0010048666639508354,-194.9296447753906,2.905628137374855,-0.10510883946571775,0.016792457737028598,0.0004576881886218123,-4.297348238668738e-05,0.016792457737028598,0.0004576881886218123,-4.297348238668738e-05,0.0,0.0,0.0,-19.02831703821818,2.08280118720066,0.018236009430169686,0.92509143948555,0.10296375357155968,-0.0007297230111611287,0.980154009660085,0.10016984266504998,-0.00025484705130437985,-0.055062561916808285,0.015219324428698106,-0.00047487646084407134,0.055062561916808285,0.015219324428698106,0.00047487646084407134,0.24426773538192112,0.01609031423942431,0.0001930998250825476,0.3062946140766144,0.017377064137860568,0.0003767227171790649
1.3518311500549316,1.0,1500.0,0.0,17.0,739.0,0.26221892433127947,193.0,546.0,5.6758988127588506,1.1933197461248861,6520.465672255269,187.0,0.0704437580049725,45.76896551724139,19.379310344827587,8.262290913648048,58.0,45.116279069767444,22.89767441860465,8.381821066319734,43.0,45.76896551724139,19.379310344827587,8.262290913648048,58.0,0.1430343322776488,-0.010162224626963987,-0.00825551767932345,-0.0027643317791015646,-0.00023378141437755697,-0.16294564582115795,-0.011496412942756622,13.402651539159388,15.0,45000.0,29.0,518.4666187763214,86.79440174221524,0.7209138870239258,17.541271209716797,-191.0445098876953,0.30483144521713257,-191.34933471679688,0.015171424485743046,0.015171424485743046,0.0,-17.6009521484375,1.020342469215393,1.0527771711349487,-0.03243479132652283,0.03243479132652283,,0.2645275294780731,,0.3337312936782837,1.185697478055954,0.5681639867725445,0.004791331755306052,18.732224210103354,1.7161312018961683,-0.034745190697862166,-194.60597025553386,3.4309677599157666,-0.11939592032596429,-0.20462895880142848,0.39894015501637276,0.0013654770323378927,-194.4013407389323,3.411200750757065,-0.12076136978369705,0.015255795357127984,0.00024574704699160304,-2.3811846739458544e-05,0.015255795357127984,0.00024574704699160304,-2.3811846739458544e-05,0.0,0.0,0.0,-18.667432467142742,1.6803855000109105,0.03308121465867612,0.8812813619772594,0.09688668462468526,-0.0002151009370806064,0.9310591161251068,0.09535285957890298,0.0003425656091649663,-0.04977775169536471,0.017870616062412713,-0.0005576656045634558,0.04977775169536471,0.017870616062412713,0.0005576656045634558,0.24428799152374267,0.015901786626275744,0.00027412220553906045,0.3033036748568217,0.015674350300031625,0.00022107450264578855
-15.730114006266302,0.0,1500.0,0.0,54.0,739.0,0.8628546298233744,637.0,102.0,5.238590200412286,1.8263816930590564,4695.290580557396,87.2,0.030893502444554667,49.51929824561403,13.775438596491222,7.264778292211329,57.0,43.474999999999994,16.924999999999997,8.797426428721343,8.0,49.51929824561403,13.775438596491222,7.264778292211329,57.0,0.13320264853703154,-0.009707844468219227,-0.008033307373904834,-0.0027982280901791,-0.002013480078491602,-0.22175582288201032,-0.009422997794956629,13.10092273589573,49.0,46500.0,30.0,538.3230912685394,86.37935238933255,1.1705708503723145,18.333541870117188,-195.9728546142578,0.13622567057609558,-196.1090850830078,0.015016580931842327,0.015016580931842327,0.0,-18.21515655517578,0.9572995901107788,1.0124458074569702,-0.055146217346191406,0.055146217346191406,,0.24439793825149536,,0.30276310443878174,1.1998544871807098,0.38509237366558485,0.00367460363566278,18.901222705841064,1.6015744387913429,0.0009456072288568883,-195.0936045328776,2.55695102882773,0.14007491641103506,0.021685867011547087,0.4387231444798534,-0.001713333365914553,-195.11528930664062,2.6375605443384966,0.14178832057320642,0.014977950199196736,0.00018478512114233062,-1.4962316247260873e-05,0.014977950199196736,0.00018478512114233062,-1.4962316247260873e-05,0.0,0.0,0.0,-18.83440138498942,1.6163360541717295,0.002184119558706233,0.93409330646197,0.10175494871784495,0.0004231640839072657,0.9851800541083018,0.1045276774929422,-0.00040828352908008417,-0.05108675130953391,0.014284286496763976,0.000831447206479027,0.05108675130953391,0.014284286496763976,-0.000831447206479027,0.24379154394070307,0.014780057211144235,-0.0006378434557007785,0.30548043151696525,0.015859541889411088,-0.0008719155533825666
-2.927400762384588,0.0,1500.0,0.0,12.0,739.0,0.19421854733729121,143.0,596.0,5.75524855837384,1.1368359355495732,6484.091509747347,207.60000000000002,0.08074051026757934,45.108771929824584,21.60350877192982,8.212438753074872,57.0,44.45217391304348,24.326086956521735,8.310735828816773,46.0,45.108771929824584,21.60350877192982,8.212438753074872,57.0,0.1413645487835527,-0.010349034162273589,-0.008006956234460377,-0.002538580533885765,-0.002542041454829876,-0.17583105201408064,-0.011052755236170995,13.101706135392455,11.0,48000.0,31.0,555.9439475536346,86.33963947483969,0.7689066529273987,17.738128662109375,-196.3280029296875,0.7583160400390625,-197.08631896972656,0.01568732224404812,0.01568732224404812,0.0,-17.71695327758789,1.1046810150146484,1.1625044345855713,-0.057823486626148224,0.057823486626148224,,0.2232065349817276,,0.2999872863292694,1.1141289015611013,0.44741785957050423,-0.012883136150436524,18.187201976776123,2.0461117388863967,-0.07177603491421439,-197.65538126627604,3.8196880732541776,0.04730378045919717,0.015307061870892842,0.42238442552647193,0.00020182721474280111,-197.67068837483723,3.7540899363648195,0.04710196727375667,0.015500753838568925,0.00018996166869122158,1.1043576471863598e-05,0.015500753838568925,0.00018996166869122158,1.1043576471863598e-05,0.0,0.0,0.0,-18.125192387898764,2.073572408421001,0.06973595497207763,0.9216127554575603,0.10527154821153457,0.0003767632536415928,0.9837113996346791,0.10139503099616942,4.577908553056326e-05,-0.06209864219029745,0.019884785399092036,0.0003309836410176651,0.06209864219029745,0.019884785399092036,-0.0003309836410176651,0.24374556044737497,0.013740986928389206,0.00012761845737197845,0.30190985004107157,0.01313704592580872,0.00018710599460113172
-6.275813469519982,0.0,1500.0,0.0,28.0,739.0,0.4492780132664004,332.0,407.0,5.676800739983657,1.7229704201191554,6195.6324627788335,142.20000000000002,0.05365632782431515,45.693103448275856,17.9551724137931,8.34403808271581,58.0,43.99375,23.487499999999997,8.707830112967578,32.0,45.693103448275856,17.9551724137931,8.34403808271581,58.0,0.14275552976882658,-0.010454443196188965,-0.008125160647736166,-0.0023778697507389167,-0.0006296800544588159,-0.1972770592239565,-0.010894357030978607,13.386872926952098,26.0,49500.0,32.0,574.4666154384613,86.16688710834686,0.607169508934021,17.937362670898438,-198.8291473388672,-0.32596927881240845,-198.503173828125,0.014884603209793568,0.014884603209793568,0.0,-18.010168075561523,0.8397257924079895,0.9025253057479858,-0.06279952079057693,0.06279952079057693,,0.261982262134552,,0.3278231918811798,1.00173761844635,0.32158095509780626,0.006347186705957392,17.90124158859253,1.9992734532802516,-0.010605031311578722,-197.13742268880208,2.703015625224273,-0.05508339344062479,-0.08766565384964148,0.38639176507226675,-0.008511798386280738,-197.0497568766276,2.6249995884758213,-0.04657166409942969,0.015103475345919529,0.00032931379879035566,-3.3226741210571446e-05,0.015103475345919529,0.00032931379879035566,-3.3226741210571446e-05,0.0,0.0,0.0,-17.87144269943237,1.9954706504691846,0.012843067097054373,0.902826331059138,0.0948637690616963,-0.0021853428793961465,0.9591777582963308,0.09221800756183678,-0.002022716001886189,-0.05635143096248309,0.013717017806080596,-0.00016262498461497258,0.05635143096248309,0.013717017806080596,0.00016262498461497258,0.24510008742411932,0.014563746334811747,7.751768038455163e-05,0.3059766481320063,0.015614031157497705,0.00038407130686936373
56.35134061177572,1.0,1500.0,0.0,4.0,739.0,0.05362541914373919,39.0,700.0,6.043631568404964,0.688364662764844,7050.4314189148645,257.2,0.10320199020945349,42.96896551724138,23.2448275862069,9.074738192365947,58.0,44.59636363636364,24.512727272727272,8.47356119785205,55.0,42.96896551724138,23.2448275862069,9.074738192365947,58.0,0.5010547700895357,-0.021746502079067937,-0.008060128092224917,0.0,0.0,0.0,-0.0656006768217091,18.761340601815334,3.0,51000.0,33.0,590.3700728416443,86.38649272060881,1.375096321105957,15.124860763549805,-198.3965301513672,-0.6151585578918457,-197.7813720703125,0.01584460586309433,0.01584460586309433,0.0,-14.954611778259277,0.7750572562217712,0.8315787315368652,-0.05652148276567459,0.05652148276567459,,0.25963231921195984,,0.3329369127750397,0.9899661242961884,0.32838938626420316,-0.0057588130534027,17.57057669957479,1.5913955528478216,-0.07012535600163705,-198.8836237589518,2.6333610585508387,-0.051694207621094335,0.11012643290062746,0.4451233262771866,-0.010485141820484597,-198.9937505086263,2.5682301603403808,-0.04120923679847835,0.015391855034977198,0.0002807189202761947,3.099435126125033e-05,0.015391855034977198,0.0002807189202761947,3.099435126125033e-05,0.0,0.0,0.0,-17.526524702707928,1.6242817111441905,0.07265888358382472,0.9422101934750875,0.1081080022952743,-0.002631022349348061,1.006293108065923,0.1065976461911,-0.0024979266892285854,-0.06408291185895602,0.013392985476756221,-0.0001330934174864363,0.06408291185895602,0.013392985476756221,0.0001330934174864363,0.24667695264021555,0.015422579439584723,0.00024396326305868398,0.3083798199892044,0.015058846244916173,0.0005720487227031401
-8.829933381080627,0.0,1500.0,0.0,22.0,739.0,0.35415460299535206,261.0,478.0,5.783166850376138,1.4052219461539575,6217.629709603403,170.8,0.06682839032788168,44.83859649122806,19.031578947368416,8.384672963785185,57.0,42.356756756756745,22.913513513513507,8.899884419844096,37.0,44.83859649122806,19.031578947368416,8.384672963785185,57.0,0.1362720089164126,-0.009945522392972353,-0.008450277382655877,-0.002990756917810315,-0.0014681208053691256,-0.19882550335570057,-0.01016818716047161,13.955470137370497,20.0,52500.0,34.0,608.4526081085205,86.28445223236905,1.1047484874725342,19.928184509277344,-200.26104736328125,-0.12149965763092041,-200.13954162597656,0.015479464083909988,0.015479464083909988,0.0,-20.109437942504883,0.8844722509384155,0.9508506655693054,-0.06637843698263168,0.06637843698263168,,0.25038906931877136,,0.31002944707870483,1.220851614077886,0.5467312967291315,0.010600892919321857,17.78016341527303,1.777111353278676,0.03617506631887257,-200.04835561116536,2.221380747366035,-0.03651542281679872,-0.027928766111532846,0.26341850385761306,-0.0027519500162763275,-200.02042592366536,2.1784823631629227,-0.03376342298191033,0.015551704199363787,0.00018373026903315736,-1.736495776456256e-05,0.015551704199363787,0.00018373026903315736,-1.736495776456256e-05,0.0,0.0,0.0,-17.73614912033081,1.7807637203033129,-0.03632991799257983,0.9063378016153971,0.06541627473232238,-0.0007573759728199671,0.973297901948293,0.06331511015491989,-0.0006639296008694869,-0.06696009735266367,0.011326897005915333,-9.344509565525151e-05,0.06696009735266367,0.011326897005915333,9.344509565525151e-05,0.25084015826384226,0.012337169372528297,-0.00015708473288310678,0.3110013167063395,0.013653208107984148,-0.0001352705467529685
14.111058235168457,1.0,1500.0,0.0,14.0,739.0,0.21256978210175254,157.0,582.0,5.9345877092390324,1.1479027967110804,6645.023563593284,196.20000000000002,0.07601115760111576,43.74915254237289,19.99322033898305,8.796287676933979,59.0,44.83478260869566,23.721739130434784,8.455995251572096,46.0,43.74915254237289,19.99322033898305,8.796287676933979,59.0,0.18103228908286997,-0.012028611105155112,-0.009337369483840651,-0.0019634269173450006,-0.0011264080100125162,-0.14751773049645509,-0.016669780057217344,15.514417241574636,13.0,54000.0,35.0,625.7800629138947,86.29229852506539,1.6001176834106445,17.906143188476562,-201.1277313232422,-0.7806316614151001,-200.34710693359375,0.015100773423910141,0.015100773423910141,0.0,-17.88910675048828,0.7288196086883545,0.7938103675842285,-0.06499069184064865,0.06499069184064865,,0.26746806502342224,,0.3240414261817932,1.3247660418351492,0.9055169818010639,0.014895818986669907,17.96919600168864,1.8709008556740951,0.009136144364370269,-199.68413899739582,2.9323933318170545,-0.11553010017640675,0.02062617614865303,0.352159152533413,-0.011740343670492325,-199.70476531982422,2.843076448323097,-0.10378991997944496,0.015431648803253968,0.00020580920234035798,-8.27175143430747e-06,0.015431648803253968,0.00020580920234035798,-8.27175143430747e-06,0.0,0.0,0.0,-17.927959124247234,1.8891202871988773,-0.008722710105547463,0.9221113642056783,0.08821179113768984,-0.003270781822544077,0.9849426805973053,0.08431393619956158,-0.0028113427894134032,-0.06283130993445714,0.014631780981198947,-0.00045943879776191756,0.06283130993445714,0.014631780981198947,0.00045943879776191756,0.2567027320464452,0.016979724101051426,-0.00013407133312459256,0.31543079813321434,0.023085350766591926,-0.0004372384046951371
-13.274519501588284,0.0,1500.0,0.0,43.0,739.0,0.6837377284522126,505.0,234.0,5.490523630715332,1.9456184075267562,5356.055990525374,100.60000000000001,0.036723370081039645,47.23103448275863,14.558620689655179,7.954869590700068,58.0,41.98947368421054,18.852631578947364,9.150251562660582,19.0,47.23103448275863,14.558620689655179,7.954869590700068,58.0,0.13459224825807803,-0.010528100155027734,-0.008990923817534795,-0.002553313274559351,-0.003752711496746228,-0.21093275488068589,-0.010360815401194313,13.327867936875542,39.0,55500.0,36.0,645.050874710083,86.03972519988346,0.9072818756103516,15.523198127746582,-201.81808471679688,0.5679670572280884,-202.38604736328125,0.015027827583253384,0.015027827583253384,0.0,-15.318475723266602,1.0421712398529053,1.115300178527832,-0.07312890887260437,0.07312890887260437,,0.2627387046813965,,0.33456557989120483,1.5753658304611842,2.8408750369175397,0.008424539341942467,17.276474539438883,2.2289558455437426,-0.020411070461931392,-202.9549102783203,3.5598949388718535,-0.07467643899036686,-0.04319073930382729,0.41696668181647134,-0.007584283423834838,-202.9117197672526,3.4430220039180335,-0.06709213850892781,0.015210652258247137,0.0001619877310673874,1.251750788314469e-06,0.015210652258247137,0.0001619877310673874,1.251750788314469e-06,0.0,0.0,0.0,-17.20103839238485,2.232828935133007,0.01805554454663449,0.8925271968046824,0.10501946584426805,-0.00207693180332462,0.9695958276589711,0.09966163916104256,-0.001810893479390754,-0.07706862725317479,0.017828554032574707,-0.0002660376617521265,0.07706862725317479,0.017828554032574707,0.0002660376617521265,0.2581825132171313,0.014737432851661328,-0.00020457828734422685,0.31610438724358875,0.017038144645342028,9.688486379291796e-06
-8.311695984431676,0.0,1500.0,0.0,30.0,739.0,0.4871849403540807,360.0,379.0,5.510760445868338,1.6612020784983728,6052.859215188377,133.4,0.04882512261181465,47.106896551724134,17.624137931034483,7.979960562245029,58.0,45.90666666666667,23.540000000000003,8.283547325280797,30.0,47.106896551724134,17.624137931034483,7.979960562245029,58.0,0.13978335076243917,-0.010598260981935528,-0.009075192765880657,-0.0028145834418888053,-0.0021309690465080057,-0.19660911494788652,-0.010727324869986895,12.851674694859065,28.0,57000.0,37.0,663.7421772480011,85.87671833110355,0.798114538192749,15.319902420043945,-201.05148315429688,-0.11333665996789932,-200.93814086914062,0.0155882453545928,0.0155882453545928,0.0,-15.217626571655273,0.889602780342102,0.952761709690094,-0.06315898895263672,0.06315898895263672,,0.2652266323566437,,0.32498908042907715,1.4768768727779389,2.288863657742561,-0.037572723196133695,16.5708882967631,1.5080571853214195,-0.005991247047704825,-199.72386932373047,2.6601902163513684,-0.08977763989610153,0.001363018900156021,0.36886306058478413,0.0015854773203841375,-199.72523295084636,2.644456045849372,-0.0913631519831038,0.015320288110524416,0.00027774741515443607,2.9398734008973738e-05,0.015320288110524416,0.00027774741515443607,2.9398734008973738e-05,0.0,0.0,0.0,-16.519527848561605,1.5113777452365973,0.006231118097188968,0.9222936113675435,0.08895423966226296,-2.2704927489029235e-05,0.9803276439507802,0.08825265047247442,0.00037126142005366243,-0.058034047360221545,0.013555407324675542,-0.00039396896726297297,0.058034047360221545,0.013555407324675542,0.00039396896726297297,0.25812862267096837,0.011819359422342548,0.00010830282303063874,0.31280922492345176,0.013897350033312739,0.0004214424975589258
-14.205112235299472,0.0,1500.0,0.0,31.0,739.0,0.5015407614362674,370.0,369.0,5.5072216677879275,1.475168218498014,5983.115923583811,127.2,0.04657293497363796,47.08965517241377,17.448275862068968,8.008253876180145,58.0,43.84827586206896,22.137931034482765,8.693774646363963,29.0,47.08965517241377,17.448275862068968,8.008253876180145,58.0,0.13237162969735108,-0.010526576949322446,-0.007855909501224202,-0.00244933888408555,-0.0010864841373315933,-0.21439953643342752,-0.01007873067099792,12.93675730476533,29.0,58500.0,38.0,682.4637410640717,85.71883966874051,1.1836820840835571,13.4465913772583,-202.20802307128906,0.4407191872596741,-202.64874267578125,0.015936322510242462,0.015936322510242462,0.0,-13.353527069091797,1.016918420791626,1.0864728689193726,-0.06955454498529434,0.06955454498529434,,0.24114428460597992,,0.29413777589797974,1.0083593249320983,0.33605717344356184,-0.0014518254060501543,16.76364336013794,1.42381216269338,-0.016350536537382932,-200.38218332926434,1.764458579808803,0.03482903299130992,-0.06136522094408671,0.34093260771914774,0.006338293842134276,-200.32081807454426,1.753850090807016,0.028490776426939535,0.015677580827226242,0.00021560426686834369,2.1794625455399483e-05,0.015677580827226242,0.00021560426686834369,2.1794625455399483e-05,0.0,0.0,0.0,-16.696471881866454,1.4180169176934614,0.016438631433268805,0.9066310922304789,0.08208758025779979,0.0017491387047942556,0.9653152743975322,0.08206645098221657,0.0015195680009377037,-0.05868417844176292,0.009218116403447062,0.00022957355977430878,0.05868417844176292,0.009218116403447062,-0.00022957355977430878,0.2578603516022364,0.013236070111604971,-3.6087569193267655e-05,0.3110340019067129,0.012763216224522322,-6.972722402542769e-06
-14.334410405158996,0.0,1500.0,0.0,44.0,739.0,0.7069086457382459,522.0,217.0,5.2801689461420205,1.90680488034932,5532.637874472931,97.60000000000001,0.034817351598173514,49.17894736842106,15.98947368421053,7.437297316685985,57.0,45.97647058823528,23.31764705882352,8.147144191445037,17.0,49.17894736842106,15.98947368421053,7.437297316685985,57.0,0.13193700312113898,-0.01050728706264,-0.0090906062828377,-0.002973370266906133,-0.0007140639552933863,-0.21318431129048127,-0.010217904844033655,13.386451177099868,40.0,60000.0,39.0,701.8970582485199,85.48262069899695,0.4773126244544983,12.3606595993042,-195.8820343017578,0.004757419228553772,-195.8867950439453,0.014914940111339092,0.014914940111339092,0.0,-12.375747680664062,0.9489662647247314,0.9811313152313232,-0.03216509521007538,0.03216509521007538,,0.27238190174102783,,0.3273566961288452,1.0580193877220154,0.5269191982583851,-0.0008220551674305209,16.192270787556968,2.0062228374527584,0.005256405449549701,-200.5537348429362,3.350707945528253,-0.05261946392801516,-0.00021687795718510944,0.3419024904300587,-0.003040915469041269,-200.55351664225262,3.256332521774596,-0.04957862658813178,0.015485341909031074,0.00043483178182075267,-4.703690804483141e-05,0.015485341909031074,0.00043483178182075267,-4.703690804483141e-05,0.0,0.0,0.0,-16.1335186958313,2.0131235378422403,-0.00560891678654169,0.9225292364756267,0.0876331491135449,-0.0009142876997407873,0.9799757560094198,0.08230038894238437,-0.0007384395970651257,-0.05744650761286418,0.01676443430044803,-0.00017584779437577485,0.05744650761286418,0.01676443430044803,0.00017584779437577485,0.25503058880567553,0.015531128973542484,-1.7362292669511944e-05,0.3119967261950175,0.014444677025876403,9.422697400356829e-05
-15.92708881543233,0.0,1500.0,0.0,56.0,739.0,0.9087359926658041,671.0,68.0,5.3165065229985515,1.995491028176834,4957.715153307394,85.80000000000001,0.030343754420710144,48.751724137931035,14.110344827586202,7.493742964264548,58.0,42.233333333333334,21.06666666666667,9.157448202225263,6.0,48.751724137931035,14.110344827586202,7.493742964264548,58.0,0.13592912686427702,-0.010330131589579737,-0.008747943614246396,-0.0026917480396878354,-0.0012569832402234606,-0.2274071639829183,-0.010088104255769587,13.23724471403109,52.0,61500.0,40.0,721.8037574291229,85.20321398581657,0.9440915584564209,14.74696159362793,-202.04452514648438,-0.36104616522789,-201.6834716796875,0.014195099472999573,0.014195099472999573,0.0,-14.706596374511719,0.8354832530021667,0.895144522190094,-0.05966133624315262,0.05966133624315262,,0.2841254472732544,,0.3353023827075958,0.861306389172872,0.31754385415433445,-0.004064507558693244,16.223582363128664,2.0296565054462263,-0.0028729013394200253,-201.38416697184246,1.8721635317136875,-0.05340183415056904,0.06688553243875503,0.3843902071115746,0.005849324559608475,-201.451052347819,1.9705441053880317,-0.059251181461388525,0.014124433230608701,0.00029081805138483566,-1.2454214206461103e-05,0.014124433230608701,0.00029081805138483566,-1.2454214206461103e-05,0.0,0.0,0.0,-16.11174742380778,2.0155536283337785,0.0035320549308262552,0.9360582868258158,0.08723660913680549,0.0011410435526999273,0.9957053562005361,0.09014948546558547,0.0013650716345620288,-0.05964705819884936,0.01000834886977241,-0.00022402793434225766,0.05964705819884936,0.01000834886977241,0.00022402793434225766,0.25623775869607923,0.01258472141350038,1.1201645428923796e-05,0.3136599163214366,0.013268652012357647,7.337577085738435e-05
-8.573279308718304,0.0,1500.0,0.0,46.0,739.0,0.746560443700367,551.0,188.0,5.5025882085269275,1.9567157590933026,5245.810522482087,79.2,0.028964306612053833,47.14482758620688,13.862068965517246,7.978892539845316,58.0,43.533333333333346,20.506666666666664,8.806700509600422,15.0,47.14482758620688,13.862068965517246,7.978892539845316,58.0,0.13983491290279892,-0.010476121437025096,-0.009285856254254168,-0.0026001908913955707,-0.0010192640913260606,-0.20238507797369498,-0.011178887848554662,13.583720131139534,43.0,63000.0,41.0,741.1677358150482,85.00100173777814,0.7289892435073853,17.277713775634766,-202.1937255859375,0.03634776920080185,-202.23007202148438,0.014151036739349365,0.014151036739349365,0.0,-17.313377380371094,0.9284968376159668,0.988536536693573,-0.06003974378108978,0.06003974378108978,,0.2628037929534912,,0.3143824636936188,1.084549174706141,0.7918028600256042,-0.012246686346141076,14.968443584442138,2.3203576740176364,-0.0045000840082054325,-201.76488037109374,2.4858676522123875,-0.10009447210224345,-0.0450394582003355,0.3773733380684539,-0.0020867719342963172,-201.71984202067057,2.4273009964871495,-0.0980077384974157,0.014222416126479705,0.00011906890087287197,-5.237830883602785e-06,0.014222416126479705,0.00011906890087287197,-5.237830883602785e-06,0.0,0.0,0.0,-14.933300113677978,2.306009751838862,0.0013491542506404134,0.9108694096406301,0.09058038215467201,-0.0009161163225057579,0.9694551885128021,0.08879167954232575,-0.0004927511740314509,-0.05858575627207756,0.012266557907725672,-0.00042336563910207355,0.05858575627207756,0.012266557907725672,0.00042336563910207355,0.2530090530713399,0.015003676583304015,9.501726927029748e-05,0.3123559852441152,0.015604011203170724,-1.871691927637498e-06
-8.07547970281707,0.0,1500.0,0.0,40.0,739.0,0.6370693364308195,470.0,269.0,5.5961561420440225,2.014370167176628,5520.303675765521,98.4,0.0372557928214448,46.336842105263166,15.084210526315793,8.112162066375852,57.0,43.06666666666666,21.180952380952384,8.771988848462511,21.0,46.336842105263166,15.084210526315793,8.112162066375852,57.0,0.1403178287377275,-0.010432052782128913,-0.008664029242250508,-0.002684645916728717,-0.002776101388050701,-0.20036210018104283,-0.011147264305006975,13.95994241374384,36.0,64500.0,42.0,760.2352800369263,84.84215570325425,1.4680343866348267,16.888782501220703,-205.3369140625,0.010681062936782837,-205.34759521484375,0.014248945750296116,0.014248945750296116,0.0,-16.848861694335938,0.9088860750198364,0.9825127124786377,-0.07362660765647888,0.07362660765647888,,0.21199312806129456,,0.26626965403556824,0.985618265469869,0.3436526566218344,-0.006904721816999652,15.660755252838134,1.480825715884591,-0.011203596350613965,-202.72078857421874,2.873988951366396,-0.001256896497404936,-0.10330681949853897,0.42638743156059766,-0.007182502504583201,-202.61748148600262,2.9735982733578723,0.005925413817004173,0.014258406280229488,0.0002722240322547862,2.508742819738044e-05,0.014258406280229488,0.0002722240322547862,2.508742819738044e-05,0.0,0.0,0.0,-15.606660429636637,1.4994923699410283,0.009323844655072298,0.8948633929093679,0.09645917164926412,-0.0015901938031062047,0.9556421518325806,0.10005650253187118,-0.001701018913701878,-0.06077875979244709,0.01530600218046799,0.00011082598162572748,0.06077875979244709,0.01530600218046799,-0.00011082598162572748,0.24599641015132268,0.013817811792713002,-0.00010108481326014062,0.30946943660577136,0.012853614453713448,-1.8389000908557002e-05
21.4651029586792,1.0,1500.0,0.0,10.0,739.0,0.16030895870648443,118.0,621.0,6.1089071030418225,0.9333292728723113,6845.312877971608,213.0,0.08490114795918367,42.52203389830509,20.928813559322037,9.094871932023217,59.0,43.816326530612244,24.093877551020412,8.648274370555065,49.0,42.52203389830509,20.928813559322037,9.094871932023217,59.0,0.20568824064861663,-0.013266216282559655,-0.008724350589977361,-0.0018976618042233467,-0.0001812688821752266,-0.1309969788519643,-0.02150667460598425,16.64655561450312,10.0,66000.0,43.0,777.2749600410461,84.91203678620329,0.7421977519989014,15.89156723022461,-199.9857940673828,0.3694295585155487,-200.355224609375,0.013836369849741459,0.013836369849741459,0.0,-15.87454605102539,1.0206902027130127,1.0663042068481445,-0.04561392590403557,0.04561392590403557,,0.2670867443084717,,0.3188876509666443,0.9715169876813888,0.46959443929811034,-0.011645364887324563,15.890857601165772,1.7279935509633029,0.00045130223665652174,-201.83290405273436,2.6124092506961794,-0.03941327902312889,0.053029195157190165,0.3803479615277229,0.013984170108950712,-201.88593444824218,2.6131482574708165,-0.05339742454723813,0.013623077267160019,0.0002159227207200614,-1.7183490545055197e-05,0.013623077267160019,0.0002159227207200614,-1.7183490545055197e-05,0.0,0.0,0.0,-15.847118218739828,1.7025162498386255,0.00017795605176830828,0.9376514097054799,0.08890358697818586,0.0030725148018528083,0.9922675669193268,0.08868258282698978,0.003265880331711973,-0.05461617292215427,0.01329153451659871,-0.0001933669540886077,0.05461617292215427,0.01329153451659871,0.0001933669540886077,0.2570107931892077,0.01494707034823315,0.00020459579745176436,0.3149210313955943,0.017097762032272503,-2.534927860383537e-05
-11.465889573097229,0.0,1500.0,0.0,35.0,739.0,0.5658175912527551,418.0,321.0,5.263553127831873,1.7242888989565137,5637.22958748938,116.2,0.041352313167259784,49.29824561403509,17.424561403508772,7.379231999513936,57.0,47.40800000000001,24.175999999999995,7.891987200159767,25.0,49.29824561403509,17.424561403508772,7.379231999513936,57.0,0.13155582604801047,-0.009871554223374577,-0.007939490971294831,-0.00288107077360604,-0.000992268041237112,-0.20041237113401364,-0.009184276613408208,12.717473340014337,32.0,67500.0,44.0,796.1823060512543,84.7795781028757,0.6635411977767944,18.466800689697266,-201.19801330566406,-0.18632325530052185,-201.01168823242188,0.014109739102423191,0.014109739102423191,0.0,-18.473114013671875,0.8896857500076294,0.9362702369689941,-0.0465845912694931,0.0465845912694931,,0.2566700875759125,,0.3114825487136841,1.2041479686896006,0.9507628175350812,0.008910107838033426,14.51055908203125,1.55783056063521,0.03355285169285275,-202.57284444173177,2.2860760362717545,-0.015063530876315763,-0.027137962480386097,0.47437906280459025,-0.013951890132451092,-202.54570668538412,2.229334716335069,-0.001111691891813345,0.014180785200248161,0.0002173065545043162,1.5914966626811516e-05,0.014180785200248161,0.0002173065545043162,1.5914966626811516e-05,0.0,0.0,0.0,-14.469514687856039,1.5744565387603597,-0.03668292515535085,0.9180161654949188,0.11203588814056284,-0.0031977195893564737,0.973599511384964,0.11145482834206365,-0.0032722053989287726,-0.05558333086470763,0.011416318162898263,7.44843153123478e-05,0.05558333086470763,0.011416318162898263,-7.44843153123478e-05,0.2540956755479177,0.01403237962715907,0.000138121836707902,0.31636251310507457,0.015196413926158711,-0.00018290438429267568
-16.429965690690643,0.0,1500.0,0.0,54.0,739.0,0.8650438490212808,639.0,100.0,5.257642134462965,1.9012026689082013,5053.217929417612,87.0,0.030932233520585935,49.3438596491228,14.150877192982458,7.3980183216000395,57.0,41.00000000000001,19.075000000000003,9.292743182268977,8.0,49.3438596491228,14.150877192982458,7.3980183216000395,57.0,0.13125406966777176,-0.010494346535288865,-0.008299122934326632,-0.0024702176375550077,-0.0018169525902138118,-0.22107665004648414,-0.009912998606592175,13.228898032808715,49.0,69000.0,45.0,815.8805887699127,84.57119944970128,0.6822452545166016,18.243825912475586,-202.35020446777344,0.01042899489402771,-202.36062622070312,0.014258012175559998,0.014258012175559998,0.0,-17.944074630737305,0.9313740134239197,0.9824538230895996,-0.05107968673110008,0.05107968673110008,,0.22652530670166016,,0.2711365222930908,0.981191165248553,0.49180088961396184,-0.00990424030879982,15.006961186726889,1.7852473540088951,0.02330401402559358,-202.4631144205729,2.787765664550496,-0.06152351218149733,0.06387486221889654,0.33428972019158154,9.681608556905243e-05,-202.52698872884113,2.754408139964976,-0.06162019078272615,0.014136739540845156,0.0001381630187722237,1.1289354467616942e-05,0.014136739540845156,0.0001381630187722237,1.1289354467616942e-05,0.0,0.0,0.0,-14.909056695302327,1.826069950946956,-0.02228187607711058,0.9418934603532155,0.08021224072764986,-0.00020301481242706343,0.9949783484141032,0.07843781458299524,3.1446005001201144e-05,-0.05308488824715217,0.01393048090326386,-0.00023445999488085198,0.05308488824715217,0.01393048090326386,0.00023445999488085198,0.25229559938112894,0.016775114900265363,-2.6053554887108134e-05,0.3087636947631836,0.01662370089585075,8.636047365402344e-05
-13.568400167837375,0.0,1500.0,0.0,45.0,739.0,0.7176217951783045,530.0,209.0,5.338383842899696,1.9327014557445026,5672.934662838073,100.2,0.03555713271823989,48.58620689655175,16.031034482758624,7.666406969444635,58.0,46.03529411764707,24.15294117647059,8.27856421563229,17.0,48.58620689655175,16.031034482758624,7.666406969444635,58.0,0.1346934856354523,-0.010421518142267373,-0.008764007008934989,-0.002966263338277566,-0.0012915891713163848,-0.2145897912791821,-0.010712697264208898,13.353524999302536,41.0,70500.0,46.0,835.280989408493,84.40273500049942,1.0650913715362549,13.011869430541992,-203.63897705078125,0.7660236954689026,-204.40499877929688,0.013947072438895702,0.013947072438895702,0.0,-13.018512725830078,1.1002088785171509,1.1592930555343628,-0.059084225445985794,0.059084225445985794,,0.25604385137557983,,0.313895583152771,0.9728906651337942,0.7353004241811891,0.0020684556648118504,14.652460034688314,1.3594235312316083,-0.026363987227833823,-203.97885233561198,2.7975770604505255,-0.020479365636288195,0.11209921886523565,0.4846656127256771,0.0031881459861231266,-204.09095153808593,2.83547854586161,-0.023667505453102995,0.013958064249406259,0.00011311910796556509,-8.894334256118696e-06,0.013958064249406259,0.00011311910796556509,-8.894334256118696e-06,0.0,0.0,0.0,-14.60500726699829,1.3669624142390697,0.024978161812889685,0.9475739955902099,0.11198325651145995,0.0006956046892617766,1.0062258859475455,0.1133925239602984,0.0007356682529173328,-0.058651904265085854,0.014399132344640308,-4.006180667770968e-05,0.058651904265085854,0.014399132344640308,4.006180667770968e-05,0.25173807740211485,0.016841521691566056,-0.00011917241290626382,0.3081520984570185,0.01820669349269124,-0.00013136998299630425
-2.786679102026898,0.0,1500.0,0.0,25.0,739.0,0.398929885057035,294.0,445.0,5.679357667633542,1.3309588756119939,6148.119608801708,161.20000000000002,0.060830188679245285,45.6896551724138,18.52068965517241,8.297153523162457,58.0,44.382857142857155,23.82857142857143,8.537038601299196,35.0,45.6896551724138,18.52068965517241,8.297153523162457,58.0,0.14268416738219458,-0.010251914472162407,-0.007093103670296432,-0.002769184117360329,-0.0006733358984224705,-0.1848403232012273,-0.011016781213983848,13.92838938561357,23.0,72000.0,47.0,853.5963530540466,84.34900142484702,0.7426753640174866,15.252388000488281,-204.17257690429688,0.17370514571666718,-204.34628295898438,0.013471056707203388,0.013471056707203388,0.0,-15.183782577514648,0.9639278054237366,1.0203293561935425,-0.056401606649160385,0.056401606649160385,,0.2668232321739197,,0.32351765036582947,1.4326425403356553,1.9970745455533783,-0.05421986981016381,14.157581520080566,1.9066723952000901,-0.005007184360661482,-203.45500640869142,1.942336471902685,0.034479272352312754,-0.07350458577275276,0.3757384967607152,0.017352259614907866,-203.38150177001953,1.9591473543794031,0.01712681448897879,0.013978190037111442,0.0002703921380823255,-2.680079425137131e-05,0.013978190037111442,0.0002703921380823255,-2.680079425137131e-05,0.0,0.0,0.0,-14.112194442749024,1.9070160493779689,0.006868998492520314,0.9099669675032298,0.08761660554346648,0.0042379457905507055,0.9626193066438039,0.0881697923361067,0.004071742263068322,-0.05265235453844071,0.010024114958823398,0.00016620380926185295,0.05265235453844071,0.010024114958823398,-0.00016620380926185295,0.2520095537106196,0.016712947494661973,0.0002080146343477246,0.30672387778759,0.01746564895482938,0.0002523287716378514
3.045244877988642,1.0,1500.0,0.0,24.0,739.0,0.3765687730485226,278.0,461.0,5.856399063399236,1.6160480808119395,6445.367020442897,147.8,0.057527635061497745,44.296551724137935,17.69310344827587,8.597547756715054,58.0,43.32222222222222,22.811111111111106,8.727390645601805,36.0,44.296551724137935,17.69310344827587,8.597547756715054,58.0,0.15017667201905555,-0.010438318741098502,-0.007483138184186922,-0.0023526723125402516,-0.0009461732548359966,-0.17241379310344568,-0.012052366135517495,15.045452367156203,22.0,73500.0,48.0,871.8696441650391,84.30159312449574,1.387360692024231,13.767969131469727,-205.8907928466797,-0.1404319703578949,-205.7503662109375,0.013803907670080662,0.013803907670080662,0.0,-13.558877944946289,0.8860775232315063,0.9472090601921082,-0.0611315593123436,0.0611315593123436,,0.25290489196777344,,0.31520727276802063,0.9930610567331314,0.7025663395615518,-0.000318562911535409,14.237667783101399,1.5198477362924352,0.007389455165162434,-202.6387186686198,3.0860662189755033,-0.16257424020395309,0.05184823522965113,0.4738356311741835,0.007808495930357692,-202.69056599934896,2.9304971831005955,-0.17038274813811233,0.013609481168289979,0.0001497424275424203,1.3517397761477277e-05,0.013609481168289979,0.0001497424275424203,1.3517397761477277e-05,0.0,0.0,0.0,-14.19370829264323,1.5064183595769616,-0.007988906622728217,0.9452534178892772,0.11503855108101799,0.0010311785874032443,0.992038470506668,0.11028503328677612,0.0018154319454485848,-0.04678505652894576,0.014509538344734242,-0.000784251257545159,0.04678505652894576,0.014509538344734242,0.000784251257545159,0.2491408367951711,0.013605334072500978,0.00016735410265980311,0.30779648224512735,0.015102926874679828,4.103590834789717e-05
-5.248008317725603,0.0,1500.0,0.0,47.0,739.0,0.7586804226979612,560.0,179.0,5.257667358793962,1.5968063651688928,4979.460172688115,71.60000000000001,0.02547498754714296,49.308771929824566,12.185964912280703,7.381089844850629,57.0,46.04285714285714,15.957142857142856,8.240143832799742,14.0,49.308771929824566,12.185964912280703,7.381089844850629,57.0,0.13209235563001376,-0.009083767128073789,-0.006592116530151781,-0.0018775463047513014,-0.000950994662785054,-0.18290150412420447,-0.00878318278987602,13.467969885743956,43.0,75000.0,49.0,891.4328207969666,84.13421432357387,0.6293710470199585,13.671248435974121,-209.33450317382812,-0.27521249651908875,-209.05929565429688,0.013270259834825993,0.013270259834825993,0.0,-13.557052612304688,0.8408836126327515,0.9163262844085693,-0.07544276118278503,0.07544276118278503,,0.23768757283687592,,0.29978296160697937,0.8955636600653331,0.4219196791701792,-0.001520802725409,13.693967119852703,1.4407845463447613,0.027367490655985816,-204.17858327229817,2.7017970974221357,-0.18954552299320823,-0.009279997646808624,0.3521019322561891,-0.0018792134205146708,-204.16930236816407,2.7100598466728067,-0.18766641754726965,0.013568477549900612,0.0001540356297117277,-4.938565343784522e-06,0.013568477549900612,0.0001540356297117277,-4.938565343784522e-06,0.0,0.0,0.0,-13.616090329488118,1.43280390763296,-0.028876249676153626,0.9259293516476949,0.08173005189964946,-0.0013050884770869908,0.9778282622496287,0.08189968194171145,-0.00043564297598649375,-0.051898908366759616,0.013297039774499721,-0.0008694451281570875,0.051898908366759616,0.013297039774499721,0.0008694451281570875,0.2517198368906975,0.013421517183477026,-0.0002886607231897584,0.3093118558327357,0.013367380618236257,-0.000515891560192775
-12.060604848113714,0.0,1500.0,0.0,56.0,739.0,0.8981970766433751,663.0,76.0,5.2499939239725535,1.8669268120480038,4854.159019302326,83.4,0.02963120869750586,49.378947368421045,13.182456140350874,7.53143988123456,57.0,41.46666666666666,20.16666666666667,10.268573621110344,6.0,49.378947368421045,13.182456140350874,7.53143988123456,57.0,0.13216719324941537,-0.009759612240305823,-0.0076122047299995044,-0.0023164733550532224,-0.0010993518746410672,-0.20687505127574252,-0.009461542895566536,13.024128486690405,51.0,76500.0,50.0,911.3228504657745,83.94390633451259,1.210684061050415,14.267290115356445,-203.14395141601562,-0.12970536947250366,-203.01425170898438,0.013057137839496136,0.013057137839496136,0.0,-14.347930908203125,0.9075050354003906,0.9501029253005981,-0.04259789362549782,0.04259789362549782,,0.2399398535490036,,0.32422763109207153,0.7323587030172348,0.24017863322258243,0.0015996582714946368,13.483050696055095,1.8551505894396207,0.018650684844664877,-202.87349650065104,1.7676892867081488,0.1043579373131666,-0.09391768326361974,0.31387331402447516,-0.00910313049200777,-202.77957814534506,1.6650283585699515,0.1134610117741546,0.013075733867784342,8.953803745533866e-05,-4.852102350473009e-06,0.013075733867784342,8.953803745533866e-05,-4.852102350473009e-06,0.0,0.0,0.0,-13.405092493693035,1.8682868841291063,-0.0199417606476811,0.915801320473353,0.07476478058323384,-0.0014457793734362955,0.9583410422007242,0.07239223208450635,-0.002095212581027756,-0.04253972377628088,0.008810057688231843,0.0006494333621557902,0.04253972377628088,0.008810057688231843,-0.0006494333621557902,0.2551432838042577,0.013476534587653022,8.500998754787365e-05,0.3126921564340591,0.015398075849648663,0.0003326246616439833
-6.6938704558781215,0.0,1500.0,0.0,38.0,739.0,0.6041866593221895,446.0,293.0,5.492285135711789,1.723291780341201,5561.196352233609,106.60000000000001,0.03891078989633523,47.23448275862066,14.86896551724138,7.924730143744591,58.0,43.20869565217392,20.539130434782606,8.837760642427172,23.0,47.23448275862066,14.86896551724138,7.924730143744591,58.0,0.13400941881724723,-0.009318630936362053,-0.006873831830103167,-0.0027152309209802035,-0.0010574936185729895,-0.1896195453992884,-0.009016713726926057,13.190090143382736,35.0,78000.0,51.0,930.2654247283936,83.84703755143151,1.6205259561538696,13.576227188110352,-203.882568359375,-0.2971186637878418,-203.58544921875,0.013108478859066963,0.013108478859066963,0.0,-13.684410095214844,0.8683162331581116,0.9114506244659424,-0.04313437640666962,0.04313437640666962,,0.22463728487491608,,0.29234957695007324,0.8369591404994329,0.3860765470062481,0.008059658695248514,14.123518308003744,1.7402084327136107,-0.04282384157446021,-204.06854756673178,2.0265838689825024,-0.01644981647359732,-0.017022206137577694,0.4800526471938808,-0.004571720647798629,-204.05152587890626,2.020305727296793,-0.011878099961325278,0.013042737108965715,0.0001678876063658838,-1.2035786823781269e-05,0.013042737108965715,0.0001678876063658838,-1.2035786823781269e-05,0.0,0.0,0.0,-14.067838954925538,1.7364617044966455,0.0399518381103926,0.9295205016930898,0.10997745386419662,-0.0010355507173846062,0.9761287828286489,0.11063392053706134,-0.0010537604601417753,-0.046608302866419156,0.01015187874427807,1.820871260460614e-05,0.046608302866419156,0.01015187874427807,-1.820871260460614e-05,0.25029565691947936,0.012624825807703096,-1.8434456909064718e-05,0.3076017359892527,0.011564834028541979,0.0002067339433578797
32.89834690093994,1.0,1500.0,0.0,4.0,739.0,0.06001429510783962,44.0,695.0,6.022839675766067,0.6860481712991807,6974.013147134418,240.8,0.0963122950163987,43.106896551724134,23.237931034482763,8.677513719985699,58.0,44.57777777777777,24.814814814814813,8.364951563264881,54.0,43.106896551724134,23.237931034482763,8.677513719985699,58.0,0.3698860806195767,-0.02608556157464959,-0.009527060766367869,-0.00882679469249079,0.0,-0.0776119402985075,-0.04517004227074686,12.530547112871792,4.0,79500.0,52.0,946.3247010707855,84.00921999610085,0.9013315439224243,12.591756820678711,-207.72857666015625,-1.045122504234314,-206.68345642089844,0.012883448041975498,0.012883448041975498,0.0,-12.694095611572266,0.6835041642189026,0.7398353219032288,-0.05633121356368065,0.05633121356368065,,0.24466300010681152,,0.30853426456451416,1.0628449072440465,1.5591602690004038,-0.00553420376989813,13.852881495157877,1.7055596710122696,-0.0666607110996271,-203.4058405558268,1.8301111876971279,-0.1115260411687911,-0.1817529854675134,0.4323353896549431,-0.008958074017878502,-203.22408854166667,1.7369157022216113,-0.10256793708503782,0.012866595201194287,0.0002363763315588989,-2.21374870440588e-05,0.012866595201194287,0.0002363763315588989,-2.21374870440588e-05,0.0,0.0,0.0,-13.81064936319987,1.6799493419133782,0.06520346407100035,0.8981671611467997,0.10035803230301432,-0.002480129140104977,0.9382792929808299,0.09928490868565394,-0.0020431772222508464,-0.04011213319996993,0.008391592531396411,-0.0004369513460075488,0.04011213319996993,0.008391592531396411,0.0004369513460075488,0.24705910334984463,0.01587996641430574,0.0006751144058314461,0.3065608431895574,0.014548082866293452,0.0005721861647816961
13.785522174835204,1.0,1500.0,0.0,16.0,739.0,0.2502063902047056,184.0,555.0,5.848975103819684,1.177150769452597,6580.2946359091,163.4,0.06347603138839251,44.38275862068964,17.827586206896555,8.587551895130904,58.0,43.45581395348837,21.82790697674419,8.670769341353157,43.0,44.38275862068964,17.827586206896555,8.587551895130904,58.0,0.14436594727357827,-0.008724699111161227,-0.006665545188860825,-0.0022131115436154394,-0.0007261724659606659,-0.11546142208774683,-0.011607292973326829,14.012970864571779,15.0,81000.0,53.0,964.1770520210266,84.00946675739132,0.9931211471557617,12.326562881469727,-211.61534118652344,-0.47257542610168457,-211.14276123046875,0.013533741235733032,0.013533741235733032,0.0,-12.259529113769531,0.7938873767852783,0.8701581358909607,-0.07627075910568237,0.07627075910568237,,0.25791481137275696,,0.30943140387535095,0.8533520748217901,0.4158316335414316,-0.004017749385653412,13.840392112731934,1.7526477628369739,-0.03584124487684915,-205.4253697713216,2.825543055230397,-0.17371705663083858,0.07054750534395376,0.40040904884089284,-0.0011406833399190757,-205.49591725667318,2.760256331411633,-0.17257639849941192,0.013415730620423953,0.0002588094640185537,2.3995198980719413e-05,0.013415730620423953,0.0002588094640185537,2.3995198980719413e-05,0.0,0.0,0.0,-13.786747709910076,1.741092814078197,0.037244241097082596,0.9471912264823914,0.09497623776398126,-0.0010416712458592786,0.9963453650474549,0.0927733249226936,-0.0002561191828285642,-0.04915414887169997,0.013461708916615987,-0.0007855516279300667,0.04915414887169997,0.013461708916615987,0.0007855516279300667,0.2515874574581782,0.013444869666263109,0.0001723147804400187,0.3070997486511866,0.014633398737275344,0.00012376870011062362
-4.58989487523618,0.0,1500.0,0.0,50.0,739.0,0.7990269651094555,590.0,149.0,5.476888940497312,1.7280140471189116,4970.036791797754,81.4,0.029673374161563137,47.296551724137935,12.46206896551724,7.8989158829494,58.0,42.1,18.450000000000006,9.224640915002675,12.0,47.296551724137935,12.46206896551724,7.8989158829494,58.0,0.13911038095420225,-0.009243618180578372,-0.006296100867234942,-0.0022144861737264485,-0.0010530310217246918,-0.19026657812351014,-0.009448143991198038,13.6074410882586,46.0,82500.0,54.0,983.5475556850433,83.8800315481833,0.3721711039543152,10.695466995239258,-203.854248046875,0.3670596778392792,-204.2213134765625,0.013617773540318012,0.013617773540318012,0.0,-10.729630470275879,1.0261033773422241,1.0654335021972656,-0.03933009132742882,0.03933009132742882,,0.2724950313568115,,0.33702701330184937,0.7327476580937703,0.27747697970634694,0.0032502318383323863,12.66921485265096,1.523564483969454,-0.019315645983805516,-205.1922815958659,2.793989161111764,0.09701329317188483,0.07373115196824073,0.38834057672465366,-0.0032116487622261126,-205.2660140991211,2.7972939188606323,0.10022473361786985,0.013228132606794436,0.00020109342441307595,8.184435229346107e-06,0.013228132606794436,0.00020109342441307595,8.184435229346107e-06,0.0,0.0,0.0,-12.618381150563557,1.5029101386509298,0.01745409408586324,0.9513856748739878,0.08978347976851182,-0.0001599514842431443,0.9970530450344086,0.08979449044825871,-0.0007385111358990881,-0.04566738344728947,0.014205534636532671,0.0005785584532644397,0.04566738344728947,0.014205534636532671,-0.0005785584532644397,0.2536173661549886,0.01590059244538994,0.0006847587788065163,0.31024893720944724,0.016948742509556892,0.0007769669653708889
-3.535424956679344,0.0,1500.0,0.0,44.0,739.0,0.703513444967186,519.0,220.0,5.413267819634035,1.5190189368847296,5093.4171055207225,66.4,0.02434017595307918,47.85964912280703,12.645614035087718,7.712541047733602,57.0,43.63529411764707,17.364705882352943,8.669146794082057,17.0,47.85964912280703,12.645614035087718,7.712541047733602,57.0,0.1348537837313864,-0.008891038947948024,-0.006273282348774226,-0.0023863247666567715,-0.00037103784586027793,-0.18047280822643247,-0.008851808371451709,13.536539448463298,40.0,84000.0,55.0,1002.7863631248474,83.76659584624004,0.7906020283699036,12.157917976379395,-208.75271606445312,-0.48912978172302246,-208.26358032226562,0.013327210210263729,0.013327210210263729,0.0,-11.988826751708984,0.8095657229423523,0.8667147159576416,-0.057148948311805725,0.057148948311805725,,0.2412729412317276,,0.28835856914520264,0.9527274976174037,0.7610502331142236,-0.013451865802750039,13.308350245157877,1.9161662029163082,0.043302457085970955,-206.4526123046875,2.8964720339629,-0.09347900797978033,0.02332853674888611,0.5393731055931601,-0.01859757639343402,-206.47593943277994,2.8713970362063015,-0.07488144990201163,0.014004668158789476,0.0002794294792463444,-1.1337460645446832e-05,0.014004668158789476,0.0002794294792463444,-1.1337460645446832e-05,0.0,0.0,0.0,-13.235948944091797,1.9275627702432627,-0.04042237422887923,0.9359911561012269,0.1261178083589307,-0.004630371328190529,0.9853661855061849,0.1262111600649879,-0.004335025977239749,-0.04937502952913443,0.01417568995893673,-0.00029534643414420923,0.04937502952913443,0.01417568995893673,0.00029534643414420923,0.24988912294308344,0.013269035660267046,-0.00018887010312849893,0.3062825441360474,0.013350567373140046,-0.0004049022815649233
-4.523580526050768,0.0,1500.0,0.0,41.0,739.0,0.6657500328399876,491.0,248.0,5.332779868862957,1.8720139012745967,5737.022132447619,97.2,0.03447786606129399,48.60689655172413,15.793103448275865,7.621612699043845,58.0,46.78,25.7,8.085597280832632,20.0,48.60689655172413,15.793103448275865,7.621612699043845,58.0,0.13438181361089696,-0.009315990960129257,-0.008116223659733109,-0.0022701786026586464,-0.00043555952646861764,-0.17958454322090048,-0.009583032198638522,13.130812798286314,38.0,85500.0,56.0,1022.0550107955933,83.65498832929224,1.0558240413665771,11.424732208251953,-206.52761840820312,-0.2775166630744934,-206.25010681152344,0.012772477231919765,0.012772477231919765,0.0,-11.31650161743164,0.8715331554412842,0.9163549542427063,-0.044821847230196,0.044821847230196,,0.2605840861797333,,0.32300710678100586,0.8180300871531169,0.41417216299598586,0.001964121214937697,12.551197751363118,1.4075645354591124,-0.02126775535778718,-206.12881876627605,3.191405268108615,0.10848939278234888,-0.09501444560786089,0.3893851176506023,0.009478009178886422,-206.03380279541017,3.138719181197423,0.09901135606946711,0.012766716318825881,0.00020824045808814475,-1.4750291080575993e-05,0.012766716318825881,0.00020824045808814475,-1.4750291080575993e-05,0.0,0.0,0.0,-12.49398234685262,1.418287115917718,0.019132644899430035,0.9132947742938995,0.09184621659055683,0.0027514791727331045,0.9581516444683075,0.0891800184454168,0.00218237203538615,-0.04485688830415408,0.015812702902414842,0.0005691065373224485,0.04485688830415408,0.015812702902414842,-0.0005691065373224485,0.2514290417234103,0.012361073568804292,-0.00029762895473251427,0.31146250665187836,0.01364708038788399,-2.579574988138509e-07
10.205172312887091,1.0,1500.0,0.0,21.0,739.0,0.32811062050962025,242.0,497.0,5.868593211615776,1.5424368505852462,6392.900465471332,173.60000000000002,0.06771727258542674,44.199999999999996,17.489655172413794,8.662248071822914,58.0,43.030769230769224,22.33846153846154,8.878317690020365,39.0,44.199999999999996,17.489655172413794,8.662248071822914,58.0,0.1473045902325332,-0.009588553016192344,-0.007868017479382778,-0.0024116042900615585,-0.0021180390290337896,-0.13631603998096184,-0.010993675024260255,15.068730412287934,19.0,87000.0,57.0,1040.1510291099548,83.6416996812904,0.7814307808876038,15.324930191040039,-209.7698516845703,0.4996243417263031,-210.26947021484375,0.013419446535408497,0.013419446535408497,0.0,-15.269947052001953,1.0334627628326416,1.0958950519561768,-0.06243221461772919,0.06243221461772919,,0.23879122734069824,,0.2929820418357849,1.0932335664828619,1.6402501487968242,-0.031203821430747344,12.193028767903646,1.860739688353823,0.03379500604444897,-207.21646169026693,2.640279418672367,-0.06716367320568692,0.05779031341274579,0.4841441641996266,0.001973203234001576,-207.27425028483074,2.5714460122461547,-0.0691369180817166,0.013222424530734618,0.00013584424267244592,1.0362134684908722e-05,0.013222424530734618,0.00013584424267244592,1.0362134684908722e-05,0.0,0.0,0.0,-12.120814228057862,1.82585388749732,-0.03250082883739317,0.9446215510368348,0.11337579538374386,0.0001997359469947109,0.9933270474274953,0.11201945435264034,0.00046530678221855053,-0.048705501047273475,0.012619167082532185,-0.0002655694632064759,0.048705501047273475,0.012619167082532185,0.0002655694632064759,0.25339911381403607,0.011981695865775596,-0.00022666209664308322,0.31093448400497437,0.011299100907617347,-8.752262499495136e-05
-2.977227312145811,0.0,1500.0,0.0,36.0,739.0,0.5789724427997278,427.0,312.0,5.509193624414789,1.796249062628918,5895.739510203501,116.60000000000001,0.04266998463002269,47.11379310344828,15.572413793103443,7.979130095172641,58.0,43.88800000000001,22.616,8.777133796567073,25.0,47.11379310344828,15.572413793103443,7.979130095172641,58.0,0.13523338370758206,-0.00919798298250403,-0.006856254770611072,-0.002672270651424334,-0.001206675224646981,-0.1734531450577609,-0.009451612550960303,12.981545055177861,33.0,88500.0,58.0,1059.1435022354126,83.55808236864335,0.5058203339576721,9.802677154541016,-215.21585083007812,-0.1883344054222107,-215.0275115966797,0.012980124913156033,0.012980124913156033,0.0,-9.753868103027344,0.8530333042144775,0.9366484880447388,-0.08361518383026123,0.08361518383026123,,0.25718939304351807,,0.3236408233642578,0.7769689311583837,0.39720320799552883,0.004614041730744949,11.813992563883463,1.9518797646821417,-0.06504713913490043,-209.27436319986978,3.711673212459416,-0.16590659679373754,-0.0016356987257798512,0.385531274416892,0.003505706971094798,-209.2727274576823,3.6909469242857944,-0.16941235025679183,0.013191563077270985,0.0001802084988030872,-1.377774582755201e-05,0.013191563077270985,0.0001802084988030872,-1.377774582755201e-05,0.0,0.0,0.0,-11.774318313598632,1.9528255195372983,0.06336053629738368,0.9232780496279399,0.09091883824735668,6.148282094578908e-05,0.9795551935831706,0.08903470097100652,0.0008222147407998414,-0.05627715140581131,0.018015027369880372,-0.0007607314358563787,0.05627715140581131,0.018015027369880372,0.0007607314358563787,0.25128849744796755,0.014129702634874548,0.0002634209175661453,0.30765456358591714,0.017493123439214667,6.832588501248643e-07
-3.5198827981948853,0.0,1500.0,0.0,21.0,739.0,0.34185543143114877,252.0,487.0,5.4996336932345224,1.461336897586948,6553.925219181972,173.4,0.06333552487398642,47.203448275862065,19.841379310344827,7.931885597941579,58.0,45.71578947368421,24.94736842105263,8.186206753794366,38.0,47.203448275862065,19.841379310344827,7.931885597941579,58.0,0.13194754690770713,-0.009110979169618843,-0.006506453890957035,-0.0023017561781807977,-0.001333897946220621,-0.17175524031335762,-0.009515481031215488,12.674401579753773,20.0,90000.0,59.0,1077.2927644252777,83.54274991163975,0.904381275177002,11.498046875,-207.7435302734375,0.25265389680862427,-207.99618530273438,0.012169377878308296,0.012169377878308296,0.0,-11.528339385986328,0.9907445907592773,1.0373060703277588,-0.04656154662370682,0.04656154662370682,,0.2515687048435211,,0.31334519386291504,0.7861983915170033,0.2821141620061898,-0.0015395335679059747,12.051019350687662,1.4269211525192558,-0.007341570742801369,-206.16032002766926,2.279912688011327,0.06801880697519996,0.07436982343594233,0.4398754548383616,0.01110054193866399,-206.23469034830728,2.265099364876537,0.05691812788949733,0.012482145273437103,0.0005125435926208783,-5.1933430649083626e-05,0.012482145273437103,0.0005125435926208783,-5.1933430649083626e-05,0.0,0.0,0.0,-11.968603420257569,1.4258585637333385,0.00836861475688884,0.9577765166759491,0.09992019552867788,0.002844495197822284,0.9967358748118083,0.09985341829215363,0.002488190711406494,-0.038959355217715104,0.011353835929930509,0.0003563057531802622,0.038959355217715104,0.011353835929930509,-0.0003563057531802622,0.24922345479329427,0.01098589401292861,0.00015417426924020818,0.30836262106895446,0.013173209329341993,8.265474879568159e-05
3.252264152873646,1.0,1500.0,0.0,24.0,739.0,0.38693685458987703,285.0,454.0,5.672581921162429,1.3267104763097868,6231.300866065964,172.8,0.06510436289654133,45.76206896551726,18.09310344827586,8.25239470439683,58.0,43.844444444444456,23.655555555555555,8.649976430075185,36.0,45.76206896551726,18.09310344827586,8.25239470439683,58.0,0.1374659599637519,-0.008250341884267208,-0.005868573419316893,-0.0020963382753863696,-0.0007773027594247963,-0.15375048581422254,-0.009283258355822334,13.207514860522268,22.0,91500.0,60.0,1095.6380445957184,83.51298172907346,0.747974693775177,10.522995948791504,-205.94696044921875,-0.028831779956817627,-205.91812133789062,0.01222817413508892,0.01222817413508892,0.0,-10.441932678222656,0.9394269585609436,0.9734532237052917,-0.03402634710073471,0.03402634710073471,,0.26256975531578064,,0.31044435501098633,0.8323549975951513,0.47420169676535195,-0.007527138029242807,11.611837259928386,1.5588359421043367,0.008950786993686123,-208.5827606201172,3.0932102523663034,-0.09685139385558264,-0.0036012381315231323,0.3756367745932309,-0.004749269589566283,-208.57915954589845,3.0346242142441304,-0.09210215940889092,0.01237024695922931,0.0001944722201745213,-1.2245782556735786e-05,0.01237024695922931,0.0001944722201745213,-1.2245782556735786e-05,0.0,0.0,0.0,-11.571747493743896,1.5820477708068583,-0.008111095534548304,0.9309293746948242,0.08822790258057198,-0.001454673062707493,0.9791742384433746,0.08561642996307835,-0.0010772872024171394,-0.0482448727513353,0.014801898611016516,-0.0003773842288701226,0.0482448727513353,0.014801898611016516,0.0003773842288701226,0.2511077538132668,0.01616778626444674,0.0002233109265996744,0.30705549120903014,0.011758796047492434,0.00020750495827900154
0.3083720838322359,1.0,1500.0,0.0,37.0,739.0,0.5983881501720484,442.0,297.0,5.42510051981514,1.689166867193312,5488.032630077137,81.2,0.029824432527730847,47.764912280701736,12.975438596491227,7.776272256532904,57.0,44.4695652173913,18.104347826086954,8.542283203257355,23.0,47.764912280701736,12.975438596491227,7.776272256532904,57.0,0.13280822983790014,-0.008702019145437799,-0.006369931646928511,-0.0018449361673681989,-0.000728844966028412,-0.1597035206917802,-0.009003410991111115,13.0566714420722,34.0,93000.0,61.0,1114.6432316303253,83.43476850792355,0.553216278553009,12.499062538146973,-212.065673828125,-0.562611997127533,-211.50306701660156,0.012253640219569206,0.012253640219569206,0.0,-12.40153694152832,0.7929873466491699,0.8521844148635864,-0.05919700860977173,0.05919700860977173,,0.25257009267807007,,0.28362947702407837,0.8372234563032787,0.7114865066921523,0.007536418565255769,11.532139110565186,2.0220503251004334,-0.02437699395371777,-208.68028004964194,2.149417973308868,0.03738208808941652,-0.023553595443566642,0.48593423825067533,-0.0009205646489698253,-208.65672810872397,2.2034704031929917,0.03830262248853432,0.012222025698671738,0.00011387685806988387,2.737292963949018e-06,0.012222025698671738,0.00011387685806988387,2.737292963949018e-06,0.0,0.0,0.0,-11.450242741902668,2.0231860434194386,0.023939074557668444,0.9282404065132142,0.10842695825481706,5.050063531043215e-05,0.9745654881000518,0.11030061609999929,-0.00021478568884370693,-0.04632505606859923,0.010956508994989914,0.0002652845642756314,0.04632505606859923,0.010956508994989914,-0.0002652845642756314,0.2550701712568601,0.014294321505243896,0.0004028444328615717,0.31021426717440287,0.015696984589254788,8.581875428663139e-07
-7.335624299943447,0.0,1500.0,0.0,35.0,739.0,0.554071434706011,409.0,330.0,5.490082809920015,1.605473553594555,5741.086310245643,116.80000000000001,0.04263396116221346,47.23448275862068,15.258620689655178,7.9702859420412455,58.0,43.0,20.299999999999994,8.91942690504981,26.0,47.23448275862068,15.258620689655178,7.9702859420412455,58.0,0.13083564674575768,-0.009062578422474888,-0.0070528428070938355,-0.0021330486311259976,-0.0015020898641588264,-0.18662486938348394,-0.009117907404264951,12.918728036390831,32.0,94500.0,62.0,1133.5023889541626,83.36991692376704,0.38819974660873413,10.412702560424805,-207.39833068847656,0.023751474916934967,-207.42208862304688,0.012546548619866371,0.012546548619866371,0.0,-10.270316123962402,0.9485632181167603,0.9854245781898499,-0.03686142712831497,0.03686142712831497,,0.26007410883903503,,0.31646794080734253,1.070479628443718,1.6573361352203957,-0.06345210900826505,11.122612921396891,1.442827485209191,-0.06430324410172311,-209.8256408691406,2.330565765576448,-0.08739873188090144,-0.06678752638399602,0.3403304879126903,-0.015586991184644901,-209.75885314941405,2.1829754794951524,-0.07181190091854911,0.012419117024789254,0.00013439533854415234,-7.385466956389799e-06,0.012419117024789254,0.00013439533854415234,-7.385466956389799e-06,0.0,0.0,0.0,-11.057443555196127,1.412186610078374,0.06099749088817781,0.9153756181399028,0.08184554809071165,-0.003823228593132541,0.9648061692714691,0.0775455973741369,-0.00354762497680209,-0.04943054094910622,0.010543846939632806,-0.00027560557552651593,0.04943054094910622,0.010543846939632806,0.00027560557552651593,0.25734954128662746,0.010855390985965985,-0.0002400579554618317,0.314505872130394,0.01327844024207152,-0.00025657348425953483
-6.09383654126934,0.0,1500.0,0.0,56.0,739.0,0.8991441074663631,664.0,75.0,5.409603954053986,1.9009583591214425,4668.07489460286,70.4,0.02576112412177986,47.94385964912283,11.838596491228074,7.760631182593909,57.0,40.63333333333334,17.366666666666667,10.273067911140556,6.0,47.94385964912283,11.838596491228074,7.760631182593909,57.0,0.13902581914154627,-0.009146551416233538,-0.007677207366977726,-0.0020405856453834348,-0.0019974608548455407,-0.19317816335166915,-0.009182986214312903,13.411833422844095,51.0,96000.0,63.0,1153.2864513397217,83.24037786837872,0.5445247292518616,12.597311973571777,-205.742919921875,0.3200082778930664,-206.06292724609375,0.012396221049129963,0.012396221049129963,0.0,-12.594781875610352,1.0249302387237549,1.052885890007019,-0.027955563738942146,0.027955563738942146,,0.25202906131744385,,0.3107607662677765,0.694650161266327,0.344070565739503,0.0012104614823227704,11.191938972473144,1.7237415181068387,0.07548292836835292,-210.50791880289714,2.7888854273184505,0.13865009855243332,0.006346401820580164,0.3427085394841254,-0.003810770252721603,-210.514262898763,2.766647428664515,0.14246091577447334,0.012448997578273217,0.00012206815045290024,-1.0396943151023016e-05,0.012448997578273217,0.00012206815045290024,-1.0396943151023016e-05,0.0,0.0,0.0,-11.132455635070801,1.7219742921599008,-0.07869695041813471,0.9306339144706726,0.0793402007380967,-9.903093598976499e-05,0.9814723789691925,0.07813799802822619,-0.00087296157843282,-0.050838467416663966,0.013855033079496306,0.0007739325026019151,0.050838467416663966,0.013855033079496306,-0.0007739325026019151,0.25685789734125136,0.0117742826502769,-0.0002858135571601859,0.3115876624981562,0.01635687752314712,-0.000680273903888121
13.740355610847473,1.0,1500.0,0.0,6.0,739.0,0.09265233691712393,68.0,671.0,5.829028759442059,0.8482090963699462,6912.627789732178,239.20000000000002,0.09260549748354627,44.53448275862068,22.965517241379317,8.431386092732453,58.0,44.79615384615384,24.811538461538458,8.291038418462866,52.0,44.53448275862068,22.965517241379317,8.431386092732453,58.0,0.16718993712142777,-0.01013686700315212,-0.006604403327424588,-0.003198137778286088,0.0,-0.14315068493150704,-0.013894214200633668,15.64699343663501,6.0,97500.0,64.0,1170.0475997924805,83.3299431726475,0.6610763669013977,10.603523254394531,-211.2013702392578,0.16253037750720978,-211.36390686035156,0.011891108006238937,0.011891108006238937,0.0,-10.72380256652832,0.9650906324386597,1.0166712999343872,-0.051580801606178284,0.051580801606178284,,0.24005766212940216,,0.2851679027080536,0.919753834605217,0.7782011387056254,-0.0017199098666067108,11.299405145645142,1.6810263764960018,0.05846379177191068,-211.22673899332682,2.1262186780095034,-0.055545458088192,-0.12314836656053861,0.46145319435348436,-0.01490444369092003,-211.103591410319,2.0047381285853736,-0.040641087074827054,0.012159405928105115,0.0002910237502327385,-2.4867026514484697e-05,0.012159405928105115,0.0002910237502327385,-2.4867026514484697e-05,0.0,0.0,0.0,-11.22336966196696,1.6728727646206294,-0.059212132370113635,0.900749397277832,0.10638227229330732,-0.0034819140715381834,0.9521723846594493,0.1046097489492924,-0.003360195618715395,-0.05142297198375066,0.00969981315854521,-0.00012172106674170909,0.05142297198375066,0.00969981315854521,0.00012172106674170909,0.25256180167198183,0.014082905064874031,-0.00011317607956017982,0.3093048105637232,0.01581716009614797,-0.0001313421763355453
0.7964300894737244,1.0,1500.0,0.0,55.0,739.0,0.8813604901423382,651.0,88.0,5.587200399684771,1.7504520475265786,4780.453213033692,70.0,0.026445032111824706,46.438596491228076,10.24561403508772,7.996089316035923,57.0,40.65714285714285,14.514285714285718,9.285587369494158,7.0,46.438596491228076,10.24561403508772,7.996089316035923,57.0,0.14557118293471283,-0.009091409308273481,-0.007028391230437997,-0.00214937375379355,-0.002567760342368058,-0.17203994293865235,-0.010212394410878232,13.698887560780939,50.0,99000.0,65.0,1189.5994036197662,83.22129256181398,0.7943916320800781,10.033233642578125,-210.945068359375,-0.18065480887889862,-210.76441955566406,0.012288021855056286,0.012288021855056286,0.0,-9.955389976501465,0.8925621509552002,0.9389355182647705,-0.04637335613369942,0.04637335613369942,,0.26855313777923584,,0.3165687024593353,0.8648962130149206,0.543387105587157,0.0012341296646300464,10.72174301147461,1.2073767688230714,0.012922866193285159,-212.44166463216146,2.494528795815449,0.05544164740337034,0.04547584106524785,0.3619845324822946,-0.00882464296892038,-212.48714090983074,2.5737990686392,0.06426625150992968,0.012291830622901519,9.329640086059238e-05,-1.4944163641093707e-06,0.012291830622901519,9.329640086059238e-05,-1.4944163641093707e-06,0.0,0.0,0.0,-10.676577726999918,1.196121057905089,-0.010765051284806693,0.9344071368376414,0.07943927715256457,-0.001610296599989627,0.9902821222941081,0.08222002756058912,-0.002000351503773206,-0.055874981979529066,0.012707798960891003,0.0003900520346055991,0.055874981979529066,0.012707798960891003,-0.0003900520346055991,0.25288530935843784,0.013625326233875943,-0.00010501341573124121,0.3131940891345342,0.014981195080914032,8.649635765788313e-05
-1.9355168739954631,0.0,1500.0,0.0,26.0,739.0,0.42289834991202707,312.0,427.0,5.341898129335024,1.2145732969543885,6183.729591191719,151.6,0.05378938404768663,48.593103448275855,18.65172413793103,7.65961194413947,58.0,47.7,24.57058823529411,7.902500320799696,34.0,48.593103448275855,18.65172413793103,7.65961194413947,58.0,0.1343029473205476,-0.009183696187059994,-0.006180497598440628,-0.0018527681946302775,-0.0011703056768558938,-0.17215720524017086,-0.009534286190136822,13.754755243322235,24.0,100500.0,66.0,1208.22523021698,83.17985544959332,0.6750117540359497,9.491791725158691,-209.02947998046875,-0.6132229566574097,-208.416259765625,0.01184261403977871,0.01184261403977871,0.0,-9.565230369567871,0.809058427810669,0.841756284236908,-0.03269787132740021,0.03269787132740021,,0.2554982006549835,,0.3172985911369324,1.3344724466403326,3.57730549333011,0.02275782063089565,10.51612466176351,1.3803071487191363,0.026740727408709114,-211.184060160319,2.643141352127771,0.003212306072504917,0.06605220735073089,0.4017075809989423,-0.009407067517682636,-211.25011189778647,2.7182172615837525,0.012619191679997388,0.012012256992359955,0.00016332225894276887,-7.571972848576415e-06,0.012012256992359955,0.00016332225894276887,-7.571972848576415e-06,0.0,0.0,0.0,-10.452215115229288,1.3446525257509574,-0.02809142949716373,0.9473773161570231,0.08820805556081175,-0.0019957891958574414,0.9949379821618398,0.09081890246403665,-0.0021327257554178696,-0.047560656008621055,0.013262199677840559,0.0001369362848254552,0.047560656008621055,0.013262199677840559,-0.0001369362848254552,0.24730370789766312,0.014553568833977092,-0.00015619338486961537,0.3083346923192342,0.01682548854792166,-0.0006754645516265197
2.76802921295166,1.0,1500.0,0.0,30.0,739.0,0.4859300523619097,359.0,380.0,5.499940440791574,1.6251983025188064,5977.360767445507,161.0,0.05883642742289139,47.17931034482757,17.634482758620685,7.969113228986532,58.0,45.93333333333332,25.946666666666662,8.228058476700818,30.0,47.17931034482757,17.634482758620685,7.969113228986532,58.0,0.1387896259245684,-0.00874548906545809,-0.007655180443903918,-0.0022996564767124106,-0.000917145966112233,-0.15196642313072883,-0.009802039932068678,12.55453120513691,28.0,102000.0,67.0,1226.7358257770538,83.14748608192797,1.92799973487854,9.161136627197266,-209.4904327392578,0.6277872323989868,-210.11822509765625,0.01270754262804985,0.01270754262804985,0.0,-8.983034133911133,1.0850725173950195,1.1238014698028564,-0.03872901201248169,0.03872901201248169,,0.24615885317325592,,0.30352240800857544,1.084387578566869,0.9498894243824755,0.008703173824624285,10.774186833699543,1.6471898147855093,0.02169334763812234,-210.96343129475912,2.5308649064082824,-0.05539424162154812,0.20999606164793175,0.36590043035970066,-0.008395143381182163,-211.17342732747395,2.637640746543729,-0.04699909350232309,0.012393606236825387,0.00022233166810878386,2.0377162856373937e-05,0.012393606236825387,0.00022233166810878386,2.0377162856373937e-05,0.0,0.0,0.0,-10.709129397074381,1.6513496394229747,-0.022025493413905847,0.9828480303287506,0.07944545176710288,-0.0020369949409773753,1.027783246835073,0.08324897399331053,-0.001883958258538705,-0.04493521278103193,0.012717883501361984,-0.00015303868473040194,0.04493521278103193,0.012717883501361984,0.00015303868473040194,0.25166103690862657,0.010730221570390646,-6.0647377978449074e-05,0.3108037680387497,0.01189388285441235,-0.00011049367827224684
3.832614696387089,1.0,1500.0,0.0,36.0,739.0,0.5723351376941074,422.0,317.0,5.487709089680733,1.6279246477567326,5610.397629466027,101.80000000000001,0.037172277806178336,47.21724137931035,14.693103448275863,7.99087301555905,58.0,45.57600000000002,22.560000000000006,8.371169358965458,25.0,47.21724137931035,14.693103448275863,7.99087301555905,58.0,0.13906608608421328,-0.008081685276807022,-0.006757174730049998,-0.0021155288560668196,-0.0022360412807621026,-0.15252712357766193,-0.009289898454660748,13.438458904917143,33.0,103500.0,68.0,1245.6812937259674,83.08706289585541,1.4090547561645508,10.074544906616211,-217.4579620361328,-0.008078821003437042,-217.44989013671875,0.012655152007937431,0.012655152007937431,0.0,-10.037275314331055,0.9062067270278931,0.9781511425971985,-0.07194432616233826,0.07194432616233826,,0.2527204155921936,,0.3152582347393036,0.8122427175442378,0.49983337268921885,0.018277777547433177,10.966042105356852,1.4563453938188236,0.010036537883278749,-214.2646255493164,3.069291008596449,-0.03204824004209745,0.04171484957138697,0.4112228700810952,0.007110176882701407,-214.30634155273438,2.9965680524570346,-0.03915869656606145,0.012555828442176183,0.00015673889294299915,-1.7419196375222413e-06,0.012555828442176183,0.00015673889294299915,-1.7419196375222413e-06,0.0,0.0,0.0,-10.913779354095459,1.4490847183858606,-0.006607424191823709,0.9316423753897349,0.09678353534047127,0.0015153960603495366,0.989487498998642,0.09401650629460667,0.0016287174718133011,-0.05784511975944042,0.01445324307144858,-0.00011332222282289692,0.05784511975944042,0.01445324307144858,0.00011332222282289692,0.2528320824106534,0.014727759659904714,5.341657210509701e-05,0.31132797499497733,0.016941365130369215,-1.0207795990726234e-05
0.025203269460926884,1.0,1500.0,0.0,25.0,739.0,0.39266136069362856,290.0,449.0,5.655682925554406,1.5150947148190899,6214.00104166992,153.0,0.05756640830762284,45.824137931034464,17.686206896551724,8.268645573080764,58.0,43.297142857142866,23.09714285714286,8.716755721143452,35.0,45.824137931034464,17.686206896551724,8.268645573080764,58.0,0.13347983612571204,-0.008688156947882643,-0.006968172888819597,-0.002325536148743087,-0.0008710155670867308,-0.16115641215715062,-0.009420865411383449,13.151635552952973,23.0,105000.0,69.0,1264.0184516906738,83.06840763246646,0.5823522210121155,10.726901054382324,-209.2936248779297,-0.1421399861574173,-209.1514892578125,0.011894562281668186,0.011894562281668186,0.0,-10.504068374633789,0.9183099865913391,0.9479265809059143,-0.029616579413414,0.029616579413414,,0.23653274774551392,,0.29265761375427246,1.4077621628840764,2.3191966705536724,-0.028723083885678787,10.475062640508016,1.6157495202931402,0.020522974860813652,-212.00291595458984,2.9565788833667814,0.08838677835942112,-0.030962318181991577,0.4049086702380392,0.008296611069704722,-211.97195434570312,2.951079227983292,0.08009006046214694,0.012293434422463178,0.00019934248898604667,-2.1452224866235523e-05,0.012293434422463178,0.00019934248898604667,-2.1452224866235523e-05,0.0,0.0,0.0,-10.400948762893677,1.6285190273463142,-0.017395031306316325,0.9285866737365722,0.092554805717875,0.0023480889794558284,0.9728928983211518,0.09209862067255653,0.0018874633166362862,-0.04430622265984615,0.014427267470184536,0.00046062739866395305,0.04430622265984615,0.014427267470184536,-0.00046062739866395305,0.24945850123961766,0.013125380800350334,0.00019762422868751443,0.31160786052544914,0.01569509890928431,-0.0004385208327725225
15.629182934761047,1.0,1500.0,0.0,18.0,739.0,0.2780723096935724,205.0,534.0,5.68463470909777,1.3662613250636537,6767.021652456305,190.4,0.07186532799879218,45.67931034482758,19.831034482758625,8.282102286069502,58.0,44.980952380952374,25.033333333333335,8.376062518928874,42.0,45.67931034482758,19.831034482758625,8.282102286069502,58.0,0.14225997362059395,-0.008339501975901829,-0.00696568663013314,-0.0022362436299895754,-0.001044817156997526,-0.1086609843277436,-0.010095635661003955,14.51146405500314,16.0,106500.0,70.0,1281.863524198532,83.08216747690648,0.6326459050178528,14.570204734802246,-216.2744598388672,0.3543298840522766,-216.6287841796875,0.011939299292862415,0.011939299292862415,0.0,-14.683897018432617,0.9966060519218445,1.0600197315216064,-0.06341373920440674,0.06341373920440674,,0.23925316333770752,,0.28642934560775757,0.8241149147351583,0.855636463618567,0.015544351136458977,9.857729419072468,1.788579590775041,0.003697041754462423,-212.60120391845703,2.3057026077358036,-0.08529818898710878,0.007506572206815084,0.43675938923136526,0.001330510885749965,-212.60870971679688,2.3158851086679832,-0.08662854832191377,0.011924003964910905,0.00021081364136705754,-1.1185304913359348e-05,0.011924003964910905,0.00021081364136705754,-1.1185304913359348e-05,0.0,0.0,0.0,-9.784141063690186,1.8100378458104345,-0.0065757363205885926,0.9365312059720358,0.0980156603564122,-5.1370186853487514e-05,0.9816664357980093,0.09869951163184093,0.00029113500879388363,-0.045135236158967015,0.010973315149170637,-0.0003425057434598112,0.045135236158967015,0.010973315149170637,0.0003425057434598112,0.2560428574681282,0.011020368887354411,-2.7483274064160534e-05,0.31148878037929534,0.011054785878295302,-0.0002513684804765823
-5.454129996507064,0.0,1500.0,0.0,50.0,739.0,0.80405306102642,594.0,145.0,5.328207155910256,1.7208080059440356,5039.057409167296,70.4,0.02495392031759535,48.64137931034483,13.2,7.651621202409754,58.0,45.9,21.299999999999997,8.558162844588521,12.0,48.64137931034483,13.2,7.651621202409754,58.0,0.13601192280865249,-0.008577835783677011,-0.006707113083306127,-0.0021852662065663547,-0.001730554521771492,-0.18980275400073673,-0.00885435146607743,13.669354521688081,46.0,108000.0,71.0,1301.4414494037628,82.9849088097499,0.5826696157455444,8.207910537719727,-214.08106994628906,0.12090936303138733,-214.2019805908203,0.012214776128530502,0.012214776128530502,0.0,-8.26417064666748,0.9579759836196899,1.0074466466903687,-0.04947063699364662,0.04947063699364662,,0.27346229553222656,,0.3337167501449585,0.6350426505009333,0.2616505111559901,-0.005357643474593729,10.401355330149332,1.7301077702631773,0.011174953872289874,-214.27054646809896,3.3683001494484004,-0.14732810626172585,0.029662519693374634,0.25397852532820214,-0.003709772398262322,-214.30020853678386,3.3373239811525948,-0.14361825503814102,0.01218418919791778,0.0001354287777822852,4.130073960816373e-06,0.01218418919791778,0.0001354287777822852,4.130073960816373e-06,0.0,0.0,0.0,-10.317983261744182,1.744122992935292,-0.014097835702015612,0.9356687327226003,0.06096359475046974,-0.0014528545442227113,0.9866968731085459,0.057616022060871304,-0.0008370139177171923,-0.051028142062326275,0.015824822208696836,-0.0006158400244090918,0.051028142062326275,0.015824822208696836,0.0006158400244090918,0.2533762748042742,0.01790612068268484,0.00010089132690323276,0.31008379757404325,0.01745482941176948,0.00021593452030346528
-2.3778236593518938,0.0,1500.0,0.0,31.0,739.0,0.49337257035937354,364.0,375.0,5.434354891358276,1.9008207681684297,6129.28377041612,122.4,0.044957026371850436,47.76491228070175,17.028070175438597,7.718453247541557,57.0,45.66206896551723,24.013793103448272,8.15272167935999,29.0,47.76491228070175,17.028070175438597,7.718453247541557,57.0,0.13361037131001927,-0.00920941391927817,-0.008215902807790398,-0.0024623376313926823,-0.0034323235338009337,-0.16367706312490254,-0.009155485568542572,12.58985476388862,28.0,109500.0,72.0,1320.1179881095886,82.94713123090172,0.5071989297866821,9.967823028564453,-222.49664306640625,-0.009793296456336975,-222.48684692382812,0.012580371461808681,0.012580371461808681,0.0,-9.782716751098633,0.8907982110977173,0.9777619242668152,-0.08696368336677551,0.08696368336677551,,0.27707403898239136,,0.333331823348999,0.7000797033309937,0.3191227351327116,0.009713075397011951,9.347805341084799,1.5160875462048713,0.011121852777160539,-217.1004384358724,3.409460390858317,0.023071418057830962,0.08427717288335164,0.40750248623337837,-0.015297568195786444,-217.1847147623698,3.382056577166021,0.038368993977687574,0.012183654836068552,0.00015574086693019245,5.416721064137267e-06,0.012183654836068552,0.00015574086693019245,5.416721064137267e-06,0.0,0.0,0.0,-9.269857120513915,1.5044059258364664,-0.008847378994917122,0.9364798307418823,0.09380275933453906,-0.003213220496596727,0.9991101662317912,0.09246686238056095,-0.003473177794222067,-0.0626303448031346,0.01631422733306204,0.00025995791173883217,0.0626303448031346,0.01631422733306204,-0.00025995791173883217,0.25749586820602416,0.014587928697469044,0.0002852721460934253,0.3143804093201955,0.014601977624978847,0.00041535331622112934
-2.853387433655408,0.0,1500.0,0.0,53.0,739.0,0.8549404415950165,631.0,108.0,5.317156556072489,1.7238474724333412,4739.531241576819,58.800000000000004,0.020777385159010602,48.79310344827587,11.77931034482758,7.534221563280932,58.0,46.26666666666668,19.02222222222222,8.26806686902223,9.0,48.79310344827587,11.77931034482758,7.534221563280932,58.0,0.13668494493577216,-0.008638413505462397,-0.0070658750425735585,-0.0018696916072721665,-0.001281038869878035,-0.17969641133630937,-0.008842319304849982,13.592903109065038,49.0,111000.0,73.0,1339.7791302204132,82.84947682513824,0.6556088924407959,8.470173835754395,-215.48306274414062,0.5330016613006592,-216.0160675048828,0.012443698942661285,0.012443698942661285,0.0,-8.265682220458984,1.0478041172027588,1.1014981269836426,-0.053693972527980804,0.053693972527980804,,0.2570576071739197,,0.32296788692474365,0.6665703862905502,0.2856972605588217,0.0009726837360288611,9.697947978973389,1.658017715725708,-0.022896979674614168,-216.52572784423828,3.9286558915653136,0.18020209969085074,-0.08802532975872358,0.3625522426538627,0.007086816391968761,-216.43770294189454,3.9890883280131857,0.17311521197055335,0.012394231806198756,0.0001358234764593144,-4.0362571450046245e-06,0.012394231806198756,0.0001358234764593144,-4.0362571450046245e-06,0.0,0.0,0.0,-9.56549825668335,1.6493590922169306,0.022495252590158298,0.9031632820765177,0.08083674429754982,0.0025193241202128356,0.9599584917227427,0.0824863173935064,0.0016153852056475515,-0.05679521324733893,0.01936429153682006,0.0009039412856566118,0.05679521324733893,0.01936429153682006,-0.0009039412856566118,0.2507585202654203,0.01420782032685018,0.00044685150346447796,0.3128141095240911,0.01438836260891029,0.00027062750366557996
12.978721959250313,1.0,1500.0,0.0,15.0,739.0,0.24196251337357805,178.0,561.0,5.869929706905922,1.0631092398871471,6511.973981793081,205.4,0.080059245400686,44.234482758620686,19.706896551724135,8.561003406677175,58.0,43.69545454545453,23.840909090909086,8.631019917075774,44.0,44.234482758620686,19.706896551724135,8.561003406677175,58.0,0.14907144756857052,-0.008887753205711548,-0.004750321256880625,-0.002334722085663214,-0.0011426705843943852,-0.12275546849494064,-0.010799031211306064,13.32845416330776,14.0,112500.0,74.0,1357.465345621109,82.87504381817244,0.63658607006073,8.710806846618652,-213.77928161621094,-0.16883991658687592,-213.61044311523438,0.012636723928153515,0.012636723928153515,0.0,-8.742918014526367,0.9013912677764893,0.9413738250732422,-0.03998251631855965,0.03998251631855965,,0.27505582571029663,,0.3270868957042694,0.8355567743380864,0.554499991194637,0.010783859454219656,10.138166236877442,1.8236489643961844,-0.05771167169556092,-214.95882873535157,3.627214046279493,0.22117190758830005,-0.06181724493702253,0.43358593713118065,0.0054647827523038525,-214.89701131184896,3.5639173349034805,0.21570717681104373,0.012564708013087511,0.0001814460794404914,1.228362077368464e-05,0.012564708013087511,0.0001814460794404914,1.228362077368464e-05,0.0,0.0,0.0,-10.080489333470663,1.7775278802460714,0.05653175220341013,0.9186838110287984,0.10207605749653888,0.002350335365142641,0.965880693991979,0.09905648091892279,0.0012452001301146932,-0.04719689233849446,0.017385449891502168,0.001105136748763824,0.04719689233849446,0.017385449891502168,-0.001105136748763824,0.25253069450457893,0.014075200007076826,0.0007353669378463034,0.31429875592390694,0.01598676401016962,0.000452804625100623
-5.339581497690895,0.0,1500.0,0.0,48.0,739.0,0.7756983582417458,573.0,166.0,5.270870909401868,1.685798690756275,5119.7357575979,71.4,0.02545091609039709,49.21754385964915,12.877192982456139,7.400828312242099,57.0,45.01538461538461,19.569230769230767,8.186931932429514,13.0,49.21754385964915,12.877192982456139,7.400828312242099,57.0,0.1317364394257509,-0.008533979453844305,-0.006521118859786003,-0.0017978155232848585,-0.0009828009828009808,-0.18128898128897422,-0.008962673380797488,13.02281726444629,44.0,114000.0,75.0,1377.0272343158722,82.78703366141985,1.0364770889282227,10.240926742553711,-211.5258331298828,-0.4191233813762665,-211.10670471191406,0.012116704136133194,0.012116704136133194,0.0,-10.14689826965332,0.8591688275337219,0.8850269913673401,-0.025858208537101746,0.025858208537101746,,0.2549370527267456,,0.30723053216934204,0.779408813516299,0.5288160760550117,0.013495745482513704,8.69738351504008,1.5213643896928195,-0.015187817977718829,-215.04348500569662,2.5225353398264847,0.10286672759772443,-0.18688463444511097,0.40090936393240495,0.005147240658159121,-214.85660146077473,2.4238424520913266,0.09771955615289075,0.012452667206525802,0.00022641788948633162,-1.9517171303343146e-05,0.012452667206525802,0.00022641788948633162,-1.9517171303343146e-05,0.0,0.0,0.0,-8.621132087707519,1.5346821215809583,0.014661060371441556,0.892559685309728,0.09429146335655955,0.001738249274329145,0.9373448292414347,0.09152966519732553,0.0011984695449421604,-0.04478514653940995,0.011798858967768678,0.0005397801445973203,0.04478514653940995,0.011798858967768678,-0.0005397801445973203,0.25331701040267945,0.014816991713034933,-0.00016345151672109018,0.31494755546251935,0.012766716111530884,3.6241082646549395e-05
-2.4895636647246606,0.0,1500.0,0.0,47.0,739.0,0.7573390776882437,559.0,180.0,5.251745413088044,1.5751264880062756,5056.254653832477,69.2,0.02460007109847138,49.350877192982445,13.021052631578952,7.397213326321621,57.0,46.07142857142857,21.3,8.252158278249524,14.0,49.350877192982445,13.021052631578952,7.397213326321621,57.0,0.13186619300682156,-0.008135680339808746,-0.00600017854689868,-0.0015974939439208804,-0.0013658820110432981,-0.17204301075268172,-0.008308044048248352,13.255194776935365,43.0,115500.0,76.0,1396.5214960575104,82.70549384743848,0.5613340735435486,9.744659423828125,-215.9760284423828,0.6569370031356812,-216.63296508789062,0.01215860154479742,0.01215860154479742,0.0,-9.664234161376953,1.0790083408355713,1.1289730072021484,-0.04996471852064133,0.04996471852064133,,0.24431268870830536,,0.3110199570655823,0.8617311050494512,0.6728487942620881,0.026990691818570396,9.087179215749105,1.7626653241706751,-0.07207073470509243,-215.81814422607422,3.546275933908887,-0.22031707933401942,-0.0043293718248605725,0.40912760746708615,0.00977069910810442,-215.81381530761718,3.5452993987794272,-0.230087745335525,0.012263391880939405,0.00012776489598056916,-6.045235550907651e-06,0.012263391880939405,0.00012776489598056916,-6.045235550907651e-06,0.0,0.0,0.0,-8.991157690684,1.7884579832946497,0.07294713233548898,0.9318018972873687,0.0936348905803153,0.0011978245550586155,0.978941943248113,0.09297409678069418,0.00221910833384222,-0.047140062662462394,0.016521413572992725,-0.0010212841687166651,0.047140062662462394,0.016521413572992725,0.0010212841687166651,0.25344024201234183,0.01795624983424071,0.00019456817788196857,0.3156400362650553,0.01735702976304929,0.0005190866277268163
12.37698938369751,1.0,1500.0,0.0,27.0,739.0,0.42697677904728976,315.0,424.0,5.865070557358412,1.2549969521782596,5986.235638430901,149.8,0.05836970074812967,44.248275862068965,16.35172413793103,8.66903892325533,58.0,43.02424242424243,23.236363636363638,8.86646103913679,33.0,44.248275862068965,16.35172413793103,8.66903892325533,58.0,0.15008137844542252,-0.008510223603719986,-0.0053351116522579066,-0.001977482840518913,-0.0007983661344225771,-0.13486817675454751,-0.011139585772415798,15.080238557122668,25.0,117000.0,77.0,1414.9040064811707,82.69112212847283,0.4277268052101135,9.933629035949707,-215.68504333496094,-0.5367184281349182,-215.14833068847656,0.012151599861681461,0.012151599861681461,0.0,-9.782788276672363,0.8175941705703735,0.8582980632781982,-0.04070393368601799,0.04070393368601799,,0.24911954998970032,,0.3108536899089813,0.5625795443852742,0.2081589486116448,-0.003684465532440781,8.567446994781495,1.310256681771985,-0.01204395760948865,-216.14178975423178,2.845297046215339,0.020992943548392283,0.07664441814025243,0.4766436159400478,0.007001685980164572,-216.21843516031902,2.837709562012193,0.013991182558534258,0.011696825673182806,0.00023555395705301353,1.0352492233006715e-05,0.011696825673182806,0.00023555395705301353,1.0352492233006715e-05,0.0,0.0,0.0,-8.492894220352174,1.3044898196501775,0.01269719767756161,0.950357707341512,0.10726106856170581,0.0017201077818737895,0.9972066223621369,0.10725526595294765,0.001579849831386953,-0.04684892992178599,0.01351856779593465,0.0001402579330827832,0.04684892992178599,0.01351856779593465,-0.0001402579330827832,0.24716203212738036,0.013314366080874288,-5.4083119775354427e-05,0.3127481679121653,0.013490249129614322,-0.00011231594276641627
2.507768552303314,1.0,1500.0,0.0,54.0,739.0,0.8776421486391697,648.0,91.0,5.49563018100981,1.4997529704388204,4803.580645215753,50.0,0.018276189779954675,47.168965517241375,10.086206896551724,7.9530579468553455,58.0,40.625,15.350000000000001,9.913748598835388,8.0,47.168965517241375,10.086206896551724,7.9530579468553455,58.0,0.14033352055369114,-0.008510508958145804,-0.0053728446524870166,-0.0015250528851824003,-0.0015577141857005324,-0.16179224643387846,-0.009246060894980883,13.402477281764838,50.0,118500.0,78.0,1434.5876469612122,82.60213326875521,0.3939852714538574,9.584721565246582,-220.83775329589844,-0.29389452934265137,-220.54385375976562,0.012064844369888306,0.012064844369888306,0.0,-9.570696830749512,0.8494307994842529,0.9134693145751953,-0.06403849273920059,0.06403849273920059,,0.25645309686660767,,0.31640586256980896,0.4896222372849782,0.20933598973618997,-0.0028736994847307243,8.300766531626383,1.4882822639001836,0.022027384001633087,-216.80321197509767,2.2156640402904664,-0.034726074354532434,-0.03151718204220136,0.3447606041715364,0.008438723419147552,-216.77169443766277,2.160950986324368,-0.04316488060192289,0.012177285303672155,0.00010598756712231164,-8.593811275431634e-06,0.012177285303672155,0.00010598756712231164,-8.593811275431634e-06,0.0,0.0,0.0,-8.240138371785482,1.5034824214187537,-0.02338833114063907,0.9255745629469554,0.07984138043997759,0.0017880058262053464,0.9728287796179453,0.07823213589400838,0.0019181355883732846,-0.047254219216605026,0.010148858065709023,-0.00013012769647580719,0.047254219216605026,0.010148858065709023,0.00013012769647580719,0.2585624431570371,0.012374162828287221,4.855713602963081e-05,0.3211696644624074,0.010186142263988882,7.218209999686289e-05
-2.965375045450722,0.0,1500.0,0.0,44.0,739.0,0.7128421982091084,526.0,213.0,5.337547872947228,1.7161513282484107,5475.346545525316,74.4,0.026420454545454546,48.55172413793105,13.017241379310342,7.732965317651753,58.0,43.88235294117648,19.36470588235294,8.89299693605662,17.0,48.55172413793105,13.017241379310342,7.732965317651753,58.0,0.13111283679106703,-0.00818609282459283,-0.006505084264461237,-0.0018864991462348467,-0.0009695856297203492,-0.17383139416206753,-0.008832917139875844,13.547538125623202,41.0,120000.0,79.0,1453.9458413124084,82.53402333864214,0.5195224285125732,8.109938621520996,-216.62879943847656,-0.3719707429409027,-216.2568359375,0.010983526706695557,0.010983526706695557,0.0,-8.16471004486084,0.855989396572113,0.8975427150726318,-0.04155322164297104,0.04155322164297104,,0.2551664710044861,,0.31562739610671997,0.6240922997395197,0.431241027929131,0.004230449402557729,8.03192777633667,1.6161308644491084,-0.07592945989963096,-216.64814046223958,2.3426393348082217,0.05693221553679851,-0.1152903658648332,0.40483856122184936,-0.0060759347077206345,-216.53285064697266,2.2068481961941253,0.06300819065998264,0.011658934131264686,0.0002777650489475112,-2.934429483763791e-05,0.011658934131264686,0.0002777650489475112,-2.934429483763791e-05,0.0,0.0,0.0,-7.963636461893717,1.6143145938411898,0.0737002254991035,0.9102467020352681,0.09411057585913163,-0.0009844445280556783,0.9541623294353485,0.09098159062982694,-0.001355317821757309,-0.043915617652237414,0.010610221883123987,0.0003708729377478472,0.043915617652237414,0.010610221883123987,-0.0003708729377478472,0.24847098290920258,0.015142468920854378,0.00031362431863523086,0.318198291460673,0.01509382766746307,0.0003867015159700207
3.5505944442749025,1.0,1500.0,0.0,28.0,739.0,0.4407019619950688,325.0,414.0,5.432681232788092,1.6281090088096073,6087.489020472251,140.8,0.05173427395649618,47.74736842105263,17.484210526315792,7.725299950850697,57.0,46.13125,24.45624999999999,8.024645377239338,32.0,47.74736842105263,17.484210526315792,7.725299950850697,57.0,0.1336108479334418,-0.008111142975243388,-0.0069863285012569595,-0.0021257385959358296,-0.0010068803490518535,-0.14364826313139548,-0.008853468615222071,12.398749443365709,25.0,121500.0,80.0,1472.5720911026,82.50869396080019,0.16755753755569458,8.008426666259766,-225.89913940429688,0.005459040403366089,-225.90460205078125,0.011303265579044819,0.011303265579044819,0.0,-7.957322120666504,0.8963863253593445,0.9812177419662476,-0.08483146131038666,0.08483146131038666,,0.2601794898509979,,0.3322747051715851,0.8248142356673877,1.0691959035429277,0.007840519013075972,7.443445793787638,1.2021655692629427,-0.046652299861886945,-219.35693918863933,2.811262478447486,-0.12410223667029717,0.18966436348855495,0.3440020870280263,-0.0033150559264308777,-219.5466049194336,2.781831557245659,-0.12078707719405567,0.010951082160075506,0.00025717243299069165,2.6955476675070515e-05,0.010951082160075506,0.00025717243299069165,2.6955476675070515e-05,0.0,0.0,0.0,-7.385987456639608,1.2085473341969484,0.04524252353706415,0.9660569290320079,0.0774648992072225,-0.0012026880553885383,1.0219926198323568,0.07613908194279005,-0.0007071294561774383,-0.055935703590512274,0.012895130620106084,-0.0004955590376267821,0.055935703590512274,0.012895130620106084,0.0004955590376267821,0.25306015958388645,0.014853219927171023,-0.00011840524676114734,0.3207691699266434,0.014885582266702977,-0.00012336381285289448
2.1789856531001903,1.0,1500.0,0.0,59.0,739.0,0.9478748771467385,700.0,39.0,5.657570751732621,1.7283353814383948,4642.602711569062,46.6,0.017542538774280983,45.80000000000001,8.682758620689654,8.505830783372446,58.0,12.95,0.0,20.356129807692312,4.0,45.80000000000001,8.682758620689654,8.505830783372446,58.0,0.1407649397644117,-0.00797292120630615,-0.005682579875863308,-0.0014425700467301753,-0.00336086815678655,-0.16313573048266278,-0.00898163606335351,13.569184555052951,54.0,123000.0,81.0,1492.3824813365936,82.41854989468912,0.3614071011543274,8.012088775634766,-221.92227172851562,-0.5147580504417419,-221.4075164794922,0.011148829013109207,0.011148829013109207,0.0,-7.852208137512207,0.8040996789932251,0.8655133843421936,-0.06141369789838791,0.06141369789838791,,0.2349330484867096,,0.299925833940506,0.6138130073746045,0.43156119136124593,-0.00417554156732508,7.589935636520385,1.3883233146119878,-0.03915015136837573,-219.55136413574218,2.954349945341042,0.08157721361409356,-0.09330379664897918,0.37616864638229114,0.006362757414944051,-219.45806020100912,2.835044736692655,0.07521433931039158,0.011237891080478827,9.758068678110742e-05,-6.01449237516933e-06,0.011237891080478827,9.758068678110742e-05,-6.01449237516933e-06,0.0,0.0,0.0,-7.488584057490031,1.4052218315245546,0.03702366874533588,0.9058589398860931,0.08836005204779629,0.001845819653075034,0.9591611365477244,0.08385736959084365,0.0014182372008335266,-0.05330221119026343,0.013512374933021038,0.00042758387688535094,0.05330221119026343,0.013512374933021038,-0.00042758387688535094,0.24646252393722534,0.014984952814036797,0.000635012457182455,0.3167095253864924,0.016905400962649964,0.0009472654115106103
2.84939139767697,1.0,1500.0,0.0,21.0,739.0,0.3347728878659014,247.0,492.0,5.664165146693408,1.1894767503099386,6115.0191344381965,178.60000000000002,0.06721360830949873,45.813793103448255,18.882758620689657,8.204553560552487,58.0,44.06666666666666,23.584615384615383,8.57987219873847,39.0,45.813793103448255,18.882758620689657,8.204553560552487,58.0,0.13612694063683567,-0.008332878123483312,-0.005048355613622659,-0.001771599876850655,-0.0018411712511091363,-0.15563442768411587,-0.008851974665616482,13.610097811214171,19.0,124500.0,82.0,1510.5497570037842,82.42032374156882,0.8638768196105957,6.222886085510254,-220.38687133789062,-0.06463932991027832,-220.32223510742188,0.010662327520549297,0.010662327520549297,0.0,-6.087880611419678,0.9116511344909668,0.9657657146453857,-0.054114535450935364,0.054114535450935364,,0.25772103667259216,,0.31246572732925415,0.47423641532659533,0.3798018630736302,0.00030181176869303487,6.976901642481486,1.240087070696737,0.008597271169252903,-218.71605784098307,3.380701443702271,-0.17381710947819182,0.06836596727371216,0.3769982859272426,0.0063963978687038205,-218.7844233194987,3.347981055006837,-0.18021354632860054,0.010861134591201941,0.0001845491438584595,-1.67204350962392e-05,0.010861134591201941,0.0001845491438584595,-1.67204350962392e-05,0.0,0.0,0.0,-6.861541271209717,1.2547810698024482,-0.010671958668743533,0.947148181994756,0.08542881038637806,0.0006344038997263751,0.9950993100802104,0.08344180635707131,0.0014084262232626446,-0.04795109555125236,0.015447120276811992,-0.0007740230321287449,0.04795109555125236,0.015447120276811992,0.0007740230321287449,0.2531189059217771,0.011946561907400831,-0.0001558624232836438,0.32223444680372876,0.0108805400523878,5.665168215885741e-05
-0.6118298053741456,0.0,1500.0,0.0,44.0,739.0,0.708888415035124,523.0,216.0,5.257587167721313,1.5754271183938495,5243.348550142235,67.8,0.024126396697743933,49.3017543859649,13.501754385964906,7.371030241771902,57.0,45.37647058823529,21.72941176470588,8.397980308156672,17.0,49.3017543859649,13.501754385964906,7.371030241771902,57.0,0.12987677646277598,-0.007483586101221228,-0.004736719125662817,-0.001738998429041889,-0.0005841959618735263,-0.16406682381879095,-0.007546486319689749,13.11627725580087,40.0,126000.0,83.0,1529.9322092533112,82.35659020571555,0.7898350954055786,5.435162544250488,-217.07012939453125,-0.17254574596881866,-216.8975830078125,0.010718375444412231,0.010718375444412231,0.0,-5.377249240875244,0.9060558080673218,0.9419584274291992,-0.03590270131826401,0.03590270131826401,,0.28432077169418335,,0.35003232955932617,0.3908506323893865,0.17768145793861126,-0.001940650112504297,7.331404527028401,1.5111661424773655,-0.03391087121507371,-217.03257802327474,2.579622922619671,0.046762376897727144,0.018100707357128463,0.235812721236936,-0.004508322791441929,-217.0506795247396,2.4339414206529195,0.05127081441402406,0.010686590274175008,8.830835728942356e-05,4.042450906304694e-06,0.010686590274175008,8.830835728942356e-05,4.042450906304694e-06,0.0,0.0,0.0,-7.24883557955424,1.5202151283587504,0.0322356058572638,0.9463323454062144,0.0593028778092335,-0.0006828534987665094,0.9839870194594066,0.051936792835176854,-0.000994509862978293,-0.03765467616418997,0.011542045984129244,0.00031165454839175043,0.03765467616418997,0.011542045984129244,-0.00031165454839175043,0.257431231935819,0.011554840877802463,2.3495262536373407e-05,0.3204785495996475,0.014077068954024332,0.00019186863114225777
7.984397709369659,1.0,1500.0,0.0,6.0,739.0,0.08989069208989942,66.0,673.0,5.912678687623715,0.9390769437368605,7148.799325348991,244.4,0.09437751004016064,43.891525423728794,23.081355932203387,8.689128071977022,59.0,44.4188679245283,24.754716981132077,8.495834586869023,53.0,43.891525423728794,23.081355932203387,8.689128071977022,59.0,0.18475703544320146,-0.012072954967113044,-0.007750879665816769,-0.005142944643547459,-0.0020370370370370377,-0.18444444444444508,-0.01718343248150886,15.881834992779448,6.0,127500.0,84.0,1546.7152791023254,82.43275392869836,0.6271682977676392,6.068301200866699,-225.10545349121094,0.9593546390533447,-226.06480407714844,0.010907575488090515,0.010907575488090515,0.0,-6.183468818664551,1.115720510482788,1.1923017501831055,-0.07658128440380096,0.07658128440380096,,0.21507006883621216,,0.2720900774002075,0.37021092722813287,0.254050852960086,0.007209988241731386,6.474591445922852,1.5354314392884119,-0.0036867162939969458,-218.96336975097657,2.8546485720373185,-0.10283120975345235,0.05857212021946907,0.41204935616887656,0.017687206129409837,-219.02194213867188,2.986431018586644,-0.12051852590117416,0.01062050744270285,0.00011329766695392837,3.2979118595263083e-06,0.01062050744270285,0.00011329766695392837,3.2979118595263083e-06,0.0,0.0,0.0,-6.416269326210022,1.549068563113884,0.006357444035463319,0.9482208669185639,0.08667753395642669,0.003411264692715983,0.9929398973782857,0.09083168135379432,0.0039021066882055774,-0.044719028597076736,0.013761365688913712,-0.0004908419946608468,0.044719028597076736,0.013761365688913712,0.0004908419946608468,0.2565771281719208,0.015439606560766088,-0.0007669996830724976,0.32277741928895315,0.015116369870348865,-0.0007373884800941749
0.07845297540937152,1.0,1500.0,0.0,38.0,739.0,0.6039160864572054,446.0,293.0,5.342557001897361,1.6262612392310543,5677.814973478546,82.80000000000001,0.029397145494567917,48.56206896551725,14.917241379310346,7.681881502932151,58.0,46.234782608695646,23.043478260869566,8.163695852784654,23.0,48.56206896551725,14.917241379310346,7.681881502932151,58.0,0.13263240889180664,-0.008247951094031303,-0.005103435496320887,-0.0017344722658624735,-0.0018567639257294384,-0.16165903062454282,-0.008946274920563237,13.091862787003052,35.0,129000.0,85.0,1565.750203371048,82.38862094494,0.3236429691314697,5.165414810180664,-224.2852325439453,0.3525370955467224,-224.6377716064453,0.010548540391027927,0.010548540391027927,0.0,-5.132878303527832,0.9897645711898804,1.0574476718902588,-0.06768308579921722,0.06768308579921722,,0.23538877069950104,,0.3061806559562683,0.3751410181323687,0.1932750467506252,-0.005911984502672507,6.035938588778178,1.623049370989891,0.03100432930586707,-220.42445322672526,3.485567272607394,-0.18286768623665683,-0.06547772561510404,0.3609295955385722,-0.002246415729451104,-220.35897572835287,3.4422866015326825,-0.1806212055006799,0.010840275852630536,0.0003636019208281948,-3.663055470277534e-05,0.010840275852630536,0.0003636019208281948,-3.663055470277534e-05,0.0,0.0,0.0,-5.952731513977051,1.5924029164289566,-0.031023086403580268,0.9168014129002889,0.08253260378475649,-0.001266202247713007,0.9655815422534942,0.07992958216896356,-0.0004959945153606818,-0.04878012842188279,0.015793630767450315,-0.0007702071808104508,0.04878012842188279,0.015793630767450315,0.0007702071808104508,0.2583680599927902,0.014904389726051355,-0.0003338925101202808,0.3300547093153,0.016037370783131458,-0.00039948070539914645
5.066889729350805,1.0,1500.0,0.0,35.0,739.0,0.563680787373788,416.0,323.0,5.276977533532548,1.465229699695046,5652.357209332775,100.0,0.03566333808844508,49.192982456140335,15.852631578947365,7.424922892097176,57.0,48.04800000000001,25.384,7.6460702006594445,25.0,49.192982456140335,15.852631578947365,7.424922892097176,57.0,0.1329391925129499,-0.007552782222099194,-0.004762020911573007,-0.0016976440498073563,-0.002627450980392159,-0.14065359477123832,-0.008507329800863928,12.922873038918318,32.0,130500.0,86.0,1584.7344212532043,82.3481829193821,0.28563499450683594,5.435605049133301,-218.28529357910156,0.20197588205337524,-218.48727416992188,0.010225087404251099,0.010225087404251099,0.0,-5.321077346801758,0.9872181415557861,1.0240728855133057,-0.03685472533106804,0.03685472533106804,,0.25823724269866943,,0.3280738294124603,0.4900250459710757,0.9523391764896284,-0.00957935782308972,6.439869777361552,1.1404560157488914,-0.03353826360522185,-219.48716583251954,2.8784859728345777,-0.06989544793150607,0.0550283653040727,0.3810336599159954,-0.002709049428994457,-219.5421936035156,2.8731523632638516,-0.067186372988215,0.010412132491668065,0.00017300624543777732,-1.3221798255393399e-05,0.010412132491668065,0.00017300624543777732,-1.3221798255393399e-05,0.0,0.0,0.0,-6.377499135335286,1.1263204756844463,0.03154819730391651,0.9492189427216847,0.0836341674020323,-0.0008470064408256755,0.9920249541600545,0.0833177480134726,-0.0006056965126742221,-0.04280600833396117,0.01327379123445761,-0.0002413102074446475,0.04280600833396117,0.01327379123445761,0.0002413102074446475,0.2519096200664838,0.013847259530568921,-6.47803335486881e-05,0.31951842705408734,0.013957120337777863,-9.913339763383576e-05
1.200704574584961,1.0,1500.0,0.0,15.0,739.0,0.23562077881086518,174.0,565.0,5.672422703365101,0.9605531053006664,6716.619421151287,211.60000000000002,0.0797287113790505,45.75862068965518,21.4,8.223898549621435,58.0,44.69090909090908,25.2,8.361726636705319,44.0,45.75862068965518,21.4,8.223898549621435,58.0,0.1356145660455245,-0.008547670150685199,-0.004158964714012547,-0.0025280912809747752,-0.0002457002457002457,-0.16265356265356393,-0.010325104798348913,13.49083164922841,14.0,132000.0,87.0,1602.675201177597,82.36229019018351,0.23657794296741486,3.6315412521362305,-223.072021484375,0.31046390533447266,-223.3824920654297,0.010338092222809792,0.010338092222809792,0.0,-3.4948692321777344,0.9904599189758301,1.0479044914245605,-0.05744456127285957,0.05744456127285957,,0.23926711082458496,,0.3128029704093933,0.4071852246920268,0.410399251038453,-0.005142641259777935,5.892804884910584,1.580004720698434,-0.02753398665066439,-220.90533192952475,2.6590829623355297,-0.11517118426397602,-0.03655268934865793,0.3870496942773541,-0.005376123320373465,-220.86877848307293,2.7402951053535447,-0.1097950766693794,0.010117311030626297,0.00013508703174254353,5.3090997479513135e-06,0.010117311030626297,0.00013508703174254353,5.3090997479513135e-06,0.0,0.0,0.0,-5.807298088073731,1.5796479395675656,0.030020366706890685,0.9252051750818888,0.08152566776701656,-0.0016129714098072337,0.97202454606692,0.08424811371161475,-0.0011748232883924715,-0.04681937744220098,0.012535336056404191,-0.0004381481578803554,0.04681937744220098,0.012535336056404191,0.0004381481578803554,0.2557598123947779,0.011887140258486344,5.113078038869436e-05,0.32681666910648344,0.012707393835133021,-0.00036121453671355153
7.89532271027565,1.0,1500.0,0.0,35.0,739.0,0.5681994276290296,419.0,320.0,5.4331930162393425,1.4660318305959716,5786.015676302115,87.0,0.03198059108954566,47.72631578947368,14.799999999999999,7.779309736203769,57.0,46.736000000000004,23.68000000000001,8.072104259657664,25.0,47.72631578947368,14.799999999999999,7.779309736203769,57.0,0.13929047242415696,-0.007857015230251424,-0.004359225184302233,-0.001957998151244642,-0.0045600858369099,-0.1349785407725291,-0.009343964948502197,13.43288298923252,32.0,133500.0,88.0,1621.5115683078766,82.33058746495007,0.2249264121055603,7.646015644073486,-219.08554077148438,0.1722486913204193,-219.25778198242188,0.009839660488069057,0.009839660488069057,0.0,-7.561568737030029,0.9811102151870728,1.017270803451538,-0.036160632967948914,0.036160632967948914,,0.25324746966362,,0.3308326005935669,0.3183630287647247,0.16833696684001354,-0.0013749060495544254,6.168118286132812,1.5437914965191262,-0.0005646165671684054,-222.88536885579427,4.380475153335195,0.3118343026539968,0.042291236606736976,0.36701413288387247,0.008328026663657031,-222.9276590983073,4.2836064971485905,0.3035062287089882,0.009671260075022777,0.00028063204952851156,-2.2659999617811883e-05,0.009671260075022777,0.00028063204952851156,-2.2659999617811883e-05,0.0,0.0,0.0,-6.096330157915751,1.5004088067557235,0.0025629401604777115,0.934832630554835,0.0860138631559296,0.003282836082912522,0.9890495936075846,0.07913509954792484,0.0018026696694175511,-0.054216950014233586,0.020267194824201078,0.0014801654413557977,0.054216950014233586,0.020267194824201078,-0.0014801654413557977,0.2536948730548223,0.012120273422791197,6.479627563637433e-05,0.3219666361808777,0.015147597177503821,0.00014079455141230123
1.8935566381974653,1.0,1500.0,0.0,24.0,739.0,0.38509950185892233,284.0,455.0,5.675275812452578,1.4274381588106075,6479.801314753298,166.60000000000002,0.06283946891973446,45.710344827586205,18.44827586206896,8.28251667328228,58.0,43.800000000000004,23.944444444444443,8.677857683940482,36.0,45.710344827586205,18.44827586206896,8.28251667328228,58.0,0.13790359695318893,-0.0076057320756225035,-0.004209321183668305,-0.002128685764830154,-0.003808043520497379,-0.16164756168641672,-0.009370527213477215,13.79395179795219,22.0,135000.0,89.0,1639.9105672836304,82.32156234203417,0.23218820989131927,6.635142803192139,-235.17494201660156,-0.01826161891222,-235.15667724609375,0.009384051896631718,0.009384051896631718,0.0,-6.4883270263671875,0.8685386180877686,0.9760885238647461,-0.10754990577697754,0.10754990577697754,,0.23811075091362,,0.30725786089897156,0.47894174605607986,0.4803930872297822,0.00045877830669266607,5.589834094047546,1.690560349500579,0.017123765436242448,-225.4448689778646,4.345991396077551,-0.28532519313993887,-0.07868061078091462,0.35424431488406743,0.012272299805426101,-225.3661875406901,4.397027287576681,-0.2975974620780843,0.009347350088258584,0.00020116577633727843,-1.5399554066849248e-05,0.009347350088258584,0.00020116577633727843,-1.5399554066849248e-05,0.0,0.0,0.0,-5.532484070460002,1.7018243735660135,-0.018890115443007904,0.8998058299223582,0.0748529649361694,0.001321629170448539,0.9631350060304006,0.07579183167565366,0.002625953037295881,-0.06332915915797153,0.019990230113354303,-0.0013043246695044575,0.06332915915797153,0.019990230113354303,0.0013043246695044575,0.25780186206102373,0.015600154240280556,-0.00028731896893201443,0.32464071810245515,0.01622860197645073,-0.0005453380581003998
0.7314866648779975,1.0,1500.0,0.0,19.0,739.0,0.304774751901052,225.0,514.0,5.333057572097042,1.1624299812925698,6639.696798028086,160.60000000000002,0.05690595988944795,48.658620689655166,21.08275862068966,7.553236906960798,58.0,48.13499999999999,26.3,7.570419495809565,40.0,48.658620689655166,21.08275862068966,7.553236906960798,58.0,0.13249983210265287,-0.007495243809530042,-0.0035133582465051187,-0.002280195150131654,-0.0018426647767540725,-0.16139853531774045,-0.009042898215148918,13.212501608076813,18.0,136500.0,90.0,1658.0805644989014,82.32410591053065,0.20840543508529663,6.010443687438965,-222.2555694580078,0.5184422135353088,-222.77401733398438,0.009314270690083504,0.009314270690083504,0.0,-5.873622894287109,1.0426967144012451,1.0908657312393188,-0.048168979585170746,0.048168979585170746,,0.23796813189983368,,0.3090769052505493,0.300722565750281,0.1906378578553444,-0.0018687403805396515,5.642748228708903,1.182894517742731,0.053322512846236944,-221.95874837239583,3.076923996402224,0.16249549195286972,-0.028051612774531047,0.4487963892455476,-0.012126064134784481,-221.93069559733073,3.152343255904128,0.17462151413897245,0.009443765102575222,0.00015322418472608464,-9.526647793106366e-06,0.009443765102575222,0.00015322418472608464,-9.526647793106366e-06,0.0,0.0,0.0,-5.559835950533549,1.1747654651637576,-0.05081956474083543,0.928657207886378,0.09372844693213757,-0.001719346128661083,0.973957097530365,0.09620894107396658,-0.002596337246284893,-0.045299886353313924,0.014869182000582784,0.0008769928501531492,0.045299886353313924,0.014869182000582784,-0.0008769928501531492,0.2592527002096176,0.012434603509168498,5.9626185986826906e-05,0.32669949531555176,0.015209478722176003,6.093676549034074e-06
7.078189373016357,1.0,1500.0,0.0,37.0,739.0,0.5907778665665858,436.0,303.0,5.512496783822115,1.4118302807958845,5763.01582251535,87.0,0.03186112942210503,47.07931034482759,13.589655172413792,8.015995118757866,58.0,45.11666666666667,21.38333333333333,8.50645972912793,24.0,47.07931034482759,13.589655172413792,8.015995118757866,58.0,0.1392521159249775,-0.007299511730328621,-0.004062918443444026,-0.0017717595756197976,-0.00229193341869398,-0.1408450704225316,-0.009313979464459613,13.12704783908426,34.0,138000.0,91.0,1677.1885499954224,82.28055217785541,0.18657125532627106,6.820955276489258,-227.59970092773438,-0.5910570025444031,-227.00863647460938,0.009334207512438297,0.009334207512438297,0.0,-6.670594215393066,0.7879940271377563,0.8535374402999878,-0.06554332375526428,0.06554332375526428,,0.2741319537162781,,0.32630032300949097,0.4651087909936905,0.7045185655296904,0.005825257314590775,4.5395859479904175,1.4628016728109758,-0.029723338263981717,-222.0827626546224,2.55877761515034,-0.040958235658970235,0.04064389405151208,0.4515598270315735,-0.0048357535364961955,-222.12340596516927,2.480699670340907,-0.03612224167259931,0.009327413545300563,9.833039992494833e-05,5.000113438114513e-06,0.009327413545300563,9.833039992494833e-05,5.000113438114513e-06,0.0,0.0,0.0,-4.452385334173838,1.4522268220325065,0.030868039460017847,0.9445354441801707,0.09818027539925966,-0.0011255668055626907,0.9886058966318766,0.0966144666881028,-0.0010299081929666437,-0.044070454438527425,0.01137621491315757,-9.565652328417956e-05,0.044070454438527425,0.01137621491315757,9.565652328417956e-05,0.2636692444483439,0.015309434847906086,0.0006626433803719554,0.3295102248589198,0.013083354786010595,8.252487166704436e-05
10.132309562755081,1.0,1500.0,0.0,58.0,739.0,0.9369413387170294,692.0,47.0,5.5828480895376345,1.5134963619762323,4458.259632274431,38.400000000000006,0.01452015427663919,46.39649122807018,7.459649122807019,7.931098788548298,57.0,30.249999999999993,5.949999999999996,11.184407004979164,4.0,46.39649122807018,7.459649122807019,7.931098788548298,57.0,0.14348231871111658,-0.007436593065814183,-0.003986177511243168,-0.001072875034885157,-0.004645925431645719,-0.13392276253231655,-0.008987757840701821,13.880517520708407,53.0,139500.0,92.0,1696.9688110351562,82.20540005971269,0.15561023354530334,2.8217625617980957,-225.20156860351562,-0.11506661027669907,-225.0865020751953,0.008823647163808346,0.008823647163808346,0.0,-2.7075061798095703,0.9011548161506653,0.9556739330291748,-0.05451910197734833,0.05451910197734833,,0.27307167649269104,,0.3484647274017334,0.2730567159752051,0.11323505595117712,-0.003920582634654811,4.193053921063741,1.3274492202006913,-0.06009061519508246,-226.47736206054688,3.2737758057692266,0.050414047835274874,-0.03136755451560021,0.3575082623547439,0.00445660930354816,-226.44599405924478,3.339550887217839,0.045957598829432594,0.0089499119669199,0.00018477663807584747,-1.864761188709171e-05,0.0089499119669199,0.00018477663807584747,-1.864761188709171e-05,0.0,0.0,0.0,-4.089404630661011,1.330683351415826,0.05820479790811679,0.9114953060944875,0.07386286678654513,0.0012328081719734634,0.973318350315094,0.07586055424784455,0.0009483226546986285,-0.06182303552826245,0.015452710663175741,0.00028448654659863357,0.06182303552826245,0.015452710663175741,-0.00028448654659863357,0.2602136606971423,0.012078557633543515,-0.00025409048669728247,0.3269179423650106,0.013635554766169,3.555834094461608e-05
23.135999143123627,1.0,1500.0,0.0,17.0,739.0,0.2657038329960825,196.0,543.0,5.876454983586307,1.1918274033482585,6663.6776048023385,199.0,0.07760099828419903,44.213793103448275,19.58620689655172,8.68150126704956,58.0,44.96666666666666,25.238095238095237,8.364819433327378,42.0,44.213793103448275,19.58620689655172,8.68150126704956,58.0,0.16678870815562777,-0.00865211467993141,-0.003714060039823787,-0.0016844511910839245,-0.0017732742241925257,-0.09626345788473786,-0.014213620377304682,15.144733813963065,16.0,141000.0,93.0,1714.668823480606,82.23162284701958,0.3337199091911316,4.388432502746582,-225.8710174560547,-0.39341145753860474,-225.47760009765625,0.008623551577329636,0.008623551577329636,0.0,-4.347104549407959,0.8430562019348145,0.8972277641296387,-0.054171547293663025,0.054171547293663025,,0.2633261978626251,,0.322229266166687,0.3368271589279175,0.35305554995847427,-0.008262113714642477,4.646669316291809,1.3327040308546305,-0.06962074724267422,-225.32184346516928,3.6174471414549214,-0.0010330760306534945,-0.055451192582647,0.3560514854398144,-0.01688134305021655,-225.26639404296876,3.6355155036299993,0.015848345220823568,0.008848783187568187,0.00015615462127359383,-1.2188253549235343e-05,0.008848783187568187,0.00015615462127359383,-1.2188253549235343e-05,0.0,0.0,0.0,-4.564612046877543,1.3389297165661016,0.06840772379492246,0.9140897651513418,0.07528948095925213,-0.003416004634407431,0.9683288057645162,0.07534826263019337,-0.0035600184333470456,-0.054239033410946526,0.01672821284218494,0.00014401347737954246,0.054239033410946526,0.01672821284218494,-0.00014401347737954246,0.265126234292984,0.01241362851181907,7.868237437073385e-06,0.3283335496981939,0.014596935818777648,8.217335675528447e-05
11.684664891612146,1.0,1500.0,0.0,34.0,739.0,0.5373108566517136,397.0,342.0,5.50127891351065,1.4801955663359363,5829.961984352933,53.6,0.019593507822781107,47.16551724137933,13.134482758620686,7.941851588315291,58.0,45.81481481481482,20.31851851851852,8.305396468081117,27.0,47.16551724137933,13.134482758620686,7.941851588315291,58.0,0.1392793210664994,-0.006860417601434095,-0.003676410030411349,-0.0014078872937596841,-0.003096846846846853,-0.12004504504504304,-0.008832150879028082,12.747844093911269,31.0,142500.0,94.0,1733.4507431983948,82.20597012008132,0.2790607810020447,4.380181312561035,-218.41062927246094,0.018360331654548645,-218.42898559570312,0.008787030354142189,0.008787030354142189,0.0,-4.278247833251953,0.9641073942184448,0.9838778972625732,-0.019770491868257523,0.019770491868257523,,0.2303912490606308,,0.3018457889556885,0.651077123483022,1.1276822390751189,0.039937356866904444,4.274380159378052,1.2205122163172006,-0.0075165473844638515,-225.43577982584637,3.7213893788851085,-0.03159728936013549,0.12312321414550145,0.396734840893042,-0.014967110892291597,-225.55890299479168,3.6092763729087216,-0.016630308089710468,0.008876858341197173,0.00017339101219776733,1.0113939394277003e-05,0.008876858341197173,0.00017339101219776733,1.0113939394277003e-05,0.0,0.0,0.0,-4.1637662331263225,1.2445686594300398,0.007106171725721966,0.9525212148825327,0.08907681440904718,-0.00316419059097836,1.0059601604938506,0.08397767933503077,-0.0031591867711043176,-0.0534389511992534,0.016520502525111263,-5.002962104205107e-06,0.0534389511992534,0.016520502525111263,5.002962104205107e-06,0.26361509213844936,0.012716086510680525,-0.00034971782508761475,0.3274123360713323,0.013636197471885426,-0.0001500369643210393
6.582849421152255,1.0,1500.0,0.0,44.0,739.0,0.7062521200264646,521.0,218.0,5.32124604673095,1.4026508785738265,5218.461737615646,61.400000000000006,0.021716064228619932,48.748275862068965,11.827586206896552,7.545365881575614,58.0,46.58823529411764,20.647058823529413,7.892784245977807,17.0,48.748275862068965,11.827586206896552,7.545365881575614,58.0,0.13407881586509754,-0.006944909037304591,-0.003973456334547123,-0.0014420754428254798,-0.002316360601001674,-0.1398163606009973,-0.008375262793809148,13.312596608178666,41.0,144000.0,95.0,1752.8687574863434,82.15104489996132,1.1699283123016357,5.678689002990723,-223.6154327392578,-0.3618866801261902,-223.2535400390625,0.008708290755748749,0.008708290755748749,0.0,-5.651243209838867,0.8639460206031799,0.9037047624588013,-0.03975871950387955,0.03975871950387955,,0.2486359179019928,,0.30709606409072876,0.45837916880846025,0.6796404323985695,0.010523979844850737,4.356208451588949,1.3365353580001964,-0.020643283899156747,-223.92284342447917,3.8313835504115397,-0.2899837710303099,-0.09989982545375824,0.38099248472205893,0.004208942866564065,-223.82294311523438,3.7772492206740074,-0.29419271195425195,0.008582923623422781,0.00010973529467834912,6.664415885648095e-08,0.008582923623422781,0.00010973529467834912,6.664415885648095e-08,0.0,0.0,0.0,-4.284688433011373,1.313030398108545,0.019973635275716765,0.9156434675057729,0.0834016599039826,-0.00038628704158033366,0.9590209345022838,0.08004384344936825,0.0008885673076345243,-0.04337747277071079,0.016862498166641197,-0.0012748545336146507,0.04337747277071079,0.016862498166641197,0.0012748545336146507,0.2595700562000275,0.0126484242537818,-0.0005512659289813077,0.32459769348303474,0.01344723601468366,-0.0007443811591130424
2.5426428607992224,1.0,1500.0,0.0,41.0,739.0,0.6568460651496505,485.0,254.0,5.24787360820635,1.564388084539725,5365.9210693244095,69.4,0.024678187895597753,49.33684210526314,13.389473684210524,7.460739788043618,57.0,45.21,21.93999999999999,8.379075022549145,20.0,49.33684210526314,13.389473684210524,7.460739788043618,57.0,0.12795738187658962,-0.00727053344828654,-0.005421651506884198,-0.0013225440297577535,-0.006322341122515894,-0.14169032539855433,-0.007851018796177748,12.918665330162739,37.0,145500.0,96.0,1772.2698576450348,82.09810677101859,0.1917213499546051,1.8767199516296387,-222.89614868164062,-0.154603511095047,-222.74154663085938,0.008689699694514275,0.008689699694514275,0.0,-1.7946569919586182,0.9121081829071045,0.9474219679832458,-0.03531372547149658,0.03531372547149658,,0.23492681980133057,,0.304595947265625,1.5552824099858602,5.905460179353187,0.10848807954416922,4.251012710730235,1.4667911799750062,-0.042071976491951504,-226.3806386311849,4.017809754422134,-0.10340296455697122,-0.06574775228897731,0.40272719432411885,-8.003657333576832e-05,-226.31489003499348,4.026936224290943,-0.10332305195333223,0.008632246466974417,0.0001210733232522024,6.863076625198897e-06,0.008632246466974417,0.0001210733232522024,6.863076625198897e-06,0.0,0.0,0.0,-4.16305050055186,1.4461536487604651,0.04084998816086011,0.9134917338689168,0.08531198150279316,-0.0004192073830508219,0.9661227981249492,0.08469606109860195,-1.8810085513057692e-05,-0.052631044574081895,0.018246990006520917,-0.00040039657361316377,0.052631044574081895,0.018246990006520917,0.00040039657361316377,0.2561271831393242,0.013437562498146725,0.00014538043929683767,0.3199292133251826,0.016289756101788132,0.0003351120118702276
14.806666537827136,1.0,1500.0,0.0,56.0,739.0,0.8992899869106155,664.0,75.0,5.564299665495663,1.5633511739475783,4405.8356431109405,29.8,0.011214812584675599,46.61754385964912,7.445614035087721,8.07353972985319,57.0,40.7,14.733333333333336,10.355012229202867,6.0,46.61754385964912,7.445614035087721,8.07353972985319,57.0,0.14498461385541828,-0.006645592294196777,-0.0033044638520765453,-0.0007602752463198274,-0.0034949759720402183,-0.11743119266054679,-0.008789190084114865,13.783590121861062,51.0,147000.0,97.0,1792.1191220283508,82.02579738874886,0.28056585788726807,5.245522499084473,-226.38919067382812,-0.2401626706123352,-226.14903259277344,0.008645715191960335,0.008645715191960335,0.0,-5.085747241973877,0.8806952238082886,0.9294479489326477,-0.048752665519714355,0.048752665519714355,,0.2711464762687683,,0.3408833146095276,0.4128735783199469,0.4489707774224238,-0.023390082597268453,4.181684978802999,1.1651859722213183,0.02267192372755948,-224.9994389851888,4.035363804829239,-0.2956579392956129,0.0038986515253782274,0.40518021155958556,-0.016076245139020437,-225.00333658854166,3.894585221712241,-0.2795818053045,0.008721038761238257,0.00014530135888643627,6.729957375165714e-06,0.008721038761238257,0.00014530135888643627,6.729957375165714e-06,0.0,0.0,0.0,-4.0723852475484215,1.173576214028635,-0.020155747130397136,0.9362565815448761,0.09215247381375319,-0.004591055056940089,0.9808094580968221,0.08551073225517962,-0.003387497131763532,-0.04455288381626209,0.01736475897450233,-0.0012035566028849825,0.04455288381626209,0.01736475897450233,0.0012035566028849825,0.25859054873387016,0.012143242319094236,-0.0001645243771216787,0.31748017271359763,0.01334519102331266,-9.459608521425575e-05
13.984074736463613,1.0,1500.0,0.0,32.0,739.0,0.5054276070935549,373.0,366.0,5.663389547597941,1.549585588617433,5977.6061985711,97.4,0.03667168674698795,45.79310344827587,14.758620689655173,8.238670471470318,58.0,45.565517241379304,22.634482758620692,8.335488140024214,29.0,45.79310344827587,14.758620689655173,8.238670471470318,58.0,0.14953772356851616,-0.007063168179110212,-0.003846996327335855,-0.0018147433467177998,-0.001042489338177222,-0.12610961933343687,-0.009596718193602458,13.970105452276425,29.0,148500.0,98.0,1810.8752179145813,82.00454594050595,0.2905454635620117,3.52066707611084,-227.16136169433594,-0.5481385588645935,-226.61322021484375,0.008713727816939354,0.008713727816939354,0.0,-3.401639938354492,0.81566321849823,0.8644195199012756,-0.04875630885362625,0.04875630885362625,,0.24120938777923584,,0.3091917634010315,0.40799290537834165,0.3688786830397349,0.0033872229106168892,2.92964382370313,1.1178589101783367,0.0189853281147355,-225.4247299194336,2.6622709272482323,0.06336873259242333,-0.02178924803932508,0.40349065385269517,-0.00452749340135078,-225.40294036865234,2.7296426342671043,0.06789625802215704,0.008705918211489916,0.00011093773242807084,8.696532529572357e-06,0.008705918211489916,0.00011093773242807084,8.696532529572357e-06,0.0,0.0,0.0,-2.823919419447581,1.1204401447332895,-0.01903315760004635,0.9310591598351796,0.0829650287233236,-0.0005805669424929231,0.9753301521142324,0.08508654668628968,-0.0009589571708832097,-0.04427099054058393,0.012549605006162267,0.00037839049027944745,0.04427099054058393,0.012549605006162267,-0.00037839049027944745,0.2610320091247559,0.013169425130219344,-9.535826220528863e-05,0.32132963836193085,0.014553421855844196,-6.900180433696118e-05
9.061078408490056,1.0,1500.0,0.0,50.0,739.0,0.801483467451808,592.0,147.0,5.300909117249359,1.5276024084742654,4845.24643342416,48.0,0.01693599604826759,48.865517241379315,9.896551724137927,7.535910218595803,58.0,46.916666666666664,18.116666666666664,8.337271299663405,12.0,48.865517241379315,9.896551724137927,7.535910218595803,58.0,0.136226787018436,-0.006523621356160287,-0.003460782059738073,-0.0009035735777889799,-0.002749301025163108,-0.1329356943150003,-0.00792855571793429,13.323860315330018,46.0,150000.0,99.0,1830.5416383743286,81.94295986253135,0.1700153946876526,3.0678153038024902,-226.2943878173828,0.16137591004371643,-226.4557647705078,0.009169822558760643,0.009169822558760643,0.0,-2.895219087600708,0.9684763550758362,1.0143940448760986,-0.04591771587729454,0.04591771587729454,,0.24051029980182648,,0.30574923753738403,0.4093759968876839,0.3902698822577062,0.005139177636522072,3.3763254900773365,1.2193231317098951,-0.0196662263292095,-227.07155202229816,3.2761061773136224,0.017990831962820232,0.16329363274077574,0.3871741054945975,0.009458534403790091,-227.23484446207684,3.187851305972311,0.008532317673937133,0.008605058832714955,0.00025230619497109243,2.34157023112287e-05,0.008605058832714955,0.00025230619497109243,2.34157023112287e-05,0.0,0.0,0.0,-3.2699833532174427,1.2304440510089039,0.022027624316422464,0.963880733648936,0.08524091809276484,0.0021210504453359727,1.0143557131290435,0.08144621486598635,0.002011173704972633,-0.050474960977832474,0.014485421376718894,0.00010987514748058941,0.050474960977832474,0.014485421376718894,-0.00010987514748058941,0.2565652936697006,0.012997318681626456,2.4827131307422324e-05,0.32026243408521016,0.013180411580484566,5.301958461756837e-05
14.670175225126977,1.0,1500.0,0.0,56.0,739.0,0.8991792550494985,664.0,75.0,5.387278698831142,1.5590579894993193,4598.957014139057,27.400000000000002,0.009997081144191476,48.08421052631579,7.185964912280699,7.801914016945973,57.0,42.06666666666668,11.833333333333337,10.166994386985015,6.0,48.08421052631579,7.185964912280699,7.801914016945973,57.0,0.14028484066363112,-0.00576400957118885,-0.003585965944462886,-0.0008140287306804354,-0.0022299180674043503,-0.1144015541853161,-0.00799989821739849,13.395866315804929,51.0,151500.0,100.0,1850.3829860687256,81.8749421825764,0.22106856107711792,2.5736520290374756,-224.93533325195312,-0.2664381265640259,-224.6688995361328,0.008566170930862427,0.008566170930862427,0.0,-2.645841598510742,0.8882789611816406,0.9240224361419678,-0.03574346750974655,0.03574346750974655,,0.2499070018529892,,0.33122527599334717,0.4559629589319229,0.3938556417769502,-0.00986190260583754,3.139780649046103,1.347606653283272,-0.032691657022719145,-226.9374964396159,3.1305725974617307,0.010320172506126811,-0.009951417768994967,0.2716072093352034,0.0034568909833309195,-226.92754465738932,3.1937861734703104,0.006863281114223022,0.008940843834231297,0.00022299490786550132,-2.4594255288994617e-05,0.008940843834231297,0.00022299490786550132,-2.4594255288994617e-05,0.0,0.0,0.0,-3.0600741942723593,1.3305075096989243,0.032339690763242335,0.9308892548084259,0.055424236669269565,0.0008376051374483972,0.9778633276621501,0.05753665365894334,0.0007363828589043431,-0.04697406478226185,0.014483175711632375,0.00010122155834888548,0.04697406478226185,0.014483175711632375,-0.00010122155834888548,0.2615784153342247,0.01326060693628741,-0.0004844838738839334,0.3243167906999588,0.014813265551166159,-0.0003373352319698432
0.24499122301737467,1.0,1500.0,0.0,12.0,739.0,0.19399203050387331,143.0,596.0,5.84705358081016,0.9114304180998904,6640.285247976195,235.8,0.0915941578620261,44.38620689655173,21.544827586206885,8.556188344343195,58.0,44.27826086956522,24.560869565217384,8.498330426146373,46.0,44.38620689655173,21.544827586206885,8.556188344343195,58.0,0.15429364171262774,-0.008242214887430061,-0.0033171376929396067,-0.0010351753132314702,-0.0003629032258064516,-0.19322580645161477,-0.011741632375302425,13.395444757929987,12.0,153000.0,101.0,1867.737871170044,81.91727670229933,0.9293780326843262,4.509578227996826,-223.96173095703125,0.11867398023605347,-224.0803985595703,0.008868692442774773,0.008868692442774773,0.0,-4.360489845275879,0.9741024971008301,1.0051143169403076,-0.031011851504445076,0.031011851504445076,,0.2559833824634552,,0.32970696687698364,0.41193617433309554,0.4686077967929263,0.001342098741430586,3.2086458643277487,1.4333090958785626,0.0318157211161561,-226.35574137369792,2.5306292194506925,-0.042977019279231594,-0.03353457699219386,0.3271267921577344,-0.003460282634309718,-226.32220560709635,2.497566490949938,-0.0395166653812347,0.008591918305804332,0.00014840087600394836,1.4340066381039044e-05,0.008591918305804332,0.00014840087600394836,1.4340066381039044e-05,0.0,0.0,0.0,-3.0995330880085628,1.4201246841398787,-0.03033388176139383,0.9307470202445984,0.06998647181727588,-0.000843819415609108,0.972885419925054,0.06871607248518961,-0.000735022188956814,-0.04213840682059526,0.011215630448452078,-0.0001087982389864573,0.04213840682059526,0.011215630448452078,0.0001087982389864573,0.2571019863088926,0.01074664110420921,-0.00023202938882342552,0.3227594544490178,0.014557702407562932,-0.00040911586584318886
4.342682888633327,1.0,1500.0,0.0,21.0,739.0,0.3314149094506527,244.0,495.0,5.667298846685664,1.2123745179968293,6353.386061104477,177.20000000000002,0.06674702425794787,45.77241379310347,19.665517241379312,8.257828923296948,58.0,44.43076923076922,24.78461538461539,8.559171009604949,39.0,45.77241379310347,19.665517241379312,8.257828923296948,58.0,0.1434988141154315,-0.007619594071869334,-0.004879265681726724,-0.001596894714366989,-0.0007040654099477633,-0.1618896207131487,-0.009038808180355018,14.128798776620277,19.0,154500.0,102.0,1885.8205063343048,81.92720329482478,0.795775830745697,2.4392192363739014,-224.33151245117188,0.4162084460258484,-224.7477264404297,0.008542589843273163,0.008542589843273163,0.0,-2.38761043548584,1.035440444946289,1.0673882961273193,-0.03194800019264221,0.03194800019264221,,0.27325770258903503,,0.340437114238739,0.4115324849883715,0.309330605416351,0.0038828882313145883,2.9447723229726157,0.9917951629177006,-0.0366180826745124,-229.47814483642577,3.0462456189548894,0.11388045704537904,-0.13026353145639102,0.31927836914750257,0.014579304679813864,-229.3478810628255,2.949830141441407,0.09930107617405178,0.008458125063528617,0.00014854251421416933,-1.9719492689654525e-06,0.008458125063528617,0.00014854251421416933,-1.9719492689654525e-06,0.0,0.0,0.0,-2.843276031812032,1.002720117175315,0.036320457469104325,0.8990413844585419,0.07167436412185431,0.003574815011263152,0.9527241051197052,0.06687503368776773,0.0030566142451378332,-0.05368272550404072,0.01348685603989168,0.0005181994434193343,0.05368272550404072,0.01348685603989168,-0.0005181994434193343,0.25722925464312235,0.012525398207697457,-5.9462031214869076e-05,0.3200167844692866,0.01628369310402877,9.673187411798908e-05
6.415152829626332,1.0,1500.0,0.0,50.0,739.0,0.804708331132582,594.0,145.0,5.4577479495698915,1.3970268994023964,4944.527113413315,41.6,0.015104204487691526,47.486206896551735,11.172413793103445,7.8093126987637635,58.0,45.28333333333334,21.58333333333333,8.328737235200128,12.0,47.486206896551735,11.172413793103445,7.8093126987637635,58.0,0.14365151860462944,-0.007878938511567516,-0.0036956267070760874,-0.001046968669204977,-0.0015189147879251011,-0.15185326709972716,-0.009646612452806907,13.69469288495168,46.0,156000.0,103.0,1905.4485838413239,81.87048515657607,0.25600072741508484,2.8676505088806152,-229.40060424804688,-0.008920624852180481,-229.3916778564453,0.008429441601037979,0.008429441601037979,0.0,-2.852656841278076,0.9273805618286133,0.9781322479248047,-0.050751667469739914,0.050751667469739914,,0.259052574634552,,0.33405184745788574,0.4720113307237625,0.6563450649260802,-0.012936554880640815,3.0366765757401786,1.33334730342361,0.0028393559646817746,-228.0367899576823,2.263637620237521,0.09737969760237468,-0.02307750185330709,0.3683663225673074,-0.010270384292183521,-228.01371205647786,2.329524735996599,0.10765002359935871,0.008391745295375586,0.00011043904431267731,-7.395050358918308e-06,0.008391745295375586,0.00011043904431267731,-7.395050358918308e-06,0.0,0.0,0.0,-2.9818172911802927,1.3263325140458577,-0.00480455732982066,0.9296166618665059,0.07496940996382424,-0.0015937576039349519,0.9751860042413075,0.07706328881246054,-0.002147631478124022,-0.04556935435781876,0.010732755758083206,0.0005538750017213084,0.04556935435781876,0.010732755758083206,-0.0005538750017213084,0.25580130169788995,0.016698812380640516,-0.0003737340613917937,0.317267303665479,0.016384430417029205,-7.261506574968535e-05
16.034147944715286,1.0,1500.0,0.0,39.0,739.0,0.62437580024139,461.0,278.0,5.833650946570504,1.2835964379530964,5528.120381056301,81.80000000000001,0.031727561864866964,44.45172413793103,13.05862068965517,8.589907865418109,58.0,44.91818181818182,23.800000000000008,8.42884728941965,22.0,44.45172413793103,13.05862068965517,8.589907865418109,58.0,0.16106827319597,-0.00770365181100754,-0.0037632228465385143,-0.0011522133786916243,-0.0032631859350026743,-0.1273308470964278,-0.011637198459480828,14.73735949658023,36.0,157500.0,104.0,1924.248304605484,81.85014357192908,0.3677525222301483,3.1587769985198975,-224.61688232421875,-0.2504585087299347,-224.36642456054688,0.008535448461771011,0.008535448461771011,0.0,-3.061718702316284,0.901304304599762,0.9274201393127441,-0.02611582539975643,0.02611582539975643,,0.2615451216697693,,0.32694268226623535,0.43276721239089966,0.4178945788998224,0.010593940398849552,3.093738063176473,1.299908218479077,0.0338907772229696,-228.26293233235677,2.5755904328784562,-0.03628318710241661,0.05375786895553271,0.3107805176389533,-0.0026385983168349513,-228.31668904622396,2.6527514485155748,-0.03364447231949527,0.008628826464215915,0.0001606039526833975,1.028427342419068e-05,0.008628826464215915,0.0001606039526833975,1.028427342419068e-05,0.0,0.0,0.0,-3.021642057100932,1.3031758528984623,-0.03140675721895174,0.9464607934157053,0.06274070734122572,-0.0006356246611963411,0.9912948191165925,0.06537035436968532,-0.0005541743240314364,-0.04483403513828913,0.01185534225321436,-8.144887688427649e-05,0.04483403513828913,0.01185534225321436,8.144887688427649e-05,0.2567330126961072,0.013788229685555872,0.0002445838243200143,0.31500506202379863,0.015350388829559107,-4.322544751364606e-05
16.973459742687368,1.0,1500.0,0.0,58.0,739.0,0.934167069917002,690.0,49.0,5.806926910927736,1.5349816956784665,4618.517908224091,14.200000000000001,0.0054800864464340845,44.67586206896552,6.196551724137929,8.359739664104602,58.0,34.75,4.199999999999989,10.247003668806931,4.0,44.67586206896552,6.196551724137929,8.359739664104602,58.0,0.15347680281263382,-0.0062035143348339265,-0.0032003696954376617,-0.0003771630129840931,-0.00130208333333333,-0.11895833333332956,-0.009887188376617426,14.083186826556227,54.0,159000.0,105.0,1944.0044729709625,81.78993526542928,0.9280464053153992,2.7097346782684326,-228.7770538330078,0.07276364415884018,-228.84982299804688,0.009173177182674408,0.009173177182674408,0.0,-2.6060848236083984,0.9513726234436035,0.995509147644043,-0.04413652420043945,0.04413652420043945,,0.24841734766960144,,0.3113918900489807,0.6525474677483241,0.7334561199171155,-0.027183775290498747,2.4208748916784923,1.3959806188021033,-0.005685221618486978,-229.61144510904947,3.7946442595580097,-0.12090517241378826,-0.0287623330950737,0.2902284803476528,0.00012473635400362548,-229.58268280029296,3.643227607172971,-0.12103002970422577,0.00881580940137307,0.00017736646787407128,1.6710054423572858e-05,0.00881580940137307,0.00017736646787407128,1.6710054423572858e-05,0.0,0.0,0.0,-2.3521210874120393,1.400454315646413,0.0048557669189536815,0.9254442771275838,0.07087590419834901,-0.0004389441450923333,0.9738703827063243,0.06143604441887047,3.3651907266285205e-05,-0.04842609483748674,0.016158412071813715,-0.00047259655334594094,0.04842609483748674,0.016158412071813715,0.00047259655334594094,0.2553214450677236,0.012568262029800574,-6.647475967153004e-05,0.3170026550690333,0.013208254715810292,-8.929664884447004e-05
6.27710891414333,1.0,1500.0,0.0,39.0,739.0,0.633682327460232,468.0,271.0,5.834027157504789,1.5487593028202005,5657.31660153137,74.2,0.028797640301172087,44.42413793103448,13.39655172413793,8.613801673750963,58.0,43.43809523809523,21.5047619047619,8.695127648117985,21.0,44.42413793103448,13.39655172413793,8.613801673750963,58.0,0.15475237175715942,-0.008221404863441528,-0.003671422951113986,-0.0009119402882961658,-0.0010120420189597729,-0.16674353061746866,-0.01219020474472285,14.293697744690183,37.0,160500.0,106.0,1962.8593096733093,81.7684686869957,0.3078862428665161,3.8109192848205566,-229.66949462890625,0.40903180837631226,-230.07852172851562,0.00953970942646265,0.00953970942646265,0.0,-3.830261707305908,1.0203490257263184,1.0679187774658203,-0.04756981506943703,0.04756981506943703,,0.22864893078804016,,0.30033230781555176,0.42791225065787636,0.47543517501515875,-0.009034627579873614,2.4728477279345196,1.3098589084861265,-0.019881093037937423,-228.17979431152344,3.0565325935075185,0.1416852261518905,-0.0735077521453301,0.3218100048127841,0.01617214808590687,-228.10628662109374,2.9704128415336934,0.12551327918607846,0.009162636318554481,0.0003137300929336402,3.0115278887337434e-05,0.009162636318554481,0.0003137300929336402,3.0115278887337434e-05,0.0,0.0,0.0,-2.381451886892319,1.2965870922462832,0.020661497049787887,0.9246516505877177,0.07287976771205126,0.004069957027711087,0.9644034723440806,0.06856042035003448,0.003440738745340375,-0.03975182473659515,0.013507673811062411,0.0006292172373004182,0.03975182473659515,0.013507673811062411,-0.0006292172373004182,0.2517747645576795,0.013192767818783004,2.3559425378400506e-05,0.31877566973368326,0.01554577044024402,0.00015125559752721582
7.461004898903218,1.0,1500.0,0.0,51.0,739.0,0.8203944355957354,606.0,133.0,5.665709222372316,1.3632321078219178,5111.748490780826,33.0,0.012437810945273632,45.744827586206895,10.91379310344828,8.30336693677444,58.0,45.14545454545455,21.72727272727273,8.74664445895378,11.0,45.744827586206895,10.91379310344828,8.30336693677444,58.0,0.15272991599710745,-0.008665709353290415,-0.0025418686326882612,-0.0008134953298078188,-0.0012453422239654805,-0.15767797607373435,-0.012190482367067988,14.058234547889661,47.0,162000.0,107.0,1982.2852351665497,81.72385947594918,0.3344062566757202,2.3161990642547607,-233.94931030273438,0.4681583642959595,-234.41746520996094,0.01106383465230465,0.01106383465230465,0.0,-2.2271461486816406,1.0191211700439453,1.0839405059814453,-0.06481946259737015,0.06481946259737015,,0.2485739141702652,,0.3005231022834778,0.5559072052439054,0.7356014036262956,0.01884845669927267,2.440222855408986,1.3572101677289412,-0.04853718201230988,-229.4725789388021,2.526011515241404,-0.017841540242193765,0.09342727723220984,0.29421422072005016,-0.002065289591556134,-229.56600494384764,2.6005545934962195,-0.01577625380739561,0.010323339886963368,0.0003970142823220464,4.3366138343683546e-05,0.010323339886963368,0.0003970142823220464,4.3366138343683546e-05,0.0,0.0,0.0,-2.370808215936025,1.3645192636699575,0.05028539666609729,0.9561623752117157,0.061779750315289206,-0.00043024768818739816,1.0003645916779835,0.06438952174243226,-0.000429436455048781,-0.04420222590366999,0.01158623338817174,-8.107458258886217e-07,0.04420222590366999,0.01158623338817174,8.107458258886217e-07,0.2494334931174914,0.01342913764994507,-0.00019669617972729907,0.3127005527416865,0.013407659173323979,8.37654969318186e-05
-3.4917272367785053,0.0,1500.0,0.0,34.0,739.0,0.5393680240260013,398.0,341.0,5.477676584493968,1.254030923858275,5881.7585201197035,105.0,0.03823465151846187,47.348275862068974,16.76551724137931,7.843971921107059,58.0,45.548148148148144,23.82222222222222,8.375990606213099,27.0,47.348275862068974,16.76551724137931,7.843971921107059,58.0,0.13910942182311237,-0.00830764064711496,-0.0030665964010839954,-0.0009133408933377951,-0.0009190920484612161,-0.18426403007937045,-0.010340701186079004,12.422752487421803,31.0,163500.0,108.0,2001.191594839096,81.7013225628434,0.3489214777946472,2.8092682361602783,-230.37643432617188,0.2699205279350281,-230.6463623046875,0.011960331350564957,0.011960331350564957,0.0,-2.7082972526550293,0.9950442910194397,1.0409801006317139,-0.04593577980995178,0.04593577980995178,,0.25676000118255615,,0.3170508146286011,2.0002380440632503,7.7234804553572225,-0.172872735309654,2.6658146142959596,1.1780579622111633,-0.00945691197812231,-229.95030873616537,2.3137235849957114,0.04304329232459103,0.08084236967066924,0.33768666148586435,0.006968771483960488,-230.03115234375,2.2270810212069545,0.03607440477484121,0.011453749518841505,0.0003039071062890876,3.1006301196915364e-05,0.011453749518841505,0.0003039071062890876,3.1006301196915364e-05,0.0,0.0,0.0,-2.557843319574992,1.168625478367841,0.009742811603991756,0.9539969543615977,0.07823343657705323,0.0018003438418115667,0.9981960693995158,0.07566565287135162,0.0015707258653056993,-0.04419911087801059,0.010017732586512234,0.00022961756419618426,0.04419911087801059,0.010017732586512234,-0.00022961756419618426,0.2464429924885432,0.015165630741405105,3.502200522332319e-05,0.3123596400022507,0.015284773527200543,-0.00027792756761672703
15.903322423205656,1.0,1500.0,0.0,55.0,739.0,0.88744353035927,655.0,84.0,5.797331009804215,1.6096027931928027,4972.2342417185655,13.600000000000001,0.005247723414107115,44.68275862068967,6.044827586206897,8.54612534493036,58.0,36.028571428571425,3.4857142857142867,10.73903116247683,7.0,44.68275862068967,6.044827586206897,8.54612534493036,58.0,0.15001208046394662,-0.0064216274924036336,-0.003250010584907761,-0.00043275693450456977,-0.00044408192858437544,-0.12071778140293263,-0.01067034134436129,14.156168595201436,51.0,165000.0,109.0,2020.7995414733887,81.65084988078361,0.17529737949371338,3.2149739265441895,-231.16488647460938,-0.3376843333244324,-230.82720947265625,0.012482590042054653,0.012482590042054653,0.0,-3.0868453979492188,0.8582773208618164,0.9029594659805298,-0.04468214139342308,0.04468214139342308,,0.24012742936611176,,0.30109238624572754,0.3308794235189756,0.23130807418667002,-0.008508466683054675,2.185298752784729,1.2288303113554293,-0.03327959111588157,-228.59689432779948,2.798692592499493,-0.07778388204775666,0.03346706355611483,0.2629259597307882,-0.004400760958072736,-228.63036193847657,2.7360553098201543,-0.07338313186526028,0.012350409757345915,0.00018554341210510358,1.7919352648984425e-05,0.012350409757345915,0.00018554341210510358,1.7919352648984425e-05,0.0,0.0,0.0,-2.1070503999789554,1.216774147108742,0.033433322255417945,0.9516734719276428,0.06322984151346432,-0.0012551268958409048,0.9875900050004324,0.059853800767734756,-0.0009970563272215498,-0.035916526522487405,0.012035795119551768,-0.0002580703595638666,0.035916526522487405,0.012035795119551768,0.0002580703595638666,0.2520701617002487,0.010774524637240114,0.00025225699412012836,0.3147144963343938,0.012451565591024354,-3.0192577003511284e-05
21.719595649025656,1.0,1500.0,0.0,12.0,739.0,0.18829522035709956,139.0,600.0,5.823303574942755,0.9263671700089435,6580.889768356294,198.60000000000002,0.0767862666254253,44.593103448275876,20.303448275862067,8.502994614113188,58.0,44.404255319148945,23.987234042553183,8.518519361342255,47.0,44.593103448275876,20.303448275862067,8.502994614113188,58.0,0.15007177811300507,-0.004952438831324244,-0.0026195241725099692,-0.0010187897698355748,-0.0016393442622950828,-0.09516603614964315,-0.008537492244136517,13.90389738743869,11.0,166500.0,110.0,2038.2985198497772,81.68577780857686,0.22127670049667358,5.207951545715332,-233.4997100830078,-0.32796549797058105,-233.17173767089844,0.012514927424490452,0.012514927424490452,0.0,-5.137144088745117,0.8521377444267273,0.9051352739334106,-0.05299749970436096,0.05299749970436096,,0.24763146042823792,,0.2889847159385681,0.6059689303239186,0.8615128421717136,-0.00010780428222343898,2.205372922619184,1.6077303722050926,0.0159031641032459,-229.87967783610026,2.7882370444581674,-0.16778548498439763,-0.06564287294944128,0.3067138612235212,0.00022737758111900913,-229.81403350830078,2.675344101182692,-0.16801270685418068,0.0125414348517855,0.00013786160446829405,8.320319854775505e-06,0.0125414348517855,0.00013786160446829405,8.320319854775505e-06,0.0,0.0,0.0,-2.1062651852766674,1.6002381857181283,-0.013708798121557323,0.9258967260519664,0.07462907226914689,-0.0006267804192489276,0.9650100727876028,0.07003860134593669,4.943930134755102e-05,-0.03911335685600837,0.011549443063545994,-0.0006762200566599175,0.03911335685600837,0.011549443063545994,0.0006762200566599175,0.2503673752148946,0.012783428406532025,-0.0003728927176309036,0.3164068430662155,0.01196049864603407,-0.0008025752622903612
18.317546844482422,1.0,1500.0,0.0,10.0,739.0,0.15481311170688983,114.0,625.0,5.8080992135839615,0.9177822145255887,6710.061191404742,222.8,0.08594352723345162,44.69655172413793,20.896551724137932,8.512857147692412,58.0,44.53877551020408,23.812244897959182,8.450251403723307,49.0,44.69655172413793,20.896551724137932,8.512857147692412,58.0,0.1487463781326057,-0.006409126459681875,-0.004792715937563131,-0.0009275428433706129,-0.0006066734074823053,-0.09989888776541994,-0.011832170594308555,12.981503958777258,9.0,168000.0,111.0,2055.635034799576,81.72656972465931,0.3345958888530731,0.5037112236022949,-232.2408905029297,0.452071875333786,-232.69296264648438,0.012608465738594532,0.012608465738594532,0.0,-0.40937164425849915,1.0345628261566162,1.0833672285079956,-0.04880441352725029,0.04880441352725029,,0.2558283805847168,,0.33114126324653625,0.30463274419307707,0.14762875618073915,0.004536637673786401,2.5885412712891895,1.4740890498909907,-0.026637284601888456,-229.29124298095704,2.97470302186866,-0.04383292023145966,-0.019520997752745947,0.2833712193495175,0.0034496637303651533,-229.27172292073567,3.0494145730520836,-0.047282553939049926,0.012736628452936808,0.00011551954635236762,5.465966376894955e-07,0.012736628452936808,0.00011551954635236762,5.465966376894955e-07,0.0,0.0,0.0,-2.5129537294308344,1.4787861986037656,0.0269093867072275,0.9408631424109141,0.0622075804597626,0.0006473934955405804,0.9755274335543315,0.06494876706848107,0.0007886544218052448,-0.0346642998047173,0.013427374286233975,-0.00014126097039631296,0.0346642998047173,0.013427374286233975,0.00014126097039631296,0.24882058600584667,0.013165207923476528,0.000580373243972637,0.3118725428978602,0.015752798342926644,0.0008647342080931999
22.760952881404332,1.0,1500.0,0.0,7.0,739.0,0.11352029565250255,83.0,656.0,5.844886913385142,0.7594344869416242,6903.1554865577245,251.4,0.09747964327258628,44.465517241379345,23.213793103448285,8.462140676193009,58.0,45.611764705882365,25.835294117647067,8.188252206628889,51.0,44.465517241379345,23.213793103448285,8.462140676193009,58.0,0.20885227127155662,-0.007543611276647578,-0.004318172420127537,-0.00410984746822164,-0.01730769230769232,-0.10069930069930046,-0.014098336962391097,12.828530818607002,7.0,169500.0,112.0,2072.5246181488037,81.78431200079004,0.23772726953029633,0.5527788400650024,-234.02577209472656,-0.15957675874233246,-233.86619567871094,0.013250431045889854,0.013250431045889854,0.0,-0.41949236392974854,0.8911857008934021,0.9430922269821167,-0.05190656706690788,0.05190656706690788,,0.2561849057674408,,0.3197348713874817,2.436356570323308,10.596171619953187,-0.24604518469236591,2.003288469215234,1.333964972940711,-0.04529397938156034,-232.3670689900716,3.379585073783811,-0.053336066902671626,0.009812672808766364,0.29536367753653076,-0.010030688402616944,-232.37688140869142,3.373473598461687,-0.04330549908426712,0.013246367902805407,0.00023972308032117499,1.320040228468929e-05,0.013246367902805407,0.00023972308032117499,1.320040228468929e-05,0.0,0.0,0.0,-1.924163528283437,1.3350301748738098,0.04826481439115212,0.9358735918998718,0.06942993519851497,-0.0024332441397848627,0.982206787665685,0.06834833435431727,-0.002311393137901091,-0.04633318769435088,0.014843661439598936,-0.00012185145190215519,0.04633318769435088,0.014843661439598936,0.00012185145190215519,0.2525117352604866,0.014168192927636847,-0.00012340909315561644,0.31687186161677044,0.014688250944380836,5.345243765856557e-06
28.83719036055774,1.0,1500.0,0.0,44.0,739.0,0.7050994470587167,521.0,218.0,5.725644482000433,1.5017482877920596,5375.026041695841,23.8,0.009063904333917282,45.27241379310345,8.686206896551726,8.394515033264756,58.0,46.55294117647059,21.211764705882356,8.007796042835654,17.0,45.27241379310345,8.686206896551726,8.394515033264756,58.0,0.15523351525774104,-0.004932261260498833,-0.0035091791591942614,-0.0004855126397942154,-0.0011527713088029788,-0.06669771774569186,-0.009352436243111054,14.362506198601501,41.0,171000.0,113.0,2091.782381296158,81.74846558084168,8.672523498535156,0.19257938861846924,-229.56027221679688,0.46252691745758057,-230.02279663085938,0.012641497887670994,0.012641497887670994,0.0,-0.0017290711402893066,1.0528814792633057,1.0858154296875,-0.03293401002883911,0.03293401002883911,,0.2601329982280731,,0.3276320993900299,0.7307562932372094,1.5144010200803772,0.06092493821503192,1.492379280924797,1.1391985942923637,0.014214649037338819,-229.73934275309244,1.6231390937465775,0.030452588243673036,0.013108485067884127,0.3204810508888145,0.011985597187638688,-229.75245005289713,1.6044141336404625,0.018466946916935383,0.012855640271057685,0.0003143538813171526,-3.4563104778495383e-05,0.012855640271057685,0.0003143538813171526,-3.4563104778495383e-05,0.0,0.0,0.0,-1.407460778951645,1.139395843110124,-0.016088315629057354,0.9501578907171885,0.07380925680635655,0.0028938024407366425,0.9828707695007324,0.07356492025198554,0.0027452559571907722,-0.03271287046372891,0.007152710457302493,0.0001485460169522204,0.03271287046372891,0.007152710457302493,-0.0001485460169522204,0.257226824760437,0.014400491991631579,0.00015148519143643897,0.32031975289185843,0.014330377515805771,-2.380258779770886e-05
13.591881012916565,1.0,1500.0,0.0,42.0,739.0,0.6821042217699022,504.0,235.0,5.637570953283264,1.4709985842699809,5435.370114331738,43.6,0.01606840126778212,45.98983050847458,10.654237288135592,8.23494275838938,59.0,42.873684210526314,18.89473684210526,8.971761658329962,19.0,45.98983050847458,10.654237288135592,8.23494275838938,59.0,0.14324424493853918,-0.0055216921816441614,-0.004028420920045837,-0.0006668381731459567,-0.0018514337322194584,-0.12174305712350113,-0.008219026740752174,13.323090426866603,40.0,172500.0,114.0,2111.0221247673035,81.71397067617875,0.7994146943092346,1.079322099685669,-229.46902465820312,0.17120808362960815,-229.64022827148438,0.012484553270041943,0.012484553270041943,0.0,-1.1692088842391968,0.9898415803909302,1.0190600156784058,-0.02921837940812111,0.02921837940812111,,0.2566421926021576,,0.33317410945892334,0.46071156313021977,0.3014469556920128,0.0013269063396103627,2.155286806821823,1.3325163124783743,-0.02053017012932411,-232.48529917399088,2.3931214898740167,-0.06775210235221815,-0.00887963945666949,0.3397954001035967,-0.0006803982399064324,-232.4764175415039,2.395082119156488,-0.06707168596074267,0.012650612213959297,0.00010936157204577601,-5.655835389892372e-06,0.012650612213959297,0.00010936157204577601,-5.655835389892372e-06,0.0,0.0,0.0,-2.0710042734940846,1.3615966599138043,0.02009072400571509,0.9352936406930288,0.07769261922067446,-0.000387991376395257,0.9779692272345225,0.07781120264791423,-0.00016132343862957255,-0.04267559740692377,0.010409988679605325,-0.00022666834758903272,0.04267559740692377,0.010409988679605325,0.00022666834758903272,0.24840510537226995,0.013409071732929592,0.00035548812489090355,0.3101886183023453,0.013232141966645813,0.0002967472535219212
3.397171159585317,1.0,1500.0,0.0,13.0,739.0,0.2051327892842243,151.0,588.0,5.635428789718878,1.0454236190605288,6862.555254681836,207.20000000000002,0.0775855612970868,46.044827586206885,21.799999999999997,8.106158494555448,58.0,46.317391304347815,25.17391304347826,7.949072268177758,46.0,46.044827586206885,21.799999999999997,8.106158494555448,58.0,0.15379895225480947,-0.007478262976006338,-0.004405261520073733,-0.001964768030531877,-0.005142189326061538,-0.1686014803272318,-0.011343499859516147,13.052623869478678,12.0,174000.0,115.0,2128.6549496650696,81.7417590518265,0.21025198698043823,0.875505805015564,-235.706298828125,-0.13479138910770416,-235.57150268554688,0.0111918393522501,0.0111918393522501,0.0,-0.885532557964325,0.8967728614807129,0.9499971866607666,-0.05322420969605446,0.05322420969605446,,0.24350664019584656,,0.29249393939971924,1.5477044170101484,4.61339947103343,-0.15380467470482562,1.8712204307317735,1.5375643137363426,0.013077771100106772,-231.69583435058593,2.126328416786057,-0.03086301402599252,-0.006003587941328685,0.35189402039498946,-0.002051777068579426,-231.68983103434246,2.00546763355726,-0.028811231364923168,0.011660265767325958,0.0004573473156913347,-5.089220496617675e-05,0.011660265767325958,0.0004573473156913347,-5.089220496617675e-05,0.0,0.0,0.0,-1.7817285219828287,1.5147213302602316,-0.015230802328090572,0.9415327270825704,0.08176540474134074,-0.0005266200713772049,0.9787113885084788,0.07902650106534442,-0.00046794185118629727,-0.037178659625351426,0.008750134168376313,-5.8677819483934305e-05,0.037178659625351426,0.008750134168376313,5.8677819483934305e-05,0.2491594855984052,0.01354997889549387,9.104900882559057e-05,0.3082439661026001,0.01211683236602496,2.613007956006802e-05
25.123897458116215,1.0,1500.0,0.0,52.0,739.0,0.8375105840664742,618.0,121.0,5.784747085869005,1.6936014316127816,5172.724374972371,24.6,0.009460083064143978,44.83448275862068,5.0,8.530624669115427,58.0,37.999999999999986,8.959999999999997,10.53559046024116,10.0,44.83448275862068,5.0,8.530624669115427,58.0,0.14801838869423942,-0.005375203650024785,-0.004656862680420758,-0.00040117325676691405,-0.0020439350525310444,-0.07656160458452614,-0.009053728376031816,14.233815172050015,48.0,175500.0,116.0,2148.098377227783,81.7001687913803,0.22421777248382568,2.733003854751587,-231.0526885986328,-0.17283624410629272,-230.87985229492188,0.010990421287715435,0.010990421287715435,0.0,-2.5609757900238037,0.9110546112060547,0.9416836500167847,-0.030628986656665802,0.030628986656665802,,0.24632006883621216,,0.323950856924057,0.4805178860823313,0.4978894703328414,-0.018752380406631134,1.4665517523884772,1.2966183529694846,0.05197866862355932,-233.5867680867513,3.327115167376631,-0.05861268855042374,-0.08809651508927345,0.2409852734171285,-0.00026122321176847086,-233.49867197672526,3.2806065147074746,-0.058351534121025124,0.01122338492423296,0.00011469670468643026,-5.957895311816937e-07,0.01122338492423296,0.00011469670468643026,-5.957895311816937e-07,0.0,0.0,0.0,-1.378250245253245,1.304595002896712,-0.05158506016577445,0.9173005938529968,0.0577324118972358,-0.00024063104517073092,0.9603795031706492,0.05371314196507254,-5.284871354916534e-05,-0.043078907392919065,0.014294798306537819,-0.00018778320555228064,0.043078907392919065,0.014294798306537819,0.00018778320555228064,0.24943581571181614,0.015363599740133798,-0.00023842431745752603,0.3081513255834579,0.014940200268811835,0.00017710997742725868
24.034476270862655,1.0,1500.0,0.0,55.0,739.0,0.8876206801626519,655.0,84.0,5.8150472039691365,1.7114085975735729,4788.060678168581,21.400000000000002,0.008266378244746601,44.63448275862069,4.693103448275864,8.524797195598673,58.0,35.34285714285714,6.599999999999996,10.833311219122402,7.0,44.63448275862069,4.693103448275864,8.524797195598673,58.0,0.15006789862552333,-0.006097978494285301,-0.0047377236967898586,-0.00053400302871913,-0.0014345378609043,-0.08207735609224467,-0.009390206532023769,14.14431621061239,51.0,177000.0,117.0,2167.6984136104584,81.65342507456732,0.1920444667339325,3.71201229095459,-231.12513732910156,0.5563223958015442,-231.68145751953125,0.011180244386196136,0.011180244386196136,0.0,-3.6711812019348145,1.0716736316680908,1.1038012504577637,-0.032127562910318375,0.032127562910318375,,0.23865948617458344,,0.28299322724342346,0.6159836038947105,0.7260840978206241,0.0067871336776502015,1.4862717072168985,1.3304967060131692,-0.008065004197588519,-233.65410970052082,2.951715040143465,0.10455236042434549,-0.028791210303703945,0.2767236807717718,0.006824590312161621,-233.6253189086914,2.963519403532448,0.09772792048131212,0.011363802663981914,0.00018994123637302345,-5.722585008858092e-06,0.011363802663981914,0.00018994123637302345,-5.722585008858092e-06,0.0,0.0,0.0,-1.4053640524546305,1.3397938971717018,0.006154351955791523,0.9319454451402028,0.06211090925304972,0.0020163592427670375,0.9735435624917348,0.061752869063570866,0.0015215844413196903,-0.041598111887772876,0.01313652720038988,0.0004947777593029764,0.041598111887772876,0.01313652720038988,-0.0004947777593029764,0.24667741904656093,0.016379954031497522,-0.000550083380122084,0.30875829060872395,0.016048636634327214,-0.00047903914870623033
25.166421273579964,1.0,1500.0,0.0,56.0,739.0,0.9106163594371488,672.0,67.0,5.821161050264459,1.6665845584271053,4838.433164134077,18.0,0.00696594427244582,44.55172413793103,4.917241379310346,8.620448095691177,58.0,40.300000000000004,9.833333333333323,10.304321103208002,6.0,44.55172413793103,4.917241379310346,8.620448095691177,58.0,0.15424999060318217,-0.006390351598148663,-0.003959925034524316,-0.0004456129832360114,-0.0017440809687330565,-0.08176396168443727,-0.010299887849255233,14.60133425733625,52.0,178500.0,118.0,2187.258864879608,81.60899602060822,0.342565655708313,0.25346559286117554,-233.4393768310547,-0.38955235481262207,-233.04981994628906,0.011170417070388794,0.011170417070388794,0.0,-0.15300795435905457,0.857223629951477,0.8933225870132446,-0.0360988974571228,0.0360988974571228,,0.25741881132125854,,0.31151440739631653,0.49268835186958315,0.4019960899089268,0.0027054344454119196,1.4516518612702687,1.6476558236799261,-0.03962740684642944,-234.9141403198242,3.7881245700421964,-0.01830899553648765,-0.06075777038931847,0.3827559947672176,-0.01649394282145019,-234.85338287353517,3.6476176398785936,-0.0018150762403059209,0.011321748203287522,9.806448770880412e-05,1.927014560468517e-06,0.011321748203287522,9.806448770880412e-05,1.927014560468517e-06,0.0,0.0,0.0,-1.37310045560201,1.6610545534619465,0.039841178142454255,0.9214540481567383,0.09161134041664537,-0.003615331172412729,0.9663916428883871,0.08544100838624458,-0.0036746214971659337,-0.04493758827447891,0.01592910863071855,5.929070266918901e-05,0.04493758827447891,0.01592910863071855,-5.929070266918901e-05,0.250682665904363,0.013976685733108599,0.0003119212965811383,0.3129290650288264,0.0180554117591603,0.0002975441125926938
20.261550416337684,1.0,1500.0,0.0,51.0,739.0,0.8183674033480259,604.0,135.0,5.826715026478148,1.5153398564138723,4758.11417999675,28.200000000000003,0.010929385318967522,44.48620689655172,6.396551724137931,8.631364253527407,58.0,39.99999999999999,10.399999999999999,9.892739809389226,11.0,44.48620689655172,6.396551724137931,8.631364253527407,58.0,0.1523627102687824,-0.006705644829610239,-0.003962075419640682,-0.0005417362859175448,-0.0009034948371723574,-0.10190627482128435,-0.010262930636321705,14.243946935718087,47.0,180000.0,119.0,2206.469886302948,81.57827175316638,0.3684006333351135,4.139238357543945,-236.98974609375,0.7453283071517944,-237.73507690429688,0.011088886298239231,0.011088886298239231,0.0,-4.095272541046143,1.091070532798767,1.1455438137054443,-0.05447331815958023,0.05447331815958023,,0.24079707264900208,,0.29363393783569336,0.523219979306062,0.3668752546787597,0.009044453481811031,1.4822238028049468,1.2155133067319372,0.027577464294115343,-235.41791280110678,3.487547085009828,-0.16791295612746335,0.10419132361809412,0.30366677402680115,0.005445865148034061,-235.52210489908853,3.5861242291887363,-0.17335886037653955,0.011270457257827124,0.00014769555582740048,-2.041773184785972e-06,0.011270457257827124,0.00014769555582740048,-2.041773184785972e-06,0.0,0.0,0.0,-1.3986789708336194,1.243544171738559,-0.02673934284054795,0.9573678592840831,0.06377100486764842,0.0005201996765094064,1.0031937797864279,0.06771096470349176,0.0012074939135847318,-0.04582589299728473,0.015381731283207698,-0.000687294487776162,0.04582589299728473,0.015381731283207698,0.000687294487776162,0.2465864285826683,0.01216390537197173,-5.789054050064428e-05,0.30613794128100075,0.012537838153768157,-0.00019836627336445594
10.465447313255734,1.0,1500.0,0.0,39.0,739.0,0.6195342279375752,457.0,282.0,5.4532712098308584,1.472489492934144,5806.710763168998,62.800000000000004,0.022760220353725717,47.572413793103436,13.758620689655176,7.788685938905907,58.0,46.98181818181818,24.118181818181814,7.775853733071698,22.0,47.572413793103436,13.758620689655176,7.788685938905907,58.0,0.1417373912191786,-0.006170967284084366,-0.004592810153419452,-0.0007415424008938396,-0.002540073982737364,-0.13188655980270944,-0.008595190813293282,13.346694030582361,36.0,181500.0,120.0,2225.5824780464172,81.55168446478693,0.32942765951156616,0.019337713718414307,-232.15530395507812,-0.027017422020435333,-232.12828063964844,0.011238371022045612,0.011238371022045612,0.0,-0.07504460215568542,0.9459033012390137,0.9739806652069092,-0.028077321127057076,0.028077321127057076,,0.23229321837425232,,0.29351669549942017,0.3082727481921514,0.16635064840404323,0.003217408435628459,0.6013112276792526,1.3588792904406708,0.038988168665246264,-235.3183334350586,2.7573245814770835,-0.034308353547121605,-0.007790001357595126,0.2904408343258815,-0.00525825316287387,-235.3105438232422,2.5921747638112094,-0.029050045840860166,0.011312096162388723,7.009462932377707e-05,5.355611385505948e-06,0.011312096162388723,7.009462932377707e-05,5.355611385505948e-06,0.0,0.0,0.0,-0.5336616838971774,1.3558773148679255,-0.0392952367812561,0.935379276672999,0.07132487963783367,-0.0012278647656170497,0.9782546480496724,0.06479380864619984,-0.0011690494348528453,-0.042875357034305735,0.011228458720716438,-5.8814669825608346e-05,0.042875357034305735,0.011228458720716438,5.8814669825608346e-05,0.24633500079313914,0.01059440166026091,-0.0003578571376864254,0.3056783050298691,0.01467326055338481,-0.0004782759771994173
15.949054754298666,1.0,1500.0,0.0,49.0,739.0,0.7928173192956086,585.0,154.0,5.8007063424169365,1.6326827949735105,5407.533698914627,38.2,0.014714946070878275,44.75862068965518,8.362068965517242,8.580834098175833,58.0,38.98333333333334,16.083333333333332,9.93402003425856,12.0,44.75862068965518,8.362068965517242,8.580834098175833,58.0,0.14918185088365013,-0.006449974756714774,-0.004749097481061674,-0.0007241310180508159,-0.0009221208780194431,-0.11706925929637846,-0.009960055217619695,13.930402231212428,46.0,183000.0,121.0,2245.028630256653,81.51343708212725,0.5390052795410156,-0.6784033179283142,-232.7239532470703,-0.2265808880329132,-232.49737548828125,0.010895266197621822,0.010895266197621822,0.0,0.796252429485321,0.9021515250205994,0.9298629760742188,-0.02771143428981304,0.02771143428981304,,0.26107391715049744,,0.31657516956329346,2.311333066225052,9.772534028458178,0.05592423918780281,1.0388445695241293,1.380102552496553,-0.06327193220942652,-234.22905476888022,2.4851423374316615,-0.12392808279815834,-0.13464629451433818,0.3014205847309867,0.0029767063223612926,-234.0944086710612,2.4709771222981676,-0.1269048026724539,0.011099264770746232,0.00011183203126097677,-6.9088272510040265e-06,0.011099264770746232,0.00011183203126097677,-6.9088272510040265e-06,0.0,0.0,0.0,-0.9379815051952998,1.3982844921266626,0.06130877318849028,0.9144640286763509,0.06764395228627491,0.00018114120729505005,0.9500598132610321,0.06693203876390957,0.0006655242604859106,-0.035595779803891975,0.010477011288423004,-0.0004843826549701608,0.035595779803891975,0.010477011288423004,0.0004843826549701608,0.24666429460048675,0.01183191092625905,-0.00013294141735463745,0.30636332631111146,0.013757306460191935,-0.0001301644508777697
9.052243126066108,1.0,1500.0,0.0,41.0,739.0,0.6641166769233291,490.0,249.0,5.622187192142604,1.622848970075489,5552.678457891924,63.800000000000004,0.023841554559043347,46.13793103448274,11.527586206896558,8.218078493355605,58.0,43.67,18.369999999999997,8.918254333135318,20.0,46.13793103448274,11.527586206896558,8.218078493355605,58.0,0.14504767353782258,-0.00750151039957184,-0.004639031656967144,-0.0006107575120412628,-0.0013276935730231437,-0.1415579837856851,-0.010003169660928736,13.664414896689214,38.0,184500.0,122.0,2264.2684071063995,81.48327266367684,0.27383023500442505,-3.4832067489624023,-238.02561950683594,-0.5999000668525696,-237.42572021484375,0.010740343481302261,0.010740343481302261,0.0,3.6534645557403564,0.8006412982940674,0.8476764559745789,-0.04703521728515625,0.04703521728515625,,0.25767454504966736,,0.3216666877269745,0.48741108874479927,0.8199392528058433,0.029318989384028486,0.3014549478888512,0.979313850783443,-0.011446960600252567,-235.99959615071614,2.2645136334729297,-0.03808498021889821,-0.005077180514732996,0.41617878892155125,0.007341506021372871,-235.99451904296876,2.2702230848788076,-0.04542636892554022,0.01070487235362331,0.00023904900970867272,-1.850472752821207e-05,0.01070487235362331,0.00023904900970867272,-1.850472752821207e-05,0.0,0.0,0.0,-0.1747480760018031,0.9806792056288005,0.014329174078081035,0.9369857529799144,0.0914000425708951,0.0014944308989570164,0.9788073261578878,0.09184085179338874,0.0016237166620069732,-0.04182156876971324,0.00974583078916288,-0.00012928549577383576,0.04182156876971324,0.00974583078916288,0.00012928549577383576,0.2473881890376409,0.011718591995148957,0.00019730572838406112,0.3023220111926397,0.013386290442570541,0.00023711440427947269
22.812576115131378,1.0,1500.0,0.0,47.0,739.0,0.756727802635026,559.0,180.0,5.813947411479539,1.6245335518988882,5327.916062891725,32.4,0.012511584800741427,44.648275862068964,9.172413793103447,8.552853901450861,58.0,45.95714285714286,22.485714285714284,8.192986018762946,14.0,44.648275862068964,9.172413793103447,8.552853901450861,58.0,0.15801140757442114,-0.006635513400233788,-0.004812181968980393,-0.0008347328996764552,-0.0011402258524284596,-0.09525271351825292,-0.010753855618719747,14.814664259145195,44.0,186000.0,123.0,2283.4842455387115,81.45447044944228,0.3882444500923157,3.302077054977417,-238.60581970214844,0.10841208696365356,-238.7142333984375,0.0116907162591815,0.0116907162591815,0.0,-3.151517152786255,0.9537870287895203,1.0043671131134033,-0.05058002471923828,0.05058002471923828,,0.23020368814468384,,0.2868780791759491,0.3313400954008102,0.20957317007771045,0.006456837631571411,0.18542076299587887,1.369298298225672,-0.017718774865943976,-235.77350819905598,3.0760593687315327,-0.0497269338707414,0.17998366231719654,0.23949306125188138,-0.0034932269353224847,-235.9534912109375,3.063243468469835,-0.046233587721159014,0.011095891644557317,0.00029498823341578463,3.2681524670694045e-05,0.011095891644557317,0.00029498823341578463,3.2681524670694045e-05,0.0,0.0,0.0,-0.08100037624438604,1.3693804478501264,0.01810808457906575,0.9803178648153941,0.05486242298597151,-0.0008811301596305577,1.0199471553166708,0.053148075805911764,-0.0007481132916799693,-0.039629290749629335,0.013171061340527031,-0.0001330151979928543,0.039629290749629335,0.013171061340527031,0.0001330151979928543,0.24644097437461218,0.013870510323594973,0.00024678993874847427,0.3020183245340983,0.016367063548258357,0.0003043901137966142
25.943866815972836,1.0,1500.0,0.0,51.0,739.0,0.8165745352407857,603.0,136.0,5.818904162311579,1.8019100797963505,5139.9855344224925,16.6,0.006418683783156755,44.58965517241379,6.23448275862069,8.532206283181806,58.0,41.12727272727273,15.145454545454548,9.494891682279498,11.0,44.58965517241379,6.23448275862069,8.532206283181806,58.0,0.15285089811123517,-0.005902870128355756,-0.004900034039061415,-0.0004416701732459488,-0.0008657577868444607,-0.07761966364812319,-0.009541213934148961,14.488073745663936,47.0,187500.0,124.0,2303.02521109581,81.41465368969409,0.3432047963142395,-0.4037775695323944,-237.6127166748047,-0.19040030241012573,-237.4223175048828,0.012466148473322392,0.012466148473322392,0.0,0.3730912208557129,0.8935801982879639,0.9365750551223755,-0.042994916439056396,0.042994916439056396,,0.23053540289402008,,0.29255929589271545,0.4189474533001582,0.2941296170983932,-0.006732126477032565,0.0867981235186259,1.1707775849335686,-0.012456993080750196,-236.50277455647787,2.337984346324966,-0.035322379005097694,-0.022531816114981968,0.3068461615286949,-0.01578898520205788,-236.48024241129556,2.3384474770767802,-0.01953337842285209,0.012460859026759863,0.0002795368583669421,2.1200554778963048e-05,0.012460859026759863,0.0002795368583669421,2.1200554778963048e-05,0.0,0.0,0.0,-0.02602152427037557,1.1812479678096788,0.011448482252466792,0.9348451336224873,0.06970595142656903,-0.003607277026828879,0.9747434218724569,0.06991247874369594,-0.0035895682813328394,-0.03989830724895001,0.010060231108458748,-1.7707716172209693e-05,0.03989830724895001,0.010060231108458748,1.7707716172209693e-05,0.24267206738392513,0.009793718285223645,-1.4035567823618266e-06,0.29857068161169686,0.010902420573863494,-0.00011533325718295327
47.902347564697266,1.0,1500.0,0.0,4.0,739.0,0.055558468371793394,41.0,698.0,6.1297743814022265,0.7584994930868709,7167.269850074931,256.2,0.10254562920268973,42.34576271186441,22.759322033898307,9.157662792853685,59.0,44.31636363636364,24.414545454545458,8.55984259836669,55.0,42.34576271186441,22.759322033898307,9.157662792853685,59.0,0.6206103796275225,-0.014303470314712194,-0.005943722533763874,0.0,-0.001976284584980237,0.0,-0.06487471131573559,14.15770117272223,4.0,189000.0,125.0,2319.0357687473297,81.49938976667525,0.4110020399093628,-1.0583597421646118,-240.02146911621094,0.04071572422981262,-240.0621795654297,0.013083974830806255,0.013083974830806255,0.0,0.9928747415542603,0.9370342493057251,0.9893890023231506,-0.05235476791858673,0.05235476791858673,,0.22988280653953552,,0.29905664920806885,0.5352183699607849,0.7759811865946513,-0.010152201167203178,-0.07442170977592469,1.6457138758750276,0.008188315930965891,-237.52684122721354,3.125182861158484,-0.10720304461553978,0.05711360946297646,0.3095298539314574,-0.005567895721341668,-237.58395436604818,2.9813708258503984,-0.10163518207622166,0.012801482000698645,0.0001980683929834462,2.1788995253031575e-05,0.012801482000698645,0.0001980683929834462,2.1788995253031575e-05,0.0,0.0,0.0,0.1594781309366226,1.636090189094241,-0.010093029329058065,0.9503998418649038,0.07727804824939923,-0.0016474850450925562,0.993060847123464,0.07107650483401601,-0.0012764421267822596,-0.042661001347005366,0.012676852401367022,-0.00037104306707326355,0.042661001347005366,0.012676852401367022,0.00037104306707326355,0.24788804451624552,0.01420369318461354,-0.0004948954096890759,0.30209566255410514,0.016786117691456715,-0.00011143121491285266
32.464742694582256,1.0,1500.0,0.0,7.0,739.0,0.1062199109600359,78.0,661.0,5.992298633138452,0.8342918674583027,6954.794239830436,237.0,0.09435464607054701,43.30689655172414,22.77241379310345,8.737120049643382,58.0,45.188235294117646,25.46666666666666,8.140299400153296,51.0,43.30689655172414,22.77241379310345,8.737120049643382,58.0,0.26843443961951496,-0.01199508819283307,-0.0056962302518803925,-0.004668213932012417,-0.005059203444564047,-0.09472551130247558,-0.024891446048684755,16.353394369415952,7.0,190500.0,126.0,2335.838450908661,81.55529759598481,0.30264705419540405,1.1888713836669922,-232.39132690429688,-0.06802238523960114,-232.32330322265625,0.012527215294539928,0.012527215294539928,0.0,-1.1107900142669678,0.9473435878753662,0.9644691944122314,-0.017125561833381653,0.017125561833381653,,0.26951420307159424,,0.3054109215736389,0.32506269415219624,0.14745011527904658,-0.003351587090264182,0.6755658209323883,1.0685626057543565,0.04465967390242885,-239.00414072672527,2.954600105924208,0.09108793366870857,-0.01512097828090191,0.2969186738495113,0.0009163516804625723,-238.98901926676433,3.0295531383967416,0.09017146262232109,0.01278431136161089,0.00019436531990275907,-2.113969020702963e-05,0.01278431136161089,0.00019436531990275907,-2.113969020702963e-05,0.0,0.0,0.0,-0.6162973115841548,1.0712285329660733,-0.04511080209219682,0.9298065622647603,0.06559975469039923,0.0006649043854404731,0.9765080710252126,0.06824483654385435,0.0002107290192626155,-0.04670149839172761,0.013172480774860636,0.0004541743869941961,0.04670149839172761,0.013172480774860636,-0.0004541743869941961,0.24320281893014908,0.01423061838956264,-0.00022989200206435085,0.2960234612226486,0.013501682332056496,-0.00012230225346643848
16.22640469911936,1.0,1500.0,0.0,40.0,739.0,0.6432613708402106,475.0,264.0,5.634105555417082,1.680160689932743,5731.159627933616,64.60000000000001,0.024209263978414032,46.00689655172413,11.56551724137931,8.21950644771559,58.0,44.4,21.180952380952384,8.603819402086748,21.0,46.00689655172413,11.56551724137931,8.21950644771559,58.0,0.14524285770062043,-0.006529409974791596,-0.004863453092406992,-0.0006765986713524284,-0.0009993906154783653,-0.11037172455819412,-0.009459122749509444,13.489226088951437,37.0,192000.0,127.0,2354.859115600586,81.53354004408544,0.20923802256584167,1.0450427532196045,-235.18612670898438,-0.25924748182296753,-234.9268798828125,0.012172169052064419,0.012172169052064419,0.0,-0.8724466562271118,0.894837498664856,0.9211924076080322,-0.02635486237704754,0.02635486237704754,,0.25538814067840576,,0.30700546503067017,1.01645538409551,1.8520425300559333,0.06712497246676477,0.2328900068998337,1.4409464492385609,0.05679701025016584,-235.9636245727539,2.8132364078974232,-0.128474132635435,0.013705360144376755,0.25910125577556925,-0.010344374002484783,-235.97732950846355,2.8013937963712725,-0.11812977011131476,0.012369517888873815,0.0002191436413258317,-2.237391389815281e-05,0.012369517888873815,0.0002191436413258317,-2.237391389815281e-05,0.0,0.0,0.0,-0.15120001236597697,1.433918746130722,-0.05346148364138154,0.9513787547747294,0.06001934173318164,-0.002802616815280618,0.9831817468007406,0.05904492276854187,-0.0023614145094348828,-0.03180300208429496,0.011815525346363284,-0.0004412022809828479,0.03180300208429496,0.011815525346363284,0.0004412022809828479,0.24660130937894184,0.017335225139915547,9.907549692605163e-05,0.2962973137696584,0.018952909992781243,-0.00036901336358042446
11.951576751211416,1.0,1500.0,0.0,25.0,739.0,0.3958847346946847,292.0,447.0,5.794489565818416,1.2276462157161865,6179.153673827248,126.0,0.04846153846153846,44.827586206896555,15.934482758620689,8.41731494364582,58.0,42.971428571428575,21.771428571428576,8.78812041586763,35.0,44.827586206896555,15.934482758620689,8.41731494364582,58.0,0.14377963554450632,-0.006502764213583718,-0.005286238561429585,-0.0008422822352081329,-0.0027572815533980517,-0.12598058252427133,-0.008805831789473766,13.383579732294463,23.0,193500.0,128.0,2373.1047897338867,81.53875076949238,0.21055731177330017,0.6616911888122559,-233.37583923339844,0.7713239192962646,-234.14715576171875,0.010973584838211536,0.010973584838211536,0.0,-0.5550997853279114,1.1298595666885376,1.1509239673614502,-0.02106441557407379,0.02106441557407379,,0.24263082444667816,,0.29780498147010803,0.4238275875647863,0.3136438998656984,0.005501692074954968,0.13699892659982046,1.592954097778574,0.024613068730998264,-239.30253194173176,2.9695288527045407,0.023299481791839202,-0.03540148654331764,0.33986008862410455,0.016652791320167084,-239.26713104248046,2.83527201929373,0.006646847327112119,0.011297073370466629,0.00047097616834659124,-5.118216142406478e-05,0.011297073370466629,0.00047097616834659124,-5.118216142406478e-05,0.0,0.0,0.0,-0.05011823922395706,1.5707686736600666,-0.02494288390881496,0.9279372890790304,0.08120453729322635,0.003812366226756392,0.9718495746453603,0.07601156357423659,0.003717572073782628,-0.04391230046749115,0.012154714930648654,9.479358195595512e-05,0.04391230046749115,0.012154714930648654,-9.479358195595512e-05,0.2456678902109464,0.01278431429370343,-6.971559813609283e-05,0.29658108750979106,0.0127734159790172,-6.121670178762894e-05
8.901578288811903,1.0,1500.0,0.0,29.0,739.0,0.4579523566068532,338.0,401.0,5.543051086941215,1.2967289273403306,6037.476283293821,137.20000000000002,0.05141657922350472,46.814035087719276,17.021052631578943,7.962011637799932,57.0,45.83870967741935,25.006451612903234,8.058502243946002,31.0,46.814035087719276,17.021052631578943,7.962011637799932,57.0,0.14465821567314846,-0.006796055485482562,-0.004619917229990837,-0.0010366167111053228,-0.005327731092437005,-0.1374117647058803,-0.008841785089402069,13.335622688806815,26.0,195000.0,129.0,2391.754551887512,81.53010510468599,2.1963629722595215,-0.638396143913269,-246.77842712402344,0.10763528943061829,-246.8860626220703,0.01130461785942316,0.01130461785942316,0.0,0.8761535882949829,0.9305182695388794,1.0040115118026733,-0.07349336892366409,0.07349336892366409,,0.25183531641960144,,0.2969142198562622,0.3813198541601499,0.37275852100699597,0.014793036999108394,0.26674006481965384,1.4563749925170302,-0.041943279289960646,-238.88895517985026,3.8121956716916783,-0.17120551087036304,-0.009093122680981953,0.3832980030553625,0.0022071962759677775,-238.8798619588216,3.8784478775875377,-0.17341267518922518,0.010852946061640978,0.0002071153941604684,4.645349360480138e-06,0.010852946061640978,0.0002071153941604684,4.645349360480138e-06,0.0,0.0,0.0,-0.18718541115522386,1.4661303720973982,0.041545333961093285,0.937770426273346,0.08263682739576857,-0.00018889007632010157,0.9780516584714254,0.08472290451552944,0.0004857804539206073,-0.04028124821682771,0.016348568169566674,-0.0006746711261214081,0.04028124821682771,0.016348568169566674,0.0006746711261214081,0.2517061452070872,0.01179681978335355,-0.00023384727413318103,0.3017409125963847,0.015144162662223496,-6.602392578549843e-05
22.817531830555684,1.0,1500.0,0.0,39.0,739.0,0.6318171772218802,466.0,273.0,5.837194415310492,1.685025642356921,5921.104869559906,36.800000000000004,0.01401691170869201,44.49830508474577,9.986440677966101,8.602402799695858,59.0,43.490909090909106,18.763636363636365,8.815899279337671,22.0,44.49830508474577,9.986440677966101,8.602402799695858,59.0,0.1541160943697113,-0.005747924656676609,-0.004400026790396857,-0.0006407514223573373,-0.0008354755784061688,-0.09069408740359822,-0.009674339050300443,13.96021475250299,37.0,196500.0,130.0,2410.7099583148956,81.51125742947318,0.7008578777313232,-0.522067129611969,-236.3462677001953,-0.13294875621795654,-236.21331787109375,0.011848438531160355,0.011848438531160355,0.0,0.7432308793067932,0.9240185618400574,0.9500250816345215,-0.026006557047367096,0.026006557047367096,,0.2591797113418579,,0.3132967948913574,0.44438186834255855,0.4212914162510425,0.016034456006809653,0.034514213601748146,1.2580114153865987,-0.01841298846302096,-239.2315246582031,3.0655554158679785,0.06226220730282585,0.06673670212427775,0.3485783324635595,-0.011992137593209945,-239.2982610066732,3.0018902370306937,0.07425449188877882,0.011759226800252993,0.00015679691596490837,1.3646299643099817e-05,0.011759226800252993,0.00015679691596490837,1.3646299643099817e-05,0.0,0.0,0.0,0.044808482627073924,1.2716669736751545,0.018596837163236696,0.9548507948716481,0.08091076203538616,-0.0023086728323023337,0.9949497361977895,0.07842096255363275,-0.0026909132422807064,-0.04009893604864677,0.012929729184569333,0.00038224127810775906,0.04009893604864677,0.012929729184569333,-0.00038224127810775906,0.2478238711754481,0.009181604848312328,0.0003901451726643999,0.2948791692654292,0.01265248855635821,0.0005365356521160814
6.664174946871671,1.0,1500.0,0.0,11.0,739.0,0.17834119200008486,131.0,608.0,5.721382343331791,0.8670715599991419,6928.923240952514,225.8,0.08431665421956684,45.38983050847459,21.732203389830506,8.319017833083818,59.0,45.1625,24.791666666666668,8.28657939852014,48.0,45.38983050847459,21.732203389830506,8.319017833083818,59.0,0.1465204193686502,-0.007416316925721644,-0.002586496664668913,-0.0013183624654775016,-0.0031355932203389787,-0.15627118644067928,-0.010052031956161797,14.014407774900592,11.0,198000.0,131.0,2428.033786058426,81.54746492281122,0.2699143886566162,1.3077187538146973,-240.52304077148438,0.04657245799899101,-240.56961059570312,0.01284702681005001,0.01284702681005001,0.0,-1.2131412029266357,0.9480989575386047,0.9906953573226929,-0.042596422135829926,0.042596422135829926,,0.26875466108322144,,0.2900525629520416,0.4160870318611463,0.29997922064561044,-0.00384258152844511,-0.15515081385771434,1.3441624313286424,0.034435699427618496,-239.42020263671876,3.7984597496552635,-0.09028335248800534,0.10226918918391069,0.25508286569543726,-0.006889803164759786,-239.52247111002603,3.8292885753056374,-0.08339347457461031,0.012504344557722409,0.00043935034289898836,4.894747683680993e-05,0.012504344557722409,0.00043935034289898836,4.894747683680993e-05,0.0,0.0,0.0,0.23814079066117605,1.3533525541126081,-0.03334294708074798,0.9641260147094727,0.05773241568034168,-0.0018477875080469643,1.0032183388868967,0.0581330784278319,-0.0015582456869861646,-0.03909231023862958,0.016192368633293666,-0.000289541470701158,0.03909231023862958,0.016192368633293666,0.000289541470701158,0.25469334224859874,0.01307896292076777,9.483536570700065e-05,0.2997661719719569,0.014850442039116533,-8.381226569315468e-05
24.65459034950645,1.0,1500.0,0.0,58.0,739.0,0.9276361413697908,685.0,54.0,5.618154961107571,1.9004955759017643,5014.333548314085,10.0,0.0036753895912966772,46.11525423728815,4.783050847457627,8.146560762446896,59.0,39.8,12.000000000000005,9.646951530561726,5.0,46.11525423728815,4.783050847457627,8.146560762446896,59.0,0.14674134799858102,-0.00522235649639352,-0.0051439945680518155,-0.00023513223112254473,-0.0007801238022555739,-0.07536674298312421,-0.008571658858944045,13.42474121728869,54.0,199500.0,132.0,2447.8812363147736,81.49905193127034,0.17790935933589935,-0.8513796925544739,-235.6944580078125,0.21469593048095703,-235.90914916992188,0.012082611210644245,0.012082611210644245,0.0,0.9980641603469849,1.0077515840530396,1.028618574142456,-0.02086685597896576,0.02086685597896576,,0.26837795972824097,,0.2990973889827728,0.361367925008138,0.40672912947952555,-0.0036180778260490954,-0.5145274649063746,1.425298407517369,0.0049109251069545164,-238.6075678507487,2.594730139801212,0.04214497567284139,-0.05146375671029091,0.27461328052232886,-0.0025369329616278234,-238.5561040242513,2.6127636359417172,0.044681919933833115,0.012797260594864687,0.0002660277295526762,-1.5302212521417514e-05,0.012797260594864687,0.0002660277295526762,-1.5302212521417514e-05,0.0,0.0,0.0,0.5911761512358983,1.4138770076645097,-0.004933042726474282,0.9352111081282298,0.06255751980763367,-0.000324695699074369,0.968243267138799,0.06290647443910656,-0.0005791477552377944,-0.03303215938309829,0.01119095936526719,0.00025445356368355635,0.03303215938309829,0.01119095936526719,-0.00025445356368355635,0.25148448199033735,0.014644019991903701,-0.00022517209655053595,0.29861943125724794,0.01591272548964353,-0.0006398767067142335
22.896024213646943,1.0,1500.0,0.0,57.0,739.0,0.9216252355847342,681.0,58.0,5.770961975240799,1.7123725853232523,4845.283675580206,14.4,0.00552655818237642,44.92413793103447,4.810344827586207,8.38112591392612,58.0,31.640000000000008,6.359999999999997,11.804613603350905,5.0,44.92413793103447,4.810344827586207,8.38112591392612,58.0,0.1495804878561828,-0.005572111729752689,-0.004822859003973843,-0.0003672352438434135,-0.0012858384013900925,-0.08590790616854718,-0.00865397624179329,13.564115731845211,53.0,201000.0,133.0,2467.4681317806244,81.46001863657315,17.341392517089844,2.3016443252563477,-242.63075256347656,0.11845794320106506,-242.74920654296875,0.011755750514566898,0.011755750514566898,0.0,-2.166400909423828,0.9587669372558594,1.0066592693328857,-0.04789236932992935,0.04789236932992935,,0.2649786174297333,,0.3215995728969574,0.831290694574515,3.069153007162059,0.10982121362768371,-0.19423079987366995,1.5668134750582594,0.0404093856342112,-243.26084747314454,4.452569925275543,-0.3015481305997474,-0.1618685188392798,0.3575666325860022,-0.00011230272399437516,-243.0989776611328,4.356317414314514,-0.3014357994342603,0.01163173612828056,0.0002182190873182469,1.3908657874161734e-05,0.01163173612828056,0.0002182190873182469,1.3908657874161734e-05,0.0,0.0,0.0,0.28988079180320103,1.556312534396659,-0.04032362725697584,0.8932421863079071,0.08637777677318201,-0.001251852459318801,0.9435744762420655,0.08027163057039231,-4.09465212710824e-05,-0.05033230135838191,0.018124020038192478,-0.0012109052551468962,0.05033230135838191,0.018124020038192478,0.0012109052551468962,0.24860553592443466,0.013442262858574626,0.00012935373820239417,0.29868164559205373,0.015161472151624611,0.00031030239730045006
-3.151336577630812,0.0,1500.0,0.0,34.0,739.0,0.5434091658399834,401.0,338.0,5.438726573600122,1.418961129441469,6321.1436491311615,108.60000000000001,0.039251120427931184,47.70344827586208,16.368965517241385,7.835845788706854,58.0,44.48888888888887,23.77777777777778,8.621305265544581,27.0,47.70344827586208,16.368965517241385,7.835845788706854,58.0,0.13384827473295235,-0.008070916780251203,-0.005327602985735628,-0.0010140249770654488,-0.003806970509383396,-0.16965147453082605,-0.009038366933082444,12.024005723362784,31.0,202500.0,134.0,2486.3719625473022,81.44396858165084,0.27234187722206116,-0.3756905794143677,-241.80247497558594,0.0039126090705394745,-241.80638122558594,0.011785621754825115,0.011785621754825115,0.0,0.4162982702255249,0.9389219284057617,0.9808810949325562,-0.04195913299918175,0.04195913299918175,,0.23769067227840424,,0.2858283221721649,0.5059322501222293,0.519670512875131,-0.015675698030114312,-0.45744837522506715,1.089291038306188,0.02943874480859593,-241.21629130045574,2.7639770043571894,0.12261379017050723,-0.033139993684987226,0.3194750142036897,0.0006459660218972691,-241.1831517537435,2.7405638045608938,0.12196801581292929,0.011491394912203154,0.00015519205009250064,-7.332805067600581e-07,0.011491394912203154,0.00015519205009250064,-7.332805067600581e-07,0.0,0.0,0.0,0.5570020824670792,1.0587783564998763,-0.029898845758268407,0.932269976536433,0.0726596652852344,0.0007297477812337046,0.9725276251633962,0.07149341186785924,0.00014943992998760224,-0.04025766073415677,0.011820270912804107,0.0005803096285286697,0.04025766073415677,0.011820270912804107,-0.0005803096285286697,0.2507683421174685,0.011569934709687634,-0.00022558096187133873,0.30157989958922066,0.01352841992588542,-0.00020742846675657215
25.260443997383117,1.0,1500.0,0.0,11.0,739.0,0.16469781882793977,121.0,618.0,5.854157092457476,0.933450059043599,7080.935259931701,229.4,0.08923986617910215,44.320689655172416,21.34137931034483,8.573412275321447,58.0,45.283333333333324,24.875,8.223770990950761,48.0,44.320689655172416,21.34137931034483,8.573412275321447,58.0,0.1826221092425211,-0.0070927327881151565,-0.0034681164495036832,-0.0016719430551858751,-0.004639737991266368,-0.09563318777292594,-0.014357542087923576,15.04542414304046,10.0,204000.0,135.0,2503.719083070755,81.47878944541917,0.16899803280830383,-3.003113269805908,-243.07937622070312,0.18482369184494019,-243.2642059326172,0.010884496383368969,0.010884496383368969,0.0,3.000499725341797,0.9747371077537537,1.0208876132965088,-0.046150512993335724,0.046150512993335724,,0.25442707538604736,,0.3121183216571808,0.3811859051386515,0.40285279456314743,-0.01480248751444071,-0.46932125588258106,1.2725180624891843,-0.027412663756541337,-241.4362823486328,2.736127849244937,-0.13256921481767628,-0.07951022982597351,0.29417044391939895,0.0012043383051211418,-241.35677235921224,2.7046029058331515,-0.13377376976479366,0.011327107747395834,0.00031642164428308413,-3.598927415584186e-05,0.011327107747395834,0.00031642164428308413,-3.598927415584186e-05,0.0,0.0,0.0,0.5273750399549803,1.2676476452736265,0.028510782898334305,0.9231947739919026,0.06708840249547844,-0.0002201994481155921,0.9622440735499064,0.06555216837443653,0.0002793515484377909,-0.039049303904175756,0.011187933378889348,-0.0004995501619889015,0.039049303904175756,0.011187933378889348,0.0004995501619889015,0.24714234371980032,0.01143161692551554,9.413907207025757e-05,0.2941240946451823,0.012870167278773274,0.0002094018711264031
23.45122557498039,1.0,1500.0,0.0,51.0,739.0,0.8223638464096056,607.0,132.0,5.610628823767286,1.5337723379422603,5474.498938219741,25.6,0.00954653937947494,46.23448275862068,7.324137931034483,8.147216172109209,58.0,44.654545454545456,19.472727272727276,8.755723714897972,11.0,46.23448275862068,7.324137931034483,8.147216172109209,58.0,0.1490610964815052,-0.005938603982717077,-0.004977070710386791,-0.0006875813272039366,-0.0009751858646326137,-0.08249493096456365,-0.009512036360842609,13.650487627333826,47.0,205500.0,136.0,2523.2744381427765,81.4417951902432,0.14629095792770386,0.4575660824775696,-239.2132110595703,-0.33677512407302856,-238.87643432617188,0.011710276827216148,0.011710276827216148,0.0,-0.25815731287002563,0.8785587549209595,0.9042726755142212,-0.02571393921971321,0.02571393921971321,,0.240730419754982,,0.3015294671058655,0.4637421856323878,0.5271664402045645,-0.012034642782571988,-0.40066366692384087,1.3827473737593103,-0.018316582863004624,-241.7626978556315,3.0407944227606456,0.06399199726584939,0.01718154437839985,0.31415053072117877,0.0017414641004051628,-241.77987925211588,3.025629669451529,0.06225060790744573,0.011209274580081304,0.0003590398383359584,4.086908164358484e-05,0.011209274580081304,0.0003590398383359584,4.086908164358484e-05,0.0,0.0,0.0,0.4820767720540365,1.3480193338753088,0.018996074414491904,0.9449875354766846,0.07107217319517768,0.0007055208600800321,0.9838688254356385,0.0699240798532409,0.00037822930247949496,-0.03888128337760766,0.012861722986227113,0.00032729134875224454,0.03888128337760766,0.012861722986227113,-0.00032729134875224454,0.24737082819143932,0.011161442626754104,-1.1759479265994799e-05,0.2977657546599706,0.013351081215970496,0.0003114601860322143
16.96048820741249,1.0,1500.0,0.0,35.0,739.0,0.5658081659534487,418.0,321.0,5.45635806656267,1.6047292639127255,6020.319459595317,72.60000000000001,0.026332970620239392,47.5344827586207,13.03793103448276,7.906594491703758,58.0,47.048,22.76,7.903397446409986,25.0,47.5344827586207,13.03793103448276,7.906594491703758,58.0,0.14114071602767225,-0.00664079347051833,-0.004902643169583714,-0.0008131826991212603,-0.0017362045760430647,-0.10078061911170816,-0.00963714124165464,13.216188893728992,33.0,207000.0,137.0,2542.345034837723,81.42089180008281,0.519474446773529,-0.28779706358909607,-236.8598175048828,0.2856929302215576,-237.1455078125,0.01256627682596445,0.01256627682596445,0.0,0.27349552512168884,1.0287343263626099,1.0452744960784912,-0.016540274024009705,0.016540274024009705,,0.27104413509368896,,0.33146896958351135,0.7615048602223397,1.5781784039738689,-0.027607448874776983,-0.6093653172254563,0.9740053770021184,0.016103992360054623,-239.60408833821614,3.3576076767222522,-0.02766624510088842,0.04505440791447957,0.23336949337996074,-0.009867484713422846,-239.6491444905599,3.3181025386220906,-0.017798734162083572,0.012234329401204983,0.00026279223890388124,2.831663289941281e-05,0.012234329401204983,0.00026279223890388124,2.831663289941281e-05,0.0,0.0,0.0,0.6827120433251063,0.9724859631850199,-0.018405930238783175,0.962140542268753,0.056372538446221095,-0.002237551350217003,0.990127311150233,0.05297005345242294,-0.0022263327085136676,-0.02798676739136378,0.01394534512004217,-1.121804167882141e-05,0.02798676739136378,0.01394534512004217,1.121804167882141e-05,0.24366810768842698,0.01500116717714454,0.0003370087092392104,0.2959862341483434,0.016030594591589356,0.0004329963905262222
16.260108242034914,1.0,1500.0,0.0,27.0,739.0,0.4250862518322765,314.0,425.0,5.806193974962839,1.4062354884394603,6328.004096571046,107.2,0.04134845329013346,44.69999999999999,15.220689655172414,8.547566746561053,58.0,42.987878787878785,22.218181818181815,8.799212508767779,33.0,44.69999999999999,15.220689655172414,8.547566746561053,58.0,0.14448418297735652,-0.0062434718867052895,-0.005568768236864098,-0.0006235629023521489,-0.004029769468143047,-0.10862225449264844,-0.009720283096335705,14.127888414861259,25.0,208500.0,138.0,2560.8522884845734,81.4182063282468,0.27171602845191956,-0.8682358860969543,-241.68533325195312,0.023506399244070053,-241.70884704589844,0.01239441242069006,0.01239441242069006,0.0,0.873162031173706,0.9515824317932129,0.9853538274765015,-0.033771418035030365,0.033771418035030365,,0.24798643589019775,,0.2916891574859619,1.5620669980843862,4.1177849526548975,0.09390527323567961,-0.7921383023262024,1.4305523902349329,-0.034128151713011645,-240.58816477457682,2.1448712038647533,-0.05724282609474268,0.07447970006614923,0.32881159145818206,-0.00993593847202976,-240.6626459757487,2.09880498810317,-0.04730683221699607,0.012712350705017646,0.0002477440074646811,-5.707368296099967e-06,0.012712350705017646,0.0002477440074646811,-5.707368296099967e-06,0.0,0.0,0.0,0.8719311530391375,1.4274837352110505,0.033264214201551644,0.9667407850424449,0.07612433755824968,-0.002407799639611685,0.997059824069341,0.0752280144592673,-0.0022739079292942617,-0.030319053245087466,0.008717372377812114,-0.0001338920496959436,0.030319053245087466,0.008717372377812114,0.0001338920496959436,0.24981120179096858,0.012700259412576364,-0.00019927228717040856,0.2982533623774846,0.01562921666410991,0.0004050670463065508
21.03779088645368,1.0,1500.0,0.0,40.0,739.0,0.6508580449420159,480.0,259.0,5.905184790859922,1.554601891545805,5616.680128452432,58.6,0.023406294935293177,43.92280701754386,11.03157894736842,8.632849595929137,57.0,43.589999999999996,21.699999999999996,8.724916762624625,20.0,43.92280701754386,11.03157894736842,8.632849595929137,57.0,0.1614375782316744,-0.00700404432551333,-0.005372381681520969,-0.0005278778169941626,-0.0017201241593378129,-0.10429384376616507,-0.010903556013090754,14.430953540290885,37.0,210000.0,139.0,2579.721720457077,81.4041291100158,0.1405419409275055,-1.142952799797058,-240.67149353027344,0.28075093030929565,-240.95223999023438,0.012005024589598179,0.012005024589598179,0.0,1.3035207986831665,1.0147981643676758,1.0434800386428833,-0.028681974858045578,0.028681974858045578,,0.23582744598388672,,0.2814429700374603,0.4636716311176618,0.6642095650782939,0.004901589305700525,-0.6568577220042546,1.1186892460774722,0.04891763431609543,-243.82269643147785,4.289836631680686,0.1991507524908367,0.029100575049718223,0.30148819406512506,0.01162069603154338,-243.85179799397787,4.202086602435198,0.18753010682986232,0.011995810270309448,0.00015935716739301893,-9.656189065488899e-06,0.011995810270309448,0.00015935716739301893,-9.656189065488899e-06,0.0,0.0,0.0,0.7204272150993347,1.1010196045421106,-0.047455463115047204,0.9448581834634145,0.07486193087912446,0.003463910432227825,0.9866125504175822,0.06813462581142048,0.0026139105785144934,-0.04175436183189352,0.01783041615245351,0.000849999309008791,0.04175436183189352,0.01783041615245351,-0.000849999309008791,0.24993179887533187,0.015834173401733057,-0.00027700340058302715,0.2977179944515228,0.01781932809447621,-0.0003274172511328921
23.213985803650647,1.0,1500.0,0.0,44.0,739.0,0.7126668566492795,526.0,213.0,5.766155560098274,1.6046769475660843,5525.879641585158,32.4,0.012420455416698612,44.975862068965505,9.344827586206897,8.498908479119908,58.0,43.5764705882353,20.058823529411764,8.907764233346692,17.0,44.975862068965505,9.344827586206897,8.498908479119908,58.0,0.15319707660966556,-0.00587011464581956,-0.004564980533344757,-0.0005640363836001633,-0.0005681818181818179,-0.09136363636363506,-0.009489565825123402,14.461943430107356,41.0,211500.0,140.0,2598.8360483646393,81.38258669033388,0.25996658205986023,-1.4156041145324707,-242.22555541992188,-0.04584081470966339,-242.17971801757812,0.012683751992881298,0.012683751992881298,0.0,1.5662918090820312,0.9376092553138733,0.9695037603378296,-0.03189459443092346,0.03189459443092346,,0.24162325263023376,,0.2981777787208557,1.2626168837149938,4.540912251495147,0.09065054986580327,-1.0822090600927672,1.2326211981811142,-0.0007243831609857053,-242.69730326334636,2.644606030117835,0.10946834509047065,-0.0007178177436192831,0.3373568557432697,0.007218098411703275,-242.69658610026042,2.5717800452697372,0.10225017407580382,0.012301505636423826,0.00034760533790271993,3.315126989554732e-05,0.012301505636423826,0.00034760533790271993,3.315126989554732e-05,0.0,0.0,0.0,1.1868568748235702,1.2385410392348142,0.0015747900467958092,0.9449222147464752,0.07900147740624203,0.0021328092417011247,0.9799080510934194,0.07650902987227913,0.001640920922806577,-0.03498584528764089,0.010960213428554634,0.0004918876509114833,0.03498584528764089,0.010960213428554634,-0.0004918876509114833,0.2533139601349831,0.014309990024438394,-0.00035634223491915157,0.3061774412790934,0.017799783790246607,-0.0003682379064888838
16.12007063627243,1.0,1500.0,0.0,5.0,739.0,0.07006105908988142,51.0,688.0,5.814889059414143,0.7649536257960458,7060.5632404086755,248.20000000000002,0.09580052493438321,44.66896551724138,23.53793103448276,8.379619316940998,58.0,45.01111111111112,24.777777777777768,8.288420341198607,54.0,44.66896551724138,23.53793103448276,8.379619316940998,58.0,0.1779325482989935,-0.00834882384864481,-0.003671455108390757,-0.0055726702428318545,-0.010403916768665833,-0.13317013463892258,-0.013091884206649649,15.369724381231403,4.0,213000.0,141.0,2615.515947818756,81.43708707937115,0.6483237743377686,-2.100860595703125,-243.91793823242188,-0.2965199947357178,-243.6214141845703,0.011909766122698784,0.011909766122698784,0.0,2.2917723655700684,0.8770900368690491,0.9130687117576599,-0.03597863018512726,0.03597863018512726,,0.26046937704086304,,0.3095454275608063,0.4472154229879379,0.5570259295605926,0.008633696873805937,-1.0296486228704453,1.2354733266834013,0.0161824457173353,-246.3468978881836,3.5250583013981287,-0.059603196123944976,-0.09117850239078204,0.3326455724585024,-0.004719279083248238,-246.2557169596354,3.5565952839439587,-0.05488398703637146,0.012390994963546594,0.00017396076294801783,-7.5847764102718006e-06,0.012390994963546594,0.00017396076294801783,-7.5847764102718006e-06,0.0,0.0,0.0,1.1042201727628709,1.2478300174580577,-0.01625183641048641,0.9114276965459188,0.075066285883504,-0.0012210165433279218,0.9593381424744923,0.0758060403277664,-0.001057107469794244,-0.047910449715952076,0.014781235696497745,-0.00016391012481972023,0.047910449715952076,0.014781235696497745,0.00016391012481972023,0.2539065604408582,0.01490932617117899,0.00020001481916004916,0.3040232270956039,0.01930738308590112,-5.484200823427092e-05
16.12787914276123,1.0,1500.0,0.0,26.0,739.0,0.4219881437792455,311.0,428.0,5.837489070052232,1.3175046783258733,6360.031194634499,93.2,0.03613243389935644,44.472413793103456,14.358620689655172,8.615848061316896,58.0,43.09411764705883,20.235294117647054,8.89555087895587,34.0,44.472413793103456,14.358620689655172,8.615848061316896,58.0,0.1513733533534098,-0.007698010116913007,-0.004963003326228426,-0.0005463881737874845,-0.0048899755501222684,-0.11585480534135775,-0.010372842590723182,14.56638091761576,24.0,214500.0,142.0,2633.8238129615784,81.44052724574902,0.28244978189468384,-2.0587918758392334,-245.5047607421875,0.18050259351730347,-245.6852569580078,0.012248300947248936,0.012248300947248936,0.0,2.079585552215576,0.9783468842506409,1.0210003852844238,-0.04265345633029938,0.04265345633029938,,0.27140069007873535,,0.3087430000305176,0.6749789615472158,0.60038984800582,0.022860463363044915,-0.9859654679894447,1.214962497610405,0.024068132739045903,-244.52338104248048,3.109842591387706,-0.0917695313857787,0.12118091235558191,0.3163228079514432,0.014519980982426678,-244.64456024169922,3.1412806833831226,-0.1062895574346832,0.011620007082819938,0.00027392755215232894,2.3273183022510473e-05,0.011620007082819938,0.00027392755215232894,2.3273183022510473e-05,0.0,0.0,0.0,1.078058763841788,1.210093408837286,-0.025540537109497042,0.9681017955144247,0.07064905642750215,0.0029072470606632847,1.0073540230592093,0.07122209828631752,0.0032860146348547862,-0.039252231766780214,0.012932079215206758,-0.0003787681286340294,0.039252231766780214,0.012932079215206758,0.0003787681286340294,0.25067362586657205,0.014954333295537112,2.3997506257282807e-05,0.30080011785030364,0.014623193732647019,-6.466765159760338e-05
23.34164675799283,1.0,1500.0,0.0,47.0,739.0,0.7634856559993141,564.0,175.0,5.794988295939346,1.6334326129887335,5413.576720830485,28.0,0.01078167115902965,44.77586206896551,8.658620689655173,8.522319317217098,58.0,42.9,20.628571428571426,9.006359644151242,14.0,44.77586206896551,8.658620689655173,8.522319317217098,58.0,0.15377694639068695,-0.006043215507010869,-0.00488093224737325,-0.0005408986660630083,-0.0011395101171458976,-0.09090521831735737,-0.00993849320592694,14.735139883501027,44.0,216000.0,143.0,2653.153985977173,81.41253811186006,0.19756457209587097,-0.17216157913208008,-246.25955200195312,0.11425799131393433,-246.37380981445312,0.012309884652495384,0.012309884652495384,0.0,0.29568588733673096,0.9624069333076477,1.0059832334518433,-0.04357625171542168,0.04357625171542168,,0.2753797769546509,,0.33684611320495605,0.3945738951365153,0.2940787737027219,0.00227389924385656,-0.7385136008262634,1.106095885922835,0.004803078007512435,-245.73370361328125,3.392128684731805,-0.12108545356384666,0.026007117827733357,0.2846061182781433,-0.010658480825360552,-245.75971120198568,3.4366977067094586,-0.1104269806349445,0.01264389967545867,0.00014872344203304238,-8.449461248945129e-06,0.01264389967545867,0.00014872344203304238,-8.449461248945129e-06,0.0,0.0,0.0,0.8276251723368963,1.1030113380018365,-0.004822264769186022,0.9440131723880768,0.0636796039827075,-0.0028279476489321003,0.9859737694263458,0.06517534788799503,-0.002433506519563765,-0.04196059502040347,0.014147493693092511,-0.00039443889150066435,0.04196059502040347,0.014147493693092511,0.00039443889150066435,0.25117818216482796,0.012863476523822127,0.000388054282832327,0.3024608314037323,0.017161686851814306,0.00041657121348566477
3.4524489571066463,1.0,1500.0,0.0,37.0,739.0,0.5905675009293149,436.0,303.0,5.460973343848723,1.421783089900186,5824.859392187237,67.0,0.024326483189310872,47.486206896551735,14.024137931034483,7.89524698284425,58.0,45.758333333333326,20.96666666666666,8.281388833034452,24.0,47.486206896551735,14.024137931034483,7.89524698284425,58.0,0.13932824823989687,-0.007134423164629304,-0.004415606497494284,-0.000717828743185408,-0.0007547652552129967,-0.158730970960722,-0.00938667982972215,13.065525611416373,34.0,217500.0,144.0,2672.1705207824707,81.39450619203417,0.1857970654964447,-2.6593265533447266,-249.27908325195312,0.3275318741798401,-249.6066131591797,0.012099256739020348,0.012099256739020348,0.0,2.7694003582000732,0.9991406798362732,1.0541905164718628,-0.05504978448152542,0.05504978448152542,,0.26013612747192383,,0.3148179352283478,3.1271238987644514,15.171348476624855,0.46691473464878314,-1.118149612347285,1.2163846547000732,0.018560471192615634,-246.63126220703126,3.0312223558096303,-0.04604361834329169,-0.02106665335595608,0.3901202939763565,0.014571579562311587,-246.61019592285157,3.0052421289503797,-0.06061515426210952,0.012193649200101693,0.00010318735611036736,-5.678167862940259e-06,0.012193649200101693,0.00010318735611036736,-5.678167862940259e-06,0.0,0.0,0.0,1.1868584543466567,1.2101506587957194,-0.017396666469245196,0.9316377917925517,0.08964054446091672,0.003119383425813333,0.9751969238122304,0.08856892845682944,0.0033062408312541664,-0.04355913673837979,0.012385572115532177,-0.000186857533070348,0.04355913673837979,0.012385572115532177,0.000186857533070348,0.2513516386349996,0.014647405150481855,-0.0003251341214036823,0.296686710913976,0.016905519275548734,-0.00019786197431095895
18.160740532658316,1.0,1500.0,0.0,48.0,739.0,0.7704536384640993,569.0,170.0,5.623780010979224,1.420906301320778,5460.298498173376,34.2,0.012781224306749384,46.1344827586207,10.10344827586207,8.223655952658042,58.0,45.08571428571429,23.285714285714285,8.64071703462605,14.0,46.1344827586207,10.10344827586207,8.223655952658042,58.0,0.1500459219498787,-0.00663932304034739,-0.0044518465448615,-0.0004793811464603022,-0.0009391124871001015,-0.10732714138286638,-0.009953256499910365,13.69984715365,44.0,219000.0,145.0,2691.4341983795166,81.36925663345495,0.3075374364852905,-0.012000083923339844,-242.97415161132812,0.28483670949935913,-243.2589874267578,0.011696157976984978,0.011696157976984978,0.0,0.18510925769805908,1.0171897411346436,1.0440287590026855,-0.02683909982442856,0.02683909982442856,,0.24483197927474976,,0.2964221239089966,0.3813245236873627,0.3487140248252964,0.01746366571001004,-1.2252184530099233,1.2675720112127387,-0.001958312500305482,-246.67935078938802,3.798797890839749,0.19288205156337515,0.02037195600569248,0.2962669029244582,0.005095653196960457,-246.69972178141276,3.7525774172038444,0.18778617612777898,0.01192325313265125,0.00014557100146096093,-1.3438885092934529e-05,0.01192325313265125,0.00014557100146096093,-1.3438885092934529e-05,0.0,0.0,0.0,1.3297045360008874,1.2745240705265581,0.004114101043134678,0.942557446161906,0.0705482081522913,0.001986672085304795,0.9845627466837565,0.0668826661483406,0.0011450192289171762,-0.04200529859711726,0.01579553870353965,0.0008416545491363115,0.04200529859711726,0.01579553870353965,-0.0008416545491363115,0.2539434040586154,0.014062534769068437,-0.00016054992747386348,0.30681075950463615,0.016405287375840023,-2.4630528801144603e-05
19.720713332847314,1.0,1500.0,0.0,58.0,739.0,0.9405380131796546,695.0,44.0,5.7907169516825725,1.7119942503708154,4978.910774718699,13.0,0.005000769349130635,44.82068965517242,5.196551724137932,8.448146616955205,58.0,23.550000000000004,0.0,13.01731487111922,4.0,44.82068965517242,5.196551724137932,8.448146616955205,58.0,0.14853803165785018,-0.00579769581392884,-0.004962066580900105,-0.0003023927933889987,-0.0002709568162574091,-0.10208298052497594,-0.009601207080827642,14.139235223884473,54.0,220500.0,146.0,2711.1160459518433,81.33181917064891,0.3428057134151459,-0.15439116954803467,-244.87149047851562,-0.4661329388618469,-244.40536499023438,0.012331005185842514,0.012331005185842514,0.0,0.22263085842132568,0.8442691564559937,0.8739548325538635,-0.02968571148812771,0.02968571148812771,,0.24732142686843872,,0.31005990505218506,0.45961686621109643,0.5456394898767903,-0.007094751227153979,-1.1743047706782819,1.0717145618019501,0.05173827072437671,-244.9976776123047,2.137466088822979,-0.020906238322521337,0.02156346427897612,0.42040653563431235,0.0019193258256681531,-245.0192413330078,2.122896605637708,-0.022825675175101423,0.012090671062469482,0.00012394908229760204,1.2172889109448061e-05,0.012090671062469482,0.00012394908229760204,1.2172889109448061e-05,0.0,0.0,0.0,1.2520698323845862,1.0832564841899601,-0.049671980281162646,0.9517209470272064,0.095069071169251,0.00040197678747375695,0.9848614553610484,0.09521084773441171,0.00043292635672613624,-0.033140503553052744,0.008742207109569007,-3.0950536833323475e-05,0.033140503553052744,0.008742207109569007,3.0950536833323475e-05,0.25228490283091864,0.014630977639028448,-0.0007275008551933935,0.30452080567677814,0.017022640903366946,-0.0009508505413874439
25.382854951752556,1.0,1500.0,0.0,39.0,739.0,0.6237043227968254,460.0,279.0,5.787149839668785,1.496684019010091,5982.41204441039,72.2,0.02776923076923077,44.82758620689658,11.351724137931036,8.448001169516532,58.0,45.218181818181826,22.936363636363634,8.287829320287555,22.0,44.82758620689658,11.351724137931036,8.448001169516532,58.0,0.15730950380292053,-0.006178183488537441,-0.004718766415142264,-0.000470600079199305,-0.0016558484567492345,-0.08149423764737042,-0.009827382072411886,14.27649679111332,36.0,222000.0,147.0,2729.91348361969,81.3212584692033,0.38827621936798096,-2.160770893096924,-244.34164428710938,0.20751997828483582,-244.54916381835938,0.011902982369065285,0.011902982369065285,0.0,2.2223260402679443,0.9984581470489502,1.02683424949646,-0.028376145288348198,0.028376145288348198,,0.22936508059501648,,0.28991103172302246,0.4887175843119621,0.5904686831698196,-0.00692400377040712,-1.221571356554826,1.1412603161075614,-0.038746285766727784,-248.88167724609374,2.9219572168384524,-0.041151457076869756,0.05440328667561213,0.2533599520064494,-0.004801066460147981,-248.9360804239909,2.9347450820398033,-0.03635041063963862,0.012238034140318632,0.00019187038154340073,-2.023865167337496e-05,0.012238034140318632,0.00019187038154340073,-2.023865167337496e-05,0.0,0.0,0.0,1.3039149125417073,1.1155604772933716,0.03746410008930123,0.9449876646200815,0.05758140680529661,-0.0011784449435182373,0.9923883020877838,0.05754502350971484,-0.001092783694007397,-0.04740066956728697,0.012064133696565634,-8.566094825543446e-05,0.04740066956728697,0.012064133696565634,8.566094825543446e-05,0.24898132731517156,0.014485895778236254,-0.0002595771307144372,0.29953224857648214,0.01584062139719317,-7.402912793356328e-05
13.089316844940186,1.0,1500.0,0.0,8.0,739.0,0.12382312986952984,91.0,648.0,5.725193249033124,0.7689068337170695,7156.445518175526,247.20000000000002,0.09239049185229481,45.34915254237288,23.572881355932207,8.3879212947707,59.0,45.84705882352941,26.15686274509804,8.179357597254363,51.0,45.34915254237288,23.572881355932207,8.3879212947707,59.0,0.16803953483190218,-0.007672126035443153,-0.0036699281123617044,-0.001927374394163455,-0.004389928986442861,-0.14667527437056235,-0.01277184892458042,14.844903503640811,8.0,223500.0,148.0,2747.1362857818604,81.35744890297273,0.30677294731140137,0.1940806806087494,-247.01840209960938,0.1202438622713089,-247.13864135742188,0.01145566813647747,0.01145566813647747,0.0,-0.06827488541603088,0.9697532057762146,1.0069035291671753,-0.037150368094444275,0.037150368094444275,,0.25342416763305664,,0.32002049684524536,0.7591012954711914,1.7094987151484287,-0.04705975464772077,-1.5083776732285819,1.163336137071232,0.028641962023810384,-247.6746576944987,2.813637361740268,0.15102524465661127,0.006603203465541204,0.35807613675643424,0.0007921808503891452,-247.68125966389974,2.888477291418172,0.15023305721092511,0.011704822101940711,0.00014933819689449634,-6.844614061617494e-06,0.011704822101940711,0.00014933819689449634,-6.844614061617494e-06,0.0,0.0,0.0,1.5961724191904068,1.1530673357492212,-0.0284909486571727,0.941163710753123,0.0782661012617504,0.0008632236646200169,0.9814684152603149,0.0805526611784632,0.00018070571547220074,-0.040304718818515536,0.012155832966323292,0.0006825167285868944,0.040304718818515536,0.012155832966323292,-0.0006825167285868944,0.2528376633922259,0.01231596455610459,0.00011814190561699531,0.3067887465159098,0.01711489546200554,0.00034482085267215843
50.38784599304199,1.0,1500.0,0.0,4.0,739.0,0.05433983965094992,40.0,699.0,5.910250332428856,0.7308563258113776,7011.941038731173,256.6,0.09901219323969748,43.92542372881356,24.4135593220339,8.821730529410576,59.0,46.11272727272728,26.18909090909091,8.077135995374594,55.0,43.92542372881356,24.4135593220339,8.821730529410576,59.0,0.7014123077487718,-0.02225278221344673,-0.0024634657728494045,0.0,-0.0013274336283185843,0.0,-0.09196268070953362,17.425410179066603,4.0,225000.0,149.0,2763.156542301178,81.42861128404193,0.23424583673477173,-1.6018054485321045,-249.80990600585938,0.03668506443500519,-249.84658813476562,0.012744881212711334,0.012744881212711334,0.0,1.6892517805099487,0.9420337677001953,0.9884089231491089,-0.046375155448913574,0.046375155448913574,,0.22563399374485016,,0.2899112403392792,1.830147743721803,4.375726040645903,-0.10180407532794332,-0.9825756142536799,1.1651300295773417,-0.014653895859988813,-247.48449198404947,2.3145789855334424,-0.10209100063437851,-0.06631863961617152,0.29450021173508745,-0.001548032010092222,-247.41817270914714,2.2703623959673425,-0.1005427953531199,0.012200658644239108,0.0005288311623819399,5.788898159717665e-05,0.012200658644239108,0.0005288311623819399,5.788898159717665e-05,0.0,0.0,0.0,1.0798164665699006,1.163506422040304,0.013856038302017369,0.9276442964871724,0.06796812378404288,-0.0007150098399670666,0.9649605453014374,0.06656714130957019,-0.0003649357428673037,-0.03731626079728206,0.009137479957589243,-0.0003500724863986143,0.03731626079728206,0.009137479957589243,0.0003500724863986143,0.24829515367746352,0.017080808566303375,-0.00012770152264363258,0.30605756044387816,0.019723179958774168,-0.0003361591640383374
7.177556909363846,1.0,1500.0,0.0,31.0,739.0,0.49261445821141653,364.0,375.0,5.523947991704877,1.339564588269187,6432.421439415727,128.20000000000002,0.046254870832732,46.976271186440684,15.715254237288136,8.096508773589598,59.0,44.62666666666668,23.273333333333333,8.574856061077169,30.0,46.976271186440684,15.715254237288136,8.096508773589598,59.0,0.13552794183558423,-0.006771152453278966,-0.004083208122863166,-0.0005259927148385385,-0.0011025029797377816,-0.13647199046483643,-0.008730315339028343,12.305806808325308,29.0,226500.0,150.0,2781.930690765381,81.41827571472818,0.3327382802963257,-1.764631748199463,-250.5397491455078,-0.38324296474456787,-250.15650939941406,0.013193083927035332,0.013193083927035332,0.0,1.8360387086868286,0.8457188606262207,0.8914511799812317,-0.0457322895526886,0.0457322895526886,,0.2578977346420288,,0.31806525588035583,4.011309180160364,13.285407438319357,-0.18263829824192526,-1.368181037902832,1.0953232825664583,-0.004815453894278831,-247.98536173502603,3.3444864437372623,-0.21719959840360145,-0.0028361568848292032,0.2823627023229762,-0.012835174684596145,-247.982524617513,3.2054139981689085,-0.20436425808406547,0.013257310011734564,0.00030911264709766257,2.2416641196034832e-05,0.013257310011734564,0.00030911264709766257,2.2416641196034832e-05,0.0,0.0,0.0,1.491276079416275,1.113558674643721,0.004176998576014625,0.941612199942271,0.07207564828810566,-0.003744093833431134,0.9793448487917582,0.06533869609058333,-0.002968789260830334,-0.03773266350229581,0.012859110608494354,-0.000775305136159741,0.03773266350229581,0.012859110608494354,0.000775305136159741,0.2544204736749331,0.015230871069476848,-0.00013171744359879498,0.30633349319299064,0.01733648387486522,0.0007015945980360525
12.964179420471192,1.0,1500.0,0.0,16.0,739.0,0.2466794314833875,182.0,557.0,5.879843450805333,1.1198375925542647,6712.27598256689,179.4,0.06890988707075363,44.12542372881355,19.4406779661017,8.607956355786769,59.0,43.199999999999996,23.79545454545454,8.70758199115805,44.0,44.12542372881355,19.4406779661017,8.607956355786769,59.0,0.14566928322174444,-0.006278563869658441,-0.0054500849638083725,-0.0010861369981566857,-0.002271332105586246,-0.12277470841006861,-0.008880792614602003,13.197091386539716,15.0,228000.0,151.0,2799.653319120407,81.43865472301866,0.2821351885795593,-0.5552115440368652,-253.05528259277344,0.029224172234535217,-253.08450317382812,0.012951425276696682,0.012951425276696682,0.0,0.5637322664260864,0.9309272766113281,0.9867233633995056,-0.055796168744564056,0.055796168744564056,,0.2504216432571411,,0.30481284856796265,0.3680641164382299,0.24595162908581786,0.002291210328909383,-1.1997560818990072,1.4287234027142055,-0.0032312716207196614,-250.52933553059896,3.8927596647667135,-0.05583888511105545,-0.11103943288326264,0.3214442046883236,0.01309793678685211,-250.41829681396484,3.797595720367629,-0.06893665962940065,0.01284826264406244,0.0001600554955236766,-4.736522836269213e-06,0.01284826264406244,0.0001600554955236766,-4.736522836269213e-06,0.0,0.0,0.0,1.3136168614029884,1.4232476217970673,0.005754660529077247,0.908621468146642,0.07947847745983778,0.002799693906930431,0.9544319172700246,0.0738641414620836,0.0030181078147039245,-0.04581046781192223,0.015482246212020167,-0.0002184150079565658,0.04581046781192223,0.015482246212020167,0.0002184150079565658,0.25054961889982225,0.008468829821006574,0.00010845421485030313,0.30110327700773876,0.011229795335334367,0.00011571581424674094
26.63470478618846,1.0,1500.0,0.0,55.0,739.0,0.891660897323886,658.0,81.0,5.949661169173002,1.766457139325213,4967.059443986642,11.8,0.004666613936565689,43.59655172413795,4.351724137931035,8.769803198393685,58.0,32.34285714285715,6.571428571428574,11.667848414425075,7.0,43.59655172413795,4.351724137931035,8.769803198393685,58.0,0.15532164884240532,-0.005779813037285739,-0.005009776701404012,-0.0002989685752007006,-0.0007107254938157642,-0.07620454125899827,-0.009872443225646154,14.431504095519577,51.0,229500.0,152.0,2819.2789194583893,81.40379386232887,0.3478359580039978,-4.0283355712890625,-249.21124267578125,-0.12845605611801147,-249.08279418945312,0.011917833238840103,0.011917833238840103,0.0,4.12628698348999,0.9134567975997925,0.9510014057159424,-0.037544555962085724,0.037544555962085724,,0.25668713450431824,,0.3061339557170868,1.6379071469108264,7.080885685476373,0.18480894345131282,-1.7530313263336816,1.2661554164018014,-0.03904211970006793,-249.36395416259765,3.029802897087447,0.019857048060134355,-0.10433921093742053,0.26914274637817553,0.006362032540581785,-249.25961608886718,3.029918970163373,0.013494920571471286,0.01242543173333009,0.00032704918595246143,-3.573829318511779e-05,0.01242543173333009,0.00032704918595246143,-3.573829318511779e-05,0.0,0.0,0.0,1.8454330454270045,1.2709724860143643,0.03691025528812302,0.9169849793116251,0.06225087949538871,0.0015783280233652322,0.956162824233373,0.061420959790825284,0.0014604711824317133,-0.039177840513487654,0.012422977452658045,0.00011785882043427505,0.039177840513487654,0.012422977452658045,-0.00011785882043427505,0.2538792312145233,0.011704358140190677,0.00014144723221774948,0.3101374526818593,0.01323006930083373,-5.484596640701188e-05
17.386582865859523,1.0,1500.0,0.0,36.0,739.0,0.5754619893322034,425.0,314.0,5.624974069878771,1.4127738565805332,6033.062961582679,83.4,0.03116591928251121,46.137931034482776,13.39310344827586,8.29107953418369,58.0,44.18399999999999,23.240000000000006,8.71803541061342,25.0,46.137931034482776,13.39310344827586,8.29107953418369,58.0,0.14318701613590248,-0.005808356418982001,-0.004341014689254607,-0.0005987028228741835,-0.0020271177339240116,-0.10514162974895822,-0.008651462653444327,13.635281678024317,33.0,231000.0,153.0,2838.144245862961,81.39121199943189,0.1434454321861267,-1.2928051948547363,-255.02720642089844,-0.385750949382782,-254.64144897460938,0.013465925119817257,0.013465925119817257,0.0,1.4209703207015991,0.8321273922920227,0.8904430270195007,-0.0583157017827034,0.0583157017827034,,0.23940972983837128,,0.2839581370353699,3.210422443350156,11.654478520554425,0.22194843410915205,-1.3144384562969207,1.1124940123961835,0.03334382812226313,-251.6236104329427,3.117554721211821,-0.10740639556103632,0.05626864780982335,0.263675349858487,-0.0063760692189479655,-251.67987823486328,3.0571396935749697,-0.10103032299886128,0.012879179697483778,0.0005650842091908431,6.379731666624051e-05,0.012879179697483778,0.0005650842091908431,6.379731666624051e-05,0.0,0.0,0.0,1.4216137399276099,1.1002787399509426,-0.02954136425581607,0.9456611255804698,0.06381732300577761,-0.0018126314420986592,0.9928249259789784,0.060418592885334806,-0.0014640550194380969,-0.047163780530293783,0.012333201422532865,-0.00034857742049139727,0.047163780530293783,0.012333201422532865,0.00034857742049139727,0.2512211725115776,0.011013437325891981,0.00019537001284661377,0.30572720766067507,0.013803872421867286,-6.688233875194924e-05
15.71403980255127,1.0,1500.0,0.0,21.0,739.0,0.33033184509348595,244.0,495.0,5.645859526443801,1.3541837990528647,6665.085832420331,176.4,0.06611198560827525,46.003448275862084,18.50344827586207,8.184591866682029,58.0,44.53333333333334,24.4,8.477106529851502,39.0,46.003448275862084,18.50344827586207,8.184591866682029,58.0,0.13811682407502696,-0.005125994674684004,-0.00505108475720243,-0.0008658305643930369,-0.002434625788999093,-0.10964833183047898,-0.007361772119945563,13.932827022147508,19.0,232500.0,154.0,2856.172674179077,81.40264140956579,0.43126633763313293,-0.2693502902984619,-251.14190673828125,-0.32488805055618286,-250.8170166015625,0.01344701461493969,0.01344701461493969,0.0,0.3014897108078003,0.8637653589248657,0.9046018719673157,-0.04083644598722458,0.04083644598722458,,0.2518027424812317,,0.31318163871765137,0.45561011085907616,0.40150532437464065,0.005182318450744204,-1.5475758532683055,1.5339546625622702,-0.014594350441942187,-250.65149993896483,2.2523911157320793,-0.012052606873297025,-0.06875476452211539,0.314459198663322,5.2230846596772097e-05,-250.5827443440755,2.271234148736018,-0.012104860163634344,0.013239446251342693,0.00019039460480210375,9.719510505740118e-06,0.013239446251342693,0.00019039460480210375,9.719510505740118e-06,0.0,0.0,0.0,1.6342606703440348,1.5368183047698911,0.014003341190011365,0.9233062426249187,0.07202007621310462,1.9079957310666185e-05,0.9640995562076569,0.07262517431602632,5.664509846429048e-06,-0.04079331215471029,0.00924431098095989,1.3417854606775567e-05,0.04079331215471029,0.00924431098095989,-1.3417854606775567e-05,0.2498068595925967,0.014104433238866163,-9.67931528643117e-05,0.3010121842225393,0.01451156645981429,-0.0004936497654347376
9.787353134155273,1.0,1500.0,0.0,11.0,739.0,0.17484809380916969,129.0,610.0,5.6439544213895,0.9356106665603615,6781.454526782627,230.0,0.08622628777086301,45.989655172413805,22.475862068965508,8.117048102003315,58.0,45.73333333333333,25.47083333333332,8.168487527204954,48.0,45.989655172413805,22.475862068965508,8.117048102003315,58.0,0.14732954233569048,-0.006025457790237425,-0.004916431214917049,-0.0005657501259606299,-0.003371278458844128,-0.14185639229422173,-0.008607923277316524,13.90168060020926,10.0,234000.0,155.0,2873.6342368125916,81.42998750583882,1.5060505867004395,-1.9023475646972656,-247.81100463867188,-0.15911544859409332,-247.65188598632812,0.013298111967742443,0.013298111967742443,0.0,1.9657611846923828,0.9170829057693481,0.943168044090271,-0.02608501724898815,0.02608501724898815,,0.24585813283920288,,0.3170597553253174,0.9121435378988584,2.4892386521633303,-0.08429229981177928,-1.8940741856892904,1.0763676912614426,-0.04558570058778074,-252.8990269978841,3.468011247208797,0.04497626689703331,-0.018744536737600962,0.24172927703760955,-0.0027785353486874755,-252.88028157552083,3.412864171880706,0.047754707378864406,0.013424831597755352,0.00013781277079871575,1.6828219885949578e-06,0.013424831597755352,0.00013781277079871575,1.6828219885949578e-06,0.0,0.0,0.0,2.0046144485473634,1.0669542887661974,0.0452733148324476,0.9274119853973388,0.06030002412162814,-0.0003887391859485406,0.9756590187549591,0.05606868032700793,-0.0006466403156021815,-0.04824703646202882,0.013953670211871959,0.00025790255181118476,0.04824703646202882,0.013953670211871959,-0.00025790255181118476,0.25441964715719223,0.0155873256174611,-0.0004794444702358518,0.3047497014204661,0.013627101324600146,0.00010544123983753984
19.589518659255084,1.0,1500.0,0.0,18.0,739.0,0.286782544812682,211.0,528.0,5.829976678405195,1.1177547754493657,6405.707676516783,174.0,0.06734267358154655,44.54827586206897,18.772413793103446,8.53235655725133,58.0,44.6829268292683,24.18048780487805,8.356102951075984,41.0,44.54827586206897,18.772413793103446,8.53235655725133,58.0,0.15916833355529902,-0.006317450342745739,-0.004635641158545077,-0.0011337570653284852,-0.0017089148390771844,-0.11096553688407958,-0.010942124086432957,14.743325354464435,17.0,235500.0,156.0,2891.4424090385437,81.44723867362379,0.6229917407035828,-0.03141188621520996,-254.03131103515625,0.09532082080841064,-254.1266326904297,0.013092923909425735,0.013092923909425735,0.0,0.19171106815338135,0.9515048265457153,1.0019856691360474,-0.050480812788009644,0.050480812788009644,,0.25051310658454895,,0.2833036184310913,0.4543016334374746,0.2868564009210434,0.007295874918130391,-1.864332335193952,1.176822574217587,-0.007773621547739247,-251.3421432495117,2.172822783312247,0.018683720165423145,-0.04063976916174094,0.26563795313951866,-0.003698466629519216,-251.30150451660157,2.2094910700457513,0.022382175670452732,0.013066382985562086,0.00020314687141951613,9.131152907984825e-06,0.013066382985562086,0.00020314687141951613,9.131152907984825e-06,0.0,0.0,0.0,1.9518022000789643,1.1757391032261248,0.010863625685020308,0.9306718329588572,0.060024076772401035,-0.0007054680977037518,0.970609168211619,0.06119897750343128,-0.0008591661729059519,-0.03993733872969945,0.009032208179874303,0.0001536992387856479,0.03993733872969945,0.009032208179874303,-0.0001536992387856479,0.2601157486438751,0.01387392744121598,0.00023568143966597852,0.31125393708546956,0.014906763870825651,7.925642212982425e-05
23.966095645472688,1.0,1500.0,0.0,57.0,739.0,0.9222183207461487,681.0,58.0,5.755695326138548,1.7529982464348146,4945.014716148292,11.0,0.004209398438695852,45.0551724137931,4.50344827586207,8.44828791905002,58.0,31.680000000000007,7.959999999999996,11.888865719034643,5.0,45.0551724137931,4.50344827586207,8.44828791905002,58.0,0.14909855573495398,-0.005358432925961259,-0.004900624580870709,-0.0002690801670234923,-0.0053242143537356595,-0.07666868669379134,-0.009047800025428578,13.607307458555807,53.0,237000.0,157.0,2911.153489112854,81.41102861334305,0.23976820707321167,-1.4135760068893433,-250.1663818359375,0.5470626354217529,-250.71343994140625,0.011905468069016933,0.011905468069016933,0.0,1.4515941143035889,1.0686955451965332,1.103466272354126,-0.03477076068520546,0.03477076068520546,,0.2739800214767456,,0.32556071877479553,0.5041882251699765,0.5747787031248555,-0.03182354616177364,-1.647640370329221,1.204448310251601,0.028084543264482426,-253.80557403564453,3.1615954046355785,0.09472565613811834,-0.13705367023746173,0.2699632532223191,0.013106209555178785,-253.66852111816405,3.148542633821069,0.0816195240805804,0.012192932392160098,0.000424961041257945,-4.48835709104286e-05,0.012192932392160098,0.000424961041257945,-4.48835709104286e-05,0.0,0.0,0.0,1.747497030099233,1.2072365099423148,-0.02931463734326564,0.9010683933893839,0.06285499906108954,0.0033960630684195772,0.9487108429272969,0.06125582802412735,0.003002546440905256,-0.04764245171099901,0.012888326352667023,0.0003935160975202979,0.04764245171099901,0.012888326352667023,-0.0003935160975202979,0.25638956675926844,0.014376584355630379,-0.0003944303322421904,0.3089698870976766,0.014941821787733196,-0.0004634466664544504
16.425676276948717,1.0,1500.0,0.0,48.0,739.0,0.7789469729621701,575.0,164.0,5.621220604913821,1.6001221049349292,5385.257382970544,22.400000000000002,0.008365700627427548,46.1655172413793,8.031034482758622,8.179093430902096,58.0,43.876923076923084,14.969230769230771,8.815709665809141,13.0,46.1655172413793,8.031034482758622,8.179093430902096,58.0,0.1469914426544981,-0.007094307446194731,-0.004982211925748029,-0.0005007780923783012,-0.0030700868511412,-0.10955362553019315,-0.009773280204724658,13.78136885104988,45.0,238500.0,158.0,2930.6516423225403,81.38121793656404,1.423952579498291,-0.47800910472869873,-248.78860473632812,0.2667653262615204,-249.0553741455078,0.011542240157723427,0.011542240157723427,0.0,0.6703161001205444,1.0135769844055176,1.0397865772247314,-0.026209641247987747,0.026209641247987747,,0.28060823678970337,,0.34232717752456665,4.727052849034468,16.355955581078657,-0.22411472212950045,-1.9532016237576804,1.2600990907471563,0.003278655602749046,-253.57071685791016,3.591847863864689,-0.14780601017731748,-0.02736869379878044,0.39706473336261455,-0.0020896904676058732,-253.54334818522136,3.5965907621998285,-0.14571639793998128,0.011790605758627256,0.00017683932190038282,-1.7524087952825145e-05,0.011790605758627256,0.00017683932190038282,-1.7524087952825145e-05,0.0,0.0,0.0,2.052178747455279,1.224526975531497,-0.0021857766275013815,0.9285513520240783,0.08951351211551357,-0.0010007274031506848,0.9738011638323466,0.08936892670202604,-0.00047414273653469417,-0.04524983335286379,0.014360614370917076,-0.0005265846902357448,0.04524983335286379,0.014360614370917076,0.0005265846902357448,0.2547654718160629,0.016694854117893024,0.00045636927458282103,0.3052684336900711,0.018226566313133775,0.0003980445583351926
-2.6151728481054306,0.0,1500.0,0.0,34.0,739.0,0.5491399286909395,405.0,334.0,5.446252328677541,1.2996626413179202,5980.293221601928,63.800000000000004,0.023074141048824593,47.672413793103445,15.341379310344827,7.829292774628457,58.0,45.06153846153847,21.45384615384615,8.337490349925577,26.0,47.672413793103445,15.341379310344827,7.829292774628457,58.0,0.13492901501678173,-0.007874039979049922,-0.003943865699679675,-0.0006238156145836944,-0.0018172100481026146,-0.17744521646177963,-0.008582810539221166,12.670416901010446,32.0,240000.0,159.0,2949.6569929122925,81.3653928496412,0.25669384002685547,-0.11785900592803955,-253.32464599609375,0.28899523615837097,-253.6136474609375,0.012256947346031666,0.012256947346031666,0.0,0.20054274797439575,1.0029053688049316,1.045656681060791,-0.04275134578347206,0.04275134578347206,,0.2411179393529892,,0.2976229190826416,0.36514360706011456,0.28241943958919086,-0.00841485634529022,-1.8481815000375112,1.3914027873571193,-0.010602526524175673,-252.6205607096354,2.759563409153133,-0.002551018329820873,0.1055339756111304,0.30652640903543454,-0.0032554749403567373,-252.7260945638021,2.747864184267477,0.0007043484188185815,0.011989283965279658,0.00016707805829696768,1.1151450767996906e-05,0.011989283965279658,0.00016707805829696768,1.1151450767996906e-05,0.0,0.0,0.0,1.9528747856616975,1.3954209283788515,0.011564788497462297,0.9637312948703766,0.06987249276457441,-0.0006656322516376897,1.0038060744603474,0.06923496452423827,-0.0007307878458195153,-0.04007478294273217,0.011106057419721574,6.515534306659882e-05,0.04007478294273217,0.011106057419721574,-6.515534306659882e-05,0.25452024340629575,0.013273194965329367,0.0001699645407870808,0.3026041587193807,0.015148666828058863,0.0005199300566557552
9.767224581153304,1.0,1500.0,0.0,29.0,739.0,0.4717486455315734,348.0,391.0,5.613278934589458,1.4211772051026799,6378.020794430393,126.80000000000001,0.04727110050700865,46.24827586206896,16.513793103448275,8.113151280893089,58.0,45.57419354838709,24.283870967741937,8.215228141318729,31.0,46.24827586206896,16.513793103448275,8.113151280893089,58.0,0.1465630929184093,-0.0071465227169566995,-0.00590975675128057,-0.0008371857381704825,-0.002926991518376847,-0.13637119574255574,-0.009207912169871378,13.29406465355605,27.0,241500.0,160.0,2968.1831958293915,81.36290251199212,0.46626216173171997,-1.2367403507232666,-254.04148864746094,-0.35496431589126587,-253.6865234375,0.011986017227172852,0.011986017227172852,0.0,1.5194389820098877,0.8585909605026245,0.8997610807418823,-0.04117012023925781,0.04117012023925781,,0.24109157919883728,,0.3017579913139343,1.167029795050621,3.016744526371112,-0.0033508180710047036,-1.8411210576693218,1.1553778199127946,-0.012648771840817925,-253.1711410522461,2.547008827601468,-0.06054087671739887,-0.011897336939970653,0.3441678666816133,-0.0038125321716567457,-253.15924326578775,2.506817401137967,-0.05672847421070722,0.012111106142401695,0.00010376695050693188,-8.656357200578286e-06,0.012111106142401695,0.00010376695050693188,-8.656357200578286e-06,0.0,0.0,0.0,1.9319161146879196,1.162004124199843,0.013926795227774241,0.9373420437177022,0.07905951343731368,-0.0010257231645510023,0.977293594678243,0.0779797573864208,-0.0008595752503901149,-0.03995154835283756,0.010007567452184889,-0.00016614856391117418,0.03995154835283756,0.010007567452184889,0.00016614856391117418,0.2579688568909963,0.01463662879808574,-9.566112540588216e-05,0.3062491238117218,0.014259987413425667,-9.974094068381253e-05
4.380465371268136,1.0,1500.0,0.0,7.0,739.0,0.11454602691318787,84.0,655.0,5.829868630557178,0.842278457132186,6875.239081864979,252.8,0.0978555392118913,44.54137931034484,23.58275862068965,8.380444450542953,58.0,45.635294117647064,25.525490196078437,8.101149790872237,51.0,44.54137931034484,23.58275862068965,8.380444450542953,58.0,0.20464554624896,-0.00859259551954297,-0.0072340296234806875,-0.001395960006680912,-0.0004306632213608958,-0.22739018087855434,-0.014467074502754454,13.480210475649695,7.0,243000.0,161.0,2985.147137403488,81.40302263672132,0.3578397035598755,-1.8384894132614136,-253.45826721191406,-0.193893700838089,-253.26437377929688,0.013203052803874016,0.013203052803874016,0.0,2.0105042457580566,0.8975831866264343,0.9351919293403625,-0.0376087985932827,0.0376087985932827,,0.2799510359764099,,0.35889384150505066,0.5140309780836105,0.5472863157230728,-0.025759607009813466,-1.6850834449132284,1.2546977419077927,-0.057492829376916604,-252.86868286132812,2.399329270210976,-0.0647622589009425,0.08805427849292755,0.3397684386550787,0.006512298218665586,-252.95673828125,2.4999196503450194,-0.07127468291590901,0.01242241042976578,0.00044250659748270693,4.505119136264211e-05,0.01242241042976578,0.00044250659748270693,4.505119136264211e-05,0.0,0.0,0.0,1.7802765647570291,1.2418596235446462,0.0563321988760298,0.962827346722285,0.07437769969069621,0.001270081641544065,1.0000984847545624,0.07730125894227896,0.001494702839347468,-0.03727113834271829,0.009935293664196772,-0.00022462089323294667,0.03727113834271829,0.009935293664196772,0.00022462089323294667,0.2559584304690361,0.013416559350698671,0.00032894633569494324,0.30326237082481383,0.019009836432433178,0.0008859718734350732
19.073920922809176,1.0,1500.0,0.0,48.0,739.0,0.7759770018054415,573.0,166.0,5.59347655306595,1.5401932475459341,5394.839682315888,20.400000000000002,0.007589285714285714,46.34482758620691,8.327586206896552,8.096397457750637,58.0,45.81538461538461,17.523076923076925,8.03030057049938,13.0,46.34482758620691,8.327586206896552,8.096397457750637,58.0,0.14815612378001766,-0.005593370542692234,-0.003557616174389616,-0.000506833169196831,-0.001284534611071462,-0.10406769293505722,-0.009077041856756486,13.8274065706798,45.0,244500.0,162.0,3004.5881814956665,81.37554474380224,0.2024904042482376,-2.8618197441101074,-253.02354431152344,-0.13888031244277954,-252.88465881347656,0.013937053270637989,0.013937053270637989,0.0,3.081386089324951,0.9132778644561768,0.9474999308586121,-0.03422211855649948,0.03422211855649948,,0.2700319290161133,,0.3209230601787567,0.39415230552355446,0.3651676358851507,0.00529866102540055,-2.235531791051229,1.1787655038212237,0.002414892724942079,-254.48922068277994,2.878077112727592,-0.12389673353964888,-0.06518554190794627,0.27040469254119387,0.0018800260559205118,-254.42403615315754,2.8301297418732707,-0.12577674534746694,0.013476367356876533,0.00021753207481089827,2.3466209415864077e-05,0.013476367356876533,0.00021753207481089827,2.3466209415864077e-05,0.0,0.0,0.0,2.3322266081968945,1.1926491444300293,-0.0006080696261897365,0.923561054468155,0.06520556519102963,-1.3711680559774334e-05,0.9648579796155293,0.06273912704633404,0.00042889439091664853,-0.041296920056144396,0.011162564931378589,-0.00044260612037343584,0.041296920056144396,0.011162564931378589,0.00044260612037343584,0.25655919561783475,0.012366900443156569,7.924707699670348e-05,0.30921088755130766,0.013300538905195681,-0.00018910633045787407
19.389290060315812,1.0,1500.0,0.0,8.0,739.0,0.11573625151157965,85.0,654.0,5.848786790057832,0.955437930849792,7111.232676646825,241.20000000000002,0.09371357525837283,44.37586206896552,22.913793103448278,8.48581731600694,58.0,45.22745098039216,25.274509803921568,8.296276761877646,51.0,44.37586206896552,22.913793103448278,8.48581731600694,58.0,0.19506485609503688,-0.007646264585691532,-0.004244276477511475,-0.004249279194019893,-0.0008914100486223661,-0.12965964343598063,-0.012700912297100657,13.100637914117955,7.0,246000.0,163.0,3021.606691837311,81.41364018836543,2.2188432216644287,-2.558030843734741,-251.0687713623047,-0.6562461853027344,-250.4125213623047,0.01425749622285366,0.01425749622285366,0.0,2.658008098602295,0.8031259775161743,0.8255997896194458,-0.022473789751529694,0.022473789751529694,,0.29542720317840576,,0.3435526192188263,0.40434571852286655,0.3637872601558624,0.009470990479191362,-2.068435557683309,1.2390967902198322,-0.004972093919493033,-256.1641240437826,3.6327908267774487,-0.07199439196219966,-0.009725750237703324,0.30470884963147066,0.0052183189451097765,-256.1543991088867,3.7127731507482076,-0.07721265340938083,0.013862066219250362,0.0001942283130619782,8.73261915563314e-06,0.013862066219250362,0.0001942283130619782,8.73261915563314e-06,0.0,0.0,0.0,2.170375676949819,1.2459812403656796,0.0008675720057842221,0.9314029415448507,0.06837250893039457,0.0009724844284396751,0.9777670105298361,0.07129549047633468,0.0012194811701111313,-0.046364056939880056,0.014784398713539803,-0.0002469965137615876,0.046364056939880056,0.014784398713539803,0.0002469965137615876,0.25752299328645073,0.01660270686064238,0.0008909057854810395,0.31007117132345835,0.018093854195702086,0.0009641662124001487
17.43003476107562,1.0,1500.0,0.0,29.0,739.0,0.46641353432230714,344.0,395.0,5.621759884830258,1.3625203607493834,6087.984387772547,90.2,0.03366927958193356,46.1896551724138,15.475862068965514,8.213290594270086,58.0,46.70322580645162,23.729032258064514,8.002001090355177,31.0,46.1896551724138,15.475862068965514,8.213290594270086,58.0,0.1520171713738349,-0.006018465235788921,-0.004256473928273716,-0.0006493910261201759,-0.002258231339424232,-0.111704878469229,-0.009451379150243145,13.631808012307586,27.0,247500.0,164.0,3040.245089530945,81.40791045178032,0.14878523349761963,-0.763494610786438,-252.2160186767578,0.07497858256101608,-252.29100036621094,0.015444664284586906,0.015444664284586906,0.0,0.8552994728088379,0.9698087573051453,0.9979786276817322,-0.02816988155245781,0.02816988155245781,,0.23234902322292328,,0.2928444445133209,0.3642993892232577,0.29706631640837655,-0.003652482624844273,-1.791154498855273,1.2592827365670156,-0.026628271643656626,-254.36383616129558,2.991817376681283,0.07449318076400867,-0.006838935116926829,0.33099310433723966,-0.0054607938573145625,-254.35699869791668,2.9495294320358747,0.07995388213466804,0.014836974597225586,0.00033623479799123107,3.6569789375227186e-05,0.014836974597225586,0.00033623479799123107,3.6569789375227186e-05,0.0,0.0,0.0,1.8884093552827834,1.2670873782597374,0.0280446248470875,0.9409609913825989,0.08027081256823992,-0.0009296646903168722,0.9782738228638966,0.07859593758361318,-0.0013107070800857804,-0.0373128280043602,0.011932066598731354,0.00038104191240134695,0.0373128280043602,0.011932066598731354,-0.00038104191240134695,0.25685227165619534,0.012746947540165504,-0.00011603164924796457,0.30737651586532594,0.012527953234214755,0.00027279694698278316
19.654558777809143,1.0,1500.0,0.0,43.0,739.0,0.6946171415815685,513.0,226.0,5.566547116831316,1.5879557918583214,5738.164951015191,46.6,0.01722990460696591,46.63103448275864,10.444827586206895,8.073743606226417,58.0,44.48888888888889,21.81111111111111,8.484171455843795,18.0,46.63103448275864,10.444827586206895,8.073743606226417,58.0,0.14354368264259998,-0.005150440740379243,-0.0040397651422386695,-0.00044085153485806867,-0.0023297291271876077,-0.09506186601270603,-0.008118983229599473,13.284689613297497,40.0,249000.0,165.0,3059.41859459877,81.38801288571474,0.5118683576583862,-1.008453369140625,-254.79515075683594,-0.07835398614406586,-254.716796875,0.014345706440508366,0.014345706440508366,0.0,1.1489453315734863,0.9255237579345703,0.9615386128425598,-0.036014851182699203,0.036014851182699203,,0.2647057771682739,,0.3088519871234894,0.5508048295974731,0.5016258340872138,0.006061937055810532,-1.928737151126067,1.2622754361107693,-0.007422862517687821,-254.5198491414388,3.047285425099691,0.0129987604228269,-0.05215214546769857,0.3193077676368762,0.00441103214491262,-254.4676971435547,2.995259927937242,0.008587789058160976,0.015039725011835496,0.00029453445455343265,-3.129101489920258e-05,0.015039725011835496,0.00029453445455343265,-3.129101489920258e-05,0.0,0.0,0.0,2.0307504827777545,1.2210980358208656,0.009032350655922726,0.9316503465175628,0.07841155105346198,0.001161191049751874,0.9675639132658641,0.07609867086705925,0.0010653152746936453,-0.03591354632129272,0.011981039672612232,9.587585752015684e-05,0.03591354632129272,0.011981039672612232,-9.587585752015684e-05,0.2586553439497948,0.012984494349801505,0.00042423528015149035,0.3075604736804962,0.014410003815555395,0.0004367688076116825
9.67360888587104,1.0,1500.0,0.0,10.0,739.0,0.15408888940940135,113.0,626.0,5.813388497003665,1.0000646996459819,7046.35547047147,191.20000000000002,0.07375405030087949,44.69655172413794,21.84827586206897,8.414382822913257,58.0,44.76326530612244,24.43673469387756,8.38513495772934,49.0,44.69655172413794,21.84827586206897,8.414382822913257,58.0,0.1591268876776457,-0.00661223132269386,-0.005564472248550628,-0.0009863959967570718,-0.0015271195365982103,-0.1470247498683527,-0.009572079941832737,12.239403243416232,9.0,250500.0,166.0,3076.8080611228943,81.41554332400538,1.1285247802734375,-1.1997685432434082,-249.88568115234375,0.3912564516067505,-250.2769317626953,0.014954657293856144,0.014954657293856144,0.0,1.2320740222930908,1.0565896034240723,1.0730962753295898,-0.016506623476743698,0.016506623476743698,,0.2516539692878723,,0.30617284774780273,0.7423812727133433,0.6756388828148754,-0.022239032265076543,-2.1961661954720815,1.360297613847926,-0.01715907988214121,-254.11109161376953,3.3293695448992917,0.1963943532364622,-0.03498948439955711,0.3019884270354618,0.010897534603337962,-254.07610219319662,3.2561305328402557,0.18549666526718595,0.014439085902025302,0.00027605602059838807,2.4196089300284235e-05,0.014439085902025302,0.00027605602059838807,2.4196089300284235e-05,0.0,0.0,0.0,2.288875018556913,1.352925954573109,0.0171702022746089,0.9392905096213023,0.0751533594166371,0.003368713818614787,0.9718059500058492,0.07128347233266404,0.0025687334667455946,-0.03251543650403619,0.013243910942094764,0.0007999840077505908,0.03251543650403619,0.013243910942094764,-0.0007999840077505908,0.2610589787364006,0.015661742014979173,0.0005185144264520344,0.31108436584472654,0.01732883031825134,0.00021585617235159638
16.80021211680244,1.0,1500.0,0.0,18.0,739.0,0.2932021208919415,216.0,523.0,5.816239578888359,1.233817842861782,6579.445986411629,186.60000000000002,0.07209086694483079,44.62758620689655,18.627586206896556,8.48161274732349,58.0,43.46829268292682,23.94146341463415,8.673801072663228,41.0,44.62758620689655,18.627586206896556,8.48161274732349,58.0,0.14303062428967064,-0.005875960946507419,-0.004754183470198022,-0.001084526222788068,-0.002260778128286011,-0.10389064143007451,-0.008565726263380778,13.085985153459587,17.0,252000.0,167.0,3094.8688173294067,81.42509905070979,0.25881227850914,-3.104043960571289,-259.62945556640625,-0.3065459728240967,-259.3229064941406,0.014666602946817875,0.014666602946817875,0.0,3.1608428955078125,0.8567492961883545,0.9073954224586487,-0.05064615607261658,0.05064615607261658,,0.24042195081710815,,0.2997896373271942,0.8781627620259921,2.0246625740008977,-0.08504026157903737,-2.2099843939145405,1.604461949404687,-0.03289010214460839,-256.5923599243164,2.8418881024915055,-0.17865055750420988,-0.0698183702925841,0.21964560453484672,0.004073699713747814,-256.5225433349609,2.9035986165739422,-0.18272431472251255,0.014559273763249317,0.00031446216333230243,-1.5822038659463887e-05,0.014559273763249317,0.00031446216333230243,-1.5822038659463887e-05,0.0,0.0,0.0,2.3123020907243093,1.5857369592883284,0.03246797845679208,0.9230804999669393,0.049529714777576755,0.00030017275698854474,0.9634910742441813,0.05190802867747571,0.0009652134308692787,-0.040410575146476425,0.011267483125361553,-0.0006650390138681787,0.040410575146476425,0.011267483125361553,0.0006650390138681787,0.25759290655454,0.01593539933480199,-0.0005198234246755771,0.30597886542479197,0.019057845113420045,-0.00041897712613107066
15.35771883385522,1.0,1500.0,0.0,30.0,739.0,0.478850199564729,353.0,386.0,5.639622886089528,1.3825188986435017,6405.776218865638,130.0,0.04872563718140929,46.0,15.541379310344825,8.255739798975398,58.0,44.92666666666667,24.14666666666667,8.345862055875513,30.0,46.0,15.541379310344825,8.255739798975398,58.0,0.14473801462027486,-0.00645729699187533,-0.004613893183320422,-0.0007569686984073449,-0.0019813144329896863,-0.11404639175257635,-0.009375593074244988,13.693407839077357,28.0,253500.0,168.0,3113.390391588211,81.42249063429655,0.25494086742401123,-3.320725917816162,-253.10418701171875,-0.11380088329315186,-252.99038696289062,0.013267222791910172,0.013267222791910172,0.0,3.358417510986328,0.9299957752227783,0.9536706209182739,-0.023674922063946724,0.023674922063946724,,0.27994170784950256,,0.3262699842453003,0.574813361465931,0.6985484964740868,-0.02732081165634621,-1.8088809639215468,1.300940780751266,0.014828971078053756,-255.67386423746746,2.9983416786214616,0.1117949624745851,-0.16274083480238916,0.23877784467740015,0.0022247720033228796,-255.51112365722656,2.9770261330335255,0.10957002056321768,0.013968178629875183,0.0003776844274570718,-4.206004452055665e-05,0.013968178629875183,0.0003776844274570718,-4.206004452055665e-05,0.0,0.0,0.0,1.913803967833519,1.314840016945846,-0.016485508258668978,0.9072968383630117,0.05781760442549023,0.0010462161961598904,0.9418514827887218,0.05591586870790706,0.000550620402059235,-0.034554660941163697,0.012000399625861446,0.000495595249603271,0.034554660941163697,0.012000399625861446,-0.000495595249603271,0.2613373751441638,0.014797917152719303,0.0002914216182918764,0.3107543230056763,0.015266270296563422,2.8588999895675055e-05
24.8483641797846,1.0,1500.0,0.0,47.0,739.0,0.758676651892525,560.0,179.0,5.771142076739757,1.7371898461624138,5326.230465264101,33.800000000000004,0.01296111665004985,44.96206896551724,8.96896551724138,8.44170795565841,58.0,45.25714285714285,23.25714285714286,8.152328459616124,14.0,44.96206896551724,8.96896551724138,8.44170795565841,58.0,0.15586464947739698,-0.0059051480133319656,-0.004701670273275412,-0.0005128587484853217,-0.001602772363006277,-0.08429716265973468,-0.010057595848918233,14.609654067402248,44.0,255000.0,169.0,3132.6216900348663,81.4014666409214,0.809631884098053,-3.621166706085205,-256.1199645996094,0.07121308147907257,-256.1911926269531,0.013665745966136456,0.013665745966136456,0.0,3.7676784992218018,0.9620503187179565,0.9965882301330566,-0.0345379114151001,0.0345379114151001,,0.24731677770614624,,0.29208362102508545,0.6497795169552167,0.7710057743184987,-0.003142623989547604,-1.9944355100393296,1.0763522871186157,0.011700277008920172,-256.47517751057944,2.4443952054420506,-0.006301547210653927,-0.01866278803596894,0.266701222041819,0.004559530767387361,-256.456516011556,2.454786867858009,-0.010861260368502414,0.013350553127626579,0.0001603263182808576,1.4772620445761534e-05,0.013350553127626579,0.0001603263182808576,1.4772620445761534e-05,0.0,0.0,0.0,2.0812433302402495,1.0640173687216037,-0.010999983317064432,0.9392144918441773,0.06171855387649458,0.001072772909722391,0.975691423813502,0.06177665831586967,0.0010546021917637817,-0.036476936936378476,0.009723097944027124,1.817030523457243e-05,0.036476936936378476,0.009723097944027124,-1.817030523457243e-05,0.2644437755147616,0.014838649151049372,-0.0005267466301382382,0.312929364045461,0.01722217402386297,-0.0005450736693996549
12.991344610850016,1.0,1500.0,0.0,9.0,739.0,0.14224490044162325,105.0,634.0,5.8382467338679955,1.013343522868832,7007.991331313235,217.60000000000002,0.0843737882900349,44.465517241379295,21.20344827586207,8.538802175017652,58.0,44.45306122448978,23.853061224489796,8.414005864819094,49.0,44.465517241379295,21.20344827586207,8.538802175017652,58.0,0.15551673655932918,-0.007278228273984682,-0.007282372512792637,-0.0008030752358950172,-0.005300162249864781,-0.13196322336398122,-0.01177329483132277,14.816434560227524,9.0,256500.0,170.0,3149.8862652778625,81.43151161598314,0.3232559561729431,-3.571298599243164,-259.4858093261719,-0.33440813422203064,-259.1513977050781,0.014343798160552979,0.014343798160552979,0.0,3.885291814804077,0.8568077087402344,0.901214599609375,-0.04440683126449585,0.04440683126449585,,0.2397925853729248,,0.2935880422592163,0.3580939347545306,0.17409796431596453,-0.007689465468001456,-2.1084808627764384,1.0489256226408292,-0.023840043515596793,-258.5660893758138,2.976360460153372,-0.08573832782409894,0.1036991777519385,0.30229285430920694,-0.0011268173743275544,-258.66979115804037,2.9181143193745482,-0.0846113703539875,0.013943322002887726,0.00023405816587017555,2.5120541635689096e-05,0.013943322002887726,0.00023405816587017555,2.5120541635689096e-05,0.0,0.0,0.0,2.214435126384099,1.049368181590671,0.025879325471544923,0.9608758052190145,0.07315929411741098,-0.0005330512733162636,1.004270851612091,0.07065939810228605,-0.0002599505879590069,-0.04339503341664871,0.01142161120690696,-0.00027310024155459064,0.04339503341664871,0.01142161120690696,0.00027310024155459064,0.2652076671520869,0.017455375880594128,-0.00014384473788990872,0.3133582433064779,0.01780107049746155,-0.00021720309146122652
19.444321076075237,1.0,1500.0,0.0,13.0,739.0,0.20320644543991323,150.0,589.0,5.828473768120473,1.0513234261968096,7021.445928097384,220.20000000000002,0.08526951672862454,44.52413793103447,20.834482758620688,8.490258101487841,58.0,44.578260869565206,24.78695652173912,8.429171095647892,46.0,44.52413793103447,20.834482758620688,8.490258101487841,58.0,0.15788682459051878,-0.006741572249236336,-0.004574642803459979,-0.0009288974225847727,-0.0025109605420486226,-0.10872857712236018,-0.009795329515947939,14.299440290765949,12.0,258000.0,171.0,3167.4198782444,81.45430979078189,0.24953214824199677,-2.0904760360717773,-257.0235595703125,-0.07036386430263519,-256.95318603515625,0.014119653962552547,0.014119653962552547,0.0,2.1810436248779297,0.929587185382843,0.963483452796936,-0.03389626741409302,0.03389626741409302,,0.2701047658920288,,0.32211846113204956,0.6812123874823253,0.9578631069907175,-0.03325251913707172,-2.196286370356878,1.3338828054981324,0.03350993636187514,-260.8746693929036,2.892814618275641,0.018348661598826584,-0.02113832620282968,0.25386620776522295,-0.013860498959648202,-260.85352986653646,2.8834628449187445,0.03220911418503918,0.014454663700113694,0.0001514450219509974,-1.2269950325749404e-05,0.014454663700113694,0.0001514450219509974,-1.2269950325749404e-05,0.0,0.0,0.0,2.291817094882329,1.342985650177105,-0.034027842777854804,0.9248847564061483,0.06065395324963257,-0.0030791043174412808,0.9750621477762859,0.05989954567538532,-0.0032677333267432784,-0.050177398261924584,0.011451108356164643,0.00018862778397569268,0.050177398261924584,0.011451108356164643,-0.00018862778397569268,0.2687427684664726,0.016444259379127482,0.00024611253428113885,0.3150387148062388,0.017283927129494565,0.000493547025326218
25.811597211020334,1.0,1500.0,0.0,7.0,739.0,0.11147576916248836,82.0,657.0,5.856086803486976,0.9338046611699544,7207.663430014611,242.0,0.0940536338904003,44.36206896551723,23.403448275862072,8.54188601733443,58.0,45.81176470588234,25.992156862745105,8.12425970637134,51.0,44.36206896551723,23.403448275862072,8.54188601733443,58.0,0.22694382257332946,-0.008337655662740003,-0.0022741378833779176,-0.005274291601426374,-0.0008419083255378858,-0.11898971000935424,-0.016519671157920943,14.40285616549531,7.0,259500.0,172.0,3184.1500363349915,81.49741596306458,0.22836239635944366,-2.6764607429504395,-255.67832946777344,0.09741345047950745,-255.77574157714844,0.014086499810218811,0.014086499810218811,0.0,2.821425676345825,0.975403904914856,1.0028533935546875,-0.027449391782283783,0.027449391782283783,,0.2683965861797333,,0.3228023052215576,0.4987272267540296,0.4594387441620724,-0.008247664405055793,-2.445314140121142,1.1759874642105,-0.04493322343927069,-258.9461252848307,2.2039967873187365,0.051816247382081196,0.03239450852076212,0.28220474180726274,0.0012485893536462653,-258.97851918538413,2.1887807141909468,0.05056765071542736,0.014003846235573292,0.00020573378355384436,1.0253258621334197e-05,0.014003846235573292,0.00020573378355384436,1.0253258621334197e-05,0.0,0.0,0.0,2.5540719936291376,1.169582231025528,0.04760443533753125,0.9466667393843333,0.06658205777406113,0.000555559326464647,0.9876120050748189,0.06607513508299727,0.0002954396310451709,-0.04094526171684265,0.00874846036220622,0.0002601206766750186,0.04094526171684265,0.00874846036220622,-0.0002601206766750186,0.26683754424254097,0.014847895638037139,4.485272724709415e-06,0.31415969828764595,0.013326854265374583,0.00026891921730804813
24.670242189192304,1.0,1500.0,0.0,55.0,739.0,0.8786760574949151,649.0,90.0,5.567795003919762,1.7284636841730499,5183.2842963022995,13.8,0.005106949892680039,46.589655172413806,5.034482758620689,8.094073074346262,58.0,43.542857142857144,12.542857142857144,8.446431572792127,7.0,46.589655172413806,5.034482758620689,8.094073074346262,58.0,0.1454999937067522,-0.005321356271759649,-0.0047431242544971434,-0.0003111145918544062,-0.002848242100578566,-0.07270137961726639,-0.008270391767153122,13.368187731310245,51.0,261000.0,173.0,3203.80149769783,81.46572132747548,0.2599962055683136,-0.6107889413833618,-257.220458984375,0.07964939624071121,-257.30010986328125,0.013672251254320145,0.013672251254320145,0.0,0.6760241389274597,0.9669161438941956,0.9985560774803162,-0.03163979947566986,0.03163979947566986,,0.24406155943870544,,0.31307193636894226,4.947833200792472,13.927650744131531,-0.08342718114378198,-2.402127770582835,1.1831723177954288,0.009960556998268854,-260.5019927978516,3.1545382336507632,0.058651614586963455,-0.000179883340994517,0.23859088162448758,0.01146467443103918,-260.5018132527669,3.180022511531897,0.04718685298661669,0.01390159148722887,0.00018445100738447178,-1.4452710830595597e-05,0.01390159148722887,0.00018445100738447178,-1.4452710830595597e-05,0.0,0.0,0.0,2.478467052181562,1.187614369004923,-0.009714871035004137,0.9347738941510518,0.05571594640762769,0.0029313672238647703,0.9798870662848155,0.05586847245650052,0.002684593691311354,-0.04511316157877445,0.012592958809096944,0.00024677190734892035,0.04511316157877445,0.012592958809096944,-0.00024677190734892035,0.27125201374292374,0.014920189644103651,0.00017368115559302394,0.32027140955130257,0.01722332783405593,0.00015116941279112018
20.118218317627907,1.0,1500.0,0.0,35.0,739.0,0.5569520088552493,411.0,328.0,5.606851518238244,1.4195712047897242,6048.719620387423,70.4,0.026213881441763478,46.30344827586206,13.282758620689656,8.10392821659384,58.0,45.353846153846156,23.138461538461545,8.29805188416196,26.0,46.30344827586206,13.282758620689656,8.10392821659384,58.0,0.14517964786542653,-0.005574412293031397,-0.004728097127255334,-0.0006092934854977671,-0.0014472390051988168,-0.0948714345932269,-0.008143728231283778,13.48930134456211,32.0,262500.0,174.0,3222.608982563019,81.45574018453439,0.46030381321907043,-2.581303596496582,-260.0888366699219,-0.14785751700401306,-259.94097900390625,0.013189581222832203,0.013189581222832203,0.0,2.548633575439453,0.9056329727172852,0.9458401203155518,-0.040207184851169586,0.040207184851169586,,0.25100135803222656,,0.3061771094799042,0.4428167328238487,0.35928486727670095,0.008947435127482127,-2.403886142373085,1.01829011680149,-0.016851206662524876,-260.30718587239585,3.403707845849606,0.20071927114112212,-0.07080627046525478,0.24803482347948608,-0.0039648858231551365,-260.2363789876302,3.4554583635548317,0.20468395602319117,0.013725290292253096,0.0003770053848662822,-3.124308421196775e-05,0.013725290292253096,0.0003770053848662822,-3.124308421196775e-05,0.0,0.0,0.0,2.4817250251770018,1.0338143224657943,0.014803218788511858,0.921279788017273,0.056189377867631944,-4.9761537715251665e-05,0.9635249694188436,0.057923240697982346,-0.0009143319092815444,-0.04224519028017918,0.013850633467775516,0.0008645695034368965,0.04224519028017918,0.013850633467775516,-0.0008645695034368965,0.26739330440759657,0.0172807604448724,0.00012526768399557115,0.3121351013580958,0.02152280857727197,0.00026594190231551604
26.268511657714843,1.0,1500.0,0.0,54.0,739.0,0.8679169139126586,641.0,98.0,5.743800593287344,1.8566750273822297,5032.631504494523,16.0,0.006108735491753207,45.15862068965516,5.665517241379311,8.35074783755105,58.0,38.525000000000006,17.575000000000003,9.895628114620148,8.0,45.15862068965516,5.665517241379311,8.35074783755105,58.0,0.14954494406023,-0.005305121436790717,-0.00515784246802334,-0.0004725814803913211,-0.0007735518924394498,-0.06925131227553104,-0.008613809550609041,13.244070013990616,50.0,264000.0,175.0,3242.05824303627,81.42975240098009,1.4251238107681274,-0.35406753420829773,-256.2740478515625,-0.07085251808166504,-256.20318603515625,0.012736363336443901,0.012736363336443901,0.0,0.5094058513641357,0.9400148391723633,0.9637622833251953,-0.02374749444425106,0.02374749444425106,,0.23147942125797272,,0.2952049970626831,0.5027979652086894,0.5707827557530261,0.0005283244459727144,-2.375696973999341,1.3785062855310908,0.022543633733363305,-259.9302800496419,3.0785152874134805,0.11715696544881199,-0.05622660716374715,0.2827922714208893,-0.0008275810616697986,-259.8740559895833,2.9744833430891453,0.11798451458652494,0.013160899188369513,0.0002779646119896538,-2.8172633646924675e-05,0.013160899188369513,0.0002779646119896538,-2.8172633646924675e-05,0.0,0.0,0.0,2.4872501383225125,1.3701296952901583,-0.0231023833735767,0.9279873967170715,0.06998273084476665,0.0003364203371380898,0.9669948955376942,0.06527917699056235,-0.00018673328987351345,-0.03900749683380127,0.011854393093330372,0.0005231537463535069,0.03900749683380127,0.011854393093330372,-0.0005231537463535069,0.2637014334400495,0.01355853085223479,9.520448023272375e-05,0.3137986570596695,0.014468377459727429,2.1522846052144476e-06
9.42735515322004,1.0,1500.0,0.0,30.0,739.0,0.487398154270103,360.0,379.0,5.455075391829278,1.4924408635642945,6157.888229059668,116.60000000000001,0.042273946776883474,47.55517241379311,16.499999999999996,7.91872403342284,58.0,45.36,25.093333333333337,8.39815734172937,30.0,47.55517241379311,16.499999999999996,7.91872403342284,58.0,0.13340648962184265,-0.006320962659536061,-0.004624688184062201,-0.0008686105388777852,-0.0012667772583320744,-0.1231790076911458,-0.00755234012810507,11.89169376152565,28.0,265500.0,176.0,3260.8776366710663,81.41979846598633,0.7510544061660767,-2.7581729888916016,-261.583984375,-0.01587555557489395,-261.568115234375,0.013168861158192158,0.013168861158192158,0.0,2.9469962120056152,0.9334007501602173,0.9763336777687073,-0.0429329052567482,0.0429329052567482,,0.2548487186431885,,0.30022117495536804,0.715687810877959,1.049972289034423,0.043633180077667366,-2.618206381301085,1.1913529465893502,0.018382258181179507,-261.2076649983724,3.3463629397168733,-0.05878787438516149,-0.004250681151946386,0.3708675918084818,0.007179636149371954,-261.2034149169922,3.327686087952763,-0.06596738753779728,0.012659457791596652,0.0002454466568834777,2.2467581536599807e-05,0.012659457791596652,0.0002454466568834777,2.2467581536599807e-05,0.0,0.0,0.0,2.7160050610701245,1.204596699564915,-0.01549146327876945,0.9366889973481496,0.08570861350627987,0.0014500563746697238,0.9790788928667704,0.0846975765794338,0.0016469240453802674,-0.04238986981411775,0.012945385547375253,-0.00019686819697513713,0.04238986981411775,0.012945385547375253,0.00019686819697513713,0.2604327887296677,0.01566093929618945,-0.0007105845829536261,0.3087510804335276,0.016610081620885682,-0.0009304804451871478
22.510824192137946,1.0,1500.0,0.0,46.0,739.0,0.7347448122700408,542.0,197.0,5.808269172386476,1.7065302268758977,5324.53130307203,26.8,0.010345892526250773,44.66206896551725,8.10344827586207,8.57680194003687,58.0,41.52499999999999,16.625,9.511411605387858,16.0,44.66206896551725,8.10344827586207,8.57680194003687,58.0,0.15088387699373149,-0.005984127705749092,-0.0050409749725725695,-0.00046213279371489467,-0.002297965915338101,-0.08971962616822296,-0.00911417707664815,14.224657313577671,42.0,267000.0,177.0,3280.0859789848328,81.40030526963044,0.3106493055820465,-1.0819816589355469,-260.9175109863281,0.1778295338153839,-261.0953369140625,0.012523547746241093,0.012523547746241093,0.0,1.2101012468338013,0.9813408851623535,1.020599365234375,-0.03925848752260208,0.03925848752260208,,0.23998790979385376,,0.2954775094985962,0.4065407395362854,0.26537577189241257,0.010986020176508788,-2.763005827367306,1.2119499769617668,-0.011951204829406899,-264.9688659667969,3.680880397236097,0.12129422231299426,-0.029533942540486652,0.2664479212350743,0.009806515984195761,-264.9393320719401,3.54314692472697,0.11148777368735234,0.012580457081397375,0.00026001679788406525,-1.8302447787249024e-05,0.012580457081397375,0.00026001679788406525,-1.8302447787249024e-05,0.0,0.0,0.0,2.8581076870361963,1.209640781198274,0.011903531009018422,0.918036699295044,0.06889462468935637,0.002749180979405141,0.9731977045536041,0.06086166314756624,0.002251907596333522,-0.055160995883246265,0.014000789026132719,0.0004972732972946283,0.055160995883246265,0.014000789026132719,-0.0004972732972946283,0.25471437176068623,0.01710306737494765,-0.0001668859509392796,0.30492849051952364,0.016011081042064095,-7.720213047787697e-05
22.143890086342306,1.0,1500.0,0.0,54.0,739.0,0.8762625757800673,647.0,92.0,5.652258330904773,1.7178039177374693,5115.503216575039,15.0,0.005540370835487922,45.88813559322035,5.389830508474575,8.233639165530588,59.0,43.025000000000006,9.500000000000007,8.953684175861351,8.0,45.88813559322035,5.389830508474575,8.233639165530588,59.0,0.14930750165175527,-0.005696939784038978,-0.005110037923007849,-0.00036830311762287135,-0.0019728506787330354,-0.08760180995474925,-0.008895677217794397,13.550481769996779,51.0,268500.0,178.0,3299.7625148296356,81.36949213566736,0.17534975707530975,-3.043119430541992,-263.89300537109375,-0.3058883249759674,-263.5871276855469,0.012326166965067387,0.012326166965067387,0.0,3.0740981101989746,0.8632649779319763,0.9104152917861938,-0.04715029522776604,0.04715029522776604,,0.26001983880996704,,0.29779624938964844,0.43414091765880586,0.659315834562751,0.004737606687726107,-2.51946707367897,1.1025445368714097,-0.018448834676498535,-262.1008056640625,3.526928485112949,-0.02929015366465645,-0.06597187096873919,0.2725582273743922,-0.009127648698541031,-262.0348307291667,3.5191178276721957,-0.02016270248191865,0.012473944760859012,0.00010923228624464925,2.0010730415347414e-06,0.012473944760859012,0.00010923228624464925,2.0010730415347414e-06,0.0,0.0,0.0,2.607549640536308,1.0768269890900593,0.018580530224175263,0.9229163408279419,0.06340557313168355,-0.002101754664844357,0.964898697535197,0.062202599930487656,-0.0020841002331692593,-0.04198234633853038,0.013707882466581342,-1.7654671602041088e-05,0.04198234633853038,0.013707882466581342,1.7654671602041088e-05,0.2606734216213226,0.013593145040352495,-0.00027157299643231625,0.30949581662813824,0.014729887377419733,-2.758398204545252e-05
12.76144560178121,1.0,1500.0,0.0,35.0,739.0,0.5684507165373555,420.0,319.0,5.427443623645021,1.466072352629396,5778.725015949334,77.0,0.02776575796913313,47.813793103448276,14.044827586206893,7.675298599755961,58.0,46.61599999999999,23.728,7.944078249491321,25.0,47.813793103448276,14.044827586206893,7.675298599755961,58.0,0.13911601814213206,-0.006140829210382401,-0.004961177382358369,-0.0007584282492935475,-0.0019618239660657427,-0.11739130434782395,-0.00756776142448415,12.684932638532288,33.0,270000.0,179.0,3318.599714279175,81.35961647867678,0.3296864628791809,-0.3822510540485382,-259.7837829589844,-0.0865156501531601,-259.697265625,0.013275406323373318,0.013275406323373318,0.0,0.4668928384780884,0.9297925233840942,0.9599828720092773,-0.030190275982022285,0.030190275982022285,,0.2681485712528229,,0.31563884019851685,0.709662148853143,1.1042560325692896,0.006663001833423471,-2.5996644367774326,1.486875536032307,0.05693888914200576,-262.4721333821615,2.889933520444724,0.037635431512450135,0.091127375078698,0.31235272496264277,0.008001174115978836,-262.5632598876953,2.9542233603760697,0.02963442860774191,0.012471405354638894,0.0003586690122980646,3.8879473711279857e-05,0.012471405354638894,0.0003586690122980646,3.8879473711279857e-05,0.0,0.0,0.0,2.6825801889101664,1.4678260736500939,-0.056122469318589455,0.9586559434731802,0.06909173117278712,0.0020123271576156566,1.000875081618627,0.07102293264939369,0.0018361444202758112,-0.042219144850969316,0.011560885684344425,0.00017618182901545863,0.042219144850969316,0.011560885684344425,-0.00017618182901545863,0.26183248062928516,0.012176268792938733,-0.00030069026984150536,0.3109344144662221,0.017180717377231394,-0.00025983234666478866
26.173370984467592,1.0,1500.0,0.0,47.0,739.0,0.7576063383666193,559.0,180.0,5.741111093721754,1.65816334139814,5361.847500079856,32.4,0.012351326623970723,45.22758620689655,7.689655172413793,8.346355526946708,58.0,46.48571428571428,18.871428571428574,7.9253918908657175,14.0,45.22758620689655,7.689655172413793,8.346355526946708,58.0,0.1561208422889732,-0.005306298740766836,-0.004221906729003897,-0.00046572254018754277,-0.0019199479336153575,-0.07888057273023028,-0.009179542022288626,14.409329127343058,44.0,271500.0,180.0,3337.723269224167,81.34287300070521,0.24997079372406006,-2.617806911468506,-261.2392883300781,-0.18748095631599426,-261.05181884765625,0.013541758060455322,0.013541758060455322,0.0,2.667154312133789,0.9027656316757202,0.9364200830459595,-0.03365437686443329,0.03365437686443329,,0.26137155294418335,,0.34048300981521606,0.5689143965641658,0.798135732388371,0.02670761449583645,-2.626339735587438,1.0567337688254472,0.0076391685658753665,-262.2898244222005,3.6124248441468523,-0.0665065879949001,0.0002662104864915212,0.3155987137225174,-0.012434097887477838,-262.2900909423828,3.55042572231608,-0.05407229413975027,0.01372552483032147,0.00022760095423281075,8.126354058403706e-07,0.01372552483032147,0.00022760095423281075,8.126354058403706e-07,0.0,0.0,0.0,2.716067361831665,1.0736658342433723,-0.007530152572275476,0.9406210064888001,0.07678559806073834,-0.003040509759650507,0.9799585660298665,0.07362511523139277,-0.0028909580063104135,-0.03933754668881496,0.013741682582481565,-0.0001495506904513726,0.03933754668881496,0.013741682582481565,0.0001495506904513726,0.2663761282960574,0.016870927978032007,-0.00023325493722922534,0.319838281472524,0.017170841499746733,-0.0002445120037066203
-6.79331636428833,0.0,1500.0,0.0,13.0,739.0,0.19937955227374504,147.0,592.0,5.467969410335078,1.0305822293357385,6932.534894797504,232.4,0.0844108673543513,47.468965517241394,23.427586206896542,7.777954762063024,58.0,47.06956521739132,26.61304347826087,7.78338723373841,46.0,47.468965517241394,23.427586206896542,7.777954762063024,58.0,0.1387613744641185,-0.009211094384362241,-0.00606930204963731,-0.0007200499848560699,-0.00076280421358518,-0.19556847075917314,-0.010116983333981344,12.405952772859498,12.0,273000.0,181.0,3355.476772069931,81.35952609547984,0.39357781410217285,-1.8031643629074097,-269.03802490234375,0.06549416482448578,-269.103515625,0.012929476797580719,0.012929476797580719,0.0,1.881698489189148,0.931998074054718,0.9950628280639648,-0.06306473910808563,0.06306473910808563,,0.2759486734867096,,0.314208447933197,0.4890079066157341,1.0398547274188297,-0.0023003336949661505,-2.8072056651115416,1.1090084325857172,0.006736954831175381,-262.2488047281901,2.367131131696071,0.020253372616713807,-0.036110848064223926,0.23522546895959184,0.001252253137288558,-262.2126942952474,2.4410807608839575,0.01900147978005573,0.013367992360144854,0.0002339233665075037,-2.4268729560433864e-05,0.013367992360144854,0.0002339233665075037,-2.4268729560433864e-05,0.0,0.0,0.0,2.9020176688830057,1.1038701869903607,-0.005790637279379068,0.9343954046567281,0.051990121679573904,0.0004224186611917833,0.9716237664222718,0.05459105647906774,0.00028817274413992075,-0.037228358536958696,0.00951890971925011,0.00013424663890455722,0.037228358536958696,0.00951890971925011,-0.00013424663890455722,0.25627387563387555,0.013231382665101623,3.273366423151214e-05,0.3082990904649099,0.019425869385406178,1.1354850582327843e-05
18.443257267658527,1.0,1500.0,0.0,56.0,739.0,0.9063018792478288,669.0,70.0,5.372294693644602,1.725737875229317,5312.67615547211,18.8,0.006708056804395918,48.32068965517243,7.19655172413793,7.579004393511126,58.0,45.866666666666674,21.900000000000006,8.333650030354566,6.0,48.32068965517243,7.19655172413793,7.579004393511126,58.0,0.13990138877876895,-0.005627957143191304,-0.005286045743623154,-0.00033864417876649074,-0.001167674731182793,-0.09610215053763183,-0.0075562336130044535,12.989695178948175,52.0,274500.0,182.0,3375.333850622177,81.32528874126074,0.2548277676105499,-1.3444125652313232,-264.3129577636719,0.28478381037712097,-264.5977478027344,0.012290600687265396,0.012290600687265396,0.0,1.4750940799713135,1.0009589195251465,1.0447423458099365,-0.043783508241176605,0.043783508241176605,,0.2505378723144531,,0.3011053204536438,0.6087648411591847,1.0183477730941055,-0.0275063895078602,-2.8537703196207684,1.0554310456142106,-0.023828811348479098,-263.282866414388,2.3838526814494205,-0.03301168914896038,0.006468837956587473,0.3389986286460773,-0.002842217640696428,-263.2893381754557,2.3722702279709607,-0.030169324694531374,0.012567029676089685,0.0001387074885638769,-1.3942370301027995e-05,0.012567029676089685,0.0001387074885638769,-1.3942370301027995e-05,0.0,0.0,0.0,2.940363570054372,1.044482947195067,0.02467549202572113,0.9418871859709422,0.07751613312125867,-0.0007079061464685354,0.9814807772636414,0.07735342243065514,-0.0006514534669140016,-0.03959360358615716,0.00914411757622468,-5.645524291891352e-05,0.03959360358615716,0.00914411757622468,5.645524291891352e-05,0.2660585661729177,0.018485397933857613,-0.00015352851689458944,0.31269367337226867,0.016474418660013816,-0.000374367199962484
23.162291049957275,1.0,1500.0,0.0,4.0,739.0,0.0660034934117342,48.0,691.0,5.649589387662705,0.7309814279677088,7112.999059160397,282.8,0.10612428700090062,45.94482758620691,24.931034482758626,8.05080360144421,58.0,46.84074074074077,26.42592592592593,7.892278715557673,54.0,45.94482758620691,24.931034482758626,8.05080360144421,58.0,0.2254835003475702,-0.00950622250774553,-0.008850747626451945,-0.00340680251760984,-0.00032679738562091506,-0.12418300653594748,-0.01614037495087413,13.512649867296966,4.0,276000.0,183.0,3391.8449091911316,81.37164504547437,0.2008095383644104,-4.0255842208862305,-262.7779541015625,-0.2055705040693283,-262.5723876953125,0.012114358134567738,0.012114358134567738,0.0,4.105906009674072,0.8992667198181152,0.9334173798561096,-0.034150730818510056,0.034150730818510056,,0.25478360056877136,,0.2857002317905426,1.4372674211859704,5.8255658470670975,0.0848653377329017,-3.0427050292491913,1.3293107517294818,-0.02199796629164183,-264.9737609863281,2.6576586426990425,0.02166295884316559,-0.041291344165802005,0.302289195519393,0.009472335391036667,-264.9324666341146,2.67765272574978,0.012190533426902685,0.012057957580933969,0.00019326622707472045,1.3635316045252026e-05,0.012057957580933969,0.00019326622707472045,1.3635316045252026e-05,0.0,0.0,0.0,3.1345262785752612,1.3159876290859787,0.022700238638910672,0.9264846563339233,0.06807327854131799,0.002256626626673458,0.9706265489260356,0.06840879687270542,0.0021491150967403705,-0.04414189600696166,0.010383347808100934,0.00010751291769696609,0.04414189600696166,0.010383347808100934,-0.00010751291769696609,0.25869528303543726,0.012394308767344464,-0.0003557814341100673,0.3064107209444046,0.015376781269021136,-0.0005188457891593738
11.598749049504598,1.0,1500.0,0.0,16.0,739.0,0.24762028850504453,182.0,557.0,5.893747005726976,1.0912996881179349,6728.400248341039,171.60000000000002,0.06605080831408776,44.03389830508475,19.128813559322037,8.688255134854453,59.0,43.07727272727273,23.268181818181816,8.838673354448614,44.0,44.03389830508475,19.128813559322037,8.688255134854453,59.0,0.1459416689585352,-0.006947141884472826,-0.006263974545304473,-0.0010867888058819417,-0.0008890251379521769,-0.12851011649295027,-0.008917719137291936,13.049924826715404,15.0,277500.0,184.0,3409.7198419570923,81.38498553028394,0.31137895584106445,-2.171400547027588,-262.2307434082031,0.17325110733509064,-262.40399169921875,0.011650970205664635,0.011650970205664635,0.0,2.2667784690856934,0.9871997833251953,1.018911361694336,-0.0317116342484951,0.0317116342484951,,0.27430248260498047,,0.3016130030155182,2.2222117657462754,8.874508656530121,-0.12629019324652224,-2.960622268915176,1.2506969456064818,0.018669252785480147,-265.0459757486979,2.9630960911012534,-0.03852139855915967,-0.1112512896458308,0.2706836424331964,0.014388852058448837,-264.9347229003906,2.974479261734908,-0.05291006663218825,0.01158086561287443,0.00022726529482741212,-1.4540876932152338e-05,0.01158086561287443,0.00022726529482741212,-1.4540876932152338e-05,0.0,0.0,0.0,3.0790041625499724,1.2517778725702189,-0.01671167301786893,0.9127046465873718,0.061042382857669844,0.003098493529373852,0.9550450623035431,0.06074664137863174,0.0032424295969613963,-0.04234041627496481,0.011408800645213664,-0.00014393636718541418,0.04234041627496481,0.011408800645213664,0.00014393636718541418,0.2663930262128512,0.01411538603814777,-0.0003925324049887108,0.31213873624801636,0.01587713539456341,-0.00037562230537678353
6.074242022729689,1.0,1500.0,0.0,34.0,739.0,0.5425289896336053,400.0,339.0,5.432940829740643,1.4060600504223453,6134.186950377225,80.2,0.028959341373582727,47.74827586206898,14.968965517241376,7.8128922107947085,58.0,44.97777777777777,22.83703703703704,8.505049462284834,27.0,47.74827586206898,14.968965517241376,7.8128922107947085,58.0,0.13346284210008835,-0.006408259467709877,-0.004265714701574589,-0.0006493121418061151,-0.0039181127982646615,-0.13644251626897735,-0.007499417631407502,12.19405843441937,31.0,279000.0,185.0,3428.6982803344727,81.3719893640753,0.26711416244506836,-3.852912664413452,-263.9564514160156,-0.13020989298820496,-263.82623291015625,0.011367999017238617,0.011367999017238617,0.0,3.8830182552337646,0.9155124425888062,0.950915515422821,-0.03540302813053131,0.03540302813053131,,0.2692568898200989,,0.31584620475769043,0.3892055014769236,0.35773127940490584,0.006999091437714242,-2.800045545895894,1.1359613642416608,0.028551126932010562,-266.9024261474609,3.4214114546989745,-0.12912759918789574,-0.12194575704634189,0.2637752189775476,-0.015718412953734537,-266.7804779052734,3.4173843730015,-0.11340913868055987,0.011856289642552535,0.000267889552706932,-2.1655008909567354e-05,0.011856289642552535,0.000267889552706932,-2.1655008909567354e-05,0.0,0.0,0.0,2.896568977832794,1.1185247974800547,-0.02783988110878588,0.9049504220485687,0.060283911708693454,-0.003900784340265484,0.9525970200697581,0.059438255457460995,-0.0035241869718532753,-0.04764659895251195,0.013023313961408232,-0.00037659819344590997,0.04764659895251195,0.013023313961408232,0.00037659819344590997,0.2616628458102544,0.010927065615947423,7.96775862955741e-05,0.30858848989009857,0.01006214534893639,-7.539452514607466e-05
8.367270946502686,1.0,1500.0,0.0,18.0,739.0,0.27878536901348244,206.0,533.0,5.645288087975185,1.0993451089942354,6722.905673326955,188.0,0.07047005022865283,45.99655172413794,19.627586206896556,8.156747927468194,58.0,45.01428571428572,23.985714285714295,8.356939009462954,42.0,45.99655172413794,19.627586206896556,8.156747927468194,58.0,0.13892086177034882,-0.006573423225728021,-0.004335555112106562,-0.0010454754371560613,-0.0023456457266109424,-0.14127797249932716,-0.0074928963974798864,13.965567223816391,16.0,280500.0,186.0,3446.7988889217377,81.37985680033361,0.2398526966571808,-3.5667128562927246,-264.9382629394531,-0.07013087719678879,-264.8681335449219,0.010014744475483894,0.010014744475483894,0.0,3.638988733291626,0.9271466135978699,0.9647667407989502,-0.03762010484933853,0.03762010484933853,,0.2770290970802307,,0.32676446437835693,3.626187071700891,9.992383816043345,0.1941407116587886,-2.7818038781483967,1.2459946639992807,-0.005228028864961231,-267.5984700520833,2.7897734365409943,-0.04967506756638512,-0.1378284795830647,0.27997969648042453,-0.006558128065109523,-267.4606424967448,2.703521871009911,-0.043116850211167505,0.010952728365858396,0.0005021742370918003,-5.421892546109038e-05,0.010952728365858396,0.0005021742370918003,-5.421892546109038e-05,0.0,0.0,0.0,2.902607148885727,1.2565170049161214,0.0023340286879703445,0.9011014540990193,0.06538614558084774,-0.0015282478958401605,0.9495557566483815,0.06204413010759529,-0.0014228616460942554,-0.04845430931697289,0.010333501201050182,-0.00010538662641875714,0.04845430931697289,0.010333501201050182,0.00010538662641875714,0.2691290537516276,0.014476147007047722,2.7790430257789913e-05,0.3139215975999832,0.016415075526776214,0.0003101544929160586
20.252345383167267,1.0,1500.0,0.0,9.0,739.0,0.13649987771282354,100.0,639.0,5.82781698799388,0.99903617299827,7021.704032215092,218.60000000000002,0.08460407152256366,44.548275862068955,22.141379310344828,8.504986824283227,58.0,44.903999999999975,24.695999999999998,8.373588081955093,50.0,44.548275862068955,22.141379310344828,8.504986824283227,58.0,0.1737194301483165,-0.006803401644219552,-0.005540926773361218,-0.000801189509588179,-0.00031055900621118014,-0.12273291925465879,-0.012062637438214688,15.12695145725288,8.0,282000.0,187.0,3463.946678876877,81.41002912072351,0.4570542573928833,-1.626593828201294,-265.5559387207031,0.3638833165168762,-265.9198303222656,0.010561495088040829,0.010561495088040829,0.0,1.8371906280517578,1.020094633102417,1.0599616765975952,-0.03986712172627449,0.03986712172627449,,0.2591952085494995,,0.28965693712234497,3.2166657303770383,14.646427845488251,0.370701115246079,-2.6448479260007542,1.2286442263674073,0.023890081817103993,-266.5919993082682,3.3915238213490424,0.11270274670424289,0.12591265340646107,0.336598206375968,-0.006897860433951905,-266.71790974934896,3.3825834393378713,0.11960071737695535,0.010233881045132875,0.0003756876719524519,3.6991418477093824e-05,0.010233881045132875,0.0003756876719524519,3.6991418477093824e-05,0.0,0.0,0.0,2.7638324479262035,1.2470970288227794,-0.02210776799247586,0.9636076390743256,0.07431720403464125,-0.0009796231288931316,1.007406582434972,0.07353628496761129,-0.0014984463823252989,-0.043798946465055145,0.013150612309987342,0.0005188235376979153,0.043798946465055145,0.013150612309987342,-0.0005188235376979153,0.27215355734030405,0.013466999563016986,-0.0003463832700875824,0.31601260900497435,0.015810686953703128,-0.00031107255693803304
12.235893641199384,1.0,1500.0,0.0,30.0,739.0,0.4881769711056851,360.0,379.0,5.4616120307486495,1.414375534697929,6118.944950765823,82.4,0.02989623394528699,47.52068965517241,14.6,7.847790415895595,58.0,45.74,21.960000000000004,8.284117632526023,30.0,47.52068965517241,14.6,7.847790415895595,58.0,0.13599945649841375,-0.006180441406611929,-0.004780394026976563,-0.0009348683102448033,-0.0010995723885155759,-0.11484422724495899,-0.0074147823343444375,12.061630242303442,28.0,283500.0,188.0,3482.59162068367,81.40489350409277,13.409948348999023,-4.414257049560547,-268.7637023925781,-0.13973680138587952,-268.62396240234375,0.010358140803873539,0.010358140803873539,0.0,4.647039890289307,0.9009905457496643,0.9494229555130005,-0.048432447016239166,0.048432447016239166,,0.2743830680847168,,0.33978891372680664,2.181147340933482,5.2061921723995965,0.1095052104638071,-2.7080141281088195,1.435734690503694,-0.053015547490225995,-266.27430725097656,2.4293985150722888,-0.16100800612876873,0.09467452391982079,0.33686277168429657,-0.015106383272683942,-266.368983968099,2.4258019111628424,-0.1459016284369746,0.010509442910552025,0.00010981892101716451,-1.0651925182979133e-05,0.010509442910552025,0.00010981892101716451,-1.0651925182979133e-05,0.0,0.0,0.0,2.8141371433933577,1.4435543391360448,0.053147667881776745,0.9601483782132466,0.0737612683817051,-0.003820285754686497,1.0008100867271423,0.07395278410130766,-0.00332081270164857,-0.040661705347398915,0.009037823509960893,-0.0004994731031780899,0.040661705347398915,0.009037823509960893,0.0004994731031780899,0.2687970260779063,0.013030257253549829,0.00011735026112387043,0.3126876423756281,0.01686565969203852,0.00018986356802060166
15.315384080333095,1.0,1500.0,0.0,33.0,739.0,0.5284797029269959,390.0,349.0,5.703785591404262,1.4929111338537973,6100.2450707879,76.4,0.028456495828367102,45.50508474576274,13.467796610169495,8.366996558819277,59.0,44.17857142857142,21.200000000000006,8.655272261658613,28.0,45.50508474576274,13.467796610169495,8.366996558819277,59.0,0.14765816253735306,-0.006429635409913575,-0.0047161001898885615,-0.0007749259423535788,-0.0019071555292726153,-0.11886457717326855,-0.00862978988164961,13.93291519366443,31.0,285000.0,189.0,3501.3407077789307,81.39739139547756,0.29398608207702637,-2.0898780822753906,-268.9717712402344,0.29739975929260254,-269.2691650390625,0.01070454902946949,0.01070454902946949,0.0,2.2201573848724365,0.996448814868927,1.0455479621887207,-0.04909912869334221,0.04909912869334221,,0.27516740560531616,,0.323233962059021,0.4078178614377975,0.30027495267354376,-0.01480337057150778,-2.585210857788722,0.9579156173196571,-0.03861660003927307,-267.9250732421875,3.2205042073827306,-0.020239583695422544,-0.0018547337502241134,0.2996371619199821,0.0060952042106195104,-267.9232187906901,3.161378294317591,-0.026334687467404267,0.01051818033059438,0.00016404340475286447,8.865592543354693e-06,0.01051818033059438,0.00016404340475286447,8.865592543354693e-06,0.0,0.0,0.0,2.6768089910348256,0.9609210245268509,0.03798560644018234,0.934818168481191,0.06873051397527319,0.0012928263098829975,0.9796397586663564,0.06575804178035352,0.0013339282010367806,-0.044821594779690103,0.012064429796553497,-4.110170302454658e-05,0.044821594779690103,0.012064429796553497,4.110170302454658e-05,0.2725953867038091,0.014948621655281536,-0.00013765975153354022,0.3157585879166921,0.013724165271898103,-0.00048110813930117054
21.28946627760833,1.0,1500.0,0.0,57.0,739.0,0.9253321229003642,683.0,56.0,5.57789177193208,1.7784148331946805,4903.038938865131,19.8,0.00734040186846593,46.50689655172415,5.924137931034484,8.04014827087476,58.0,43.44000000000001,15.800000000000006,9.048278420308357,5.0,46.50689655172415,5.924137931034484,8.04014827087476,58.0,0.14741094193112722,-0.005533791467493102,-0.0054119058840440834,-0.00043478476050454244,-0.0019360918358605373,-0.09067077872012115,-0.007853613648086642,13.455346928287499,53.0,286500.0,190.0,3521.0976226329803,81.36667332323583,4.404526710510254,-2.571418523788452,-264.7206115722656,-0.19131486117839813,-264.529296875,0.010544834658503532,0.010544834658503532,0.0,2.653012275695801,0.9087537527084351,0.9379723072052002,-0.029218535870313644,0.029218535870313644,,0.2546007037162781,,0.32273465394973755,1.4942813242475192,4.149755091194428,0.027138212004943735,-2.8124159852663677,1.3621822842419888,-0.004919561607819082,-267.56402180989585,3.4808111561974173,0.15022412598199744,-0.03592679984867573,0.3171474818060357,-0.01076274123436485,-267.52809448242186,3.5164332476460727,0.16098658611565247,0.010699109267443418,0.00017440569559748912,3.7556037605137727e-06,0.010699109267443418,0.00017440569559748912,3.7556037605137727e-06,0.0,0.0,0.0,2.909963923692703,1.3908339472865712,0.004575352395601851,0.9305544237295786,0.06905348503472218,-0.001698978631461982,0.9720791061719258,0.06998706018651117,-0.0023732629580810985,-0.041524681945641836,0.013640035602390237,0.000674283826046183,0.041524681945641836,0.013640035602390237,-0.000674283826046183,0.2657119701306025,0.01231813747609941,0.00021467554290779202,0.3123994141817093,0.015865384241291376,0.0007978502515956138
19.300665388236176,1.0,1500.0,0.0,40.0,739.0,0.6431393037415292,475.0,264.0,5.768682234171446,1.8370699075029642,5792.141169164607,40.400000000000006,0.015500306936771025,44.93793103448275,11.15172413793103,8.416341409570116,58.0,44.790476190476184,21.038095238095227,8.442031587587772,21.0,44.93793103448275,11.15172413793103,8.416341409570116,58.0,0.15527178630623578,-0.006400613825358843,-0.006163423903050619,-0.0006325945886094207,-0.0030496363404364005,-0.1046318744417491,-0.009354227951185014,13.997046632817863,37.0,288000.0,191.0,3539.9486000537872,81.35711348905575,1.2601306438446045,-3.669128894805908,-263.4145202636719,0.34205180406570435,-263.7565612792969,0.009641686454415321,0.009641686454415321,0.0,3.7970800399780273,1.0291748046875,1.0536909103393555,-0.024516122415661812,0.024516122415661812,,0.2622380256652832,,0.3134375810623169,0.5656748548150062,0.8207717602817479,0.028813492161148244,-2.9582058608531954,1.0762175196971413,-0.04839720109413407,-267.8617360432943,3.323646399056336,0.05566284722826123,0.0849295354137818,0.32338911024637207,0.0017387879330735328,-267.94666341145836,3.3307755993890353,0.05392443155155595,0.010006252614160379,0.0002070812176723195,-2.0912915749995645e-05,0.010006252614160379,0.0002070812176723195,-2.0912915749995645e-05,0.0,0.0,0.0,3.0657832741737367,1.062326168734737,0.04932036773779233,0.9570323467254639,0.07056599186481168,0.0006367689775545194,0.9983682771523793,0.07028523056960798,0.00037193387183249597,-0.04133593812584877,0.012778780974861155,0.00026483551927482783,0.04133593812584877,0.012778780974861155,-0.00026483551927482783,0.2690201352039973,0.01506319652020203,0.0002664164454573592,0.3127191017071406,0.014159142603980384,0.00034851271398074956
19.206249594688416,1.0,1500.0,0.0,32.0,739.0,0.505408905532495,373.0,366.0,5.799342918804086,1.5497216498359454,5927.656841974276,47.800000000000004,0.01843282430973315,44.7103448275862,11.882758620689655,8.488987182176704,58.0,43.227586206896554,18.096551724137928,8.81250286014593,29.0,44.7103448275862,11.882758620689655,8.488987182176704,58.0,0.15014500477514095,-0.006033067887950389,-0.005681217483959515,-0.0007889185561295948,-0.0012173913043478242,-0.10396837944663982,-0.008808251244678732,14.04858683774768,29.0,289500.0,192.0,3558.5613017082214,81.35310184512794,0.30266571044921875,-4.7195000648498535,-270.29083251953125,-0.23456770181655884,-270.0562744140625,0.00890063215047121,0.00890063215047121,0.0,4.771275520324707,0.8836008310317993,0.9303194284439087,-0.04671863466501236,0.04671863466501236,,0.26902592182159424,,0.31995517015457153,0.49217146436373393,0.5102695322246013,0.006014778583545701,-2.965569566686948,1.177109678895632,-0.0027957972549357193,-270.12159830729166,2.824972813011939,-0.0011362858688403917,-0.14064572875698408,0.3499580815787772,-0.008341420056491067,-269.9809539794922,2.6468315975022576,0.007204965966965147,0.009438924274096887,0.0002494998408601486,-2.5800758717919563e-05,0.009438924274096887,0.0002494998408601486,-2.5800758717919563e-05,0.0,0.0,0.0,3.066428506374359,1.1778326492334434,0.000744395287866863,0.9026365876197815,0.08012397192569744,-0.001677675957939676,0.9499333937962849,0.0750711030908933,-0.001764518506534932,-0.04729679680118958,0.010098962525679687,8.684328909511765e-05,0.04729679680118958,0.010098962525679687,-8.684328909511765e-05,0.2642119894425074,0.014468443256057105,-0.0004317010536342356,0.3107909381389618,0.014348829939876474,-3.82984042565521e-05
19.851436113317806,1.0,1500.0,0.0,51.0,739.0,0.8282563826870644,612.0,127.0,5.593431537271873,1.6926529732164772,5405.723723999712,21.6,0.008028545941123996,46.386206896551705,7.931034482758622,8.04235171218645,58.0,43.839999999999996,20.820000000000004,8.455032380033629,10.0,46.386206896551705,7.931034482758622,8.04235171218645,58.0,0.1465293715860573,-0.005471202709656548,-0.005592017289512503,-0.0004916662804199711,-0.003402521088048549,-0.09546014595772694,-0.008269603835630772,13.731369752103696,48.0,291000.0,193.0,3577.999680042267,81.33035942489587,59.49829864501953,-0.6602455377578735,-275.8924560546875,0.45746469497680664,-276.34991455078125,0.009826128371059895,0.009826128371059895,0.0,0.7880176305770874,1.0101346969604492,1.0789556503295898,-0.06882089376449585,0.06882089376449585,,0.2662962079048157,,0.2890830338001251,2.4546628033121425,10.614969160047036,0.39280038247583177,-3.3669671336809794,1.270942075716465,-0.015914995784356352,-269.04137369791664,3.5184240819849872,-0.05559211026573928,-0.010033554087082544,0.37908232176302037,0.001986445738489566,-269.0313415527344,3.4871961987759375,-0.057578488902595086,0.009374835186948378,0.0003520482388823943,3.958871366416764e-05,0.009374835186948378,0.0003520482388823943,3.958871366416764e-05,0.0,0.0,0.0,3.4581834713617963,1.2806523006045074,0.017395058569308695,0.9359377165635426,0.08268676133999857,0.0002568888982490411,0.9778401176134746,0.08122665430686297,0.00041633015612471273,-0.041902400677402814,0.013181783602694949,-0.0001594404597767726,0.041902400677402814,0.013181783602694949,0.0001594404597767726,0.2694098318616549,0.012364753401932866,-1.2614607015368464e-05,0.3161789745092392,0.018069888261509733,5.984890447707053e-05
21.452738952636718,1.0,1500.0,0.0,5.0,739.0,0.0809153496608076,59.0,680.0,5.821228780936129,0.8651760619355952,7111.481005239874,240.0,0.09287206872533085,44.5551724137931,23.589655172413792,8.452788185077775,58.0,45.494339622641526,25.30943396226415,8.205009852948658,53.0,44.5551724137931,23.589655172413792,8.452788185077775,58.0,0.2191751992881978,-0.011499906595592314,-0.005822430676534185,-0.002358301571263223,-0.002423469387755103,-0.1367346938775507,-0.018195945619259097,14.845115375385728,5.0,292500.0,194.0,3594.6093995571136,81.37184530704184,0.19912873208522797,-2.5852198600769043,-271.7640075683594,0.23507137596607208,-271.99908447265625,0.009109796956181526,0.009109796956181526,0.0,2.6386475563049316,0.9795148372650146,1.0300328731536865,-0.05051808804273605,0.05051808804273605,,0.27816376090049744,,0.3131290674209595,2.0277914702892303,9.057099792912185,0.1617493882990785,-3.0384366234143574,1.0166500481110032,0.023102040205967195,-269.5935831705729,2.641512966864808,0.115969838448977,0.04614207881192366,0.2595553014485544,0.003098172638088765,-269.6397257486979,2.706115970387239,0.11287177810414775,0.009494572257002195,0.00031419749694706396,-3.435328246422717e-05,0.009494572257002195,0.00031419749694706396,-3.435328246422717e-05,0.0,0.0,0.0,3.1257536093393963,1.0156351985245309,-0.02348971271408818,0.9474381506443024,0.05372651923298008,0.0011375137510500988,0.9898764908313751,0.0557785350216123,0.0006502939013140326,-0.0424383345991373,0.010457616066584598,0.0004872210075181645,0.0424383345991373,0.010457616066584598,-0.0004872210075181645,0.2695231402913729,0.01513226565230003,5.6374891846535946e-05,0.31354654431343076,0.019726806989553022,-0.00011159361933707815
18.572532984675192,1.0,1500.0,0.0,52.0,739.0,0.8438378761827054,623.0,116.0,5.77285648879545,1.7735700003437507,5154.456260377975,22.6,0.008662322729014947,44.98275862068966,5.875862068965516,8.503022850088646,58.0,36.82222222222222,7.044444444444447,10.608194933999942,9.0,44.98275862068966,5.875862068965516,8.503022850088646,58.0,0.1486307680894184,-0.005928812376520451,-0.00629831425760317,-0.0005081408060567915,-0.0016163894370829785,-0.10427591391786216,-0.008588922240308874,13.922139137809989,49.0,294000.0,195.0,3614.0933578014374,81.34820296364705,0.31573420763015747,-3.6856942176818848,-270.5128479003906,0.027014940977096558,-270.53985595703125,0.008107392117381096,0.008107392117381096,0.0,3.800140857696533,0.9423957467079163,0.9856106042861938,-0.04321484640240669,0.04321484640240669,,0.28493767976760864,,0.3262818455696106,0.44303541282812753,0.2989987741841503,-0.005217445261353791,-3.6195812106132506,0.9763234275263906,0.011208760009061342,-271.30979309082034,3.2269497270745733,0.004703026963558511,-0.10763976822296778,0.33786985731643226,-0.013756489723887669,-271.2021545410156,3.224042408938334,0.0184596383134138,0.009004339730987946,0.00036489422620515546,-3.489935138698967e-05,0.009004339730987946,0.00036489422620515546,-3.489935138698967e-05,0.0,0.0,0.0,3.7112685362497966,0.9740826914514769,-0.010724644772335538,0.910792084534963,0.07177646655317495,-0.002763723080627675,0.9573714594046275,0.07141880964385056,-0.002892865872091409,-0.04657937592516343,0.012240839576454604,0.0001291425904886891,0.04657937592516343,0.012240839576454604,-0.0001291425904886891,0.2779964476823807,0.013443889778129962,0.00013535569719264865,0.32299502392609913,0.01442169226986957,0.00022701276290137672
22.600726249171238,1.0,1500.0,0.0,55.0,739.0,0.8911095244674545,658.0,81.0,5.76993062534847,1.7598135374879447,5117.3453634009575,15.200000000000001,0.0058259869681870444,44.98275862068962,4.5379310344827575,8.372335246241606,58.0,32.74285714285715,2.914285714285719,11.623615304052688,7.0,44.98275862068962,4.5379310344827575,8.372335246241606,58.0,0.1485133528673812,-0.005587066460790725,-0.005446686129372376,-0.0003518347229494295,-0.0021719699678226737,-0.08680729352877896,-0.008497477397608491,13.902379934511469,51.0,295500.0,196.0,3633.6692550182343,81.32275649246374,56.394264221191406,-3.3830881118774414,-272.46429443359375,0.6990333795547485,-273.163330078125,0.009144497103989124,0.009144497103989124,0.0,3.7450690269470215,1.0775482654571533,1.1288998126983643,-0.05135152488946915,0.05135152488946915,,0.27466827630996704,,0.33469459414482117,2.239528580754995,10.065504487527857,0.36917115099338604,-2.9985316241780917,1.2369371467297432,-0.025745652306066534,-271.87684733072916,3.6823654128082652,-0.08724654455470292,0.09006924579540888,0.3471778843722604,0.0010002206973690102,-271.9669169108073,3.5451102880838183,-0.08824661136070731,0.008700202250232299,0.000343534876573105,3.9037945861611933e-05,0.008700202250232299,0.000343534876573105,3.9037945861611933e-05,0.0,0.0,0.0,3.099914743502935,1.2361013017465656,0.030430090878245778,0.9512990991274516,0.07917454989979177,-5.863028453112181e-05,0.9989908238252004,0.07343360310941206,0.0002154374812150246,-0.04769170992076397,0.013292899481339063,-0.0002740658836250704,0.04769170992076397,0.013292899481339063,0.0002740658836250704,0.2687951674064,0.01683685588849986,-0.00029061525496545953,0.3117621054251989,0.017347532049883572,-0.0001733743110143331
22.480268050323833,1.0,1500.0,0.0,48.0,739.0,0.7687273432875109,568.0,171.0,5.595391336091196,1.6818876744026106,5567.170614259572,28.8,0.010711097887533471,46.35862068965517,8.662068965517243,8.043116215685556,58.0,45.74285714285713,20.97142857142857,8.281336399042667,14.0,46.35862068965517,8.662068965517243,8.043116215685556,58.0,0.14769156730202113,-0.005399977952551935,-0.0052620285426277676,-0.000522195833563842,-0.00265770423991728,-0.08637021716649294,-0.008090496329291538,13.823652056869186,44.0,297000.0,197.0,3653.028233766556,81.30241021810279,0.29103541374206543,-3.0231375694274902,-271.7301940917969,0.23692132532596588,-271.96710205078125,0.010230129584670067,0.010230129584670067,0.0,3.081824779510498,0.986639142036438,1.0317025184631348,-0.04506348818540573,0.04506348818540573,,0.2759827673435211,,0.3340096175670624,4.531846571962038,13.328261057122877,0.4812564644585463,-3.6883567333221436,1.20572097161749,0.03341498629535012,-272.4470662434896,4.141959381407806,0.2690891219193276,0.09784489249189694,0.3737365706441544,0.006959309754634197,-272.54491068522134,4.102203764312403,0.2621298580997201,0.009495570976287126,0.000328627791787046,2.9516493791799025e-05,0.009495570976287126,0.000328627791787046,2.9516493791799025e-05,0.0,0.0,0.0,3.8176854530970257,1.196729069397195,-0.032416619660459355,0.9529905358950297,0.08265378213688288,0.0025682932012470803,1.0010936657587688,0.08008823935879768,0.0015202339817339755,-0.04810314135005077,0.01576702348344534,0.001048061133541575,0.04810314135005077,0.01576702348344534,-0.001048061133541575,0.2678388540943464,0.01322461415587854,0.00013702960977033526,0.30873521268367765,0.016368365070757715,0.0002627010008649579
20.736765252916438,1.0,1500.0,0.0,41.0,739.0,0.6565447624034165,485.0,254.0,5.606060854369528,1.6024447149024161,5698.66929886684,50.0,0.01863168877627068,46.26896551724138,10.617241379310345,8.083535695266924,58.0,45.82,21.08,8.191069124232603,20.0,46.26896551724138,10.617241379310345,8.083535695266924,58.0,0.14862659476961224,-0.005692488242264069,-0.005408180095610623,-0.0006775081906790241,-0.0033265035555020035,-0.09362420151861998,-0.008428426156815707,13.865694590626893,38.0,298500.0,198.0,3672.2456958293915,81.28541081524301,0.9445833563804626,-4.747955322265625,-272.9135437011719,-0.3863796591758728,-272.52716064453125,0.009989224374294281,0.009989224374294281,0.0,4.72895622253418,0.8507123589515686,0.8961176872253418,-0.0454053059220314,0.0454053059220314,,0.27493953704833984,,0.3160768151283264,0.4962375452121099,0.5219509614629353,0.008203099818860847,-3.271554692586263,1.2523157772736335,-0.031347575468799474,-273.99444274902345,4.5692696398480575,0.14251406863746885,-0.04143731767932574,0.3223073451945893,-0.0035841110666946533,-273.9530059814453,4.519318994866726,0.14609834630710553,0.009871202210585276,0.00013533752482358574,-3.7694886509119883e-06,0.009871202210585276,0.00013533752482358574,-3.7694886509119883e-06,0.0,0.0,0.0,3.3851121505101522,1.2135086386404088,0.032808286329530326,0.9193772971630096,0.07383398929818026,-0.0001667291224334535,0.9710087796052297,0.06983482165105773,-0.0007757731221276726,-0.05163149411479632,0.017169577528350022,0.0006090447555261956,0.05163149411479632,0.017169577528350022,-0.0006090447555261956,0.2679695794979731,0.012332276062449837,-0.00044994621441282523,0.3118962973356247,0.015137476599394016,-6.0087561739969545e-05
18.036363111959922,1.0,1500.0,0.0,39.0,739.0,0.6321507293112242,467.0,272.0,5.691572900580157,1.5860825479236111,5729.871799720582,27.200000000000003,0.010133373072051264,45.49491525423729,10.338983050847459,8.403109637683745,59.0,43.08181818181817,18.290909090909093,8.992257460935354,22.0,45.49491525423729,10.338983050847459,8.403109637683745,59.0,0.14577399370273025,-0.006539461814360741,-0.0050101961038085605,-0.000567877970685889,-0.0026063437423162073,-0.10208999262355385,-0.00912550976779855,13.675965223550458,37.0,300000.0,199.0,3691.275481939316,81.2727203558339,0.3577336072921753,-3.798743724822998,-266.5954895019531,0.00462321937084198,-266.60009765625,0.010565378703176975,0.010565378703176975,0.0,3.8381552696228027,0.9596365690231323,0.9810160398483276,-0.02137942798435688,0.02137942798435688,,0.27143630385398865,,0.31026941537857056,0.3269243704775969,0.3863306089486611,-0.01825199829491151,-3.7050130287806193,1.2798634095669428,0.03915452188061139,-271.1173502604167,3.4798475163060063,0.09689042512514359,-0.003585663934548696,0.36367459667929264,0.01151407668667455,-271.1137654622396,3.5387761423657946,0.08537620739624513,0.010046296566724778,0.00027715202745977135,2.9129324868337796e-05,0.010046296566724778,0.00027715202745977135,2.9129324868337796e-05,0.0,0.0,0.0,3.7954206625620523,1.2777182966781295,-0.04120743128826419,0.9401263336340586,0.07740124121213046,0.002871539900379776,0.9793081959088643,0.07894937765285702,0.0024924907323648246,-0.03918185320993264,0.013415946847604292,0.0003790480483559541,0.03918185320993264,0.013415946847604292,-0.0003790480483559541,0.27026687810818356,0.01777202502818335,-0.000835313517869656,0.312079585591952,0.020296540019176232,-0.0009217652449751102
17.45163819083461,1.0,1500.0,0.0,58.0,739.0,0.9416603703912365,695.0,44.0,5.741607377788352,1.8292980527146736,5161.250855310135,18.6,0.007097069597069597,45.18620689655171,5.720689655172413,8.294629123276808,58.0,24.799999999999997,1.950000000000017,12.400241225956382,4.0,45.18620689655171,5.720689655172413,8.294629123276808,58.0,0.14862930091855525,-0.006420409546945889,-0.005998795206937829,-0.0004374769636900365,-0.0013749472796288453,-0.10932096161956649,-0.008836584075981318,13.886329041884396,54.0,301500.0,200.0,3711.0652112960815,81.24351980726897,0.19225305318832397,-4.032626628875732,-274.951416015625,-0.4953717291355133,-274.4560546875,0.008620686829090118,0.008620686829090118,0.0,4.104942798614502,0.8266669511795044,0.8757846355438232,-0.04911770671606064,0.04911770671606064,,0.2936073839664459,,0.3298597037792206,1.2252392922838529,3.6510416068262432,-0.1424404484510954,-3.1368745883305866,0.8912443143652806,0.006026711479840542,-273.10179646809894,3.3836027122452164,-0.0780172006439396,-0.12932149320840836,0.3321075014414629,-0.011717949915383103,-272.97247314453125,3.3741556682796885,-0.06629952334189983,0.009845101895431677,0.0005844194234900372,-6.355229263775113e-05,0.009845101895431677,0.0005844194234900372,-6.355229263775113e-05,0.0,0.0,0.0,3.2325905839602154,0.87864010571676,-0.004726736564127142,0.9079342186450958,0.07225070419433885,-0.0026555395365026766,0.9523380955060323,0.07152236520387344,-0.0024652972237286957,-0.04440388027578592,0.012586353657751367,-0.00019024209770994503,0.04440388027578592,0.012586353657751367,0.00019024209770994503,0.2716534381111463,0.01824457794756487,0.0002724797925906623,0.31760425170262657,0.01980446065812912,0.00017814164166985805
12.483473550705682,1.0,1500.0,0.0,23.0,739.0,0.36165874993136804,267.0,472.0,5.632422307888532,1.3231458762663113,6666.295501622371,99.80000000000001,0.037339120023944926,46.08275862068966,16.858620689655172,8.215940483531886,58.0,45.17837837837839,22.605405405405403,8.386451505121997,37.0,46.08275862068966,16.858620689655172,8.215940483531886,58.0,0.14383014603176247,-0.0069589547717428535,-0.0060085603657525745,-0.0010500346616504335,-0.004638847701758111,-0.11980512603262064,-0.009722793726221151,13.462333699058025,21.0,303000.0,201.0,3729.391549348831,81.24649718072783,0.23577764630317688,-2.3138515949249268,-273.09185791015625,-0.024729520082473755,-273.067138671875,0.008633829653263092,0.008633829653263092,0.0,2.4612936973571777,0.9326404929161072,0.9747958183288574,-0.04215538501739502,0.04215538501739502,,0.23932603001594543,,0.27740243077278137,0.671282809972763,0.9342578397563773,0.002735185119280942,-3.5770309289296467,1.0769890950100638,-0.003949182158184743,-272.6649230957031,2.5060040846850082,0.06244006469862976,0.0036295639971892038,0.3572083048066162,-0.0058707302599913325,-272.6685526529948,2.5214413874095802,0.06831084560101541,0.008932108463098606,0.00027290525712124854,2.0417899465202736e-05,0.008932108463098606,0.00027290525712124854,2.0417899465202736e-05,0.0,0.0,0.0,3.6718886812527973,1.0650432359297755,0.0035800111970062175,0.9391990641752879,0.07510490996771178,-0.000922941830054828,0.9807097335656484,0.0756424774035673,-0.0012371673599896973,-0.04151068311184645,0.009576812265149474,0.00031422640303682464,0.04151068311184645,0.009576812265149474,-0.00031422640303682464,0.26389969140291214,0.01525636499225492,7.78827074504871e-05,0.3121845781803131,0.019232743392133475,-6.941879153649528e-05
15.881239331045816,1.0,1500.0,0.0,47.0,739.0,0.7528487444822894,556.0,183.0,5.557650609684354,1.6587975114106581,5684.865154971201,37.800000000000004,0.013951428360522626,46.713793103448275,9.631034482758619,7.958526741890257,58.0,46.373333333333335,19.293333333333333,8.170585624850663,15.0,46.713793103448275,9.631034482758619,7.958526741890257,58.0,0.1488359929367893,-0.0065268317816204804,-0.0058597269622044455,-0.0007376421280076801,-0.003750921926035216,-0.11345485196501666,-0.008989957863661477,13.7808456312023,43.0,304500.0,202.0,3748.743350982666,81.22721976157177,0.3338964581489563,-4.068551063537598,-272.3381042480469,-0.6016041040420532,-271.73651123046875,0.008939577266573906,0.008939577266573906,0.0,4.100219249725342,0.8170293569564819,0.852463960647583,-0.03543458133935928,0.03543458133935928,,0.233491450548172,,0.2790195643901825,2.4401292035977047,11.302567111374355,0.07071081946238258,-3.4857919613520303,1.0450478799761158,0.0013918157944558488,-272.69574279785155,3.02273181648805,0.019501166932448737,0.0002571498354276021,0.3817799203697781,0.007893390196051299,-272.6960021972656,3.0293861199605874,0.011607596765509336,0.00872726651529471,0.00024503808292142504,2.333161538182942e-05,0.00872726651529471,0.00024503808292142504,2.333161538182942e-05,0.0,0.0,0.0,3.583711016178131,1.050812088524261,-0.0035283986930720757,0.9402583122253418,0.0804177344718124,0.0017523696876075845,0.9801218867301941,0.0804287497081991,0.0016508363908336846,-0.03986358748128017,0.011354932053599918,0.00010153179049690889,0.03986358748128017,0.011354932053599918,-0.00010153179049690889,0.2619933272401492,0.018893218832905654,-0.0008042669767002165,0.3104404419660568,0.02114830445509629,-0.0008113714227156642
6.130401565182593,1.0,1500.0,0.0,33.0,739.0,0.5327915834652645,393.0,346.0,5.604682844280067,1.5376229810286253,6406.816712228997,78.4,0.02917100759041524,46.33793103448278,14.700000000000001,8.056182025998654,58.0,44.73333333333332,21.96296296296296,8.36680839809349,27.0,46.33793103448278,14.700000000000001,8.056182025998654,58.0,0.14417145994034639,-0.006975811480360114,-0.0058711848531459755,-0.0008061975321560451,-0.0031583501586385982,-0.14975483126622083,-0.008772322878378746,13.10180876422065,31.0,306000.0,203.0,3767.39106965065,81.22331723538734,0.3692071735858917,-3.159952163696289,-270.1324768066406,-0.03629640117287636,-270.09619140625,0.008658954873681068,0.008658954873681068,0.0,3.3554394245147705,0.9447757005691528,0.9723570346832275,-0.027581308037042618,0.027581308037042618,,0.24369575083255768,,0.2949027419090271,0.3992057278752327,0.49906069214128057,0.001634802234186076,-3.204381771882375,1.2924253577722125,0.008289223199956838,-272.42644856770835,3.2273427545338227,0.059765285538623356,-0.05197832472622395,0.2219685545705266,0.0018649241193979833,-272.3744700113932,3.1544128759751815,0.057900237188458895,0.008859981875866651,0.00012240233248792285,-5.746854715737273e-06,0.008859981875866651,0.00012240233248792285,-5.746854715737273e-06,0.0,0.0,0.0,3.2983363807201385,1.3092204191712788,-0.005294813608566348,0.9321154912312826,0.0518313365170263,0.0006733518553787573,0.9690363466739654,0.04704717216976328,0.00039923505337536414,-0.03692086115479469,0.011866845442641024,0.0002741156284748127,0.03692086115479469,0.011866845442641024,-0.0002741156284748127,0.2613167608777682,0.015282320396095455,-0.0003783631344658435,0.30526439746220907,0.019237831153707988,-0.0004209069176696248
20.270769171714782,1.0,1500.0,0.0,54.0,739.0,0.8673670535872673,640.0,99.0,5.746858753272973,1.736524280523128,5188.782627401215,20.200000000000003,0.007715224199831946,45.141379310344824,6.406896551724142,8.35468063310391,58.0,40.074999999999996,13.624999999999996,9.650096775376872,8.0,45.141379310344824,6.406896551724142,8.35468063310391,58.0,0.15177562905825992,-0.00627757484400428,-0.005319676330608063,-0.0005244725763719131,-0.0008454106280193222,-0.09758454106279958,-0.009088674388060826,13.352686866134482,50.0,307500.0,204.0,3786.9687349796295,81.1995085039048,0.30871129035949707,-3.5027613639831543,-278.9520263671875,0.09789787232875824,-279.0499267578125,0.009275136515498161,0.009275136515498161,0.0,3.640115737915039,0.9417073130607605,1.00091552734375,-0.05920824408531189,0.05920824408531189,,0.2765190899372101,,0.3150033950805664,0.6825505803028743,1.2117785375266636,-0.02496768535841031,-3.1205675343672437,1.3341118476659761,0.00938903233896249,-272.2979695638021,3.730768016214889,0.04850399369525901,0.09917281692226727,0.39710332508716534,0.009145330363372811,-272.3971455891927,3.808795291388093,0.03935859179471318,0.008801249166329702,0.00016008888284085686,1.5181094175981432e-05,0.008801249166329702,0.00016008888284085686,1.5181094175981432e-05,0.0,0.0,0.0,3.2190556665261587,1.3487452071983357,-0.009170652854694658,0.9656936824321747,0.08152529600021,0.0021508584033129953,1.0009637077649434,0.08373684484712084,0.0019460838814333173,-0.03527004439383745,0.014250889652108701,0.00020477640441514337,0.03527004439383745,0.014250889652108701,-0.00020477640441514337,0.2666751965880394,0.014977350572449736,9.794348272783189e-05,0.30939434468746185,0.014897443609156881,0.00019203060460964817
20.50442228925989,1.0,1500.0,0.0,51.0,739.0,0.8258084681076145,610.0,129.0,5.498961081332668,1.7433458800521626,5308.22966236667,19.8,0.007358953393295176,47.20350877192985,6.715789473684208,7.786346615123952,57.0,45.779999999999994,14.059999999999999,8.021406990759901,10.0,47.20350877192985,6.715789473684208,7.786346615123952,57.0,0.14637623131150715,-0.005767492149018243,-0.005022226353628618,-0.0003405818896998068,-0.0010993176648976474,-0.09484457922668474,-0.008126374023010287,13.505154864506904,47.0,309000.0,205.0,3806.5689346790314,81.17546412595173,0.31066784262657166,-2.5241312980651855,-273.6642150878906,-0.15851005911827087,-273.5057067871094,0.009670864790678024,0.009670864790678024,0.0,2.612715244293213,0.9090005159378052,0.9458281397819519,-0.03682760149240494,0.03682760149240494,,0.2713060975074768,,0.30194562673568726,0.48352492054303486,0.5657877951944607,0.00267072239760163,-3.1722570935885113,0.9721513360548882,0.007834582413661808,-273.1350545247396,2.8183748269790234,-0.09599909458859984,0.03967381939291954,0.24879866626019342,-0.007938434331117402,-273.1747304280599,2.8299670144264324,-0.08806057973485208,0.009915931522846222,0.00020856036918160103,6.02243399792418e-06,0.009915931522846222,0.00020856036918160103,6.02243399792418e-06,0.0,0.0,0.0,3.2550876518090566,0.9619978289881136,-0.008156057340284696,0.9521627783775329,0.053808053616162255,-0.0019893252411992087,0.988594788312912,0.05387965695154477,-0.0017194251329933606,-0.03643201390902202,0.010405688043877894,-0.00026990049192319283,0.03643201390902202,0.010405688043877894,0.00026990049192319283,0.2665389945109685,0.01530076236623686,0.00011597932777362027,0.3129184752702713,0.019964883084315953,0.00019157353842483003
3.074920415878296,1.0,1500.0,0.0,19.0,739.0,0.29863094037769394,220.0,519.0,5.744788355582297,1.2937301590817727,6555.529038022072,184.4,0.0716283405842138,45.164912280701756,19.38947368421052,8.299969001728467,57.0,43.495000000000005,23.704999999999995,8.618980274634177,40.0,45.164912280701756,19.38947368421052,8.299969001728467,57.0,0.13926094653948523,-0.007817341011565154,-0.005888705946888887,-0.0008460068049822786,-0.0011523046092184368,-0.15731462925851666,-0.009239837376658577,13.171834053956731,17.0,310500.0,206.0,3824.619953393936,81.18453696934381,0.21012663841247559,-2.380657196044922,-272.585205078125,-0.04200291261076927,-272.543212890625,0.01082165539264679,0.01082165539264679,0.0,2.4223263263702393,0.9391920566558838,0.9707199335098267,-0.03152786195278168,0.03152786195278168,,0.2427765429019928,,0.2899700403213501,0.8661758080124855,1.9057864384226662,-0.021421904820488898,-2.7972793797651927,1.1686155723499674,0.0243696812793066,-272.0807779947917,2.692609884124377,0.07783755768128518,0.08473896471162637,0.4114154746695386,0.0012573812335099717,-272.16551717122394,2.567332155550062,0.07658002978570615,0.010162207329024871,0.0005505669776644292,6.063588945665382e-05,0.010162207329024871,0.0005505669776644292,6.063588945665382e-05,0.0,0.0,0.0,2.9249822348356247,1.1692200828662813,-0.02580350083822141,0.96743337114652,0.09250013795467704,0.000607027904077668,0.9983909726142883,0.08979722412970947,0.0002651464156764847,-0.03095760221282641,0.00967763269832828,0.0003418812289983207,0.03095760221282641,0.00967763269832828,-0.0003418812289983207,0.26575289070606234,0.01189296986511571,0.00019645842747374726,0.307309889793396,0.015450269240878174,0.0002516665633713929
24.293174459384037,1.0,1500.0,0.0,56.0,739.0,0.9087999497777497,671.0,68.0,5.546046197228583,1.7004606928880348,5091.065614473813,12.4,0.004572271386430678,46.75862068965518,5.227586206896555,7.926611994883074,58.0,42.73333333333333,12.933333333333328,9.1465198450865,6.0,46.75862068965518,5.227586206896555,7.926611994883074,58.0,0.14511098596695984,-0.004994011286021096,-0.004857789743041899,-0.00030315359754796257,-0.0007864488808227451,-0.07798807363235528,-0.007799604577334829,13.527269854368534,52.0,312000.0,207.0,3844.378566265106,81.15746007373943,0.29542943835258484,-2.4511046409606934,-275.0882263183594,0.24481666088104248,-275.3330383300781,0.011355830356478691,0.011355830356478691,0.0,2.610011100769043,0.9945213794708252,1.034670114517212,-0.040148861706256866,0.040148861706256866,,0.28032925724983215,,0.3183494210243225,0.3870117982228597,0.3337135786476907,0.0013235843619197013,-3.156899333000183,1.2998373959092906,0.04612225775458803,-274.05877075195315,2.879554701519407,-0.08860773037749786,0.1046324619402488,0.31630340022116205,-0.0032022892972982746,-274.1634023030599,2.857048978193809,-0.085405299236557,0.011246287977943819,0.0002813854927974081,2.9522772501320974e-05,0.011246287977943819,0.0002813854927974081,2.9522772501320974e-05,0.0,0.0,0.0,3.2736103097597757,1.296723155906726,-0.04600449693083644,0.9666107575098674,0.07147971635579205,-0.0009675411281649592,1.0032582561175027,0.07059797352056743,-0.0007084393262598327,-0.03664750810712576,0.010475735566202779,-0.0002591017061829963,0.03664750810712576,0.010475735566202779,0.0002591017061829963,0.26659489969412486,0.012944667411285856,-0.00012336552342000944,0.30926520228385923,0.015209985223073832,1.0434088107602803e-05
9.339341163635254,1.0,1500.0,0.0,19.0,739.0,0.3065404984940146,226.0,513.0,5.459574005451771,1.2789161445411548,6779.445818933539,176.8,0.0640997752157204,47.55517241379311,21.124137931034483,7.846617633142097,58.0,47.80999999999999,27.179999999999996,7.71777609050117,40.0,47.55517241379311,21.124137931034483,7.846617633142097,58.0,0.14681290525602755,-0.006389143629738589,-0.005057852188509884,-0.0007340294084382206,-0.0015613195668597315,-0.13900780659783502,-0.008850110610620025,12.601597092569701,18.0,313500.0,208.0,3862.404174566269,81.16706223144155,0.27418944239616394,-3.4936470985412598,-273.2601318359375,0.18851682543754578,-273.4486389160156,0.011286014690995216,0.011286014690995216,0.0,3.6625442504882812,0.990587592124939,1.0220389366149902,-0.031451355665922165,0.031451355665922165,,0.25812095403671265,,0.29545098543167114,0.4841402714451154,0.6423408172587267,0.01667710682905555,-3.0915934244791665,1.0979523898965533,0.0035184054008713813,-274.35277303059894,2.770843318434073,0.01521448256309909,-0.050883997976779935,0.37473055124644783,0.009869822291232587,-274.30188903808596,2.670375782055479,0.005344649708449748,0.010941727459430695,0.0003059093909653238,-2.34436198190535e-05,0.010941727459430695,0.0003059093909653238,-2.34436198190535e-05,0.0,0.0,0.0,3.1969048976898193,1.0967197830129511,-0.00164710464944305,0.9332804441452026,0.08555070933388892,0.0022731617109661437,0.9687192261219024,0.08286058137738514,0.00219607869032623,-0.03543878514319658,0.009909967513262804,7.708610239561992e-05,0.03543878514319658,0.009909967513262804,-7.708610239561992e-05,0.2639813338716825,0.018921060547210405,-3.2157703687141025e-05,0.3084387888511022,0.01961167991866357,2.655284821124728e-05
26.667865085601807,1.0,1500.0,0.0,44.0,739.0,0.6996911491598926,517.0,222.0,5.711837311534798,1.6321367049796711,5611.614958653776,24.400000000000002,0.009259962049335864,45.43103448275861,7.693103448275859,8.250914288177745,58.0,42.79999999999999,16.400000000000002,8.883445526619639,18.0,45.43103448275861,7.693103448275859,8.250914288177745,58.0,0.14852955845724763,-0.004803871091567663,-0.005313638054796589,-0.0004207568289736566,-0.0021961766044606285,-0.06873008648156576,-0.007855161893914164,13.659456661605432,40.0,315000.0,209.0,3881.688299894333,81.15025619356787,0.4370895326137543,-3.7061362266540527,-271.240234375,0.1559394896030426,-271.39617919921875,0.011177908629179,0.011177908629179,0.0,3.757082939147949,0.9925390481948853,1.0147017240524292,-0.02216276153922081,0.02216276153922081,,0.2588867247104645,,0.30551138520240784,0.4181495323777199,0.2551058329371424,0.0060786485837749675,-2.683665109674136,1.1576777344021592,0.029267211571684017,-276.5862548828125,3.8449641999241715,-0.0016642569434731516,-0.04201245879133542,0.28606518802476666,-0.006632578387873065,-276.54424336751305,3.7851658570565254,0.004968146301886252,0.011569355862836044,0.00017200290429450496,-1.1494045909308031e-05,0.011569355862836044,0.00017200290429450496,-1.1494045909308031e-05,0.0,0.0,0.0,2.793686827023824,1.148546841570775,-0.028419078231786146,0.9285204311211904,0.06785500748810082,-0.001410270996963638,0.9705282827218373,0.06411867459242424,-0.0014858446476589582,-0.04200785302867492,0.014003531279743832,7.557242454026641e-05,0.04200785302867492,0.014003531279743832,-7.557242454026641e-05,0.2655259003241857,0.015674335263242564,3.1664884660607554e-05,0.3058586835861206,0.013993703488372311,-3.537721973373307e-05
13.766789509699894,1.0,1500.0,0.0,28.0,739.0,0.4520397695347284,334.0,405.0,5.785205840106653,1.3894438393517676,6229.896533923885,140.6,0.05397312859884837,44.91379310344829,16.241379310344822,8.47305436901504,58.0,43.324999999999996,24.025,8.795541330071963,32.0,44.91379310344829,16.241379310344822,8.47305436901504,58.0,0.1474611302244737,-0.006597440197570305,-0.0056319791080504155,-0.0006820966296974795,-0.0026238053866203238,-0.12038227628149345,-0.008609166264770776,13.117278551037938,26.0,316500.0,210.0,3900.1054248809814,81.15165246069176,0.34365975856781006,-2.1153464317321777,-277.77044677734375,-0.20813363790512085,-277.56231689453125,0.010248307138681412,0.010248307138681412,0.0,2.258404016494751,0.8913573622703552,0.93455970287323,-0.04320234805345535,0.04320234805345535,,0.29677116870880127,,0.3412078022956848,0.47088385075330735,0.2662752306383094,0.003713007176810827,-2.981666519244512,1.2210722847580386,0.02401522787845181,-277.528173828125,3.768848915064633,-0.013925642749753993,-0.10431801229715347,0.26760528702991077,0.003729343251869073,-277.4238555908203,3.7146860303663365,-0.017655053738091953,0.010624827009936173,0.00022863456101528248,-2.5198872597915316e-05,0.010624827009936173,0.00022863456101528248,-2.5198872597915316e-05,0.0,0.0,0.0,3.0695077538490296,1.1983566944824675,-0.023090999754968342,0.9134628256162007,0.0628424488459291,0.0008246054771346804,0.9569895386695861,0.05902939740874908,0.0008322299653881632,-0.04352670423686504,0.013694065174380862,-7.624366425300744e-06,0.04352670423686504,0.013694065174380862,7.624366425300744e-06,0.2650960569580396,0.015199550101304688,7.523412632862363e-05,0.30691536764303845,0.020606353870637997,0.00011834633496233406
16.39435843265418,1.0,1500.0,0.0,35.0,739.0,0.5653003167838082,417.0,322.0,5.390814685985913,1.5114697992995645,6208.912280722398,61.0,0.02184500787852743,48.14482758620688,13.824137931034482,7.665953250810509,58.0,47.75200000000001,24.703999999999997,7.626750408236568,25.0,48.14482758620688,13.824137931034482,7.665953250810509,58.0,0.14038206398681502,-0.005659330164160006,-0.006338761469351597,-0.0005684210529515301,-0.005023380093520409,-0.09843687374749396,-0.007945919869257034,12.672412274061825,33.0,318000.0,211.0,3919.0040822029114,81.14306424025183,0.2873322367668152,-3.2159676551818848,-278.04241943359375,0.5276702642440796,-278.5700988769531,0.010498135350644588,0.010498135350644588,0.0,3.4368534088134766,1.0506155490875244,1.0958030223846436,-0.04518747702240944,0.04518747702240944,,0.27116507291793823,,0.32917213439941406,0.8897318815191587,2.7670632009426717,-0.09749419264520252,-2.6854166189829507,1.0792417573823834,-0.021936540900666355,-276.2859842936198,2.8965384284272075,0.012772410968792374,0.08497564569115638,0.3609552177094482,0.0075233258630197745,-276.37095845540364,2.889037055550339,0.005249043805190476,0.010351613132903973,0.00016521850951371696,9.018659914892182e-06,0.010351613132903973,0.00016521850951371696,9.018659914892182e-06,0.0,0.0,0.0,2.7901959995428722,1.0846945755961108,0.022539246798357216,0.9606962919235229,0.07933314286649486,0.0017300558832781636,0.9986196498076121,0.07897206977877333,0.0016534775727582805,-0.03792336458961169,0.010659378870994335,7.657488689937206e-05,0.03792336458961169,0.010659378870994335,-7.657488689937206e-05,0.26414197782675425,0.013483164204861522,-0.0001713559876824947,0.3083150774240494,0.018042614143248165,5.46053930437425e-05
19.29876713817184,1.0,1500.0,0.0,40.0,739.0,0.6357746108101481,469.0,270.0,5.568341245815358,1.6904345145905832,5804.360121690946,34.2,0.012670420865441612,46.53793103448274,9.424137931034489,7.998046431203687,58.0,43.952380952380956,16.923809523809528,8.460670854899732,21.0,46.53793103448274,9.424137931034489,7.998046431203687,58.0,0.1418575597658859,-0.005427482804287405,-0.005534477046226217,-0.000596459613196927,-0.003202504213821347,-0.09207801589212505,-0.007959534614952357,13.224368260184537,37.0,319500.0,212.0,3938.2332348823547,81.12774966451278,1.778696894645691,-2.55340838432312,-282.5566711425781,0.04801282286643982,-282.60467529296875,0.009721755981445312,0.009721755981445312,0.0,2.6462230682373047,0.9320759773254395,0.9903622269630432,-0.05828621983528137,0.05828621983528137,,0.26516926288604736,,0.3300698399543762,2.3285063922405245,5.74581288356227,-0.2032329553889487,-2.7756250937779745,0.9290800879157295,-0.02264119711548117,-278.4431111653646,3.264128114221434,-0.14193142391284694,0.0003592738260825475,0.2815568439643098,-0.0070510758466198155,-278.44346923828124,3.16690215996876,-0.13488037652512624,0.010385358706116676,0.0003191490539910499,-3.080549292490157e-05,0.010385358706116676,0.0003191490539910499,-3.080549292490157e-05,0.0,0.0,0.0,2.8662331144014996,0.9163572856334472,0.022982453212589474,0.9363274117310841,0.06595582513821507,-0.0019703415662746756,0.980155861377716,0.06158418812739793,-0.0015318082357540508,-0.043828437601526576,0.01147054977304686,-0.0004385348595885987,0.043828437601526576,0.01147054977304686,0.0004385348595885987,0.2667069733142853,0.015870963399434775,-0.0003965033572560886,0.30885641972223915,0.018751703313373533,0.0002621545144527621
29.667994379997253,1.0,1500.0,0.0,9.0,739.0,0.13505501647054388,99.0,640.0,5.821479649715243,0.9373122812170422,6892.313909922352,242.60000000000002,0.09392179636082075,44.53448275862069,22.17586206896551,8.452331903532185,58.0,44.98,25.171999999999993,8.303708726754014,50.0,44.53448275862069,22.17586206896551,8.452331903532185,58.0,0.17339093401399852,-0.006905290586340697,-0.005423512156079755,-0.000794198094462005,-0.0004438807863031071,-0.07000634115408988,-0.012971957629900223,14.51977478919049,8.0,321000.0,213.0,3955.348836183548,81.15592664381221,0.5070322751998901,-2.7782950401306152,-285.7115783691406,-0.06841136515140533,-285.6431579589844,0.009300784207880497,0.009300784207880497,0.0,2.963009834289551,0.8976873755455017,0.9653749465942383,-0.06768755614757538,0.06768755614757538,,0.288388192653656,,0.3427612781524658,1.023300159474214,3.3465231022680184,-0.04292367817098495,-2.4633365233739215,1.089867797015492,-0.02944224909760128,-278.2319671630859,3.2209946802633294,-0.07924562312073473,-0.03241451705495516,0.34305645934664614,-0.0039753524974005154,-278.1995544433594,3.1430444843661034,-0.07526969527773464,0.009584330394864083,0.00012891965649942862,-1.090189672020327e-05,0.009584330394864083,0.00012891965649942862,-1.090189672020327e-05,0.0,0.0,0.0,2.5548954327901203,1.0945003267617384,0.029200569620652192,0.931829434633255,0.07662253644251024,-0.001067360980359563,0.9730430126190186,0.0738226075361756,-0.0008484693204733363,-0.04121357034891844,0.011442780099111205,-0.00021889181279300592,0.04121357034891844,0.011442780099111205,0.00021889181279300592,0.2676721672217051,0.020144890739809056,0.00023991763923270933,0.31196112334728243,0.021337671274061214,0.00042860976713517314
26.4234681892395,1.0,1500.0,0.0,54.0,739.0,0.8698627984337836,642.0,97.0,5.724659407156373,1.920909039918849,5313.6537704664825,20.6,0.007840450635609347,45.29999999999998,4.43448275862069,8.329460787015007,58.0,37.775,10.274999999999995,10.292841204707823,8.0,45.29999999999998,4.43448275862069,8.329460787015007,58.0,0.1483370427420169,-0.005931427196123105,-0.005764577691405747,-0.0005490368761521819,-0.002528630325240506,-0.0641319285387077,-0.009111209013554184,13.25556119939087,50.0,322500.0,214.0,3974.8649950027466,81.13483109626398,0.32736802101135254,-2.5610527992248535,-286.43377685546875,-0.004877820611000061,-286.42889404296875,0.00899800006300211,0.00899800006300211,0.0,2.6482982635498047,0.9101561307907104,0.9789646863937378,-0.06880846619606018,0.06880846619606018,,0.27022260427474976,,0.3038877248764038,1.2500335584084192,3.7065279860453058,0.09658071162703309,-2.726744451622168,1.3214958262508902,0.038354801200123134,-278.8708994547526,3.7355507795900844,-0.11460632392110155,-0.02933977556725343,0.35699860124125216,0.019065505809029444,-278.84156087239586,3.7872333161382143,-0.13367169033300197,0.008779579773545265,0.0001885348986300005,6.2371321329149794e-06,0.008779579773545265,0.0001885348986300005,6.2371321329149794e-06,0.0,0.0,0.0,2.817112409075101,1.3039443039157494,-0.03735818494944218,0.931926025946935,0.07416650287565707,0.0036085639700077963,0.9737783213456471,0.07536980502942119,0.004041171988868055,-0.04185228664427996,0.01373265951323485,-0.0004326056224916609,0.04185228664427996,0.01373265951323485,0.0004326056224916609,0.2656308442354202,0.0169343867642729,-8.744987285177372e-05,0.3048765192429225,0.020575663718534937,-0.0003684835054718017
26.670131750106812,1.0,1500.0,0.0,54.0,739.0,0.8777634856714763,648.0,91.0,5.540918015256006,1.7823946776988442,5301.447665705218,19.8,0.007294429708222812,46.80000000000001,5.1,7.8895744157213334,58.0,41.1,14.950000000000003,9.492762872066322,8.0,46.80000000000001,5.1,7.8895744157213334,58.0,0.14333596243823296,-0.005021878079898309,-0.005242961067642254,-0.0004775046860857667,-0.001716318363717208,-0.06267674522009731,-0.007678152446189008,13.058643417203278,50.0,324000.0,215.0,3994.5299921035767,81.11091934232216,2.3932175636291504,-2.439927101135254,-279.2080383300781,0.3162247836589813,-279.5242614746094,0.009310692548751831,0.009310692548751831,0.0,2.5750021934509277,1.0058038234710693,1.0476170778274536,-0.04181330278515816,0.04181330278515816,,0.2690011262893677,,0.33299699425697327,3.569295433163643,15.00294214225635,-0.16486194026350853,-2.8581053758660953,1.2046273024602236,-0.006271855627602016,-279.9624369303385,3.2819503130105887,-0.08183586960772017,0.04099143395821254,0.3688618731087797,-0.005021012356469581,-280.00342814127606,3.220560229274842,-0.0768145840213006,0.009326691242555777,0.00019058157348742584,1.3194960004362935e-05,0.009326691242555777,0.00019058157348742584,1.3194960004362935e-05,0.0,0.0,0.0,2.9708876863121985,1.216657597004465,0.0063005222859186145,0.9443103194236755,0.08092538753807779,-0.0013000243497770269,0.9887028614679972,0.07884876749328237,-0.0010761793781573399,-0.044392528291791675,0.011691354315133786,-0.00022384746060255935,0.044392528291791675,0.011691354315133786,0.00022384746060255935,0.2666492606202761,0.017121084512075186,-0.0004998455953279839,0.3072723497947057,0.020890456628911314,-0.00011950379218886427
24.953510170287274,1.0,1500.0,0.0,51.0,739.0,0.8227205188631455,607.0,132.0,5.529951495748901,1.797673219656892,5567.139313565169,21.400000000000002,0.007858401880141011,46.95172413793103,7.341379310344829,7.894173048854268,58.0,45.30909090909091,21.381818181818183,8.413093815476802,11.0,46.95172413793103,7.341379310344829,7.894173048854268,58.0,0.1450129640639301,-0.005118607717306046,-0.005775610597388837,-0.0004064488496902851,-0.0006587112171837701,-0.07278281622911607,-0.007896346218271268,13.280700153743659,47.0,325500.0,216.0,4014.0895676612854,81.08937145357345,0.29746466875076294,-2.4733595848083496,-273.2380065917969,0.3131951689720154,-273.55120849609375,0.00952163990586996,0.00952163990586996,0.0,2.625539541244507,1.028984785079956,1.047292709350586,-0.018307972699403763,0.018307972699403763,,0.27206721901893616,,0.31938472390174866,0.7496384466687839,0.9543173234776092,0.02495514768713441,-2.7743838310241697,1.2386086037930912,0.05046370175311786,-278.104335530599,2.9892503941002975,0.0011105954315552204,-0.01972656901925802,0.2964946921400789,-0.004890506858372853,-278.08460795084636,2.891051572882819,0.006000814978888747,0.009569326136261224,9.299807774858853e-05,2.352231792334644e-06,0.009569326136261224,9.299807774858853e-05,2.352231792334644e-06,0.0,0.0,0.0,2.880303770303726,1.2116295601819065,-0.04716771562584787,0.9400751213232676,0.06746490298787168,-0.0009733414490841109,0.9757479131221771,0.06374845645103921,-0.0010518844851662883,-0.035672794096171856,0.010579757855625045,7.85440558752054e-05,0.035672794096171856,0.010579757855625045,-7.85440558752054e-05,0.2583754450082779,0.011517721197594024,-0.00019024943350685522,0.2988870849212011,0.014545084954819602,-0.00031614736534730126
25.259994718763565,1.0,1500.0,0.0,58.0,739.0,0.9324445276347981,689.0,50.0,5.551674011844703,1.9104296566516503,5062.525680424065,14.200000000000001,0.0052437223042836045,46.689655172413794,3.98620689655172,7.987658344503557,58.0,37.3,4.249999999999972,9.951315563638195,4.0,46.689655172413794,3.98620689655172,7.987658344503557,58.0,0.14464642554566173,-0.004877639136871108,-0.005644023103813646,-0.0003164593147499415,-0.0011012848323043525,-0.07148339729684511,-0.007901157534972978,13.42438269724373,54.0,327000.0,217.0,4033.9147458076477,81.06269482760968,0.30426108837127686,-3.0444254875183105,-275.9881896972656,-0.2056659758090973,-275.78253173828125,0.009000703692436218,0.009000703692436218,0.0,3.1362624168395996,0.911567211151123,0.936339795589447,-0.02477259933948517,0.02477259933948517,,0.24202628433704376,,0.2703239321708679,0.362358166774114,0.22565598822797883,0.0025385748226199613,-2.831662264466286,1.2437574224854182,0.006356297073693188,-279.16078186035156,2.755716827448864,-0.048853591392769964,0.016555010403196017,0.32968560273674535,-0.00888271349605517,-279.1773366292318,2.7081448719719012,-0.03997094617934412,0.009459424391388893,0.00032565638150017944,-3.510771880757181e-05,0.009459424391388893,0.00032565638150017944,-3.510771880757181e-05,0.0,0.0,0.0,2.9310410281022388,1.2424271140027816,-0.007240749718217397,0.9457081695397694,0.07231665318816674,-0.0019993346710756974,0.9836693604787191,0.07092299913603771,-0.001910173667551289,-0.037961196278532346,0.009821486615066802,-8.91621090944134e-05,0.037961196278532346,0.009821486615066802,8.91621090944134e-05,0.2576040138800939,0.01907578182955267,-0.000831016344541441,0.2993897716204325,0.020747455995991954,-0.0008198273062573444
19.291885308730297,1.0,1500.0,0.0,42.0,739.0,0.6692838541311544,494.0,245.0,5.378322377824162,1.6649384230582427,5947.446092103302,44.400000000000006,0.01587074635401773,48.234482758620686,10.858620689655172,7.585156829117809,58.0,47.49473684210526,22.621052631578944,7.520035868512815,19.0,48.234482758620686,10.858620689655172,7.585156829117809,58.0,0.1390391077750935,-0.005162154011934198,-0.006033263622916458,-0.0003737934991030761,-0.0017802816901408406,-0.09014084507042126,-0.007491273725727391,12.907006101463539,39.0,328500.0,218.0,4053.233373403549,81.04640659369548,0.1761622130870819,-4.440692901611328,-285.6153259277344,-0.09836771339178085,-285.5169677734375,0.01030948106199503,0.01030948106199503,0.0,4.488079071044922,0.8999907970428467,0.9584972858428955,-0.05850650742650032,0.05850650742650032,,0.27638113498687744,,0.311843603849411,0.44713205595811206,0.3959330709021201,-0.009108158684148153,-2.7861490269502003,1.288155934865761,0.010222971306759535,-280.79249776204426,3.46433832054279,-0.0043986930465198006,0.07777336637179057,0.26927496897819475,-0.0049692977886974365,-280.8702697753906,3.4421705017631172,0.0005704987964103649,0.010085834407558043,0.0004483247810331054,4.177129329145937e-05,0.010085834407558043,0.0004483247810331054,4.177129329145937e-05,0.0,0.0,0.0,2.9012940367062887,1.2921956873894012,-0.01004942540199529,0.9544637401898702,0.06051614032794173,-0.001014689767983935,0.9968919018904369,0.05875092062384118,-0.001073344544123251,-0.042428164494534334,0.012542315416335412,5.865525972259805e-05,0.042428164494534334,0.012542315416335412,-5.865525972259805e-05,0.26021959880987805,0.013384409454719071,0.00019243805771807076,0.3070856114228567,0.01780278790452283,-0.00029942427116454005
28.27975394287888,1.0,1500.0,0.0,53.0,739.0,0.8515779804928576,629.0,110.0,5.563610629725043,1.8045136824509151,5227.173231966779,18.2,0.006728778467908903,46.63448275862068,5.710344827586207,7.9990328528713315,58.0,48.311111111111124,18.333333333333332,7.450058686772686,9.0,46.63448275862068,5.710344827586207,7.9990328528713315,58.0,0.14922835013501298,-0.005154035490590263,-0.005415834797582057,-0.00040460869690051233,-0.002051137960101156,-0.06226468109019354,-0.008587042742832885,14.039902868469284,49.0,330000.0,219.0,4072.851845264435,81.0243074232361,2.4728879928588867,-1.1772029399871826,-278.9361572265625,-0.28126266598701477,-278.6549072265625,0.009865951724350452,0.009865951724350452,0.0,1.209123134613037,0.8872412443161011,0.919103741645813,-0.03186246007680893,0.03186246007680893,,0.26025235652923584,,0.2928253710269928,0.47565213044484456,0.4272456676988639,0.01552591067930482,-2.8180398682753247,1.1528702271108988,0.029982126209971954,-280.8382080078125,3.7597690940741844,0.09065595887792369,-0.025089872380097706,0.36531361265860157,0.0008302612849682119,-280.8131154378255,3.6616584865459973,0.08982579249296758,0.010002728706846634,0.00018737030646165493,-1.9460456348433858e-05,0.010002728706846634,0.00018737030646165493,-1.9460456348433858e-05,0.0,0.0,0.0,2.9231510440508526,1.1520853092991727,-0.03163069562201253,0.933985690275828,0.08343987390860531,0.0005677621277075951,0.9745066205660502,0.07943740499666305,0.00018460331557189095,-0.04052092774460713,0.013420811070165344,0.0003831607145614714,0.04052092774460713,0.013420811070165344,-0.0003831607145614714,0.25755467017491657,0.009550337323680476,6.0868375956410786e-05,0.3063032478094101,0.013932198898628135,0.00018201747513453144
13.671333312988281,1.0,1500.0,0.0,29.0,739.0,0.45944539811980306,339.0,400.0,5.424056933361516,1.482757304323449,6568.607667853485,103.60000000000001,0.03734679163662581,47.82758620689654,17.44482758620689,7.754651139528128,58.0,48.38064516129033,27.05806451612903,7.442189530957981,31.0,47.82758620689654,17.44482758620689,7.754651139528128,58.0,0.14505370543915608,-0.006494406234299499,-0.005702344788081605,-0.0007326553985913021,-0.002279202279202274,-0.11597117479470335,-0.009074988455836831,12.610768373025845,27.0,331500.0,220.0,4091.5002019405365,81.02162621005728,0.2955527603626251,-3.635263442993164,-287.1431884765625,0.14427800476551056,-287.2874755859375,0.009569086134433746,0.009569086134433746,0.0,3.7361724376678467,0.9495565891265869,1.011034607887268,-0.06147811561822891,0.06147811561822891,,0.27321118116378784,,0.3104482889175415,0.35161076684792836,0.23861245750872978,0.007752428635606771,-2.5167974015076955,1.1241811123407117,0.002400686252899545,-279.4549041748047,3.19153542854586,0.05394636754597412,-0.0068406261503696445,0.285517472592277,0.012764047132649602,-279.44806111653645,3.07875398720126,0.041181974655007454,0.009796612430363894,0.00016076087549936785,-8.089932197657445e-06,0.009796612430363894,0.00016076087549936785,-8.089932197657445e-06,0.0,0.0,0.0,2.6135072727998097,1.102798938778886,-0.0009155981134918023,0.944604080915451,0.06670029904766143,0.0029730385614846777,0.9784767727057139,0.06171953343228155,0.0027672687945296736,-0.0338726982784768,0.011234236960679876,0.00020577094566338124,0.0338726982784768,0.011234236960679876,-0.00020577094566338124,0.2580981358885765,0.01387230829474359,0.0001992450904793097,0.30178526242574055,0.015821048745761526,0.00015062369547112238
12.015057356461234,1.0,1500.0,0.0,24.0,739.0,0.38948806388477464,287.0,452.0,5.783331632386566,1.3087331663322181,6386.319228829185,150.6,0.057842986633891535,44.88965517241382,17.731034482758623,8.416281634208875,58.0,44.160000000000004,24.737142857142864,8.41108247108084,35.0,44.88965517241382,17.731034482758623,8.416281634208875,58.0,0.14988985568862934,-0.007327093972265321,-0.00555835724385763,-0.0009376826746039724,-0.0013384708983978893,-0.1319002230784825,-0.009755795500867496,13.50031057574801,23.0,333000.0,221.0,4109.689851284027,81.0280123440356,0.23306718468666077,-2.3897831439971924,-283.6020812988281,0.11185874044895172,-283.71392822265625,0.008713428862392902,0.008713428862392902,0.0,2.3868415355682373,0.9567646980285645,1.0035841464996338,-0.04681934416294098,0.04681934416294098,,0.24555276334285736,,0.29315561056137085,0.4074966808160146,0.36836052826491383,-0.0025504544128697997,-2.635929745435715,1.200972227303045,0.026167327530259542,-281.8035166422526,3.904686031690806,-0.06097291940045666,-0.08385654812057813,0.2744556212192847,0.011293210599724792,-281.71965942382815,3.915415653439185,-0.07226612740283553,0.008948047055552404,0.00027547165017577726,-2.9887507842632242e-05,0.008948047055552404,0.00027547165017577726,-2.9887507842632242e-05,0.0,0.0,0.0,2.724639763434728,1.1833252681671464,-0.02484253138403216,0.9216793477535248,0.05890981819792278,0.002192697098045607,0.9620972573757172,0.05810155957259587,0.0023982628699271724,-0.04041789813588063,0.014110349599245715,-0.0002055639291267101,0.04041789813588063,0.014110349599245715,0.0002055639291267101,0.25603097478548686,0.013447368068211125,-0.0003707014678980601,0.30154692629973096,0.015707050528685543,-0.000278563712940072
19.563063898865057,1.0,1500.0,0.0,53.0,739.0,0.8480637306596982,626.0,113.0,5.540343330392473,1.6837648056434062,5328.215291027794,21.8,0.00802414605418139,46.84137931034485,6.8724137931034495,7.996367924483325,58.0,42.53333333333333,14.866666666666665,9.016348775828002,9.0,46.84137931034485,6.8724137931034495,7.996367924483325,58.0,0.1438805543230954,-0.005692952872809325,-0.004326629647021903,-0.00043016205155389027,-0.0006853696426939586,-0.0967924700721899,-0.008725263437060888,13.482394781963642,49.0,334500.0,222.0,4129.253301143646,81.00738211127813,1.4639427661895752,-2.317619800567627,-276.697021484375,0.10018586367368698,-276.7972106933594,0.009107204154133797,0.009107204154133797,0.0,2.382136821746826,0.9811922907829285,1.0013216733932495,-0.020129386335611343,0.020129386335611343,,0.25977957248687744,,0.30046969652175903,2.0138710464040437,7.406167210274966,0.1966636049502154,-2.927916872501373,0.9941646747072707,0.011685794585273654,-280.2297617594401,3.1750970150668563,-0.08325481138981546,0.04584630454579989,0.399910702537563,0.003211326230818753,-280.2756062825521,3.0962861990627486,-0.08646627220348518,0.008781841676682233,0.00024290368291866936,1.8229773755001753e-05,0.008781841676682233,0.00024290368291866936,1.8229773755001753e-05,0.0,0.0,0.0,3.0150809208552043,0.9920266108411468,-0.011640143580113196,0.956158475081126,0.0866486049207463,0.0004219927697611077,0.9896651566028595,0.08440304885894469,0.0006787657207323448,-0.03350669996192058,0.01108861665880438,-0.00025677069714986905,0.03350669996192058,0.01108861665880438,0.00025677069714986905,0.25860000948111217,0.0139863551362738,-0.0002507832941409666,0.3077923685312271,0.017229648113146295,-6.257650319143827e-05
14.252703028340493,1.0,1500.0,0.0,33.0,739.0,0.5367723730962815,396.0,343.0,5.3973255617187474,1.5171594138785802,6122.7249985843355,65.0,0.023325916887963826,48.044827586206885,13.265517241379309,7.700036849010757,58.0,46.58518518518519,21.570370370370366,8.013042563050535,27.0,48.044827586206885,13.265517241379309,7.700036849010757,58.0,0.13677577008571729,-0.005737860969887294,-0.0061040731976586115,-0.0007747785732692837,-0.0039561354802887475,-0.1038312048861732,-0.007145391470603782,12.108624172924499,31.0,336000.0,223.0,4148.145924091339,81.00004342870402,0.10427100211381912,-2.1094043254852295,-280.1527099609375,0.15942755341529846,-280.3121337890625,0.009791097603738308,0.009791097603738308,0.0,2.1733627319335938,0.9833042621612549,1.0144612789154053,-0.031157024204730988,0.031157024204730988,,0.24204334616661072,,0.2714194655418396,1.4682863550881544,6.131015337318527,-0.14623800178821952,-2.849567891160647,0.9548359141522565,0.004631732853421722,-282.22023620605466,5.00001589045601,-0.17538468442583227,-0.03159622351328532,0.27034242373919865,0.0013780431931753442,-282.1886403401693,4.959587607907865,-0.17676257174855048,0.00941460793837905,0.0002387215822994621,2.4994211820460726e-05,0.00941460793837905,0.0002387215822994621,2.4994211820460726e-05,0.0,0.0,0.0,2.9463294168313343,0.9546918359396614,-0.004712999397443377,0.934459779659907,0.06258092017911314,-0.00029128471656690667,0.973196534315745,0.05780880678400932,0.00029043920578493654,-0.03873675639430682,0.017757469677707045,-0.0005817239629612342,0.03873675639430682,0.017757469677707045,0.0005817239629612342,0.26057493736346565,0.012027229600427583,-0.00020939606646940278,0.3049525300661723,0.01763885353115757,-0.00043430309804846917
9.673114720512839,1.0,1500.0,0.0,37.0,739.0,0.5922757502587238,437.0,302.0,5.413010087979426,1.5686345733250904,6086.859932931417,62.2,0.022386985315289376,47.90344827586206,12.99310344827586,7.7013961219554945,58.0,45.466666666666676,21.058333333333334,8.209266530573577,24.0,47.90344827586206,12.99310344827586,7.7013961219554945,58.0,0.13543590896118446,-0.005958376560029039,-0.00627538688517495,-0.0009093169145963173,-0.0019949811794228306,-0.12456712672521679,-0.007551486964840258,12.444041502828261,34.0,337500.0,224.0,4167.247941017151,80.98870160281902,0.2792092561721802,-1.8814969062805176,-278.0865173339844,0.30096668004989624,-278.3874816894531,0.00986083410680294,0.00986083410680294,0.0,1.980748176574707,1.022594928741455,1.0451537370681763,-0.02255886420607567,0.02255886420607567,,0.27486205101013184,,0.3232932686805725,0.3905750667055448,0.44655467362023293,0.0033858445349736776,-2.828152517477671,1.0655426374101895,0.0044508931634158954,-281.95636494954425,2.850492180593127,-0.12331755471573501,0.060596057772636415,0.1989703308939455,0.0020154610690603764,-282.0169626871745,2.8050243822667635,-0.1253331541882371,0.009612325578927994,0.00020062849236810704,-8.142220728654803e-06,0.009612325578927994,0.00020062849236810704,-8.142220728654803e-06,0.0,0.0,0.0,2.9386745989322662,1.0644925369489175,-0.004093708543809366,0.9566417713960012,0.045870693852612776,3.432218437063583e-05,0.9930797696113587,0.04280243044776625,0.0004304296845721275,-0.03643799604227146,0.00993387927090761,-0.0003961071251861503,0.03643799604227146,0.00993387927090761,0.0003961071251861503,0.25571072349945706,0.0138678518241707,0.00027290273362457607,0.30095337629318236,0.016475895471824983,-8.366686085838726e-05
19.718023720540497,1.0,1500.0,0.0,41.0,739.0,0.6548240925193946,483.0,256.0,5.7386213071551415,1.5654514341098353,5966.491130101177,35.6,0.013572245520396493,45.22413793103448,10.351724137931035,8.365828006949874,58.0,42.93000000000001,19.869999999999997,8.852418166689176,20.0,45.22413793103448,10.351724137931035,8.365828006949874,58.0,0.14865309855247338,-0.0059875682553352195,-0.005445003792307723,-0.0006915935177022128,-0.0014777131782945704,-0.09835271317829312,-0.009172245503570443,13.737581590962993,38.0,339000.0,225.0,4186.304552078247,80.9783415857088,0.21899764239788055,-2.6658637523651123,-289.63018798828125,0.2735137939453125,-289.9037170410156,0.009264611639082432,0.009264611639082432,0.0,2.674184560775757,0.9761106967926025,1.0384247303009033,-0.062314022332429886,0.062314022332429886,,0.26644036173820496,,0.31285420060157776,0.32820358326037724,0.13929763245927756,-0.0004578190564578886,-2.8333048363526663,0.9480609418394109,0.025954323284352945,-284.5633951822917,3.8194910450630837,-0.20561896845018157,-0.08511410839855671,0.24144870380835753,0.0021710184238047177,-284.47828165690106,3.7619940954019375,-0.20779023133341534,0.00945962369441986,0.000360582829088865,-3.4747927452751755e-05,0.00945962369441986,0.000360582829088865,-3.4747927452751755e-05,0.0,0.0,0.0,2.954307637612025,0.954525738475724,-0.028840675940105334,0.9180744429429372,0.05587721878749393,-0.00021707193472230102,0.9616934359073639,0.05150931370272209,0.00047455296765706607,-0.043618995261689025,0.013311346031759302,-0.0006916241966875818,0.043618995261689025,0.013311346031759302,0.0006916241966875818,0.26044917354981106,0.01562224106437905,-0.0005058540219857548,0.3027439127365748,0.017354579029076517,-0.00036133732625985376
21.75513925223515,1.0,1500.0,0.0,31.0,739.0,0.4971756478228635,367.0,372.0,5.746680777724419,1.50378040687256,6289.7532236500365,70.60000000000001,0.026940395329313898,45.18275862068965,13.548275862068964,8.345652454093727,58.0,44.98620689655172,22.344827586206904,8.22164234200897,29.0,45.18275862068965,13.548275862068964,8.345652454093727,58.0,0.15346491824411548,-0.0063249543305982005,-0.0052584683465090225,-0.0006860506078923525,-0.00276018834226335,-0.08949504789738641,-0.009893362603360422,13.462396500656963,29.0,340500.0,226.0,4204.814299583435,80.97860588842957,0.21515929698944092,0.548359751701355,-285.479736328125,0.4851885735988617,-285.9649353027344,0.009838979691267014,0.009838979691267014,0.0,-0.578886866569519,1.0385195016860962,1.0849827527999878,-0.046463191509246826,0.046463191509246826,,0.2589363157749176,,0.30219921469688416,1.1473640317718188,3.628635193048764,-0.057054335797191116,-2.6525953729947407,1.2762347151106703,0.02768702377068989,-283.1037322998047,2.7999294787562214,0.0389948453468322,0.10010698139667511,0.2447115011754724,-0.002691999389411876,-283.20383809407554,2.799770730772397,0.041686543262053864,0.009310606215149165,0.00019536180060153623,1.864345377524497e-05,0.009310606215149165,0.00019536180060153623,1.864345377524497e-05,0.0,0.0,0.0,2.7580201804637907,1.2974753026061117,-0.02901052432808122,0.964017508427302,0.05280846941269067,-0.000352547974952479,1.0013786772886912,0.05230913601321591,-0.0005582925740285656,-0.037361174387236434,0.01013134992858154,0.00020574431771099767,0.037361174387236434,0.01013134992858154,-0.00020574431771099767,0.2536701237161954,0.014954363637718866,0.0002161116468760472,0.2953849762678146,0.0170566934350923,0.0005485630207783086
20.695650023383063,1.0,1500.0,0.0,40.0,739.0,0.6452684112575525,476.0,263.0,5.359109436212618,1.713733449177861,5770.5499668215425,29.400000000000002,0.010473069250498717,48.4,8.917241379310346,7.552995688101908,58.0,45.285714285714285,16.266666666666662,8.228046933581798,21.0,48.4,8.917241379310346,7.552995688101908,58.0,0.1331949851495251,-0.004667893223729209,-0.005107189425934497,-0.0004496959055753602,-0.0011212814645308903,-0.08036613272311148,-0.006744010976934121,12.489786423100112,37.0,342000.0,227.0,4223.9840359687805,80.96621509166322,0.10055874288082123,-2.8403754234313965,-275.91680908203125,0.5874035358428955,-276.50421142578125,0.010306105017662048,0.010306105017662048,0.0,2.9440553188323975,1.0975072383880615,1.1083831787109375,-0.010876093059778214,0.010876093059778214,,0.2627185583114624,,0.3107541799545288,0.411017785469691,0.4615658596054125,0.006892553790657875,-3.238170377413432,1.2436205061709658,0.018222222259233048,-281.4859171549479,2.8958230576465813,0.04659732059059377,0.1035215595116218,0.24682317706665763,-0.007831851802393389,-281.5894378662109,2.8485715446377533,0.05442916310006399,0.01013448005542159,0.000134566236524055,1.041689645229636e-05,0.01013448005542159,0.000134566236524055,1.041689645229636e-05,0.0,0.0,0.0,3.331069870789846,1.2559204725955788,-0.016704334141282685,0.9726118326187134,0.05614877220641664,-0.0014509992153944485,1.00251301129659,0.05379649839971506,-0.001701613819771564,-0.0299011983598272,0.010307944669177555,0.0002506131105315578,0.0299011983598272,0.010307944669177555,-0.0002506131105315578,0.2589268679420153,0.012821437573694725,2.8563338073918582e-05,0.29950073957443235,0.016125878028965878,-3.2666912333458064e-05
26.954718258916117,1.0,1500.0,0.0,52.0,739.0,0.8431695925498537,623.0,116.0,5.670494358725062,1.7031196092805585,5249.7198629061095,15.8,0.005947899412739046,45.80000000000001,4.903448275862068,8.234192387198474,58.0,37.333333333333336,12.111111111111109,10.394403218020729,9.0,45.80000000000001,4.903448275862068,8.234192387198474,58.0,0.14501762632459855,-0.0044819338524442615,-0.004607773237435248,-0.0004433787513977753,-0.0014320029563931968,-0.06481892091648137,-0.007546095156824386,13.328070712361646,49.0,343500.0,228.0,4243.568524837494,80.94602408079511,0.2841939926147461,-4.170427322387695,-287.2026062011719,0.22226625680923462,-287.42486572265625,0.009310238994657993,0.009310238994657993,0.0,4.180140495300293,0.9792044162750244,1.0275286436080933,-0.04832426458597183,0.04832426458597183,,0.26565754413604736,,0.31817543506622314,1.8920386706789334,6.042474619457184,0.01996024243359573,-3.471116813023885,0.8067045987235066,0.014965304119038058,-284.13804423014324,3.989598695117167,-0.091258536774793,-0.1568816137810548,0.27999524119806546,-0.0032953782808926497,-283.981162516276,4.034150854081193,-0.08796299816636242,0.010187447723001241,0.0004182520831861386,-3.938025570121325e-05,0.010187447723001241,0.0004182520831861386,-3.938025570121325e-05,0.0,0.0,0.0,3.573782416184743,0.797605168248456,-0.014414770186809386,0.9090193748474121,0.05978849918628895,-0.000954043798902828,0.9458268900712331,0.06096397428647537,-0.0006946370784645191,-0.03680751016363502,0.014362124694678211,-0.00025940630004820953,0.03680751016363502,0.014362124694678211,0.00025940630004820953,0.26335049519936243,0.01119073196739442,-0.0003182023034345072,0.30254331429799397,0.014203969995681957,-0.0005279513964796272
46.18575859069824,1.0,1500.0,0.0,4.0,739.0,0.05743395698628585,42.0,697.0,6.044635844056043,0.7910454928305084,7151.949828486081,256.40000000000003,0.10287273310865029,42.97241379310345,23.220689655172404,8.79869822297488,58.0,44.851851851851855,24.940740740740733,8.293045397952593,54.0,42.97241379310345,23.220689655172404,8.79869822297488,58.0,0.5244521821369335,-0.013594061295817647,-0.0020146975153116087,-0.0007755097071812676,-0.0006779661016949153,0.0,-0.048330637553217794,12.330135211275097,4.0,345000.0,229.0,4259.634184360504,80.99287053021774,1.802124261856079,-3.8345463275909424,-284.6966857910156,-0.16537845134735107,-284.53131103515625,0.008778173476457596,0.008778173476457596,0.0,3.854494333267212,0.9087691307067871,0.945076584815979,-0.03630756586790085,0.03630756586790085,,0.27180060744285583,,0.30556559562683105,0.4249211604396502,0.5086728801704091,0.01439335538826476,-3.3056180914243063,1.097909571997162,0.012165282353410776,-283.7801147460938,2.133993166356043,-0.019005587262750725,-0.08994034143785636,0.271503782403787,-0.003800965705523901,-283.69017537434894,2.0828853557371962,-0.015204502398492905,0.009105257379511992,0.00022665471302400425,-2.2641201819540838e-05,0.009105257379511992,0.00022665471302400425,-2.2641201819540838e-05,0.0,0.0,0.0,3.3999730189641317,1.0860834561892005,-0.016366559698000955,0.9267581264177959,0.05916784615149639,-0.00080037687193434,0.9608626286188762,0.05783622954053659,-0.0008013620259897159,-0.034104511017600696,0.00743168975874763,9.852468768546318e-07,0.034104511017600696,0.00743168975874763,-9.852468768546318e-07,0.2565364629030228,0.01615380923417227,7.262034994343207e-05,0.2938900709152222,0.013865418342380286,-0.00014785305411452775
17.34599555692365,1.0,1500.0,0.0,34.0,739.0,0.5429911808075969,401.0,338.0,5.572673808097878,1.4205048527707878,6208.716953806972,61.800000000000004,0.022892280337827826,46.5448275862069,13.003448275862073,8.064577473313431,58.0,44.75555555555555,21.429629629629627,8.452981650415367,27.0,46.5448275862069,13.003448275862073,8.064577473313431,58.0,0.14149139347757078,-0.006128380354477402,-0.005702589518712467,-0.0006459680949798832,-0.0009619465270901106,-0.09936341773942485,-0.00851710412051096,12.746132128691121,31.0,346500.0,230.0,4278.394781827927,80.98831867309806,0.2735034227371216,-4.556875705718994,-297.82769775390625,-0.24431177973747253,-297.5833740234375,0.009202394634485245,0.009202394634485245,0.0,4.6784210205078125,0.8466975688934326,0.9278903007507324,-0.08119267225265503,0.08119267225265503,,0.2619946599006653,,0.2991032302379608,0.47426447868347166,0.5539065514589749,-0.013406347320130192,-3.0224476128816606,1.191822561937794,-0.042635142199852503,-285.98838297526044,3.7835285017907383,-0.03383410223598328,0.1078586757183075,0.324687323047122,0.008415037479761314,-286.0962381998698,3.76289357707224,-0.04224915976518435,0.008866630339374145,9.600743166713444e-05,4.431521841164056e-06,0.008866630339374145,9.600743166713444e-05,4.431521841164056e-06,0.0,0.0,0.0,3.105600734551748,1.2088153552722356,0.04477642919118194,0.961798487106959,0.0704708217686144,0.0016911705688586794,1.0028327782948812,0.06879202457918754,0.0017861473944879008,-0.04103429336100817,0.013388985866956875,-9.497729512356226e-05,0.04103429336100817,0.013388985866956875,9.497729512356226e-05,0.2547406226396561,0.01652997416662617,0.0006995397826057871,0.2950011829535166,0.01564101644691899,0.000591829860038031
24.32377282778422,1.0,1500.0,0.0,36.0,739.0,0.5715999843516913,422.0,317.0,5.5883384416456705,1.4273622885515709,5818.470754698035,50.6,0.01879224541335512,46.42413793103447,10.162068965517243,8.043532234181633,58.0,46.224,17.824,8.126717163148443,25.0,46.42413793103447,10.162068965517243,8.043532234181633,58.0,0.14866401542176577,-0.00530859678722743,-0.004959034267791779,-0.0005468169319302262,-0.0008314855875831478,-0.07971175166297138,-0.008344836503679311,13.61752618220912,33.0,348000.0,231.0,4297.236816167831,80.98227183819432,0.1365548074245453,-1.6845061779022217,-292.0666198730469,0.4746677875518799,-292.5412902832031,0.009108447469770908,0.009108447469770908,0.0,1.7402102947235107,1.01951003074646,1.0810222625732422,-0.06151214987039566,0.06151214987039566,,0.25697699189186096,,0.2929040789604187,0.42628144125143685,0.4874958369512791,-0.009194875439759494,-2.756064933538437,1.3988969511498326,0.02602732721239633,-286.8310190836589,4.0842722014248745,-0.013556722910434651,-0.024721832821766536,0.33423189207802484,0.001773249547725523,-286.80629577636716,3.9510553474889067,-0.015329634652646836,0.009356562824298939,0.00022756148751989163,-1.8187293428534218e-05,0.009356562824298939,0.00022756148751989163,-1.8187293428534218e-05,0.0,0.0,0.0,2.8445920646190643,1.3996549871621764,-0.028260054922475252,0.932712717851003,0.07782990611043572,0.00037860809364359207,0.974612025419871,0.07157790878764252,0.00037797754412894437,-0.04189929769684871,0.014068407524715368,6.317872723968665e-07,0.04189929769684871,0.014068407524715368,-6.317872723968665e-07,0.25370339800914127,0.021215588777379467,0.0003169105799497781,0.2935710161924362,0.020916954291637136,7.342884484864764e-05
31.374605655670166,1.0,1500.0,0.0,9.0,739.0,0.1350625032068363,99.0,640.0,5.8510428026420245,0.8520394337599616,7016.245627376488,234.60000000000002,0.09112802983219391,44.386206896551734,22.07931034482759,8.563408226941801,58.0,44.71200000000001,25.156,8.464389649319875,50.0,44.386206896551734,22.07931034482759,8.563408226941801,58.0,0.17167994697201522,-0.00647337393335921,-0.005430640727584628,-0.00011800089138874765,-0.003497813866333539,-0.056964397251717556,-0.012907495395570394,14.106173427516937,8.0,349500.0,232.0,4314.415015697479,81.00750593727918,0.23827733099460602,-2.836430072784424,-286.6735534667969,0.18047258257865906,-286.8540344238281,0.008492795750498772,0.008492795750498772,0.0,2.842233657836914,0.9782432913780212,1.017845869064331,-0.03960259258747101,0.03960259258747101,,0.25602370500564575,,0.29720544815063477,0.44355593870083493,0.48663047028079787,-0.015087837680295797,-3.358113674322764,0.9946427572144618,0.01025543024595646,-287.214687093099,3.6553516220736824,0.017088879679687023,-0.09750641634066899,0.42571765840709025,0.025505591556015502,-287.1171803792318,3.6870609607159324,-0.008416978880608455,0.008389444369822741,0.00031326617886439463,-1.729389464066231e-05,0.008389444369822741,0.00031326617886439463,-1.729389464066231e-05,0.0,0.0,0.0,3.452476723988851,0.9977300064305834,-0.010791400383258784,0.918013189236323,0.08875577480015578,0.005388023391846661,0.959354434410731,0.08929691496575608,0.00536276237320181,-0.041341245422760645,0.013116690976885993,2.5261319485867975e-05,0.041341245422760645,0.013116690976885993,-2.5261319485867975e-05,0.2602882708112399,0.014992180558317518,-3.58574680810043e-05,0.29874235292275747,0.01613349231594527,-0.0004075493709131406
20.212441078452176,1.0,1500.0,0.0,48.0,739.0,0.7703783116789077,569.0,170.0,5.449162633327374,1.63808306288949,5639.223400624652,26.0,0.009572901325478646,47.64912280701754,9.203508771929824,7.754542113372559,57.0,45.67142857142858,22.500000000000004,8.295889897867978,14.0,47.64912280701754,9.203508771929824,7.754542113372559,57.0,0.14155243791658495,-0.0054670871229847385,-0.006164758960779564,-0.00047271958821091083,-0.0006697990602819147,-0.08997300809756903,-0.007601939898716072,12.953723349481871,43.0,351000.0,233.0,4334.082969665527,80.98598999065484,0.3863614797592163,-2.6292765140533447,-285.5867614746094,-0.6086540222167969,-284.9781188964844,0.00911506824195385,0.00911506824195385,0.0,2.7295596599578857,0.8191419839859009,0.8504312038421631,-0.03128925338387489,0.03128925338387489,,0.2533745765686035,,0.2822751998901367,0.49740201234817505,0.9299856939179579,0.010214780846214928,-3.1370738208293916,1.043196401375129,0.014720361211541294,-284.767778523763,2.9385857671533686,-0.0016236777300261127,-0.011562289794286092,0.298427157356517,-0.00867222401337311,-284.75621541341144,2.9212115000265086,0.007048182333675679,0.008932061896969875,0.00028308431340140944,3.0292059865689948e-05,0.008932061896969875,0.00028308431340140944,3.0292059865689948e-05,0.0,0.0,0.0,3.214799972375234,1.0427166840166924,-0.015361271525118899,0.9461725314458211,0.06381626500917151,-0.0017582867381570188,0.9774687250455221,0.06300703023950469,-0.001837987867955806,-0.031296199560165404,0.010394758797867299,7.970213011586836e-05,0.031296199560165404,0.010394758797867299,-7.970213011586836e-05,0.26008526285489403,0.014214212868024687,-0.00018216559831239892,0.3052160948514938,0.013212356057274655,-3.525792425281345e-05
9.351227842528244,1.0,1500.0,0.0,31.0,739.0,0.4990302005334081,368.0,371.0,5.568749823172871,1.3534469870023693,6247.374600521202,92.80000000000001,0.034327143596951985,46.61034482758621,15.034482758620685,8.035515479531625,58.0,44.98620689655171,22.634482758620685,8.299008613239046,29.0,46.61034482758621,15.034482758620685,8.035515479531625,58.0,0.14108991554320713,-0.006618342548076514,-0.006362387292909396,-0.0007686514239031495,-0.002086506244288755,-0.1313432835820873,-0.009037677934789531,12.776175113530652,29.0,352500.0,234.0,4352.792201042175,80.98250128172947,0.20240238308906555,-3.120701313018799,-287.2641906738281,0.4376383423805237,-287.70184326171875,0.007952556014060974,0.007952556014060974,0.0,3.1872496604919434,1.0312250852584839,1.0705242156982422,-0.0392991341650486,0.0392991341650486,,0.2695808410644531,,0.3002532720565796,0.32688995252052944,0.16423653803285643,-0.007021528949859553,-2.9618408123652142,1.0701521705854753,-0.026481456883889736,-287.4543385823568,3.5244617169203685,-0.03376628464134778,-0.14334562582274277,0.3531140054934594,0.014351900922211195,-287.3109924316406,3.440010832205774,-0.048117931056204995,0.008290442839885752,0.0005239573898082459,-5.4288176805178956e-05,0.008290442839885752,0.0005239573898082459,-5.4288176805178956e-05,0.0,0.0,0.0,3.027936851978302,1.054190132460371,0.027726453801283378,0.9110979417959849,0.07740137142382596,0.00291980894839801,0.9498103717962901,0.07399207994514509,0.003035338503102429,-0.038712426895896594,0.012149268719335448,-0.0001155281051976786,0.038712426895896594,0.012149268719335448,0.0001155281051976786,0.2561192269126574,0.014480990159252506,-0.00038452486241354907,0.29993630647659303,0.015055734562825223,-0.00031860316290341313
24.933845810268235,1.0,1500.0,0.0,49.0,739.0,0.7948695071001145,587.0,152.0,5.51149934520934,1.6131689769744375,5390.355467389428,21.200000000000003,0.007763861422398008,47.07931034482761,6.341379310344829,7.888670250223731,58.0,45.33333333333332,15.133333333333335,8.368194603503055,12.0,47.07931034482761,6.341379310344829,7.888670250223731,58.0,0.14416181069325137,-0.004651916105607553,-0.004767860199165858,-0.0003780630344960942,-0.0016805080605764508,-0.07276990718124005,-0.007431576594529668,13.256605140188809,46.0,354000.0,235.0,4372.406457424164,80.96228094232245,0.5406040549278259,-3.6895251274108887,-286.2875671386719,0.1387549638748169,-286.42633056640625,0.009631062857806683,0.009631062857806683,0.0,3.7027297019958496,0.9767489433288574,1.0098857879638672,-0.03313683718442917,0.03313683718442917,,0.2565445303916931,,0.2966662645339966,0.32151542554299034,0.25385328107040805,-0.002532426059842776,-2.846431386470795,0.9028446202865136,-0.0030019759336222334,-287.97755737304686,3.0358148348768634,-0.08603374409064637,0.03867880925536156,0.32521979545653484,-0.004672032808501682,-288.0162394205729,2.989128538810832,-0.08136169637269587,0.008904526693125565,0.0005228494507098122,5.992129942333846e-05,0.008904526693125565,0.0005228494507098122,5.992129942333846e-05,0.0,0.0,0.0,2.9049408197402955,0.9002558485480568,0.0020462771278864354,0.9485338449478149,0.07030539291158827,-0.0012017214788876255,0.9880915462970734,0.06860062846403667,-0.0009688859919419825,-0.03955770408113798,0.010477885482655405,-0.00023283615244243678,0.03955770408113798,0.010477885482655405,0.00023283615244243678,0.25093683203061423,0.012732757068164121,0.00014874903988651563,0.29793366392453513,0.016009098712237865,0.00032381157456037857
17.29768683229174,1.0,1500.0,0.0,30.0,739.0,0.4798885138718823,354.0,385.0,5.591782491324831,1.4850697879111836,6181.326652432664,110.4,0.041013448250241474,46.410344827586194,15.027586206896547,8.074368502099462,58.0,44.85333333333333,23.740000000000002,8.33434333173803,30.0,46.410344827586194,15.027586206896547,8.074368502099462,58.0,0.14183970184452327,-0.005806153511261375,-0.006155461506665353,-0.0007501193476766722,-0.001836314706347946,-0.1009339876523663,-0.008071380660628503,13.172169508365782,28.0,355500.0,236.0,4391.091249704361,80.95937428399712,1.3146941661834717,-4.949240207672119,-285.83489990234375,0.21920940279960632,-286.0541076660156,0.00928533636033535,0.00928533636033535,0.0,5.140515327453613,0.9966629147529602,1.0268476009368896,-0.030184641480445862,0.030184641480445862,,0.2632843554019928,,0.3115984797477722,1.3697532787919044,3.3869280418914065,-0.009640789181159794,-2.8434333711862565,1.1357678895538599,0.007275784420092003,-285.2583455403646,3.1086702292268016,0.12576727776957722,-0.053634568800528845,0.3003518696318691,-0.0050913398453470635,-285.2047098795573,3.14466316798359,0.13085865534187752,0.009446337105085452,0.0001289679718641629,2.000105667763838e-06,0.009446337105085452,0.0001289679718641629,2.000105667763838e-06,0.0,0.0,0.0,2.937324998776118,1.1243735368236751,-0.006411265358909069,0.9404942671457927,0.06350542847614915,-0.0005769366019294786,0.9684690137704214,0.06445410230135434,-0.0010937831160489236,-0.027974739763885738,0.01129247657147591,0.0005168469693176088,0.027974739763885738,0.01129247657147591,-0.0005168469693176088,0.25562934428453443,0.0169664794069073,0.0004947489937632637,0.3007029463847478,0.019775179111133773,0.0005026773496782632
11.400716344515482,1.0,1500.0,0.0,26.0,739.0,0.42070281114097724,310.0,429.0,5.790760307260806,1.414192229850411,6620.216915865132,114.60000000000001,0.04408370518541314,44.82068965517243,16.272413793103446,8.466191561451627,58.0,43.682352941176475,22.7235294117647,8.704533958383582,34.0,44.82068965517243,16.272413793103446,8.466191561451627,58.0,0.15232325986359826,-0.008488036819709284,-0.0067025978552335734,-0.0012386463970335145,-0.0016061980347694606,-0.13605442176870622,-0.01111894552114123,14.241988529057585,24.0,357000.0,237.0,4409.476694345474,80.96198817828012,0.13038292527198792,-3.589756965637207,-286.8105773925781,-0.3786868453025818,-286.431884765625,0.007601477205753326,0.007601477205753326,0.0,3.6739630699157715,0.8725056052207947,0.9023918509483337,-0.029886232689023018,0.029886232689023018,,0.25142765045166016,,0.30412745475769043,0.499492605527242,0.7112884058918062,0.013933549972211681,-3.1754095872243244,1.076271323073755,-0.003839939030444595,-288.4115061442057,3.205469118349646,-0.10260950073649187,-0.1881190598011017,0.35154031238797173,0.0021854123065415975,-288.2233876546224,3.091806069493989,-0.10479474942860947,0.008318894961848854,0.0005953549856838288,-6.706340246739615e-05,0.008318894961848854,0.0005953549856838288,-6.706340246739615e-05,0.0,0.0,0.0,3.2557703653971353,1.0854785546985382,0.002630294178165933,0.9036402543385823,0.07679533769612276,0.00020533684761292215,0.9406349281469981,0.07311755835175464,0.0005203382987466773,-0.036994670145213605,0.010780719581560733,-0.0003150027510487326,0.036994670145213605,0.010780719581560733,0.0003150027510487326,0.2556588500738144,0.016146254328394564,-6.894920108316357e-05,0.2953259478012721,0.017594988298266404,0.00019456191243265634
43.79817581176758,1.0,1500.0,0.0,4.0,739.0,0.06364971742672082,47.0,692.0,5.83334941080866,0.7442216514633407,7090.029222293164,238.8,0.09252944823310601,44.49655172413794,23.534482758620694,8.334447235285626,58.0,45.45555555555556,25.277777777777782,8.169759726601185,54.0,44.49655172413794,23.534482758620694,8.334447235285626,58.0,0.24632509005140055,-0.007234206762686364,-0.0016256908112578716,-0.0004889683714697628,-0.00035211267605633805,0.0,-0.018558986181375567,12.832927227570444,4.0,358500.0,238.0,4425.823923110962,81.00186682257487,0.3516022562980652,-3.986994981765747,-287.888427734375,-0.26978081464767456,-287.61865234375,0.008944271132349968,0.008944271132349968,0.0,4.027270793914795,0.8903669118881226,0.9228034019470215,-0.03243650496006012,0.03243650496006012,,0.2830124497413635,,0.31860390305519104,0.4020842621723811,0.4676605364582794,0.003704150453690551,-3.317052714029948,0.9546274962551967,0.009981000198007937,-287.1988586425781,3.5333487751931143,0.06666171505666608,0.14813469561437767,0.37437420693058,0.012424969248001252,-287.34699198404945,3.512096955583248,0.05423676996794218,0.00808776767613987,0.0004892096226997618,5.2496326467782604e-05,0.00808776767613987,0.0004892096226997618,5.2496326467782604e-05,0.0,0.0,0.0,3.4296945075194043,0.96661963367275,-0.012608498474116901,0.9786897500356039,0.07892490081063165,0.0028643174484388446,1.0109592894713084,0.07774818849111713,0.0026187968996660995,-0.0322695441544056,0.01244341827355037,0.00024552088773688313,0.0322695441544056,0.01244341827355037,-0.00024552088773688313,0.26162507633368176,0.01430287641351259,4.912982130209533e-05,0.3075622389713923,0.017929891733626618,-6.253826074526941e-05
15.250369729222479,1.0,1500.0,0.0,40.0,739.0,0.6432027817936087,475.0,264.0,5.412799705175885,1.7417218738586033,6066.825245517833,40.0,0.014388489208633094,47.93103448275863,11.25862068965517,7.722690664586885,58.0,45.17142857142858,20.25714285714286,8.389555296090075,21.0,47.93103448275863,11.25862068965517,7.722690664586885,58.0,0.13654124820871533,-0.005687118421196261,-0.005148356986463755,-0.0006182087623290695,-0.0009250693802035138,-0.10527289546715801,-0.007600412751880918,12.611750525082206,37.0,360000.0,239.0,4444.961664915085,80.9905747537819,0.36899352073669434,-2.6126151084899902,-288.538330078125,0.016681760549545288,-288.5550231933594,0.009288763627409935,0.009288763627409935,0.0,2.7768847942352295,0.9494669437408447,0.9835653305053711,-0.03409845009446144,0.03409845009446144,,0.26659226417541504,,0.31458887457847595,0.34526558170715965,0.1929310467210822,0.0013036703605938198,-3.1264672776063285,0.9623692087537771,-0.029289150436940185,-288.9030059814453,3.6088162372428982,-0.07430644645308411,0.0002355564385652542,0.2845930914481961,-0.0037826362495891786,-288.9032419840495,3.5020472468042714,-0.07052405912167324,0.008920958203574022,0.00015707649957709838,1.3267958290186777e-05,0.008920958203574022,0.00015707649957709838,1.3267958290186777e-05,0.0,0.0,0.0,3.215304521719615,0.9521322882382648,0.028872775792810286,0.9438763598601023,0.06543625469774057,-0.0009999875762439082,0.9799879133701325,0.06028122151563767,-0.0008064665041192719,-0.03611154519021511,0.012245840873921202,-0.00019352105637811208,0.03611154519021511,0.012245840873921202,0.00019352105637811208,0.262724665304025,0.01818026995893398,-3.7467088529683132e-06,0.3083240628242493,0.02073990368610641,-9.568285226026961e-05
11.96900389989217,1.0,1500.0,0.0,16.0,739.0,0.2484923555757962,183.0,556.0,5.650567481206288,1.1619953512399726,6858.5603057801745,186.4,0.06991223464106218,45.9689655172414,20.141379310344824,8.205174852919198,58.0,45.33488372093023,24.85581395348836,8.281323579265528,43.0,45.9689655172414,20.141379310344824,8.205174852919198,58.0,0.14187103741008375,-0.006748655062571321,-0.005470715163035105,-0.0009285367168878942,-0.004124327555289888,-0.11882845188284623,-0.009309701343809424,12.758515008014815,15.0,361500.0,240.0,4462.837819814682,81.00227133394043,0.24573683738708496,-2.1228549480438232,-286.9184265136719,-0.3677298426628113,-286.5506896972656,0.010056636296212673,0.010056636296212673,0.0,2.1234865188598633,0.8746153116226196,0.9000523090362549,-0.025436902418732643,0.025436902418732643,,0.27856212854385376,,0.33292877674102783,0.25468521962563195,0.10639650896632659,-0.0032818472988746165,-3.2376153469085693,1.1098264395573008,-0.012743975349740186,-287.0700622558594,3.2473964071031123,0.1437660361556334,0.07405906729400158,0.32398155420932406,-0.003965317325312256,-287.1441212972005,3.166437170978716,0.14773160363729088,0.009575762941191593,0.00019215605272843828,1.9880730836953583e-05,0.009575762941191593,0.00019215605272843828,1.9880730836953583e-05,0.0,0.0,0.0,3.3422831098238626,1.1134012582699562,0.013833355108012825,0.9675463557243347,0.07277942546880954,-0.00028189533411859276,0.9958505392074585,0.0697248311632991,-0.0008546891546621041,-0.028304170786092677,0.011316578120145523,0.0005727946151201277,0.028304170786092677,0.011316578120145523,-0.0005727946151201277,0.2584218978881836,0.014773282443449165,-1.0422518574232778e-05,0.30275046825408936,0.01724729834270647,0.00046209587536345255
13.31470274925232,1.0,1500.0,0.0,8.0,739.0,0.12776943286058726,94.0,645.0,5.64230305973417,1.0479046374086258,7057.959576130212,236.60000000000002,0.08868065967016492,46.0,22.734482758620693,8.073272666527487,58.0,45.94000000000001,25.260000000000005,7.996188276826169,50.0,46.0,22.734482758620693,8.073272666527487,58.0,0.146150045440587,-0.004737855715601971,-0.004679595951778994,-0.0008312970870940123,-0.00023242300987797793,-0.1292271934921563,-0.009066280232882893,13.879318226343612,8.0,363000.0,241.0,4480.147099733353,81.02412530642239,0.27439844608306885,-2.65665864944458,-286.8735656738281,-0.5106738805770874,-286.3628845214844,0.010183728300035,0.010183728300035,0.0,2.649906873703003,0.8454908728599548,0.8686575293540955,-0.023166630417108536,0.023166630417108536,,0.23562747240066528,,0.28292593359947205,0.7676850562294324,1.9576838961758762,0.005902714793621089,-2.930246599515279,1.3122743998575592,-0.010103816742096056,-288.5437388102213,3.370924337902324,-0.20797046495888552,-0.044968856622775395,0.3461762156279164,-0.0035526141325411763,-288.49876810709634,3.369672409276537,-0.2044180151883082,0.010458127750704685,0.00016808051543243271,3.6598770600534293e-06,0.010458127750704685,0.00016808051543243271,3.6598770600534293e-06,0.0,0.0,0.0,3.009813686211904,1.3297902596644278,0.008634956819196928,0.9387341459592183,0.07615446875709773,-0.001438207965804181,0.97016441822052,0.075875609974494,-0.0007757751774602337,-0.03143026058872541,0.011571449580317002,-0.0006624340198859484,0.03143026058872541,0.011571449580317002,0.0006624340198859484,0.2535524696111679,0.014973144761382768,0.0003977824437604909,0.29919673403104147,0.015531773473429048,0.000181947587196758
15.726702875561184,1.0,1500.0,0.0,30.0,739.0,0.4734329876980619,349.0,390.0,5.632432264760418,1.549522424352651,6188.095081612026,102.4,0.03829468960359013,46.10344827586208,14.9551724137931,8.136571589853618,58.0,45.52258064516129,22.61290322580645,8.262921475154947,31.0,46.10344827586208,14.9551724137931,8.136571589853618,58.0,0.1474428988827877,-0.006403548584817736,-0.006526291778001259,-0.0007099533225455876,-0.0046880213546880425,-0.11104437771104378,-0.00890462903085243,13.691834028013524,27.0,364500.0,242.0,4498.652504205704,81.0242621894525,1.161238193511963,-4.509841442108154,-296.2002868652344,0.13605664670467377,-296.3363342285156,0.008859795518219471,0.008859795518219471,0.0,4.5562744140625,0.9523447155952454,1.0087876319885254,-0.05644289776682854,0.05644289776682854,,0.25542378425598145,,0.304712176322937,0.6364305091400941,1.216255245210157,0.00986435380044317,-3.3326071739196776,0.9615839155474379,0.00017834659147853202,-289.58592020670574,3.0402458662890215,-0.1043396403447334,-0.13983163858453432,0.24667649800967476,0.004885440110099465,-289.4460896809896,3.0604861659449103,-0.10922490375589967,0.009591564753403265,0.00046414232928475557,-5.181462082336453e-05,0.009591564753403265,0.00046414232928475557,-5.181462082336453e-05,0.0,0.0,0.0,3.409052312374115,0.9576790714349867,0.0015546136491156838,0.9166746417681376,0.05273810296477166,0.0007512874677528389,0.9498014688491822,0.05293723771355272,0.001079453880980464,-0.03312684043000142,0.010576926063506858,-0.000328166282697434,0.03312684043000142,0.010576926063506858,0.000328166282697434,0.2602981895208359,0.015521596480085166,0.00023123547683435395,0.30413416425387063,0.015788416213086787,0.00016535051142147847
27.49571180343628,1.0,1500.0,0.0,9.0,739.0,0.13294024741839977,98.0,641.0,5.770505657011934,0.8539829650404792,6774.057816989869,215.8,0.08409321175278622,45.02105263157894,21.747368421052634,8.295792177511272,57.0,45.771428571428565,24.620408163265306,8.062469367231845,49.0,45.02105263157894,21.747368421052634,8.295792177511272,57.0,0.1804142845982828,-0.0060043681699587055,-0.003659512988721222,-0.0006198650018856518,-0.00039577836411609497,-0.08759894459102885,-0.013030496005588114,14.400251661728834,8.0,366000.0,243.0,4515.757087230682,81.04953232204346,0.16166773438453674,-1.6782437562942505,-291.107177734375,-0.33648574352264404,-290.77069091796875,0.009905043058097363,0.009905043058097363,0.0,1.7157236337661743,0.871734082698822,0.9070854187011719,-0.03535131365060806,0.03535131365060806,,0.27049851417541504,,0.28890976309776306,0.38748050630092623,0.4735373600741408,-0.017047434090507192,-2.9498870968818665,1.2981811994173231,-0.012083661834708208,-290.6208780924479,3.360966798768046,-0.0102614015572801,0.009881023565928142,0.2924692047294282,-0.00827646903254432,-290.63075663248696,3.317299336587464,-0.001984918952910126,0.009413800078133742,0.00028600621200120305,3.24722023077879e-05,0.009413800078133742,0.00028600621200120305,3.24722023077879e-05,0.0,0.0,0.0,3.023634288708369,1.2969290897109274,0.013725565657334432,0.9463522076606751,0.06475387514957165,-0.0017154594682347892,0.981999792655309,0.06256845132350593,-0.0017628611526446943,-0.035647588906188805,0.011600636548006058,4.740313515978859e-05,0.035647588906188805,0.011600636548006058,-4.740313515978859e-05,0.25854802479346595,0.0157768915589757,0.0005934890537824148,0.3018744428952535,0.0210896878302285,8.702056691696467e-05
6.821173434456189,1.0,1500.0,0.0,26.0,739.0,0.4167789959088116,307.0,432.0,5.6207498866864185,1.4560897957782837,6154.085550912914,140.0,0.052289534623141856,46.16206896551725,16.9,8.175587759983735,58.0,44.28235294117646,23.011764705882364,8.611602150219426,34.0,46.16206896551725,16.9,8.175587759983735,58.0,0.13877452772850216,-0.006694551664035887,-0.006170809823441808,-0.000862500516726677,-0.001945595388218335,-0.14253287695910452,-0.008179565735065326,13.2074531910586,24.0,367500.0,244.0,4534.097754240036,81.05250921340071,0.1997934877872467,-2.551143169403076,-294.7260437011719,0.26405930519104004,-294.9901123046875,0.008895490318536758,0.008895490318536758,0.0,2.529524564743042,0.9874752759933472,1.0359166860580444,-0.04844138026237488,0.04844138026237488,,0.2546301484107971,,0.2969744801521301,0.6129228120048841,0.6331848270616844,0.003038154331940288,-2.5849595864613852,0.9296794164078727,0.028617729838353284,-291.30834147135414,3.9592539903513373,-0.08201439913705776,-0.06555123130480449,0.32462925204633986,0.0007830666753155756,-291.2427907307943,4.034227919789901,-0.08279742112546307,0.009380074217915535,0.0005128031345329638,-5.589370658254489e-05,0.009380074217915535,0.0005128031345329638,-5.589370658254489e-05,0.0,0.0,0.0,2.677725656827291,0.92435425470446,-0.02864209664146421,0.9298106948534648,0.06709178381425904,-7.670376536847858e-05,0.9659704089164733,0.0694291213366071,0.00015800110622824496,-0.03615972567349672,0.013995855139243863,-0.00023470429602069748,0.03615972567349672,0.013995855139243863,0.00023470429602069748,0.26200572997331617,0.014802190069954937,-0.0001718546412015017,0.3041924993197123,0.017567523389039986,-0.00018020977035115447
12.186301112174988,1.0,1500.0,0.0,17.0,739.0,0.2771694206726601,204.0,535.0,5.840089944406883,1.343636995495783,6781.54248224401,157.4,0.06099356738742928,44.49310344827587,19.23103448275862,8.562506128065717,58.0,43.32380952380951,23.780952380952378,8.844856564513716,42.0,44.49310344827587,19.23103448275862,8.562506128065717,58.0,0.1436901920993277,-0.006305301494006053,-0.005315991195380452,-0.0010360684819806442,-0.0013314840499306516,-0.12937586685159624,-0.008139116629981949,13.946810981048774,16.0,369000.0,245.0,4551.984723329544,81.06354094485962,0.3441506624221802,-3.0529468059539795,-284.915283203125,0.9019169211387634,-285.81719970703125,0.008758610114455223,0.008758610114455223,0.0,3.1865575313568115,1.1554880142211914,1.1703615188598633,-0.014873592182993889,0.014873592182993889,,0.24986204504966736,,0.3062109351158142,0.3609840710957845,0.4100614734256274,0.0009291600663882053,-2.966043706734975,1.0447890876408261,-0.01521674403889682,-290.4510915120443,4.021564655786268,0.2867339239237279,-0.05482179187238216,0.37615300104855814,0.011565883831432857,-290.3962697347005,3.9224034489682422,0.27516806732958904,0.008804641136278709,0.0002491452403770409,-2.3109249323109344e-05,0.008804641136278709,0.0002491452403770409,-2.3109249323109344e-05,0.0,0.0,0.0,3.0676499207814536,1.041515620319571,0.017237751900287795,0.9368203262488047,0.0836663677442622,0.0034572696394066164,0.968415786822637,0.07941745322193909,0.0024447264872880605,-0.03159545871118705,0.013956207026078523,0.0010125425678405421,0.03159545871118705,0.013956207026078523,-0.0010125425678405421,0.2612891679008802,0.014231080369754342,0.00028833724036231794,0.3036048839489619,0.014854484517626715,0.0005063721746438235
27.152644492331007,1.0,1500.0,0.0,46.0,739.0,0.7327516972741085,541.0,198.0,5.734946222470192,1.6609579218545596,5335.914921269841,19.400000000000002,0.007394419881079433,45.234482758620715,6.313793103448275,8.330540674423782,58.0,42.649999999999984,12.7375,9.064773024284676,16.0,45.234482758620715,6.313793103448275,8.330540674423782,58.0,0.1502835271369295,-0.004547114825886764,-0.004366642296833948,-0.000190488701329233,-0.0009194395796847621,-0.07110332749562143,-0.007725368843620879,13.789907579790802,42.0,370500.0,246.0,4571.162978172302,81.05158397746251,0.364278644323349,-1.7206408977508545,-290.3633117675781,-0.03884793817996979,-290.324462890625,0.010181916877627373,0.010181916877627373,0.0,1.7832571268081665,0.9425764083862305,0.971531093120575,-0.02895471826195717,0.02895471826195717,,0.24871651828289032,,0.2906235456466675,0.2957399030526479,0.14573895606892895,-3.761813558381487e-05,-2.7305906852086386,0.9861134245619868,-0.011627097336681002,-291.5678466796875,3.345609896937046,0.03738359190333547,0.029712503775954247,0.2745462092841277,-0.010455857466769572,-291.5975606282552,3.382312328265161,0.04783958630249579,0.009710683766752482,0.0004398591176456775,4.799237062489485e-05,0.009710683766752482,0.0004398591176456775,4.799237062489485e-05,0.0,0.0,0.0,2.8299061874548594,0.9974041205953689,0.011152688480988156,0.9520485421021779,0.05812621690676163,-0.0020161416427179803,0.9862083395322164,0.05916205018970904,-0.0022362079185426612,-0.0341597903209428,0.011832565934321094,0.00022006698586751164,0.0341597903209428,0.011832565934321094,-0.00022006698586751164,0.26594670017560323,0.01713112398542993,-0.00030954803057322075,0.30895174145698545,0.016649859233476325,-0.0004434249822767276
18.150758433986354,1.0,1500.0,0.0,40.0,739.0,0.6383566511265647,471.0,268.0,5.592171273825611,1.6430298768429676,5728.109708313935,39.2,0.014561664190193165,46.41379310344828,9.53448275862069,8.029408343677725,58.0,42.93333333333334,16.64761904761904,8.861728656678139,21.0,46.41379310344828,9.53448275862069,8.029408343677725,58.0,0.14033374520329056,-0.004933789608614027,-0.005156533253399201,-0.0005702533341077886,-0.001417679294734331,-0.09692637598284345,-0.0071050520916359486,12.65516949893215,37.0,372000.0,247.0,4590.234381437302,81.04161336605186,0.39516681432724,-1.7115862369537354,-297.09112548828125,-0.13666653633117676,-296.9544677734375,0.00970418844372034,0.00970418844372034,0.0,1.8471885919570923,0.9001573324203491,0.9505139589309692,-0.05035663768649101,0.05035663768649101,,0.2502759099006653,,0.30606377124786377,0.536314540853103,0.7157761553827799,-0.0036128779291045854,-2.794531214237213,0.7850937094931143,0.032166032955564354,-292.64336649576825,2.680584331224038,0.02129052218393629,-0.07459913231432438,0.2958661223265514,0.0025476858774003304,-292.5687672932943,2.6200792041442362,0.018742701580322155,0.009725746077795824,0.00012264569254475505,-1.602532866269125e-06,0.009725746077795824,0.00012264569254475505,-1.602532866269125e-06,0.0,0.0,0.0,2.896782688299815,0.7814111897039897,-0.033607478481246136,0.9279250582059224,0.06586828439922321,0.0006761127372206871,0.9638448297977448,0.06384721007910006,0.000557109100269643,-0.03591977891822656,0.009138695001306459,0.00011900274105809343,0.03591977891822656,0.009138695001306459,-0.00011900274105809343,0.2606962576508522,0.02021158212958606,-4.296311746052681e-05,0.3033589462439219,0.017689207521410864,3.813530367128005e-05
24.55695625910392,1.0,1500.0,0.0,56.0,739.0,0.9042049183362547,668.0,71.0,5.511730675347251,1.799926547846264,5179.850604526488,18.2,0.006665690008789921,47.07586206896551,6.2758620689655205,7.862685698923807,58.0,47.366666666666674,23.100000000000005,8.081526697620303,6.0,47.07586206896551,6.2758620689655205,7.862685698923807,58.0,0.14641051952541798,-0.004335238565591193,-0.004760325183625529,-0.00040662729518678144,-0.00027847880950308953,-0.07846140457749395,-0.007272998119891127,13.310040587718502,52.0,373500.0,248.0,4610.072653770447,81.01824592602136,0.22714976966381073,-3.0715060234069824,-296.15655517578125,0.23221611976623535,-296.3887634277344,0.00916280783712864,0.00916280783712864,0.0,3.1175222396850586,0.982720136642456,1.0294830799102783,-0.04676295816898346,0.04676295816898346,,0.25464409589767456,,0.2888224422931671,1.508212637901306,5.5589212649759565,0.15237749698960346,-3.0423078536987305,1.1093324455362266,0.015871064469334388,-292.94317830403645,3.5112269131643594,-0.10503265075343346,-0.021498021980126698,0.26517534104482565,0.0008511178220339454,-292.9216776529948,3.561356084886983,-0.10588401989623102,0.009327720881750186,0.00030036854644982964,-3.0612296427914296e-05,0.009327720881750186,0.00030036854644982964,-3.0612296427914296e-05,0.0,0.0,0.0,3.111970967054367,1.0975153806050126,-0.01615934471399826,0.9398696104685466,0.05525023390336366,-0.00013083271243018494,0.9753988881905874,0.056693750775246805,0.00018243576183465287,-0.035529278529187046,0.012234150694655603,-0.00031326761939568003,0.035529278529187046,0.012234150694655603,0.00031326761939568003,0.2627980331579844,0.015358044474423356,-0.0005531178035248135,0.30256652434666953,0.016482851747055702,-0.0003123044304640916
2.028293098722185,1.0,1500.0,0.0,15.0,739.0,0.23356168695212176,172.0,567.0,5.6390180554087905,0.9612269511444265,6654.977384855539,199.8,0.07480344440284538,46.05172413793104,21.579310344827594,8.079669503551294,58.0,45.186363636363645,25.55454545454546,8.202136530262294,44.0,46.05172413793104,21.579310344827594,8.079669503551294,58.0,0.1391936418415496,-0.006305671687670792,-0.00549190454764335,-0.0006933321905353571,-0.006706361642118469,-0.15944844876214512,-0.007328269383474056,12.690869753598765,14.0,375000.0,249.0,4627.8425533771515,81.03127875997966,0.22251562774181366,-2.603191614151001,-290.5258483886719,-0.2866021394729614,-290.2392578125,0.009733212180435658,0.009733212180435658,0.0,2.6472392082214355,0.8942590355873108,0.9181267619132996,-0.023867731913924217,0.023867731913924217,,0.2575334906578064,,0.2783900499343872,1.8069252784053484,7.0135911057548,0.17145473382563162,-3.3369266788164773,1.0661028259046885,0.022127948560492043,-293.7757171630859,4.255599044776815,0.19613130121793862,0.05529881287366152,0.24655178711053596,0.005972472267915334,-293.8310180664063,4.162630531199116,0.19015885163202845,0.009225774556398392,0.00021377090842865251,2.0352899365218022e-05,0.009225774556398392,0.00021377090842865251,2.0352899365218022e-05,0.0,0.0,0.0,3.4372894167900085,1.074168469959947,-0.021184849579952255,0.9547275642553965,0.05938305694546655,0.0019885728701335547,0.9917993982632954,0.052622194513472345,0.0012767080470372347,-0.037071818858385085,0.01459925845754103,0.0007118653112378096,0.037071818858385085,0.01459925845754103,-0.0007118653112378096,0.26276351809501647,0.014068117708916203,0.00012078066423816265,0.3035658856232961,0.016418076717764178,-5.998977431996738e-05
8.924082698360566,1.0,1500.0,0.0,34.0,739.0,0.5459320410823517,403.0,336.0,5.527205964362912,1.5601429175150903,6195.857182594175,69.60000000000001,0.025995368641219093,46.97192982456141,14.175438596491228,7.899500888299846,57.0,45.892307692307696,21.707692307692312,8.098959237818454,26.0,46.97192982456141,14.175438596491228,7.899500888299846,57.0,0.14452599213916106,-0.006800281950538024,-0.005001194814696776,-0.0007878980340209341,-0.0034898567172648716,-0.13823237338629293,-0.008965040293176392,13.18773906905053,31.0,376500.0,250.0,4646.663656234741,81.02587745829733,1.2685422897338867,-3.015495538711548,-301.10260009765625,0.25651416182518005,-301.3591003417969,0.008513526059687138,0.008513526059687138,0.0,3.241886615753174,0.9731379747390747,1.0338187217712402,-0.06068072468042374,0.06068072468042374,,0.2689375579357147,,0.31225818395614624,0.5149269501368204,0.6279058141400466,0.02438297509086278,-2.7576141794522604,1.122218882740147,-0.018351808326262858,-296.2070353190104,3.3168812041240554,-0.11159191364971342,-0.11617635612686475,0.2857510962625018,0.007128033245829779,-296.0908579508463,3.2736655033990654,-0.11871982188324962,0.008950901279846827,0.00044953967580983983,-4.852530738137868e-05,0.008950901279846827,0.00044953967580983983,-4.852530738137868e-05,0.0,0.0,0.0,2.8454142888387044,1.1293363689655207,0.01843529381396635,0.9120569845040639,0.06265921428889745,0.0011583876821965467,0.9553254266579946,0.0603529394823239,0.0015148195594515959,-0.043268434889614585,0.011176786016266057,-0.00035643167047863826,0.043268434889614585,0.011176786016266057,0.00035643167047863826,0.25920072197914124,0.01558134145998201,0.0005491643050090817,0.3028928021589915,0.016937147727497062,0.00013911136663264412
13.56909565627575,1.0,1500.0,0.0,35.0,739.0,0.5563830390015915,411.0,328.0,5.594615254382853,1.3555897023640189,5932.60577963007,79.0,0.029354934601664686,46.400000000000006,13.875862068965514,8.105344636483334,58.0,45.26153846153845,22.730769230769226,8.424297113971,26.0,46.400000000000006,13.875862068965514,8.105344636483334,58.0,0.14484320569269263,-0.00598390737775476,-0.004578049152145025,-0.0008043058722209647,-0.004839837739544023,-0.1196251223947385,-0.00804880760858352,13.35391609120022,32.0,378000.0,251.0,4665.571398735046,81.01901518482501,0.15633349120616913,-3.0534138679504395,-289.0237121582031,0.3149894177913666,-289.3387145996094,0.009324625134468079,0.009324625134468079,0.0,3.2059037685394287,1.029778242111206,1.0473722219467163,-0.017593909054994583,0.017593909054994583,,0.2745504677295685,,0.2991892695426941,0.5277102887630463,0.7887093769423243,0.011449286729528317,-2.752008295059204,0.9736355946636369,0.013124012284072072,-294.45269165039065,4.189167075335197,0.2720068196433633,0.07522219171126683,0.2705951929002584,-0.002201833747517942,-294.5279113769531,4.123363255501479,0.27420849826630883,0.008855195933332045,0.0002796758625905358,3.138935468983182e-05,0.008855195933332045,0.0002796758625905358,3.138935468983182e-05,0.0,0.0,0.0,2.839086910088857,0.9727864810086246,-0.011489361968799032,0.9595935563246409,0.061853640535810786,0.0005378630190457686,0.9958582043647766,0.057224898668479934,-0.00046183946267917445,-0.03626464121043682,0.014500674193599235,0.0009997045246260597,0.03626464121043682,0.014500674193599235,-0.0009997045246260597,0.2528793141245842,0.014662807675364622,0.00012538436721508227,0.29170728623867037,0.01411326876773315,0.0001865225785035798
9.748451739549637,1.0,1500.0,0.0,18.0,739.0,0.2795676212355669,206.0,533.0,5.6334417092677,1.2929207044637938,6795.890765402206,186.0,0.06963162623539983,46.055172413793116,20.320689655172412,8.139152428135239,58.0,44.9857142857143,25.076190476190472,8.347709129722434,42.0,46.055172413793116,20.320689655172412,8.139152428135239,58.0,0.138659129334438,-0.00586496109592648,-0.005403753421624508,-0.0009197566828647447,-0.0020877944325481766,-0.13426124197002273,-0.0072814531216937465,13.755273043116274,16.0,379500.0,252.0,4683.595252990723,81.0274969336151,0.162398561835289,-4.452390670776367,-290.97882080078125,0.00554165244102478,-290.984375,0.009949786588549614,0.009949786588549614,0.0,4.474038600921631,0.9595151543617249,0.9812020063400269,-0.021686915308237076,0.021686915308237076,,0.25047123432159424,,0.29488635063171387,0.678414116303126,0.525427816882725,-0.0001767658086719548,-2.598981515566508,0.9239620851261787,-0.024080630218624603,-295.7123219807943,3.1285148541943686,0.022719437341409122,0.08002474481860797,0.3187768576450408,-0.01675581653769211,-295.79234619140624,3.1447037238708164,0.03947514925438484,0.009903194817403952,0.00015417788559517624,1.3484110904482275e-05,0.009903194817403952,0.00015417788559517624,1.3484110904482275e-05,0.0,0.0,0.0,2.6898550629615783,0.9211825443954027,0.024798841312013743,0.9582330962022145,0.06855714178171701,-0.003426771447708947,0.9972479164600372,0.06901097575629954,-0.003616179733042995,-0.03901480697095394,0.010894974691907928,0.0001894073107086126,0.03901480697095394,0.010894974691907928,-0.0001894073107086126,0.25623414168755215,0.020303384906550394,0.00027761843565175565,0.29511150618394216,0.018537268852361222,0.0005594114241531001
8.651999620290903,1.0,1500.0,0.0,28.0,739.0,0.4500250938492094,332.0,407.0,5.588213280478035,1.4380789910292087,6293.962185554773,93.4,0.034623368920521945,46.510344827586216,15.60344827586206,8.050355599360183,58.0,44.7125,21.893750000000004,8.417714791397067,32.0,46.510344827586216,15.60344827586206,8.050355599360183,58.0,0.139404801272557,-0.005776573833198286,-0.005188341206100092,-0.000844881104605292,-0.0005026809651474533,-0.1369973190348505,-0.007339876849654351,12.610360714152025,26.0,381000.0,253.0,4702.118596076965,81.02730550392177,0.19587282836437225,-3.4075989723205566,-300.54638671875,-0.1304018795490265,-300.4159851074219,0.01010070089250803,0.01010070089250803,0.0,3.519190788269043,0.899093747138977,0.9516210556030273,-0.052527301013469696,0.052527301013469696,,0.2764679193496704,,0.3166012763977051,1.9544664571682613,6.329126097763179,0.12532238467649306,-2.637139274676641,0.9563878083064224,-0.024238780621559354,-294.2125508626302,5.024517213491856,-0.2905479422665711,-0.048017913041015464,0.2897157084982222,-0.011073738686715537,-294.16453247070314,4.916361063725518,-0.2794743046744583,0.010301290483524402,0.00027087881591597606,-7.916629123807205e-06,0.010301290483524402,0.00027087881591597606,-7.916629123807205e-06,0.0,0.0,0.0,2.7676572759946185,0.9747579990012837,0.025943751860248315,0.9376956999301911,0.07081025090652442,-0.0033220746625915354,0.9695026814937592,0.06336164118930471,-0.002414181460528023,-0.03180699218064546,0.016680838089831503,-0.0009078922427701735,0.03180699218064546,0.016680838089831503,0.0009078922427701735,0.2599093720316887,0.013637284599192554,5.519249216467376e-05,0.2968447893857956,0.017245045858493485,-0.0002739631625781256
24.71595623758104,1.0,1500.0,0.0,48.0,739.0,0.7777046714579829,574.0,165.0,5.556371898949175,1.6959103642387063,5438.572024494413,17.400000000000002,0.006423508564678086,46.703448275862065,7.100000000000001,7.89455247053785,58.0,45.01538461538462,17.430769230769236,8.247651011186585,13.0,46.703448275862065,7.100000000000001,7.89455247053785,58.0,0.1454213208490428,-0.004728605592984075,-0.005387579232384632,-0.00035331856701526366,-0.0015268709191361086,-0.07441486690105395,-0.007371790559020974,13.29241906485696,45.0,382500.0,254.0,4721.575186014175,81.01110009494438,0.26170551776885986,-2.8210620880126953,-308.8751220703125,-0.440157949924469,-308.4349670410156,0.009808181785047054,0.009808181785047054,0.0,2.957521915435791,0.8063981533050537,0.8848214149475098,-0.07842330634593964,0.07842330634593964,,0.25657397508621216,,0.29045456647872925,0.5779863218466441,0.7672132979774469,0.0015877917292916276,-2.686848443746567,1.1303945732926552,-0.014548647324155761,-297.86427815755206,4.555917905120725,0.0797569809554129,-0.014825458824634551,0.26496446251210654,-0.00044500430314506497,-297.8494547526042,4.557894107826213,0.0802017839917657,0.009802390014131863,0.0001513564695723979,-1.0902366214520072e-05,0.009802390014131863,0.0001513564695723979,-1.0902366214520072e-05,0.0,0.0,0.0,2.7760964135328927,1.1402672280960438,0.015043651792443461,0.9338890234629313,0.05890391965213984,0.00023604831653121738,0.9767650067806244,0.057345692332316935,-9.299797794314174e-05,-0.042875982572635016,0.015729733330715735,0.0003290467676981152,0.042875982572635016,0.015729733330715735,-0.0003290467676981152,0.25730722745259604,0.012922962584317535,3.0623792408562996e-05,0.296735942363739,0.01455711994675358,-4.20446257967889e-05
17.238784462213516,1.0,1500.0,0.0,43.0,739.0,0.6943841700439222,513.0,226.0,5.513610699686122,1.6480995227653465,5672.856165897753,40.0,0.014650941322980001,47.07241379310343,10.313793103448276,7.8559263444202605,58.0,44.55555555555556,20.35555555555556,8.42733738599558,18.0,47.07241379310343,10.313793103448276,7.8559263444202605,58.0,0.14156997938789942,-0.005109750886874321,-0.005852782685043714,-0.000660233607668771,-0.0010152284263959372,-0.1023173692341626,-0.006907344725743705,12.774102418204812,40.0,384000.0,255.0,4740.779046058655,80.9993455230204,0.24862127006053925,-1.9799432754516602,-292.1846618652344,0.20930299162864685,-292.3939514160156,0.009410862810909748,0.009410862810909748,0.0,2.108585834503174,1.0030546188354492,1.024857997894287,-0.021803338080644608,0.021803338080644608,,0.247822105884552,,0.2803877890110016,0.4227950597802798,0.34931824297592734,0.0005642813523698714,-2.704250411192576,1.065254679198245,-0.01740604377827194,-295.99761657714845,3.9593839062172282,0.1375886605234211,-0.05081687793135643,0.31350237145582505,-0.008026023023452065,-295.94679972330727,3.997749850486303,0.14561475641338362,0.009749949040512244,0.0002845790056808428,-2.9010910777016873e-05,0.009749949040512244,0.0002845790056808428,-2.9010910777016873e-05,0.0,0.0,0.0,2.8170003652572633,1.0729016977680648,0.01754346254537571,0.9343416929244995,0.06670058000746534,-0.0011681545297879735,0.9690892239411671,0.06763509310486746,-0.0017205933309901067,-0.03474752480785052,0.01386049479716964,0.0005524374055650273,0.03474752480785052,0.01386049479716964,-0.0005524374055650273,0.2574889436364174,0.015306311827122865,0.0003729865700835187,0.2970951865116755,0.017260587432745597,-6.246026418896965e-05
21.203404687699816,1.0,1500.0,0.0,45.0,739.0,0.7221959823928948,533.0,206.0,5.494335926370669,1.5896390951295734,5536.684902959723,28.8,0.010517858447155066,47.21034482758621,8.8448275862069,7.805006197825896,58.0,47.587500000000006,19.137500000000003,7.569385969874062,16.0,47.21034482758621,8.8448275862069,7.805006197825896,58.0,0.14625823194971588,-0.00447731678592648,-0.005022585540323077,-0.00041982684405019843,-0.0016905071521456394,-0.08964022540095223,-0.007423987446449847,12.94571051654485,42.0,385500.0,256.0,4760.077474117279,80.98607682251813,0.19353120028972626,-2.7244579792022705,-301.93853759765625,0.2770254909992218,-302.215576171875,0.010192749090492725,0.010192749090492725,0.0,2.8636956214904785,0.9865735173225403,1.0404064655303955,-0.05383288115262985,0.05383288115262985,,0.25743892788887024,,0.31661146879196167,0.4045383354028066,0.3686515939180118,0.018320279279195426,-2.659876428047816,1.118782302620699,0.02097986514894536,-297.5447194417318,3.831936319728541,-0.10915155972998676,0.018289892375469206,0.323159473294733,-0.004935273441907702,-297.5630126953125,3.8670244552088997,-0.10421661275113933,0.009736579625556867,0.0005342787701552417,5.587813060096661e-05,0.009736579625556867,0.0005342787701552417,5.587813060096661e-05,0.0,0.0,0.0,2.754120727380117,1.10520539122108,-0.02054216644257409,0.9451661586761475,0.06879704772634687,-0.0013698137907085697,0.9838531136512756,0.06963867499387638,-0.001066285935339357,-0.03868694603443146,0.013139103458412325,-0.0003035272337968668,0.03868694603443146,0.013139103458412325,0.0003035272337968668,0.2509061391154925,0.014368658905716203,-3.7466130479433136e-05,0.2892974187930425,0.014897088213569993,0.00030451623828578147
19.269352595011394,1.0,1500.0,0.0,23.0,739.0,0.366139584047126,270.0,469.0,5.8111286258156305,1.2498508313275325,6400.694148895441,156.4,0.06035813522692189,44.675862068965515,17.755172413793108,8.546285937378169,58.0,44.194594594594584,24.60000000000001,8.64216777814254,37.0,44.675862068965515,17.755172413793108,8.546285937378169,58.0,0.15322410366990674,-0.00593915478830622,-0.0051473152274602845,-0.000704723689856209,-0.0029788172992056415,-0.10556045895851823,-0.00893882181419882,14.099676115372477,21.0,387000.0,257.0,4778.390631198883,80.9896113292234,0.2995862364768982,-3.2620351314544678,-304.9977111816406,-0.07631723582744598,-304.92138671875,0.00938485749065876,0.00938485749065876,0.0,3.444828510284424,0.9021944999694824,0.9636526107788086,-0.06145811080932617,0.06145811080932617,,0.24867777526378632,,0.28900736570358276,0.31795876373847326,0.19165642679140696,-0.0046536356277009795,-2.6984385708967844,1.0788936488331744,-0.024425270918081242,-298.37770792643227,3.402556016253003,0.021360906106620406,-0.09243754887332518,0.3379417930574962,-0.0023650555779227127,-298.28526916503904,3.484035001887177,0.023726293375023157,0.009818654414266348,0.0001989128337419924,-1.1120530029756869e-05,0.009818654414266348,0.0001989128337419924,-1.1120530029756869e-05,0.0,0.0,0.0,2.7985217958688735,1.089223603244522,0.02518350203522581,0.9204334874947866,0.07062128502513437,-0.00036163068851986026,0.9599969526131947,0.07313971007526905,-0.0004959574398129856,-0.03956346288323402,0.011942298890975108,0.0001343261487823448,0.03956346288323402,0.011942298890975108,-0.0001343261487823448,0.2522944594422976,0.013383556184837848,-0.00019686618888206672,0.29530244370301567,0.014410620949787326,-0.0001533374041153222
14.647100105005151,1.0,1500.0,0.0,37.0,739.0,0.5897574936464592,435.0,304.0,5.4238250879325625,1.53727920297762,5922.371448504828,70.8,0.025520870881695624,47.83103448275861,12.993103448275857,7.728973965101549,58.0,45.60833333333332,22.599999999999994,8.267093817247973,24.0,47.83103448275861,12.993103448275857,7.728973965101549,58.0,0.136441040556806,-0.005014578183250224,-0.0049272082866870575,-0.000598006370700549,-0.0020851762921774253,-0.10676102615948264,-0.006724071341653165,12.24271769586214,34.0,388500.0,258.0,4797.4089114665985,80.98121447838665,0.22710491716861725,-0.9249086380004883,-301.40032958984375,-0.1561647355556488,-301.2441711425781,0.010080723091959953,0.010080723091959953,0.0,1.0579156875610352,0.8987381458282471,0.9460306167602539,-0.047292374074459076,0.047292374074459076,,0.24500557780265808,,0.28661006689071655,0.3848810613155365,0.3688717825819461,0.011313287083378618,-2.4310543636480966,1.2196900248847136,0.021062568416850096,-298.0012440999349,4.08885659141892,0.22319460180365278,0.05667388439178467,0.3558497235040118,0.0021098009935342932,-298.05791931152345,4.089049947633911,0.2210847678518758,0.009550868347287179,0.00026386450468826193,2.7333956224236586e-05,0.009550868347287179,0.00026386450468826193,2.7333956224236586e-05,0.0,0.0,0.0,2.54475017786026,1.225430513675795,-0.02169876220626754,0.9550133128960927,0.0772789845737259,0.001273964231085837,0.992210739850998,0.07652522372921143,0.0004662805324931968,-0.0371974157790343,0.014179027813863114,0.0008076829908289303,0.0371974157790343,0.014179027813863114,-0.0008076829908289303,0.25940771301587423,0.011706498315246353,-0.00022017441283874958,0.2965096890926361,0.012794847494487052,-0.00032037414353470263
29.260418246774112,1.0,1500.0,0.0,55.0,739.0,0.8883892685295997,656.0,83.0,5.733689574682554,1.9485996128793874,5059.277112606965,12.4,0.004723809523809524,45.25862068965518,3.679310344827587,8.206762178962936,58.0,35.54285714285714,7.05714285714286,10.226050988511428,7.0,45.25862068965518,3.679310344827587,8.206762178962936,58.0,0.14789820789434102,-0.004765981074674321,-0.00480507589915794,-0.00028830827699510267,-0.0004023964946794241,-0.05866046677993356,-0.007825864587699108,13.65901252389993,51.0,390000.0,259.0,4817.047215223312,80.9624615609918,0.23908473551273346,-2.5734639167785645,-297.1752624511719,0.1536606252193451,-297.32891845703125,0.009683697484433651,0.009683697484433651,0.0,2.8076298236846924,0.9807760715484619,1.013136386871338,-0.03236037865281105,0.03236037865281105,,0.24743923544883728,,0.2772318720817566,0.7705930093924205,1.5642868725867152,0.04309481752992869,-2.642602870861689,1.0397754425917773,0.028587047475596344,-299.0505859375,3.6367205116900756,-0.013527101510343902,-0.0022868942469358444,0.2878868646605421,-0.004928680762930367,-299.0483001708984,3.673332427209323,-0.008598414199361677,0.009899055523176988,0.00019739309770917435,-1.8758057006474332e-05,0.009899055523176988,0.00019739309770917435,-1.8758057006474332e-05,0.0,0.0,0.0,2.757467540105184,1.041912670207479,-0.027640004470961103,0.9405285894870759,0.06146531127646345,-0.0010507422241406326,0.9795109689235687,0.06236361134606134,-0.0010744760643786378,-0.03898239899426699,0.012514528513982145,2.3733242285398434e-05,0.03898239899426699,0.012514528513982145,-2.3733242285398434e-05,0.2586043958862623,0.010846381676424443,-6.643236346451977e-05,0.29696241915225985,0.01141415118894179,-0.000332893777609672
16.670868578411284,1.0,1500.0,0.0,23.0,739.0,0.35916204779217487,265.0,474.0,5.628471931870194,1.2779026795298851,6265.025014590481,122.4,0.04576727490278193,46.11034482758621,16.634482758620685,8.179348813265774,58.0,45.54594594594594,22.654054054054054,8.269597360168204,37.0,46.11034482758621,16.634482758620685,8.179348813265774,58.0,0.14526964523895966,-0.005169389621564874,-0.004801416186154655,-0.000753483019011223,-0.001617076326002585,-0.10918499353169578,-0.007796491916717346,13.148905113308084,21.0,391500.0,260.0,4835.328081607819,80.96658456106672,0.32658469676971436,-2.2605459690093994,-301.20758056640625,-0.7913980484008789,-300.4161682128906,0.010458567179739475,0.010458567179739475,0.0,2.3320634365081787,0.7651674747467041,0.8064478039741516,-0.04128028452396393,0.04128028452396393,,0.24333614110946655,,0.2735470235347748,0.4098580092191696,0.5597311647666283,0.008591852457292609,-2.9078017473220825,1.1047596394711632,0.024309911558174697,-298.52992655436196,2.7141805520560927,-0.008791160371327456,-0.014485957846045495,0.3184249112687238,0.00013506980623234128,-298.51543782552085,2.647277758723923,-0.00892591975023622,0.010074594089140495,0.0003434796451606891,3.5177826160384576e-05,0.010074594089140495,0.0003434796451606891,3.5177826160384576e-05,0.0,0.0,0.0,2.989315863450368,1.0981707656052433,-0.0265275981985821,0.9412584344546,0.07112575665056993,3.8613413809638077e-05,0.9768410384654999,0.06918220604765458,1.6170945660803587e-05,-0.035582612020274004,0.009005255971398621,2.2443517777360357e-05,0.035582612020274004,0.009005255971398621,-2.2443517777360357e-05,0.2567196865876516,0.013703726365721454,0.00023010966509944632,0.29820710023244223,0.015400298084639538,5.651980273848016e-05
27.952406997266024,1.0,1500.0,0.0,50.0,739.0,0.8065016837491971,596.0,143.0,5.74847089108216,1.641685905633636,5394.208333532747,18.8,0.007181602872641149,45.1344827586207,7.037931034482757,8.373247005753337,58.0,43.6,19.566666666666674,9.006826829443755,12.0,45.1344827586207,7.037931034482757,8.373247005753337,58.0,0.15286277827322942,-0.004929155381305267,-0.004424472411305756,-0.0005089241740528577,-0.0008682483594144357,-0.07002523977788942,-0.008674333821715079,14.293755200118433,46.0,393000.0,261.0,4854.5993394851685,80.95415759721126,0.2589035630226135,-3.9697999954223633,-298.8891906738281,-0.03751566261053085,-298.8516845703125,0.009311948902904987,0.009311948902904987,0.0,4.115400791168213,0.9375945329666138,0.9719776511192322,-0.03438311815261841,0.03438311815261841,,0.2561647295951843,,0.28051692247390747,0.6098216449220976,0.9307070961344979,0.00044868018590037465,-2.8903047680854796,1.066997376369325,0.002188406558137639,-298.7958150227865,3.4545897073099434,0.05263933939186764,-0.14999860127766926,0.36051514063527884,0.017475139564348683,-298.64581604003905,3.445326888570399,0.03516377925343068,0.009598683255414167,0.0003085667408697282,-3.382823035303323e-05,0.009598683255414167,0.0003085667408697282,-3.382823035303323e-05,0.0,0.0,0.0,2.973938160141309,1.0623096393770726,-0.0009662638848297242,0.9130255440870921,0.07856087505811321,0.003970116966956158,0.9474724352359771,0.07783008212712353,0.0037983515503939224,-0.03444689208020767,0.011752392167332114,0.00017176571533133704,0.03444689208020767,0.011752392167332114,-0.00017176571533133704,0.2582406923174858,0.012927785596158493,-0.0003932309793816092,0.2986448407173157,0.01684354252309839,-0.0007254687114074922
20.39160726183937,1.0,1500.0,0.0,22.0,739.0,0.35354921830733305,261.0,478.0,6.00044803391561,1.4042639132545434,6471.264201700785,151.8,0.060535970649226355,43.23448275862068,16.54827586206897,8.89923404380246,58.0,42.04324324324323,22.88648648648649,9.135631877550768,37.0,43.23448275862068,16.54827586206897,8.89923404380246,58.0,0.15288596779838606,-0.0052937477128126315,-0.004895738831879107,-0.0008112559646903508,-0.0012164902004956064,-0.10182473530074437,-0.008816358309388941,14.044336981452048,21.0,394500.0,262.0,4872.718118429184,80.96097299532993,0.34353235363960266,-3.1444590091705322,-300.716796875,0.09924958646297455,-300.8160400390625,0.009752948768436909,0.009752948768436909,0.0,3.2702207565307617,0.9619683623313904,1.0014350414276123,-0.03946665674448013,0.03946665674448013,,0.25412172079086304,,0.2819880247116089,0.3145437185962995,0.15393789951992273,-0.0015195015904900843,-2.6895193020502726,1.0578572736859986,0.021361527373979075,-298.0199035644531,2.904145272340103,0.11037042297432209,0.08819360882043839,0.2502073858705373,0.00873963881586497,-298.10809631347655,2.81163341576479,0.10163077926212064,0.009531847666949034,0.0002876512659510222,2.6529395250443865e-05,0.009531847666949034,0.0002876512659510222,2.6529395250443865e-05,0.0,0.0,0.0,2.7859429756800336,1.0325047792421527,-0.022760356546641772,0.9679679850737254,0.05772990010736195,0.002278588677407343,0.9990170935789744,0.05370837526102926,0.0018813822638073356,-0.031049113037685552,0.009688728808439491,0.0003972088920161789,0.031049113037685552,0.009688728808439491,-0.0003972088920161789,0.25491263121366503,0.014606898912864449,0.0003635056524043303,0.29458497862021127,0.016522423445902858,0.00019248295015964305
17.65654211977254,1.0,1500.0,0.0,25.0,739.0,0.39123838562642443,289.0,450.0,5.781085055270806,1.2341748758423077,6184.092397145235,146.4,0.05619530170428374,44.917241379310354,15.631034482758624,8.392572960177171,58.0,43.74285714285714,22.051428571428573,8.584900862821303,35.0,44.917241379310354,15.631034482758624,8.392572960177171,58.0,0.14765313624416138,-0.005607906157063602,-0.005225161613713465,-0.0007039094631408339,-0.0006970722963553081,-0.10738896634136698,-0.007917145015476733,13.265791430421503,23.0,396000.0,263.0,4891.037343263626,80.96441965330864,0.7938820123672485,-1.5031371116638184,-301.0682678222656,0.12771952152252197,-301.19598388671875,0.009336250834167004,0.009336250834167004,0.0,1.6790196895599365,0.9681536555290222,1.0073268413543701,-0.0391731783747673,0.0391731783747673,,0.22809089720249176,,0.26432496309280396,0.5660638426740964,0.637572605667063,-0.012408785755695335,-2.6970312307278315,1.1108743188737502,0.04600083692055268,-300.019330851237,2.7862970711750665,-0.05582786619463399,-0.08423621368904909,0.38025626104623955,-0.0057975340033731134,-299.9350952148437,2.6984476446316483,-0.0500301305921452,0.00956209059804678,0.00019652773276436646,-1.5975774842852185e-05,0.00956209059804678,0.00019652773276436646,-1.5975774842852185e-05,0.0,0.0,0.0,2.793108915289243,1.1135937838417116,-0.04558894490373553,0.9262413024902344,0.08369663265165128,-0.0013611259927208696,0.9619079113006592,0.08177262202539301,-0.0012443982719446977,-0.035666618434091406,0.009075852992631975,-0.00011672745764388032,0.035666618434091406,0.009075852992631975,0.00011672745764388032,0.25676396588484446,0.013068182269042125,-1.4781733110838288e-05,0.2957673937082291,0.0166033874501804,0.00013109743263617227
6.730601317004154,1.0,1500.0,0.0,21.0,739.0,0.33399855444992443,246.0,493.0,5.628327852420626,1.1769686401201833,6578.423836793987,167.8,0.06271490506802213,46.13103448275863,19.262068965517248,8.179788615567869,58.0,43.99487179487178,24.66666666666667,8.677543242458595,39.0,46.13103448275863,19.262068965517248,8.179788615567869,58.0,0.13283191088324342,-0.005925224791126431,-0.005654453781511579,-0.000649856040299187,-0.0023965141612200384,-0.13525054466230912,-0.006948736838878643,12.526906954116095,19.0,397500.0,264.0,4909.336830377579,80.96816611571306,0.17356868088245392,-2.147315502166748,-297.5994567871094,0.006239134818315506,-297.6056823730469,0.008383047766983509,0.008383047766983509,0.0,2.3329999446868896,0.9558377265930176,0.9813048243522644,-0.025467146188020706,0.025467146188020706,,0.2670247554779053,,0.30604732036590576,0.42996811618407565,0.4759864494156944,-0.015713914917228754,-2.410442715883255,0.8994919380327342,0.005420972043865942,-298.853315226237,3.203343946135115,0.029521184291146724,-0.08546806710461775,0.3070285710980326,0.009788979794643616,-298.7678476969401,3.222193748357152,0.019731932779048958,0.008646740267674128,0.0003995497053853124,-4.3262670581147516e-05,0.008646740267674128,0.0003995497053853124,-4.3262670581147516e-05,0.0,0.0,0.0,2.493197105328242,0.910937779661871,-0.006403655244723401,0.9316828648249308,0.06454761489288503,0.0021896204242981957,0.9618319114049275,0.0646974588075455,0.0020709428956961888,-0.03014904328932365,0.010926841297875892,0.00011867539329377684,0.03014904328932365,0.010926841297875892,-0.00011867539329377684,0.2562770257393519,0.015456253726525832,-0.0001857306986417407,0.2953804184993108,0.014844599240892247,1.5677486829146385e-05
22.80437711306981,1.0,1500.0,0.0,15.0,739.0,0.23486801913469119,173.0,566.0,5.80781064700984,0.9642600646684699,6790.479774107244,192.4,0.07423985182898596,44.682758620689654,20.510344827586206,8.486668332408783,58.0,44.840909090909086,25.536363636363635,8.376036032507269,44.0,44.682758620689654,20.510344827586206,8.486668332408783,58.0,0.1593527220330981,-0.005176637606682462,-0.004601469470036388,-0.0008484002347356059,-0.004852686308492189,-0.0915077989601392,-0.00950780912268762,13.972583925783896,14.0,399000.0,265.0,4927.049906730652,80.98152191536391,0.26673567295074463,-0.8538154363632202,-298.9747314453125,-0.05916240066289902,-298.9155578613281,0.009388698264956474,0.009388698264956474,0.0,0.9221581220626831,0.9389937520027161,0.967326819896698,-0.028333082795143127,0.028333082795143127,,0.2516617178916931,,0.29620930552482605,0.4384505490461985,0.42193203331619533,-0.010488325960776715,-2.661270107825597,0.9614424398536576,0.016106691230523672,-301.71445922851564,3.295492114206014,-0.16843313316878983,-0.06136642396450043,0.29327532342154794,0.005574837817631259,-301.65309448242186,3.364252299386847,-0.17400817531631604,0.008997644142558178,0.00023965104568612392,2.705925170153973e-05,0.008997644142558178,0.00023965104568612392,2.705925170153973e-05,0.0,0.0,0.0,2.7368233581384023,0.982281263207402,-0.01658563342057301,0.9286886334419251,0.060106670169715756,0.0006480763565843946,0.9670141994953155,0.06220405612761608,0.0011830763371290228,-0.038325582568844156,0.011161188245017281,-0.000535001657961207,0.038325582568844156,0.011161188245017281,0.000535001657961207,0.2593209067980448,0.012307112588034743,5.251334957338512e-05,0.2978496899207433,0.013560182398075559,0.0003528236083114468
13.46044654195959,1.0,1500.0,0.0,36.0,739.0,0.5703423866338074,421.0,318.0,5.41044146199795,1.4461432526936575,6087.96900167109,71.2,0.02560230133045667,47.94827586206896,13.27241379310345,7.713234719996868,58.0,46.76,21.984,7.96664708105501,25.0,47.94827586206896,13.27241379310345,7.713234719996868,58.0,0.13885855246866277,-0.005220011024418815,-0.004413785590898061,-0.0006166986440174889,-0.00260100343279641,-0.11629257987852973,-0.0074697672901344065,12.945253117474762,33.0,400500.0,266.0,4945.933770656586,80.97560917133603,0.1785554140806198,-3.437798261642456,-299.099853515625,-0.06812907755374908,-299.03173828125,0.009352928958833218,0.009352928958833218,0.0,3.4819209575653076,0.9382476806640625,0.9654174447059631,-0.027169838547706604,0.027169838547706604,,0.2576605975627899,,0.28338566422462463,0.35120614618062973,0.30209548495440997,-0.001931447344308971,-2.4156250596046447,0.7879636782883301,-0.03342300333886569,-301.7315246582031,3.5478439177635424,0.09413936220367279,-0.038507662961880365,0.32449310835437145,-0.009645567887418138,-301.69301554361977,3.5971829818068923,0.10378489934563326,0.009435016351441542,0.0001678667656683913,7.415323355571517e-06,0.009435016351441542,0.0001678667656683913,7.415323355571517e-06,0.0,0.0,0.0,2.5188954353332518,0.7759398904866277,0.03187234547565189,0.9348266204198201,0.06813993043057978,-0.001670614975578152,0.9717191517353058,0.0695725433584587,-0.0020726449099743643,-0.0368925351028641,0.012246838117179921,0.0004020285143105697,0.0368925351028641,0.012246838117179921,-0.0004020285143105697,0.25780341029167175,0.013412508931180466,7.936687968065491e-05,0.2943621834119161,0.013692147477725427,2.3385056929538432e-05
26.08182563421861,1.0,1500.0,0.0,57.0,739.0,0.9164226333156009,677.0,62.0,5.67183286528042,1.8559039449399202,5076.044135949934,12.0,0.00452932739488186,45.67931034482758,4.441379310344829,8.150051349532202,58.0,38.24,10.239999999999998,9.386907039592831,5.0,45.67931034482758,4.441379310344829,8.150051349532202,58.0,0.14886626478021547,-0.004520554128323207,-0.004724740823559488,-0.00028077092813942145,-0.0013899748067066249,-0.07172270002606092,-0.007984810970002018,13.432167715805308,53.0,402000.0,267.0,4965.640791654587,80.9563190063232,0.415346622467041,-2.8177120685577393,-302.8845520019531,-0.2846044898033142,-302.5999450683594,0.010178713127970695,0.010178713127970695,0.0,2.9298763275146484,0.8803393840789795,0.9179582595825195,-0.03761889040470123,0.03761889040470123,,0.25785279273986816,,0.280239462852478,0.3178941547870636,0.1907962008912059,-0.00022480121841686232,-2.746804508566856,0.9931019069394732,-0.018083689203516884,-300.7866709391276,3.1843002337239765,0.1456734764430186,0.05708662283917268,0.3150189614958564,0.010588850711655698,-300.84376017252606,3.103821220063941,0.13508463722713931,0.009453447038928668,0.0003584476808220276,3.8849246647784736e-05,0.009453447038928668,0.0003584476808220276,3.8849246647784736e-05,0.0,0.0,0.0,2.8153993169466656,0.9913815230432258,0.019193610863902963,0.9599030335744222,0.07081110006360317,0.0027805762243217646,0.992371267080307,0.06774051390614562,0.002273909228794807,-0.03246824014931917,0.010624129583999808,0.0005066659168917303,0.03246824014931917,0.010624129583999808,-0.0005066659168917303,0.25971545626719794,0.01576002697605715,0.00016556792914269996,0.3021345277627309,0.013323428859770677,8.166490062589841e-05
17.763320546401175,1.0,1500.0,0.0,21.0,739.0,0.3295966576400644,243.0,496.0,5.617901592462181,1.2463272267989172,6358.563522449851,184.8,0.06902734199910354,46.15862068965516,18.47586206896551,8.084707636930068,58.0,44.93333333333333,24.615384615384617,8.330793473269724,39.0,46.15862068965516,18.47586206896551,8.084707636930068,58.0,0.13926955652578635,-0.005040112239336619,-0.0060939913400861415,-0.0008843318050119265,-0.0012083903328773363,-0.10177838577291477,-0.006864463822476924,13.746695689225874,19.0,403500.0,268.0,4983.990347623825,80.9592258123801,0.3146435022354126,-2.241760492324829,-301.3122863769531,-0.16476094722747803,-301.14752197265625,0.009895959869027138,0.009895959869027138,0.0,2.4268078804016113,0.913124144077301,0.9443020820617676,-0.03117789700627327,0.03117789700627327,,0.2671549618244171,,0.3190293312072754,0.3201073924700419,0.1737860768913395,-0.004802087986959905,-2.6066994587580363,1.1615554263698813,-0.014217054432836005,-299.807177734375,2.378732422640994,-0.022944045358552902,0.0048175428062677385,0.24332980727775272,0.0001948977744950577,-299.81199544270834,2.326138935217999,-0.023138733249609543,0.010050595427552858,0.00010236713817224832,-7.280770759694268e-06,0.010050595427552858,0.00010236713817224832,-7.280770759694268e-06,0.0,0.0,0.0,2.7345404545466105,1.1528649562486841,0.01604119567107297,0.953610356648763,0.0546843724725315,1.2951300327179264e-05,0.9810521960258484,0.05284141033631009,3.901000017582527e-05,-0.02744183965648214,0.007791864730140451,-2.6060245699094467e-05,0.02744183965648214,0.007791864730140451,2.6060245699094467e-05,0.25580300788084664,0.015224426849952313,0.00020310675209435106,0.2999320596456528,0.013939983980759579,0.00021692698073465938
10.351414162179697,1.0,1500.0,0.0,25.0,739.0,0.3997432577005148,295.0,444.0,5.630423256472501,1.3980700254376692,6538.599996678618,142.20000000000002,0.05317875841436051,46.10344827586208,17.120689655172413,8.193651422620151,58.0,44.21142857142857,23.462857142857143,8.616096898175819,35.0,46.10344827586208,17.120689655172413,8.193651422620151,58.0,0.1389110050238623,-0.006437137192581862,-0.005877783761761155,-0.0008045722163288113,-0.0012158623269734367,-0.1285447063224832,-0.007944003054751543,13.120423282878543,23.0,405000.0,269.0,5002.283373117447,80.96302624047507,0.3455662727355957,-1.2099127769470215,-307.1422424316406,-0.12646102905273438,-307.0157775878906,0.008771679364144802,0.008771679364144802,0.0,1.4236505031585693,0.9039969444274902,0.9532968401908875,-0.04929988086223602,0.04929988086223602,,0.24109622836112976,,0.27255919575691223,0.4557504415512085,0.39967143701436736,-0.0011246966573102114,-2.6373319029808044,1.0627072637909152,0.013748028360564242,-300.76685791015626,3.465477028034464,0.01042005222817608,-0.0016032715638478598,0.31905918739382455,0.010787259080386148,-300.7652547200521,3.3557062003112663,-0.0003674873122833177,0.009231562757243713,0.0002691010864407658,-2.9541819964487036e-05,0.009231562757243713,0.0002691010864407658,-2.9541819964487036e-05,0.0,0.0,0.0,2.75374459028244,1.0646014195076425,-0.011807201728141991,0.9504194120566051,0.07252408227423726,0.0023717135688221193,0.9795125166575114,0.06819203622500415,0.0023211819709209073,-0.029093114007264376,0.011266822791849094,5.0530092660193665e-05,0.029093114007264376,0.011266822791849094,-5.0530092660193665e-05,0.25493619243303933,0.014175954288192004,0.00018391914176728194,0.29337609708309176,0.016521987445954955,-1.6455595962732158e-05
19.20141646473907,1.0,1500.0,0.0,47.0,739.0,0.7537815555201548,557.0,182.0,5.599931091306294,1.6327877525477892,5549.451826755445,27.200000000000003,0.01012809055704498,46.303448275862074,9.620689655172415,8.078077644668625,58.0,45.413333333333334,20.759999999999998,8.533885131544604,15.0,46.303448275862074,9.620689655172415,8.078077644668625,58.0,0.14734967366061338,-0.005394006689669363,-0.004795801919668485,-0.00041673817689292527,-0.0005264820469621984,-0.10386437822470024,-0.008482281063134334,13.929480494686606,43.0,406500.0,270.0,5021.605248212814,80.95021012348055,0.22220996022224426,-1.6677662134170532,-300.7496643066406,0.24733972549438477,-300.99700927734375,0.008136585354804993,0.008136585354804993,0.0,1.717544436454773,1.0038310289382935,1.031406044960022,-0.027575088664889336,0.027575088664889336,,0.25017979741096497,,0.2799599766731262,0.4142790257930756,0.47466582310137817,0.008899684629928278,-2.4665065348148345,1.2892249621998062,-0.010035135867996085,-301.19225158691404,2.8553109198571196,-0.06712108098624396,-0.042712986717621484,0.2539502697748562,0.006354982948740813,-301.1495402018229,2.8710613338077837,-0.07347611712666269,0.008329478061447541,0.00018562186847512617,-1.9568372911487005e-05,0.008329478061447541,0.00018562186847512617,-1.9568372911487005e-05,0.0,0.0,0.0,2.5521501223246257,1.2825269586616808,0.010491832663140332,0.9422043780485789,0.053036150440527924,0.0011442803302251234,0.9710364739100138,0.05310752227491433,0.0013387830954902544,-0.028832093377908073,0.009529149478641483,-0.00019450203512481274,0.028832093377908073,0.009529149478641483,0.00019450203512481274,0.25660915970802306,0.01163584415446923,-6.570280990558414e-05,0.29425279796123505,0.012321196799395083,-0.00030309136240050616
9.678288959539854,1.0,1500.0,0.0,28.0,739.0,0.44072485361121555,325.0,414.0,5.4423001411363705,1.443982810174821,6199.874111609913,106.0,0.03831971657870002,47.69310344827588,16.66896551724138,7.749428698696439,58.0,46.5625,24.325000000000003,7.808247314943696,32.0,47.69310344827588,16.66896551724138,7.749428698696439,58.0,0.1362753926972454,-0.006401018882994698,-0.00560738363127595,-0.0009082552968315991,-0.0006191432396251676,-0.12610441767068128,-0.00770798008662013,12.223330897547765,26.0,408000.0,271.0,5040.160262823105,80.94980689591608,0.15796470642089844,-2.6842236518859863,-299.9080505371094,-0.07279400527477264,-299.83526611328125,0.008867517113685608,0.008867517113685608,0.0,2.8035542964935303,0.9424444437026978,0.9645949602127075,-0.022150594741106033,0.022150594741106033,,0.24384766817092896,,0.27787327766418457,0.46520600219567615,0.5774261667981861,0.0009088275894041889,-2.715501340727011,0.936270461205265,-0.00552255414152827,-302.89991861979166,2.5657914706786626,0.03453332478796524,0.02640552371740341,0.3287299646210341,-0.001019055589420241,-302.92632649739585,2.5763483118022843,0.0355522656467318,0.008322020682195822,0.0002618715295217479,2.6921839665650342e-05,0.008322020682195822,0.0002618715295217479,2.6921839665650342e-05,0.0,0.0,0.0,2.8127047459284467,0.9209640721658244,0.005175774619894857,0.9522258202234904,0.06825248088453931,-4.6387265070689344e-05,0.9854576905568441,0.06854820472064298,-0.00021693862982933017,-0.03323186368991931,0.008681943244978825,0.00017054879269226108,0.03323186368991931,0.008681943244978825,-0.00017054879269226108,0.2509366810321808,0.015463484839364218,-0.0004734117541880777,0.29392281075318655,0.01805530943754197,-0.00035834452334182563
17.835190699650692,1.0,1500.0,0.0,14.0,739.0,0.22296496052860965,164.0,575.0,5.829203345690626,1.0609211454979035,6793.312293536361,197.4,0.07646420824295011,44.51034482758619,20.362068965517242,8.51167301571037,58.0,44.23555555555555,24.488888888888884,8.534990085595243,45.0,44.51034482758619,20.362068965517242,8.51167301571037,58.0,0.1532159651119832,-0.005934239528034731,-0.005309807789344611,-0.0010652009620102704,-0.0022865309038942456,-0.11289746337977932,-0.008440528043594745,14.114200512725601,13.0,409500.0,272.0,5057.872118711472,80.96290107554617,0.1647634506225586,0.0589088499546051,-299.1699523925781,-0.04740511626005173,-299.12255859375,0.008670560084283352,0.008670560084283352,0.0,0.12458431720733643,0.9517746567726135,0.9700157642364502,-0.018241072073578835,0.018241072073578835,,0.2541899085044861,,0.2808453440666199,0.6888260965545973,1.4820174677725262,0.00489128488918829,-2.658447797099749,1.2072676580889117,-0.03583384400214973,-302.8441111246745,3.2449369361547826,-0.07528713680347923,-0.017810925841331482,0.35027315510024554,-0.015236138856583372,-302.82630208333336,3.2019204644018693,-0.060051125599620336,0.008879115773985783,0.00017024614023661335,-1.4157290130157729e-05,0.008879115773985783,0.00017024614023661335,-1.4157290130157729e-05,0.0,0.0,0.0,2.774444113175074,1.2049117840220902,0.03830114796641666,0.9449576576550801,0.07547609274407645,-0.0033701977289558615,0.9763052066167196,0.07415382123429476,-0.003221332774942011,-0.03134755144516627,0.010626054751470097,-0.00014886484130205806,0.03134755144516627,0.010626054751470097,0.00014886484130205806,0.2586265102028847,0.014198094485777765,-0.00017955851170324856,0.29933506349722544,0.014139809586282156,-0.00044437133032700283
27.03422683256644,1.0,1500.0,0.0,58.0,739.0,0.9284898004895629,686.0,53.0,5.621283711844019,1.8015040475284338,5097.6353315998385,16.8,0.006173293157933417,46.12542372881356,4.4406779661016955,8.205975770269536,59.0,36.71999999999999,13.640000000000004,11.290258441764653,5.0,46.12542372881356,4.4406779661016955,8.205975770269536,59.0,0.1459462851873162,-0.004579271119199097,-0.004598333857227795,-0.0003432229005344703,-0.0008251241896101694,-0.06526900732508126,-0.007584030450029623,13.233307610973148,54.0,411000.0,273.0,5077.654161930084,80.94288954956582,0.8293327689170837,-2.427651882171631,-302.5799865722656,0.03108970820903778,-302.611083984375,0.008388110436499119,0.008388110436499119,0.0,2.5774807929992676,0.9581602215766907,0.986503005027771,-0.028342794626951218,0.028342794626951218,,0.2598555088043213,,0.28584372997283936,0.4136754542589188,0.35863009830799514,-0.0012306877118727036,-2.534128492077192,1.1270764734322476,0.01695793489858235,-304.4509297688802,3.423317167962428,-0.07099363604959798,-0.009672774498661359,0.2864221040602887,0.007569925804457756,-304.4412556966146,3.466006449563021,-0.07856374704532094,0.008462459438790877,7.848541067321201e-05,-3.695310827954022e-06,0.008462459438790877,7.848541067321201e-05,-3.695310827954022e-06,0.0,0.0,0.0,2.639843210577965,1.1191025802417272,-0.01578957362885742,0.9427694241205852,0.05899824849803094,0.0013767333396682313,0.9779581844806671,0.06000449477478671,0.0015873079040026313,-0.035188769052426024,0.011479547235423914,-0.00021057645557189276,0.035188769052426024,0.011479547235423914,0.00021057645557189276,0.2568283980091413,0.014543382750574646,0.00019915616750981727,0.29242007931073505,0.017932207536245266,6.52143369129401e-05
27.111710340368983,1.0,1500.0,0.0,55.0,739.0,0.8824274102922662,652.0,87.0,5.676873722641623,1.8934086915172568,5106.690772970315,16.0,0.006031817839101259,45.7344827586207,4.303448275862067,8.111075658803594,58.0,40.628571428571426,8.628571428571425,8.467244964045584,7.0,45.7344827586207,4.303448275862067,8.111075658803594,58.0,0.14922113769164375,-0.004346621958608536,-0.004912690224908368,-0.00025877151567195135,-0.0007029560201874538,-0.06820475847152048,-0.007851742294790997,13.417157328405507,51.0,412500.0,274.0,5097.227707624435,80.92634342840566,0.2207021713256836,-0.948287308216095,-303.820556640625,0.11573152244091034,-303.936279296875,0.008442587219178677,0.008442587219178677,0.0,0.9993993043899536,0.9730242490768433,1.0042402744293213,-0.03121604025363922,0.03121604025363922,,0.24783296883106232,,0.28221964836120605,0.3930112307270368,0.4052049709595439,-0.0005899607637965555,-2.7330055952072145,1.0972830767933333,0.044678781242073626,-304.4537424723307,3.131818549906996,-0.07953644647480738,0.024104354530572893,0.3237862240152828,-0.006769692992275629,-304.47784729003905,2.961310617130193,-0.0727665953164033,0.008579857430110376,0.0002248826770382082,1.89315691358253e-05,0.008579857430110376,0.0002248826770382082,1.89315691358253e-05,0.0,0.0,0.0,2.827799582481384,1.0978491581304375,-0.04167351430992669,0.9512637356917063,0.07339393803190478,-0.0016175830324446888,0.9850271383921305,0.06817556972315754,-0.0014269942038581981,-0.03376340332130591,0.009774762891710006,-0.00019058889903136373,0.03376340332130591,0.009774762891710006,0.00019058889903136373,0.2564154530564944,0.014398498763256678,-0.0005813803668812543,0.29666702648003895,0.013590869675689898,-0.0005510539777817343
27.18430039087931,1.0,1500.0,0.0,49.0,739.0,0.7898705375562395,583.0,156.0,5.715668107102184,1.6199661668843388,5163.277885630764,42.2,0.016022477029387198,45.410344827586215,5.455172413793107,8.333453300298773,58.0,37.815384615384616,11.430769230769233,10.612976502855254,13.0,45.410344827586215,5.455172413793107,8.333453300298773,58.0,0.14361312615514762,-0.00420594766172628,-0.004736646969979262,-0.0002610536768891387,-0.000405298536971135,-0.0663503361012254,-0.006778041492867116,13.499420313233648,45.0,414000.0,275.0,5116.655469655991,80.91222918080013,0.32316532731056213,-4.915105819702148,-297.29833984375,-0.18236273527145386,-297.115966796875,0.00896685291081667,0.00896685291081667,0.0,5.054399490356445,0.9342948198318481,0.9413160085678101,-0.007021167781203985,0.007021167781203985,,0.2793712615966797,,0.31805169582366943,0.5937863156199455,1.0422717335144382,-0.009443919713690765,-2.6151304682095846,1.5052648796279977,-0.08792191647051173,-304.9319610595703,4.049070238684659,0.12306663844158801,0.1619113005697727,0.31241467111727983,-0.0017309790673987885,-305.0938730875651,4.019614008442059,0.12479767422788385,0.008754379985233148,0.00023784847616679363,2.4889826824322786e-05,0.008754379985233148,0.00023784847616679363,2.4889826824322786e-05,0.0,0.0,0.0,2.713940268754959,1.5090803057179283,0.08856310479765603,0.9798679868380229,0.06795853736887801,0.0001185310563202792,1.0141390562057495,0.06587989309456353,-0.00034758737010343526,-0.03427107456761102,0.013489373304834074,0.00046611959964153047,0.03427107456761102,0.013489373304834074,-0.00046611959964153047,0.2550593758622805,0.014237057453735436,0.0007355059711500827,0.2959740092357,0.017269368650484885,0.0008566764292117546
16.979007279872896,1.0,1500.0,0.0,32.0,739.0,0.5120311068135185,378.0,361.0,5.416052075533994,1.3926450249096423,6231.869982654411,83.2,0.029880764258008907,48.00689655172414,14.948275862068966,7.691617219018948,58.0,48.42857142857142,24.757142857142867,7.465504487804539,28.0,48.00689655172414,14.948275862068966,7.691617219018948,58.0,0.14353502530254333,-0.00527180806320621,-0.005670891885731249,-0.0008291768447619278,-0.0013618677042801532,-0.10404070637533594,-0.007578408361865184,12.795593060508946,30.0,415500.0,276.0,5135.404567480087,80.90891273321498,0.18543502688407898,-2.592881202697754,-301.3034362792969,0.03578580170869827,-301.3392333984375,0.00920200441032648,0.00920200441032648,0.0,2.654956340789795,0.9681019186973572,0.9876327514648438,-0.01953078806400299,0.01953078806400299,,0.25516802072525024,,0.3015623092651367,0.4527437165379524,0.4880488437585001,-0.01379949374578157,-2.6708415945370994,1.0558113554153103,-0.017680962836251722,-303.85658060709636,2.799329819214713,-0.0021182186478854994,0.01370987668633461,0.2741549495641218,0.011799552604075406,-303.87029317220055,2.823528619653002,-0.013917651828850236,0.008939614022771518,0.00011482307257811604,9.590780178086844e-06,0.008939614022771518,0.00011482307257811604,9.590780178086844e-06,0.0,0.0,0.0,2.750464121500651,1.0539698020567614,0.020160339777673834,0.9542387207349141,0.05768070793617495,0.002505314761194662,0.9829052984714508,0.05803682451534675,0.0025006440775810776,-0.02866659085266292,0.00936443529386419,4.670256075425964e-06,0.02866659085266292,0.00936443529386419,-4.670256075425964e-06,0.2511613895495733,0.012109108477851063,5.949386897951687e-05,0.29406108061472574,0.014272908876205187,0.00015780651264380734
24.4537574327909,1.0,1500.0,0.0,42.0,739.0,0.679217822447637,501.0,238.0,5.717619821055794,1.8226040326888868,5844.847563778772,30.200000000000003,0.011473292303016488,45.38275862068965,9.675862068965516,8.302122648636633,58.0,44.18947368421052,20.610526315789475,8.516513531227252,19.0,45.38275862068965,9.675862068965516,8.302122648636633,58.0,0.1506999723691844,-0.004798764528929017,-0.005667595585710497,-0.0005419628360171838,-0.0007586533902323368,-0.08041725936462728,-0.008241802516240893,13.57911912529567,39.0,417000.0,277.0,5154.572626113892,80.89904444985625,0.33369049429893494,0.33683550357818604,-305.28460693359375,0.2710500955581665,-305.5556640625,0.008572055026888847,0.008572055026888847,0.0,-0.3369593024253845,1.0049724578857422,1.0369524955749512,-0.03198009356856346,0.03198009356856346,,0.23625992238521576,,0.2702478766441345,0.3720174898703893,0.26780653809366023,0.007567838401232194,-2.439287632703781,1.1212573810826676,0.05006010340106113,-304.6028574625651,2.898374599555325,-0.06087421760940309,-0.06850139647722245,0.3065328352654223,0.0012367821508838276,-304.53435770670575,2.8074559337259846,-0.06211090257620592,0.00890056046967705,0.00019277611698415817,-1.927732331502165e-05,0.00890056046967705,0.00019277611698415817,-1.927732331502165e-05,0.0,0.0,0.0,2.542394159237544,1.1360948961762456,-0.04945573786872386,0.9361460387706757,0.06779875787450086,0.0001108401476739919,0.965482638279597,0.06489119518334055,0.000265681743621802,-0.029336605127900837,0.009230954387383243,-0.00015484301706939616,0.029336605127900837,0.009230954387383243,0.00015484301706939616,0.25219974915186566,0.016762340746858045,-0.0007081234349027042,0.2939232279857,0.01608961878896508,-0.0005498492611661297
5.6341657638549805,1.0,1500.0,0.0,6.0,739.0,0.09545951830616614,70.0,669.0,5.631988033886094,0.9070217870588834,7161.656624999365,222.0,0.08300306587900995,46.11379310344828,23.299999999999994,8.018848936983199,58.0,46.026923076923076,24.97692307692307,8.00371847561963,52.0,46.11379310344828,23.299999999999994,8.018848936983199,58.0,0.14495091409201488,-0.00668912138476201,-0.0038249920310885963,-0.0024336436631333083,-0.0008481110254433306,-0.1622205088666159,-0.009294658345145533,14.358679099995177,6.0,418500.0,278.0,5171.8019778728485,80.9195715130857,0.2582254409790039,-2.483424186706543,-306.20654296875,-0.2635978162288666,-305.94293212890625,0.008318405598402023,0.008318405598402023,0.0,2.5079164505004883,0.8932324051856995,0.924961268901825,-0.03172887861728668,0.03172887861728668,,0.27376458048820496,,0.3181072473526001,0.4461370944976807,0.3881268574127393,0.010277216864109567,-2.778343361616135,1.044268332226057,0.012103099963556357,-305.1579559326172,4.011327753683574,0.012718443398489945,-0.03316064092020194,0.2944313981312781,0.0006874423610819387,-305.1247965494792,4.016082520335878,0.01203124456862731,0.008582947744677464,0.00010565459881834052,-4.532528591567399e-06,0.008582947744677464,0.00010565459881834052,-4.532528591567399e-06,0.0,0.0,0.0,2.8689706563949584,1.0310852083985285,-0.012167622435742716,0.9433014869689942,0.0626094822784488,0.00023890448624351687,0.9730639477570852,0.06187991873317312,0.00014820882555372853,-0.0297624529649814,0.01331153724708146,9.069587285314503e-05,0.0297624529649814,0.01331153724708146,-9.069587285314503e-05,0.2598408048351606,0.013447193513440826,4.981776432147135e-05,0.29999252955118816,0.01660022876131837,3.7087415561521926e-05
28.264410257339478,1.0,1500.0,0.0,59.0,739.0,0.9478021913090782,700.0,39.0,5.792107408532269,1.8572083150798637,4861.925226857048,12.200000000000001,0.004618762777315061,44.769491525423746,3.1186440677966116,8.674469200305051,59.0,13.40000000000001,0.0,19.680413983593724,4.0,44.769491525423746,3.1186440677966116,8.674469200305051,59.0,0.14596634647829962,-0.004494327567370794,-0.004658816021380621,-0.00026863897084405275,-0.0002559867877786954,-0.06110652353426855,-0.007452084537475145,13.35150243186903,55.0,420000.0,279.0,5191.678442239761,80.89869291265393,0.17070935666561127,-0.9872482419013977,-308.3674621582031,0.39015981554985046,-308.75762939453125,0.0083596957847476,0.0083596957847476,0.0,1.1176085472106934,1.0220520496368408,1.061545491218567,-0.03949343413114548,0.03949343413114548,,0.2482251524925232,,0.2903952896595001,0.3841306174794833,0.33934046947328966,-0.013329496754289882,-2.6095520357290902,0.9691638870581183,-0.005447415661095724,-306.18800557454426,2.496750871227552,0.011142758718462296,0.0021578224996725718,0.3452296461697173,0.01161069816125514,-306.1901621500651,2.529466315362454,-0.0004680289840214503,0.00819189278408885,7.07739867715943e-05,8.670422554146409e-07,0.00819189278408885,7.07739867715943e-05,8.670422554146409e-07,0.0,0.0,0.0,2.710724757115046,0.9608474324323402,0.005145940539303749,0.9487060149510701,0.07108606719679404,0.002469476868498954,0.9804612656434377,0.07182911180837456,0.002419957979369851,-0.03175524075826009,0.00837032560196817,4.951925461363945e-05,0.03175524075826009,0.00837032560196817,-4.951925461363945e-05,0.25871610989173255,0.016058018890513063,-1.57801772118733e-05,0.2989651908477147,0.014173544608816176,7.882319117281433e-05
8.091596850982079,1.0,1500.0,0.0,28.0,739.0,0.44978476566193,332.0,407.0,5.616290413343384,1.3549966652009626,6160.329492612436,144.20000000000002,0.05383409243634735,46.18275862068965,17.10344827586207,8.148227696800216,58.0,43.94375,24.775000000000002,8.627877003133777,32.0,46.18275862068965,17.10344827586207,8.148227696800216,58.0,0.13827757081153244,-0.006346832052078715,-0.006299784207170289,-0.0009547021268422232,-0.003010144686512554,-0.13251288874105918,-0.007665436709105322,12.37290348130973,26.0,421500.0,280.0,5210.17705655098,80.89936204183886,0.1870625615119934,-2.254413604736328,-306.48370361328125,0.24237880110740662,-306.72607421875,0.008654141798615456,0.008654141798615456,0.0,2.3044862747192383,0.9997726678848267,1.0310297012329102,-0.03125697374343872,0.03125697374343872,,0.2627774775028229,,0.2884153127670288,0.39445198625326156,0.37114677851699607,-0.006975543502307978,-2.9057498276233673,1.1591365280597392,0.02511989310532974,-306.22141621907554,2.9253995084676863,0.030829495609272593,0.034814703899125256,0.26764990215352574,-0.01243172785571805,-306.2562306722005,2.950781106693022,0.04326148112703645,0.008652366790920496,0.0001394415071761522,-5.96982390683018e-06,0.008652366790920496,0.0001394415071761522,-5.96982390683018e-06,0.0,0.0,0.0,3.02075244585673,1.1682737593359587,-0.02466450448296105,0.9569094995657603,0.05568173004925101,-0.002419403861706743,0.9873552163441975,0.05636580185544732,-0.0026132355807753412,-0.03044571913778782,0.009800740908894946,0.00019383314205489028,0.03044571913778782,0.009800740908894946,-0.00019383314205489028,0.2624766007065773,0.015462909586770565,0.00021270191642943265,0.3043604830900828,0.015487017164806894,-3.573952845657926e-05
20.851903908593314,1.0,1500.0,0.0,38.0,739.0,0.6120761524639188,452.0,287.0,5.608330963400723,1.6452363138582125,5730.169011317257,54.0,0.020141738157403954,46.22413793103447,10.86551724137931,8.097501693433925,58.0,44.13913043478261,19.713043478260868,8.670911130187672,23.0,46.22413793103447,10.86551724137931,8.097501693433925,58.0,0.1431902107089949,-0.005114733076551024,-0.005176550831090882,-0.0005234630202707301,-0.0010143273741600085,-0.08966653987574413,-0.007616641984024113,13.172680632438784,35.0,423000.0,281.0,5229.273410797119,80.89077903760256,0.1870071291923523,-3.9969921112060547,-300.9496765136719,0.5910866856575012,-301.540771484375,0.008837900124490261,0.008837900124490261,0.0,4.1374406814575195,1.0923327207565308,1.104995846748352,-0.01266307570040226,0.01266307570040226,,0.255464106798172,,0.28647753596305847,0.33891921987136203,0.16597110419844813,-0.0032260540230520905,-3.0554710189501444,0.9407728220134131,0.00612360471082624,-307.85418090820315,3.207424787346518,0.20317864847660919,0.04787873563667138,0.33889896867955566,-0.0030718442752907605,-307.9020589192708,3.2169544428950663,0.20625028514756794,0.008663096247861784,0.00012739596576406083,-8.107159696975313e-06,0.008663096247861784,0.00012739596576406083,-8.107159696975313e-06,0.0,0.0,0.0,3.1511120637257894,0.9467673696056291,-0.00621700933963497,0.9558183352152506,0.07133407847985397,8.537976176904958e-05,0.9901642243067423,0.0713953590819685,-0.0006450809811856461,-0.034345888750006756,0.01084861283705828,0.0007304585150321823,0.034345888750006756,0.01084861283705828,-0.0007304585150321823,0.25831489115953443,0.01239193442677767,0.00035126824864290375,0.2991804122924805,0.014315368453807757,0.0001729891880998568
24.794562311399552,1.0,1500.0,0.0,45.0,739.0,0.7210808429687704,532.0,207.0,5.556382115902795,1.6419673393137753,5425.9161469493765,36.2,0.013369773969567145,46.682758620689654,8.196551724137931,7.972060047637365,58.0,47.2625,18.6125,7.776976287786768,16.0,46.682758620689654,8.196551724137931,7.972060047637365,58.0,0.1486571543052072,-0.004752670936147374,-0.005399888403996525,-0.000414899943919776,-0.0009219624629568638,-0.07797168258149421,-0.007673483254334183,13.617846191376088,42.0,424500.0,282.0,5248.586660861969,80.8789160642886,0.2913748323917389,-0.7827442288398743,-311.3675537109375,-0.7992043495178223,-310.568359375,0.008770378306508064,0.008770378306508064,0.0,0.9102861285209656,0.7704030871391296,0.811246395111084,-0.04084332287311554,0.04084332287311554,,0.25132688879966736,,0.28259366750717163,0.3447076847155889,0.22053596344934676,-0.00213820446982931,-2.8503685613473255,1.1740228150269456,0.02236815643257516,-309.39601033528646,3.171929614969585,-0.10534472438993825,-0.06259385148684184,0.2804111080005871,-0.005567538058664961,-309.3334177652995,3.0615049744685923,-0.0997772522312026,0.00912537109106779,0.00020585439958264217,1.0650443354489897e-06,0.00912537109106779,0.00020585439958264217,1.0650443354489897e-06,0.0,0.0,0.0,2.946283423900604,1.1649335255753999,-0.020686634973901653,0.9292533755302429,0.0637396212984073,-0.0014546007680415723,0.966776450475057,0.05956404015828757,-0.0011773347324206174,-0.0375230651969711,0.009954103696706787,-0.0002772666136832597,0.0375230651969711,0.009954103696706787,0.0002772666136832597,0.25771541396776837,0.016748347959652438,-0.00018839244715231673,0.300405423839887,0.017033438524379576,-7.01643269637633e-05
11.151594135496351,1.0,1500.0,0.0,38.0,739.0,0.6171344014628161,456.0,283.0,5.407835509046536,1.6480208903407285,5802.328273895572,93.0,0.033417175709665826,47.98275862068967,14.358620689655172,7.699481245907304,58.0,46.77272727272727,26.518181818181816,7.861863433915843,22.0,47.98275862068967,14.358620689655172,7.699481245907304,58.0,0.13858674180076913,-0.006389670816374537,-0.00641437440961777,-0.0006516838268745435,-0.002889752306945127,-0.12112676056337755,-0.007665334083659686,12.650279122348737,36.0,426000.0,283.0,5267.617110013962,80.87148156424583,0.9095026850700378,-2.5992770195007324,-316.85791015625,0.23480890691280365,-317.09271240234375,0.008675634860992432,0.008675634860992432,0.0,2.5901331901550293,0.9687391519546509,1.0294623374938965,-0.06072310358285904,0.06072310358285904,,0.25013795495033264,,0.2988690733909607,0.5908054595192274,0.5888393263134898,0.00031859715271313104,-2.811729073524475,0.9068811653252477,0.008067577168991931,-310.4071818033854,3.838479672653381,-0.0743717520335026,-0.02160181055466334,0.2949722855854967,0.0030342133510629964,-310.3855773925781,3.8320062297120234,-0.07740576280501818,0.008631863631308079,0.00011358353353176532,8.24032680807953e-06,0.008631863631308079,0.00011358353353176532,8.24032680807953e-06,0.0,0.0,0.0,2.8920143644014993,0.9121852632593463,-0.01110367454066301,0.935978893438975,0.0631918709961697,0.000430767766890973,0.9754281401634216,0.0621092223116056,0.0006339415029370627,-0.03944925554096699,0.012514141835963603,-0.00020317268600320555,0.03944925554096699,0.012514141835963603,0.00020317268600320555,0.2544887766242027,0.013486022667911036,-0.00020789198071858838,0.3011318157116572,0.015322520321001185,4.024294114881058e-05
10.919599628448486,1.0,1500.0,0.0,6.0,739.0,0.08759759700970997,64.0,675.0,5.6351255035373775,0.745555561138929,6875.6511026189655,259.40000000000003,0.097102642809014,46.058620689655164,24.900000000000002,8.058051507610045,58.0,46.48301886792453,26.45283018867924,7.956044642393713,53.0,46.058620689655164,24.900000000000002,8.058051507610045,58.0,0.17283623454109887,-0.006947283597243561,-0.003717568483832333,-0.004124123305654062,-0.003742802303262958,-0.16199616122840713,-0.010173807457050996,14.642773566894324,5.0,427500.0,284.0,5284.491667985916,80.89709036535079,0.8830598592758179,-3.341968059539795,-313.2140808105469,-0.058005623519420624,-313.15606689453125,0.008320638909935951,0.008320638909935951,0.0,3.4596681594848633,0.9216268658638,0.9678877592086792,-0.04626086726784706,0.04626086726784706,,0.26487475633621216,,0.30199772119522095,0.42830847899119057,0.40315926701993954,0.01196482638363313,-3.044771338502566,1.0849497865675477,0.030053820685629618,-308.1456817626953,2.6910756626962415,-0.04298138475258062,-0.011948558688163757,0.2936497132597196,-0.01681737236272507,-308.13373413085935,2.6996225216579974,-0.02616382297603612,0.008655828485886256,0.00015155511662784851,-9.082771166413413e-06,0.008655828485886256,0.00015155511662784851,-9.082771166413413e-06,0.0,0.0,0.0,3.130487523476283,1.090908289046731,-0.03208343387313107,0.9470119833946228,0.061440075898109604,-0.003567498836156674,0.9775464415550232,0.06177050528958656,-0.0035325091725859972,-0.030534458967546623,0.00882742290826591,-3.498944187654856e-05,0.030534458967546623,0.00882742290826591,3.498944187654856e-05,0.25830373018980024,0.013789861373284787,-0.00018407207508639603,0.30748652617136635,0.015582513890332845,0.00031635100902518455
13.244463768005371,1.0,1500.0,0.0,27.0,739.0,0.4347157748587326,321.0,418.0,5.420135640593024,1.3367065893296306,6118.375489966675,139.8,0.05035660255024854,47.86551724137932,16.98275862068966,7.708525978388996,58.0,46.151515151515156,25.127272727272725,8.061752991811794,33.0,47.86551724137932,16.98275862068966,7.708525978388996,58.0,0.13328348137967438,-0.005032477353730381,-0.006357667574670568,-0.0006322046156751021,-0.0014487870619946067,-0.10498652291105101,-0.006010454643744852,11.151342764210197,25.0,429000.0,285.0,5303.128161907196,80.8956500583075,0.7147353887557983,-3.3690390586853027,-313.2790832519531,0.6624597311019897,-313.9415283203125,0.008600001223385334,0.008600001223385334,0.0,3.5536437034606934,1.0719823837280273,1.1192760467529297,-0.0472937747836113,0.0472937747836113,,0.24181392788887024,,0.28042325377464294,0.4602966797848543,0.44838490370365425,-0.0033444678143611712,-2.771976061662038,0.9838761928293226,-0.02006194077026056,-308.93336079915366,3.0161776001507414,-0.05854196856098507,0.065302175283432,0.29778098587434076,-0.0047541040632960805,-308.99866536458336,3.086237082435253,-0.05378760145820841,0.008734497427940368,0.00019749645121170634,9.175815989363709e-06,0.008734497427940368,0.00019749645121170634,9.175815989363709e-06,0.0,0.0,0.0,2.8676528056462605,0.9650232812981431,0.019915595813110434,0.9618249197800954,0.0606338380434063,-0.0011269812456625454,0.9936765531698862,0.06276051893880029,-0.0010014854230658214,-0.03185164059201876,0.010049258697758048,-0.00012549778510784201,0.03185164059201876,0.010049258697758048,0.00012549778510784201,0.2657076766093572,0.01385671776854149,-3.1533383156222615e-05,0.30340776840845746,0.017465829232399678,-0.00015849607009379055
31.31194676744177,1.0,1500.0,0.0,51.0,739.0,0.8161690305995782,603.0,136.0,5.711896119884311,1.823402361553308,5192.598237489361,12.600000000000001,0.004782509678888636,45.42413793103448,4.631034482758622,8.214010456582946,58.0,41.56363636363637,12.799999999999999,9.200910875222544,11.0,45.42413793103448,4.631034482758622,8.214010456582946,58.0,0.14870595343248325,-0.004204893351324292,-0.0054316400086824755,-0.0003220758759283617,-0.00034226481517699996,-0.04999022100528116,-0.0077308447408720275,13.757165350758697,47.0,430500.0,286.0,5322.620490074158,80.88121270393299,0.4943300485610962,-2.17910099029541,-306.15740966796875,-0.4699447453022003,-305.6874694824219,0.008830019272863865,0.008830019272863865,0.0,2.2622082233428955,0.8618412017822266,0.8806295990943909,-0.0187884159386158,0.0187884159386158,,0.2604740262031555,,0.3118250370025635,0.3014577063421408,0.11428458401053677,0.002188596747674715,-2.9328370173772176,1.0169085918989482,0.008330937142632123,-308.2259063720703,3.136448890798045,0.12413173246967338,0.03322444831331571,0.3141307938668336,-0.0003880337808898597,-308.259130859375,3.0274871945431916,0.12451986582314035,0.009097798199703296,0.00013801525644303205,9.981380802503964e-07,0.009097798199703296,0.00013801525644303205,9.981380802503964e-07,0.0,0.0,0.0,3.02627774477005,1.0048516095466464,-0.0077452783457297265,0.959180227915446,0.07049801964593688,0.0003770911521190145,0.9871014773845672,0.0668579131955885,-8.041072342634682e-05,-0.027921238914132118,0.010063245324999592,0.00045750268358940387,0.027921238914132118,0.010063245324999592,-0.00045750268358940387,0.2611050685246786,0.016829687673253785,0.0004714127509824616,0.30741426050662995,0.01796084708887884,0.0007879540241334734
27.569376747782638,1.0,1500.0,0.0,44.0,739.0,0.7100577560260523,524.0,215.0,5.724601047053353,1.5104565212004897,5472.129836263033,34.6,0.013155893536121673,45.344827586206904,8.775862068965518,8.414656646625327,58.0,44.07058823529412,21.058823529411764,8.965206360309026,17.0,45.344827586206904,8.775862068965518,8.414656646625327,58.0,0.15136842881604334,-0.004632675978043523,-0.004980874658644008,-0.0005570436913256132,-0.0008934630174168727,-0.06831033702782174,-0.008121718546025804,13.794766878574775,41.0,432000.0,287.0,5341.733514070511,80.87262287833732,1.1600244045257568,-5.263958930969238,-314.9489440917969,-0.08566229790449142,-314.86328125,0.008947000838816166,0.008947000838816166,0.0,5.3166913986206055,0.9146044254302979,0.9618368148803711,-0.04723251238465309,0.04723251238465309,,0.27550068497657776,,0.3129259943962097,0.41916397561629615,0.5023579277813546,0.0011478495710551052,-2.733166363835335,1.1535215537163424,-0.04839350741617665,-309.5097646077474,3.196049622075151,-0.03747561988363314,-0.038003206128875415,0.3761903247586303,-0.013996695082332193,-309.4717600504557,3.3035589336195343,-0.023478826028478787,0.008958305014918249,0.00018666683826551223,1.5749775072159578e-05,0.008958305014918249,0.00018666683826551223,1.5749775072159578e-05,0.0,0.0,0.0,2.8357174972693127,1.151999101617262,0.0471672805848721,0.9414592464764913,0.07664581219158226,-0.003001288471285597,0.9718313535054525,0.07976063744077981,-0.0029750674929847026,-0.030372120253741742,0.010767820366546822,-2.6221614376587845e-05,0.030372120253741742,0.010767820366546822,2.6221614376587845e-05,0.25947999556859336,0.01547279491763065,0.0005945790198541387,0.3032552619775136,0.015554790112830525,0.00042336127649291523
24.500879668174907,1.0,1500.0,0.0,50.0,739.0,0.808542748610231,597.0,142.0,5.691662864833821,1.603759151893137,5317.957682640038,26.0,0.009839539812291857,45.55862068965518,7.603448275862069,8.197613335063366,58.0,46.290909090909096,20.745454545454546,7.918609313605869,11.0,45.55862068965518,7.603448275862069,8.197613335063366,58.0,0.1537966309698513,-0.004660811939288971,-0.005076999670448709,-0.0004792671589885848,-0.0005427681173987332,-0.08555633732033228,-0.008150836310170714,14.05874623231738,47.0,433500.0,288.0,5361.084509372711,80.86050485533623,0.29922550916671753,-3.1457884311676025,-306.4280700683594,-0.4801803231239319,-305.9478759765625,0.009012866765260696,0.009012866765260696,0.0,3.241163492202759,0.8613653182983398,0.8780230283737183,-0.016657784581184387,0.016657784581184387,,0.2530955672264099,,0.2745818495750427,0.5728281463185946,0.7127531840177335,-0.014686670435283837,-2.9900518635908764,0.958921499156268,0.014974013915714419,-311.2572336832682,3.3186348302277024,-0.12846296096139428,-0.06890735104680061,0.37239033453808706,0.0037781251136532637,-311.1883270263672,3.446643110945661,-0.13224067730420283,0.008763866623242696,0.00021989155413447883,7.762917803312232e-06,0.008763866623242696,0.00021989155413447883,7.762917803312232e-06,0.0,0.0,0.0,3.096783224741618,0.9446994101050801,-0.015508715064162357,0.9308558166027069,0.07489655241885325,0.0004148352928500941,0.9653147697448731,0.07855762201231568,0.0007956040714420784,-0.034458956029266116,0.011098352684584123,-0.0003807686383238224,0.034458956029266116,0.011098352684584123,0.0003807686383238224,0.2559994046886762,0.012902232330704998,-0.0004932372635012946,0.3008962293465932,0.012450768972902204,-0.0006222084844205257
19.01975167315939,1.0,1500.0,0.0,25.0,739.0,0.4034858295788393,298.0,441.0,5.896938146229494,1.3748317108722203,5902.534871692998,158.0,0.06297831632653061,44.014035087719314,15.803508771929824,8.56626003482906,57.0,41.94117647058823,22.629411764705885,9.00844161191124,34.0,44.014035087719314,15.803508771929824,8.56626003482906,57.0,0.14616854039399776,-0.005157183382515942,-0.006309563519534376,-0.0006276724664508145,-0.000777604976671851,-0.10217729393468203,-0.007724050539568466,13.78737046501188,23.0,435000.0,289.0,5379.284326791763,80.86577573776185,0.22009052336215973,-4.068774223327637,-312.4847106933594,0.019233770668506622,-312.5039367675781,0.00854877196252346,0.00854877196252346,0.0,4.141784191131592,0.9475399255752563,0.9840390086174011,-0.03649906814098358,0.03649906814098358,,0.27167969942092896,,0.323816180229187,2.3527936816215513,10.785397021780424,-0.3869263885548973,-2.968991231918335,1.2169452043018067,-0.040319284156909635,-312.50465901692706,2.5582259594169754,-0.04469393347207936,-0.2098801205555598,0.33462909027447446,-0.005613957231116375,-312.2947764078776,2.610055209094051,-0.039080077310291575,0.00888608197371165,0.00011470260002877215,-3.1998909355139367e-06,0.00888608197371165,0.00011470260002877215,-3.1998909355139367e-06,0.0,0.0,0.0,3.0471725424130756,1.2033776594869385,0.040473852035598806,0.8990202844142914,0.06937946390790926,-0.00125755297063589,0.9355703512827556,0.07079884218784091,-0.0011807077586054448,-0.036550081831713516,0.008450897403836954,-7.684484944659084e-05,0.036550081831713516,0.008450897403836954,7.684484944659084e-05,0.25861581464608513,0.012432330867997535,5.8342743503363455e-05,0.3049550791581472,0.012918018529589865,0.0002639178704631947
14.268108166181124,1.0,1500.0,0.0,14.0,739.0,0.22378311745025203,165.0,574.0,5.808057099921475,1.1915443266622905,6910.956106892911,211.60000000000002,0.08159802560542959,44.7103448275862,20.39310344827586,8.415816821100918,58.0,44.20444444444445,24.288888888888888,8.517847427832274,45.0,44.7103448275862,20.39310344827586,8.415816821100918,58.0,0.14931228832012972,-0.006267001104663835,-0.005175561467340674,-0.0008881218285826576,-0.0009779951100244502,-0.12546280125742332,-0.00836526182637441,13.788985404399757,13.0,436500.0,290.0,5397.036774635315,80.87771461025386,0.18121731281280518,-2.897984266281128,-313.1676940917969,0.19722577929496765,-313.36492919921875,0.008255808614194393,0.008255808614194393,0.0,3.039677858352661,0.9833329916000366,1.0211172103881836,-0.03778429329395294,0.03778429329395294,,0.272763192653656,,0.330863356590271,1.8352914919455847,8.077317471186221,0.04330139811895578,-2.8266930242379504,0.9385738313444093,-0.019173187952285557,-311.2674896240234,3.6372817582744097,-0.15923828532353096,0.025404692937930424,0.40904341255851157,-0.0018576690415386642,-311.2928934733073,3.558077321899287,-0.15738092237902554,0.008315098068366448,0.00013041440494564795,-8.816761404973862e-07,0.008315098068366448,0.00013041440494564795,-8.816761404973862e-07,0.0,0.0,0.0,2.9067051569620768,0.9140413130009347,0.019321903901317564,0.95349027911822,0.08776066511654403,-0.0008494979812783406,0.9852700889110565,0.08545336014188992,-0.00038812798308055283,-0.031779808054367704,0.011404847529386584,-0.0004613697147608064,0.031779808054367704,0.011404847529386584,0.0004613697147608064,0.25950582772493364,0.01446433531591638,0.0005951349508510395,0.30491318901379905,0.015996723633611015,0.0007353081719098184
24.604134222356283,1.0,1500.0,0.0,44.0,739.0,0.7087302668239567,523.0,216.0,5.704949753620166,1.6174511369321314,5476.489534193211,35.2,0.013349514563106795,45.46206896551721,9.331034482758618,8.209124038058512,58.0,45.21176470588235,21.341176470588234,8.324503937679392,17.0,45.46206896551721,9.331034482758618,8.209124038058512,58.0,0.15274439800319495,-0.005180945771405669,-0.0057832880178814655,-0.0005586141430884794,-0.0008922443376801634,-0.08162891786776409,-0.008260876212282463,13.849445745889135,41.0,438000.0,291.0,5416.089707136154,80.87015239479844,0.45495936274528503,-2.0544748306274414,-317.2184143066406,-0.5987790822982788,-316.61962890625,0.008070632815361023,0.008070632815361023,0.0,2.3222527503967285,0.8089248538017273,0.8557534217834473,-0.04682852327823639,0.04682852327823639,,0.2565755248069763,,0.3046718239784241,0.5156647823750973,0.7453368958917981,0.007146540587484101,-3.130707857012749,1.3008159639611763,-0.008524636451871789,-312.07977294921875,2.8997235297997848,0.027090647594557232,-0.0988912781700492,0.35974187229056337,-0.00824072300285532,-311.9808787027995,2.808608000947331,0.03533132381248757,0.008188302318255106,9.364696840002681e-05,-7.976355389572974e-06,0.008188302318255106,9.364696840002681e-05,-7.976355389572974e-06,0.0,0.0,0.0,3.2166258613268535,1.2979495560932914,0.010117764865463556,0.9268919666608174,0.07706635640261142,-0.001548315977493321,0.9594037453333537,0.07486730881737291,-0.0017130665837458918,-0.03251178208738566,0.009171833478749268,0.00016474920937230062,0.03251178208738566,0.009171833478749268,-0.00016474920937230062,0.262997168302536,0.01552922615668513,-0.00036661612974258874,0.30620974202950796,0.01693646582125156,-0.00038597291383118216
18.624337660960663,1.0,1500.0,0.0,42.0,739.0,0.673031765546229,497.0,242.0,5.376919647992492,1.6602286141670313,5576.312158800185,25.200000000000003,0.008995502248875561,48.30000000000001,9.49655172413793,7.544563867115792,58.0,47.02105263157895,17.88421052631579,7.8346902140593615,19.0,48.30000000000001,9.49655172413793,7.544563867115792,58.0,0.13907881431387706,-0.005240244944850893,-0.005465903433019738,-0.0006396169151481607,-0.0018348623853210967,-0.09442828373237706,-0.006920660882830967,12.998154431151583,39.0,439500.0,292.0,5435.383658409119,80.85905754234048,0.22727122902870178,-2.9916458129882812,-316.9054260253906,-0.18729157745838165,-316.7181396484375,0.007708583492785692,0.007708583492785692,0.0,3.12003755569458,0.8958791494369507,0.9415044784545898,-0.04562537372112274,0.04562537372112274,,0.2430478185415268,,0.2892027497291565,0.33796765357255937,0.23964830356703795,-0.0002595503517199768,-2.9536393960316976,1.0186148164343194,0.01574816433288104,-313.1607421875,3.543595306723173,-0.24859650371071507,-0.04259139286975066,0.32892290168395544,0.00291843607491328,-313.11815287272134,3.523803884768365,-0.2515150093528377,0.007788747595623135,0.00013110763068743597,-8.492623543878738e-06,0.007788747595623135,0.00013110763068743597,-8.492623543878738e-06,0.0,0.0,0.0,3.0366984844207763,1.0223288113899034,-0.016104546590429633,0.9364878435929617,0.06879161972088309,-0.000163281732989901,0.9711796542008718,0.06769717185987288,0.0006015446215237859,-0.034691813153525194,0.011154899439620032,-0.0007648253289193278,0.034691813153525194,0.011154899439620032,0.0007648253289193278,0.25911396791537605,0.017355241163833322,0.00028059736175981606,0.2997849742571513,0.01841338642726363,2.4049831046667558e-05
14.579304708016885,1.0,1500.0,0.0,39.0,739.0,0.6320628163646227,467.0,272.0,5.80969181848416,1.6784716440213718,6058.920296614099,57.800000000000004,0.021928826162834814,44.674576271186446,12.172881355932207,8.550201340473322,59.0,42.97272727272727,21.518181818181816,8.975172331274571,22.0,44.674576271186446,12.172881355932207,8.550201340473322,59.0,0.1521385730045371,-0.006255408710969852,-0.005571557171844223,-0.0006352257625437024,-0.0019299136617572322,-0.1243270695784635,-0.008850324382746716,13.606708869059801,37.0,441000.0,293.0,5454.338667154312,80.85306522231092,0.6665635108947754,-2.949829578399658,-309.7184143066406,0.7344475984573364,-310.4528503417969,0.007989870384335518,0.007989870384335518,0.0,3.041339874267578,1.108213186264038,1.1320617198944092,-0.023848537355661392,0.023848537355661392,,0.2477911114692688,,0.2948061227798462,0.4551717961827914,0.4812657482355616,0.00969161801993251,-2.7569742580254872,0.9404773665833259,-0.014776538622392497,-313.97157694498696,3.544209581746885,0.03771986913627993,0.08475523069500923,0.39106818466996673,0.0077722034362187305,-314.05632934570315,3.5354109162374434,0.029947758251363806,0.00767936745348076,0.0001857537355648776,1.6605803169086185e-05,0.00767936745348076,0.0001857537355648776,1.6605803169086185e-05,0.0,0.0,0.0,2.845065172513326,0.9388701568928082,0.012984505537752232,0.9612348099549611,0.08088132461016112,0.0017497223794658912,0.9974627753098806,0.08036451448067478,0.001602688209631251,-0.03622796256095171,0.011479269361293594,0.00014703537775690573,0.03622796256095171,0.011479269361293594,-0.00014703537775690573,0.262608148654302,0.018212550288030347,-0.0004839895034128121,0.3077022214730581,0.017856920310177087,-0.00012013440137445724
3.049027919769287,1.0,1500.0,0.0,11.0,739.0,0.17715506936871017,130.0,609.0,5.7032591456996045,1.0876132815613833,7080.530493279297,207.60000000000002,0.07731267689557575,45.51186440677966,21.952542372881354,8.32654655103349,59.0,45.48750000000001,24.916666666666657,8.249284564271003,48.0,45.51186440677966,21.952542372881354,8.32654655103349,59.0,0.1507818129727064,-0.009235097251513027,-0.005380177146038168,-0.0012256488754076723,-0.00454742312689475,-0.1718492854049387,-0.010893157740702823,14.037552958504962,11.0,442500.0,294.0,5471.8373947143555,80.86863115257096,0.22764509916305542,-4.732308387756348,-327.2439270019531,-0.10884490609169006,-327.13507080078125,0.008700434118509293,0.008700434118509293,0.0,4.89462947845459,0.8808314800262451,0.9570584297180176,-0.07622694969177246,0.07622694969177246,,0.25350165367126465,,0.3000151515007019,0.32856149474779767,0.34949073843642264,-0.006928146926394039,-3.2683298965295156,1.058178484578317,0.02431779863837042,-317.60784403483075,4.276138856942502,-0.23396955411610765,-0.06446499352653821,0.2792869721829721,-0.00175444694760113,-317.5433807373047,4.217995781227723,-0.23221533990674856,0.00847558978324135,0.00022005705008142353,2.3099374195956414e-05,0.00847558978324135,0.00022005705008142353,2.3099374195956414e-05,0.0,0.0,0.0,3.355068818728129,1.0492935277610977,-0.022447977554015917,0.9204835891723633,0.06224809333045114,-0.001070588077931331,0.9664721091588339,0.05843752200668579,-0.0003710379722518994,-0.04598851337408026,0.01342552044334682,-0.000699548715636449,0.04598851337408026,0.01342552044334682,0.000699548715636449,0.2578461940089862,0.01024250973250819,-8.377142093073586e-05,0.30375225841999054,0.014990641138352186,-0.0005315058687505098
18.70676159214329,1.0,1500.0,0.0,40.0,739.0,0.6479967931234626,478.0,261.0,5.7085098243430865,1.795477516591915,5907.958471435769,31.6,0.012004254672542167,45.38620689655172,10.358620689655172,8.332066763007742,58.0,43.599999999999994,19.15238095238095,8.796693487166001,21.0,45.38620689655172,10.358620689655172,8.332066763007742,58.0,0.14896967959277008,-0.005828157172955843,-0.006229721474316788,-0.0007156752412469453,-0.006389539903786909,-0.09798939188355607,-0.008402606207908546,13.576435598632354,37.0,444000.0,295.0,5490.976783752441,80.85993029760688,0.5312501788139343,-1.551141619682312,-313.077392578125,0.47726407647132874,-313.5546569824219,0.009167777374386787,0.009167777374386787,0.0,1.6844044923782349,1.0508341789245605,1.0817197561264038,-0.03088565170764923,0.03088565170764923,,0.2668604254722595,,0.31424450874328613,0.7249586924910545,1.641222126829459,0.037142456104943704,-3.249641978740692,1.140183408546943,0.03281841413330321,-320.1905049641927,5.548790299066862,0.42974632186805645,0.08167462932566802,0.3153038810323636,0.0077168675257645114,-320.2721811930339,5.514519390181774,0.4220294209820866,0.00871044931312402,0.00018673167855865136,1.5225134649053755e-05,0.00871044931312402,0.00018673167855865136,1.5225134649053755e-05,0.0,0.0,0.0,3.3470275163650514,1.1497970087025968,-0.030039829406908133,0.9439790566762288,0.07045834952418563,0.003050216286545711,0.9972639222939809,0.06658028917100502,0.001637987419548477,-0.05328487337877353,0.01808403509558519,0.001412227499952441,0.05328487337877353,0.01808403509558519,-0.001412227499952441,0.2651921610037486,0.013710606031541795,0.00026428379922342255,0.30432484348615013,0.014926991440653401,0.0004931867851961655
23.66286509377616,1.0,1500.0,0.0,8.0,739.0,0.11709509917415109,86.0,653.0,5.835737723513239,0.7118225704217355,6976.344835105418,231.4,0.08964127992562175,44.50689655172413,23.23103448275862,8.434930703591128,58.0,45.149019607843115,25.76078431372549,8.324155074977103,51.0,44.50689655172413,23.23103448275862,8.434930703591128,58.0,0.18553695285804364,-0.006874193029229881,-0.0037395404585419795,-0.002390261174225518,-0.0006917755572636433,-0.10330514988470388,-0.011761173142728693,13.110852421002438,7.0,445500.0,296.0,5508.0399515628815,80.88176627578589,0.2004045844078064,-2.7772164344787598,-310.5970153808594,-0.28045952320098877,-310.3165588378906,0.008920589461922646,0.008920589461922646,0.0,2.9189000129699707,0.9016010761260986,0.9205730557441711,-0.01897190883755684,0.01897190883755684,,0.24845920503139496,,0.3000662922859192,0.28852560420831047,0.17211941547883966,0.007667730236477788,-3.1573416809240977,1.234222345838593,0.03202219485440968,-314.72096761067706,3.9783456515923468,-0.2502606112911802,-0.007850448042154312,0.4077117083958458,0.010414685637123467,-314.71311747233074,3.9614819264962424,-0.26067532039722274,0.008824681149174769,0.00016353666039488156,-1.1542329028066629e-05,0.008824681149174769,0.00016353666039488156,-1.1542329028066629e-05,0.0,0.0,0.0,3.237969567378362,1.2394644289750067,-0.030951308607392165,0.9444776097933452,0.0869403813540134,0.0014122882329582122,0.9783220966657002,0.08607654159891807,0.0022022830233292645,-0.033844502021869026,0.012518807050700095,-0.0007899937627047661,0.033844502021869026,0.012518807050700095,0.0007899937627047661,0.2535055547952652,0.017303042769526225,0.0001008656385610507,0.30172788302103676,0.01394077468802316,5.168725173915508e-05
11.426319821675618,1.0,1500.0,0.0,32.0,739.0,0.5156369159313063,381.0,358.0,5.437557373976833,1.6605370939208413,6195.510542806372,90.80000000000001,0.03279399017624964,47.737931034482756,16.006896551724136,7.827869537848953,58.0,46.542857142857144,26.071428571428573,8.042586662115498,28.0,47.737931034482756,16.006896551724136,7.827869537848953,58.0,0.1375159134668813,-0.005955733386344222,-0.006818522604295232,-0.000594362040264121,-0.005790387955993095,-0.11488129704690056,-0.007973893490570752,12.46212456391751,30.0,447000.0,297.0,5526.731899738312,80.87962436194259,0.18922904133796692,-3.6691927909851074,-319.87255859375,-0.5676958560943604,-319.30487060546875,0.00859803706407547,0.00859803706407547,0.0,3.631983757019043,0.8142420053482056,0.8606364727020264,-0.04639454931020737,0.04639454931020737,,0.26989707350730896,,0.32288751006126404,0.4659575015306473,0.4413827748012583,-0.00266083350966585,-3.0428732792536417,1.0737377972830888,0.005080285512565703,-316.4709767659505,2.706791073997405,-0.003842804667942404,0.012268490716814994,0.39574567319764864,-0.003322761766073833,-316.4832448323568,2.7520905305556385,-0.000520319615103401,0.008788226762165625,0.00011806376872772901,-3.4541353682790652e-06,0.008788226762165625,0.00011806376872772901,-3.4541353682790652e-06,0.0,0.0,0.0,3.1318904578685762,1.0547827636484313,-0.006065306263054978,0.9445145010948182,0.08239223661397262,-0.0006569813833353637,0.9825632512569428,0.08360850147736748,-0.0007051918344847731,-0.03804875084509452,0.008863239126547497,4.8208168321378296e-05,0.03804875084509452,0.008863239126547497,-4.8208168321378296e-05,0.2605754529436429,0.015303733453577703,0.0003676745033635399,0.30958566268285115,0.015230440743592227,5.154809909348529e-05
18.185508334636687,1.0,1500.0,0.0,43.0,739.0,0.6907897870827051,510.0,229.0,5.387041078075224,1.7725294913479255,5592.817339930379,28.0,0.010030090270812437,48.13103448275862,9.799999999999997,7.648269713510347,58.0,45.56666666666667,19.71111111111111,8.233810532120971,18.0,48.13103448275862,9.799999999999997,7.648269713510347,58.0,0.13637756529012665,-0.0048142549731311065,-0.006105592455829818,-0.0004236278335074091,-0.0008631851532153634,-0.0921881743633994,-0.006894754112276204,12.372623770726008,40.0,448500.0,298.0,5546.093905925751,80.86772557543571,0.7910958528518677,-2.9246950149536133,-317.32501220703125,0.057894185185432434,-317.3829040527344,0.008394531905651093,0.008394531905651093,0.0,2.9537830352783203,0.9533940553665161,0.9921115040779114,-0.03871740400791168,0.03871740400791168,,0.2431330680847168,,0.30433428287506104,0.6605355903506279,1.2822988181455026,-0.004339418584300653,-3.2284125963846844,1.0032900906487185,-0.00755650098119611,-315.8365834554036,3.020764525589197,-0.13875796919536668,0.0012802569816509882,0.32454345495367426,-0.005211235000208037,-315.8378631591797,3.03366409370458,-0.13354685680486286,0.008562985497216383,0.00011381182656918473,-1.0269668131437253e-05,0.008562985497216383,0.00011381182656918473,-1.0269668131437253e-05,0.0,0.0,0.0,3.3135241270065308,1.0255949879714452,0.006529456012373515,0.9457798838615418,0.0679564584165949,-0.001474445866000274,0.9802571853001912,0.06824128690970224,-0.001095231011659095,-0.0344773023078839,0.009589023527640544,-0.0003792169942076128,0.0344773023078839,0.009589023527640544,0.0003792169942076128,0.26313740263382596,0.010085513899665397,-0.0003729927427113756,0.30693263610204063,0.009929434807482644,-0.0003080533927221675
17.97168949403261,1.0,1500.0,0.0,41.0,739.0,0.6533330798018782,482.0,257.0,5.557336747031079,1.7481858448878278,5689.825662845709,60.0,0.02216475803472479,46.672413793103445,11.08965517241379,7.993920474588775,58.0,46.969999999999985,21.24,7.847911478134728,20.0,46.672413793103445,11.08965517241379,7.993920474588775,58.0,0.1484261313503343,-0.005553086500147302,-0.006205103856503743,-0.0005453019457754007,-0.0015723270440251536,-0.1056603773584887,-0.00841866930696106,13.517573370359873,38.0,450000.0,299.0,5565.097158908844,80.86112194458651,0.22324728965759277,-2.380795955657959,-312.78253173828125,-0.1669691503047943,-312.6155700683594,0.007909194566309452,0.007909194566309452,0.0,2.337627649307251,0.9235571622848511,0.9455004930496216,-0.02194332331418991,0.02194332331418991,,0.26404544711112976,,0.3045137822628021,0.5974886089563369,1.1836747123186593,0.011086804609542682,-2.9964702288309732,1.073015292634703,0.04846845463465272,-315.88404947916666,2.8494707564363355,-0.01597294791521215,-0.07011015949149926,0.35700330115977075,-0.024551847007734762,-315.8139404296875,2.8430501833452326,0.008578759385433345,0.008539040541897218,0.00028184073618892574,-2.4602246223156548e-05,0.008539040541897218,0.00028184073618892574,-2.4602246223156548e-05,0.0,0.0,0.0,3.09072231054306,1.0796798754391328,-0.0511225119846417,0.932485310236613,0.07470625889388854,-0.005069965250102267,0.9653980990250906,0.07479573685302798,-0.005146913891772159,-0.03291279785335064,0.0091389707791203,7.694877924457813e-05,0.03291279785335064,0.0091389707791203,-7.694877924457813e-05,0.2616563354929288,0.0137453606130785,-0.0005534400034269097,0.3073846161365509,0.0145704355139126,-0.0005064449930880658
16.699932952721912,1.0,1500.0,0.0,26.0,739.0,0.4106665953326893,303.0,436.0,5.580811590607665,1.2227241345626891,6173.669784169153,143.20000000000002,0.05311966763112991,46.479310344827574,17.475862068965522,8.024282453600424,58.0,45.44705882352942,25.594117647058823,8.199261914103609,34.0,46.479310344827574,17.475862068965522,8.024282453600424,58.0,0.14157223601565228,-0.004470149157289881,-0.005895746901940518,-0.0007313097854767488,-0.0003527664314890458,-0.1064983290011143,-0.006691933699692925,12.900109481241254,24.0,451500.0,300.0,5583.4505705833435,80.86397368300308,0.3942371606826782,-2.230361223220825,-315.8817138671875,-0.40354982018470764,-315.4781494140625,0.009304939769208431,0.009304939769208431,0.0,2.2695133686065674,0.8640760183334351,0.8937127590179443,-0.02963673509657383,0.02963673509657383,,0.24407395720481873,,0.29048576951026917,0.532326307396094,0.8391830242753848,-0.019786483523445236,-2.963944681485494,0.91911407229055,0.02845686821306384,-315.9487243652344,2.988194223254519,-0.02966633118829546,0.01863814952472846,0.2901797580674093,0.0004890966095502701,-315.9673634847005,2.9264654594547794,-0.030155556140929726,0.008640464209020138,0.0006188592922894131,6.965192177802205e-05,0.008640464209020138,0.0006188592922894131,6.965192177802205e-05,0.0,0.0,0.0,3.0618722279866537,0.9041665857288339,-0.029564543268969762,0.9520764986673991,0.06343570817864498,3.493715313833458e-05,0.9839952329794566,0.06121869169096875,8.196203541568837e-05,-0.031918740924447776,0.00934402523271635,-4.702497986419815e-05,0.031918740924447776,0.00934402523271635,4.702497986419815e-05,0.26330088873704277,0.016610084217201476,-5.1084807239998696e-05,0.30855102638403575,0.015405424442266905,-0.00011884863172410663
25.86380822885604,1.0,1500.0,0.0,46.0,739.0,0.7337716641418788,542.0,197.0,5.688366476816657,1.6899961845633387,5325.331915311986,21.200000000000003,0.00800362428269405,45.66896551724138,6.56206896551724,8.240298156052658,58.0,42.5125,13.7375,9.200540135561704,16.0,45.66896551724138,6.56206896551724,8.240298156052658,58.0,0.14899438461649775,-0.004887490968833214,-0.005960935434626801,-0.0004886901795640395,-0.0005066839154808106,-0.07296248382923629,-0.007935133107824177,13.439938922137022,42.0,453000.0,301.0,5602.676582098007,80.8542119756567,2.18741512298584,-1.8573410511016846,-315.95343017578125,-0.16373755037784576,-315.7897033691406,0.007982566021382809,0.007982566021382809,0.0,1.9937059879302979,0.9169474244117737,0.9461028575897217,-0.029155436903238297,0.029155436903238297,,0.27378469705581665,,0.30186229944229126,0.36372365802526474,0.41857152586814755,0.006421867437304321,-2.8117639124393463,1.2023582195391342,-0.021356546003640786,-316.3116038004557,3.4290271046153125,0.17471673305626664,-0.12796504348516463,0.294863005870167,0.0012762246460750165,-316.1836405436198,3.4006540734205664,0.17344073167235025,0.008455187796304624,0.00035051190504474,-3.848392972194336e-05,0.008455187796304624,0.00035051190504474,-3.848392972194336e-05,0.0,0.0,0.0,2.8961110591888426,1.1878891941693275,0.02101995024718216,0.9220271527767181,0.06353677967487256,0.0009032477128492221,0.9531585574150085,0.06191077868600717,0.000299119604575327,-0.031131407152861355,0.011070747842029497,0.0006041272374510248,0.031131407152861355,0.011070747842029497,-0.0006041272374510248,0.2640430793166161,0.009830389969946736,0.00034351488440664704,0.3069408784310023,0.015878592121280326,-0.00019388216753822874
19.47811872618539,1.0,1500.0,0.0,15.0,739.0,0.24298917722658764,179.0,560.0,5.790690215808206,1.105176214866191,6683.925592450693,200.0,0.07693491306354824,44.82068965517242,19.996551724137927,8.376573943198665,58.0,43.954545454545446,24.686363636363634,8.525567780385508,44.0,44.82068965517242,19.996551724137927,8.376573943198665,58.0,0.14379468779699167,-0.005543626377728628,-0.005464749209654136,-0.0008652213610752723,-0.0004116529449018366,-0.09322355921469348,-0.008262941316409677,12.705800287184005,14.0,454500.0,302.0,5620.3820996284485,80.86638807529582,0.2567480206489563,-3.062779426574707,-317.3096618652344,0.6397515535354614,-317.94940185546875,0.00827302597463131,0.00827302597463131,0.0,3.1853079795837402,1.0788519382476807,1.1134247779846191,-0.03457286208868027,0.03457286208868027,,0.24836775660514832,,0.3007338047027588,0.27936099072297416,0.18201372254299295,-0.0022794359982080087,-3.2967198133468627,1.1370842847276315,-0.010130468226380744,-316.514653523763,2.422499023910021,-0.08637037436343972,-0.06652063118914762,0.34669588219428343,0.01675525304588912,-316.44813232421876,2.5405421152124728,-0.10312581470730413,0.0077900154671321315,0.00020153546231873394,5.8508214972770225e-06,0.0077900154671321315,0.00020153546231873394,5.8508214972770225e-06,0.0,0.0,0.0,3.392694350083669,1.160423872912409,0.010370193387032583,0.9358733355998993,0.06882038400803428,0.0031851644510686914,0.9663681109746297,0.0714908159050839,0.003465231029820249,-0.03049475761751334,0.007973092722235545,-0.00028006372366253787,0.03049475761751334,0.007973092722235545,0.00028006372366253787,0.2644626920421918,0.013662635420677909,0.00010250090425615414,0.31148227155208585,0.017351936936544205,0.00038662734498436156
22.22861986607313,1.0,1500.0,0.0,35.0,739.0,0.5557906205276334,410.0,329.0,5.717643346536036,1.513363046877359,5987.37293868557,50.800000000000004,0.019289185905224788,45.406896551724145,10.748275862068967,8.283026632954034,58.0,43.27692307692309,18.34615384615385,8.746759219978376,26.0,45.406896551724145,10.748275862068967,8.283026632954034,58.0,0.14584170893513201,-0.0053503918835170125,-0.0060184035607730385,-0.000576580223904828,-0.0032458368614168864,-0.08264182895850987,-0.008182137793784012,13.409533228894086,32.0,456000.0,303.0,5639.171040773392,80.86294895170643,0.9341940879821777,-4.898509979248047,-320.1542663574219,-0.23477381467819214,-319.91949462890625,0.00867210328578949,0.00867210328578949,0.0,4.863979339599609,0.8911788463592529,0.9305492043495178,-0.039370350539684296,0.039370350539684296,,0.2623341679573059,,0.30167239904403687,0.4808900977174441,0.482860789419699,-0.00492102026740491,-3.0956502834955852,1.247504250575838,-0.036070789245927895,-317.6368682861328,4.140513724702865,-0.18621050163157893,0.015301898866891862,0.40291234240343843,-0.005827270037141339,-317.6521718343099,4.103119354448772,-0.18038284590299192,0.008616762763510147,0.00010037642632636484,4.825140820925685e-06,0.008616762763510147,0.00010037642632636484,4.825140820925685e-06,0.0,0.0,0.0,3.1928351958592733,1.2190673032935746,0.03530599384074477,0.9503544131914775,0.08627900868013427,-0.001748253612284943,0.9832124948501587,0.0847843234892451,-0.0012222455791690006,-0.03285809899680316,0.012926649778939292,-0.0005260078423968341,0.03285809899680316,0.012926649778939292,0.0005260078423968341,0.26750150273243584,0.013098213520679056,0.00018439482860225218,0.31126063664754233,0.015503488933532473,0.0003464067870703292
23.486606857180597,1.0,1500.0,0.0,43.0,739.0,0.6937041275636419,512.0,227.0,5.502336489926309,1.6080374952313483,5671.007324981715,41.0,0.014990859232175503,47.1551724137931,8.63448275862069,7.803036780450596,58.0,45.388888888888886,18.388888888888893,8.145326298269563,18.0,47.1551724137931,8.63448275862069,7.803036780450596,58.0,0.14269296255253883,-0.004589322134582834,-0.005581709810377992,-0.0005006334668964271,-0.0016466399643969697,-0.07556742323097415,-0.007310855834162329,12.814170450836778,40.0,457500.0,304.0,5658.729844093323,80.84853184457042,0.16148310899734497,-4.224373817443848,-323.29547119140625,-0.7351661920547485,-322.560302734375,0.008187144994735718,0.008187144994735718,0.0,4.204934120178223,0.7807069420814514,0.8269948959350586,-0.04628797993063927,0.04628797993063927,,0.24799108505249023,,0.3028819262981415,0.3063307801882426,0.20804185353272786,0.0007074499488274611,-3.510363837083181,1.2180112037419717,-0.006834027101518723,-318.5161488850911,4.831887032535944,-0.30661427600762403,-0.13737652450799942,0.33789839095349145,-0.0025440031283424204,-318.37877400716144,4.768857264427741,-0.3040700333269555,0.008476648976405462,0.0001222380088943613,-3.248383524155528e-06,0.008476648976405462,0.0001222380088943613,-3.248383524155528e-06,0.0,0.0,0.0,3.582907708485921,1.1959643734878276,0.007239364012992866,0.9175724148750305,0.07453223517630404,-0.001443542150554748,0.9512663145860036,0.07077817890704292,-0.0005248014733311646,-0.033693892105172076,0.014949659108764713,-0.0009187417502646583,0.033693892105172076,0.014949659108764713,0.0009187417502646583,0.2647690450151761,0.015197058271213646,-0.0003227939429352144,0.3114436209201813,0.019116414783214596,0.0001203503173768644
22.960411230723064,1.0,1500.0,0.0,7.0,739.0,0.10228159356247245,75.0,664.0,5.822200049953546,0.7200668319828688,6982.797982799202,245.60000000000002,0.09495090079641227,44.596551724137925,23.01724137931035,8.497661949345925,58.0,44.81153846153846,25.057692307692314,8.369395059346505,52.0,44.596551724137925,23.01724137931035,8.497661949345925,58.0,0.16906992003495985,-0.006901566512316794,-0.003897958862517219,-0.0011330388456163578,-0.004435483870967739,-0.10322580645161264,-0.011920736001409466,15.198975416575436,6.0,459000.0,305.0,5676.037719488144,80.86627021946427,0.3346101641654968,-2.4654581546783447,-318.84356689453125,-0.5260100364685059,-318.31756591796875,0.008166776038706303,0.008166776038706303,0.0,2.5360190868377686,0.8392672538757324,0.870583176612854,-0.031315963715314865,0.031315963715314865,,0.28254586458206177,,0.3282619118690491,0.28997571518023807,0.22811805169446656,0.00345529437529231,-3.189705411593119,0.886318984086139,0.002490624437342827,-319.0745473225912,3.5425237337488364,0.1128421567040742,0.0019574263443549473,0.369499387770908,-0.010387278061455436,-319.076503499349,3.685917642319543,0.12322913860453479,0.008075487427413463,0.00010541968295155977,-8.228685586684106e-07,0.008075487427413463,0.00010541968295155977,-8.228685586684106e-07,0.0,0.0,0.0,3.2984161972999573,0.8708597760112567,-0.0028053488163848304,0.9459844370683034,0.07235526462872519,-0.0017190701306463003,0.9804262578487396,0.0767146079327204,-0.0021601845478189706,-0.034441819849113625,0.011850902269842055,0.0004411158347719912,0.034441819849113625,0.011850902269842055,-0.0004411158347719912,0.2722254812717438,0.01401121867704884,0.0004787143928986029,0.3186747968196869,0.014241220595094967,0.0003944606749181287
-2.6602970129913754,0.0,1500.0,0.0,39.0,739.0,0.6196282967162594,457.0,282.0,5.237043168237541,1.5839451356419727,6229.218473587107,90.80000000000001,0.031593597773138485,49.55172413793104,15.603448275862073,7.335089059938804,58.0,47.09090909090909,24.654545454545453,7.634127085848564,22.0,49.55172413793104,15.603448275862073,7.335089059938804,58.0,0.12921742948675055,-0.007381754521467752,-0.0062259136400350705,-0.0005070418292030963,-0.0014692272096251701,-0.16779268857010088,-0.008120892730689746,12.29384473075896,36.0,460500.0,306.0,5695.2657215595245,80.85663119400549,0.2260458767414093,-2.211521625518799,-321.8823547363281,-0.519623339176178,-321.36273193359375,0.007627954240888357,0.007627954240888357,0.0,2.235729694366455,0.8339217305183411,0.8734296560287476,-0.0395079031586647,0.0395079031586647,,0.24516679346561432,,0.2963632643222809,0.291693056623141,0.14932156026321247,-0.0033978243226867144,-3.0080278396606444,0.8304987241632837,-0.00040888759795492947,-318.74700520833335,3.0144369804869493,-0.10865031784447164,-0.09253731581072012,0.32548361884637395,-0.010164804800565837,-318.6544667561849,3.044874941247026,-0.09848557452072829,0.007908447366207837,0.00023287365329877484,-2.4949889567922228e-05,0.007908447366207837,0.00023287365329877484,-2.4949889567922228e-05,0.0,0.0,0.0,3.076181924343109,0.8279157367015785,0.0028248327327383914,0.9293617804845175,0.06623026786071824,-0.002352869603472137,0.960986981789271,0.06708957629807027,-0.0020891820628598113,-0.03162520385036866,0.00955620326208007,-0.00026368791397010324,0.03162520385036866,0.00955620326208007,0.00026368791397010324,0.2694951916734378,0.02017447952496583,0.0004837345394064455,0.30944606363773347,0.020156835542182457,0.0002874021469154314
24.797447070097313,1.0,1500.0,0.0,42.0,739.0,0.6677037898367083,493.0,246.0,5.65810586028957,1.6242730124097253,5770.99623607278,39.2,0.014472421176991804,45.90847457627118,10.11186440677966,8.25085600232291,59.0,45.71,22.07,8.3831326167805,20.0,45.90847457627118,10.11186440677966,8.25085600232291,59.0,0.15003870508626735,-0.006070952265253887,-0.0060713288385401435,-0.0005551688132438169,-0.0022770624701955178,-0.07401049117787302,-0.008800947867887226,13.559085688679119,39.0,462000.0,307.0,5714.395635843277,80.84844477727913,0.39441269636154175,-1.298166036605835,-320.25714111328125,0.19799576699733734,-320.45513916015625,0.007426001597195864,0.007426001597195864,0.0,1.4083036184310913,0.9852287769317627,1.0203831195831299,-0.03515445813536644,0.03515445813536644,,0.25196707248687744,,0.28746354579925537,0.4228216747442881,0.5292896337751186,-0.0003404414494655567,-3.110802114009857,1.0225557189344032,0.019538643707555564,-321.6179911295573,4.246669197930219,0.021757763617569086,-0.014536074300607046,0.30919770531708335,0.012230522040530503,-321.60345662434895,4.226869737386545,0.009526875021735094,0.007348403908933202,0.00015080553105532545,-1.3196469907202482e-05,0.007348403908933202,0.00015080553105532545,-1.3196469907202482e-05,0.0,0.0,0.0,3.2009798645973206,1.0378812301604208,-0.0191288393517093,0.9374999324480693,0.06480736793022406,0.002575388845798022,0.977006862560908,0.06287555448721936,0.0024956726126198576,-0.039506945945322516,0.013415439151737337,7.971538079527637e-05,0.039506945945322516,0.013415439151737337,-7.971538079527637e-05,0.26845858494440716,0.015450745629827409,-0.0004510327361449567,0.313633273045222,0.014702240634981588,-1.7699927456262486e-05
5.602344687779745,1.0,1500.0,0.0,16.0,739.0,0.2601911635212387,192.0,547.0,5.638120624922224,0.985171070047256,6636.686565871481,214.8,0.08037117413754397,46.07931034482759,21.175862068965525,8.136612184589936,58.0,45.38604651162791,25.637209302325584,8.235625397957026,43.0,46.07931034482759,21.175862068965525,8.136612184589936,58.0,0.1402313149689637,-0.007855921278812393,-0.005103235548920159,-0.0009437378115719968,-0.0007019596373208542,-0.14717753729160718,-0.009795178804027938,12.747200827529008,15.0,463500.0,308.0,5732.203984975815,80.85895080057162,0.17782917618751526,-4.0261688232421875,-323.1097717285156,0.20805969834327698,-323.3178405761719,0.00785950105637312,0.00785950105637312,0.0,4.097428321838379,0.9801915884017944,1.0229315757751465,-0.04273990914225578,0.04273990914225578,,0.3031870126724243,,0.3562448024749756,0.27673284312089286,0.11616324276908589,-0.00022284069634121177,-3.1968254526456197,0.8240717069653409,-0.029416566086027555,-321.1112426757812,4.193345092628592,-0.19939848801184548,-0.019638127585252126,0.3888691312978637,0.0049849696034716786,-321.0916056315104,4.188493575808709,-0.20438347838743684,0.007451471313834191,0.00018710205338471792,1.0502338616614363e-05,0.007451471313834191,0.00018710205338471792,1.0502338616614363e-05,0.0,0.0,0.0,3.2653096079826356,0.8473480612918699,0.03139522648494147,0.9396528343359629,0.0799741250856659,0.0004255375819688594,0.9760597745577494,0.07930092701687247,0.0010233249229371468,-0.036406932833294076,0.01308404611413327,-0.0005977866319614203,0.036406932833294076,0.01308404611413327,0.0005977866319614203,0.27186994353930155,0.015163320315111695,0.0006409495173890197,0.3129617462555567,0.017949619769170675,0.0007720181024379486
16.241164263089498,1.0,1500.0,0.0,32.0,739.0,0.5167335868860543,381.0,358.0,5.4160076304962415,1.7098849713999318,6427.547857594916,76.0,0.027326333956565512,47.95172413793103,14.541379310344837,7.71995793649688,58.0,47.16428571428572,24.000000000000007,7.818064273818905,28.0,47.95172413793103,14.541379310344837,7.71995793649688,58.0,0.13863240899271564,-0.006089062973527987,-0.007263172309919902,-0.0005363089953500016,-0.0011937691075847993,-0.09981074392196757,-0.0077377507694312555,12.577330529626256,30.0,465000.0,309.0,5751.08189535141,80.85435200911654,0.24671077728271484,-3.5223045349121094,-323.9438171386719,-0.17111849784851074,-323.772705078125,0.00848118495196104,0.00848118495196104,0.0,3.566965341567993,0.9014258980751038,0.9441236853599548,-0.04269786551594734,0.04269786551594734,,0.2723338305950165,,0.31532028317451477,0.3126507913072904,0.16352666543493583,-0.004797274109651581,-2.884767250219981,0.9496639247959309,0.011032465408588394,-322.6253407796224,3.812192046891934,0.02053788198911056,0.08496862401564916,0.2673313501674999,-0.01066286469394294,-322.71030883789064,3.801174644045438,0.031200900305902973,0.00844792164862156,0.00033792765680266956,2.6836614637273933e-05,0.00844792164862156,0.00033792765680266956,2.6836614637273933e-05,0.0,0.0,0.0,2.9833127578099568,0.9415963783387962,-0.009043173954404734,0.9576139529546102,0.057233869345865204,-0.0020670635151253357,0.9976694703102111,0.05602922219416761,-0.0022148994503085025,-0.04005550692478816,0.012053705982595518,0.0001478333875652953,0.04005550692478816,0.012053705982595518,-0.0001478333875652953,0.2686592777570089,0.018306734281241115,-0.00020844789182516852,0.3085628509521484,0.021197049680133365,-0.00026020279715668925
29.75557587363503,1.0,1500.0,0.0,12.0,739.0,0.18559259802888478,137.0,602.0,5.8333462012505315,0.8544612182086544,6755.838828569707,214.0,0.08294573643410853,44.48275862068966,21.099999999999994,8.46426195195662,58.0,44.604255319148926,25.310638297872337,8.428635407756703,47.0,44.48275862068966,21.099999999999994,8.46426195195662,58.0,0.16057673910266665,-0.005944547437577741,-0.004147966245135529,-0.0004616602914614839,-0.001839684625492773,-0.05992115637319307,-0.010198824825580434,13.553975767788984,11.0,466500.0,310.0,5768.564396381378,80.8693407830613,0.2978581190109253,-3.005169153213501,-322.4905090332031,-0.31627213954925537,-322.1742248535156,0.007730964571237564,0.007730964571237564,0.0,3.1581850051879883,0.8787763118743896,0.9149557948112488,-0.036179497838020325,0.036179497838020325,,0.29798799753189087,,0.3433986306190491,0.4881275271375974,0.7113845658072055,0.018553652543910223,-3.115921612580617,1.072456593229169,0.012723739712071351,-320.8154001871745,2.7359182274899965,0.04058640324102259,-0.1450266848007838,0.37131561012459224,-0.008019842756072992,-320.6703755696615,2.6919866891479898,0.048606239463126054,0.00815834269548456,0.0002104583461586787,-2.1106501351275485e-05,0.00815834269548456,0.0002104583461586787,-2.1106501351275485e-05,0.0,0.0,0.0,3.1972883383433026,1.0621373935998981,-0.013452119848486944,0.9177140891551971,0.07792185138507747,-0.0014383998543057474,0.9498572627703349,0.07711041721747007,-0.0016405246149048484,-0.03214317318052053,0.00857362028177927,0.00020212550690030916,0.03214317318052053,0.00857362028177927,-0.00020212550690030916,0.2689299692710241,0.01639729618207934,0.00026180227685955286,0.31541110277175904,0.019703018700632863,0.0006112800424170542
13.035035446286201,1.0,1500.0,0.0,34.0,739.0,0.5444229192132176,402.0,337.0,5.479033795954979,1.521724317265443,6139.365366884382,76.60000000000001,0.027423743376772163,47.34237288135592,13.674576271186444,7.901716812165638,59.0,44.63703703703704,22.214814814814822,8.445983382730805,27.0,47.34237288135592,13.674576271186444,7.901716812165638,59.0,0.13523443183094286,-0.0058657698193386575,-0.005187281100022689,-0.0005814977684824601,-0.0012131014961585097,-0.11160533764658137,-0.0075045382419213925,12.27530553210874,32.0,468000.0,311.0,5787.407966136932,80.86521681871129,0.33582019805908203,-4.607098579406738,-320.6645202636719,0.12142691016197205,-320.78594970703125,0.007856889627873898,0.007856889627873898,0.0,4.66939640045166,0.9747127294540405,1.0050544738769531,-0.03034180961549282,0.03034180961549282,,0.2541573643684387,,0.3187331557273865,0.26274861792723336,0.09537545536374811,0.0012556204143435014,-2.8177360872427624,1.40707188601378,-0.04612228890282154,-321.55995585123696,2.950331876579748,-0.0740037283722339,0.009753153224786123,0.43372632269797307,0.02134601651495106,-321.56971028645836,2.956458214820878,-0.09534977285959102,0.007268448049823443,0.00025554009423112584,3.1063739247660505e-06,0.007268448049823443,0.00025554009423112584,3.1063739247660505e-06,0.0,0.0,0.0,2.9089618513981503,1.4173592381073552,0.04411225182991529,0.9485555311044057,0.0879482126244422,0.004102574028613425,0.9820712864398956,0.0881019604306919,0.004354444003609032,-0.03351574533929427,0.009209893923412725,-0.00025186968368537074,0.03351574533929427,0.009209893923412725,0.00025186968368537074,0.26763548056284586,0.016851699173736818,-0.0001574735089854856,0.3117323527733485,0.018366992045637617,0.00035397556255072787
14.281132684813606,1.0,1500.0,0.0,39.0,739.0,0.6186401804171305,457.0,282.0,5.512638674566276,1.5209910312313089,5970.835711804501,76.4,0.02797100388079373,47.093103448275855,14.017241379310342,7.809287552062589,58.0,46.945454545454545,26.363636363636363,7.6819753696651905,22.0,47.093103448275855,14.017241379310342,7.809287552062589,58.0,0.14558888544653448,-0.0062674732838048615,-0.006303834400291843,-0.0004727075469833681,-0.0008440413202317954,-0.11740992693373409,-0.008236256678112399,12.946082342180382,36.0,469500.0,312.0,5806.408949375153,80.85892745300423,0.17558839917182922,-3.365924835205078,-329.9533996582031,0.5009328722953796,-330.454345703125,0.008219913579523563,0.008219913579523563,0.0,3.459139823913574,1.0250383615493774,1.0843331813812256,-0.05929481238126755,0.05929481238126755,,0.2944847643375397,,0.314553827047348,0.5411099535723527,0.748310559494135,-0.01713486107789371,-2.8369850258032483,1.2613118918798125,0.04534849954791816,-322.10207316080727,3.4034255963694644,-0.14667045415043642,0.019985422926644483,0.36662122205224684,-0.010199966749489243,-322.12206013997394,3.43411881040397,-0.13647078025061934,0.008285545557737351,0.00012640289442520275,6.693418866004451e-06,0.008285545557737351,0.00012640289442520275,6.693418866004451e-06,0.0,0.0,0.0,2.9383174737294513,1.2618149145194646,-0.04763606013657666,0.9503246307373047,0.0756664833461328,-0.0025096980297525957,0.9841181198755901,0.07650916181222979,-0.0021289217856622768,-0.03379349615424872,0.010669160794000187,-0.0003807766613725557,0.03379349615424872,0.010669160794000187,0.0003807766613725557,0.26604942182699837,0.014496754949093834,-0.0002945094339309258,0.3091788907845815,0.011723702368815956,-0.00019536812658172505
26.411149852416095,1.0,1500.0,0.0,55.0,739.0,0.8802879565896963,650.0,89.0,5.669164069767844,1.860790026101858,5113.35600234968,14.600000000000001,0.005501959602050045,45.751724137931035,4.744827586206896,8.068285276619475,58.0,43.17142857142858,11.771428571428576,8.490457487388655,7.0,45.751724137931035,4.744827586206896,8.068285276619475,58.0,0.15076683896862006,-0.005069374200332985,-0.004736575448447771,-0.0003005120555985342,-0.0013854707866192656,-0.07029441254215572,-0.0081518820560995,13.325841879177187,51.0,471000.0,313.0,5825.904537200928,80.84581492752939,0.3557039499282837,-3.02266001701355,-324.1239929199219,0.4304371476173401,-324.554443359375,0.007535708136856556,0.007535708136856556,0.0,3.0949652194976807,1.0287803411483765,1.0680522918701172,-0.039271917194128036,0.039271917194128036,,0.2894856929779053,,0.3265444040298462,0.45009587953488034,0.8775868149149041,-0.028497855347043608,-2.739983151356379,1.0946965102806059,-0.00217072967692654,-325.1700490315755,5.090743090815626,0.3340824997067081,0.04046406075358391,0.36813590676380215,0.0062337517025606,-325.21051534016925,5.127467824792496,0.32784867164688486,0.007514875087266167,0.00035663354896984395,-3.5604064117648934e-05,0.007514875087266167,0.00035663354896984395,-3.5604064117648934e-05,0.0,0.0,0.0,2.821932895978292,1.0943215151147352,0.0017442365376913703,0.946270102262497,0.07454094312737355,0.002339941150487046,0.9883164882659912,0.0748707446707964,0.0012605155270144393,-0.04204638339579105,0.01635417769406029,0.0010794254568912043,0.04204638339579105,0.01635417769406029,-0.0010794254568912043,0.26945700744787854,0.015313607322238305,0.00010028597510297595,0.3147120157877604,0.01798176855083434,-7.934535835954686e-05
25.809042724696074,1.0,1500.0,0.0,47.0,739.0,0.7569388503149961,559.0,180.0,5.740929835717454,1.7282175914053024,5383.612813079747,33.800000000000004,0.012903718408795907,45.16206896551724,8.324137931034484,8.372400370006213,58.0,45.60000000000002,21.32857142857143,8.24805491591741,14.0,45.16206896551724,8.324137931034484,8.372400370006213,58.0,0.15526208731192617,-0.005677828581353853,-0.005024944356090749,-0.00044039741372983666,-0.0006593169044530906,-0.0796368352788578,-0.009028868159473041,14.287379883223878,44.0,472500.0,314.0,5845.181138515472,80.83581822410434,0.4100794196128845,-3.1837010383605957,-324.18212890625,0.47155454754829407,-324.6536865234375,0.007233216892927885,0.007233216892927885,0.0,3.2340126037597656,1.0375490188598633,1.0756690502166748,-0.038120027631521225,0.038120027631521225,,0.2971121668815613,,0.33636754751205444,0.48873462428649267,0.6551123179762481,0.004554167767785652,-2.9491741259892783,0.8910973777026535,-0.005674159725728046,-322.1216654459635,3.2226032771075617,0.01405364684720247,-0.06958940550684929,0.35524726290495784,0.0009765485386562003,-322.0520782470703,3.2217186286166037,0.013076955351874779,0.007550120679661631,0.0002642800098180765,-2.2971142887306934e-05,0.007550120679661631,0.0002642800098180765,-2.2971142887306934e-05,0.0,0.0,0.0,3.0346483469009398,0.8939842637526716,0.004424011826647725,0.9350554505983989,0.07293722813642636,0.00028752649453641195,0.9657182693481445,0.07276742420290709,0.00019801630989724428,-0.03066282489647468,0.010132300052424542,8.951190556580892e-05,0.03066282489647468,0.010132300052424542,-8.951190556580892e-05,0.275952073931694,0.014579737336185748,-0.00014776728044495609,0.31792355279127754,0.014389499952854856,-0.0002578244524882588
22.0898286559365,1.0,1500.0,0.0,59.0,739.0,0.946873891681629,699.0,40.0,5.80682938622904,1.823256259474951,5065.781630392405,19.0,0.00720679714762555,44.684745762711856,4.474576271186443,8.733216375334317,59.0,14.2,0.0,18.738272206501374,4.0,44.684745762711856,4.474576271186443,8.733216375334317,59.0,0.1463443145856613,-0.005565538080193926,-0.004767665998960166,-0.0004515564679048625,-0.0005389718076285235,-0.08756218905472424,-0.00823315798865589,13.488804465376989,55.0,474000.0,315.0,5865.045787334442,80.81778338774478,0.5258885622024536,-1.0292925834655762,-324.945068359375,0.2182760089635849,-325.163330078125,0.006714376620948315,0.006714376620948315,0.0,1.189094066619873,0.9853700399398804,1.023626446723938,-0.03825635462999344,0.03825635462999344,,0.2500961124897003,,0.28311535716056824,0.4953733195861181,0.7333059134330663,-0.00902489766528265,-3.1304401556650796,1.0794394714753566,-0.025939035786935332,-322.1500630696615,3.234357683143212,-0.02398668062168832,0.008457729717095692,0.29011990131170695,0.0016302304120694962,-322.1585205078125,3.1586069781049764,-0.025616651965722843,0.0069593503916015225,0.00015128292830125244,-1.591972610990932e-05,0.0069593503916015225,0.00015128292830125244,-1.591972610990932e-05,0.0,0.0,0.0,3.210509637991587,1.0538716810749136,0.027021807982473337,0.9521404047807057,0.06124297731681253,0.0002960665605224394,0.9816865622997284,0.05830781224267608,0.00032782622253536,-0.0295461547250549,0.009876261709373182,-3.176062379251953e-05,0.0295461547250549,0.009876261709373182,3.176062379251953e-05,0.26820204257965086,0.009929474293259388,7.461099921661904e-05,0.31437506675720217,0.01170809701497933,-0.00012492494402791451
27.83795159003314,1.0,1500.0,0.0,55.0,739.0,0.8908614317145016,658.0,81.0,5.936108981409635,1.8332189198715014,5062.960062075006,11.8,0.004659979464497275,43.65862068965516,3.958620689655174,8.713612087614642,58.0,31.942857142857147,6.457142857142857,11.80104619695676,7.0,43.65862068965516,3.958620689655174,8.713612087614642,58.0,0.15565780190941947,-0.005593298326501318,-0.004658259721891161,-0.00026614124712477454,-0.0012069283213561792,-0.07090473558135162,-0.009017798424499792,14.214980903548527,51.0,475500.0,316.0,5884.526530742645,80.80514167381797,0.3543284237384796,-2.042907238006592,-323.9891052246094,-0.8919523358345032,-323.09716796875,0.006759092677384615,0.006759092677384615,0.0,2.1462574005126953,0.7711526155471802,0.8014905452728271,-0.030337899923324585,0.030337899923324585,,0.28485554456710815,,0.33388030529022217,0.2868348494172096,0.14099503905409075,-0.001346146453739679,-2.788689893484116,1.0401784108697145,0.02656988414694402,-326.27252298990885,4.3935775286611,-0.24903277268796237,-0.05089787344137828,0.2916695345226362,-0.00340556734064397,-326.22162475585935,4.398680337570914,-0.2456273843767322,0.006724032464747628,0.00012410360920784753,1.257255256955022e-05,0.006724032464747628,0.00012410360920784753,1.257255256955022e-05,0.0,0.0,0.0,2.8903619050979614,1.06259989264449,-0.02928708435033142,0.929008287191391,0.05915276183181546,-0.001407732780571132,0.9698201775550842,0.058311239915076495,-0.0006877738190970485,-0.04081188477575779,0.013565025356640158,-0.0007199578368425099,0.04081188477575779,0.013565025356640158,0.0007199578368425099,0.26922691861788434,0.014537479180245675,4.724916547238063e-05,0.31427064538002014,0.012719503935531193,-0.00014458929206161606
30.693684146954464,1.0,1500.0,0.0,57.0,739.0,0.9130139654748187,674.0,65.0,5.712338533868682,1.728960405388732,5012.97040084402,18.400000000000002,0.0069866342648845685,45.40689655172411,3.562068965517242,8.24218575797592,58.0,37.96666666666667,9.799999999999997,10.823466933968653,6.0,45.40689655172411,3.562068965517242,8.24218575797592,58.0,0.1513055659616986,-0.004560527531490701,-0.00423361228861753,-0.00044070336375692305,-0.0018428709990300702,-0.055374305616788515,-0.0075543112719087474,13.8350183956715,52.0,477000.0,317.0,5904.165210008621,80.79042219065944,0.464666485786438,-2.8335466384887695,-324.6581115722656,-0.12602245807647705,-324.5320739746094,0.008002197369933128,0.008002197369933128,0.0,2.964280128479004,0.920522928237915,0.9538973569869995,-0.033374350517988205,0.033374350517988205,,0.2730313837528229,,0.3084529638290405,0.6022106314698855,0.6966658762861666,-0.009137155936079923,-2.642699861526489,1.0755173294155989,-0.012161429652382651,-334.91400451660155,6.306187843069982,-0.11308622943677749,0.20783852487802507,0.34865410884848896,-0.003777752619431473,-335.12184244791666,6.3754851099052665,-0.10930832978481894,0.007426641291628281,0.00048093898120335054,5.463832498292879e-05,0.007426641291628281,0.00048093898120335054,5.463832498292879e-05,0.0,0.0,0.0,2.7379258632659913,1.060841089461234,0.01168746391313349,0.9551620483398438,0.0693208223079633,-0.001007892106876247,1.0223260760307311,0.07109741626308515,-0.0007164949039463694,-0.06716402017821868,0.01985945034851363,-0.0002913964276219613,0.06716402017821868,0.01985945034851363,0.0002913964276219613,0.2660945236682892,0.01524305016006567,0.0002900871604647801,0.3100478937228521,0.014008586627707709,0.0002674625566989582
21.498006071363175,1.0,1500.0,0.0,15.0,739.0,0.24058569656086232,177.0,562.0,5.811556249689087,1.0524416571161364,6519.502844941366,214.20000000000002,0.08265802269043761,44.679310344827584,19.97931034482759,8.278471785184815,58.0,44.32727272727274,24.736363636363638,8.30143186978193,44.0,44.679310344827584,19.97931034482759,8.278471785184815,58.0,0.15221471806815892,-0.006517697481470717,-0.004363157075644903,-0.0007693164099980318,-0.0046895640686921945,-0.0929986789960376,-0.00900634521973862,14.172418133938054,14.0,478500.0,318.0,5922.015984773636,80.80018717110745,1.9596151113510132,-2.821445941925049,-328.9411315917969,-0.3423635959625244,-328.5987548828125,0.0075808302499353886,0.0075808302499353886,0.0,2.9018564224243164,0.8652625679969788,0.9098707437515259,-0.04460820555686951,0.04460820555686951,,0.2581225037574768,,0.313534677028656,0.45484028905630114,0.4806745159495861,0.021395754804202787,-2.769646390279134,0.8736675395952705,0.010594778517064363,-328.8280354817708,5.861649754739498,0.12944128187135914,-0.09803617248932521,0.328705988883946,0.005715801380367518,-328.72999776204426,5.746555422552305,0.12372523425551504,0.007898658824463686,0.0001591277590372803,-1.512283937916506e-05,0.007898658824463686,0.0001591277590372803,-1.512283937916506e-05,0.0,0.0,0.0,2.8736242294311523,0.8760544632391591,-0.012138668501602615,0.9139758050441742,0.07573808394160997,0.001623317171654774,0.9597024699052175,0.0678877496261178,0.001188517637857465,-0.04572664809723695,0.018016524166854068,0.000434798466350399,0.04572664809723695,0.018016524166854068,-0.000434798466350399,0.26355892916520435,0.013083025687789303,-0.0003083462908748084,0.3115090489387512,0.013864938099642591,-0.0003867516130441121
21.215293860435487,1.0,1500.0,0.0,49.0,739.0,0.7824971516079177,578.0,161.0,5.719511049521752,1.8230081139082337,5533.193071840133,22.400000000000002,0.008514520298008211,45.35862068965517,8.003448275862068,8.17195979146176,58.0,41.96923076923076,17.78461538461539,8.85529814299878,13.0,45.35862068965517,8.003448275862068,8.17195979146176,58.0,0.1496817482728802,-0.005609896470150049,-0.005189240324370827,-0.0004175588217465255,-0.0003881908264378386,-0.09520890795791002,-0.00826835560746607,13.688727574087443,45.0,480000.0,319.0,5941.399984359741,80.78903983296217,0.3574136793613434,-2.913015604019165,-322.7068786621094,0.39008545875549316,-323.0969543457031,0.006791871972382069,0.006791871972382069,0.0,3.0378997325897217,1.0321218967437744,1.0581388473510742,-0.026017025113105774,0.026017025113105774,,0.24999380111694336,,0.31193554401397705,0.4959293603897095,0.48258731618714823,0.010800547203312194,-2.823381162683169,1.0597660646145288,0.007189113498397116,-327.7786529541016,3.509291980334352,0.12173043697642347,0.05203759844104449,0.3500593777461302,0.012278876704753307,-327.8306894938151,3.5181709661790284,0.10945175221817866,0.007037839045127233,0.0004434673820647717,-4.608724577076857e-05,0.007037839045127233,0.0004434673820647717,-4.608724577076857e-05,0.0,0.0,0.0,2.9286802212397256,1.0454779811734456,-0.007716150835438264,0.9489710470040639,0.07039151323201451,0.0028239819974336905,0.9904324372609457,0.07024164161217397,0.0024344279052683337,-0.041461399259666604,0.011083642389821883,0.00038955289750330105,0.041461399259666604,0.011083642389821883,-0.00038955289750330105,0.2632026086250941,0.014045257756354406,0.00018649678076466578,0.3087728887796402,0.017337151559512466,0.000194094198299056
7.024991093455134,1.0,1500.0,0.0,40.0,739.0,0.642890025847961,475.0,264.0,5.38347587280415,1.5010497211143135,5971.559591579822,57.6,0.02058613295210865,48.24137931034482,13.517241379310349,7.621952729477591,58.0,44.74285714285714,23.361904761904764,8.417810194283746,21.0,48.24137931034482,13.517241379310349,7.621952729477591,58.0,0.13343829489499082,-0.006150302959158242,-0.004725702578407059,-0.0004482443472092346,-0.002328501312635546,-0.13395731080926465,-0.007566856659507081,12.172343709292523,37.0,481500.0,320.0,5960.70597076416,80.77902221006079,0.22407406568527222,-3.3616387844085693,-344.8189697265625,0.33754417300224304,-345.1565246582031,0.007458302192389965,0.007458302192389965,0.0,3.4870128631591797,0.9557334184646606,1.0489071607589722,-0.09317362308502197,0.09317362308502197,,0.24624720215797424,,0.29645490646362305,0.465801377594471,0.4116167112366338,-0.007958474032605696,-2.978418167432149,0.8186781810174718,-0.006435274467850098,-329.1039693196615,4.49832311971093,-0.049749382451847776,0.1905207705994447,0.25008825500369897,0.0013367267700535883,-329.29449259440105,4.407551127942206,-0.05108593695685383,0.007124992304792007,0.00023516517654761782,2.623288949186969e-05,0.007124992304792007,0.00023516517654761782,2.623288949186969e-05,0.0,0.0,0.0,3.052243689695994,0.8069163951489502,0.005727863974778001,0.9739488065242767,0.05660167318871402,0.00017984071218130139,1.0185080409049987,0.0504787698903591,0.00028983454020056895,-0.044559225502113504,0.013673470248943708,-0.00010999258777522307,0.044559225502113504,0.013673470248943708,0.00010999258777522307,0.25922386745611825,0.01200164493169582,-0.000591787699199759,0.3067073315382004,0.01440126386608973,-0.0007235479500720799
15.353987285965367,1.0,1500.0,0.0,21.0,739.0,0.32779257623208913,242.0,497.0,5.8064236917102106,1.2619063388324816,6511.765619177111,160.60000000000002,0.06192642862651346,44.71379310344828,17.817241379310346,8.441652534863127,58.0,43.07692307692308,23.384615384615383,8.80310504784615,39.0,44.71379310344828,17.817241379310346,8.441652534863127,58.0,0.1423401638201124,-0.006625972008696743,-0.005874229072973172,-0.0005678604049082444,-0.0015773602412433292,-0.11264207840408368,-0.008368934365044253,13.837484416055073,19.0,483000.0,321.0,5978.79070019722,80.7855675536639,0.28445863723754883,-1.8755004405975342,-333.2611083984375,-0.2910294532775879,-332.9700927734375,0.007210416253656149,0.007210416253656149,0.0,2.036182403564453,0.8671807050704956,0.920992374420166,-0.05381166934967041,0.05381166934967041,,0.24890252947807312,,0.27665358781814575,0.9946517368157705,2.3092504261704097,-0.006450851104150776,-2.8772229750951133,1.0414965954546755,0.01835971318840059,-328.2830291748047,4.367371403768871,-0.13116546732697157,0.030833081031839054,0.3995061087109389,0.004473438839924353,-328.31386311848956,4.460866216334781,-0.1356390591325387,0.007483179122209549,0.00012006722222863014,-3.086689971511825e-06,0.007483179122209549,0.00012006722222863014,-3.086689971511825e-06,0.0,0.0,0.0,2.975306765238444,1.04960994315164,-0.018877221745033933,0.9462227702140809,0.07897949935847567,0.0005455098772738307,0.9862771332263947,0.08166296630054734,0.0009186254194766551,-0.040054355685909586,0.01375703103022066,-0.00037311404545659814,0.040054355685909586,0.01375703103022066,0.00037311404545659814,0.26351790130138397,0.01965156425131367,-3.85075177711696e-06,0.3060861219962438,0.020106408681173502,-0.00012292493967644704
20.822958522372776,1.0,1500.0,0.0,19.0,739.0,0.30093144940716166,222.0,517.0,5.808190872288994,1.05392889156506,6532.0740066660865,168.4,0.0649390714175536,44.71034482758619,19.365517241379305,8.452341707938446,58.0,44.83000000000001,25.734999999999996,8.353921617067737,40.0,44.71034482758619,19.365517241379305,8.452341707938446,58.0,0.15916992582882555,-0.006982591106268452,-0.005843588749442584,-0.0004754582306988271,-0.0009147161689534575,-0.10094161958568823,-0.010311232732944825,13.863760088178411,18.0,484500.0,322.0,5996.853670358658,80.79236656962203,0.3115141987800598,-2.767123222351074,-335.6754150390625,-0.07405319809913635,-335.6013488769531,0.007095610722899437,0.007095610722899437,0.0,2.842006206512451,0.9045321941375732,0.9650347232818604,-0.060502443462610245,0.060502443462610245,,0.2708534896373749,,0.31593000888824463,3.055122205118338,13.952768895157638,-0.471758552769135,-2.879827372233073,0.8744163146073183,-0.004341705012507087,-330.33848876953124,5.00152544867709,-0.17404960318321566,0.011039767165978749,0.33408474428324364,0.010996120518386304,-330.3495269775391,5.012364244332985,-0.18504549732992584,0.007194237597286701,0.00015009927549088393,-1.2187809332194323e-05,0.007194237597286701,0.00015009927549088393,-1.2187809332194323e-05,0.0,0.0,0.0,2.969316260019938,0.8885390636445719,0.0042339681916029265,0.9372381011644999,0.06837856773726073,0.0016946935547604487,0.9821589191754659,0.06753699684751602,0.002220171444673276,-0.0449208107466499,0.015420839693244273,-0.0005254774311924134,0.0449208107466499,0.015420839693244273,0.0005254774311924134,0.26828166445096335,0.015008782590406462,0.0004959782185623416,0.3145189344882965,0.016304553091353157,0.0005632297878668472
23.849928736686707,1.0,1500.0,0.0,17.0,739.0,0.26967671185999265,199.0,540.0,5.810981539752223,1.0777799574142952,6498.106187014226,182.20000000000002,0.07036922601575776,44.64137931034483,19.755172413793108,8.412896605577005,58.0,44.77619047619049,25.528571428571436,8.266744346872848,42.0,44.64137931034483,19.755172413793108,8.412896605577005,58.0,0.15924772422110026,-0.006710298298134346,-0.005058294438612831,-0.0004994330950419838,-0.003227752639517339,-0.0888084464555059,-0.010847042431632136,14.713694952452554,16.0,486000.0,323.0,6014.574095010757,80.80372646886991,0.27111193537712097,-3.877537727355957,-328.339599609375,0.027758777141571045,-328.36737060546875,0.006326387170702219,0.006326387170702219,0.0,3.939202308654785,0.9488513469696045,0.9854826927185059,-0.036631278693675995,0.036631278693675995,,0.28434866666793823,,0.3115810751914978,0.36630525315801304,0.4032109031488875,0.008120323163980363,-3.187631909052531,0.9599111741404831,0.013079769062386025,-330.6375396728516,3.9798970348579195,-0.040309158342164315,-0.08625877350568771,0.26483034086985624,-0.009654006153113057,-330.55128275553386,3.8637488038826526,-0.03065512108722436,0.0070565555555125075,0.00032658722543205815,-3.1022851803942115e-05,0.0070565555555125075,0.00032658722543205815,-3.1022851803942115e-05,0.0,0.0,0.0,3.2849720398585003,0.9806947192093776,-0.012806260731647291,0.9185325562953949,0.05933368875967458,-0.0019885080277058068,0.9626265625158946,0.0535168887114707,-0.0019417715947805966,-0.04409401721010606,0.011948935253068534,-4.673668279729972e-05,0.04409401721010606,0.011948935253068534,4.673668279729972e-05,0.2696483388543129,0.018308692961409127,0.0006734338001626707,0.30889456073443095,0.018469281169237194,0.00024493979134733836
15.53385501437717,1.0,1500.0,0.0,29.0,739.0,0.471702388956162,348.0,391.0,5.60596761703327,1.4199730675866455,6262.963000402792,121.4,0.045224258679779465,46.28275862068965,17.034482758620687,8.159352700968427,58.0,45.193548387096776,26.58709677419354,8.457290566724225,31.0,46.28275862068965,17.034482758620687,8.159352700968427,58.0,0.14327151404878694,-0.005753362735159558,-0.005542266065886155,-0.0006407149776249468,-0.004858366271409774,-0.10790513833992045,-0.007331965812284834,13.006171226969869,27.0,487500.0,324.0,6033.240358352661,80.80235015418958,0.22109496593475342,-1.759642481803894,-325.0235900878906,-0.19759459793567657,-324.82598876953125,0.006884769070893526,0.006884769070893526,0.0,1.824095368385315,0.9160658121109009,0.9403097033500671,-0.02424381673336029,0.02424381673336029,,0.26151102781295776,,0.3059687614440918,0.8473311906059583,2.577651252472289,0.0494299203157425,-3.329588798681895,1.0860441144100663,0.0004815945768516065,-329.0325876871745,3.152658547256165,0.03173124082096967,-0.04895692989230156,0.3403207836386301,-0.018156490832136267,-328.98363240559894,3.282340754082821,0.049887679018358576,0.006731210105742017,0.00018950902588855045,1.9150059794524178e-05,0.006731210105742017,0.00018950902588855045,1.9150059794524178e-05,0.0,0.0,0.0,3.41274760166804,1.0920050852586713,0.0006650583895214644,0.9322458962599437,0.06419450673077746,-0.003427683378883698,0.9700405438741048,0.06805460437404535,-0.0036299946045583917,-0.03779464488228162,0.010217761401800068,0.000202311837301902,0.03779464488228162,0.010217761401800068,-0.000202311837301902,0.2710583065946897,0.016262428864551925,6.605154348824744e-05,0.3174443076054255,0.016960002945223707,0.0003819056360819631
11.454471429189047,1.0,1500.0,0.0,6.0,739.0,0.09292002683455927,68.0,671.0,5.82816672043072,0.7749796082043096,6909.661235326282,253.0,0.09792537544511534,44.5448275862069,23.02068965517242,8.447214604484397,58.0,44.72307692307693,24.823076923076936,8.323777387021494,52.0,44.5448275862069,23.02068965517242,8.447214604484397,58.0,0.1633863310420491,-0.008712141127138967,-0.004744997117063054,-0.0027266906892240415,-0.0026160337552742626,-0.1498734177215193,-0.013538241549579616,15.172446061285326,6.0,489000.0,325.0,6050.288311004639,80.8225947035576,0.21590891480445862,-3.800380229949951,-325.31494140625,-0.08039804548025131,-325.23455810546875,0.006320697255432606,0.006320697255432606,0.0,3.9032368659973145,0.9400373697280884,0.9641232490539551,-0.024085888639092445,0.024085888639092445,,0.2624163031578064,,0.3059167265892029,0.4189878741900126,0.5129101616369858,0.017893433478040344,-3.047525342305501,0.6708895256989486,0.0037793184944467217,-328.11509602864584,3.966019435729489,-0.059189504723120026,-0.06950758844614029,0.3721540714892756,-0.0018791116318262447,-328.04559427897135,3.9460030612920023,-0.057310497720978945,0.006642143754288554,0.000273106898017674,-2.85456913240561e-05,0.006642143754288554,0.000273106898017674,-2.85456913240561e-05,0.0,0.0,0.0,3.1287847717603046,0.6665839659266084,-0.004878683880518573,0.9327789982159932,0.07523868567997459,-0.0005050017915923158,0.9662351389726003,0.07423023924862697,-0.0003755423728298155,-0.033456142122546835,0.012145021855088822,-0.00012946075472868802,0.033456142122546835,0.012145021855088822,0.00012946075472868802,0.27314050098260245,0.016726182365948486,-7.662932917857676e-05,0.31670936147371925,0.01760021942403994,-0.0001350082332751151
16.31590787569682,1.0,1500.0,0.0,39.0,739.0,0.6234440322847076,460.0,279.0,5.343389180329751,1.5270393030188487,5969.521830282199,48.2,0.017111616018176654,48.56551724137931,10.862068965517246,7.479125304489379,58.0,46.48181818181818,18.972727272727273,7.857685807131734,22.0,48.56551724137931,10.862068965517246,7.479125304489379,58.0,0.13513505547631885,-0.005374802114678964,-0.004326586576454862,-0.0004539074173948009,-0.0011767502674432404,-0.10108165933673909,-0.0069028928922058455,12.619221700219764,36.0,490500.0,326.0,6069.371554136276,80.81561585494372,0.20598310232162476,-2.0741615295410156,-324.1552429199219,0.4788268804550171,-324.6340637207031,0.006580651272088289,0.006580651272088289,0.0,2.198636054992676,1.0544989109039307,1.0753164291381836,-0.02081764116883278,0.02081764116883278,,0.25345054268836975,,0.29550832509994507,0.4006020948290825,0.5410949064937711,-0.0033673931580364244,-2.960012630621592,0.8507505820309887,0.009260121680738207,-329.10143025716144,4.090636953293595,-0.03392810588152609,0.03666199867924055,0.3597447478193562,0.0077864312273641925,-329.1380920410156,4.104988675937197,-0.041714372306029826,0.006383792652438085,0.00017475444124249025,1.7153659008766502e-05,0.006383792652438085,0.00017475444124249025,1.7153659008766502e-05,0.0,0.0,0.0,3.062680359681447,0.834493431830492,-0.008968836553104724,0.9519017358620961,0.07135279874281666,0.0014661315683528148,0.9872972249984742,0.0712086871487834,0.001547165680780276,-0.03539549835647146,0.01263488728092783,-8.103606105679462e-05,0.03539549835647146,0.01263488728092783,8.103606105679462e-05,0.27297867635885875,0.013884757256363853,-0.0004944802590286462,0.3152556260426839,0.014634474324499833,-0.0004524839600678777
19.172600152445774,1.0,1500.0,0.0,55.0,739.0,0.8849702508998072,653.0,86.0,5.676926586167107,1.7387913971965527,5154.24960366543,15.0,0.005660804589025587,45.68620689655172,5.593103448275865,8.092381444413236,58.0,40.22857142857142,5.428571428571437,9.006325960632173,7.0,45.68620689655172,5.593103448275865,8.092381444413236,58.0,0.14947496241701508,-0.005654436591184164,-0.00438756303505035,-0.0002351136054634117,-0.0009482525060959071,-0.10345886390318515,-0.008682515550833648,13.50404513345326,51.0,492000.0,327.0,6089.044335365295,80.80085690006457,0.27137553691864014,-4.6401777267456055,-326.8601989746094,-1.1324231624603271,-325.727783203125,0.006364341825246811,0.006364341825246811,0.0,4.8665385246276855,0.7332876920700073,0.7560620307922363,-0.022774294018745422,0.022774294018745422,,0.286845862865448,,0.3450598120689392,0.4923018279174964,0.5958710738648196,0.0016656004464268243,-3.055510942141215,0.9403179973725612,-0.011656279823803871,-330.03733622233074,4.491376265015848,-0.04493294823023245,-0.10192252323031425,0.41047759601991296,0.0004024986546482603,-329.93541361490884,4.481781583662774,-0.04533560374156864,0.0063119251281023026,7.715853609766247e-05,-2.9318212832969882e-06,0.0063119251281023026,7.715853609766247e-05,-2.9318212832969882e-06,0.0,0.0,0.0,3.160418430964152,0.9526258321785159,0.010886699286133015,0.9233835081259409,0.08198934118008834,-3.9735678438435574e-06,0.9598033269246419,0.08114427344482118,8.807993836873996e-05,-0.03641980926816662,0.013778504535108753,-9.205304687061551e-05,0.03641980926816662,0.013778504535108753,9.205304687061551e-05,0.2653248523672422,0.015226874025239954,0.00039584729178197776,0.31019888520240785,0.017307409885110637,0.0004150333738698238
21.265863597393036,1.0,1500.0,0.0,17.0,739.0,0.26444216098393936,195.0,544.0,5.888401256125676,1.0234317023182982,6700.104364476231,197.60000000000002,0.0759766225776684,44.081355932203394,19.925423728813563,8.696511544735223,59.0,44.53953488372094,25.451162790697676,8.471792646630183,43.0,44.081355932203394,19.925423728813563,8.696511544735223,59.0,0.16550509044583206,-0.0062247190617738596,-0.005716257114086443,-0.0006691689457329129,-0.0036546943919344597,-0.10233144297416587,-0.011450464748370932,14.231814344642062,16.0,493500.0,328.0,6106.705100536346,80.81281016118763,0.19272835552692413,-2.254065990447998,-331.0096740722656,-0.203751340508461,-330.805908203125,0.006764409132301807,0.006764409132301807,0.0,2.271838665008545,0.9022423028945923,0.9392167329788208,-0.03697444498538971,0.03697444498538971,,0.2731042504310608,,0.336482435464859,0.35089627355337144,0.3720723649620757,-0.006874517110218866,-2.9282175014416376,1.0266247612075254,-0.013108322916094468,-331.1210154215495,3.9898067532054866,-0.07308520018987476,0.08639834026495616,0.37919891117913085,0.007920187337114767,-331.20741170247396,4.001464793746459,-0.08100508540304234,0.006422355041528742,0.00020197488478114877,2.190493351807843e-05,0.006422355041528742,0.00020197488478114877,2.190493351807843e-05,0.0,0.0,0.0,3.0202561656634015,1.0391624280114264,0.01312061615860098,0.95826442639033,0.07526135597722887,0.0013809216035751534,0.9971655368804931,0.07513340630113968,0.0015825753747687366,-0.0389011408512791,0.012244763731231526,-0.00020165284173573393,0.0389011408512791,0.012244763731231526,0.00020165284173573393,0.2690037046869596,0.013762643951745321,0.00025276756856809494,0.3144453545411428,0.015161181152874448,-8.180081778029939e-05
18.807688311294275,1.0,1500.0,0.0,58.0,739.0,0.9356638326450243,691.0,48.0,5.429647293788392,1.7316774111221738,5112.519958294839,10.600000000000001,0.003823126307437063,47.803448275862074,5.17931034482759,7.6426063210300486,58.0,33.3,3.0,10.39192810751887,4.0,47.803448275862074,5.17931034482759,7.6426063210300486,58.0,0.138545269988152,-0.004761973324154202,-0.004523003159729067,-0.00026313685177306687,-0.0017546696854532254,-0.09328050456860748,-0.006838445344061729,12.5958963941575,54.0,495000.0,329.0,6126.644024848938,80.79464026183649,0.5731891393661499,-3.2858965396881104,-333.8260498046875,-0.06522303819656372,-333.7608337402344,0.007257614750415087,0.007257614750415087,0.0,3.4850072860717773,0.9221412539482117,0.9667580723762512,-0.04461676627397537,0.04461676627397537,,0.26705265045166016,,0.31551551818847656,0.38485616048177085,0.39978610944062315,0.00312554469628381,-3.5678091327349346,0.7476356482124925,0.0005321867341327982,-333.2667938232422,4.119831610796868,-0.0071694039927099615,-0.00796768410752217,0.30975168281928056,-0.007541260808225598,-333.2588236490885,4.035586302185701,0.0003719682025266557,0.007095072402929266,0.00023822307553197626,2.4892647416062395e-05,0.007095072402929266,0.00023822307553197626,2.4892647416062395e-05,0.0,0.0,0.0,3.666270716985067,0.7504830296542351,-0.00034418763785544064,0.9345159610112508,0.06655108491196944,-0.0014872655189607643,0.9782870888710022,0.06259846881696028,-0.001536450874023125,-0.043771126121282575,0.01240519011475713,4.9184711942153873e-05,0.043771126121282575,0.01240519011475713,-4.9184711942153873e-05,0.2682418783505758,0.017428118267894054,-0.0010228810506614956,0.3131407817204793,0.01672637618407605,-0.0007817820526734168
11.523847159885225,1.0,1500.0,0.0,22.0,739.0,0.355990229731409,263.0,476.0,5.626390778035127,1.0905280139598494,6590.455413138974,183.20000000000002,0.06846550564317214,46.13448275862067,19.94137931034483,8.140720890678683,58.0,46.318918918918904,27.016216216216215,7.9571533067604285,37.0,46.13448275862067,19.94137931034483,8.140720890678683,58.0,0.15098124885124495,-0.008252193640012397,-0.004643930569837781,-0.0009190880387880579,-0.0012010676156583623,-0.13967971530249076,-0.009996631701027327,14.45938805042216,21.0,496500.0,330.0,6144.789148569107,80.80016872761475,0.1478375494480133,-4.461428165435791,-338.7832946777344,-0.028696328401565552,-338.7546081542969,0.006134915165603161,0.006134915165603161,0.0,4.576778411865234,0.9158786535263062,0.9743665456771851,-0.05848780646920204,0.05848780646920204,,0.26213106513023376,,0.3140316903591156,1.2065099033216635,4.887946901353418,0.0623704047088363,-3.215157836675644,1.299552931513493,-0.0579043688445255,-332.2751922607422,5.816310517543708,-0.28309068860148073,-0.10212123356759548,0.27699505740481034,-0.00990766020236875,-332.1730712890625,5.7719858025016935,-0.27318291754292345,0.006694244888300697,0.0003529718714915171,-3.9779346485988114e-05,0.006694244888300697,0.0003529718714915171,-3.9779346485988114e-05,0.0,0.0,0.0,3.3301902572313944,1.3041232053524772,0.057858157157897896,0.9207609375317891,0.06025192844627356,-0.002741499790492925,0.959760715564092,0.055419877354543005,-0.0019509777078639354,-0.03899978629002968,0.01754094218299456,-0.0007905208365836314,0.03899978629002968,0.01754094218299456,0.0007905208365836314,0.26272156139214836,0.013049688516130246,-0.00018201083176924249,0.31148979663848875,0.01777877368106588,0.00010910742274910747
2.9616856575012207,1.0,1500.0,0.0,11.0,739.0,0.16709118587466454,123.0,616.0,5.85202023969164,0.8248008096340563,6771.478518534732,242.20000000000002,0.09418261004821901,44.337931034482764,22.613793103448277,8.55974823081875,58.0,45.01666666666666,25.266666666666666,8.38228575933204,48.0,44.337931034482764,22.613793103448277,8.55974823081875,58.0,0.17765250481815079,-0.010119337949825332,-0.00461463904022223,-0.0015517649623141613,-0.0020397489539748966,-0.20669456066945788,-0.012321233867358323,14.374181205265321,10.0,498000.0,331.0,6162.037375211716,80.81742606809321,0.8043384552001953,-1.7028011083602905,-332.55938720703125,0.517096221446991,-333.07647705078125,0.007173796650022268,0.007173796650022268,0.0,1.7500066757202148,1.0450749397277832,1.0847249031066895,-0.03964999318122864,0.03964999318122864,,0.2825210690498352,,0.33401331305503845,0.4330197244882584,0.4250346478711614,-0.007235054245780131,-2.8993239800135293,1.3027118417465529,-0.01646246183435692,-332.01353047688804,3.423026409948141,0.0233733350098254,0.07848487546046574,0.36809252159154066,0.017278955676266573,-332.0920166015625,3.4053256793473237,0.006094431638456655,0.006544161324078838,0.00034234237606208873,3.833288484324455e-05,0.006544161324078838,0.00034234237606208873,3.833288484324455e-05,0.0,0.0,0.0,2.9886363208293916,1.3064967021283997,0.013034303129978978,0.9585276861985524,0.07405737855324979,0.0035138359457022117,0.9958532253901163,0.07322300121104648,0.0034476344126615262,-0.037325539408872524,0.010446888205060217,6.620166626436831e-05,0.037325539408872524,0.010446888205060217,-6.620166626436831e-05,0.26628519395987194,0.014476615339795915,0.00018996504840913933,0.31553309261798856,0.014267701553935773,1.929021783345962e-05
17.90749701499939,1.0,1500.0,0.0,54.0,739.0,0.8771016452159933,648.0,91.0,5.531252460928707,1.8421510814480806,5161.590239373715,21.8,0.008011760382212421,46.913793103448285,7.351724137931033,7.865622776491752,58.0,40.824999999999996,17.82500000000001,9.858067520143557,8.0,46.913793103448285,7.351724137931033,7.865622776491752,58.0,0.1434747729155698,-0.005073730198892904,-0.005847681741248156,-0.000467995704781262,-0.0019213741809810552,-0.10051354701611208,-0.006963742883225925,12.783025038437067,50.0,499500.0,332.0,6181.817937850952,80.80147377708866,0.24767982959747314,-0.9120367169380188,-331.4258728027344,-0.05069095641374588,-331.37518310546875,0.0060787927359342575,0.0060787927359342575,0.0,1.0360217094421387,0.9370442032814026,0.9700664281845093,-0.033022191375494,0.033022191375494,,0.25203990936279297,,0.30639514327049255,0.35960707316795987,0.28168931943983166,-0.011208704511766579,-3.4716688613096873,1.3654722247005762,0.036727229970713586,-336.3887054443359,4.938569655073415,0.0012494555039487716,-0.2548199322074652,0.32427498884696077,0.003431162762728104,-336.13388875325523,4.878743944879786,-0.0021816232445702453,0.006727768930916985,0.00046124918580132116,-5.172828162654648e-05,0.006727768930916985,0.00046124918580132116,-5.172828162654648e-05,0.0,0.0,0.0,3.568475798765818,1.3610622231957428,-0.03699991793202886,0.8807075560092926,0.06865925738374491,0.0007761858329093814,0.9289728760719299,0.06477113627957343,0.0007350014102074147,-0.048265311308205126,0.01492953978905322,4.118402448127566e-05,0.048265311308205126,0.01492953978905322,-4.118402448127566e-05,0.2658900226155917,0.009193489038019233,2.5468113292439467e-05,0.3119748731454213,0.011917564868497025,-8.420363416661652e-05
13.98810587479518,1.0,1500.0,0.0,28.0,739.0,0.4507380089409771,333.0,406.0,5.787477578510894,1.2558840770846984,6248.40562977687,133.6,0.05133722717491546,44.86896551724138,16.031034482758624,8.432810070279142,58.0,43.9125,23.5,8.667811099064558,32.0,44.86896551724138,16.031034482758624,8.432810070279142,58.0,0.15108692917338765,-0.006603873269260317,-0.005211265656854428,-0.0006616208087204886,-0.00037234042553191496,-0.12609929078014073,-0.009015532559652666,13.3106537812526,26.0,501000.0,333.0,6200.234597444534,80.80339415003591,0.412056565284729,-3.5966272354125977,-333.049072265625,0.1156696230173111,-333.16473388671875,0.006369876209646463,0.006369876209646463,0.0,3.5472183227539062,0.9658070206642151,1.00287663936615,-0.03706963360309601,0.03706963360309601,,0.27712520956993103,,0.31310516595840454,0.33616084307432176,0.3660164691487551,-0.0026157473596237772,-2.9095659335454305,1.002476982148268,-0.028221446441463627,-332.1939229329427,3.816664959519199,-0.08904315070129502,0.007774045815070471,0.40323057226408693,-0.021557930252774807,-332.2016977945963,3.802481813911788,-0.06748491569408009,0.0065666278979430595,0.00021487418735414347,8.399708215167894e-06,0.0065666278979430595,0.00021487418735414347,8.399708215167894e-06,0.0,0.0,0.0,3.0038942257563273,0.9889875515552131,0.02558091129689111,0.946663482983907,0.08075685804991145,-0.0044330731647563865,0.9814780414104461,0.08032598576405837,-0.004274251291298385,-0.034814571899672346,0.011561227148800956,-0.00015882115284844887,0.034814571899672346,0.011561227148800956,0.00015882115284844887,0.2658798947930336,0.01488918259747854,-0.0004019548053603586,0.31155300041039785,0.020050172270204388,-0.0005270965306194041
15.993344235420228,1.0,1500.0,0.0,22.0,739.0,0.34489695900412004,254.0,485.0,5.81397343837652,1.148859800759454,6330.761168936238,171.4,0.06620316724604094,44.63793103448277,17.931034482758633,8.520656405441283,58.0,43.121052631578934,24.100000000000005,8.798877753832357,38.0,44.63793103448277,17.931034482758633,8.520656405441283,58.0,0.14375067070011444,-0.006465829114853226,-0.005402859508040613,-0.0006092753228387257,-0.00031187346847850306,-0.11067052795722987,-0.008224549679448828,13.285185432726086,20.0,502500.0,334.0,6218.353207111359,80.80917620204285,0.1980256736278534,-2.91833233833313,-334.8607177734375,0.028238538652658463,-334.8889465332031,0.006466285791248083,0.006466285791248083,0.0,3.0473031997680664,0.944694995880127,0.9856014847755432,-0.04090656340122223,0.04090656340122223,,0.2687841057777405,,0.3243720829486847,0.2593430037299792,0.15400694341146912,0.0038889647226312374,-2.7910222709178925,1.2428375560771103,-0.025250506520403816,-335.8394032796224,5.427189111773302,0.09617988493074749,0.05085819537440936,0.32990051385434865,-0.015854164858548615,-335.8902628580729,5.434291435492593,0.11203406888731321,0.006629959788794318,0.00013777366705234709,7.183121017970775e-06,0.006629959788794318,0.00013777366705234709,7.183121017970775e-06,0.0,0.0,0.0,2.8692772964636486,1.2495088814795816,0.02654450259298842,0.9454262713591258,0.06679610725244199,-0.0027668681770596612,0.9900777995586395,0.06572311625797513,-0.0031563905905828854,-0.044651535153388974,0.016654653524517164,0.000389522248599369,0.044651535153388974,0.016654653524517164,-0.000389522248599369,0.26628942638635633,0.01575200534332781,0.0002492729263655681,0.3101093182961146,0.019520911727855996,0.00016708639890650905
13.995184077666355,1.0,1500.0,0.0,56.0,739.0,0.9000421631949792,665.0,74.0,5.302456758607545,1.6541885888843422,5252.555432543045,19.8,0.006977235886954683,48.92758620689655,6.972413793103448,7.488719144396044,58.0,39.9,12.1,9.801146060137881,6.0,48.92758620689655,6.972413793103448,7.488719144396044,58.0,0.1346417115545912,-0.00606461126665768,-0.004507165854752318,-0.00044080786789029596,-0.0007627952755905498,-0.10885826771653206,-0.0070268661548554545,12.358361808892681,52.0,504000.0,335.0,6238.284488201141,80.79144209489753,4.177478313446045,-3.523238182067871,-333.1622314453125,-0.08804953098297119,-333.0741882324219,0.00638533104211092,0.00638533104211092,0.0,3.681983470916748,0.9286184310913086,0.9625777006149292,-0.033959291875362396,0.033959291875362396,,0.24596044421195984,,0.2915540933609009,3.3351344048976896,11.77121034972167,-0.42884256193979936,-3.1622278610865275,1.0604652814692659,-0.030374271957176745,-332.81963704427085,4.146927575755531,-0.04774374956548354,-0.002551202972730001,0.31402766962118395,0.010103545713345126,-332.8170857747396,4.106816770782574,-0.057847192953100784,0.00635057520121336,0.0001122382283007728,-4.541028593485673e-06,0.00635057520121336,0.0001122382283007728,-4.541028593485673e-06,0.0,0.0,0.0,3.26018568277359,1.0686040796769318,0.030892295301689774,0.9456079582373301,0.06446653705276953,0.0018738323774963302,0.979466990629832,0.06202026215873279,0.002003196269704694,-0.03385903369635344,0.01246882611783288,-0.00012936361332955347,0.03385903369635344,0.01246882611783288,0.00012936361332955347,0.26699208170175553,0.013694538666845914,-0.00018041183274898625,0.3084206283092499,0.01487071639680407,7.207922728626092e-05
8.785042572021485,1.0,1500.0,0.0,5.0,739.0,0.0758638997544735,56.0,683.0,5.648348621844743,0.7626829169476796,7070.068024721328,245.0,0.09187040647967602,45.979310344827596,24.5,8.119079695633634,58.0,46.086792452830196,26.060377358490562,8.055485848438412,53.0,45.979310344827596,24.5,8.119079695633634,58.0,0.1549352846760114,-0.006936550204026989,-0.003998471195887892,-0.001562882181940481,-0.0018464528668610306,-0.15471331389698748,-0.010632687714192849,13.87963572385461,5.0,505500.0,336.0,6255.24029135704,80.81224324802629,0.24170616269111633,-2.359288215637207,-332.50341796875,-0.14000582695007324,-332.3634033203125,0.006504247896373272,0.006504247896373272,0.0,2.3890533447265625,0.9218075275421143,0.9521951079368591,-0.03038755990564823,0.03038755990564823,,0.2871636152267456,,0.3410874307155609,0.4268591046333313,0.6993134886421987,-0.002153471606194111,-3.559515873591105,1.174298686153984,-0.016650124890387853,-335.3628326416016,3.069545750260804,0.11045490133352373,-0.036901989082495375,0.3723727024455777,-0.0010114280678936807,-335.3259297688802,3.0951217282804215,0.1114660006343921,0.006390753916154305,7.097490082905366e-05,2.260831649828411e-06,0.006390753916154305,7.097490082905366e-05,2.260831649828411e-06,0.0,0.0,0.0,3.6400211413701373,1.1902186764190494,0.01770031969327144,0.9326323707898457,0.07313839482390659,0.00018290478872906837,0.9727134267489116,0.07374352698606558,-0.00020345315519510474,-0.04008105757335822,0.0095516414974452,0.00038635984096299116,0.04008105757335822,0.0095516414974452,-0.00038635984096299116,0.2644342705607414,0.015093256318614514,0.00014140521392673274,0.31235232651233674,0.015781899191937836,0.0005266572065957996
17.87156962213062,1.0,1500.0,0.0,45.0,739.0,0.7266348802675783,536.0,203.0,5.5214741632872775,1.4516425562439226,5720.677653991951,40.0,0.014674590945777386,46.996551724137916,9.91034482758621,7.868521589902672,58.0,45.4375,21.050000000000008,8.093367845358054,16.0,46.996551724137916,9.91034482758621,7.868521589902672,58.0,0.14365143695684587,-0.005568484454064507,-0.00469980688539596,-0.0006540172202410485,-0.00133704139480158,-0.10182907262808644,-0.008022414018610239,13.076734537518504,42.0,507000.0,337.0,6274.467090129852,80.80367507187091,0.27468425035476685,-4.510477066040039,-332.75982666015625,0.1884085237979889,-332.9482421875,0.006993542425334454,0.006993542425334454,0.0,4.615443229675293,0.9872035980224609,1.0179624557495117,-0.030758829787373543,0.030758829787373543,,0.25490298867225647,,0.29664379358291626,0.5391650686661402,0.8504510594140436,0.02356893337343107,-2.8941572586695354,1.0987104017020486,-0.02154338717858429,-337.6237091064453,4.675752673478403,0.03170500724547538,0.12526421546936034,0.37057743765046597,0.005907575830866954,-337.7489735921224,4.615902870916972,0.025797469464778913,0.006676643931617339,0.00019166716883963386,2.1743613426823102e-05,0.006676643931617339,0.00019166716883963386,2.1743613426823102e-05,0.0,0.0,0.0,2.9907902558644612,1.0953626504333633,0.022417799702475587,0.9590378145376841,0.07688749350050335,0.0013213055682792054,1.0050601998964945,0.0738484131107801,0.0011952085410129566,-0.04602237703899543,0.014047743210589488,0.00012609695930767528,0.04602237703899543,0.014047743210589488,-0.00012609695930767528,0.2625753899415334,0.012649822156872393,9.219537057123287e-05,0.3057785431543986,0.01369241748001546,0.00011022643862629914
14.28639120525784,1.0,1500.0,0.0,20.0,739.0,0.3133061237449305,231.0,508.0,5.61855960643328,1.028466976846338,6478.558630408585,202.20000000000002,0.07548719480325543,46.18275862068965,19.462068965517236,8.134243184870519,58.0,44.755,25.335,8.411573281451812,40.0,46.18275862068965,19.462068965517236,8.134243184870519,58.0,0.13503635285955634,-0.005009426342351037,-0.004375944105049147,-0.0007139173025328088,-0.0002607252903531642,-0.10997866793079034,-0.007386396269053737,12.572709195900941,18.0,508500.0,338.0,6292.562144517899,80.80969060321588,0.19793446362018585,-4.144039154052734,-338.902587890625,-0.6340380311012268,-338.2685546875,0.007993238978087902,0.007993238978087902,0.0,4.305381774902344,0.8032214045524597,0.8487064838409424,-0.045485060662031174,0.045485060662031174,,0.2607762813568115,,0.3176199197769165,0.4104668617248535,0.4739777170193475,0.008931643824953917,-3.3157657186190286,1.1303758255993215,-0.02512296322853327,-335.79059448242185,3.657475486465184,-0.11992230951056651,0.10317801063259442,0.2953829611414005,-0.01593303097467933,-335.8937713623047,3.561059645317017,-0.10398939767058368,0.007783039597173532,0.00027502662546745397,2.3593884106472534e-05,0.007783039597173532,0.00027502662546745397,2.3593884106472534e-05,0.0,0.0,0.0,3.415666123231252,1.1261642712799713,0.02562516419853058,0.9620684444904327,0.06450486564663263,-0.003517660163798788,1.0010367274284362,0.06075847089174062,-0.0032492909998994815,-0.038968269464870295,0.010706978083124184,-0.0002683679949289161,0.038968269464870295,0.010706978083124184,0.0002683679949289161,0.26573857218027114,0.012943039552766683,1.9359691389669815e-05,0.31169944206873573,0.01409657628802054,0.00012383026063640434
20.539669565532517,1.0,1500.0,0.0,49.0,739.0,0.7955476159575118,587.0,152.0,5.518677336357522,1.6635755048658205,5457.27708853873,24.8,0.009094909784362623,47.01379310344829,7.924137931034483,7.880221362816738,58.0,45.25,18.5,8.370087477531436,12.0,47.01379310344829,7.924137931034483,7.880221362816738,58.0,0.14450490325474108,-0.00510874410743585,-0.004907796892994881,-0.00030019329997450404,-0.0005090054815974939,-0.09303054032889391,-0.008020858169459575,13.293468894398112,46.0,510000.0,339.0,6312.010167837143,80.79834893148711,0.1732999086380005,-1.7640117406845093,-330.58966064453125,0.27534371614456177,-330.864990234375,0.006905071437358856,0.006905071437358856,0.0,1.895228385925293,1.0136889219284058,1.0353394746780396,-0.021650569513440132,0.021650569513440132,,0.24638982117176056,,0.3022388219833374,0.4316148350636164,0.36440463801534445,-0.013282004433028299,-3.0812194903691608,1.0457837074461087,0.002217744057117526,-338.06329752604165,4.640103518560054,0.1463610418911665,-0.13579810075461865,0.3237050488878927,-0.0038437917157261763,-337.92749837239586,4.636022836402135,0.15020484457557937,0.007657667932411035,0.0003757360484185418,-4.056903603046459e-05,0.007657667932411035,0.0003757360484185418,-4.056903603046459e-05,0.0,0.0,0.0,3.1778165976206463,1.052355721656319,-0.002926857983310256,0.9084480782349904,0.06762096078428564,-0.0002575095026061085,0.9521669228871663,0.0664546773989652,-0.0007598080279697273,-0.04371885682145755,0.014163371579586777,0.0005022975697997424,0.04371885682145755,0.014163371579586777,-0.0005022975697997424,0.2625496069590251,0.015286457837219174,-0.0003662551669310738,0.31090888381004333,0.016281958746680765,1.5409411789968495e-05
34.6457315989903,1.0,1500.0,0.0,37.0,739.0,0.5996276053484698,443.0,296.0,5.9305400873158245,1.4131397654836688,5822.779878631918,64.8,0.02552386954466677,43.772413793103446,9.95862068965517,8.677276244371253,58.0,43.608695652173914,22.191304347826087,8.511428196013672,23.0,43.772413793103446,9.95862068965517,8.677276244371253,58.0,0.15943696578252992,-0.004978608412247296,-0.004406108116499623,-0.0004144922635909386,-0.0017024839519955307,-0.037510466089869056,-0.00985856088580527,14.055510514337934,35.0,511500.0,340.0,6330.698249578476,80.79677467395604,0.24302126467227936,-2.1209521293640137,-332.9764099121094,-0.16854311525821686,-332.807861328125,0.006944321561604738,0.006944321561604738,0.0,2.1915738582611084,0.9199478626251221,0.9460859298706055,-0.026138050481677055,0.026138050481677055,,0.27023810148239136,,0.32062283158302307,0.3595508237679799,0.29821811854268204,-0.0015057039738231898,-3.1526488264401755,1.0704394559089134,0.011239353117343554,-336.15346272786456,3.3598059743023634,-0.005673119329630628,-0.029795388877391814,0.33853328069229494,0.007026828031518706,-336.12366943359376,3.3913639128645787,-0.01269990201786246,0.006887489914273222,9.559191200956379e-05,7.962799621735436e-06,0.006887489914273222,9.559191200956379e-05,7.962799621735436e-06,0.0,0.0,0.0,3.252984917163849,1.0672679094001278,-0.01126345169292281,0.9371635317802429,0.06738942422679348,0.0014175349003215456,0.97400603890419,0.06801165994434955,0.0014091005447311262,-0.03684251196682453,0.010255344861186894,8.436710935281945e-06,0.03684251196682453,0.010255344861186894,-8.436710935281945e-06,0.2643044739961624,0.014911816682098305,-0.00015271127025066054,0.3130491465330124,0.013989407586292633,6.308857272808424e-05
19.240523738019608,1.0,1500.0,0.0,37.0,739.0,0.5892137282774258,435.0,304.0,5.411532706889405,1.4462149765237442,6014.634663023243,47.2,0.016958896234550158,47.986206896551735,11.093103448275864,7.709735117548247,58.0,45.791666666666664,19.658333333333335,8.251740772163464,24.0,47.986206896551735,11.093103448275864,7.709735117548247,58.0,0.13486172544097436,-0.005145294662067924,-0.00502870002818289,-0.0004639749869031614,-0.0006436143361938412,-0.08662291771832348,-0.006806914102707131,12.213728317967078,34.0,513000.0,341.0,6349.778475284576,80.79022000480245,0.15302956104278564,-4.225019454956055,-340.95001220703125,0.06537747383117676,-341.015380859375,0.007267848588526249,0.007267848588526249,0.0,4.250570774078369,0.9437506794929504,0.993276834487915,-0.049526166170835495,0.049526166170835495,,0.2885091304779053,,0.346574068069458,2.371943018337091,10.04504446816101,0.2712687645824389,-2.9888191069165866,1.1848767002520166,0.012225043432200777,-337.26059773763023,4.650354876447824,0.14015075887270895,0.05740621487299601,0.3999565537970913,-0.007282408279624752,-337.31800130208336,4.7148599169572565,0.1474329930391492,0.007133439850683014,0.00019242635261731584,7.1966395950621955e-06,0.007133439850683014,0.00019242635261731584,7.1966395950621955e-06,0.0,0.0,0.0,3.080604013800621,1.1826418828836307,-0.01132090691729837,0.9523462792237599,0.07933540992938051,-0.0009672476929738084,0.9913923581441243,0.081036681515085,-0.0014596990271325623,-0.03904608028630416,0.01435993801932977,0.000492451510685305,0.03904608028630416,0.01435993801932977,-0.000492451510685305,0.2642713064948718,0.013439965769649996,-0.00011561049834242692,0.32047872145970663,0.01808402591258365,0.0003846957500572251
32.68517583066767,1.0,1500.0,0.0,47.0,739.0,0.758362417532396,560.0,179.0,5.722576189072869,1.6703202408894582,5617.438884310758,30.6,0.01161995898838004,45.40344827586209,7.024137931034482,8.291207933838056,58.0,45.44285714285714,21.357142857142858,8.187510196398602,14.0,45.40344827586209,7.024137931034482,8.291207933838056,58.0,0.1529005221918581,-0.004510366024006033,-0.004906423199238047,-0.0004067755229357292,-0.0008685395668024863,-0.04649367360068668,-0.008446279987898927,14.188227967260513,44.0,514500.0,342.0,6369.0387926101685,80.7814203607868,2.361480474472046,-3.942519187927246,-343.2328796386719,0.09521649032831192,-343.3280944824219,0.007641023490577936,0.007641023490577936,0.0,4.020928382873535,0.9444566965103149,0.9995344877243042,-0.05507773160934448,0.05507773160934448,,0.2808655798435211,,0.32057932019233704,0.39764078209797543,0.4149474796655063,0.018218536434635037,-3.284222972393036,1.0067392863440434,-0.02222548127837379,-340.0576568603516,5.2242017499619795,0.11997250227032338,-0.0010099001228809357,0.3774604994024027,-0.0006221702767824056,-340.056645711263,5.118397976536331,0.12059465351041787,0.007472769310697913,0.00020094953683493113,2.1144920634779192e-05,0.007472769310697913,0.00020094953683493113,2.1144920634779192e-05,0.0,0.0,0.0,3.3750884532928467,1.011761464295292,0.020305347973035275,0.9339058538277943,0.08229993563337884,0.0002809454124416606,0.9798064212004344,0.07712591969887418,-0.00012990119592502696,-0.045900567807257174,0.01552869221877867,0.0004108476281597042,0.045900567807257174,0.01552869221877867,-0.0004108476281597042,0.26845589876174925,0.014543757145335528,8.849168115514953e-05,0.318337286512057,0.01901877073064331,-0.00026296257177105687
34.993443611340645,1.0,1500.0,0.0,42.0,739.0,0.6789403183061982,501.0,238.0,5.748478495039873,1.7233331580202609,5341.347813342232,11.200000000000001,0.00427774807119395,45.14137931034484,5.1965517241379295,8.310611184761237,58.0,44.38947368421052,12.16842105263158,8.508745135887706,19.0,45.14137931034484,5.1965517241379295,8.310611184761237,58.0,0.15200060586000982,-0.0040084888303764795,-0.004969874777218445,-0.00016564551316524206,-0.001953265428400235,-0.03364889155182766,-0.007991002050406577,13.753612753616368,39.0,516000.0,343.0,6388.0686321258545,80.775588008716,0.2747538685798645,-2.8170394897460938,-348.3601989746094,-0.009747728705406189,-348.3504638671875,0.007404034025967121,0.007404034025967121,0.0,2.8362889289855957,0.9092410802841187,0.9780130386352539,-0.06877191364765167,0.06877191364765167,,0.27707403898239136,,0.3240916430950165,0.4681300729513168,0.4266160631689308,-0.011380228854392622,-2.845735736687978,1.2530440174422,-0.05334696865187866,-341.5456278483073,5.71888432613011,-0.3064331869394738,0.010588408509890238,0.3300247710912168,-0.018105190597864106,-341.55621541341145,5.616810177490383,-0.2883280413567087,0.007863564214979609,0.00018770718907593697,-4.620306935571668e-06,0.007863564214979609,0.00018770718907593697,-4.620306935571668e-06,0.0,0.0,0.0,2.9409551779429117,1.2819291650088043,0.05446932588986749,0.9332336147626241,0.07442907091441593,-0.004550840539051808,0.9822328448295593,0.06806044820455695,-0.003729559025324241,-0.0489992395353814,0.0167428887041998,-0.000821281286853637,0.0489992395353814,0.0167428887041998,0.000821281286853637,0.265959565838178,0.01736084689840274,0.0002501887593571584,0.3146306683619817,0.01998538040306958,0.0003195357335953025
30.299950960520153,1.0,1500.0,0.0,39.0,739.0,0.6339152681331627,468.0,271.0,5.700910113548723,1.702503177348066,5801.523735328435,24.400000000000002,0.009234029669996972,45.55862068965515,8.541379310344826,8.200603759179566,58.0,45.18095238095239,18.790476190476195,8.097922776356402,21.0,45.55862068965515,8.541379310344826,8.200603759179566,58.0,0.15115225459854228,-0.004417944260934874,-0.005160383276608824,-0.00029883853243983224,-0.004381965552178346,-0.0510638297872345,-0.008257059867343862,13.745617212264682,37.0,517500.0,344.0,6407.143134593964,80.76922727164815,0.666954755783081,-3.6229124069213867,-336.1670227050781,-0.02262280136346817,-336.1444091796875,0.007008106913417578,0.007008106913417578,0.0,3.8093390464782715,0.9448089599609375,0.9754395484924316,-0.030630555003881454,0.030630555003881454,,0.245163694024086,,0.28448912501335144,0.4172468945384026,0.46380080462338347,0.004997115826712826,-3.5308141748110455,1.1381842734464862,0.03378379753354673,-345.1779825846354,5.515667896731694,0.04374727073050448,-0.044439460958043735,0.27702229643686826,-0.0003585790989462585,-345.1335428873698,5.526496283086983,0.044105836997716,0.007224091142416,0.0001108840996688042,-6.009359223492712e-06,0.007224091142416,0.0001108840996688042,-6.009359223492712e-06,0.0,0.0,0.0,3.617320156097412,1.147295683958256,-0.03285822475844955,0.9126160482565562,0.05751496107560406,0.00011088716837930685,0.9709641337394714,0.056145546867554616,-6.924651488582173e-05,-0.05834806946416696,0.016659230295197485,0.00018013300119305641,0.05834806946416696,0.016659230295197485,-0.00018013300119305641,0.26849444607893624,0.018365700003088844,-0.00031783587410134885,0.31260979870955147,0.022288531891864024,-0.00037609291686630533
34.846380647023516,1.0,1500.0,0.0,17.0,739.0,0.26366815988283304,194.0,545.0,5.811190303707659,1.3507483076496025,6805.651667407551,201.8,0.07786094606065283,44.686206896551724,18.83103448275862,8.450735801520159,58.0,44.60465116279071,24.855813953488372,8.444593015948898,43.0,44.686206896551724,18.83103448275862,8.450735801520159,58.0,0.15370143087820445,-0.003744837020147632,-0.004492422175614832,-0.00047590804193330463,-0.007479826194910016,-0.029050279329608877,-0.00799407987714484,13.266697293177803,15.0,519000.0,345.0,6424.9579474925995,80.77873882467117,1.2382776737213135,-3.596954107284546,-343.15264892578125,0.3191568851470947,-343.4718017578125,0.007861900143325329,0.007861900143325329,0.0,3.677626132965088,0.9946211576461792,1.0458624362945557,-0.05124134570360184,0.05124134570360184,,0.27508991956710815,,0.3254638910293579,0.34384809583425524,0.2679998964003312,0.009387780240300762,-3.5503422379493714,1.051350982247203,-0.020783880873437088,-340.32489420572915,3.928257245465947,-0.06744191951560108,0.07157452876369158,0.308110215540654,-0.009690660657620144,-340.39646708170574,3.9272592740822727,-0.057751281534598034,0.007524676512305936,0.00029193199961704153,3.142648503946772e-05,0.007524676512305936,0.00029193199961704153,3.142648503946772e-05,0.0,0.0,0.0,3.619113977750142,1.0610652997515975,0.020246319298749454,0.9517926176389059,0.06351345863072709,-0.0020789632542645444,0.994479525089264,0.06294628393863436,-0.0019522938765461305,-0.042686892114579676,0.011755569055190948,-0.00012666973615846263,0.042686892114579676,0.011755569055190948,0.00012666973615846263,0.2631159648299217,0.01622900591670006,-0.00010046033692175354,0.31543749272823335,0.019869583459189225,-0.00026822691499458134
28.363767491446602,1.0,1500.0,0.0,19.0,739.0,0.30243019611051664,223.0,516.0,5.787102397940025,1.2236596981378958,6458.36849863909,187.8,0.07223076923076924,44.82758620689654,18.3,8.435971698389514,58.0,44.444999999999986,25.129999999999995,8.462805840616095,40.0,44.82758620689654,18.3,8.435971698389514,58.0,0.15200924016222522,-0.004856304414092368,-0.005115754851437161,-0.0007421332810483414,-0.003657262277951924,-0.05872518286311417,-0.00852035962691052,13.393683665476926,18.0,520500.0,346.0,6442.965986251831,80.78577492270742,0.22876141965389252,-4.086711883544922,-341.51824951171875,-0.33642578125,-341.18182373046875,0.0073934998363256454,0.0073934998363256454,0.0,4.221192359924316,0.8684790134429932,0.9114391207695007,-0.04296000301837921,0.04296000301837921,,0.2627805769443512,,0.303253173828125,0.38068868791063626,0.3363924074451497,0.008178076971823696,-3.253200089931488,0.9312310996525991,-0.01342666085490389,-345.830073038737,4.772677717248547,0.00861087922127767,-0.004318538308143616,0.29749006301528136,-0.01065380504982623,-345.8257548014323,4.734164220722673,0.019264623453145707,0.0077371130542208755,0.00011435679695684488,-7.859792651503005e-06,0.0077371130542208755,0.00011435679695684488,-7.859792651503005e-06,0.0,0.0,0.0,3.3294700662295025,0.9434776409531663,0.014361227685803148,0.9215997000535329,0.06399829631295866,-0.0020803111413695012,0.9791721900304159,0.061130166495997965,-0.0021852743108492934,-0.057572486562033495,0.014221809774522833,0.00010496415280725735,0.057572486562033495,0.014221809774522833,-0.00010496415280725735,0.26346013844013216,0.009835463120049662,-0.00010612243672499862,0.3077248195807139,0.01502839847259394,0.00021637782902021827
18.467197963169642,1.0,1500.0,0.0,15.0,739.0,0.24098818221202528,178.0,561.0,5.81679822406443,0.9953967501219257,6702.9035643335665,224.4,0.08668108776266996,44.63448275862071,19.54827586206897,8.501382521542963,58.0,43.46818181818182,24.15454545454546,8.763760148732901,44.0,44.63448275862071,19.54827586206897,8.501382521542963,58.0,0.13985762576282812,-0.005118024584711865,-0.005400427609689814,-0.0009084330486231837,-0.0028660436137071597,-0.08847352024922177,-0.007674460560122783,11.722364731366966,14.0,522000.0,347.0,6460.7424602508545,80.7956675585753,0.4486214518547058,-3.2182140350341797,-342.1229248046875,0.5282504558563232,-342.65118408203125,0.006845803931355476,0.006845803931355476,0.0,3.306851625442505,1.0400217771530151,1.0859792232513428,-0.04595738649368286,0.04595738649368286,,0.28140968084335327,,0.3389335870742798,0.4714529906709989,0.6522103260034627,-0.010011974401415692,-3.740038283665975,0.8063766853458574,0.025290180711247754,-344.20875447591146,5.560151287980947,0.19730565428602134,-0.09127669495840868,0.3496831567435574,0.017816950726396396,-344.1174774169922,5.460402270435642,0.17948852810631832,0.00684698506568869,0.00021531188589104486,-1.6550031450221858e-05,0.00684698506568869,0.00021531188589104486,-1.6550031450221858e-05,0.0,0.0,0.0,3.8338214635848997,0.8175283894005647,-0.024187664195348305,0.9105485181013743,0.07637880548035107,0.004180571460087364,0.9615812917550405,0.07035795700437425,0.0035958624920404705,-0.05103277017672857,0.016482421445115403,0.0005847107979559146,0.05103277017672857,0.016482421445115403,-0.0005847107979559146,0.2685838331778844,0.012251986781511024,-3.3057113908426886e-05,0.31666962007681526,0.01473537021402039,-0.0002366725077751179
20.90641578761014,1.0,1500.0,0.0,23.0,739.0,0.3725161259525502,275.0,464.0,5.76240326094974,1.3544591364193037,6370.710491130103,156.60000000000002,0.059935701163502754,45.04827586206896,16.486206896551728,8.39545516503537,58.0,43.86666666666669,23.538888888888895,8.56978226164904,36.0,45.04827586206896,16.486206896551728,8.39545516503537,58.0,0.14606248854490728,-0.00595942410918885,-0.004940180818184068,-0.0007991636680239236,-0.0012455885405854255,-0.09034668881046377,-0.008682744099234977,13.442539946621583,22.0,523500.0,348.0,6479.031786680222,80.7991096873805,0.2382611632347107,-3.0923938751220703,-341.00616455078125,0.11134228110313416,-341.11749267578125,0.006758950650691986,0.006758950650691986,0.0,3.249159336090088,0.9623169898986816,1.002284049987793,-0.039967216551303864,0.039967216551303864,,0.26863065361976624,,0.30858075618743896,2.641206807891528,11.862469577722964,0.2455249781603278,-3.240184732278188,0.790137416802871,0.0067001958842803355,-340.7268056233724,5.569762761702184,-0.2537805067153587,0.06069660137097041,0.32293754434251815,-0.003158065331923684,-340.7875010172526,5.512592770828654,-0.25062247033378593,0.007018996899326642,0.00011356200838516826,-4.7385887355773725e-06,0.007018996899326642,0.00011356200838516826,-4.7385887355773725e-06,0.0,0.0,0.0,3.326215116182963,0.7964366007999094,-0.007844116160018361,0.9525355696678162,0.06942315227148486,-0.0013392069183282072,0.992188278834025,0.06510127439162798,-0.0006356686453135317,-0.039652737447371085,0.01634048093231846,-0.000703538204434517,0.039652737447371085,0.01634048093231846,0.000703538204434517,0.26367901265621185,0.013679997647141633,6.236149551340195e-05,0.3122674137353897,0.01399188591985117,0.00013979711177218446
10.603494352223922,1.0,1500.0,0.0,53.0,739.0,0.8572829629073678,633.0,106.0,5.292800624341659,1.6544185890042964,5406.294923768602,24.0,0.008441786844882167,49.017241379310335,8.303448275862069,7.62050198718694,58.0,45.37777777777778,15.622222222222222,8.62757851645757,9.0,49.017241379310335,8.303448275862069,7.62050198718694,58.0,0.13756458700687746,-0.007276186157574507,-0.005507842890693901,-0.0004593157262498293,-0.00276493676406456,-0.12204099433056737,-0.009011457955529134,12.825398598779167,49.0,525000.0,349.0,6498.853296756744,80.78348225863192,0.2493799328804016,-2.7550806999206543,-349.1681213378906,0.01970744878053665,-349.1878356933594,0.006412135437130928,0.006412135437130928,0.0,2.7748093605041504,0.9212318658828735,0.9839028716087341,-0.06267107278108597,0.06267107278108597,,0.28823786973953247,,0.33838778734207153,0.26394425829251605,0.11704664516149074,0.0008752519283464339,-3.5431644678115846,1.0019559633239685,0.02531218364320965,-341.4261199951172,3.878210607398512,-0.08318281842020099,0.029092187186082204,0.30513412324217887,-0.0074799694825332655,-341.45521341959636,3.92998719527498,-0.07570300415173836,0.006595128293459614,0.00011343002661215068,-1.080138298027131e-05,0.006595128293459614,0.00011343002661215068,-1.080138298027131e-05,0.0,0.0,0.0,3.640953040122986,1.0114486088081243,-0.0267481017298376,0.9455809414386749,0.05936273201748315,-0.0016682124243960319,0.9858359138170878,0.060769888466139975,-0.0014887497873274508,-0.04025496573497852,0.01168030886858714,-0.0001794618128636243,0.04025496573497852,0.01168030886858714,0.0001794618128636243,0.27404705435037613,0.011669478147073057,0.0002055011117816324,0.320155809322993,0.016083942763772757,-6.722836393669022e-05
14.11971464422014,1.0,1500.0,0.0,39.0,739.0,0.6312651321143357,466.0,273.0,5.436397687048224,1.4769181111173135,5826.844268769387,64.8,0.02378156194950088,47.80350877192982,11.336842105263162,7.600683274683304,57.0,45.46666666666666,19.66666666666667,8.056174514123532,21.0,47.80350877192982,11.336842105263162,7.600683274683304,57.0,0.1392751700406274,-0.006029294746155532,-0.0047706350915471445,-0.0006305261809779576,-0.0014374700527072322,-0.1117393387637735,-0.008173519894676634,12.613737957743545,36.0,526500.0,350.0,6517.923647403717,80.7772579860951,0.7617568373680115,-1.7541109323501587,-345.6690368652344,-0.34661003947257996,-345.3224182128906,0.007132834754884243,0.007132834754884243,0.0,1.7402968406677246,0.8601548671722412,0.9098763465881348,-0.04972148686647415,0.04972148686647415,,0.2720346450805664,,0.30592936277389526,0.40833336462577186,0.27714705270852014,0.008651326677955689,-3.4373475750287374,0.9480512854933236,0.02027937543803252,-343.3201670328776,5.374542376680617,-0.011193800131650864,-0.003514273961385091,0.3304662329920101,0.0019622622262914368,-343.3166514078776,5.261697802885936,-0.01315587333364227,0.0068428665089110535,0.00018739766287626626,2.0325693972118702e-05,0.0068428665089110535,0.00018739766287626626,2.0325693972118702e-05,0.0,0.0,0.0,3.5175832986831663,0.9738924350936838,-0.02061639447366042,0.9348598897457123,0.0727497070971321,0.00039340613018282866,0.979276200135549,0.06627313175757123,0.00038594883991956163,-0.04441632286955913,0.01569915872225241,7.45847498018107e-06,0.04441632286955913,0.01569915872225241,-7.45847498018107e-06,0.2703754837314288,0.011615328916470316,-8.27776411086253e-05,0.3180300732453664,0.015300769739739317,-0.00022924760557520868
22.1183078289032,1.0,1500.0,0.0,19.0,739.0,0.3018552347648747,223.0,516.0,5.822518086407689,1.0841543015119057,6552.317157847968,183.4,0.07092582566323768,44.58275862068965,18.982758620689648,8.577983335866714,58.0,44.32999999999999,25.35,8.582758771278797,40.0,44.58275862068965,18.982758620689648,8.577983335866714,58.0,0.15417023966680973,-0.005344835902842074,-0.004422001150776099,-0.0006913875252744164,-0.0027169612239514584,-0.09179635979952593,-0.00944139922297927,13.744980142227032,18.0,528000.0,351.0,6535.945038318634,80.78403305175705,0.2537390887737274,-4.365403175354004,-350.88018798828125,-0.41395121812820435,-350.46624755859375,0.008006674237549305,0.008006674237549305,0.0,4.547093868255615,0.830611526966095,0.8942468166351318,-0.06363528966903687,0.06363528966903687,,0.2849345803260803,,0.3278881311416626,1.8701367611686388,7.953647092878542,-0.1498736958383056,-2.9645044108231864,1.2665623155450345,-0.02041665660393509,-342.2522298177083,3.8605888024637047,-0.10547113980811157,0.11032838597893715,0.38407574611044704,-0.007294362506625127,-342.36256001790366,3.7745070342332125,-0.09817682760575602,0.0076033615817626314,0.0002903932248078617,3.305207129911786e-05,0.0076033615817626314,0.0002903932248078617,3.305207129911786e-05,0.0,0.0,0.0,3.0706509739160537,1.278202789754808,0.01938746257273846,0.9623261491457621,0.08138841804453624,-0.0017084402024945043,1.0025012493133545,0.07869918539558098,-0.0014624017496926002,-0.04017509377251069,0.011163981622823236,-0.0002460377868907198,0.04017509377251069,0.011163981622823236,0.0002460377868907198,0.2694960673650106,0.01298547768822724,0.0003227117859879587,0.31798099478085834,0.014225158974088208,0.0007361905328158594
25.43846001408317,1.0,1500.0,0.0,47.0,739.0,0.7596546436287583,561.0,178.0,5.676743707538386,1.7260365876186807,5587.1256055076365,36.6,0.013798823706831548,45.731034482758616,8.410344827586208,8.181138722744896,58.0,45.34285714285714,21.928571428571434,8.11512847234856,14.0,45.731034482758616,8.410344827586208,8.181138722744896,58.0,0.15206486568484806,-0.005010207185284821,-0.005383941534258419,-0.0006177866116583598,-0.002121340687314384,-0.07670767925328735,-0.008727070267733098,13.975546147018868,44.0,529500.0,352.0,6555.137000799179,80.77634379501835,0.2516941428184509,-4.752735614776611,-336.97027587890625,0.13671059906482697,-337.10699462890625,0.007077981252223253,0.007077981252223253,0.0,4.817831993103027,0.9851276278495789,1.0076146125793457,-0.0224869754165411,0.0224869754165411,,0.2632998526096344,,0.3222194314002991,0.7472103610634804,2.0472317707153866,-0.003189484458478868,-3.523388083775838,1.1231494990578215,-0.029352007771492966,-344.97496337890624,4.719408123110416,0.17339027413272542,-0.10062397010624409,0.21891092896129258,-0.004786160035479454,-344.8743398030599,4.751553274147766,0.17817644197763952,0.007445204366619388,0.0003091372383439981,-3.4342770121817795e-05,0.007445204366619388,0.0003091372383439981,-3.4342770121817795e-05,0.0,0.0,0.0,3.608648216724396,1.1115730661565582,0.030024814685274043,0.9132799903551737,0.044339736521703324,-0.0003854739917929268,0.9595426380634308,0.044540575787701424,-0.000962319217614016,-0.046262652675310774,0.014275464717016786,0.0005768462708913993,0.046262652675310774,0.014275464717016786,-0.0005768462708913993,0.26400298327207566,0.014305304915781905,-0.0003432929814193405,0.3146851181983948,0.021740719931712418,-0.0006902900102804241
12.509697001320975,1.0,1500.0,0.0,38.0,739.0,0.6077379063099217,449.0,290.0,5.547034841868458,1.4886697898259496,6152.524621741533,61.0,0.022457845519475737,46.83103448275861,12.968965517241376,7.9676432931011645,58.0,45.46086956521738,21.90434782608696,8.31485116282199,23.0,46.83103448275861,12.968965517241376,7.9676432931011645,58.0,0.14358676301799675,-0.0063303106462807325,-0.005090871433685485,-0.0006202562316013439,-0.0005085176709890671,-0.12631578947368138,-0.00799200886755944,13.244829030749022,35.0,531000.0,353.0,6574.125673055649,80.77119702416513,0.42792874574661255,-2.2503747940063477,-346.48193359375,0.7061029672622681,-347.18804931640625,0.008080040104687214,0.008080040104687214,0.0,2.3476955890655518,1.0754716396331787,1.126534104347229,-0.05106242746114731,0.05106242746114731,,0.2793232202529907,,0.3378291726112366,0.4383049021164576,0.4721069003004627,-0.001435695706273092,-3.2917205731074017,0.8899410254973976,-0.004621557558206056,-341.81275227864586,4.357963413535943,-0.0746370478917468,0.10489184210697809,0.32387542173264744,-0.006740874907331297,-341.9176442464193,4.360413623825825,-0.06789637004440077,0.007729960543413957,0.0003344363657915899,3.674960321227732e-05,0.007729960543413957,0.0003344363657915899,3.674960321227732e-05,0.0,0.0,0.0,3.3929968516031903,0.9046847036130266,0.003491897922469121,0.9653456568717956,0.0672422395891444,-0.0015163428791373145,1.0014233390490215,0.06666025438803296,-0.0013604870362329729,-0.036077695060521366,0.012909486918867875,-0.00015585463767554185,0.036077695060521366,0.012909486918867875,0.00015585463767554185,0.2676016901930173,0.014445339058980836,0.0003382564154562328,0.31700949172178905,0.01524948632506501,0.0002185170655786203
17.577814068113053,1.0,1500.0,0.0,15.0,739.0,0.2387428816263003,176.0,563.0,5.7867657892770055,1.180645971326976,6657.449295259718,207.4,0.07976923076923077,44.82758620689654,20.372413793103448,8.330926652723283,58.0,44.550000000000004,24.890909090909087,8.301616067715361,44.0,44.82758620689654,20.372413793103448,8.330926652723283,58.0,0.1516308870125415,-0.00577445980231263,-0.004759454834850522,-0.0007201974976314472,-0.0006976744186046514,-0.11481727574750922,-0.009074780404314815,14.183600109612863,14.0,532500.0,354.0,6591.919608831406,80.78071815174941,0.24988901615142822,-3.042726755142212,-350.75213623046875,-0.3340604901313782,-350.4180908203125,0.009303431957960129,0.009303431957960129,0.0,3.175211191177368,0.8493344187736511,0.908576488494873,-0.059242017567157745,0.059242017567157745,,0.27788472175598145,,0.3278294801712036,1.0745986471573512,1.807988351662088,-0.05870872279162941,-3.1361270467440288,0.9631649262292169,-0.01630435947316367,-341.6525014241536,4.065221869965493,-0.09145192113414677,0.1185636030510068,0.2859251746525688,0.00024862047802817836,-341.77106323242185,3.9485473054346687,-0.09170061733088139,0.008483338604370753,0.0005128875967317921,5.1322060578126494e-05,0.008483338604370753,0.0005128875967317921,5.1322060578126494e-05,0.0,0.0,0.0,3.2375917037328086,0.9578159564385013,0.016779091201714256,0.9705400228500366,0.06530594595341863,-0.00016906813068838552,1.004802139600118,0.05998105334320684,5.695663384254382e-05,-0.03426211004455884,0.011643965148730331,-0.0002260230208132761,0.03426211004455884,0.011643965148730331,0.0002260230208132761,0.2610567102829615,0.018419809005211098,0.0002056498880248382,0.3101628055175146,0.018471147684076355,0.0001893943024424123
5.378088315327962,1.0,1500.0,0.0,19.0,739.0,0.30111762953923416,222.0,517.0,5.781793074966963,1.115397541467016,6510.244424900539,185.60000000000002,0.07125307125307126,44.9103448275862,18.855172413793102,8.461954389874021,58.0,42.96,23.540000000000003,8.839436112289878,40.0,44.9103448275862,18.855172413793102,8.461954389874021,58.0,0.1367887563726766,-0.006203734640314496,-0.0047838563153749115,-0.0008782644399303426,-0.0009699321047526678,-0.14742967992240535,-0.007789936593523252,12.541625503983168,18.0,534000.0,355.0,6610.069888591766,80.78583267653852,0.4868178367614746,-2.473619222640991,-348.20196533203125,-0.1281624138355255,-348.07379150390625,0.00939077977091074,0.00939077977091074,0.0,2.4909965991973877,0.9016535878181458,0.9525436162948608,-0.05088996887207031,0.05088996887207031,,0.2712936997413635,,0.31945276260375977,0.6138239110509555,0.8106717635897304,0.011903655220722316,-3.210800071557363,1.0894893462360742,0.007495991698361697,-345.8702006022135,4.559017701723053,-0.1381700967654957,0.019857223580280938,0.3644933826215376,0.0058314931555107224,-345.8900553385417,4.5591935288146885,-0.1440015816184537,0.008980269140253464,0.00021074711497622188,8.20744998164635e-06,0.008980269140253464,0.00021074711497622188,8.20744998164635e-06,0.0,0.0,0.0,3.306103853384654,1.0913039750056979,-0.009650753204761615,0.9391960839430491,0.07794288019690972,0.0008589978345376217,0.984288901090622,0.07728220841571665,0.0012394070360100757,-0.04509280913819869,0.013408469849055103,-0.00038040870960151215,0.04509280913819869,0.013408469849055103,0.00038040870960151215,0.2636227418979009,0.014092172627136497,-0.00010078199315522651,0.3148867338895798,0.022659317997584347,-0.0003096315632672785
22.41656298107571,1.0,1500.0,0.0,19.0,739.0,0.30283371935659986,223.0,516.0,5.990079166023886,1.143643718461169,6420.307289891192,159.4,0.06333942620996583,43.38965517241379,16.965517241379306,8.760601780526734,58.0,42.635,22.395,8.900353200512082,40.0,43.38965517241379,16.965517241379306,8.760601780526734,58.0,0.15537635294595958,-0.005111847960936986,-0.0041819794757701235,-0.0006551418527822874,-0.0018852894317578307,-0.09368029739777027,-0.008394248213180371,13.740629192066484,18.0,535500.0,356.0,6628.133060693741,80.79198095397791,0.25741082429885864,-4.098186492919922,-350.2187194824219,-1.0730162858963013,-349.14569091796875,0.00899875070899725,0.00899875070899725,0.0,4.242231369018555,0.6995313167572021,0.7521958351135254,-0.05266455560922623,0.05266455560922623,,0.27324992418289185,,0.3285335898399353,0.42714205582936604,0.2722291166384,0.004801935786267402,-2.941086040933927,1.2748550851919236,0.003604956602758546,-347.01580607096355,5.258983912528109,-0.16348071750729185,-0.051245749741792676,0.3907929967890813,-0.014808688318570275,-346.9645589192708,5.256270858133532,-0.1486720135002329,0.009540818072855473,0.00020384928486307636,-7.820539632283967e-06,0.009540818072855473,0.00020384928486307636,-7.820539632283967e-06,0.0,0.0,0.0,3.0446973661581676,1.2662094923967386,-0.004081164093251047,0.9221524397532145,0.08453212239502898,-0.0035587526136829197,0.9690365374088288,0.08373010589055666,-0.0031653405959667603,-0.046884098835289476,0.015461093979814555,-0.00039341213332864114,0.046884098835289476,0.015461093979814555,0.00039341213332864114,0.2640653431415558,0.012206951689818377,0.00036771220545614767,0.3131685475508372,0.01372905808560624,0.0002687911303077774
21.473984578076532,1.0,1500.0,0.0,37.0,739.0,0.5963624160664607,440.0,299.0,5.567276182296345,1.465859351282492,6019.599789463503,48.2,0.017822807277030023,46.62758620689656,11.093103448275867,8.102355713301995,58.0,43.9,20.000000000000004,8.849338066897923,24.0,46.62758620689656,11.093103448275867,8.102355713301995,58.0,0.13976847985979965,-0.004726485658641973,-0.004827809205148431,-0.0005999881028889621,-0.0008568870699577941,-0.0835912520782705,-0.007037899108455892,12.705629177321171,34.0,537000.0,357.0,6647.148430109024,80.78652156578852,0.25615280866622925,-2.9439706802368164,-345.4613342285156,-0.310858815908432,-345.1504821777344,0.009171352721750736,0.009171352721750736,0.0,3.0439226627349854,0.8742731213569641,0.9137407541275024,-0.03946766257286072,0.03946766257286072,,0.2773623466491699,,0.32957637310028076,0.8199983114997546,2.1795326876742376,0.05483631902396082,-2.780660096804301,1.053897898946345,0.020087350011534978,-345.5595296223958,3.75080368429629,0.23073247075744902,0.04668607438604037,0.3001417709757743,-0.0015693797252334654,-345.60621643066406,3.795327644867514,0.2323018482450159,0.008781973458826541,0.00017798153102335502,-1.3919047870415189e-06,0.008781973458826541,0.00017798153102335502,-1.3919047870415189e-06,0.0,0.0,0.0,2.8781096279621123,1.0482007530826327,-0.0195989165741027,0.9484493712584178,0.06238458927227209,0.00040730985836669187,0.989933172861735,0.06346899137023228,-0.00032550381606361744,-0.04148380321760972,0.011434718175967584,0.0007328155664965376,0.04148380321760972,0.011434718175967584,-0.0007328155664965376,0.26776739706595737,0.016930310273519416,0.0001319056789124434,0.3169568459192912,0.019668562644238774,0.00024115194600733217
14.031564116477966,1.0,1500.0,0.0,28.0,739.0,0.45046102598978904,332.0,407.0,5.5442710542162255,1.2597283914695792,6281.599915939149,150.4,0.05535924617196702,46.84137931034482,16.59310344827586,7.973431218211973,58.0,44.037499999999994,25.000000000000007,8.559224202192409,32.0,46.84137931034482,16.59310344827586,7.973431218211973,58.0,0.13345102699536748,-0.004735070058813541,-0.005242942962725104,-0.0008481616941694414,-0.001217730150998537,-0.10547166747848633,-0.006268524374305222,11.741616522686785,26.0,538500.0,358.0,6665.7706780433655,80.78585748138404,0.1717197299003601,-3.8376193046569824,-350.22027587890625,0.0009735524654388428,-350.22125244140625,0.00988767296075821,0.00988767296075821,0.0,3.9746127128601074,0.9271625280380249,0.9802109003067017,-0.053048405796289444,0.053048405796289444,,0.24997210502624512,,0.30152732133865356,3.081842937072118,10.053022097154642,-0.2874158641387678,-3.215821446975072,1.2924813673521034,-0.005431330920061251,-345.5955881754557,4.003787022534283,-0.1049234188703507,0.03906408896048864,0.33766744679715777,-0.012213499318638422,-345.63465169270836,3.9807179969110944,-0.09270998537871367,0.009741603986670573,0.00027415005402777127,2.8766879606764005e-05,0.009741603986670573,0.00027415005402777127,2.8766879606764005e-05,0.0,0.0,0.0,3.3199392636617024,1.301702918276933,0.003835077147860387,0.9481350600719451,0.07394095986558782,-0.0028544015826054863,0.9883193651835124,0.0728238857436267,-0.0026266178379334764,-0.040184303435186544,0.011677167518612858,-0.0002277825541537373,0.040184303435186544,0.011677167518612858,0.0002277825541537373,0.2667429342865944,0.018771278428391793,7.373781106097503e-05,0.31359374125798545,0.022158671558981095,-0.0004626378731945144
27.39947274619458,1.0,1500.0,0.0,55.0,739.0,0.8832049926741217,652.0,87.0,5.471835928304917,1.6938855486344546,4929.8004525393835,13.600000000000001,0.004947973513788838,47.389655172413796,4.303448275862069,7.800099488197814,58.0,39.31428571428571,10.971428571428573,9.49820506574112,7.0,47.389655172413796,4.303448275862069,7.800099488197814,58.0,0.1402346455997203,-0.0039198566359549105,-0.003987231051125798,-0.0002591328420794344,-0.0009246456965088125,-0.05973038368475587,-0.006652400160232311,12.70507568298944,51.0,540000.0,359.0,6685.621678113937,80.77034956490957,1.5710726976394653,-4.83244514465332,-350.1959533691406,-0.04653128236532211,-350.1494140625,0.009418301284313202,0.009418301284313202,0.0,4.860121726989746,0.9185823202133179,0.9700260162353516,-0.05144377797842026,0.05144377797842026,,0.26788967847824097,,0.31370601058006287,0.44908422579367957,0.5039918825817142,0.006686164125452047,-3.2348565101623534,1.0426441886962672,-0.031808406545535045,-347.74656677246094,5.274735881205789,0.07958447347096136,-0.0040461758772532145,0.33030511875521185,0.004668571573741185,-347.7425201416016,5.240117355149513,0.07491582036681875,0.009414551934848229,0.00028858701117340013,-2.726377469712315e-05,0.009414551934848229,0.00028858701117340013,-2.726377469712315e-05,0.0,0.0,0.0,3.3244831840197246,1.0222129361282755,0.03052757147024144,0.9340800523757935,0.07357789492908577,0.0012646815933295287,0.9791027228037517,0.07074703067940506,0.000997519413541733,-0.04502266775816679,0.015497312812848617,0.00026716165808138444,0.04502266775816679,0.015497312812848617,-0.00026716165808138444,0.26453363001346586,0.0164977965478269,7.455155369436878e-05,0.31440996726353965,0.015560999025845651,-0.00017994518937736517
11.743392001027646,1.0,1500.0,0.0,25.0,739.0,0.39345547059714037,290.0,449.0,5.395941877607252,1.3386507033270916,6499.453424624445,156.20000000000002,0.05592953308507591,48.15172413793105,18.13448275862068,7.65338290202223,58.0,45.70857142857143,25.754285714285707,8.061051873717803,35.0,48.15172413793105,18.13448275862068,7.65338290202223,58.0,0.12755331580357615,-0.005456993644449743,-0.005029078122351248,-0.0010889241169436852,-0.002607142857142851,-0.10742857142857143,-0.006223633594386876,11.811817090016733,23.0,541500.0,360.0,6704.058146476746,80.77197246336239,0.2648372948169708,-2.7061126232147217,-339.6586608886719,-0.41062748432159424,-339.248046875,0.009821617975831032,0.009821617975831032,0.0,2.765399217605591,0.8731931447982788,0.8911787867546082,-0.017985647544264793,0.017985647544264793,,0.27441251277923584,,0.3035952150821686,0.4290109818180402,0.4586565478557308,-0.006057046534487363,-3.174301071961721,1.0448614486172718,0.025046739721457417,-349.3513641357422,4.825652414187591,-0.08015480932589042,0.03745075576007366,0.2524938148758826,-0.001220904054478624,-349.38881530761716,4.8219233787483,-0.07893411977934871,0.009478057144830625,0.00017574930580558032,1.8127873183556328e-05,0.009478057144830625,0.00017574930580558032,1.8127873183556328e-05,0.0,0.0,0.0,3.2825513700644176,1.0444068183878987,-0.025018198909165512,0.9395188391208649,0.055769446646457,-0.0004525488422763161,0.9880049129327139,0.054145781800109614,-0.0002662257304844218,-0.04848608815421661,0.014143168166780545,-0.00018632331691077219,0.04848608815421661,0.014143168166780545,0.00018632331691077219,0.26667364488045375,0.013812246439125955,-0.00010318489241786445,0.3159380257129669,0.016194689766782427,-0.0006168433370791895
6.173590486699885,1.0,1500.0,0.0,11.0,739.0,0.17681137122555224,130.0,609.0,5.710127638990636,0.8803204383261003,6873.8188092397195,238.0,0.08868022952529994,45.488135593220335,22.440677966101692,8.347606249919052,59.0,45.30833333333334,25.612499999999986,8.321642563520806,48.0,45.488135593220335,22.440677966101692,8.347606249919052,59.0,0.1483128105883825,-0.0053419627737945835,-0.003568928767454547,-0.0003171408295896404,-0.003076923076923073,-0.1617094017094031,-0.009508498692934297,13.663726958660044,11.0,543000.0,361.0,6721.567594051361,80.78472653917208,0.17361748218536377,-5.320037841796875,-361.1744384765625,-0.5315008163452148,-360.6429443359375,0.009683249518275261,0.009683249518275261,0.0,5.427316665649414,0.7858874797821045,0.8653848171234131,-0.07949741929769516,0.07949741929769516,,0.27454429864883423,,0.3300507366657257,0.5149714827537537,0.8818112738018012,-0.035578611337303216,-2.8733811636765796,1.149206339420917,-0.05936546340269819,-348.50005696614585,5.757898819504392,-0.27533552362867725,-0.04799273697038491,0.3162682886595154,-0.012761989985908639,-348.4520660400391,5.720589133280679,-0.26257338476127356,0.009942763298749924,0.0002016195126357196,-1.3927014770444395e-05,0.009942763298749924,0.0002016195126357196,-1.3927014770444395e-05,0.0,0.0,0.0,2.982494390010834,1.138420553406879,0.05830201442302669,0.9252725481987,0.07191133528788717,-0.003482087117281081,0.9696190218130748,0.06860153061706008,-0.0027562359548914846,-0.04434645573298136,0.016660387961989816,-0.0007258521403301011,0.04434645573298136,0.016660387961989816,0.0007258521403301011,0.2662497992316882,0.011806971147921775,-0.00019231705498510662,0.3134325683116913,0.013852724198879965,0.00015239043283515313
25.454198392537926,1.0,1500.0,0.0,56.0,739.0,0.9055004033675449,669.0,70.0,5.454891988258483,1.5845844053344338,5182.338104011058,16.0,0.005795421616922631,47.6,5.434482758620691,7.7195450053569905,58.0,46.066666666666684,18.86666666666667,8.223914412506426,6.0,47.6,5.434482758620691,7.7195450053569905,58.0,0.14315413413531283,-0.004598144826629366,-0.004393466617641954,-0.0003389597662245451,-0.0019126854790290802,-0.06930268462132158,-0.007024154132572175,12.991615331313907,52.0,544500.0,362.0,6741.351464986801,80.77015459407828,0.37595319747924805,-2.3926751613616943,-353.758056640625,0.010945148766040802,-353.7690124511719,0.009304594248533249,0.009304594248533249,0.0,2.427468776702881,0.9244327545166016,0.9823400974273682,-0.057907357811927795,0.057907357811927795,,0.2944413423538208,,0.3455052375793457,0.666166989505291,0.8718379943633304,-0.010040649102049763,-3.0713565071423847,0.9000779697527368,-0.016231648171438646,-351.00108337402344,4.348248044621541,0.03817356606082189,-0.041787849615017574,0.23022529469984632,0.002252008073918681,-350.95929565429685,4.341953021592363,0.03592135521674018,0.009143359493464231,0.00021785090711551826,-1.5145119018562826e-05,0.009143359493464231,0.00021785090711551826,-1.5145119018562826e-05,0.0,0.0,0.0,3.1811859170595804,0.9016393860651908,0.015852731088377304,0.9207758208115896,0.050724394872492896,0.0006327755193954193,0.9711092412471771,0.04903479683318494,0.0004811214923328022,-0.05033342180152734,0.012782438234556952,0.0001516542665751553,0.05033342180152734,0.012782438234556952,-0.0001516542665751553,0.2710132549206416,0.012619164174777544,0.00024258752951234096,0.31688619752724967,0.014535371708660417,4.4447064267110124e-05
-1.2399606704711914,0.0,1500.0,0.0,7.0,739.0,0.09918086517157453,73.0,666.0,5.622945656838391,0.8431368048002209,6997.132824036453,251.0,0.09373366196131153,46.16896551724139,23.713793103448275,8.101406958151628,58.0,45.407692307692315,25.30384615384615,8.20466302330399,52.0,46.16896551724139,23.713793103448275,8.101406958151628,58.0,0.12549210348269416,-0.004357527327594735,-0.002713992546286755,-0.0007402139622674882,-0.004091213950368876,-0.15989268947015509,-0.00660866049701393,11.908717613379094,6.0,546000.0,363.0,6758.421925544739,80.78809018068098,0.1934843361377716,-2.597301483154297,-349.57440185546875,-0.17230837047100067,-349.402099609375,0.00993227120488882,0.00993227120488882,0.0,2.803886890411377,0.8989171981811523,0.9426379203796387,-0.04372069612145424,0.04372069612145424,,0.2695343494415283,,0.3227703273296356,0.481265053153038,0.5418629728790249,0.0002713260647982685,-2.9896331389745074,1.3969990900264233,-0.005099082603072707,-350.41498413085935,5.188122536202804,-0.10851267304382212,0.04624650130669276,0.30027898739647424,0.0001045644134117331,-350.4612294514974,5.159299159086351,-0.10861728825212555,0.009657098973790804,0.00016395883453051285,5.932214428505775e-06,0.009657098973790804,0.00016395883453051285,5.932214428505775e-06,0.0,0.0,0.0,3.1034631530443826,1.3952581918093967,0.006083995667394933,0.9424709737300873,0.06741296150860178,-0.0002499074771486638,0.9899599313735962,0.06468435943682688,2.2747572324929918e-05,-0.04748897279302279,0.015057132658517807,-0.0002726542173954208,0.04748897279302279,0.015057132658517807,0.0002726542173954208,0.2706480478247007,0.012499163712749124,8.979308790836712e-05,0.3184035956859589,0.013330437468333413,-0.00011780796379879227
24.22625199953715,1.0,1500.0,0.0,46.0,739.0,0.7332416037531649,541.0,198.0,5.7188323684851206,1.5727761001383285,5228.362263796088,40.800000000000004,0.015500341919307043,45.38275862068968,6.824137931034482,8.399642734700498,58.0,41.62499999999999,13.174999999999992,9.503833405062498,16.0,45.38275862068968,6.824137931034482,8.399642734700498,58.0,0.14745386720385806,-0.004755902939764204,-0.004098424784725162,-0.000368445735580739,-0.0015361315447858033,-0.08005192557334402,-0.0075978564465939554,13.431641452583554,42.0,547500.0,364.0,6777.548649549484,80.78141940543551,0.25455164909362793,-3.9780569076538086,-356.8554382324219,-0.2814090847969055,-356.57403564453125,0.00898529589176178,0.00898529589176178,0.0,4.191164493560791,0.856945276260376,0.9202797412872314,-0.06333449482917786,0.06333449482917786,,0.27500465512275696,,0.3108343482017517,3.057004930078983,11.58987811028599,-0.056898839332503115,-2.761794114112854,0.9384634439876374,-0.020051518112454148,-349.845741780599,4.896214135245116,0.06980247964319064,-0.15404097934563954,0.24850305233256123,0.0027666192182709648,-349.69169921875,4.855387434009967,0.06703616811649026,0.009467043696592252,0.00024996827624354463,-2.8335341398456277e-05,0.009467043696592252,0.00024996827624354463,-2.8335341398456277e-05,0.0,0.0,0.0,2.849615041414897,0.9344610744974071,0.020066704447728196,0.9030493418375651,0.05717056953171884,0.0008596496136488017,0.9469097793102265,0.05335444345197892,0.0006174035411787803,-0.04386045063535372,0.014272053773590084,0.00024224434781392848,0.04386045063535372,0.014272053773590084,-0.00024224434781392848,0.26588583141565325,0.014912124548675578,0.0003022126911479409,0.311617715160052,0.01763192793730546,0.00010842716733658123
10.218761530789463,1.0,1500.0,0.0,11.0,739.0,0.17897393855447052,132.0,607.0,5.631010778890522,0.8790141209880552,6788.484211780807,239.20000000000002,0.08951425791482673,46.07241379310344,22.14137931034483,8.175845452996764,58.0,45.62127659574467,25.710638297872343,8.196874724990192,47.0,46.07241379310344,22.14137931034483,8.175845452996764,58.0,0.14057598413459518,-0.006151829515552653,-0.0038892267217681587,-0.0008101993976185237,-0.005226337448559659,-0.12477366255144122,-0.008098082111098586,12.068510500930016,11.0,549000.0,365.0,6795.18176984787,80.79254074351141,0.48846012353897095,-2.9794836044311523,-355.9825744628906,-0.04957949370145798,-355.9329833984375,0.00922901090234518,0.00922901090234518,0.0,3.030857801437378,0.9093530178070068,0.9694187045097351,-0.06006574258208275,0.06006574258208275,,0.31477710604667664,,0.34928518533706665,0.6837654824058215,1.0944768871665969,-0.0047565963662108334,-2.989275672038396,1.3291905362857945,0.025048990814518807,-352.5639678955078,5.068978264840545,-0.24741538857192868,-0.05241394191980362,0.2846753606336872,-0.0013282385862974236,-352.5115539550781,5.045957299094592,-0.2460872459199359,0.009223191160708666,0.00018410020678219505,3.350719817819622e-06,0.009223191160708666,0.00018410020678219505,3.350719817819622e-06,0.0,0.0,0.0,3.0891387492418287,1.3485243607000397,-0.02651072632484105,0.9180275539557139,0.06325926450349008,-0.0009575119140548877,0.9687597235043843,0.06079701771317669,-0.00028399238331830917,-0.050732161353031796,0.014588102309198887,-0.0006735193301758854,0.050732161353031796,0.014588102309198887,0.0006735193301758854,0.27688130736351013,0.014937157310435526,0.0008809975840491063,0.31818046371142067,0.014923506952683742,0.0005934821617881731
6.435781240463257,1.0,1500.0,0.0,24.0,739.0,0.3864644206281008,285.0,454.0,5.491362709986835,1.3110543117605413,6271.039673047548,165.4,0.06140025243150939,47.25964912280702,18.2140350877193,7.774198925687203,57.0,44.588571428571434,24.668571428571433,8.327200037949318,35.0,47.25964912280702,18.2140350877193,7.774198925687203,57.0,0.1303182043859721,-0.005927897621412253,-0.004037628137896474,-0.0009430999937473669,-0.003978434653281285,-0.12998698642870318,-0.006155596993288737,11.499728160062974,22.0,550500.0,366.0,6813.647234916687,80.79373366718349,0.2806992530822754,-0.7401256561279297,-346.4877014160156,0.08452461659908295,-346.5722351074219,0.009334558621048927,0.009334558621048927,0.0,0.8606129884719849,0.9667230844497681,0.9980831146240234,-0.03136001527309418,0.03136001527309418,,0.28448039293289185,,0.34337934851646423,0.48766966511805854,0.642612665953458,-0.02198041457686994,-2.665681454539299,1.0778134557688903,0.026226528182841366,-352.5322998046875,4.626593600214178,-0.19297893384141535,-0.08457946125417948,0.31634573539559235,0.0023361018410282047,-352.4477203369141,4.667740916044032,-0.19531489659734202,0.009048402247329553,0.00012604505527935968,5.58436555048241e-06,0.009048402247329553,0.00012604505527935968,5.58436555048241e-06,0.0,0.0,0.0,2.7633392890294393,1.0930117392422158,-0.027737209820774014,0.9128360191980998,0.06639230166210605,-2.5755041035466068e-05,0.9620044906934102,0.06724955211793592,0.0004989081680840777,-0.04916847261289756,0.013492366607753785,-0.0005246631983456265,0.04916847261289756,0.013492366607753785,0.0005246631983456265,0.2719955533742905,0.013617307290605297,0.00026034330897388924,0.3177726626396179,0.017011060068869377,0.0005166650879237139
16.104466968774794,1.0,1500.0,0.0,22.0,739.0,0.3425966697030186,253.0,486.0,5.767107562815932,1.2642065675932026,6467.944230785031,170.0,0.06512910888054556,45.00344827586208,17.91724137931034,8.379742554014523,58.0,43.28947368421052,24.19473684210526,8.703740276639804,38.0,45.00344827586208,17.91724137931034,8.379742554014523,58.0,0.14141966650054666,-0.005023400182027078,-0.004716174996247032,-0.0007628446583889504,-0.0022757401679186873,-0.10587715422006289,-0.006809176767044124,12.493810350599611,20.0,552000.0,367.0,6831.961341142654,80.79671011541134,0.38244813680648804,-4.17490291595459,-356.3611755371094,-0.36158692836761475,-355.9996032714844,0.009654784575104713,0.009654784575104713,0.0,4.375493049621582,0.8445894718170166,0.90207439661026,-0.05748489126563072,0.05748489126563072,,0.27163165807724,,0.3255881667137146,0.5982009813189506,1.0193411307210762,-0.017656525439096907,-3.0288798809051514,0.9081390589694951,-0.01176084947002602,-352.519374593099,4.169911506646891,0.08160123390139182,0.030633405471841495,0.3151678425235005,0.0008205619608533826,-352.5500071207682,4.1078477873691845,0.08078089831801913,0.009623043642689785,0.00012796656157142153,8.709984598422007e-06,0.009623043642689785,0.00012796656157142153,8.709984598422007e-06,0.0,0.0,0.0,3.142490494251251,0.9325505871995343,0.01070101170969478,0.9384994109471639,0.07090959231313751,0.0004570268815563372,0.9865950127442678,0.06798071088490287,0.000175677457030789,-0.04809559794763724,0.012053102671888919,0.00028135026323384367,0.04809559794763724,0.012053102671888919,-0.00028135026323384367,0.27543718268473943,0.014560426328924018,-4.366075037849623e-05,0.3260349820057551,0.018395530987270946,0.00034202027639106337
22.536601508882914,1.0,1500.0,0.0,48.0,739.0,0.7684156300246388,567.0,172.0,5.503010838861127,1.552139009929715,5525.440275607346,28.0,0.010236162901221028,47.16206896551724,7.3034482758620705,7.81800333411592,58.0,41.5142857142857,16.228571428571424,9.206688805653185,14.0,47.16206896551724,7.3034482758620705,7.81800333411592,58.0,0.13870431816924678,-0.004674938382555478,-0.0038396557275314734,-0.00025935003665066405,-0.0024002370604504224,-0.0788621098380076,-0.006785610857703466,12.899837925199067,44.0,553500.0,368.0,6852.026183128357,80.77902582492678,0.23100315034389496,-2.449077844619751,-354.272216796875,0.3393600583076477,-354.611572265625,0.008907663635909557,0.008907663635909557,0.0,2.54403018951416,0.999822199344635,1.0518851280212402,-0.052062857896089554,0.052062857896089554,,0.2520678639411926,,0.30736637115478516,0.3987039277950923,0.18254260589308505,0.005740786036341814,-2.7665812651316326,0.814002573943008,0.017192191568444697,-352.1340799967448,4.391590898771965,-0.06049310431728891,-0.017547670006752013,0.3726391089294833,0.017982442463200146,-352.1165344238281,4.449216314142926,-0.07847550066479132,0.009010340025027593,0.0002504865445220298,-2.4317053288586154e-05,0.009010340025027593,0.0002504865445220298,-2.4317053288586154e-05,0.0,0.0,0.0,2.8786314964294433,0.7999822045434176,-0.01649296742525204,0.9306328813234965,0.0777858711143205,0.003639804614133887,0.9760939319928487,0.07912608623110726,0.003822840095494544,-0.045461069854597254,0.012902532996236293,-0.00018303431653406195,0.045461069854597254,0.012902532996236293,0.00018303431653406195,0.27226454963286717,0.018879228241976072,-0.0005374293140362646,0.31566021740436556,0.018488695142372582,-0.00042220517843796806
20.376088304364163,1.0,1500.0,0.0,50.0,739.0,0.7975454430588588,589.0,150.0,5.289595602039379,1.5599090008675789,5290.08139549161,19.400000000000002,0.006822817753393824,49.024137931034495,6.682758620689652,7.492103093688895,58.0,43.55000000000001,13.683333333333337,8.769152700381836,12.0,49.024137931034495,6.682758620689652,7.492103093688895,58.0,0.1326483629485947,-0.004451966414499436,-0.0041055038509509095,-0.0003845631356220564,-0.0015094339622641476,-0.08246663598711305,-0.0059901539744766285,12.406821801773434,46.0,555000.0,369.0,6872.076702833176,80.76161311924649,0.22599709033966064,-3.45542573928833,-349.4170227050781,-0.37101057171821594,-349.0460205078125,0.008447886444628239,0.008447886444628239,0.0,3.478515148162842,0.8677668571472168,0.9022801518440247,-0.034513361752033234,0.034513361752033234,,0.28596073389053345,,0.33841726183891296,0.6094832390546798,0.7713559104881965,0.021369463450651407,-2.8513863921165465,0.9633842069744598,0.005041443094926168,-354.0825124104818,5.570520738890297,-0.23195514954766366,0.023591735462347666,0.27706105828332445,0.0002799564891715477,-354.1061055501302,5.537344235304898,-0.23223542923126214,0.00869377531732122,0.00015948531305234455,-1.4665471110182355e-05,0.00869377531732122,0.00015948531305234455,-1.4665471110182355e-05,0.0,0.0,0.0,2.9563531080881753,0.9559132556916937,-0.004481286122085581,0.9350561479727427,0.06195661944114671,-0.0005665245390309692,0.9849369506041209,0.05835025922597199,6.320180829292784e-05,-0.04988080151379108,0.015964650657609686,-0.0006297292388784997,0.04988080151379108,0.015964650657609686,0.0006297292388784997,0.2738421822587649,0.01492518962851379,0.00022266238960991263,0.32178589006265007,0.017881171437411487,-8.348263012820328e-05
13.69679789543152,1.0,1500.0,0.0,22.0,739.0,0.3439896248625082,254.0,485.0,5.368436628358861,1.2324388520503418,6623.653558220553,186.60000000000002,0.06649087799315849,48.38620689655173,19.934482758620696,7.499989085639819,58.0,47.71052631578946,27.40526315789474,7.577131295894512,38.0,48.38620689655173,19.934482758620696,7.499989085639819,58.0,0.1372744145619878,-0.005736636899849929,-0.005466835219113028,-0.0009335380635734916,-0.012419285406801667,-0.09883770985794325,-0.00707080519508703,12.114927099686494,20.0,556500.0,370.0,6890.9217891693115,80.75842637985957,0.467018723487854,-2.5524110794067383,-350.974365234375,0.14649945497512817,-351.120849609375,0.008662944659590721,0.008662944659590721,0.0,2.5889687538146973,0.9716602563858032,1.010848045349121,-0.039187781512737274,0.039187781512737274,,0.3054579198360443,,0.33313432335853577,5.112447624405225,16.869767965341882,-0.29490220197315886,-2.8255950570106507,1.1448612935130895,0.0013966061514662704,-358.10297241210935,4.719379730126937,-0.025840397750964125,0.036641810834407804,0.31427979649992727,-0.005569767703336397,-358.1396128336589,4.707156310300328,-0.02027078019630166,0.008536149902890125,8.969695398306017e-05,4.049880560632387e-06,0.008536149902890125,8.969695398306017e-05,4.049880560632387e-06,0.0,0.0,0.0,2.947675945361455,1.1544010933829711,-0.0020696437531239637,0.9274150153001149,0.06742579423007107,-0.001178122269563633,0.9876440147558848,0.06600486351473218,-0.0011651976487793406,-0.06022898430625598,0.013663269954652876,-1.2925853983843038e-05,0.06022898430625598,0.013663269954652876,1.2925853983843038e-05,0.2745687132080396,0.0160183216093203,-2.146313864079761e-05,0.32030115822951,0.01731531149068657,-0.00018836446147872793
13.642751773198446,1.0,1500.0,0.0,42.0,739.0,0.68067173984355,503.0,236.0,5.486101562728197,1.4607045882605658,5750.755006769795,53.2,0.019367991845056064,47.358620689655176,10.406896551724136,7.842388069749549,58.0,43.4842105263158,18.50526315789474,8.670121061940984,19.0,47.358620689655176,10.406896551724136,7.842388069749549,58.0,0.1375211034384712,-0.005766399412304172,-0.00388981707083891,-0.0005597494810100722,-0.004080504257436719,-0.1114674333738778,-0.007383582302252989,12.628632887439469,39.0,558000.0,371.0,6910.672158956528,80.74467825489421,0.24581074714660645,-2.9644198417663574,-352.2266845703125,0.0819212943315506,-352.30859375,0.009313697926700115,0.009313697926700115,0.0,3.070214033126831,0.9562402367591858,0.99751877784729,-0.04127851128578186,0.04127851128578186,,0.2628348171710968,,0.31637459993362427,1.0618318443497021,2.639832218659709,0.012809181694061516,-2.426384484767914,1.0768101836319908,-0.0033770518785589208,-353.9204915364583,4.786046051566183,0.3157631200465893,0.06398807813723882,0.36380916222803555,0.010743108093407045,-353.98447977701824,4.73066112107657,0.3050199481085872,0.00897826012223959,0.00029326094060286095,3.086810888053296e-05,0.00897826012223959,0.00029326094060286095,3.086810888053296e-05,0.0,0.0,0.0,2.5361913700898486,1.0756207294475821,0.0010341658740738028,0.9468685626983643,0.07984444492822318,0.003210276517772554,0.9936667184034983,0.07695357579605112,0.0022801189852238103,-0.046798171227176985,0.013944644064659948,0.0009301580695872596,0.046798171227176985,0.013944644064659948,-0.0009301580695872596,0.27069077690442406,0.015177658938362296,-0.00020098902359687965,0.31545277933279675,0.01982766803115353,-0.0003405303856952673
23.421690537379337,1.0,1500.0,0.0,56.0,739.0,0.8969056508786875,662.0,77.0,5.629958528782942,1.7193858238445607,5045.700647935079,22.8,0.008532934131736527,46.06896551724139,4.493103448275863,8.202233615810496,58.0,31.33333333333333,5.13333333333333,12.5339145634513,6.0,46.06896551724139,4.493103448275863,8.202233615810496,58.0,0.14335304171306937,-0.0047485475320785415,-0.00413030605448284,-0.00037548762194142857,-0.0003542422671505099,-0.07941938828408346,-0.007117084167457153,12.914282570730363,52.0,559500.0,372.0,6930.392214536667,80.73136161420058,0.3678175210952759,-2.9756197929382324,-355.1294860839844,0.013308688998222351,-355.1427917480469,0.00904074963182211,0.00904074963182211,0.0,3.0480668544769287,0.9346979856491089,0.9828280210494995,-0.04812996834516525,0.04812996834516525,,0.27020400762557983,,0.3167549967765808,2.1412966807683307,8.697241632650783,-0.1575781931535024,-2.212621607383092,0.9098413049710843,0.016857333297326443,-352.1966267903646,5.339275474425478,-0.21931146912367153,-0.005032998820145925,0.31995087855443594,-0.004927318926913061,-352.19159138997395,5.244653636535212,-0.21438416002589003,0.009214568821092447,0.00015937143701979527,-1.4513476158143267e-05,0.009214568821092447,0.00015937143701979527,-1.4513476158143267e-05,0.0,0.0,0.0,2.3305637796719867,0.8932062870201475,-0.016060637287356377,0.9387071589628856,0.07372362512620018,-0.0016239453343316252,0.9789450466632843,0.0682865384645181,-0.0010481369906458525,-0.04023789471636216,0.01505607551881212,-0.0005758082769703407,0.04023789471636216,0.01505607551881212,0.0005758082769703407,0.27187350143988925,0.01588893923395434,-0.0007227812811848354,0.3196645100911458,0.015289565587211389,-0.0005587394696321638
32.70763506889343,1.0,1500.0,0.0,10.0,739.0,0.15859986037943263,117.0,622.0,6.0928243173019485,0.7988460394073339,6839.915133772168,227.4,0.09041749502982108,42.62711864406778,20.820338983050846,9.049947768979402,59.0,43.83673469387755,24.48979591836734,8.646945900813522,49.0,42.62711864406778,20.820338983050846,9.049947768979402,59.0,0.2035836301941008,-0.0076437631278792415,-0.004528035093979959,-0.0014404931077124762,-0.0004191616766467066,-0.06802395209580822,-0.017638745624800813,15.358092137666329,10.0,561000.0,373.0,6947.718532562256,80.74593082185618,0.3761565387248993,-3.8529138565063477,-348.0318603515625,-0.01269529014825821,-348.0191650390625,0.008898913860321045,0.008898913860321045,0.0,3.860059976577759,0.9511376023292542,0.977311372756958,-0.02617376483976841,0.02617376483976841,,0.24557910859584808,,0.31134700775146484,0.5410457322994868,0.7245741303194085,0.008208260573322412,-2.632645320892334,1.0721051754506883,0.01848021190078962,-352.9568674723307,4.111004633303416,0.0015580802128300347,-0.0329969676832358,0.3079036240932987,-0.011524215377079903,-352.923871866862,4.041326265675255,0.013082441047786483,0.00920308887337645,0.00013468968097794988,-2.2108472875415507e-06,0.00920308887337645,0.00013468968097794988,-2.2108472875415507e-06,0.0,0.0,0.0,2.7525215089321136,1.0555484322271698,-0.01833530086298812,0.9319650212923686,0.06875883922199114,-0.0023694257980194132,0.9729724605878194,0.0656927865048095,-0.0024523968426086304,-0.04100744134436051,0.011707810069483451,8.296830179760317e-05,0.04100744134436051,0.011707810069483451,-8.296830179760317e-05,0.26559643348058065,0.016782525160578855,-0.00012744441048322908,0.3145915478467941,0.016243192013418097,0.00016444113283718635
27.741087001912735,1.0,1500.0,0.0,55.0,739.0,0.8870261672548594,655.0,84.0,5.4467352184521935,1.57984774205352,5190.041809139119,18.6,0.006730351715154147,47.648275862068964,3.1586206896551725,7.622347879179583,58.0,37.885714285714286,2.4571428571428555,9.61402872977217,7.0,47.648275862068964,3.1586206896551725,7.622347879179583,58.0,0.13833678959620532,-0.004205047503394724,-0.0038055520355756195,-0.00038819693570381374,-0.0010508329773601002,-0.05672789406236621,-0.00635392092767589,12.638114774412104,51.0,562500.0,374.0,6967.529533624649,80.73162765732494,0.5751604437828064,-1.7363722324371338,-350.6278381347656,-0.2817539572715759,-350.3460693359375,0.009093874134123325,0.009093874134123325,0.0,1.8104506731033325,0.8884937763214111,0.9200562238693237,-0.031562428921461105,0.031562428921461105,,0.27786770462989807,,0.32195761799812317,0.44302089313666027,0.5167183936995239,-0.002095249901889302,-2.287389705578486,0.9771661217999886,-0.003594955811908889,-352.84813232421874,3.8469923474022667,0.020253365827486394,-0.09043607426186402,0.26537702458262274,-0.003987505320082517,-352.7576955159505,3.8941426852469134,0.024240835357437273,0.009212130804856618,0.00019787555724482458,7.785953689072171e-06,0.009212130804856618,0.00019787555724482458,7.785953689072171e-06,0.0,0.0,0.0,2.395254743099213,0.9800891518177495,0.0038014069017233668,0.9215240756670634,0.05538596894185531,-0.000735945775856333,0.9607011636098226,0.056692297904783584,-0.0008508668460358245,-0.0391770850867033,0.01127784089920321,0.0001149207875712698,0.0391770850867033,0.01127784089920321,-0.0001149207875712698,0.2711152533690135,0.011279256325765796,-0.00015257517408343696,0.3203062415122986,0.014680846609438688,-0.0006857392254872967
20.25569397211075,1.0,1500.0,0.0,30.0,739.0,0.47630182700921647,351.0,388.0,5.649817133051911,1.296631037405991,6279.12035958112,113.80000000000001,0.04201122268163024,45.911864406779664,14.755932203389833,8.277995191769667,59.0,44.87096774193547,23.387096774193548,8.557880163163974,31.0,45.911864406779664,14.755932203389833,8.277995191769667,59.0,0.14624882165451022,-0.004903102367686371,-0.0037298656906672987,-0.0003827098785957406,-0.0019911865513301736,-0.09505467602415556,-0.007951444426600649,13.201802365079415,28.0,564000.0,375.0,6986.193936824799,80.73065321406409,0.3152052164077759,-2.604748249053955,-350.3973388671875,-0.17510250210762024,-350.22222900390625,0.009943786077201366,0.009943786077201366,0.0,2.7209601402282715,0.9121513366699219,0.942021369934082,-0.029870085418224335,0.029870085418224335,,0.27903491258621216,,0.31157636642456055,0.43174908459186556,0.3531460697505799,-0.0008559746193275935,-2.93485320409139,0.8934043271864991,-0.0026592561745139055,-354.4071492513021,5.74393943496616,-0.22726117941374982,0.1140094242990017,0.2910665710690382,-0.007224046201077398,-354.5211578369141,5.666774364878606,-0.22003714929564874,0.009584656575073798,0.0002925703738551673,3.304574555728784e-05,0.009584656575073798,0.0002925703738551673,3.304574555728784e-05,0.0,0.0,0.0,3.0349091291427612,0.8881016602073584,0.0022363674388711187,0.9615136524041493,0.06827305406636591,-0.002133027398679118,1.0044304768244425,0.06255873160795257,-0.001543190481930623,-0.042916832181314625,0.016219873908684467,-0.0005898373646949622,0.042916832181314625,0.016219873908684467,0.0005898373646949622,0.27084625711043675,0.0154635275720958,0.00020225918929489138,0.3191238115231196,0.014800425808152424,0.00012079645051838741
9.808851051330567,1.0,1500.0,0.0,21.0,739.0,0.3339656990774259,246.0,493.0,5.666623379286508,1.0743921278093984,6553.243138912285,189.8,0.07017673593137617,45.840677966101715,18.830508474576273,8.292501500158627,59.0,44.21025641025641,24.9948717948718,8.537644165366089,39.0,45.840677966101715,18.830508474576273,8.292501500158627,59.0,0.137984258638992,-0.006437897598272728,-0.0047452120774484985,-0.0009723426539148804,-0.011389071757735455,-0.11955233706385851,-0.007737256622873522,12.736691642138394,20.0,565500.0,376.0,7004.320917844772,80.7358781290684,0.2948623299598694,-1.1989727020263672,-349.6047058105469,0.46847957372665405,-350.07318115234375,0.009754795581102371,0.009754795581102371,0.0,1.3110178709030151,1.0530704259872437,1.0811800956726074,-0.028109775856137276,0.028109775856137276,,0.25304439663887024,,0.30046939849853516,0.7234311138590177,0.6857816034572574,0.014180849766041727,-2.3925266762574515,0.9152598714186596,0.0001570887905074728,-358.73158569335936,5.616644764954356,0.11298817262236638,0.05860911123454571,0.27393596728923775,-0.001872128219208011,-358.790195719401,5.577776233314093,0.11486045149993471,0.009745912036548059,9.621281441381927e-05,2.8409791055720224e-06,0.009745912036548059,9.621281441381927e-05,2.8409791055720224e-06,0.0,0.0,0.0,2.486381459236145,0.9155718579182851,0.0014006290075112844,0.9387451906998953,0.0630746870387564,-2.6672475197439342e-05,0.9926173587640127,0.05913502682475832,-0.0004029043391761627,-0.05387216402838627,0.016146306278191823,0.0003762300610045062,0.05387216402838627,0.016146306278191823,-0.0003762300610045062,0.2753337909777959,0.012584744513198489,-9.35492778116186e-05,0.32079753081003826,0.01701828967575503,-0.0001071903941628696
16.535198237746954,1.0,1500.0,0.0,35.0,739.0,0.5579383974873001,412.0,327.0,5.535827630124914,1.4166725373464737,6194.605383711541,84.4,0.030981572571764187,46.968965517241394,13.4,7.9718666126417315,58.0,45.35384615384615,22.45384615384615,8.342730044878088,26.0,46.968965517241394,13.4,7.9718666126417315,58.0,0.14129209879886204,-0.0051038563482087886,-0.004174358722303572,-0.0007944960041298684,-0.002183166277632838,-0.10621996430042431,-0.0073178351074164524,13.007854561250952,32.0,567000.0,377.0,7023.27591753006,80.73155699105754,0.31699174642562866,-1.3730266094207764,-349.9203796386719,0.22863560914993286,-350.1490173339844,0.00908117275685072,0.00908117275685072,0.0,1.4580059051513672,1.0016286373138428,1.0286293029785156,-0.027000678703188896,0.027000678703188896,,0.26602649688720703,,0.31624001264572144,0.41688159306844075,0.35441879982292684,0.013611246461465172,-2.0789969821770984,0.7724023609336191,-0.008613932663129332,-354.93531087239586,5.017871088915296,-0.3266851541860711,0.003032208730777105,0.3355586950118446,-0.01005299548153352,-354.93834431966144,5.03055186932764,-0.3166321954949871,0.009554418579985699,0.00022814487010954852,-2.0509589260425573e-05,0.009554418579985699,0.00022814487010954852,-2.0509589260425573e-05,0.0,0.0,0.0,2.171950912475586,0.7583011647703594,0.007462262232125915,0.9392955581347148,0.07229682290364983,-0.003024918537118705,0.9807169993718465,0.0720248812385512,-0.0021584638896853304,-0.04142144893606504,0.01426853825601434,-0.0008664538791699452,0.04142144893606504,0.01426853825601434,0.0008664538791699452,0.27025153090556464,0.014163579861787868,0.00037956873288541023,0.3135164499282837,0.01597909722054007,0.00036810232083974565
19.22293199811663,1.0,1500.0,0.0,38.0,739.0,0.6062956580006171,448.0,291.0,5.518083060456574,1.4618242739926994,6079.847572645007,65.2,0.023889784552249743,47.055172413793116,12.61724137931034,7.828430609924933,58.0,45.64347826086957,23.60000000000001,8.141894725351136,23.0,47.055172413793116,12.61724137931034,7.828430609924933,58.0,0.1426473116587162,-0.005094203026822421,-0.004999995940129779,-0.0005614774558802433,-0.0008118736521628813,-0.09590257516173935,-0.006977312634288819,12.848991905501093,35.0,568500.0,378.0,7042.255422115326,80.72697820852913,1.8156375885009766,-3.3257460594177246,-353.7217712402344,0.14242810010910034,-353.86419677734375,0.00892970897257328,0.00892970897257328,0.0,3.5301733016967773,0.9738377928733826,1.0101850032806396,-0.03634723275899887,0.03634723275899887,,0.2436600923538208,,0.3049241602420807,1.2528885945677757,3.483511704759905,0.0193811295858612,-2.044400147596995,1.1439537130383892,0.006634766506538811,-355.9547434488932,4.659521265537574,0.04891800758439351,-0.011116684973239898,0.3429970174613628,0.00019966056601489638,-355.94362589518227,4.558612213843297,0.04871838392485064,0.00909704693282644,0.00015599814807384078,-1.3297538296863637e-05,0.00909704693282644,0.00015599814807384078,-1.3297538296863637e-05,0.0,0.0,0.0,2.137110863129298,1.1225681857557437,-0.0043193451024268895,0.9346923490365346,0.07735767032855807,0.00022692382004157202,0.9776626209417979,0.07291371275138497,4.21633444585477e-05,-0.04297027873496215,0.01314229614052583,0.00018476049381580814,0.04297027873496215,0.01314229614052583,-0.00018476049381580814,0.26693364630142846,0.012986492511681163,0.00023017921158680676,0.31005986432234445,0.01656540455789696,6.063701843916268e-06
13.323762604168483,1.0,1500.0,0.0,16.0,739.0,0.24576194749685476,181.0,558.0,5.627961364242058,0.9944750366487508,6584.610232347617,224.4,0.08397575031808996,46.072413793103436,20.900000000000006,8.133738457117571,58.0,45.022727272727266,25.481818181818188,8.362585754797534,44.0,46.072413793103436,20.900000000000006,8.133738457117571,58.0,0.1358363393119954,-0.00594811489913418,-0.004026005109832779,-0.0008980421148608683,-0.0022665457842248383,-0.11000302206104655,-0.007806147322346061,12.168339347168397,14.0,570000.0,379.0,7060.198344230652,80.73427575385104,0.26454228162765503,-3.624910354614258,-356.39892578125,-0.45512500405311584,-355.94378662109375,0.009244127199053764,0.009244127199053764,0.0,3.7944984436035156,0.8418431282043457,0.8828208446502686,-0.04097772389650345,0.04097772389650345,,0.26167380809783936,,0.30632543563842773,0.5243914266427357,0.47457053406842303,-0.00019320604931129368,-2.7831254144509634,1.1474209665073127,-0.016504081377595847,-355.57159525553385,4.714909041739885,-0.01691149752979719,-0.013563987985253333,0.299932337142307,-0.011378262467160245,-355.5580301920573,4.688028775171498,-0.005532962514760401,0.009099660255014897,0.00012783517330830897,1.1683919273308449e-05,0.009099660255014897,0.00012783517330830897,1.1683919273308449e-05,0.0,0.0,0.0,2.9023498902718226,1.1404328015222702,0.017484160531747298,0.9365426560242971,0.06591313910578538,-0.0023951959954750957,0.9770616511503856,0.0638813913724761,-0.002424062863075187,-0.04051898500571648,0.013458242565381164,2.886706940390609e-05,0.04051898500571648,0.013458242565381164,-2.886706940390609e-05,0.27339322318633397,0.01587019217200884,-0.000388947785629989,0.31601191461086275,0.015468075141467502,-0.00038061902440827744
18.054130289289688,1.0,1500.0,0.0,48.0,739.0,0.7768569323944218,574.0,165.0,5.476827663364966,1.6916876338794031,5347.725051019149,28.0,0.010194422194713464,47.3551724137931,7.482758620689653,7.745847759387734,58.0,45.32307692307691,14.400000000000004,8.041564763423857,13.0,47.3551724137931,7.482758620689653,7.745847759387734,58.0,0.14306252549149961,-0.005525825828267678,-0.0052798263112598266,-0.0004607834061594224,-0.003407171947948765,-0.09806297804708236,-0.0074808104038878945,12.943420651609783,45.0,571500.0,380.0,7079.642076969147,80.72441993348114,0.2493249475955963,-0.47881394624710083,-359.500732421875,-0.12113246321678162,-359.3796081542969,0.008456487208604813,0.008456487208604813,0.0,0.6338307857513428,0.9051390290260315,0.9546202421188354,-0.049481213092803955,0.049481213092803955,,0.2901289761066437,,0.3200964331626892,0.3578026329477628,0.1405318078608879,-0.005978564044524894,-2.316916630665461,1.1556422097059127,0.009308668145613682,-359.76465861002606,4.588323780237138,-0.205070249495965,-0.05239058683315913,0.29272670302625453,-0.003624843251585826,-359.71226806640624,4.55084897313323,-0.2014453858236465,0.00875381858398517,0.00017069412187182192,-1.8425145755222657e-05,0.00875381858398517,0.00017069412187182192,-1.8425145755222657e-05,0.0,0.0,0.0,2.424479165673256,1.143001536211572,-0.009962536780799775,0.917872695128123,0.06430638664539605,-0.0012948790965011607,0.968958576520284,0.061804318988848014,-0.0007625636057275813,-0.051085874810814856,0.012899821714359962,-0.0005323150755632436,0.051085874810814856,0.012899821714359962,0.0005323150755632436,0.2763312300046285,0.014413772888306116,-3.476871531851266e-05,0.31631600558757783,0.017132266722039026,-0.000251279809451088
17.20665687673232,1.0,1500.0,0.0,18.0,739.0,0.28971807295946483,214.0,525.0,5.777111323823822,1.1575617942729015,6444.102223972361,156.0,0.05985267034990792,44.93793103448275,16.20689655172414,8.4019364868915,58.0,44.14146341463413,20.53170731707317,8.501245516241573,41.0,44.93793103448275,16.20689655172414,8.4019364868915,58.0,0.14739166889211613,-0.005781374441371946,-0.0045238681758272645,-0.0006797543509369893,-0.0017135207496653262,-0.10516733601071042,-0.009059729037302774,12.710137883711726,17.0,573000.0,381.0,7097.667862415314,80.73074298590944,1.814943790435791,-2.8770251274108887,-356.4305114746094,0.3760666251182556,-356.80657958984375,0.008385398425161839,0.008385398425161839,0.0,2.978361129760742,1.017880916595459,1.0586527585983276,-0.040771856904029846,0.040771856904029846,,0.27567431330680847,,0.32859712839126587,0.5872945621609688,0.5230900876740481,0.01946530500230057,-2.372842460870743,0.9524731106457959,0.012785557313543569,-355.4492421468099,3.8603951916888466,0.023603055315379252,0.04272722378373146,0.3309423205473329,0.007944426933371848,-355.4919718424479,3.800876438646275,0.015658362264501416,0.008340407473345598,0.00012799384201769991,-8.458920958575182e-06,0.008340407473345598,0.00012799384201769991,-8.458920958575182e-06,0.0,0.0,0.0,2.46862264474233,0.9553757408139709,-0.013544884566072701,0.9512675960858663,0.0714935798054879,0.0017453702591417365,0.9889230310916901,0.06909429482575678,0.0016559076653969288,-0.03765544102837642,0.010901965075554597,8.946234884530016e-05,0.03765544102837642,0.010901965075554597,-8.946234884530016e-05,0.2727268864711126,0.011760257430997892,0.0001008132209501974,0.3198953817288081,0.01785940294076615,-9.688424719321898e-05
33.60212097167969,1.0,1500.0,0.0,6.0,739.0,0.08498375132749728,62.0,677.0,5.826526604366786,0.883739253116867,7073.73721228112,244.0,0.09436881188118812,44.57931034482757,23.27586206896552,8.428430670202978,58.0,45.03018867924527,25.222641509433963,8.337569694007712,53.0,44.57931034482757,23.27586206896552,8.428430670202978,58.0,0.18571990320105108,-0.006268774718515189,-0.0027627530987864475,-0.0025558279002670767,-0.0016806722689075633,-0.055462184873949515,-0.012846740806543178,13.773305339319341,5.0,574500.0,382.0,7114.505261659622,80.75052008127753,0.30516156554222107,-2.617304563522339,-358.92974853515625,0.2748977839946747,-359.20465087890625,0.008509687148034573,0.008509687148034573,0.0,2.7705044746398926,0.9913842678070068,1.0376726388931274,-0.046288393437862396,0.046288393437862396,,0.29163259267807007,,0.344879686832428,0.46059741973876955,0.33926973827975965,-0.006651529613405775,-2.576673690478007,1.2556952299791424,0.01031670432467352,-362.4101979573568,6.066834272291258,-0.1696787731268175,0.025893410481512547,0.34832428798291326,-0.002880176934553477,-362.43609110514325,5.9528513403019225,-0.16679874203758696,0.008406069315969943,7.101635214904194e-05,-1.960967535834889e-06,0.008406069315969943,7.101635214904194e-05,-1.960967535834889e-06,0.0,0.0,0.0,2.6630994498729708,1.268754808369919,-0.009295220383017219,0.9292572816212972,0.07962749651008648,-0.0010321561963990747,0.9854318996270498,0.07287496549726619,-0.000600318025561434,-0.05617462092389663,0.01692652628253864,-0.0004318384066207512,0.05617462092389663,0.01692652628253864,0.0004318384066207512,0.27516137063503265,0.013806174185497755,-0.00021524398159796217,0.3212593197822571,0.019726193686538718,-0.0004036307069695778
5.118179147060101,1.0,1500.0,0.0,28.0,739.0,0.454788694309595,336.0,403.0,5.538565996186835,1.2833287751757048,6479.099176216843,127.80000000000001,0.046954221471085314,46.92758620689656,16.620689655172413,7.9673909379709,58.0,43.20624999999998,23.700000000000003,8.787247473221049,32.0,46.92758620689656,16.620689655172413,7.9673909379709,58.0,0.13206897454094535,-0.007175300484953347,-0.005125015897015069,-0.0008967885855210916,-0.0029801324503311256,-0.13535162409334364,-0.0076045395020992845,11.71981794973226,26.0,576000.0,383.0,7133.059195756912,80.75076684385749,0.7451256513595581,-1.5853826999664307,-360.7821350097656,0.8121720552444458,-361.59429931640625,0.00867546908557415,0.00867546908557415,0.0,1.6412665843963623,1.0993068218231201,1.1510732173919678,-0.05176651105284691,0.05176651105284691,,0.26067090034484863,,0.2995287775993347,3.521804062028726,13.822066526329817,-0.27021451731346086,-2.2376457870006563,0.9404294132643527,0.01030679434637347,-359.34706319173176,4.122986542510752,0.0028681838870522566,0.10775457521279654,0.3822570154292824,-0.0029058048719161154,-359.45481669108074,4.167568821823834,0.005773918992037543,0.008689506196727355,0.0001373813680923489,-5.161546551942741e-06,0.008689506196727355,0.0001373813680923489,-5.161546551942741e-06,0.0,0.0,0.0,2.340382459759712,0.9163896252065679,-0.00975427372304437,0.9563722133636474,0.07938608389808391,-0.0005540785720536807,1.0026820619901022,0.08045964744351636,-0.0006153746096788226,-0.04630985502153635,0.01191069335945784,6.129354346249405e-05,0.04630985502153635,0.01191069335945784,-6.129354346249405e-05,0.2747797896464666,0.014029067070157476,0.0004605801338878888,0.3180153618256251,0.018065870288639294,0.0005324687058721396
15.70007494688034,1.0,1500.0,0.0,21.0,739.0,0.34088722601037885,251.0,488.0,5.751561086365218,1.1213033341895235,6548.77923724293,175.8,0.06718129012534393,45.11724137931036,17.537931034482764,8.345682666050964,58.0,43.86842105263158,23.63157894736843,8.547522642054822,38.0,45.11724137931036,17.537931034482764,8.345682666050964,58.0,0.14423092389532707,-0.00562452968623538,-0.004211473881007552,-0.0012646270874934408,-0.00261732851985559,-0.10758122743682415,-0.008452112623318273,12.491390035932682,20.0,577500.0,384.0,7151.294407367706,80.75461127778821,0.3731217086315155,-1.8996214866638184,-358.0759582519531,-0.6338546276092529,-357.4421081542969,0.008446178399026394,0.008446178399026394,0.0,2.014474868774414,0.80863356590271,0.847221851348877,-0.0385882705450058,0.0385882705450058,,0.28736358880996704,,0.33275994658470154,0.4282921075820923,0.2144552433141129,-0.010345315502270728,-2.210292398929596,1.0296846408096256,0.014117975600967194,-358.73525187174477,4.363384727024932,-0.25405573521359504,-0.02474722502132257,0.39622279765523305,-0.001939870346673203,-358.71050415039065,4.344623448778899,-0.25211587636435684,0.008766393673916658,0.00015187161652258438,-1.3405793616848866e-05,0.008766393673916658,0.00015187161652258438,-1.3405793616848866e-05,0.0,0.0,0.0,2.3289276003837585,1.0410548742053556,-0.016857257196980214,0.9319555739561717,0.08452767999825035,-0.0010815451619887808,0.9748010218143464,0.08364082146303065,-0.00040699206416944966,-0.04284544742355744,0.012199874911555735,-0.0006745557245840873,0.04284544742355744,0.012199874911555735,0.0006745557245840873,0.27652147511641184,0.014374390003341737,-4.805633435657846e-05,0.32094762722651166,0.02019811090868458,-0.00019401941734374157
14.887114906311036,1.0,1500.0,0.0,16.0,739.0,0.25931004544350894,191.0,548.0,5.618902664988633,0.9913949745304593,6684.842889762081,214.20000000000002,0.07998506348020912,46.172413793103466,20.917241379310347,8.105103237798794,58.0,45.56279069767442,26.009302325581398,8.16156111120775,43.0,46.172413793103466,20.917241379310347,8.105103237798794,58.0,0.1426422377372071,-0.006035294790406393,-0.004189409530993652,-0.0008796465267922111,-0.0012654502648616836,-0.11159505591524521,-0.008522232757252215,12.586634601222505,15.0,579000.0,385.0,7169.186066865921,80.76230615299339,0.367923378944397,-2.146409511566162,-372.3192443847656,-0.08219512552022934,-372.237060546875,0.008537919260561466,0.008537919260561466,0.0,2.2429394721984863,0.8833765983581543,0.9627435207366943,-0.07936684787273407,0.07936684787273407,,0.24589070677757263,,0.25595828890800476,0.5900859003265698,0.8709642390658191,0.005898749632750516,-2.532405312856038,1.0544814597470085,-0.004617268834946782,-362.5266835530599,5.854311522137193,-0.36947516419066784,0.087427669018507,0.29180264206286105,-0.0015185299502463974,-362.6141072591146,5.817313061539478,-0.3679565837041051,0.00852991472929716,0.00010744479750784237,5.142032702321773e-06,0.00852991472929716,0.00010744479750784237,5.142032702321773e-06,0.0,0.0,0.0,2.644614551464717,1.0384343054175689,0.004134201141565304,0.9457276443640391,0.0650281227113685,-0.0013179038735199981,0.998355092604955,0.061275545288156985,-0.0003148895084394,-0.05262744594365358,0.01635686587563086,-0.0010030150608272511,0.05262744594365358,0.01635686587563086,0.0010030150608272511,0.27668206989765165,0.015141470328783456,-0.00021151210760514194,0.32026299138863884,0.021177257418239944,-0.0007433193743030091
20.535214602947235,1.0,1500.0,0.0,23.0,739.0,0.36960072559927204,273.0,466.0,5.835060692997233,1.2969701590154143,6396.979655082973,170.8,0.0650617095840317,44.494915254237284,17.020338983050845,8.578311083954553,59.0,43.724324324324336,24.059459459459458,8.68545772564278,37.0,44.494915254237284,17.020338983050845,8.578311083954553,59.0,0.15199935842389117,-0.006210856368194865,-0.005079609317151684,-0.0007383543265517172,-0.0014526810510574646,-0.09741508224738396,-0.00914183991668752,13.734798928254177,22.0,580500.0,386.0,7187.436811208725,80.7659274436635,0.21260909736156464,-2.0932393074035645,-363.3573913574219,0.02202596515417099,-363.3794250488281,0.00816506240516901,0.00816506240516901,0.0,2.268462657928467,0.9317684769630432,0.984581470489502,-0.05281301587820053,0.05281301587820053,,0.2716750204563141,,0.3117483854293823,2.2280469581484796,7.404585722042803,0.08307501481093874,-2.1709431062142053,1.0354359617337492,0.01455791241202395,-363.1759806315104,5.01801280092813,-0.055656444986606816,-0.029784494638442995,0.30477416420523734,-0.005477338237014578,-363.1461944580078,5.018269709186865,-0.050179201662867184,0.008396429878969987,9.270705269915077e-05,-8.471495781645068e-06,0.008396429878969987,9.270705269915077e-05,-8.471495781645068e-06,0.0,0.0,0.0,2.2791913708051044,1.0443128280710714,-0.014805198246167722,0.9209997435410817,0.06485298971754676,-0.001246053504201282,0.9737990180651347,0.06378007618148708,-0.0011483687314891723,-0.052799291908741,0.014244334508044867,-9.7684664972896e-05,0.052799291908741,0.014244334508044867,9.7684664972896e-05,0.2752338081598282,0.01574862896011161,-0.0003941683999953781,0.3174532373746236,0.018306210481698223,-0.0003352154481397794
18.84719944000244,1.0,1500.0,0.0,14.0,739.0,0.22308912990789648,164.0,575.0,5.8150570802681445,0.9218113387172188,6628.663664128922,214.20000000000002,0.08269631688672689,44.65862068965519,20.375862068965514,8.422589393273336,58.0,44.14222222222222,24.59555555555556,8.55024118857012,45.0,44.65862068965519,20.375862068965514,8.422589393273336,58.0,0.14955307645014634,-0.005248846561467854,-0.0031748752670699683,-0.0007448559037436339,-0.0023525280898876377,-0.10533707865168614,-0.007543983356135734,13.337213911320541,13.0,582000.0,387.0,7205.105838060379,80.7760514669518,0.31103211641311646,-0.9482182264328003,-357.255615234375,-0.1018035039305687,-357.15380859375,0.008138786070048809,0.008138786070048809,0.0,1.010140299797058,0.9250407814979553,0.958840012550354,-0.03379923105239868,0.03379923105239868,,0.24827784299850464,,0.2776413559913635,0.8697201073169708,1.565309650774871,0.0356998692895467,-2.2565511405467986,0.9856407967495675,0.04226533858741619,-362.9737243652344,3.8399835257445356,0.11080496069852958,-0.05062127684553464,0.31479214397638355,0.011162854329961561,-362.92310384114586,3.8882364413908888,0.09964211265556969,0.008088886303206285,0.00010148642812419554,-6.729278618157185e-06,0.008088886303206285,0.00010148642812419554,-6.729278618157185e-06,0.0,0.0,0.0,2.361975389719009,0.9870167041979753,-0.04214056560539699,0.918612519900004,0.06426771070046933,0.002639532513560097,0.9694366931915284,0.06534321530299396,0.00231186330517351,-0.050824174284935,0.011136808657227475,0.0003276722400021385,0.050824174284935,0.011136808657227475,-0.0003276722400021385,0.2789864957332611,0.019676178623334643,-0.00034506339517663734,0.3234967619180679,0.021588288624120672,-0.00032573744107673063
42.029879570007324,1.0,1500.0,0.0,4.0,739.0,0.05872263825856599,43.0,696.0,6.036968890484165,0.7838209858606706,7145.925989472282,250.0,0.10019236934915036,43.02068965517241,23.148275862068953,8.702059376903183,58.0,44.62592592592592,24.83333333333332,8.365987942978542,54.0,43.02068965517241,23.148275862068953,8.702059376903183,58.0,0.41925968024286336,-0.010483219512571392,-0.005824889473676194,-0.006182537504827067,-0.0038781163434903052,-0.017728531855955677,-0.02908236065124773,10.796160003837588,4.0,583500.0,388.0,7221.397537469864,80.80153418675229,0.47838324308395386,-0.7666200399398804,-361.8335876464844,0.5022268295288086,-362.3358154296875,0.008228768594563007,0.008228768594563007,0.0,0.9106254577636719,1.0374573469161987,1.084631323814392,-0.04717392474412918,0.04717392474412918,,0.2827225923538208,,0.29545366764068604,0.5189757963021596,0.4762868275941969,0.002726603164290951,-2.078021205464999,1.1998061450603053,-0.015636549769041896,-362.30518697102866,4.49294337235575,0.08633134988312216,0.09482560555140178,0.30975422030625416,-0.00349715318244875,-362.40001118977864,4.532807112327843,0.08982848102710228,0.008429276291280985,0.00011596140697951743,-2.0261994823091002e-07,0.008429276291280985,0.00011596140697951743,-2.0261994823091002e-07,0.0,0.0,0.0,2.1777272353569668,1.2170961467472494,0.01611625219346149,0.9518210609753927,0.06402940624248445,-0.0004333036494865267,0.9998227854569753,0.06488059408229617,-0.0007324940503240676,-0.0480017160375913,0.012930979844765279,0.00029918826428616113,0.0480017160375913,0.012930979844765279,-0.00029918826428616113,0.27423063417275745,0.015834343951358316,-0.00010670448039080091,0.31748988330364225,0.016345213784466444,-0.0004649691308565798
11.212663571039835,1.0,1500.0,0.0,39.0,739.0,0.6210112398437876,458.0,281.0,5.332519021450074,1.3619522712327232,5964.215322021122,83.2,0.029440905874026892,48.724137931034484,13.113793103448275,7.448136583203083,58.0,46.64545454545455,23.33636363636364,7.703702555690205,22.0,48.724137931034484,13.113793103448275,7.448136583203083,58.0,0.13405631172649007,-0.0060696233949091745,-0.0047710204699486685,-0.000960110211145466,-0.0029076667457868595,-0.1173510562544479,-0.006121529364999221,12.178071299768739,36.0,585000.0,389.0,7240.630278348923,80.79407144282435,0.2613500952720642,-1.0740807056427002,-361.7752380371094,-0.4736270308494568,-361.3016052246094,0.008247599937021732,0.008247599937021732,0.0,1.331038475036621,0.8383712768554688,0.8812860250473022,-0.042914699763059616,0.042914699763059616,,0.2546316981315613,,0.30868226289749146,0.7441360453764597,1.682802451068079,-0.009718221903377703,-2.4178682903448743,1.1657078032012766,-0.014495326109537096,-365.8833384195963,5.176382955589931,-0.10028618631160294,-0.07749668968220552,0.4265043989238591,0.0015213455727222445,-365.80584411621095,5.200395626611842,-0.10180728560161749,0.00811551216368874,5.770009350111642e-05,-3.0673756466162427e-06,0.00811551216368874,5.770009350111642e-05,-3.0673756466162427e-06,0.0,0.0,0.0,2.521233548720678,1.1590355050464942,0.014863740522683732,0.907569408416748,0.08841472295574813,7.397494671472703e-05,0.963884832461675,0.08862433781969593,0.00031749811002753004,-0.05631542975703875,0.01467188121701122,-0.00024352293457417177,0.05631542975703875,0.01467188121701122,0.00024352293457417177,0.279827685157458,0.014928359956382819,-0.0002915455780517349,0.3240228374799093,0.016902915649661236,-0.00021034110507392968
48.36680507659912,1.0,1500.0,0.0,4.0,739.0,0.05443153634113336,40.0,699.0,6.102030578595611,0.8554232227955684,7240.884116946848,257.2,0.10246195522269141,42.545762711864406,22.993220338983058,9.11475417322604,59.0,44.56727272727272,24.66545454545455,8.47703423312013,55.0,42.545762711864406,22.993220338983058,9.11475417322604,59.0,0.6461277148819426,-0.014330326919798735,-0.00827548048552892,0.0,-0.0028806584362139915,0.0,-0.07395662963518762,15.155715898851536,4.0,586500.0,390.0,7256.588093042374,80.82310756515682,0.2004028558731079,-2.094705581665039,-365.5137634277344,-0.2895910441875458,-365.22418212890625,0.008190959692001343,0.008190959692001343,0.0,2.141893148422241,0.8670412302017212,0.9197232127189636,-0.05268191173672676,0.05268191173672676,,0.268198162317276,,0.31403079628944397,0.4657806356747945,0.45417722866202986,-0.00297680095385127,-2.497389749685923,0.9505821272174609,-0.026471584896091853,-366.1914103190104,5.405038145410824,0.032722814303224435,-0.0551829881966114,0.3358390945864223,-0.004377143840834871,-366.1362274169922,5.399285189695101,0.037100053390494596,0.00842015507320563,9.5808657992457e-05,-1.2080876096604385e-06,0.00842015507320563,9.5808657992457e-05,-1.2080876096604385e-06,0.0,0.0,0.0,2.5876568973064424,0.9521725000700698,0.026648759086086948,0.9125744263331096,0.07164747674300315,-0.0007630658759688947,0.9684836844603221,0.07024213715995523,-0.000912513470358012,-0.05590927445640167,0.015305167843973556,0.00014944848075127963,0.05590927445640167,0.015305167843973556,-0.00014944848075127963,0.2802142798900604,0.01833356152401025,0.0002809733517045223,0.3151086817185084,0.02173655138370835,0.00025164077889269104
21.413279354572296,1.0,1500.0,0.0,17.0,739.0,0.2764559491369031,204.0,535.0,5.803978571769797,0.9630430473266779,6418.819518896304,190.0,0.07324595219737856,44.72413793103448,19.027586206896554,8.445761817166021,58.0,43.43333333333332,24.45714285714286,8.698801498592236,42.0,44.72413793103448,19.027586206896554,8.445761817166021,58.0,0.14063049506541925,-0.004857255513284377,-0.00430114789690875,-0.0008452868714673646,-0.0038228822882288137,-0.08602860286028666,-0.0072287437719642115,13.789820373275093,16.0,588000.0,391.0,7274.483567237854,80.83048020730709,0.3222838044166565,-0.290568470954895,-361.23553466796875,-0.21463634073734283,-361.0209045410156,0.008273755200207233,0.008273755200207233,0.0,0.38996338844299316,0.8957548141479492,0.9352323412895203,-0.03947746008634567,0.03947746008634567,,0.25893011689186096,,0.2967401444911957,0.49748740245898565,0.4718018099345954,0.0052164951308285345,-2.3885705788930256,0.9184750060686331,0.037578576876138595,-368.51487325032554,7.216669366410782,-0.27361985186447824,-0.050463061407208444,0.270430414962336,-0.004007925455343478,-368.46441141764325,7.144920669326895,-0.2696118992348176,0.00825850839416186,0.00014749256462835643,1.4228307464894312e-05,0.00825850839416186,0.00014749256462835643,1.4228307464894312e-05,0.0,0.0,0.0,2.474386382102966,0.9127474164376503,-0.03731986964504767,0.9083357552687327,0.06434818721051401,-0.0015566855702172225,0.9694809019565582,0.056376369110341856,-0.000839620821998464,-0.06114515215158463,0.02006275279138738,-0.0007170663311563682,0.06114515215158463,0.02006275279138738,0.0007170663311563682,0.27787104646364846,0.018837986465231073,-0.0001127989326621343,0.3172573397556941,0.02109589299705966,-2.0646538432114156e-05
5.492360109868257,1.0,1500.0,0.0,25.0,739.0,0.39238114592523154,289.0,450.0,5.5557390939701445,1.232005803313078,6420.408696869611,157.60000000000002,0.05818504024219154,46.69999999999999,17.582758620689653,7.966688550675956,58.0,43.90285714285716,23.88,8.452938221878659,35.0,46.69999999999999,17.582758620689653,7.966688550675956,58.0,0.13009046772684638,-0.005867192714063673,-0.005075226825576703,-0.0007741904635961057,-0.004870485224370688,-0.13425757022984172,-0.006778404867986971,12.054696489585076,23.0,589500.0,392.0,7292.991805791855,80.83102459155904,0.48839515447616577,-2.7515342235565186,-372.52923583984375,-0.3200299143791199,-372.2091979980469,0.008017153479158878,0.008017153479158878,0.0,2.9253158569335938,0.8439689874649048,0.9136838912963867,-0.06971487402915955,0.06971487402915955,,0.2868691086769104,,0.32955479621887207,0.5865515713890394,0.8879957456244921,-0.0021788882367205307,-2.5535102595885593,1.0097788933243463,-0.009214351777903043,-369.4237436930338,5.238733608983496,0.000660965254368348,0.021281437451640763,0.32889946985098667,-0.007866791387122787,-369.4450215657552,5.130129194940584,0.008527487138494255,0.008278851800908645,9.790326801184635e-05,-3.5756100818633245e-06,0.008278851800908645,9.790326801184635e-05,-3.5756100818633245e-06,0.0,0.0,0.0,2.6487053871154784,1.004518809505966,0.008466925265659033,0.921888409058253,0.07419394132451204,-0.0015697387354790546,0.9844584167003632,0.06861593523702271,-0.0016384910953721437,-0.06257001372675101,0.014487486683701641,6.875375801649916e-05,0.06257001372675101,0.014487486683701641,-6.875375801649916e-05,0.27871667643388115,0.014453758415031442,-0.0003851692257521619,0.32381911277770997,0.018234444071497144,-1.1357157858917117e-05
20.221348356116902,1.0,1500.0,0.0,48.0,739.0,0.7652229653074121,565.0,174.0,5.661314220014421,1.6217209596418476,5507.81137550354,33.4,0.012566784558657536,45.824137931034464,8.872413793103446,8.155104644200906,58.0,42.714285714285715,20.65714285714285,8.883178633562677,14.0,45.824137931034464,8.872413793103446,8.155104644200906,58.0,0.14761468068635758,-0.005134500665792318,-0.0054871514074625,-0.0007191907356008687,-0.0041480866950119565,-0.09349787410556704,-0.007551025277529652,13.4105739608328,44.0,591000.0,393.0,7312.382785320282,80.82180834220568,0.3010178804397583,-1.1062309741973877,-362.8108825683594,0.5252882242202759,-363.336181640625,0.007958963513374329,0.007958963513374329,0.0,1.2928344011306763,1.0453068017959595,1.0886765718460083,-0.04336980730295181,0.04336980730295181,,0.2707759737968445,,0.31376802921295166,2.9558630337317786,13.094707297626318,-0.3535586935792273,-2.45022730131944,1.0650568697256089,0.00924841400911338,-367.6208730061849,5.296413250902878,0.3577549341390675,0.1087393131107092,0.35826095659559754,0.0019248551344115674,-367.7296152750651,5.3055148009407525,0.3558299980121221,0.007881949298704664,0.00014625136183327782,6.42871513167122e-06,0.007881949298704664,0.00014625136183327782,6.42871513167122e-06,0.0,0.0,0.0,2.5657549440860747,1.0612614760987567,-0.010219943496886609,0.946116042137146,0.07467736991132286,0.001447549518674296,1.0025095343589783,0.07399221507770487,0.0004001743138432719,-0.05639349687844515,0.015179100266541696,0.0010473747974939175,0.05639349687844515,0.015179100266541696,-0.0010473747974939175,0.27972770829995475,0.0151893072755048,0.00010322274700287284,0.3226717938979467,0.017900260075871748,4.919907274977708e-05
27.06953035082136,1.0,1500.0,0.0,8.0,739.0,0.11528977453914109,85.0,654.0,5.830038158806618,0.7921987183862879,6868.2503657637635,233.20000000000002,0.09030359355638166,44.524137931034474,23.044827586206903,8.428470608027839,58.0,45.34117647058823,25.68627450980393,8.236276297267679,51.0,44.524137931034474,23.044827586206903,8.428470608027839,58.0,0.1928636806674384,-0.0076573282692068735,-0.004443237017354909,-0.0019361228348209352,-0.00040257648953301127,-0.0856682769726246,-0.013892525173032737,13.07687273503745,7.0,592500.0,394.0,7329.204414367676,80.8409707932969,0.41338464617729187,-1.8139503002166748,-369.9891662597656,0.18019171059131622,-370.16937255859375,0.008321897126734257,0.008321897126734257,0.0,1.8625012636184692,0.9563519358634949,1.0176254510879517,-0.06127351522445679,0.06127351522445679,,0.27842727303504944,,0.3307776153087616,0.4836706692973773,0.34555885522027596,-0.005898706735970594,-2.4367623100678126,1.2380747339617597,-0.02406521313580307,-365.34874165852864,5.720066494684487,0.03307093194913082,0.04409104573229949,0.31238212426100354,-1.4661541736967193e-05,-365.39283447265626,5.665174759784557,0.033085766411472144,0.008177122566848993,0.00013742456082348417,5.899239600807245e-08,0.008177122566848993,0.00013742456082348417,5.899239600807245e-08,0.0,0.0,0.0,2.5216830054918926,1.2349876225006788,0.025392993140936636,0.9406839430332183,0.06929399877147627,0.00013947875401598283,0.989161737759908,0.06508452528859815,2.4363249374193016e-06,-0.04847780984515945,0.01597061244008649,0.0001370419311990871,0.04847780984515945,0.01597061244008649,-0.0001370419311990871,0.2841086447238922,0.016173568714965447,3.830577693340128e-05,0.3224638303120931,0.017380226935760353,0.0006621174340253393
19.1634243985881,1.0,1500.0,0.0,25.0,739.0,0.39409327683320244,291.0,448.0,5.7474921284095775,1.1874784391145328,6370.3426917281095,132.8,0.050679285605251104,45.179310344827606,15.620689655172406,8.326561043659336,58.0,43.31999999999999,22.377142857142854,8.606777141863928,35.0,45.179310344827606,15.620689655172406,8.326561043659336,58.0,0.142612420747646,-0.004609513603357487,-0.004464632456560799,-0.0006572017834928657,-0.003207729468599027,-0.09491787439613619,-0.007483018294525672,13.027123967884885,23.0,594000.0,395.0,7347.493676185608,80.84389401044987,0.684353232383728,-3.423182249069214,-374.7811584472656,-0.3143358528614044,-374.4668273925781,0.008306046947836876,0.008306046947836876,0.0,3.486212730407715,0.842380702495575,0.914388120174408,-0.0720074474811554,0.0720074474811554,,0.2836960554122925,,0.3155001997947693,0.44379831900199257,0.33019388327803684,-0.006846257261890474,-2.374310267964999,1.0810175348309932,-0.007966892664901908,-370.6383056640625,5.391197948477938,-0.06257872788340249,0.04670158413549264,0.3804629183550441,0.008496929120864968,-370.6850056966146,5.444157301071527,-0.07107562276226241,0.008152341283857823,0.00014838272768948795,-2.7826426755867094e-06,0.008152341283857823,0.00014838272768948795,-2.7826426755867094e-06,0.0,0.0,0.0,2.485194753607114,1.0821824297869729,0.006040923368678836,0.9276131252447765,0.07800135481705911,0.0016150078731065507,0.9896433234214783,0.07911888377898303,0.001769938590927004,-0.06203019805252552,0.015263385283925495,-0.0001549315159193528,0.06203019805252552,0.015263385283925495,0.0001549315159193528,0.28280491133530933,0.014482798249009155,0.00014688857935691763,0.3240542064110438,0.01831868249904517,-1.3997411568857482e-06
12.11337287902832,1.0,1500.0,0.0,27.0,739.0,0.43593381827811045,322.0,417.0,5.383099346244937,1.3294914482102362,6465.1521420262525,103.4,0.03698933962939114,48.19655172413794,17.55862068965517,7.5528463333058955,58.0,46.48484848484848,25.8969696969697,7.825479363111134,33.0,48.19655172413794,17.55862068965517,7.5528463333058955,58.0,0.13303367644748762,-0.00530114908692263,-0.005332967974382569,-0.0006991281635246384,-0.002007360321177647,-0.10960187353629926,-0.006739024678382212,11.31180144824316,25.0,595500.0,396.0,7366.1374707221985,80.8429115485426,1.0235788822174072,-1.6169228553771973,-372.9628601074219,0.31856024265289307,-373.28143310546875,0.008556605316698551,0.008556605316698551,0.0,1.742307424545288,0.9795754551887512,1.046905755996704,-0.06733033806085587,0.06733033806085587,,0.2844555974006653,,0.31336793303489685,0.5183817639946937,0.4263525995114458,0.004999024169861399,-2.225215180714925,1.0434564204879082,0.029959331391518115,-369.1381368001302,5.296952403478078,-0.03728398035577275,0.07438109281162421,0.3682671383184755,0.008552352667219518,-369.2125172932943,5.465600649888009,-0.045836322856559336,0.008328251820057631,0.0001432597846518125,1.2314472310203429e-05,0.008328251820057631,0.0001432597846518125,1.2314472310203429e-05,0.0,0.0,0.0,2.321016313632329,1.0264864691495126,-0.02764902288576923,0.9390166302522024,0.07077614369774661,0.0017035318428735304,0.9955738584200541,0.07684863730937537,0.0017877352516165563,-0.056557261695464454,0.01532423761692696,-8.420313690872797e-05,0.056557261695464454,0.01532423761692696,8.420313690872797e-05,0.28563151756922406,0.017187832075860235,-0.00014598856248103131,0.3250649591286977,0.019726223778722036,-0.00025374933132473815
24.574936331643,1.0,1500.0,0.0,48.0,739.0,0.7751871848061783,572.0,167.0,5.512239590333341,1.763003066201073,5409.12396028479,25.0,0.009156838326862501,47.07241379310345,7.306896551724134,7.822992045427366,58.0,47.03076923076923,18.55384615384615,7.624212980015651,13.0,47.07241379310345,7.306896551724134,7.822992045427366,58.0,0.14642140140620336,-0.0044457453371003364,-0.005003489205457491,-0.0005526167138602292,-0.003318494536624868,-0.07389720760825502,-0.007448099309414267,13.207073757832106,45.0,597000.0,397.0,7385.586736679077,80.8331174333267,0.43602150678634644,-3.069362163543701,-370.38690185546875,0.40100470185279846,-370.78790283203125,0.008157754316926003,0.008157754316926003,0.0,3.1032910346984863,1.0043895244598389,1.0633893013000488,-0.05899979919195175,0.05899979919195175,,0.25648564100265503,,0.276500940322876,0.37224095563093823,0.18984492378833706,0.008296436137696919,-2.132480202118556,1.126787555746243,-0.028182751517141967,-372.82298278808594,5.687314706209846,-0.05817448124869069,0.0504337053745985,0.3064748018746276,0.004330568273320747,-372.8734151204427,5.707149942514868,-0.06250492897924298,0.008303135943909487,0.0001477848064691792,-1.358189749571859e-05,0.008303135943909487,0.0001477848064691792,-1.358189749571859e-05,0.0,0.0,0.0,2.2340652287006377,1.129538987687673,0.024438689189970254,0.9250117758909862,0.06454636751244937,0.0007693929189569438,0.9905031820138296,0.06396645079260423,0.0008999599498158773,-0.06549141456683477,0.015969422721407594,-0.0001305666081897398,0.06549141456683477,0.015969422721407594,0.0001305666081897398,0.28369849423567456,0.016449646570481605,-0.0001535455098539402,0.3204811116059621,0.01885684388634313,-2.4854089314743714e-05
23.796160522260163,1.0,1500.0,0.0,41.0,739.0,0.6631799273578046,490.0,249.0,5.700129208568099,1.7352458539006252,5826.609612184759,36.2,0.0137038158691702,45.544827586206885,10.144827586206898,8.256746311619647,58.0,43.970000000000006,21.01,8.600161586780256,20.0,45.544827586206885,10.144827586206898,8.256746311619647,58.0,0.14934250265057214,-0.004965154542296703,-0.005045713290721808,-0.0005359681122851627,-0.0025811120492099907,-0.08114823302376022,-0.007913688845579204,13.508199861467867,38.0,598500.0,398.0,7404.648189067841,80.82760783741492,0.32767438888549805,-1.786672830581665,-364.23187255859375,0.048956841230392456,-364.28082275390625,0.007990921847522259,0.007990921847522259,0.0,1.8756368160247803,0.9506767988204956,0.9901371002197266,-0.03946039080619812,0.03946039080619812,,0.2873418927192688,,0.32669562101364136,0.531424629688263,0.5087507815058825,0.007974189367389771,-2.03758425116539,0.9547813970949257,0.02532178550726585,-367.02178446451825,4.153660095720633,-0.09036296976023092,0.05543347001075745,0.3304115088658538,0.0010706942723245547,-367.07721557617185,4.106242491274573,-0.09143344764581433,0.008320206372688214,0.00014955984529449527,-3.519728655478549e-06,0.008320206372688214,0.00014955984529449527,-3.519728655478549e-06,0.0,0.0,0.0,2.153936566909154,0.947448953818964,-0.025540446585357198,0.9437201062838236,0.07118095893778947,1.3093529341590737e-05,0.9916419943173727,0.06905463666415726,0.00022528190103598988,-0.047921894925336044,0.011430965514797595,-0.0002121881533153053,0.047921894925336044,0.011430965514797595,0.0002121881533153053,0.2815274735291799,0.017760920547377785,-0.00023049069723908493,0.32165237168471017,0.02254227190763323,-0.00025208242345307777
20.901472210884094,1.0,1500.0,0.0,15.0,739.0,0.229188929873539,169.0,570.0,5.710328102326252,0.9656756259954934,6927.100001893695,211.8,0.07897680662241778,45.45423728813561,20.783050847457623,8.339856686660866,59.0,44.98222222222222,25.69333333333334,8.393251550780816,45.0,45.45423728813561,20.783050847457623,8.339856686660866,59.0,0.14502973889664036,-0.005909547380419037,-0.004714739368078749,-0.0007594693646788787,-0.000625205659756499,-0.09213557091148464,-0.008249282301294063,13.817145259838625,14.0,600000.0,399.0,7422.44087767601,80.83594196143491,1.4011504650115967,-2.429938554763794,-371.80914306640625,-0.32658809423446655,-371.4825439453125,0.008242961950600147,0.008242961950600147,0.0,2.5371549129486084,0.8536481857299805,0.9119329452514648,-0.05828471854329109,0.05828471854329109,,0.28668463230133057,,0.3412262201309204,0.9047188351551692,1.1940889188118493,-0.018882217741383937,-2.5092837770779925,1.0524370232151106,0.01333540170158247,-366.43894755045574,5.208657120792929,0.06472251476250675,-0.0553963257620732,0.30124403273205935,-0.008924901068575259,-366.3835489908854,5.171427518037155,0.07364736860401558,0.008301489582906166,0.00014376051138806681,1.2452786661957809e-05,0.008301489582906166,0.00014376051138806681,1.2452786661957809e-05,0.0,0.0,0.0,2.631265343228976,1.075057588517461,-0.012517476366942747,0.923701544602712,0.06581376790806885,-0.0016115427017212235,0.9683691302935282,0.06294503603746167,-0.001861243173728686,-0.04466759034742911,0.014515721641231466,0.0002497008122147402,0.04466759034742911,0.014515721641231466,-0.0002497008122147402,0.2856889178355535,0.01711109624113598,1.0290274498058601e-05,0.3273854613304138,0.020595086264139424,0.00037986463116060576
