episode_reward,episode_success,episode_length,episode_terminated,num_trajectories,scenario_total_flow_vph,scenario_cav_penetration,scenario_cav_flow_vph,scenario_hdv_flow_vph,avg_speed,avg_jerk,total_fuel_mL,tet_seconds,tet_rate,trip50_avg_time_s,trip50_avg_stop_time_s,trip50_avg_speed_mps,trip50_num_completed,trip50_hdv_avg_time_s,trip50_hdv_avg_stop_time_s,trip50_hdv_avg_speed_mps,trip50_hdv_num_completed,trip50_mix_avg_time_s,trip50_mix_avg_stop_time_s,trip50_mix_avg_speed_mps,trip50_mix_num_completed,r_speed_mean,r_accel_mean,r_jerk_mean,r_safety_mean,r_lc_mean,r_idle_mean,r_energy_mean,r_terminal_mean,num_terminals,step,episode,elapsed_time,steps_per_second,critic_loss,actor_loss,alpha_loss,alpha_acc_loss,alpha_lane_loss,alpha,alpha_acc,alpha_lane,q_mean,logp_mean,logp_acc_mean,logp_lane_mean,lane_entropy_mean,attn_gate_mean_actor,attn_ego_weight_actor,attn_gate_mean_q1,attn_ego_weight_q1,critic_loss_mean,critic_loss_std,critic_loss_slope,actor_loss_mean,actor_loss_std,actor_loss_slope,alpha_loss_mean,alpha_loss_std,alpha_loss_slope,alpha_acc_loss_mean,alpha_acc_loss_std,alpha_acc_loss_slope,alpha_lane_loss_mean,alpha_lane_loss_std,alpha_lane_loss_slope,alpha_mean,alpha_std,alpha_slope,alpha_acc_mean,alpha_acc_std,alpha_acc_slope,alpha_lane_mean,alpha_lane_std,alpha_lane_slope,q_mean_mean,q_mean_std,q_mean_slope,logp_mean_mean,logp_mean_std,logp_mean_slope,logp_acc_mean_mean,logp_acc_mean_std,logp_acc_mean_slope,logp_lane_mean_mean,logp_lane_mean_std,logp_lane_mean_slope,lane_entropy_mean_mean,lane_entropy_mean_std,lane_entropy_mean_slope
-7629.401680469513,0.0,1500.0,0.0,51.0,1942.0,0.9054173266933417,1758.0,184.0,2.5166701691898656,9.409941246302138,1573.0713032823387,18.2,0.016795865633074936,135.45,94.50000000000001,4.852668093473616,8.0,76.06666666666666,45.933333333333344,8.079896966736243,3.0,135.45,94.50000000000001,4.852668093473616,8.0,-0.008226039850557707,-0.026145453118699417,-0.0606988035389431,-0.0018351129785287744,-0.055811317262733105,-0.7261185397672747,-0.0038279063281840883,1.397981731597229,5.0,1500.0,0.0,20.570257425308228,72.92081810091999,,,,,,,,,,,,,,,,,,,,,,,,,,,,,,,,,,,,,,,,,,,,,,,,,,,,,,,,
-5967.957394450903,0.0,1500.0,0.0,32.0,2052.0,0.31864202907271094,653.0,1399.0,3.4481483600980747,6.236438371506389,8883.405408756238,306.40000000000003,0.06092177993398815,98.6156862745098,58.01176470588235,5.528952276377528,51.0,90.59166666666665,50.475,5.7767978928362,48.0,98.6156862745098,58.01176470588235,5.528952276377528,51.0,-0.005452975035593775,-0.026324857168708637,-0.060401748618918116,-0.00109182298066725,-0.05455602383373528,-0.7153320738261465,-0.004198349180036753,0.3319165843399748,4.0,3000.0,1.0,32.48204970359802,92.35870357244393,,,,,,,,,,,,,,,,,,,,,,,,,,,,,,,,,,,,,,,,,,,,,,,,,,,,,,,,
-9735.578910827637,0.0,1500.0,0.0,27.0,2044.0,0.26312945593648973,537.0,1507.0,4.786258491115044,7.071370543742819,9466.00246648261,379.6,0.08761482712459032,71.02622950819674,29.518032786885247,6.348561724987733,61.0,64.31864406779663,23.071186440677966,6.520345384622296,59.0,71.02622950819674,29.518032786885247,6.348561724987733,61.0,-0.005966133892071437,-0.026608681815265416,-0.06151038613203666,-0.0012555989240313143,-0.053880344919548094,-0.7121344119474705,-0.00411789439310892,0.1320181100378211,2.0,4500.0,2.0,42.53644037246704,105.79164501298413,,,,,,,,,,,,,,,,,,,,,,,,,,,,,,,,,,,,,,,,,,,,,,,,,,,,,,,,
-15940.392742156982,0.0,1500.0,0.0,40.0,2018.0,0.5101947975329254,1029.0,989.0,3.181639258421684,6.6458159083023505,4358.337965315636,143.4,0.055919513336452974,106.84999999999998,63.99166666666665,5.164356020191771,24.0,90.96363636363635,48.309090909090905,5.522471095435408,22.0,106.84999999999998,63.99166666666665,5.164356020191771,24.0,-0.010291290555745222,-0.026325234731946853,-0.061103383113716214,-0.0015012821504445284,-0.055671508877366174,-0.7286469638778024,-0.003674171587208067,0.17821175611675555,2.0,6000.0,3.0,55.65470004081726,107.80760646629285,,,,,,,,,,,,,,,,,,,,,,,,,,,,,,,,,,,,,,,,,,,,,,,,,,,,,,,,
-7857.1436756134035,0.0,1500.0,0.0,49.0,2001.0,0.7771467107628444,1555.0,446.0,2.2879205523581487,8.621089236914903,2558.690303788742,46.400000000000006,0.025979843225083985,148.83333333333334,106.09999999999998,4.605693654431536,12.0,97.11428571428573,58.94285714285713,6.209702344275029,7.0,148.83333333333334,106.09999999999998,4.605693654431536,12.0,-0.011352402970991706,-0.025435819324470192,-0.05986136249556675,-0.0016409963426370613,-0.05649775234978959,-0.7337601598324336,-0.0035193318011450493,1.2601074479584686,5.0,7500.0,4.0,70.10293865203857,106.98552934031535,,,,,,,,,,,,,,,,,,,,,,,,,,,,,,,,,,,,,,,,,,,,,,,,,,,,,,,,
-1722.5817858775456,0.0,1500.0,0.0,41.0,1933.0,0.35894378283200457,693.0,1240.0,3.178995120279666,8.776245575536345,10657.613070560488,348.20000000000005,0.0551997463538364,106.91525423728814,56.9728813559322,4.737891964309725,59.0,77.09361702127659,27.97021276595744,5.545668169948957,47.0,106.91525423728814,56.9728813559322,4.737891964309725,59.0,0.023762454056747595,-0.028921193797613952,-0.059901680242918816,-0.0021766585296369625,-0.05669979979627085,-0.5950194935194885,-0.007232932046319578,0.36286344211986593,12.0,9000.0,5.0,89.97660064697266,100.02600604252561,0.12347505986690521,-5.781952857971191,-1.1242220401763916,-0.531884491443634,-0.5923375487327576,0.7201100587844849,0.7201100587844849,0.7189759016036987,4.524191856384277,-1.7383105754852295,-0.6413203477859497,-1.0969902276992798,1.0969902276992798,,,,,0.1196437622110049,0.0423001504677229,-0.0023523698924513394,-4.56860925356547,0.8371115098266245,-0.09608606406393247,-0.38558899738127367,0.44617697274814727,-0.051547890368437786,-0.18398426837132623,0.21288374421955278,-0.02459367614625866,-0.20160472559509798,0.23330063082803654,-0.026954213683068703,0.9014263272285461,0.11651194147153715,-0.013437505107832988,0.9014263272285461,0.11651194147153715,-0.013437505107832988,0.9011631727218627,0.11678284192451102,-0.013469798785030403,2.9750255823135374,1.0397465327065822,0.11946401909010294,-1.7723090449968975,0.012615695349870766,0.0010113572119606214,-0.6746147672335306,0.012290362356359951,0.0009572506216132076,-1.0976942857106526,0.0005066698139434947,5.4106112979846764e-05,1.0976942857106526,0.0005066698139434947,-5.4106112979846764e-05
-178.55612733823443,0.0,1500.0,0.0,120.0,2084.0,0.8574924208726179,1787.0,297.0,4.19814726701145,5.911607300973133,18987.10747754252,437.40000000000003,0.04250233208955224,81.03307086614173,41.86299212598424,5.092609862844466,127.0,78.3263157894737,39.347368421052636,5.130844016161575,19.0,81.03307086614173,41.86299212598424,5.092609862844466,127.0,0.1370524620782605,-0.021626708860539325,-0.03561552168549837,-0.0027169836710684834,-0.059291555497681385,-0.4303767814145185,-0.018578216465469165,3.79798868466757,109.0,10500.0,6.0,113.00676774978638,92.91478916774743,0.5965604186058044,-7.202432632446289,-2.3652706146240234,-0.9650564789772034,-1.4002141952514648,0.46993693709373474,0.46993693709373474,0.45859387516975403,6.208008766174316,-1.3951884508132935,-0.2984064221382141,-1.0967819690704346,1.0967819690704346,,,,,0.3842996910214424,0.3973288533687792,0.010551869441590396,-7.156926552454631,0.6330242413807152,-0.06313124912334081,-1.8322516361872354,0.376479828318023,-0.0433741293706671,-0.8234709680080414,0.14582502734288244,-0.016520624603657615,-1.0087806860605875,0.23243071697662107,-0.026853506901903326,0.5801848957935969,0.07146161648932403,-0.008238187097468833,0.5801848957935969,0.07146161648932403,-0.008238187097468833,0.5747198591629664,0.07443276002042057,-0.008585097958169089,6.102705844243368,0.7345971194640694,0.07469851787681697,-1.6243686119715373,0.08274249597205698,0.008666780077177933,-0.5290972967942555,0.08222617675109255,0.008565318319237951,-1.0952712893486023,0.0016851726327815097,0.00010146137339388718,1.0952712893486023,0.0016851726327815097,-0.00010146137339388718
9.48982510745056,1.0,1500.0,0.0,127.0,2016.0,0.9385491590041329,1892.0,124.0,9.13694124132304,5.753147414388303,15211.625336265235,331.8,0.06552650288332412,37.23235294117646,9.898529411764711,10.11831535118426,136.0,37.17777777777778,9.800000000000004,9.99677008697801,9.0,37.23235294117646,9.898529411764711,10.11831535118426,136.0,0.38662704764604466,-0.02475905414902753,-0.0367108651945903,-0.005752305909986946,-0.050701421800953675,-0.2372322274881796,-0.042470692871580375,11.317304752486672,127.0,12000.0,7.0,128.64344573020935,93.2810834775552,0.8344531059265137,-11.219436645507812,-3.4275736808776855,-1.2230433225631714,-2.2045304775238037,0.31837794184684753,0.31837794184684753,0.2925834059715271,10.306488037109375,-1.1830477714538574,-0.08885756134986877,-1.094190239906311,1.094190239906311,,,,,0.9810052275657654,0.6705222710265314,0.020507229528119484,-9.88139394124349,1.1008057672965896,-0.10940346171513789,-2.9283969004948935,0.2718404215877505,-0.030680267802865376,-1.1172895669937133,0.06828603594999996,-0.004051380295376868,-1.811107341448466,0.23052383290388248,-0.026628889098713703,0.3859834541877111,0.043180892233261575,-0.004980816293478819,0.3859834541877111,0.043180892233261575,-0.004980816293478819,0.3666343867778778,0.04745628641190147,-0.0054736653742721375,9.094507535298666,1.1312194576745882,0.11435520778906343,-1.2890687425931295,0.11983478718547233,0.012034444230814833,-0.19829225863019626,0.11848518919700675,0.011829069281645434,-1.090776471296946,0.004256068544520711,0.00020537426792609223,1.090776471296946,0.004256068544520711,-0.00020537426792609223
18.210011464357375,1.0,1500.0,0.0,40.0,1926.0,0.3081354881787998,593.0,1333.0,9.714385935039017,3.7560986200238733,13688.478597219257,321.6,0.07122923588039867,35.00000000000002,9.480620155038762,10.95315740661122,129.0,35.1932584269663,9.568539325842698,10.863011949250707,89.0,35.00000000000002,9.480620155038762,10.95315740661122,129.0,0.42404141810042795,-0.025008937249904196,-0.027202931706961572,-0.005700352429723199,-0.050416462518373624,-0.24092764984483922,-0.04374518125265586,13.458578212215688,40.0,13500.0,8.0,140.97653126716614,95.76061971915031,3.6015067100524902,-12.595723152160645,-4.30562686920166,-1.3164081573486328,-2.9892189502716064,0.2169298231601715,0.2169298231601715,0.18674783408641815,12.245588302612305,-0.9633128643035889,0.11842682212591171,-1.0817396640777588,1.0817396640777588,,,,,1.8925458113352458,0.8689515800292604,0.0489879551400597,-11.994405810038248,0.6762360638051896,-0.05116381109490124,-3.862217990557353,0.26242654708400476,-0.02859645950648357,-1.2579095005989074,0.08950452797272349,-0.0026035765254324842,-2.6043084780375163,0.22527055766892842,-0.025992882211958813,0.26305101414521537,0.029097121760682722,-0.003358395777236642,0.26305101414521537,0.029097121760682722,-0.003358395777236642,0.2339259535074234,0.030257532731011724,-0.0034898450496597248,11.366463883717854,0.7345792313136557,0.057771545893888526,-1.0459189057350158,0.09162806860890213,0.00738774539366185,0.037200684162477654,0.08864464713283463,0.006918704289698496,-1.0831195950508117,0.008589909419926644,0.00046904023417644543,1.0831195950508117,0.008589909419926644,-0.00046904023417644543
24.624835632064126,1.0,1500.0,0.0,33.0,2033.0,0.2369136290712322,481.0,1552.0,9.747866641746386,3.1946717431106286,13603.917440361827,297.0,0.06219374293252921,34.856934306569364,9.054014598540144,10.993547658793318,137.0,35.25576923076923,9.21730769230769,10.846211565949435,104.0,34.856934306569364,9.054014598540144,10.993547658793318,137.0,0.43983150996710596,-0.023695727564440733,-0.023485683522671403,-0.005420201203489759,-0.05190261865793573,-0.22896890343698256,-0.040574005460025986,14.88077470764877,33.0,15000.0,9.0,153.18231344223022,97.92253206605972,3.3501477241516113,-13.674800872802734,-5.1948981285095215,-1.4475935697555542,-3.7473044395446777,0.14730459451675415,0.14730459451675415,0.11929155886173248,13.491125106811523,-0.8386228084564209,0.22408011555671692,-1.0627028942108154,1.0627028942108154,,,,,2.695517142613729,0.6567593412695488,0.031234701536388597,-11.998677444458007,0.8450138023948349,-0.016435960508692216,-4.760955476760865,0.2982716708708162,-0.030570062355151698,-1.376483796040217,0.15322982715748218,-0.005459596224966224,-3.384471623102824,0.22010772348181612,-0.025110468583324386,0.17855876584847769,0.01996704952727887,-0.002303845744509593,0.17855876584847769,0.01996704952727887,-0.002303845744509593,0.14936453128854435,0.019259561503409007,-0.002221372658935886,11.529545180002849,0.8921335763751672,0.024329195245354273,-0.890658809741338,0.08197289823869985,0.003400999009277738,0.18230237122625112,0.08397629674111429,0.002678761725314994,-1.072961183389028,0.018468791466301752,0.000722237741854367,1.072961183389028,0.018468791466301752,-0.000722237741854367
27.301529021032394,1.0,1500.0,0.0,62.0,1840.0,0.4993500761961034,918.0,922.0,10.274501969646042,2.9079684386391924,12011.424165925018,291.8,0.07113256301496758,33.08225806451612,8.36451612903226,11.644690798453455,124.0,33.15161290322581,8.458064516129033,11.67633494214174,62.0,33.08225806451612,8.36451612903226,11.644690798453455,124.0,0.4465075325566065,-0.023636921507653542,-0.0164667533373769,-0.00695735203225512,-0.04618354290756968,-0.22581072137656275,-0.03933355936493041,14.416303190259402,62.0,16500.0,10.0,165.86353707313538,99.47936895090172,3.001389980316162,-11.365825653076172,-5.833909511566162,-1.4440935850143433,-4.389815807342529,0.09991367906332016,0.09991367906332016,0.07654168456792831,11.254904747009277,-0.6553491353988647,0.3530008792877197,-1.008349895477295,1.008349895477295,,,,,3.5334649960199993,0.897239941013192,0.05431717951120065,-11.447648906707764,0.8953035930456898,0.027160853936489482,-5.455764865875244,0.27272232092692333,-0.021568124153722668,-1.3637787779172261,0.18564231571462417,-0.0012310130710198636,-4.091986147562663,0.1864099103939411,-0.020337114662959583,0.12131874362627665,0.013537725267203524,-0.001562180873151619,0.12131874362627665,0.013537725267203524,-0.001562180873151619,0.09556054572264354,0.01222651109644021,-0.0014099803729370273,11.112240918477376,0.9724626270816986,-0.021536218815041083,-0.7042253742615382,0.10369131504871998,0.005581584184930936,0.3337541937828064,0.09129796827058498,0.003321324930307726,-1.0379795511563619,0.03208550820912886,0.002260258810406151,1.0379795511563619,0.03208550820912886,-0.002260258810406151
24.954779103398323,1.0,1500.0,0.0,120.0,1984.0,0.902077648573482,1789.0,195.0,9.926742298817926,2.7901885119402134,12526.199849326138,324.40000000000003,0.07124972545574347,34.23308270676691,8.723308270676693,11.185943254779282,133.0,32.67692307692307,7.584615384615386,11.729800210455043,13.0,34.23308270676691,8.723308270676693,11.185943254779282,133.0,0.42498622345391623,-0.022696763996378284,-0.014699821560945226,-0.006638311800876321,-0.036288254868806,-0.2307784627134588,-0.03707257542180165,13.221100660382072,120.0,18000.0,11.0,180.56606316566467,99.68650633693812,3.3223705291748047,-11.883089065551758,-5.754242420196533,-0.7526994943618774,-5.001543045043945,0.0681895911693573,0.0681895911693573,0.04984637349843979,11.842290878295898,-0.2683272659778595,0.6996878981590271,-0.968015193939209,0.968015193939209,,,,,4.314183314641316,0.8716722040118522,0.008243956369605721,-11.369265429178874,1.0928456672689275,-0.0032254988147364075,-5.822328774134318,0.3235849510419113,-0.005486866947806237,-1.3670493642489114,0.2314686574975702,0.003471374856484239,-4.455279421806336,0.31983205911913076,-0.008958244164607877,0.08259552990396818,0.009078004058566689,-0.001047884826201355,0.08259552990396818,0.009078004058566689,-0.001047884826201355,0.06175090509156386,0.0075670217991619555,-0.000872752707745793,11.124951648712159,1.1001955087481978,0.009726386446841345,-0.4662287662426631,0.14277850797781447,0.009208246962777505,0.431507275501887,0.097355654424043,0.004134987631151745,-0.8977360506852468,0.11792138333530874,0.005073260133868483,0.8977360506852468,0.11792138333530874,-0.005073260133868483
25.083983883523103,1.0,1500.0,0.0,114.0,2069.0,0.8197722634388531,1696.0,373.0,9.666656084663913,2.8125821515705227,13095.424231228866,338.6,0.06925468379284955,35.174100719424466,9.038848920863312,10.82441825520691,139.0,35.663999999999994,9.488000000000005,10.613094371452187,25.0,35.174100719424466,9.038848920863312,10.82441825520691,139.0,0.41503568241819433,-0.022456038201299336,-0.013009819387766304,-0.006473270053518218,-0.03055180939537284,-0.2286806023825791,-0.03584004615680935,12.904012116450446,114.0,19500.0,12.0,195.2884600162506,99.85229029087198,4.650997161865234,-7.356035232543945,-5.1527862548828125,-1.143097162246704,-4.0096893310546875,0.04756966978311539,0.04756966978311539,0.03297097980976105,7.131934642791748,0.12943506240844727,0.6046441793441772,-0.47520911693573,0.47520911693573,,,,,5.092762541770935,1.5645199149875624,-0.005130605676415623,-10.375772126515706,1.225375996205964,0.031165207002531645,-5.790655533472697,0.6088368197255868,0.0410801953282851,-1.1564394116401673,0.26501079706605357,0.006995633075446823,-4.63421614964803,0.5170511443224627,0.03408455822173435,0.056859338531891505,0.005884474031029513,-0.0006791469070219229,0.056859338531891505,0.005884474031029513,-0.0006791469070219229,0.04019804485142231,0.004841609943460581,-0.0005575126639926802,10.268034823735555,1.1995885716726362,-0.02708392190986281,-0.168026647840937,0.2367469918078482,0.020764901568580667,0.5760856727759044,0.09729204863168751,0.004121928286631973,-0.7441123197476069,0.19265288056523333,0.01664297334742098,0.7441123197476069,0.19265288056523333,-0.01664297334742098
31.03973790939818,1.0,1500.0,0.0,47.0,1845.0,0.37485200015083087,691.0,1154.0,9.736315157053214,1.922783382119139,11729.052238386175,303.6,0.07017706069992141,34.88870967741936,9.459677419354835,11.032491251366771,124.0,35.4,10.031168831168829,10.890059387931105,77.0,34.88870967741936,9.459677419354835,11.032491251366771,124.0,0.4294608822131811,-0.021411980607322068,-0.009497644975533338,-0.006675900918885565,-0.01827125790583231,-0.22465214335909256,-0.03517837809215496,13.816355015191082,47.0,21000.0,13.0,207.81838631629944,101.04976933098699,5.65802001953125,-5.8098320960998535,-4.231518268585205,-0.28003233671188354,-3.951486110687256,0.03479508310556412,0.03479508310556412,0.02193031646311283,5.973377227783203,0.5620951056480408,0.8966116905212402,-0.33451661467552185,0.33451661467552185,,,,,6.090675409634908,1.8038946300526877,0.028557893617267037,-8.381068483988445,1.414327170540727,0.07149957141303404,-5.403357521692912,0.6280307619520914,0.03340646692855223,-0.8860805218418439,0.3382454406094704,0.014157053894540524,-4.517277010281881,0.5381778601146758,0.019249413726857685,0.0403940034409364,0.0036044883422496434,-0.00041573927618637844,0.0403940034409364,0.0036044883422496434,-0.00041573927618637844,0.026812300893167655,0.0031941816037452304,-0.0003679992073734566,8.259736935297648,1.4086547191024683,-0.07305541616658379,0.15421450637901823,0.20580421100946109,0.015223628271151505,0.7029180506865184,0.10888905349794348,0.0053107230496220815,-0.5487035552660624,0.16556508828863697,0.009912904112437159,0.5487035552660624,0.16556508828863697,-0.009912904112437159
27.80248896900667,1.0,1500.0,0.0,109.0,2080.0,0.7842354002024517,1631.0,449.0,9.612182559012123,2.108911983172718,13009.06064480425,316.40000000000003,0.06438484392169631,35.35395683453239,9.293525179856113,10.872538848740323,139.0,34.88,9.493333333333336,10.944978632516888,30.0,35.35395683453239,9.293525179856113,10.872538848740323,139.0,0.4064510546448589,-0.020701949106456313,-0.009477687848610175,-0.005452960984125129,-0.009296554907957479,-0.23244272606615315,-0.03427350190802692,12.73012624948998,109.0,22500.0,14.0,222.47738122940063,101.13387651214676,5.148012638092041,-6.177127361297607,-3.5147624015808105,0.5212059617042542,-4.03596830368042,0.0270558949559927,0.0270558949559927,0.014750359579920769,6.121194839477539,0.8671379089355469,1.1243846416473389,-0.25724664330482483,0.25724664330482483,,,,,6.481067983309428,1.6744743576662515,-0.023219607748895192,-7.001716105143229,1.2192266575603503,0.03881188987757414,-4.689119466145834,0.6706120602836559,0.04794741228504644,-0.482291741669178,0.4297610740045753,0.02841973879247146,-4.2068277359008786,0.3895703221853842,0.019527670910149005,0.030462155615290008,0.002369037244046398,-0.00027259171125090624,0.030462155615290008,0.002369037244046398,-0.00027259171125090624,0.017951583489775658,0.002046530020327391,-0.00023602882775170423,6.932430855433146,1.2199292917310334,-0.03977848229074118,0.4934795861442884,0.20177292149965287,0.016762644944254623,0.8403617918491364,0.12408412158136599,0.00844317234397862,-0.34688220570484796,0.11382558474994103,0.00831947275939854,0.34688220570484796,0.11382558474994103,-0.00831947275939854
34.5204047827885,1.0,1500.0,0.0,58.0,1962.0,0.43766973094116696,858.0,1104.0,10.26425856230795,1.9930368046532845,11947.931614219193,265.40000000000003,0.06074894707928951,33.0969696969697,7.996969696969696,11.56440056627874,132.0,32.60540540540541,7.72432432432432,11.712272713798239,74.0,33.0969696969697,7.996969696969696,11.56440056627874,132.0,0.43329459374741836,-0.020470791220052204,-0.008061543835501133,-0.0043097845320403,-0.00558934924824979,-0.22219671754848208,-0.03494263448524464,13.83096998516015,58.0,24000.0,15.0,235.25196433067322,102.01827673695973,11.008031845092773,-5.162809371948242,-4.084964752197266,0.6425865292549133,-4.727551460266113,0.022037997841835022,0.022037997841835022,0.009784311056137085,5.250314712524414,0.8266276121139526,1.1484341621398926,-0.32180655002593994,0.32180655002593994,,,,,6.876607783635458,2.6378962971472624,0.08149313125780082,-5.681840968132019,1.6762817543850685,0.021725834569623497,-4.380406856536865,0.515437023374867,-0.008460108828093664,-0.3066070979461074,0.46441279968403065,0.009721995181962442,-4.073799753189087,0.3872956633000527,-0.01818210720618116,0.024179203187425932,0.001478782425830378,-0.00016928870102454944,0.024179203187425932,0.001478782425830378,-0.00016928870102454944,0.01208376195281744,0.0014044281960495445,-0.00016216882053882888,5.669575317700704,1.709692003089147,-0.022386633487909424,0.6764134069283804,0.1311778719252855,0.0015174489795697474,0.8972895463307698,0.12469058215416637,0.0027072812081443726,-0.22087612350781757,0.08032386257756206,-0.0011898325136691728,0.22087612350781757,0.08032386257756206,0.0011898325136691728
39.25337973347417,1.0,1500.0,0.0,27.0,2023.0,0.19487578205219624,394.0,1629.0,10.235086970507474,2.2436394609786885,12952.146641908437,255.0,0.05646839984055981,33.204411764705895,7.952941176470589,11.512661405172965,136.0,33.310091743119266,8.06422018348624,11.468297700058235,109.0,33.204411764705895,7.952941176470589,11.512661405172965,136.0,0.44933398223209775,-0.020255543681843412,-0.007630725237174269,-0.005141881452532422,-0.006417112299465263,-0.2055513114336614,-0.03616956207081458,14.794300983076482,27.0,25500.0,16.0,247.10099077224731,103.19667242250485,4.65216064453125,-3.3560357093811035,-4.039556980133057,0.178514763712883,-4.218071937561035,0.018586162477731705,0.018586162477731705,0.006430997513234615,3.2079825401306152,0.8889281153678894,1.0247952938079834,-0.1358671337366104,0.1358671337366104,,,,,8.1340172290802,3.5897995948279013,-0.0367763361225406,-4.085538137952486,1.5951430746739,0.07296639946729648,-4.393742537498474,0.48255558576075175,0.014291012512563534,-0.2553613762060801,0.41804889566116515,0.0014380123975942694,-4.138381187121073,0.24019059237514817,0.012852996819807137,0.02011307825644811,0.0009123679315606976,-0.00010463617518295608,0.02011307825644811,0.0009123679315606976,-0.00010463617518295608,0.007905667554587126,0.0009432079487256225,-0.00010871984814609684,4.05880226890246,1.6346413485316738,-0.07338650856453013,0.7596846838792165,0.12467718504626413,0.00559066268838154,0.9145783682664236,0.10655020042999465,0.00047098390252491083,-0.15489368252456187,0.06268527853985241,0.005119679224272331,0.15489368252456187,0.06268527853985241,-0.005119679224272331
32.714505488673844,1.0,1500.0,0.0,96.0,2068.0,0.6956732113593945,1438.0,630.0,9.838681064217624,2.0090394596505834,12252.66085021633,275.6,0.05742863096478433,34.52517985611512,8.63597122302158,11.114891252137344,139.0,34.43255813953487,8.827906976744185,11.037057530337453,43.0,34.52517985611512,8.63597122302158,11.114891252137344,139.0,0.4193055111627456,-0.018841584618864343,-0.007125991612503145,-0.004810883081856268,-0.007367995689655042,-0.22112068965518578,-0.033621030142670254,13.16195736769282,96.0,27000.0,17.0,261.2500145435333,103.34927654329704,9.861055374145508,-2.3634519577026367,-4.9585957527160645,-0.4266819357872009,-4.531913757324219,0.017813652753829956,0.017813652753829956,0.004146849736571312,2.5395936965942383,0.7478474378585815,0.8740672469139099,-0.12621979415416718,0.12621979415416718,,,,,8.358204364776611,4.173780778264803,0.02343475121146952,-2.808759968479474,1.4272841211940994,0.011544995837004813,-4.5383539279301965,0.6520468230408136,-0.02758164299741065,-0.13511645421385765,0.4969986016927575,-0.011483832963382843,-4.403237469991049,0.33235543014383195,-0.016097807751614183,0.018130093688766162,0.0002491554047567158,-2.643290215127349e-05,0.018130093688766162,0.0002491554047567158,-2.643290215127349e-05,0.0051769525123139225,0.0006522080477416494,-7.525090650304152e-05,2.8062031934658687,1.4413543447789965,-0.007507630774919184,0.8112127145131429,0.1441172917332502,-0.0035818243185856084,0.9464002271493276,0.12394519154705226,-0.002862193918599441,-0.13518751127024492,0.0570474138334035,-0.000719630863264748,0.13518751127024492,0.0570474138334035,0.000719630863264748
35.62507763887063,1.0,1500.0,0.0,117.0,1977.0,0.8832824103350333,1746.0,231.0,10.074449165645651,1.662558075050551,11091.005159277689,251.0,0.055986795146324056,33.70827067669172,8.124812030075187,11.379844476478034,133.0,32.925,7.762499999999999,11.489349845131674,16.0,33.70827067669172,8.124812030075187,11.379844476478034,133.0,0.43074066565181995,-0.019196876382382717,-0.007213046675089221,-0.00558949090879369,-0.0014039855072463816,-0.21657608695653996,-0.03481150346996715,13.590419308908194,117.0,28500.0,18.0,275.87193179130554,103.30880642674433,5.636966705322266,1.1855665445327759,-4.694399833679199,-0.1496441513299942,-4.544755458831787,0.015798887237906456,0.015798887237906456,0.002697354182600975,-1.2030174732208252,0.8756018877029419,0.9439223408699036,-0.06832052022218704,0.06832052022218704,,,,,10.251394748687744,5.199353908570696,0.053856247550785954,-1.6661374310652415,1.8943249445589643,0.05657180531801985,-4.454117099444072,0.5342023332163596,-0.009812999328596196,0.014935823778311411,0.4723232283682454,-0.009251217472805199,-4.46905288696289,0.17506281836123636,-0.0005617839741095987,0.016687254483501116,0.0007091597391383645,-7.955586088114832e-05,0.016687254483501116,0.0007091597391383645,-7.955586088114832e-05,0.003346964654823144,0.0004102966261995785,-4.7337545291235855e-05,1.6506519094109535,1.8888249728850015,-0.058590740538942934,0.9003179848194123,0.12323608357886418,-0.00036659820193842235,0.9837591787179311,0.1152073411572065,-0.0022565115147889,-0.08344118917981784,0.03475536281745829,0.001889913294617673,0.08344118917981784,0.03475536281745829,-0.001889913294617673
36.26655117181631,1.0,1500.0,0.0,65.0,2068.0,0.4650320388226479,961.0,1107.0,9.897260341806984,1.594292795603589,12142.17458726649,280.40000000000003,0.0587889969808789,34.3136690647482,8.572661870503598,11.133135205553664,139.0,34.61891891891893,8.910810810810808,11.046480957149074,74.0,34.3136690647482,8.572661870503598,11.133135205553664,139.0,0.4300356441980468,-0.01945685457525718,-0.005721617001538167,-0.005269439011048735,-0.0004883011190233977,-0.2165615462868704,-0.033898440698826665,13.787693849711609,65.0,30000.0,19.0,289.0591402053833,103.78499008432772,21.604278564453125,-0.09295719861984253,-5.4299635887146,-0.10729443281888962,-5.32266902923584,0.015230941586196423,0.015230941586196423,0.0017382523510605097,0.1985974907875061,0.8167452812194824,0.954358696937561,-0.13761338591575623,0.13761338591575623,,,,,10.090112996101379,4.834094327204794,-0.10701824422672983,-0.9014822681744893,1.7588840207735503,0.08794893306142375,-4.703926992416382,0.49633929804790033,-0.01812440121134067,-0.00720088059703509,0.412089116453699,-0.005639492543838975,-4.696726099650065,0.2525869802933543,-0.012484907547014016,0.015431872848421336,0.00023472498785517124,-2.004996261189626e-05,0.015431872848421336,0.00023472498785517124,-2.004996261189626e-05,0.0021675939904525878,0.0002726871580618269,-3.1457169632012044e-05,0.8379305452108383,1.789355436692062,-0.08359133241836973,0.9136195401350657,0.1059585432059508,-0.0015466744562940614,0.9783029377460479,0.09862134589269728,-0.0013555120573160763,-0.06468338523215304,0.03707139538297967,-0.0001911610496998047,0.06468338523215304,0.03707139538297967,0.0001911610496998047
30.78933778444926,1.0,1500.0,0.0,75.0,1890.0,0.5952623266138712,1125.0,765.0,9.835328967498613,1.302309391403323,10672.413523916173,267.2,0.061408347122632836,34.53333333333333,8.944444444444443,11.171654449526757,126.0,33.52156862745098,8.549019607843135,11.464189575651874,51.0,34.53333333333333,8.944444444444443,11.171654449526757,126.0,0.4108898804031331,-0.01981548490385076,-0.005801622001274177,-0.005122448224098345,-0.0006181202370872134,-0.23403895004234382,-0.03282801623085804,13.048317538499134,75.0,31500.0,20.0,302.4002754688263,104.16657177697333,9.485604286193848,0.8554158210754395,-4.898888111114502,0.1868985891342163,-5.085786819458008,0.014525145292282104,0.014525145292282104,0.0011146165197715163,-1.136669635772705,0.9761395454406738,1.024165153503418,-0.04802565649151802,0.04802565649151802,,,,,9.004446379343669,4.128345586124645,0.03966038006961788,-0.12977311809857686,1.3453723071223516,0.06340406875854344,-5.140996821721395,0.44599351790592134,0.00152837808458383,-0.17492673061788083,0.4566951533595491,0.007285541167546964,-4.966070127487183,0.1547955921147789,-0.005757163284352608,0.014815522575130064,0.0002482723534392666,-2.5652536917250546e-05,0.014815522575130064,0.0002482723534392666,-2.5652536917250546e-05,0.0013920460245572031,0.0001778409710765597,-2.051409382116181e-05,0.0810414453347524,1.3405580947429336,-0.06330263305691648,0.8840859393278758,0.10732376498909854,0.0025690022379458092,0.938389527797699,0.10835121007351543,0.0017464993660388833,-0.05430359113961458,0.023431273152291918,0.0008225026112609254,0.05430359113961458,0.023431273152291918,-0.0008225026112609254
36.673333525657654,1.0,1500.0,0.0,32.0,2032.0,0.2293658414375746,466.0,1566.0,10.190061147922078,1.5103821717606087,12246.618797936346,295.0,0.06457403029507049,33.34598540145985,8.386861313868616,11.566931105950378,137.0,33.432380952380946,8.405714285714286,11.544030076250007,105.0,33.34598540145985,8.386861313868616,11.566931105950378,137.0,0.44592769626595685,-0.02167645382731711,-0.004643337582038571,-0.0051102181110833245,-0.0005553182400683471,-0.22759504485262147,-0.0361619052885952,14.699329814079057,32.0,33000.0,21.0,314.6160521507263,104.88975300023901,11.211511611938477,-0.5944024324417114,-5.007666110992432,0.19239820539951324,-5.200064182281494,0.016017524525523186,0.016017524525523186,0.0007138472283259034,0.7398500442504883,1.0087509155273438,1.026540756225586,-0.01778993010520935,0.01778993010520935,,,,,10.889231411616008,5.202722057628288,0.07456926031823406,0.20626307825247447,1.666414439040141,-0.026000352530378676,-5.062385241190593,0.4231683352996593,0.0017536651305813443,0.12947359159588814,0.4214073911723598,0.01215981518366976,-5.1918588002522785,0.16170543530102235,-0.010406150435976902,0.015078238335748513,0.0006290120387365247,6.904440980665642e-05,0.015078238335748513,0.0006290120387365247,6.904440980665642e-05,0.0008931600449917217,0.00011474261068257861,-1.3236128813167596e-05,-0.1987859934568405,1.687927599598396,0.029403320017858142,0.9723188479741415,0.101449776461421,0.0029888443209570453,1.0109951615333557,0.10044613756133848,0.0029109387562192435,-0.03867631300042073,0.01898822497161863,7.790491208682832e-05,0.03867631300042073,0.01898822497161863,-7.790491208682832e-05
37.90612235508467,1.0,1500.0,0.0,76.0,1810.0,0.6273123987904075,1135.0,675.0,10.318949194142093,1.1777106765401246,9881.626259447905,275.2,0.06853954971109782,32.91147540983606,8.134426229508197,11.709815495834356,122.0,33.13913043478261,8.343478260869567,11.629725348679868,46.0,32.91147540983606,8.134426229508197,11.709815495834356,122.0,0.45048565108948996,-0.021523182913576945,-0.00505030825383606,-0.005796265494618335,-0.0013604208235080684,-0.22078723018320384,-0.035795688998106895,14.668456945804424,76.0,34500.0,22.0,327.6223089694977,105.30418428621728,8.567245483398438,-1.3627115488052368,-6.819950580596924,-1.0083813667297363,-5.8115692138671875,0.014936697669327259,0.014936697669327259,0.00045458137174136937,1.510414719581604,0.6849610805511475,0.7401196360588074,-0.05515851825475693,0.05515851825475693,,,,,10.330529507001241,6.117212497140543,0.044069208106952085,0.570485986272494,1.8992659093553097,0.005056424407460408,-5.747065671284994,0.5865317090506562,-0.013187895574346818,-0.12757239515582722,0.5471591861709055,-0.010812305938348891,-5.619493261973063,0.2205720073514369,-0.002375593174816577,0.0154931066557765,0.0003910638239433402,-4.2710652589400354e-05,0.0154931066557765,0.0003910638239433402,-4.2710652589400354e-05,0.0005694198451237753,7.379356812837233e-05,-8.510668676303047e-06,-0.5622013275822003,1.879800220752104,-0.004449690293284491,0.8979490498701731,0.13224230399896117,-0.001365977572121809,0.9495015819867452,0.131185076630738,-0.0025754402158523126,-0.05155253416548173,0.031871004577965274,0.0012094640671311842,0.05155253416548173,0.031871004577965274,-0.0012094640671311842
35.29782019921069,1.0,1500.0,0.0,53.0,1915.0,0.4146595840752294,794.0,1121.0,10.074511806000917,1.8766032460181992,11402.10118563666,291.0,0.06741416855858778,33.72343750000001,8.646874999999998,11.454416511919614,128.0,33.76266666666667,8.826666666666666,11.38829674611956,75.0,33.72343750000001,8.646874999999998,11.454416511919614,128.0,0.4347001202461459,-0.020671418349833076,-0.005281231617420383,-0.006674826220273684,-0.0018525519848771222,-0.22422180214239865,-0.03486487772619749,14.16775111621876,53.0,36000.0,23.0,340.228524684906,105.81123388563756,11.642220497131348,-1.7828741073608398,-6.187784671783447,0.06281134486198425,-6.250596046447754,0.015539901331067085,0.015539901331067085,0.0002897527883760631,1.7824007272720337,0.927777886390686,0.9950821399688721,-0.06730427592992783,0.06730427592992783,,,,,9.479487331708272,4.665652395835555,-0.06172766261159143,1.2383447125554086,1.2372368803517504,0.0019164187392350196,-5.988530317942302,0.4472106711531906,-0.012220865786406921,-0.041657841950654986,0.44461547753951564,0.004376930261944505,-5.94687245686849,0.3065695978931836,-0.016597791932713647,0.0147384038195014,0.00027502003760379866,2.3592742485251986e-05,0.0147384038195014,0.00027502003760379866,2.3592742485251986e-05,0.0003634353847398112,4.7099932280980744e-05,-5.432108864685455e-06,-1.2058282154301803,1.250143285304328,-0.0030691038332340604,0.9201696177323659,0.0986808691457615,0.00036441355579022765,0.9701826314131419,0.10518640775010327,0.0010362292953805035,-0.050013027153909206,0.03450261704889255,-0.0006718135719602969,0.050013027153909206,0.03450261704889255,0.0006718135719602969
20.37560408455985,1.0,1500.0,0.0,7.0,1951.0,0.050280831653903284,98.0,1853.0,9.787213981511718,2.3764963113928808,12812.447346289839,304.8,0.06704500461924244,34.70381679389312,9.186259541984729,11.05303875144734,131.0,34.58548387096772,9.075806451612902,11.090526805910384,124.0,34.70381679389312,9.186259541984729,11.05303875144734,131.0,0.3934049586193963,-0.020341983692355653,-0.004049490977909441,-0.002404255234663507,-0.01458515283842792,-0.2724890829694343,-0.029579627304087988,12.204335050243625,7.0,37500.0,24.0,351.25093030929565,106.7612830718461,25.671550750732422,-2.364449977874756,-6.369571685791016,0.16497263312339783,-6.534544467926025,0.015226403251290321,0.015226403251290321,0.00018404620641376823,2.3093862533569336,0.9595951437950134,1.019423484802246,-0.059828441590070724,0.059828441590070724,,,,,11.722670960426331,7.182813489798412,-0.02180374042608603,1.5650416120886803,1.7064744106588037,-0.046128386574008994,-6.510338036219279,0.3733723681550672,-0.0022854601315845475,-0.08170644318064053,0.35218833804772554,0.003981206021597978,-6.428631623586019,0.24768630962775678,-0.006266659915911171,0.015275586489588022,9.097220647761981e-05,-4.4460869389066975e-06,0.015275586489588022,9.097220647761981e-05,-4.4460869389066975e-06,0.00023071548639563844,3.0347350532218306e-05,-3.4974622536291165e-06,-1.5045621385176977,1.7043710979983948,0.044327471525438436,0.8934374829133351,0.0825928178897233,0.0015787374323546594,0.9604159633318583,0.08415748880192626,0.0009561846067960918,-0.06697849091142416,0.029416382915227305,0.0006225525980630909,0.06697849091142416,0.029416382915227305,-0.0006225525980630909
39.66856939593951,1.0,1500.0,0.0,36.0,2059.0,0.2609595715531248,537.0,1522.0,10.062498844184866,1.5126823913886025,12017.325537109173,313.0,0.06720199244245964,33.75072463768116,8.610144927536235,11.367274516311882,138.0,34.17450980392156,8.943137254901961,11.198877936455073,102.0,33.75072463768116,8.610144927536235,11.367274516311882,138.0,0.45293054527566073,-0.019811963046124457,-0.005179181120922757,-0.004669628338886651,-0.00013484877672895396,-0.2126757850125162,-0.0354361084870989,14.431221041639864,36.0,39000.0,25.0,363.38819551467896,107.32324407170955,12.733112335205078,4.326059341430664,-7.091670036315918,-0.2984895706176758,-6.793180465698242,0.015709755942225456,0.015709755942225456,0.0001174418575828895,-4.193554878234863,0.8574450612068176,0.9081332683563232,-0.050688184797763824,0.050688184797763824,,,,,11.818538077672322,6.588112823673944,-0.006964817938205434,2.0258689244588215,1.8377328666465687,0.012300970026595383,-6.629652690887451,0.4651800173704543,-0.010307759252087597,0.09891032452384631,0.509043438498074,-0.005324604727733915,-6.728563006718954,0.18287219229785304,-0.004983154632092895,0.015232000903536876,0.00031074938792737065,3.082656733550772e-05,0.015232000903536876,0.00031074938792737065,3.082656733550772e-05,0.00014703527316063021,1.9056088045964472e-05,-2.1975652511035877e-06,-1.999967485666275,1.8007171229958103,-0.006907323589579475,0.9416728874047597,0.11355461867436756,-0.0005379901844614707,1.003523161013921,0.1214491247168994,-0.001266327888204501,-0.061850280376772086,0.021033255103954443,0.0007283372756868648,0.061850280376772086,0.021033255103954443,-0.0007283372756868648
31.56745913028717,1.0,1500.0,0.0,40.0,1800.0,0.33243284500018844,598.0,1202.0,10.10136001914687,1.264084568204645,10491.149452779016,267.6,0.06578817976202184,33.61652892561984,8.824793388429754,11.509435344863437,121.0,33.6074074074074,8.639506172839504,11.434744732565392,81.0,33.61652892561984,8.824793388429754,11.509435344863437,121.0,0.43462643682971025,-0.01929390382941641,-0.0036902812598296445,-0.005868731759654108,-0.007777036048064151,-0.24566088117489163,-0.03438074157534253,13.89782173542348,40.0,40500.0,26.0,375.7026720046997,107.79800895185909,24.893310546875,2.9991331100463867,-7.502629280090332,0.05878257751464844,-7.5614118576049805,0.01577334851026535,0.01577334851026535,7.425948570016772e-05,-2.913569927215576,0.8988675475120544,0.9941659569740295,-0.09529837965965271,0.09529837965965271,,,,,12.625752766927084,6.548642104727328,0.012270288817476537,1.9775009999672573,1.7356873691046841,0.06991448094104898,-7.4242908477783205,0.5004303145450562,-0.02230298611955971,-0.15093157415588696,0.4118583386355956,0.002661381283975958,-7.273359266916911,0.35068707146897554,-0.024964363556417218,0.01582690328359604,0.00011578970883659471,7.752462541963813e-06,0.01582690328359604,0.00011578970883659471,7.752462541963813e-06,9.357004892081022e-05,1.239961927033215e-05,-1.430369073030923e-06,-1.954067381223043,1.7330963946621651,-0.07173673759180392,0.8604537427425385,0.09953698406129266,-0.000772979567127866,0.9436001578966776,0.09935255126639855,0.0006348077924683793,-0.08314642620583375,0.0322319897140704,-0.0014077871267137853,0.08314642620583375,0.0322319897140704,0.0014077871267137853
5.625778757365404,1.0,1500.0,0.0,113.0,2000.0,0.846403658669177,1692.0,308.0,8.003898688268238,1.1842908532261218,11381.483494803357,206.0,0.03622806091941894,42.434328358208944,13.294029850746268,9.814326281315383,134.0,33.11428571428572,8.999999999999996,11.9104718689434,21.0,42.434328358208944,13.294029850746268,9.814326281315383,134.0,0.3085165341915962,-0.017055358807384298,-0.004512794799201961,-0.0025255896037574103,-0.007983395237054573,-0.27833078435660474,-0.02413219090293403,10.896129609222019,113.0,42000.0,27.0,391.6888325214386,107.22797412842037,14.750554084777832,3.752234697341919,-7.752927780151367,-0.2177240252494812,-7.53520393371582,0.016056930646300316,0.016056930646300316,4.72786086902488e-05,-3.6720151901245117,0.8706958293914795,0.9273058772087097,-0.05661001428961754,0.05661001428961754,,,,,11.281951141357421,6.629530517122661,-0.05849910986436776,2.072940093278885,1.6639848694653925,-0.006726712127681371,-7.630482769012451,0.6083400876804923,-0.03690140186347983,0.04813080014040073,0.38090835131959166,-0.01611340857163753,-7.678613567352295,0.41474664402091305,-0.020787989496521563,0.01622306996335586,0.0003038258058582082,9.470915751276446e-06,0.01622306996335586,0.0003038258058582082,9.470915751276446e-06,5.9350343993476905e-05,7.71895010108625e-06,-8.903761673123026e-07,-2.0478531474868458,1.691346364780602,0.007506342707937372,0.9033770759900411,0.10340395725210297,-0.004813957718243477,0.9916111568609873,0.09243993088987998,-0.003893186717197835,-0.08823408102616667,0.03896042336166775,-0.0009207700622641983,0.08823408102616667,0.03896042336166775,0.0009207700622641983
35.18559395595336,1.0,1500.0,0.0,71.0,2081.0,0.5056900687143044,1052.0,1029.0,10.031600881368568,1.363259455473132,11734.264027392956,285.6,0.060255706991856194,33.85571428571431,8.215714285714283,11.292396252790954,140.0,33.68115942028985,8.455072463768117,11.410063085277118,69.0,33.85571428571431,8.215714285714283,11.292396252790954,140.0,0.42967278018851396,-0.01848312126249824,-0.004145647437681843,-0.0052384494284872,-0.014451889075004231,-0.21060859854829395,-0.032819108279014686,13.402094859258465,71.0,43500.0,28.0,404.9515688419342,107.42025305495105,2.9269332885742188,2.107492685317993,-7.353694438934326,0.6501945853233337,-8.003889083862305,0.014940856955945492,0.014940856955945492,3.0090568543528207e-05,-1.942628264427185,1.0658791065216064,1.1346700191497803,-0.06879076361656189,0.06879076361656189,,,,,11.712454581260682,7.14542621583353,-0.08256751374487649,1.9712574968735377,1.522682226263052,-0.02596839309003917,-8.124937025705973,0.7029016917427416,-0.013437200892090833,-0.0267627423008283,0.5223750978523978,0.00351335765986606,-8.09817419052124,0.4529917921924844,-0.016950560623864682,0.01539339628070593,0.000351755436751234,-3.7218670094504185e-05,0.01539339628070593,0.000351755436751234,-3.7218670094504185e-05,3.776402233294599e-05,4.919975004082323e-06,-5.673924329408602e-07,-1.9419196804364522,1.502157022349075,0.025078064740300887,0.879078874985377,0.13452117454622617,0.00035524239662091734,0.9735600670178731,0.12553510368965817,0.0008387980392167327,-0.09448118001843492,0.042325018918309955,-0.0004835544937229124,0.09448118001843492,0.042325018918309955,0.0004835544937229124
39.315409925248886,1.0,1500.0,0.0,54.0,1831.0,0.43619629879923,798.0,1033.0,10.370822946776572,1.301122422033722,10349.348730751763,274.40000000000003,0.06810622983370564,32.75609756097561,8.125203252032518,11.785323838663102,123.0,33.08695652173915,8.420289855072467,11.67536291851128,69.0,32.75609756097561,8.125203252032518,11.785323838663102,123.0,0.456956922877707,-0.018969505533110644,-0.004659545881592009,-0.006014396451528424,-0.007122543950362011,-0.2163391933815847,-0.03445312965650683,15.04749062727524,54.0,45000.0,29.0,417.26313734054565,107.84561580687547,3.4943559169769287,2.1567907333374023,-8.817221641540527,-0.8603922128677368,-7.956829071044922,0.015637200325727463,0.015637200325727463,1.912846346385777e-05,-2.1307332515716553,0.7406648397445679,0.7730641961097717,-0.03239943087100983,0.03239943087100983,,,,,13.795130892594655,8.402122342673234,0.12293618680107424,2.356911468505859,1.3587165026652208,0.0193010877051263,-8.511092631022136,0.5842999245860462,-0.022635453535001262,0.07000555098056793,0.3653297773869387,-0.008647810007229003,-8.581098206837972,0.4619760309095457,-0.01398763752089713,0.015808509197086096,0.00028017186442795344,1.401472588103887e-05,0.015808509197086096,0.00028017186442795344,1.401472588103887e-05,2.4027297634650797e-05,3.126704473951144e-06,-3.605854657026178e-07,-2.3231852293014525,1.3227757608141912,-0.018744441611615596,0.8907516022523244,0.09512880776455146,-0.0022422864386714694,0.9968876878420512,0.08807913158032998,-0.0020715029804539683,-0.10613608745237192,0.04174735828090375,-0.0001707826750363318,0.10613608745237192,0.04174735828090375,0.0001707826750363318
41.13879834810893,1.0,1500.0,0.0,15.0,1965.0,0.11091043612546979,217.0,1748.0,9.929896296296182,2.074301379089071,12415.062576834309,299.0,0.06614751559665502,34.24393939393938,8.79242424242424,11.176370488484098,132.0,34.45470085470085,8.984615384615385,11.114876078397774,117.0,34.24393939393938,8.79242424242424,11.176370488484098,132.0,0.4538277286794262,-0.019211264538614426,-0.003941765656845982,-0.007364580905339759,-0.003328710124826625,-0.2023116042533537,-0.035835378344026336,14.918275352534772,15.0,46500.0,30.0,428.96251130104065,108.40108115500766,20.862091064453125,2.9814956188201904,-10.342387199401855,-0.7155300378799438,-9.626856803894043,0.014133058488368988,0.014133058488368988,1.227101620315807e-05,-2.869508743286133,0.6606625914573669,0.811997652053833,-0.15133503079414368,0.15133503079414368,,,,,11.111659542719524,7.115621032140059,0.08791393167582692,2.344390081365903,1.5047357551508724,-0.01872748458080486,-8.84340279897054,0.5466915790979977,-0.02680224947987706,-0.1260949100057284,0.41252512479088127,0.0005112757672192185,-8.717307901382446,0.5381725156112395,-0.02731353082964487,0.014387134866168102,0.0004605841143908617,-4.2232628020813554e-05,0.014387134866168102,0.0004605841143908617,-4.2232628020813554e-05,1.537431007818668e-05,1.9655896208231076e-06,-2.2675839468992996e-07,-2.2958634793758392,1.4967843551109679,0.01776052369954728,0.8644030471642812,0.09005073464441707,-0.0012761731168982639,0.95026309688886,0.09709595224092465,0.00012637488171040275,-0.0858600382382671,0.04510421176861122,-0.0014025508682010428,0.0858600382382671,0.04510421176861122,0.0014025508682010428
30.127298220610008,1.0,1500.0,0.0,78.0,2064.0,0.5650065459248755,1166.0,898.0,9.824248453267268,1.5078818279825255,11595.54816861663,269.2,0.056400586633144775,34.58695652173913,8.679710144927535,11.147270402730808,138.0,33.72333333333333,8.270000000000001,11.463831323471092,60.0,34.58695652173913,8.679710144927535,11.147270402730808,138.0,0.41257224912345203,-0.01994584907442127,-0.004932030463718335,-0.0045104304271192525,-0.013338234092950667,-0.2292248631871347,-0.031973540079725235,13.073850799536013,78.0,48000.0,31.0,442.71806263923645,108.42114666352431,23.995132446289062,1.9274293184280396,-9.287842750549316,-0.09592506289482117,-9.191917419433594,0.01438234280794859,0.01438234280794859,7.851584996387828e-06,-1.8140404224395752,0.8753923177719116,0.9573843479156494,-0.08199209719896317,0.08199209719896317,,,,,13.549587504069011,9.472093952059545,0.33877452939450403,2.5813178504506746,1.5838030411691217,0.006258886134266371,-9.00769108136495,0.6835240206224253,0.023778954125087313,0.045026454826196036,0.43318472084603654,0.0017094526758978993,-9.052717526753744,0.42569288272018524,0.022069499914320174,0.01436157791564862,0.0003753737753485664,3.347056809071017e-05,0.01436157791564862,0.0003753737753485664,3.347056809071017e-05,9.792473277533038e-06,1.2468862949250133e-06,-1.4373214937376453e-07,-2.5516110161940255,1.5881500108995175,-0.00600841205828176,0.9059027671813965,0.11951526770716349,0.003316265377770256,0.9905338486035665,0.10213399233853768,0.00038157938850070275,-0.08463106490671635,0.041846723979340014,0.0029346872465032415,0.08463106490671635,0.041846723979340014,-0.0029346872465032415
35.19878136805999,1.0,1500.0,0.0,78.0,2064.0,0.5616420727321008,1159.0,905.0,9.95616471260209,1.9206068783393733,12186.498361852355,262.6,0.05536813696550561,34.12086330935253,8.289208633093525,11.211882362256901,139.0,33.770491803278695,8.54426229508197,11.38469694186789,61.0,34.12086330935253,8.289208633093525,11.211882362256901,139.0,0.4239908342454838,-0.01779296736238855,-0.003568645759784148,-0.004055294282550616,-0.01368165452566315,-0.21133718496190454,-0.031449011293752306,13.440154748867736,78.0,49500.0,32.0,456.3024432659149,108.48068146580879,8.887911796569824,1.928574562072754,-10.150764465332031,-0.0374947264790535,-10.113269805908203,0.01444395724684,0.01444395724684,4.988953605788993e-06,-1.7585811614990234,0.8427366614341736,0.9711520075798035,-0.12841534614562988,0.12841534614562988,,,,,11.802487818400065,6.691754546645912,0.21736539940415017,1.7607527742783229,1.7667111858009181,-0.02990572796647623,-9.482762813568115,0.5412832689853154,0.005004065771389631,0.011777797838052113,0.46289041885555343,0.019423649925013407,-9.494540596008301,0.38870364913411687,-0.014419582396646143,0.013935057353228331,0.0003016091555710656,1.9110173807459678e-05,0.013935057353228331,0.0003016091555710656,1.9110173807459678e-05,6.262649731070269e-06,8.1580310905561e-07,-9.406126289860517e-08,-1.7174758439262707,1.7692329157426223,0.031131835916681498,0.8908206184705099,0.1092755289573535,0.004341439277895021,0.9827340185642243,0.10836671326654379,0.004538911561149093,-0.09191341524322828,0.03071035366646638,-0.00019747131360120653,0.09191341524322828,0.03071035366646638,0.00019747131360120653
34.86602154198815,1.0,1500.0,0.0,102.0,1818.0,0.8349592228434881,1517.0,301.0,10.145895302440717,1.3207259303049566,9679.770138205313,222.60000000000002,0.0540790049074389,33.4650406504065,8.157723577235778,11.606023680305102,123.0,31.952380952380956,7.0,12.030768890655429,21.0,33.4650406504065,8.157723577235778,11.606023680305102,123.0,0.4335021178340449,-0.018572132515198184,-0.0038779555631214906,-0.00530223707134297,-0.011826552602363613,-0.22370534839680212,-0.0323723599009363,14.17162274298869,102.0,51000.0,33.0,470.13599944114685,108.47924868681396,9.399593353271484,1.2516965866088867,-10.879159927368164,-0.8711503744125366,-10.008009910583496,0.013867189176380634,0.013867189176380634,3.1732895422464935e-06,-1.0434272289276123,0.6858667135238647,0.7763612866401672,-0.09049458056688309,0.09049458056688309,,,,,14.553716548283894,10.185304302317682,-0.17160728855578605,2.101154033839703,1.4976235871766672,-0.026371530686257583,-10.075739987691243,0.8957113652467353,-0.02845541134029123,-0.06355534866452217,0.5026833965429875,-0.019325364151507526,-10.012184651692708,0.6271166519824224,-0.009130057821814508,0.014582681531707446,0.0003447242594269481,-4.598569618051354e-06,0.014582681531707446,0.0003447242594269481,-4.598569618051354e-06,3.975415696307512e-06,5.183844071881908e-07,-5.975597579103674e-08,-1.9877787748972575,1.4926034270945905,0.02415270126436128,0.8604774316151936,0.13717555383057334,-0.00430389336404601,0.9651056905587514,0.1186263419796673,-0.0045405704134431095,-0.10462824357673525,0.04975342775856994,0.00023667557689219685,0.10462824357673525,0.04975342775856994,-0.00023667557689219685
34.55871247617822,1.0,1500.0,0.0,57.0,1831.0,0.4626460004930176,847.0,984.0,10.270706882283024,1.359805151461129,10399.784999579095,266.2,0.06542791132084746,33.0780487804878,8.330081300813006,11.653035726135379,123.0,32.718181818181826,8.299999999999999,11.815643850158615,66.0,33.0780487804878,8.330081300813006,11.653035726135379,123.0,0.43838704745132223,-0.01961878964709442,-0.0037029227045212868,-0.005584536131473906,-0.012306784660766767,-0.22503834808258713,-0.03393828541100087,14.010943180331278,57.0,52500.0,34.0,482.85227632522583,108.72890648782725,8.178750991821289,3.3994483947753906,-9.581547737121582,0.16301992535591125,-9.74456787109375,0.013601807877421379,0.013601807877421379,2.018268332903972e-06,-3.2708544731140137,0.9748079776763916,1.017931342124939,-0.043123409152030945,0.043123409152030945,,,,,11.11081395149231,6.909161113261981,0.12100291448387317,2.2193163802226383,1.91913598111193,0.04190644708040418,-10.369035752614339,0.6587964199358824,-0.004814123974758408,0.041017892956733706,0.42579258125979275,0.01328354207374098,-10.410053602854411,0.5592825642190596,-0.018097664490424933,0.01347833958764871,0.00014984036220848523,6.486970239273871e-06,0.01347833958764871,0.00014984036220848523,6.486970239273871e-06,2.5340732842475213e-06,3.3006770081921084e-07,-3.807040776034606e-08,-2.199111479024092,1.867381390547022,-0.042337115856511134,0.8822036405404409,0.10422739884130476,0.0026247520335391265,0.9895270685354869,0.09879811776739224,0.003091217161418321,-0.1073234369357427,0.04182451820032016,-0.00046646484775723446,0.1073234369357427,0.04182451820032016,0.00046646484775723446
38.36353197637594,1.0,1500.0,0.0,53.0,1915.0,0.4084130846621015,782.0,1133.0,10.339572247477077,1.5576732550717167,10896.249256745246,251.20000000000002,0.05927883707759109,32.849612403100785,7.817054263565889,11.67299919365189,129.0,33.03947368421053,7.999999999999997,11.621153295880005,76.0,32.849612403100785,7.817054263565889,11.67299919365189,129.0,0.45381322784893474,-0.019265252350302145,-0.004313848631277118,-0.004886817325944511,-0.016031434184675484,-0.20977079240339794,-0.03438207068717039,14.570709763732397,53.0,54000.0,35.0,495.37686491012573,109.0079166490688,16.321123123168945,1.0472559928894043,-10.577047348022461,0.2105637490749359,-10.78761100769043,0.014174037612974644,0.014174037612974644,1.2866128145105904e-06,-1.265378475189209,0.9341124296188354,1.0294711589813232,-0.09535874426364899,0.09535874426364899,,,,,13.864066060384115,8.637718237110615,0.038625970273977586,2.7000219881534577,1.7477396496203175,0.037167097344679614,-10.82567319869995,0.6205057951642734,-0.014013769682310145,-0.04202854794760545,0.4525032916688603,0.005627466934640892,-10.783644676208496,0.48045797289104575,-0.019641240154940794,0.013663505824903647,0.00029878808843480665,1.7407456116628192e-05,0.013663505824903647,0.00029878808843480665,1.7407456116628192e-05,1.6137857642206654e-06,2.0831310334800436e-07,-2.4032706445302485e-08,-2.669687713185946,1.7431202667236991,-0.04173069958294325,0.8622248530387878,0.10765705905680925,0.0007504468234680501,0.9702457229296366,0.10547395948625607,0.001306998132996328,-0.10802089832723141,0.034131221080223755,-0.0005565538612899816,0.10802089832723141,0.034131221080223755,0.0005565538612899816
36.2806094661355,1.0,1500.0,0.0,80.0,1848.0,0.6455018487222266,1192.0,656.0,10.196457845593024,1.8571087810533051,10560.138735699238,239.8,0.0580713905167821,33.301612903225816,8.082258064516129,11.576304470466326,124.0,33.022727272727266,8.363636363636363,11.669645777008213,44.0,33.301612903225816,8.082258064516129,11.576304470466326,124.0,0.438479122848507,-0.017758886038968132,-0.004400190947827313,-0.0040435480124838856,-0.016265769554246703,-0.21335576114382077,-0.033303124509626345,14.083191954391873,80.0,55500.0,36.0,508.64705204963684,109.11298861628707,20.500614166259766,2.20513916015625,-10.45418930053711,0.3509637713432312,-10.805152893066406,0.012739898636937141,0.012739898636937141,8.240024271799484e-07,-1.9835249185562134,0.9891254901885986,1.0604370832443237,-0.0713115781545639,0.0713115781545639,,,,,13.117545859018962,7.8022403888551555,0.1996238042303133,1.9195067827900252,1.8232055288563445,-0.03806771439426609,-11.095253181457519,0.5525558601905506,-0.005137840075805415,-0.09584758182366689,0.39684397256422,-0.0020027857269673266,-10.999405638376873,0.3657290182427572,-0.003135047420378478,0.013493088042984406,0.0003558222107038322,-3.537647654038282e-05,0.013493088042984406,0.0003558222107038322,-3.537647654038282e-05,1.0304276239973356e-06,1.325877130918356e-07,-1.5292289365053292e-08,-1.8514319777488708,1.8211893432768522,0.04059465658147562,0.860246616601944,0.09688735255790386,0.00018417963859633244,0.9577297826608022,0.0920483855802471,-0.0004440506652942647,-0.09748316903909048,0.027043410434211854,0.000628230784573204,0.09748316903909048,0.027043410434211854,-0.000628230784573204
34.09744119303567,1.0,1500.0,0.0,35.0,1875.0,0.27476227315856977,515.0,1360.0,10.457912052766973,1.3958707696864299,11168.651523308698,284.0,0.06942067954045465,32.46825396825396,8.152380952380955,11.875844050469647,126.0,32.22857142857143,8.090109890109888,11.97545547843013,91.0,32.46825396825396,8.152380952380955,11.875844050469647,126.0,0.44348490801999013,-0.021002512403913848,-0.004798490452620882,-0.005398379996255528,-0.016524105754276718,-0.22628304821150236,-0.03674953874280743,14.590094636691632,35.0,57000.0,37.0,520.4567663669586,109.51918330870733,13.494686126708984,1.4804774522781372,-10.938313484191895,-0.39975613355636597,-10.538557052612305,0.012707985006272793,0.012707985006272793,5.275169883134367e-07,-1.4608774185180664,0.859358549118042,0.8884279727935791,-0.029069477692246437,0.029069477692246437,,,,,12.186883982022604,7.602681945169711,0.03744379384101265,1.5283503452936809,1.4986410154220269,-0.05274563466879373,-11.069223149617512,0.7185819146877067,0.00716910187208903,0.10192318956057231,0.34633945872352295,0.0031167826444341517,-11.171146392822266,0.5572929878639117,0.004052324899709682,0.012498836653927961,0.000131929740241928,7.058455462713378e-07,0.012498836653927961,0.000131929740241928,7.058455462713378e-07,6.600926174845275e-07,8.434491450674851e-08,-9.72755516261122e-09,-1.4588546415170034,1.4860764955262844,0.053619980135802096,0.9186027944087982,0.09664274375754475,0.0018167940607590582,1.0032474478085835,0.07900180190940566,0.0007123413287492463,-0.08464465946890413,0.04029782085978257,0.0011044527437160858,0.08464465946890413,0.04029782085978257,-0.0011044527437160858
32.15190907160441,1.0,1500.0,0.0,75.0,2094.0,0.5354018655858397,1121.0,973.0,9.956872781288638,1.4134000735552812,11917.998372988222,294.8,0.0617097881604287,34.122857142857136,8.735714285714291,11.262218637901986,140.0,33.76307692307692,8.603076923076923,11.416623218745865,65.0,34.122857142857136,8.735714285714291,11.262218637901986,140.0,0.42413526290526643,-0.021206007070612043,-0.0049783466871683914,-0.0044785654194553605,-0.005058772311710976,-0.23118850674793695,-0.03518593584972254,13.463651376703242,75.0,58500.0,38.0,534.114590883255,109.52705842253752,29.53440284729004,-1.223599910736084,-11.316450119018555,-0.0040470510721206665,-11.312402725219727,0.012280167080461979,0.012280167080461979,3.3723404158081394e-07,1.3851851224899292,0.9199707508087158,0.9790802001953125,-0.05910942703485489,0.05910942703485489,,,,,12.171781770388286,8.641105489483264,-0.0340710298901011,1.4404647499322891,1.6544969202646838,-0.0497667630137804,-11.4788192431132,0.7200992563214877,-0.025832553434955285,-0.007124932855367661,0.5681285396621822,-0.02031843280202157,-11.471694310506185,0.6011317455502875,-0.005514119862184041,0.012661631001780431,0.00020722691981874046,-2.0696293641384508e-06,0.012661631001780431,0.00020722691981874046,-2.0696293641384508e-06,4.221815781117281e-07,5.464837074530137e-08,-6.3025717821795735e-09,-1.4428471555312474,1.6534280294876846,0.0516333063598205,0.8970813612143199,0.12414617462812652,-0.004237281745745164,0.9782490770022074,0.12983388127107998,-0.004657032651551181,-0.0811677091444532,0.04098253802611875,0.00041975180957222084,0.0811677091444532,0.04098253802611875,-0.00041975180957222084
32.285478725861964,1.0,1500.0,0.0,89.0,1969.0,0.6740734611216923,1327.0,642.0,10.090402458033404,1.7232894887833288,11820.516249660917,233.60000000000002,0.05255106631872582,33.67575757575758,7.953030303030301,11.277026715340634,132.0,32.6093023255814,7.665116279069767,11.651763332651289,43.0,33.67575757575758,7.953030303030301,11.277026715340634,132.0,0.4261395321073044,-0.021587656071458943,-0.0041418879072403925,-0.004229824249899717,-0.02277650873185482,-0.21227617714244396,-0.03574438210685114,13.166669107352625,89.0,60000.0,39.0,547.8156545162201,109.52589526304506,39.614898681640625,1.8550266027450562,-12.200568199157715,-0.17649361491203308,-12.02407455444336,0.012162852101027966,0.012162852101027966,2.1435674568692775e-07,-1.8244781494140625,0.8569170832633972,0.9399728775024414,-0.08305589854717255,0.08305589854717255,,,,,12.416389115651448,10.14615103672988,0.2742265990896934,1.7899353365103403,1.6303603928983716,-0.028047272930951536,-12.057775561014811,0.5926783164596945,-0.005946095501620542,0.025627911587556205,0.4795735608095512,-0.005124673605363018,-12.083403523763021,0.3694255397663776,-0.0008214193138314901,0.012519454893966516,0.00018756784596011023,3.1343941992194495e-06,0.012519454893966516,0.00018756784596011023,3.1343941992194495e-06,2.6904744364249686e-07,3.505703912120519e-08,-4.043003082339837e-09,-1.724692698319753,1.6207828740575037,0.028093990335475147,0.8875184635321299,0.11066153736115203,-0.00041639392447552964,0.9858659148216248,0.10941256037309176,-0.0011612350073486788,-0.09834746407965819,0.0253317013667476,0.0007448413190706459,0.09834746407965819,0.0253317013667476,-0.0007448413190706459
26.80787944793701,1.0,1500.0,0.0,99.0,1999.0,0.7411388815720393,1481.0,518.0,9.382684970578863,1.5773037915691392,11261.347876866404,245.0,0.0505217140264775,36.189552238805966,9.647761194029849,10.579191714244134,134.0,35.49142857142858,9.685714285714285,10.850505218644157,35.0,36.189552238805966,9.647761194029849,10.579191714244134,134.0,0.3960834046481103,-0.01807411166997704,-0.003781704712482043,-0.004341508427359452,-0.014353116463868335,-0.23685125403528182,-0.029795048562811087,12.34539178787719,99.0,61500.0,40.0,562.1385049819946,109.40364243856565,10.276603698730469,1.6248250007629395,-11.482829093933105,-0.14477165043354034,-11.338057518005371,0.012139130383729935,0.012139130383729935,1.3674288368292764e-07,-1.622674822807312,0.9298068284988403,0.9471833109855652,-0.017376553267240524,0.017376553267240524,,,,,11.841171065966288,7.087244770174602,0.15383871325661505,1.4568179388840994,1.4032871878188167,0.002628469347821165,-12.479809697469076,0.8753745908734094,0.00902020557305987,0.0051896375293533,0.4060597849839152,0.001561346933974975,-12.48499927520752,0.7761235320577428,0.007458866530982207,0.012135019370665153,0.00010414258387902203,-7.092244342980968e-06,0.012135019370665153,0.00010414258387902203,-7.092244342980968e-06,1.7103724587741452e-07,2.2367022467311467e-08,-2.5784545510462537e-09,-1.4209741999705632,1.407090491132738,-0.004959735171548209,0.8802543580532074,0.10531360841423028,0.001584332816725419,0.9811956127484639,0.09211196655901786,0.00034720558213178083,-0.10094127881651123,0.05072182681292535,0.0012371287825159974,0.10094127881651123,0.05072182681292535,-0.0012371287825159974
31.249052775989878,1.0,1500.0,0.0,55.0,1826.0,0.444990595776847,812.0,1014.0,9.911974117076614,1.93856140778003,11157.188128889738,249.8,0.059244853429465894,34.27967479674797,8.79512195121951,11.209959349192044,123.0,33.95882352941177,8.74705882352941,11.333134057386866,68.0,34.27967479674797,8.79512195121951,11.209959349192044,123.0,0.41980373503073465,-0.018157366264413482,-0.003910875228486117,-0.004296120426768816,-0.01649799952930058,-0.22923040715461562,-0.032683625297430026,13.47628328831929,55.0,63000.0,41.0,574.6168487071991,109.638274863921,4.2582197189331055,0.9436898231506348,-13.071293830871582,0.2237957864999771,-13.295089721679688,0.012678302824497223,0.012678302824497223,8.714175692148274e-08,-0.9756360054016113,0.913348913192749,1.0312353372573853,-0.11788644641637802,0.11788644641637802,,,,,12.09038446744283,7.571872976030203,0.13539120787640674,1.4335058157642682,1.275712990148243,-0.009087098642636758,-12.800545724232991,0.662293545926254,-0.006580838849467391,0.022046867509682974,0.4481417927856367,0.00117288715847342,-12.822592544555665,0.5151716806562914,-0.007753735840386787,0.012412471075852713,0.00015741048344673983,1.7011015198387047e-05,0.012412471075852713,0.00015741048344673983,1.7011015198387047e-05,1.0926678181514641e-07,1.4185559877867175e-08,-1.635469949950932e-09,-1.349801070491473,1.2795572819060042,0.0021294507818572523,0.8854565918445587,0.10528130887266969,0.0005417027781086404,0.9850084443887075,0.10205173146077899,0.0002737550899899949,-0.0995518380155166,0.03193445681999895,0.00026794687675952547,0.0995518380155166,0.03193445681999895,-0.00026794687675952547
34.28222370147705,1.0,1500.0,0.0,12.0,1952.0,0.08939779127509695,174.0,1778.0,10.151413368186498,1.5705340777369194,11876.937724350413,274.2,0.06255703595546633,33.45954198473285,8.494656488549618,11.490764712690114,131.0,33.38991596638656,8.43361344537815,11.506574666432455,119.0,33.45954198473285,8.494656488549618,11.490764712690114,131.0,0.4281922217728597,-0.016486604133232278,-0.003488773947449642,-0.0049645721055298206,-0.012527472527472557,-0.2400000000000022,-0.02899504492463515,15.819877627076467,12.0,64500.0,42.0,585.9847025871277,110.07113277058586,11.13148307800293,2.250504970550537,-14.065606117248535,-0.11830999702215195,-13.947296142578125,0.012372015044093132,0.012372015044093132,5.573074091103081e-08,-2.270538806915283,0.8180180191993713,0.9530638456344604,-0.13504578173160553,0.13504578173160553,,,,,13.129390120506287,7.281124984387978,-0.0202335329554372,1.443030380209287,1.9901839776363532,0.022837077941459543,-13.114110819498698,0.6188068006529273,-0.016964371610138397,-0.06272957374652227,0.4423044790763979,0.010914017642963184,-13.051381270090738,0.5943545844481912,-0.02787838915696518,0.012538995531698068,0.000269158598409311,-2.4575159550376374e-05,0.012538995531698068,0.000269158598409311,-2.4575159550376374e-05,6.982990872946478e-08,8.973843132034678e-09,-1.035375892894543e-09,-1.3819296896457671,1.9989545547181793,-0.022518207432828542,0.8740146120389303,0.09662705822694127,0.0015180346697933268,0.9656522512435913,0.1009910091775945,0.002491830373897687,-0.09163763510684172,0.033958483706216916,-0.0009737944302954028,0.09163763510684172,0.033958483706216916,0.0009737944302954028
28.15986186579654,1.0,1500.0,0.0,38.0,2000.0,0.28230176729549566,564.0,1436.0,9.957187721690017,1.757646196503787,12138.009491453187,300.2,0.06565192669378472,34.12388059701493,8.855223880597016,11.30005525247464,134.0,33.495833333333344,8.372916666666667,11.459331576202517,96.0,34.12388059701493,8.855223880597016,11.30005525247464,134.0,0.4067260083728215,-0.017697214656706598,-0.0028489108651552322,-0.00487423324121846,-0.005300646016233259,-0.2536359118767513,-0.029874209536416004,13.465344929521768,38.0,66000.0,43.0,598.2900261878967,110.31439120008376,14.445525169372559,0.7393964529037476,-12.113451957702637,0.8247087597846985,-12.93816089630127,0.01174298208206892,0.01174298208206892,3.571178197603331e-08,-0.8706969022750854,1.1110186576843262,1.1655405759811401,-0.05452199652791023,0.05452199652791023,,,,,13.49958000977834,9.674566326463268,0.07386803817961192,1.3034890100359917,1.7705167588384307,0.030662945297456543,-13.145318380991618,0.902047739625361,-0.019777635525543076,-0.026040719697872798,0.34089164571539865,-0.0009972888367194613,-13.119277795155844,0.7716495969609466,-0.018780343816330442,0.012096549415340026,0.0002350907620947548,-2.1217411406777454e-05,0.012096549415340026,0.0002350907620947548,-2.1217411406777454e-05,4.469964878239807e-08,5.718441665155658e-09,-6.597914091483252e-10,-1.2450385302305222,1.7835691552510857,-0.03377089555457116,0.8992735226949056,0.09640462584758251,-0.000659081614985517,0.9741031646728515,0.07716787931068925,-0.00023022628864804816,-0.07482965017358462,0.04466885085465171,-0.00042885538517964595,0.07482965017358462,0.04466885085465171,0.00042885538517964595
33.73762530006775,1.0,1500.0,0.0,73.0,2078.0,0.5256420306531825,1092.0,986.0,9.937610063376482,1.6848986190947934,12071.08297919154,257.8,0.05425084175084175,34.187050359712245,8.418705035971223,11.224111108504966,139.0,34.03939393939393,8.487878787878786,11.31082703957498,66.0,34.187050359712245,8.418705035971223,11.224111108504966,139.0,0.4257557306177002,-0.01886718425184889,-0.00402204798866318,-0.005006526697552818,-0.012771495243223498,-0.2189912044516251,-0.0329570728720733,13.416418594383131,73.0,67500.0,44.0,611.6050374507904,110.36534342709862,3.6086297035217285,1.902024745941162,-14.074204444885254,0.28812187910079956,-14.362326622009277,0.011783665977418423,0.011783665977418423,2.2685203049377378e-08,-1.837720513343811,0.9288939833641052,1.044877529144287,-0.11598362028598785,0.11598362028598785,,,,,11.419446810086567,9.706109053482194,0.1939572261623597,1.7021268943945567,1.3588067428473483,-0.030960594812145026,-13.829977480570475,0.861750907343004,-0.036321300128940824,0.026859438170989354,0.5815633068052906,-0.0068091758813820956,-13.856836954752604,0.77706113565812,-0.02951212067227434,0.011956766496102016,0.00017921596349615234,1.9674911448630222e-06,0.011956766496102016,0.00017921596349615234,1.9674911448630222e-06,2.8526683889159207e-08,3.730115283390306e-09,-4.302383153734645e-10,-1.6781388560930888,1.3813998400108645,0.03083782758277841,0.8887971738974253,0.12798568973863472,-0.0025412228667033377,0.9859867493311564,0.1314514986400667,-0.0015357987368862854,-0.09718959058324496,0.043163499210367155,-0.0010054243121449468,0.09718959058324496,0.043163499210367155,0.0010054243121449468
38.58778649568558,1.0,1500.0,0.0,16.0,1951.0,0.11950411389056888,233.0,1718.0,10.02633310534216,1.8397119762266456,12244.008209551319,283.6,0.0638479895537845,33.90687022900764,8.73435114503817,11.288402911060395,131.0,34.010434782608705,8.848695652173912,11.250676152947586,115.0,33.90687022900764,8.73435114503817,11.288402911060395,131.0,0.44134948364991616,-0.017451807991018625,-0.0039118544651808255,-0.004624116714353518,-0.006771053745239086,-0.21430385103681973,-0.03399770125457888,14.915089754055359,16.0,69000.0,45.0,623.2161383628845,110.71600324929788,7.275879383087158,1.5619041919708252,-13.767967224121094,-0.0652461051940918,-13.702720642089844,0.01261365506798029,0.01261365506798029,1.4523432234625488e-08,-1.458033561706543,0.9058079719543457,0.9650788307189941,-0.05927083641290665,0.05927083641290665,,,,,11.376545635859172,5.681601343626039,0.0008360917894405296,0.6557736585537592,1.074322724784338,0.021191654726448513,-13.70151783625285,1.0914526407561556,-0.06357931088287352,0.16945291683077812,0.5718593200299639,-0.031126010890333233,-13.870970662434896,0.7566530059980673,-0.03245329681837768,0.012528533612688382,0.0003674699924371339,3.3889042505697963e-05,0.012528533612688382,0.0003674699924371339,3.3889042505697963e-05,1.8193433485672964e-08,2.34209924928053e-09,-2.702920544163359e-10,-0.5793050726254781,1.1224889834233478,-0.022954343529511333,0.9403734862804413,0.14715115827793418,-0.008231717394509525,1.0182467142740885,0.13026361350298057,-0.007058801560831565,-0.0778732272485892,0.04056014891426655,-0.0011729177514358388,0.0778732272485892,0.04056014891426655,0.0011729177514358388
38.052612103772965,1.0,1500.0,0.0,89.0,1829.0,0.7283019354076471,1332.0,497.0,10.165564252156,1.5063470003381847,10324.68896669849,196.8,0.04789020294933567,33.40975609756098,7.699186991869918,11.485934127892758,123.0,32.55294117647059,8.14705882352941,11.887648688673371,34.0,33.40975609756098,7.699186991869918,11.485934127892758,123.0,0.43394315010866336,-0.018713988412585047,-0.0036056514658254846,-0.003814756800405011,-0.010946280062935191,-0.20079418595939622,-0.03344438879201266,13.664509398179408,89.0,70500.0,46.0,636.6857237815857,110.72966986171178,17.49834442138672,0.14685070514678955,-14.051658630371094,0.23095013201236725,-14.282608985900879,0.011866978369653225,0.011866978369653225,9.234261355572926e-09,-0.0011181235313415527,0.9600529074668884,1.032083511352539,-0.0720306932926178,0.0720306932926178,,,,,12.517286427815755,6.569238939414005,0.12897644976487524,0.3419282297293345,1.3646365506846836,0.035563145132033014,-14.369864368438721,0.6719769458194328,0.005306721900541455,0.014545110364754995,0.5221932706143083,0.025372582564629768,-14.38440949122111,0.5626128603589956,-0.02006586157572795,0.011978494220723708,0.00031258235969930793,-2.109058495523961e-05,0.011978494220723708,0.00031258235969930793,-2.109058495523961e-05,1.160346778661392e-08,1.5241578368426604e-09,-1.758187560193388e-10,-0.28562454084555305,1.3610956478628684,-0.03640456929620568,0.8962209423383077,0.11693622124729998,0.005297622028261699,0.9830730557441711,0.11805987069761416,0.005747544460487565,-0.08685212470591068,0.029545954891799446,-0.0004499222424390969,0.08685212470591068,0.029545954891799446,0.0004499222424390969
40.54551829563247,1.0,1500.0,0.0,72.0,1839.0,0.5861961410264059,1078.0,761.0,10.394995735116087,1.4322738891656464,10328.006403086687,201.0,0.05000995222929936,32.67642276422766,7.635772357723577,11.706061852579847,123.0,32.517647058823535,8.00392156862745,11.766490355284464,51.0,32.67642276422766,7.635772357723577,11.706061852579847,123.0,0.44874958062684095,-0.018547950097120125,-0.0038857699231752223,-0.003938087484131511,-0.00795497901564284,-0.20259442960701401,-0.034555783112419955,14.732660502750523,72.0,72000.0,47.0,649.7151789665222,110.81778959593913,6.353370189666748,1.0406057834625244,-14.947602272033691,0.2703680396080017,-15.21796989440918,0.01148795336484909,0.01148795336484909,5.8808149461242465e-09,-1.1285032033920288,0.9375225305557251,1.0405281782150269,-0.10300563275814056,0.10300563275814056,,,,,12.657518410682679,8.342887132990835,-0.0702189913846232,0.2361460069815318,1.5449802743158951,-0.015129050396971284,-14.66171801884969,0.8675297353557692,-0.036945453130363105,0.0762186910957098,0.4916681338957269,0.017392856050883577,-14.737936655680338,0.8664181241092236,-0.0543383105047813,0.011495095708717902,0.00021864212993329528,-2.0705805148710005e-05,0.011495095708717902,0.00021864212993329528,-2.0705805148710005e-05,7.3941142986200245e-09,9.66831952122063e-10,-1.1154830326024798e-10,-0.13558191259702046,1.5357281705360022,0.015483907876211015,0.9103018740812937,0.10741420378730761,0.0016231463801475937,0.9969917356967926,0.11017639987585455,0.0038940327981687737,-0.08668985161930323,0.04360284036409834,-0.0022708850431031194,0.08668985161930323,0.04360284036409834,0.0022708850431031194
34.56919196961631,1.0,1500.0,0.0,71.0,1812.0,0.5838955341527591,1058.0,754.0,10.336175465893312,1.499108054372577,10570.978802380016,248.0,0.061845386533665836,32.868852459016395,8.021311475409835,11.747991009373965,122.0,32.23921568627452,7.819607843137253,11.906419489168083,51.0,32.868852459016395,8.021311475409835,11.747991009373965,122.0,0.43903695909760915,-0.020320718209797188,-0.004555782572606539,-0.004748096772308491,-0.015615216772601739,-0.2200170761787287,-0.03661442627961935,14.204924474324148,71.0,73500.0,48.0,662.5276501178741,110.93876608308074,6.996306419372559,-1.3446836471557617,-13.831750869750977,0.3620423376560211,-14.193793296813965,0.011055249720811844,0.011055249720811844,3.757897104605945e-09,1.5050783157348633,1.0286915302276611,1.060363531112671,-0.0316719226539135,0.0316719226539135,,,,,10.474081039428711,5.8933607807033255,-0.17610359679870324,-0.05327755411465963,1.3154731834732303,-0.03597651253287602,-15.14297440846761,0.8258134738503933,-0.0036484647248024196,-0.022271179656187693,0.40263250782487753,-0.0002205240215952861,-15.120703156789144,0.7019649898394585,-0.003427938518587088,0.011330813417832057,0.0001363203520666216,-1.2674318570581755e-05,0.011330813417832057,0.0001363203520666216,-1.2674318570581755e-05,4.705671378483582e-09,6.108097314204497e-10,-7.043697139580584e-11,0.16767064084609348,1.3323289921333898,0.03811564657990475,0.8867665370305379,0.09868387572852069,0.00037305755530366936,0.9750412543614705,0.08987812438216569,-5.257803287868742e-05,-0.08827471372981867,0.03681862931214277,0.0004256359702421668,0.08827471372981867,0.03681862931214277,-0.0004256359702421668
35.13588143051217,1.0,1500.0,0.0,109.0,2035.0,0.8003024011252242,1628.0,407.0,10.165220165439374,1.3469072997052922,11251.981905551042,236.4,0.05163375851825965,33.418978102189776,7.783941605839416,11.46512082004635,137.0,31.785714285714285,6.999999999999999,11.992414472388518,28.0,33.418978102189776,7.783941605839416,11.46512082004635,137.0,0.4316931141458361,-0.019326705679870472,-0.0033942982157748134,-0.004175262665182151,-0.01666159371765957,-0.21194375114142835,-0.03412576469579486,13.725662261845535,109.0,75000.0,49.0,676.985762834549,110.78519537246092,30.885662078857422,-1.288979411125183,-14.901472091674805,0.21196389198303223,-15.113435745239258,0.012445313856005669,0.012445313856005669,2.388527819974229e-09,1.5379862785339355,0.967026948928833,1.0283207893371582,-0.06129375100135803,0.06129375100135803,,,,,11.214181772867839,7.995233785380492,0.08593106338789493,-0.3301579773426056,1.75289555318907,-0.000337153056572188,-15.719212945302328,0.9450529285535395,-0.023020201185520978,0.05649001747369766,0.43713421331911856,-0.0005189205469093346,-15.77570301691691,0.7892285450825279,-0.02250128566754644,0.011647676210850477,0.000395178947874261,4.2594409650305416e-05,0.011647676210850477,0.000395178947874261,4.2594409650305416e-05,2.999073737501116e-09,3.948667351608874e-10,-4.553377568703618e-11,0.41236383219559986,1.745336116810762,0.00031297170413080157,0.8891147116820017,0.10951469288259942,-0.0006268706417190027,0.992599223057429,0.0977361112018374,-9.048996830943317e-05,-0.10348451472818851,0.03929674565721603,-0.0005363791261087915,0.10348451472818851,0.03929674565721603,0.0005363791261087915
36.08724829696474,1.0,1500.0,0.0,42.0,1915.0,0.3264245247098661,625.0,1290.0,10.171281618420055,1.5602253567501259,11405.055079949285,297.40000000000003,0.06951521667991212,33.4234375,8.592187500000003,11.520112674807624,128.0,33.388372093023264,8.679069767441861,11.549508076975409,86.0,33.4234375,8.592187500000003,11.520112674807624,128.0,0.4373978203600078,-0.01802926258699488,-0.003529773581041267,-0.005214784156601936,-0.003962927452860352,-0.22588686481303197,-0.034671149849193755,14.31789307035372,42.0,76500.0,50.0,689.1754579544067,111.00221158058265,3.246941328048706,0.3838355541229248,-15.10645866394043,0.47046348452568054,-15.576922416687012,0.011297876946628094,0.011297876946628094,1.5323154967106234e-09,-0.2242254614830017,1.0174583196640015,1.0849380493164062,-0.06747981905937195,0.06747981905937195,,,,,10.672065989176433,7.762143115640932,-0.2707467053702997,-0.6749281699458758,1.207991299381163,0.011151074365328391,-15.791205565134684,0.9798420413898334,-0.010182636120958313,-0.014889187986652057,0.41241821968854925,0.00807061773767329,-15.776316420237224,0.884310898942442,-0.018253261281862946,0.012087284959852696,0.00048196737850853634,-4.5233043335436414e-05,0.012087284959852696,0.00048196737850853634,-4.5233043335436414e-05,1.9163734229129165e-09,2.4551704786421706e-10,-2.832144065677149e-11,0.7885819738109906,1.2197846595236017,-0.013394999295241058,0.8908552428086599,0.1041584003872824,0.0014930760502417356,0.9764806469281514,0.0933517107162571,0.0018263054106206144,-0.08562540641675392,0.04341424850542594,-0.0003332272897141899,0.08562540641675392,0.04341424850542594,0.0003332272897141899
36.563268205787566,1.0,1500.0,0.0,79.0,2090.0,0.5668036660717627,1184.0,906.0,10.180719838556273,1.27611289345026,11483.394794735355,285.6,0.0611353711790393,33.368571428571414,8.252857142857136,11.497597029702074,140.0,33.16065573770492,8.337704918032786,11.540724422223763,61.0,33.368571428571414,8.252857142857136,11.497597029702074,140.0,0.43686531159502767,-0.018575928203439247,-0.0038536719559365373,-0.004814639191390084,-0.005399439680787896,-0.21964513116563716,-0.03360375223674621,14.053039825974942,79.0,78000.0,51.0,702.6891975402832,111.00213333723332,12.363777160644531,0.04366964101791382,-16.991512298583984,0.4925572872161865,-17.48406982421875,0.011182274669408798,0.011182274669408798,9.813928558699558e-10,0.1364768147468567,0.9466774463653564,1.0896189212799072,-0.14294138550758362,0.14294138550758362,,,,,10.422597289085388,7.594265023551765,-0.25732521575868356,-0.1578538417816162,1.638088166674484,-0.014318696052266983,-15.943963273366291,0.7641767358060695,-0.017457846831426305,-0.036090607196092604,0.4082840894705707,-0.014290048980938323,-15.907872613271078,0.6676303522014533,-0.0031678054436159496,0.011704043950885534,0.0003956825701837146,-3.3807838014487715e-05,0.011704043950885534,0.0003956825701837146,-3.3807838014487715e-05,1.2266252273166838e-09,1.5667174145329022e-10,-1.806854631308017e-11,0.2934907486041387,1.6092043619339431,0.017350693201196605,0.8969128390153249,0.09420993469000322,-0.002791037403038818,0.9719131529331207,0.0916560310636906,-0.0032015498541088454,-0.07500032211343448,0.032541024815650944,0.00041051249913830017,0.07500032211343448,0.032541024815650944,-0.00041051249913830017
34.756724008760955,1.0,1500.0,0.0,95.0,2027.0,0.6970195883909308,1412.0,615.0,10.218927655946517,1.5206860136685976,11448.404634878354,234.4,0.051828594171494276,33.25441176470588,7.958823529411766,11.481989954785591,136.0,32.62439024390243,7.731707317073168,11.72242626031435,41.0,33.25441176470588,7.958823529411766,11.481989954785591,136.0,0.43639504785128796,-0.019458506194224585,-0.004378778854310822,-0.004182663762433446,-0.016116751269034918,-0.21584884376763594,-0.0355997638679464,13.73308869854774,95.0,79500.0,52.0,716.4800229072571,110.95912999418083,7.970501899719238,-1.5066736936569214,-15.56794261932373,-0.24952875077724457,-15.318413734436035,0.010691597126424313,0.010691597126424313,6.227472426623137e-10,1.646745204925537,0.9023323059082031,0.9250146150588989,-0.022682342678308487,0.022682342678308487,,,,,11.014324752489726,7.782869683411554,0.2818592273618804,-1.3246270050605138,1.3434991961151992,-0.00029741672175346965,-16.570140679677326,0.8295767105089809,-0.008959036117400739,0.025016958514849346,0.41302053682748757,-0.007143922900994436,-16.59515759150187,0.7161555757419188,-0.001815103185056984,0.011140011468281348,0.00018630294312605515,-5.9290558050022576e-06,0.011140011468281348,0.00018630294312605515,-5.9290558050022576e-06,7.814548341755767e-10,1.0249001114190471e-10,-1.1816609759650592e-11,1.4223171253999074,1.376954691369411,-0.0024730339331409776,0.8944001813729604,0.09756557084018737,-0.0010981340827347975,0.9854944944381714,0.09179783365710216,-0.0015812790301008117,-0.0910943099608024,0.0342877391675891,0.00048314589629979684,0.0910943099608024,0.0342877391675891,-0.00048314589629979684
33.3035468043703,1.0,1500.0,0.0,66.0,1893.0,0.5167219737946583,978.0,915.0,10.14195381254852,1.563114787618947,11106.19810157046,251.20000000000002,0.05861216109011153,33.482812499999994,8.514062499999998,11.461461891426053,128.0,33.167741935483875,8.541935483870965,11.602942186806319,62.0,33.482812499999994,8.514062499999998,11.461461891426053,128.0,0.43299786221621056,-0.01876345502625269,-0.004075112567950816,-0.005120090502824908,-0.014614220877458,-0.2260010085728655,-0.034956448095997496,13.853993636030289,66.0,81000.0,53.0,729.4668357372284,111.0400035090535,7.164004325866699,-0.5395030975341797,-16.327482223510742,0.04315686225891113,-16.37063980102539,0.011619528755545616,0.011619528755545616,3.974597317935036e-10,0.6992952823638916,0.9333845973014832,0.9896866679191589,-0.05630209296941757,0.05630209296941757,,,,,10.267740098635356,6.769922452313249,-0.0902733348235409,-1.3065053174893062,1.3380453903428573,-0.018814072493583914,-16.967833487192788,0.8778176125746924,0.03115583150352396,0.0842151495317618,0.3401980493583363,0.013691621841458779,-17.05204858779907,0.8435170724722978,0.017464204518760986,0.0107342932994167,0.00033683013660332196,3.067946995922392e-05,0.0107342932994167,0.00033683013660332196,3.067946995922392e-05,4.97080169618395e-10,6.448230413576164e-11,-7.431406151676344e-12,1.3877653857072194,1.3365606861847414,0.019986819146870248,0.9029509762922923,0.08318537402886819,0.004405403203508065,0.9987177650133768,0.07493874894421101,0.0030362568654790927,-0.09576680175960064,0.04053512290369627,0.0013691475107287948,0.09576680175960064,0.04053512290369627,-0.0013691475107287948
35.91942762615334,1.0,1500.0,0.0,117.0,2090.0,0.8335810505447071,1742.0,348.0,9.758028000919024,1.7445410248964492,12009.623207045935,216.60000000000002,0.04412303931554288,34.81560283687942,7.954609929078013,10.971871756109778,141.0,33.95000000000001,8.658333333333331,11.202781918834859,24.0,34.81560283687942,7.954609929078013,10.971871756109778,141.0,0.4143089488245308,-0.017620289282374847,-0.0035127265555150327,-0.0037312171339086236,-0.009897256530768062,-0.1997595365613883,-0.032379968687217695,12.865831851081547,117.0,82500.0,54.0,744.2409267425537,110.85120024384017,16.50261688232422,1.0502128601074219,-15.802699089050293,-0.02873126044869423,-15.773967742919922,0.011083128862082958,0.011083128862082958,2.54748555583717e-10,-0.9407598972320557,0.9595562219619751,0.9736184477806091,-0.014062226749956608,0.014062226749956608,,,,,11.26955459912618,8.548233499199489,-0.06248361960931954,-1.3399476240078607,1.4106422226848956,0.01210434450721318,-17.003841400146484,1.029322497389816,-0.016570164443918595,-0.06828619328637918,0.4034147096840301,-0.011022636515644684,-16.935555267333985,0.8383740761694156,-0.005547518618777358,0.011813196043173472,0.00043986281742439614,-3.840322953310122e-05,0.011813196043173472,0.00043986281742439614,-3.840322953310122e-05,3.186958687691662e-10,4.112215238169696e-11,-4.744061842166835e-12,1.4437281906604766,1.409204142529093,-0.010141302706534964,0.8903750856717427,0.10730831179781981,-0.0022210540177427227,0.9645914733409882,0.09078567427481585,-0.0024879798873248143,-0.07421638596182069,0.03830676788646762,0.00026692630944813076,0.07421638596182069,0.03830676788646762,-0.00026692630944813076
37.35838951004876,1.0,1500.0,0.0,9.0,1910.0,0.06521253303077885,124.0,1786.0,10.051434635178408,2.221807999555949,12424.598393998107,289.8,0.06644046036040167,33.81240310077518,8.612403100775197,11.318043669531493,129.0,33.81999999999998,8.628333333333334,11.319259402764427,120.0,33.81240310077518,8.612403100775197,11.318043669531493,129.0,0.4353446022688626,-0.01653940879844015,-0.0032185116252993994,-0.0048035420581602605,-0.006096654275092927,-0.22483271375464842,-0.03377188376690413,15.52726206391655,9.0,84000.0,55.0,755.3230373859406,111.21069508314133,13.909509658813477,-3.3314318656921387,-18.71114730834961,-0.3595960736274719,-18.351551055908203,0.010194392874836922,0.010194392874836922,1.6218150433733314e-10,3.537224292755127,0.7874797582626343,0.9015849828720093,-0.1141052395105362,0.1141052395105362,,,,,8.422856442133586,5.796085889108203,-0.07355442460837713,-1.9369326641162237,1.6514512812336064,-0.034431753533833286,-17.515396213531496,1.0979227695550464,-0.026277806681971022,0.035745758066574734,0.35950732484324616,-0.00895816101811752,-17.55114199320475,1.037117278079216,-0.017319633645130745,0.010650094971060753,0.0003547576352061508,-3.5707060831937925e-05,0.010650094971060753,0.0003547576352061508,-3.5707060831937925e-05,2.036975990660217e-10,2.6583106976021954e-11,-3.066045918575183e-12,2.03048899769783,1.6443338759648674,0.03504583797147197,0.9016739209493001,0.09094082310929869,-0.0022108863272577027,0.9879108687241872,0.07934748138421259,-0.0019647146756445106,-0.08623694529136022,0.046074578509807375,-0.0002461730621680525,0.08623694529136022,0.046074578509807375,0.0002461730621680525
37.46469627577683,1.0,1500.0,0.0,58.0,1819.0,0.47148077139581157,857.0,962.0,10.525206736132574,1.5735194473426843,10704.179088334862,241.0,0.06067472306143001,32.29268292682928,7.702439024390242,11.920673378751825,123.0,31.843076923076918,7.566153846153845,12.088680327325049,65.0,32.29268292682928,7.702439024390242,11.920673378751825,123.0,0.4488724469213689,-0.01948858539473986,-0.003926861940521661,-0.0044105056092050236,-0.011721524982239953,-0.21577077906700576,-0.03639694668543472,14.579349655931365,58.0,85500.0,56.0,767.8145852088928,111.35500893974128,4.772782802581787,-3.7741036415100098,-19.266979217529297,-0.1571175456047058,-19.109861373901367,0.010319849476218224,0.010319849476218224,1.0305482855965664e-10,3.8309950828552246,0.8146170973777771,0.945644736289978,-0.13102762401103973,0.13102762401103973,,,,,11.358862296740215,9.021462103899166,-0.11149071358202309,-1.7763732155164083,1.6810446425597432,-0.05157240276474572,-18.17660598754883,1.2217231261934782,-0.014352108082330835,0.10657064653933049,0.49292467388535205,0.012508522218571896,-18.283176485697428,1.1076325048469016,-0.02686061201424381,0.010069845896214246,0.000263783745245165,1.1505193809447069e-05,0.010069845896214246,0.000263783745245165,1.1505193809447069e-05,1.2936328281735557e-10,1.6913257350563502e-11,-1.950679629875592e-12,1.8541353354851404,1.6834712883474816,0.050491165591028765,0.9004277547200521,0.11925817878946599,0.0020730017024497374,1.0031112511952718,0.10721727382947074,0.0027198555737368976,-0.10268349933127562,0.04785749592272671,-0.0006468537676917802,0.10268349933127562,0.04785749592272671,0.0006468537676917802
35.328072739731184,1.0,1500.0,0.0,110.0,1953.0,0.8418502483076938,1644.0,309.0,10.133668729812355,1.611329220099853,10890.222609854885,177.60000000000002,0.04045189504373178,33.51450381679389,7.92824427480916,11.47872296856696,131.0,32.62857142857143,8.00952380952381,11.691097217227977,21.0,33.51450381679389,7.92824427480916,11.47872296856696,131.0,0.43418348421806907,-0.019741381723101973,-0.004331466553980424,-0.003747430889939855,-0.017118263926774305,-0.21104443232104284,-0.034962102549781285,13.846217967341458,110.0,87000.0,57.0,782.1097195148468,111.23758959800074,7.625984191894531,-1.8429948091506958,-18.22617530822754,0.38132956624031067,-18.607505798339844,0.009736842475831509,0.009736842475831509,6.574733812936273e-11,2.1527254581451416,0.9686582088470459,1.0623278617858887,-0.09366954118013382,0.09366954118013382,,,,,7.830477364857992,4.255284847109004,-0.08751979165931194,-2.390688584248225,1.4804823966482852,-0.023478894729635418,-18.429882176717122,0.8759367442320799,0.004352253880994318,-0.00527149053911368,0.4928587422433425,0.003280977365271791,-18.424610582987466,0.7183331247234952,0.001071265011661483,0.009933012009908756,0.00016877120461056448,-1.4682038499662128e-05,0.009933012009908756,0.00016877120461056448,-1.4682038499662128e-05,8.229288107434544e-11,1.063403608579587e-11,-1.2262797423774656e-12,2.4952962507804233,1.4500175910628845,0.023652940100106504,0.8855888426303864,0.11204725742397788,0.0012617151119287172,0.9787954827149709,0.10697859337255687,0.0007051417108902609,-0.09320664020876089,0.03131730126586771,0.0005565738311665243,0.09320664020876089,0.03131730126586771,-0.0005565738311665243
37.60304096230754,1.0,1500.0,0.0,108.0,2037.0,0.7934595513789517,1616.0,421.0,9.96350160967938,1.4596105379497584,10888.891532238871,203.60000000000002,0.043586230518924476,34.09635036496352,7.9664233576642305,11.273048662366321,137.0,34.44827586206896,8.944827586206898,11.0336446568366,29.0,34.09635036496352,7.9664233576642305,11.273048662366321,137.0,0.42896719622653223,-0.017394549437671502,-0.004146436706375431,-0.003661643422777419,-0.009262990779751826,-0.20321182145693403,-0.032750077006728544,13.562260741150713,108.0,88500.0,58.0,796.4702904224396,111.115255727945,13.57613468170166,-0.20505893230438232,-20.39665412902832,-0.6342638731002808,-19.76239013671875,0.009429022669792175,0.009429022669792175,4.1883881779503085e-11,0.18276572227478027,0.7169756889343262,0.8439993858337402,-0.12702371180057526,0.12702371180057526,,,,,10.910381094614666,8.006790514061414,0.09713563197711926,-2.458614828189214,1.3990178867936294,0.03695581650177028,-18.95154603322347,1.2759924424950218,-0.05712607726371799,-0.05908558170000712,0.42475691645064545,-0.010474140114991108,-18.89246031443278,1.0267765901584829,-0.046651931864533466,0.009529337535301845,0.0001909882738800226,-1.648479618869726e-05,0.009529337535301845,0.0001909882738800226,-1.648479618869726e-05,5.263609270667047e-11,6.816856972943025e-12,-7.864820076250704e-13,2.6103813340266546,1.4130864605375977,-0.03747696615962756,0.8693667074044545,0.11615197695054412,-0.003708813837558494,0.9672646641731262,0.091369808223603,-0.0022476477670722804,-0.0978979580104351,0.04177824937548642,-0.0014611656859401041,0.0978979580104351,0.04177824937548642,0.0014611656859401041
36.4870566368103,1.0,1500.0,0.0,10.0,1852.0,0.0744317527055041,137.0,1715.0,9.918328226046386,2.1693353505538333,11824.637702989701,264.0,0.06164191650322219,34.26239999999999,8.814399999999994,11.286225728552692,125.0,34.33043478260869,8.855652173913038,11.262987900555782,115.0,34.26239999999999,8.814399999999994,11.286225728552692,125.0,0.44005088044855994,-0.019771760309854634,-0.003615181624389866,-0.0022478137741619563,-0.014112086428089147,-0.22525320729237178,-0.03458942561344282,15.684721639967387,10.0,90000.0,59.0,807.6841745376587,111.42969348324615,2.398630142211914,-4.40531063079834,-20.14768409729004,-0.010670334100723267,-20.137014389038086,0.009487916715443134,0.009487916715443134,2.6666618566095757e-11,4.512551307678223,0.8506353497505188,0.9777090549468994,-0.12707361578941345,0.12707361578941345,,,,,8.040879841645559,8.80676575220531,-0.27665528304319636,-3.4420439660549165,1.4188293944217072,0.06234172741748878,-19.534997495015464,1.1895157187980525,-0.008931797948376246,0.01410891537865003,0.5731950598167862,-0.02221140965106624,-19.54910634358724,1.0105519531173992,0.013279601914997122,0.010153599331776302,0.0004169825724276965,6.600679027887956e-06,0.010153599331776302,0.0004169825724276965,6.600679027887956e-06,3.3393458426696686e-11,4.338909429979463e-12,-5.002112836069653e-13,3.5542912244796754,1.4470805983988262,-0.06404059895949325,0.8727616469065348,0.1332417427888284,-0.003759525376511903,0.9829419016838074,0.1253504175009446,-0.004814647037009666,-0.11018024074534576,0.042550917165092794,0.0010551224188160198,0.11018024074534576,0.042550917165092794,-0.0010551224188160198
31.716571405529976,1.0,1500.0,0.0,96.0,1927.0,0.7447420563730398,1435.0,492.0,9.871879972443184,1.655262349209231,10955.235758371502,225.60000000000002,0.050801657359034406,34.424806201550396,8.578294573643413,11.127913534731208,129.0,33.89090909090908,8.430303030303032,11.310026462271509,33.0,34.424806201550396,8.578294573643413,11.127913534731208,129.0,0.42170229013566796,-0.0185434491056504,-0.003722559987360605,-0.004128569879455269,-0.017511333649096038,-0.22399350429665096,-0.03310387913512372,13.135213580688633,96.0,91500.0,60.0,821.6330678462982,111.36358014392476,2.630819320678711,-3.0269346237182617,-19.95502471923828,-0.45641231536865234,-19.498611450195312,0.008319797925651073,0.008319797925651073,1.7037980401535258e-11,3.101510524749756,0.7983131408691406,0.8846971988677979,-0.08638402074575424,0.08638402074575424,,,,,8.891783396402994,5.169053965223015,0.06713512832251205,-2.7199900805950166,1.309298750515214,0.003864582613922783,-20.051026344299316,0.8204054882879186,-0.02033015156746956,-0.27470422685146334,0.4294957745493004,-0.001350035868974622,-19.77632211049398,0.922658454548708,-0.018980124688917098,0.008700763868788878,0.0003539269282046446,-3.8906055460119695e-05,0.008700763868788878,0.0003539269282046446,-3.8906055460119695e-05,2.1333176891680238e-11,2.761224954205839e-12,-3.1846739742914494e-13,2.8400935530662537,1.3291394855376268,-0.004706423354228481,0.8174323221047719,0.08011442871546454,-0.0005039967339614591,0.9220266540845236,0.09042766646424176,-0.000215861847721574,-0.10459433458745479,0.036991781865507466,-0.00028813496497236666,0.10459433458745479,0.036991781865507466,0.00028813496497236666
35.12489809888474,1.0,1500.0,0.0,94.0,1934.0,0.7229959736136612,1398.0,536.0,10.198496217937528,1.2391195062971063,10540.22201075626,213.20000000000002,0.049237875288683605,33.307692307692285,8.023076923076921,11.595917510312336,130.0,32.44444444444444,7.805555555555555,11.897562966925914,36.0,33.307692307692285,8.023076923076921,11.595917510312336,130.0,0.43608695744248643,-0.018779027918226828,-0.0032799378555783062,-0.003951772192276001,-0.017794075761890495,-0.21703218456281295,-0.034718290440167776,14.1288684518002,94.0,93000.0,61.0,835.3544235229492,111.32999045816996,3.883246660232544,-1.5601778030395508,-19.743186950683594,0.43944770097732544,-20.182634353637695,0.00813059788197279,0.00813059788197279,1.0846061895830594e-11,1.662846565246582,0.9719107747077942,1.0713205337524414,-0.09940975159406662,0.09940975159406662,,,,,11.627686742941538,9.034888040918867,-0.009767081315843973,-3.571246103445689,1.585103614815925,-0.009925846926229723,-20.12762031555176,1.0938128575532369,-0.02328477971943599,0.05419707943995793,0.4745309353435607,0.00809974442003036,-20.18181743621826,0.9749769409327901,-0.03138452472623064,0.00804268871434033,0.00021755002294008386,-3.941899250459568e-06,0.00804268871434033,0.00021755002294008386,-3.941899250459568e-06,1.3612120950088717e-11,1.7730529539224574e-12,-2.0453388492366675e-13,3.689255881309509,1.6189043298082129,0.008810789725671671,0.884888881444931,0.1065342019974333,0.000902339600615012,0.9912152886390686,0.09807665590216685,0.0016725178422598876,-0.10632641091942788,0.0379619465594297,-0.0007701779615229287,0.10632641091942788,0.0379619465594297,0.0007701779615229287
37.48450282948916,1.0,1500.0,0.0,122.0,1937.0,0.9430329819736614,1826.0,111.0,10.19681996636994,1.1444714327205248,10198.82157197871,188.20000000000002,0.04346219574153619,33.309230769230766,7.526153846153848,11.535048636145639,130.0,34.39999999999999,8.225,11.268954651611901,8.0,33.309230769230766,7.526153846153848,11.535048636145639,130.0,0.4418382253065958,-0.01857423315294299,-0.003303442738512415,-0.004161455866393706,-0.020373043188631895,-0.20264238925281902,-0.03496717584292339,14.181992681997624,122.0,94500.0,62.0,849.7883107662201,111.20416555835315,2.131834030151367,-1.7850919961929321,-21.057193756103516,-0.32520627975463867,-20.73198699951172,0.008733237162232399,0.008733237162232399,6.905612800339744e-12,1.5911287069320679,0.8046565055847168,0.9113993048667908,-0.10674282908439636,0.10674282908439636,,,,,10.819069751103719,7.125995987286686,-0.10006639610010509,-3.2452988028526306,1.5102843321765593,-0.013909794199585943,-20.5665132522583,1.1735839995412376,-0.02822011920050543,0.08052072723706563,0.30209989733726605,-0.004180105579177855,-20.647033882141113,1.1273553957793436,-0.02404002400738721,0.008551838311056296,0.00024580402333797925,2.3422028881821797e-05,0.008551838311056296,0.00024580402333797925,2.3422028881821797e-05,8.662198085554462e-12,1.1229672097765666e-12,-1.2953425420183299e-13,3.3772215565045673,1.5114970905078564,0.010341021136791922,0.8865158418814342,0.07733440976970304,-0.0013230660203036452,0.996813319126765,0.06336797112311468,-0.0008597931023832251,-0.11029747780412436,0.04364549659063942,-0.00046327262080882273,0.11029747780412436,0.04364549659063942,0.00046327262080882273
33.80383814433042,1.0,1500.0,0.0,68.0,1953.0,0.5210056662266684,1017.0,936.0,10.137946533016379,1.422202229515203,11143.918727661632,266.40000000000003,0.060694431787113826,33.50534351145037,8.294656488549622,11.427036924478381,131.0,33.46031746031747,8.434920634920633,11.428049304112005,63.0,33.50534351145037,8.294656488549622,11.427036924478381,131.0,0.43704074906383567,-0.020286870250480385,-0.003291210744083703,-0.004145277522794123,-0.019291843377058207,-0.2190354078311428,-0.03550338850093544,13.602364858014917,68.0,96000.0,63.0,862.7917699813843,111.2667080749638,4.4951934814453125,-4.004369735717773,-20.536113739013672,-0.15847209095954895,-20.377641677856445,0.0077047208324074745,0.0077047208324074745,4.400455694275607e-12,4.3015899658203125,0.8681419491767883,0.9474306106567383,-0.07928869128227234,0.07928869128227234,,,,,12.105987970034281,9.57097414446549,-0.23383718152200067,-3.914272463321686,1.3992863586009752,0.029519559835830836,-21.348534266153973,1.1519342281208742,0.003147434153997414,-0.19606608897447586,0.3763132185015185,0.002563076448917928,-21.15246804555257,1.0565251151610062,0.0005843441531449079,0.008241988190760215,0.0003205440849519771,-3.569653512572307e-05,0.008241988190760215,0.0003205440849519771,-3.569653512572307e-05,5.515370654398296e-12,7.148072333527692e-13,-8.243580472181251e-14,4.06639301776886,1.3861663780667666,-0.029994793542898083,0.8233637869358063,0.09167249574849533,0.001101533868023761,0.9390880982081096,0.0782867521763743,0.0006038209355049566,-0.11572431400418282,0.040975851535483984,0.00049771309329883,0.11572431400418282,0.040975851535483984,-0.00049771309329883
35.711277754977345,1.0,1500.0,0.0,64.0,1852.0,0.516399959785628,956.0,896.0,10.114892502249372,1.4976337131008985,10482.069850309592,250.60000000000002,0.060196973336536154,33.57258064516129,8.451612903225804,11.442301996737305,124.0,33.769999999999996,8.993333333333332,11.400086176844507,60.0,33.57258064516129,8.451612903225804,11.442301996737305,124.0,0.44032473254337784,-0.01928709165884018,-0.003361022513908313,-0.004908611186059903,-0.017642713939009687,-0.21458267384192453,-0.03423778117225411,14.04673101298415,64.0,97500.0,64.0,875.5905048847198,111.3534231539398,4.323793411254883,-3.411965847015381,-20.518173217773438,0.5117548704147339,-21.02992820739746,0.008348071947693825,0.008348071947693825,2.8043487670936784e-12,3.278488874435425,0.9963172674179077,1.0869293212890625,-0.09061206132173538,0.09061206132173538,,,,,12.457552631696066,8.682141382973944,0.2993019242440498,-4.073563818136851,1.2797807753795785,-0.04937485155459895,-21.104813893636067,1.040947440762307,-0.03925456130862587,0.10372175226608912,0.4902360722607067,0.005941089642989355,-21.208535639444985,0.9699815484501542,-0.045195636176426024,0.007838426747669776,0.00018794737958687348,1.83837044905368e-05,0.007838426747669776,0.00018794737958687348,1.83837044905368e-05,3.5238677355160323e-12,4.555960590298033e-13,-5.2566132942496084e-14,4.163215692838033,1.2847472539865352,0.04752816246932286,0.8975253721078237,0.10381911178312249,3.0153320151068773e-06,1.0014483690261842,0.10105953188504492,0.0012542881079854967,-0.1039229984084765,0.03524417510367266,-0.0012512712775666396,0.1039229984084765,0.03524417510367266,0.0012512712775666396
34.222802027742915,1.0,1500.0,0.0,94.0,2083.0,0.6735363180118941,1402.0,681.0,9.830682182289435,2.0001462774632244,12228.872842235362,236.60000000000002,0.0489247311827957,34.54285714285714,8.288571428571426,11.076208133960815,140.0,34.46086956521738,8.952173913043477,11.17952577621347,46.0,34.54285714285714,8.288571428571426,11.076208133960815,140.0,0.4210993409699338,-0.016910690702241733,-0.0034089261905625506,-0.0036739591717359506,-0.02254211543772478,-0.20673847003591087,-0.032296134414274584,13.339794810067692,94.0,99000.0,65.0,889.583601474762,111.28802266125034,47.943756103515625,-6.386422634124756,-19.91057014465332,0.39350762963294983,-20.3040771484375,0.008836973458528519,0.008836973458528519,1.7984155831207715e-12,6.572333812713623,1.0124295949935913,1.0632133483886719,-0.05078386142849922,0.05078386142849922,,,,,12.017479038238525,8.780889740873008,0.33124768264566823,-4.039994325240453,1.6930585801625329,-0.009452359124736322,-21.372477531433105,0.8700282331186205,-0.016174355868635297,-0.004314349964261055,0.34075873805492446,-0.005967957430308861,-21.36816323598226,0.9421893770879539,-0.010206411783898845,0.008796298938492934,0.0002158623070461262,1.899870868784681e-05,0.008796298938492934,0.0002158623070461262,1.899870868784681e-05,2.2497197825719723e-12,2.909481971131186e-13,-3.356380936838037e-14,4.146877088149389,1.7034663740952312,0.009735368926479887,0.8825615187486012,0.06619716777223877,-0.0012081056733815837,0.9790424287319184,0.0720346978830766,-0.0012650493122181698,-0.09648092562953631,0.034985957840924446,5.69408773978133e-05,0.09648092562953631,0.034985957840924446,-5.69408773978133e-05
29.33164770188539,1.0,1500.0,0.0,23.0,2035.0,0.16424447198006814,334.0,1701.0,10.00232128199068,2.228543411397939,12738.08112602969,272.8,0.05862380195126144,33.96642335766424,8.448175182481753,11.267143019576814,137.0,33.83508771929826,8.32982456140351,11.304906772941726,114.0,33.96642335766424,8.448175182481753,11.267143019576814,137.0,0.4219585383813382,-0.017501040773760513,-0.00489511735984539,-0.004660961009551513,-0.023022598870056397,-0.23480225988700196,-0.032818069017038376,13.284905583400384,23.0,100500.0,66.0,901.5495858192444,111.47473370383166,8.707664489746094,-3.1222751140594482,-22.824214935302734,0.38139745593070984,-23.205612182617188,0.007982379756867886,0.007982379756867886,1.1461990211125705e-12,3.3619890213012695,0.9149372577667236,1.0589537620544434,-0.1440165638923645,0.1440165638923645,,,,,10.541838383674621,7.859424199742034,-0.32683148320445243,-4.497308234373729,1.5230781701258196,-0.02556917359752035,-22.05267136891683,0.8679077188283589,-0.011432603150771136,-0.08340896281103292,0.3758245364611331,-0.0004765284679689152,-21.96926237742106,0.991656596265429,-0.010956073205117768,0.008374339994043111,0.00024006958738265422,-2.5439877539574974e-05,0.008374339994043111,0.00024006958738265422,-2.5439877539574974e-05,1.4381473334261486e-12,1.8738156690936893e-13,-2.1613706611646008e-14,4.623410340150198,1.496699472569893,0.028013426708565006,0.8570889949798584,0.06808314703641502,-4.263146965868763e-05,0.9625377953052521,0.07860328829359328,-8.679050227031425e-05,-0.10544879212975503,0.03623291396534639,4.4157832562593504e-05,0.10544879212975503,0.03623291396534639,-4.4157832562593504e-05
34.410382481116166,1.0,1500.0,0.0,106.0,1946.0,0.8134936470977772,1583.0,363.0,9.916102565439406,1.466367309750339,10530.816393990928,176.8,0.039411502452073116,34.2442748091603,7.767938931297711,11.257941847233525,131.0,31.616,6.143999999999998,11.946187239628161,25.0,34.2442748091603,7.767938931297711,11.257941847233525,131.0,0.41787899203851225,-0.017707167997959863,-0.003348163509197752,-0.0029320214916134946,-0.016397130350194116,-0.20992217898834126,-0.032233648483552195,13.40990482492522,106.0,102000.0,67.0,915.7432775497437,111.38492905230125,2.340578317642212,-5.198223114013672,-22.81958770751953,0.19300420582294464,-23.012592315673828,0.008506186306476593,0.008506186306476593,7.330680658855504e-13,5.30497407913208,0.896881103515625,1.0204880237579346,-0.12360690534114838,0.12360690534114838,,,,,9.993309287230174,6.439163087216204,-0.022047681007555196,-4.624682875474294,1.556674179705671,0.001896296274144983,-22.043127314249674,1.1748615250910908,-0.02888574228933801,0.001086340347925822,0.40950318518617207,0.0015039166400376827,-22.044213612874348,1.0091744127105193,-0.030389655498296343,0.008420895723005136,0.00015606163202692966,1.586093810760913e-05,0.008420895723005136,0.00015606163202692966,1.586093810760913e-05,9.178891244443719e-13,1.1705539310959933e-13,-1.3503499883571674e-14,4.731567796071371,1.5736526298406306,-0.0015267226799444988,0.885119750102361,0.10036401211654328,-0.0003441821879088891,0.9802079935868581,0.08559761878638202,0.00031905483218265936,-0.09508824069052935,0.03551956355747433,-0.0006632367751920543,0.09508824069052935,0.03551956355747433,0.0006632367751920543
34.27068871818483,1.0,1500.0,0.0,64.0,1816.0,0.524166832237501,951.0,865.0,10.183137870650757,1.6769045403070735,10311.590485900619,222.8,0.054731256755428906,33.36721311475409,8.019672131147544,11.594942587029474,122.0,32.66206896551725,7.717241379310345,11.745963690144194,58.0,33.36721311475409,8.019672131147544,11.594942587029474,122.0,0.4297782954909033,-0.018084292413917926,-0.0038573685798311327,-0.004241234577626439,-0.015083625851744373,-0.21920297336361086,-0.03448595132764559,13.866093350799648,64.0,103500.0,68.0,928.553795337677,111.46365511581511,1.3706111907958984,-5.894609451293945,-21.067584991455078,0.09827548265457153,-21.165861129760742,0.008344346657395363,0.008344346657395363,4.671686757058702e-13,5.907200813293457,0.9550411105155945,1.0005333423614502,-0.04549213498830795,0.04549213498830795,,,,,7.847555192311605,5.92031812131624,-0.05780937950125807,-4.595615859826406,1.6143292335494344,-0.023542285655045916,-22.487964820861816,0.9089037624342667,0.011857414457769179,-0.017441449066003162,0.277091034267747,-0.008542273764615601,-22.470523516337078,0.9348928635793883,0.02039966986362372,0.00835626112918059,6.861354617166352e-05,2.719105549728293e-06,0.00835626112918059,6.861354617166352e-05,2.719105549728293e-06,5.857178728575079e-13,7.579359954206981e-14,-8.743221675966439e-15,4.6977639436721805,1.5866069413073676,0.02367239300745874,0.878726742664973,0.058888022785438275,-0.000633243657855769,0.976334277788798,0.057876210300838754,-0.001785015794671303,-0.09760753201941649,0.03412758051639602,0.001151773437144895,0.09760753201941649,0.03412758051639602,-0.001151773437144895
39.85974263003532,1.0,1500.0,0.0,94.0,1994.0,0.701425265820804,1398.0,596.0,10.229562811418734,1.5796878906217888,11080.672573028427,200.8,0.04516012954300108,33.182089552238814,7.379104477611939,11.537825900658728,134.0,33.529999999999994,8.595,11.446237966407557,40.0,33.182089552238814,7.379104477611939,11.537825900658728,134.0,0.4453177244938546,-0.018343772592986522,-0.0047457806817503174,-0.004077674511878903,-0.020711433756805543,-0.18729582577132767,-0.03576456895588041,14.305847561268832,94.0,105000.0,69.0,942.292233467102,111.4303994777283,5.92351770401001,-4.091695785522461,-22.044153213500977,0.5917419195175171,-22.635894775390625,0.008027585223317146,0.008027585223317146,2.982281576639073e-13,4.180074691772461,1.0177655220031738,1.1026270389556885,-0.08486153930425644,0.08486153930425644,,,,,9.140128974119822,7.218883900234832,-0.06547821628901553,-4.29295675555865,1.6099724944793803,0.04525310106086534,-22.90442352294922,0.9243786396480832,0.02426225112728432,0.013981659213701885,0.33122803031564635,0.01223001413801488,-22.918404960632323,0.8486692111008279,0.01203223622017678,0.008040618679175774,0.0001787427947854891,-1.8476858295840237e-05,0.008040618679175774,0.0001787427947854891,-1.8476858295840237e-05,3.7339319642592147e-13,4.828704323803689e-14,-5.56838905665303e-15,4.421260611216227,1.5912464265238673,-0.047350797769888216,0.8821599860986074,0.07733570260064795,0.0033635789083028716,0.9828576107819875,0.06866434293145328,0.002526531269871214,-0.10069762704273065,0.03031504855747795,0.0008370456900095407,0.10069762704273065,0.03031504855747795,-0.0008370456900095407
36.19613075419648,1.0,1500.0,0.0,73.0,2086.0,0.5247849520817832,1094.0,992.0,10.072501685675798,2.084292914761705,12341.80071206924,218.20000000000002,0.0461955371130965,33.73857142857144,7.908571428571429,11.366002547322033,140.0,33.70149253731344,8.301492537313434,11.365470890231425,67.0,33.73857142857144,7.908571428571429,11.366002547322033,140.0,0.4347387792357491,-0.017855774148054178,-0.004764665171040355,-0.0036346285931331203,-0.02324773828017818,-0.20140729233299398,-0.03492123092092542,13.874292239426477,73.0,106500.0,70.0,955.6757662296295,111.43946907868983,3.627511978149414,-5.392833709716797,-22.45813751220703,0.6384840607643127,-23.096622467041016,0.007425225805491209,0.007425225805491209,1.9027861968348714e-13,5.409176349639893,1.0216715335845947,1.1102213859558105,-0.08854988217353821,0.08854988217353821,,,,,7.632957216103872,6.422570968096835,0.1930700942061767,-4.540715565284093,1.5915384048361354,-0.0016875182561268821,-23.507605171203615,1.0465642712075975,-0.006370258861706422,-0.10625431885321936,0.36922895578578946,-0.0010775219313427376,-23.40135103861491,0.9171593402815124,-0.005292758793135419,0.007733883708715439,0.00019933723906693693,-2.1252600896743218e-05,0.007733883708715439,0.00019933723906693693,-2.1252600896743218e-05,2.384239814404397e-13,3.0800579245666705e-14,-3.552841027330437e-15,4.6544294635454815,1.6004568768897445,0.0023417711257933387,0.8532136380672455,0.08709109866849343,2.1692205456643064e-05,0.9581454575061799,0.07590989229959996,-0.0002132655913891169,-0.10493182800710202,0.03158280258484654,0.0002349579103862916,0.10493182800710202,0.03158280258484654,-0.0002349579103862916
59.39001524448395,1.0,1500.0,0.0,8.0,2086.0,0.05600761041056838,116.0,1970.0,10.26224407513304,2.09453231207146,13156.222846007493,256.6,0.055347051464561495,33.11571428571428,7.812857142857146,11.579443275446806,140.0,33.39242424242424,8.07121212121212,11.479335909723591,132.0,33.11571428571428,7.812857142857146,11.579443275446806,140.0,0.5330639257767541,-0.017064077176535117,-0.003392027766851381,-0.00243779642743958,-0.015045135406218619,-0.11073219658976904,-0.039484514324746034,16.40583433190529,8.0,108000.0,71.0,966.7424685955048,111.71537768161123,5.615359783172607,-5.256380081176758,-24.59716033935547,0.23534542322158813,-24.83250617980957,0.007564545143395662,0.007564545143395662,1.2155227724960221e-13,5.333453178405762,0.8931423425674438,1.0281816720962524,-0.13503935933113098,0.13503935933113098,,,,,9.513139613469441,9.408373914746239,0.047759796170159276,-4.5435802102088925,1.3572853844297803,0.0005158161029668054,-23.56758270263672,0.9201286532418612,-0.006688270102087576,0.07218058953682581,0.28321146724183577,-0.011040235798934409,-23.639763387044272,0.8731215075472087,0.004351957700939769,0.007763685798272491,0.00021956615933357485,2.0949655855787076e-06,0.007763685798272491,0.00021956615933357485,2.0949655855787076e-06,1.5208740887405596e-13,1.965396171668244e-14,-2.266704924864889e-15,4.63598960240682,1.3929541570846469,-0.0003816982265044529,0.8940324405829112,0.06470269209677157,-0.0017095722398980876,0.9947937568028767,0.05833057489778272,-0.002262974978819332,-0.10076132267713547,0.029933731971964975,0.0005534022051977802,0.10076132267713547,0.029933731971964975,-0.0005534022051977802
34.6981394236738,1.0,1500.0,0.0,44.0,2046.0,0.3230307840752872,660.0,1386.0,10.08693800890691,1.9733388979013953,12271.5011443636,280.6,0.060788561525129986,33.693430656934325,8.367883211678834,11.361086586459011,137.0,33.75483870967743,8.539784946236562,11.352659491191686,93.0,33.693430656934325,8.367883211678834,11.361086586459011,137.0,0.4379710271860936,-0.019877736471043562,-0.004905630936393241,-0.004628407219791895,-0.023106291997555848,-0.21514966401954097,-0.03524665192460657,14.599255321257603,44.0,109500.0,72.0,979.2155368328094,111.82420609273477,19.500591278076172,-2.9195151329040527,-23.379695892333984,-0.10337787121534348,-23.276317596435547,0.007559835445135832,0.007559835445135832,7.7371133588508e-14,2.985229015350342,0.8878390192985535,0.958836555480957,-0.07099752873182297,0.07099752873182297,,,,,10.530862923463186,7.685656185303686,0.2550197489667388,-4.656007035573324,1.259607668098707,-0.018631241239350373,-23.84520371754964,0.8239139083898828,-0.04411685803575619,0.028325352321068444,0.36843766385848936,-0.0035637385902866363,-23.873529116312664,0.8395514799492291,-0.040553123720230164,0.007546487698952357,0.00011999233196924494,-1.0979885403253472e-05,0.007546487698952357,0.00011999233196924494,-1.0979885403253472e-05,9.715752349964286e-14,1.2649166488705047e-14,-1.4592142524243476e-15,4.805893802642823,1.2499879710231558,0.017616201958746337,0.8892529090245564,0.07252630797687855,-0.0016832875462872736,0.9857809166113536,0.07542615258592701,-0.0007293728620510496,-0.0965280073384444,0.026715011366969996,-0.0009539126090133525,0.0965280073384444,0.026715011366969996,0.0009539126090133525
34.64351274050199,1.0,1500.0,0.0,65.0,1859.0,0.5186488551637277,964.0,895.0,10.160542661129067,2.161838985035982,11425.565535370064,227.4,0.05439150401836969,33.446400000000004,7.755199999999999,11.518587821580745,125.0,32.433333333333344,7.303333333333332,11.840338692208281,60.0,33.446400000000004,7.755199999999999,11.518587821580745,125.0,0.4260517623076931,-0.018194555016782032,-0.003560447563895036,-0.00351262868135901,-0.016903681290972746,-0.214301563287941,-0.03405886428644302,13.971496919661082,65.0,111000.0,73.0,992.1149055957794,111.88220172273583,5.79648494720459,-3.633869171142578,-23.817359924316406,0.4735763967037201,-24.290935516357422,0.008264793083071709,0.008264793083071709,4.946966162991222e-14,3.676832675933838,0.9858871698379517,1.078747034072876,-0.09285983443260193,0.09285983443260193,,,,,10.544409775733948,7.204648587186155,-0.1417444713388856,-4.850599582990011,1.0715183475474288,0.0080724804764728,-24.180652491251628,0.8969854476064927,-0.028302708881449323,0.04518314997355143,0.36772386580175037,0.0049088158981420845,-24.22583554585775,0.9230402946603802,-0.03321151309071674,0.007910278206691147,0.0001738968325053862,1.762248523889697e-05,0.007910278206691147,0.0001738968325053862,1.762248523889697e-05,6.193136236409709e-14,7.997983159066008e-15,-9.224368159301349e-16,4.990631508827209,1.0712520514791772,-0.011203808248772455,0.8930107255776724,0.07403100403289976,0.0003199741360342711,0.9893423477808635,0.07610245831155363,0.0010239973747159898,-0.09633162319660186,0.029454356378569555,-0.0007040213457867065,0.09633162319660186,0.029454356378569555,0.0007040213457867065
40.88401021003723,1.0,1500.0,0.0,25.0,1999.0,0.18781614214695735,375.0,1624.0,10.203797762180331,1.9752379991252857,12307.961330895707,257.2,0.05765523425240977,33.291044776119406,8.047761194029848,11.529781426960689,134.0,33.451376146788974,8.31376146788991,11.464481567836133,109.0,33.291044776119406,8.047761194029848,11.529781426960689,134.0,0.4520595586805932,-0.017678148663109915,-0.004352893441510969,-0.0034409153948104752,-0.016169154228855877,-0.19038142620232035,-0.03679949074583367,14.365876421857989,25.0,112500.0,74.0,1003.9339406490326,112.05916589219999,7.260410308837891,-6.52296781539917,-26.210498809814453,0.06773990392684937,-26.27823829650879,0.007746237330138683,0.007746237330138683,3.155555854052368e-14,6.770851135253906,0.8486159443855286,0.9939366579055786,-0.1453208029270172,0.1453208029270172,,,,,12.28588129679362,10.513166209914344,0.41430761445483577,-5.130960694948832,1.3971965549530816,0.05000373338565692,-24.693932851155598,0.8679230585165847,0.015473165713639953,-0.10051229372620582,0.3651664691963982,0.012102084349140573,-24.593420473734536,0.828546385777967,0.0033710666440092164,0.00772336918550233,0.0002081592095583295,-1.1608631840106416e-05,0.00772336918550233,0.0002081592095583295,-1.1608631840106416e-05,3.950700782685314e-14,5.12240893455006e-15,-5.906131441188331e-16,5.220725456873576,1.4049941169745082,-0.04983856383632392,0.8625305672486623,0.0780076134631884,0.0029992056768118115,0.9592152595520019,0.07515461132419167,0.0025024450660679886,-0.09668468435605367,0.027192167503025253,0.000496761456082212,0.09668468435605367,0.027192167503025253,-0.000496761456082212
37.48979100777257,1.0,1500.0,0.0,124.0,1970.0,0.9369709755583328,1845.0,125.0,10.025855350124408,1.5025623444437346,10471.828538618043,190.0,0.04215664521854892,33.88721804511278,7.446616541353385,11.34848892145476,133.0,33.75555555555556,8.377777777777775,11.241214136954206,9.0,33.88721804511278,7.446616541353385,11.34848892145476,133.0,0.43095360012286704,-0.019361777632307772,-0.0053216607079280805,-0.0036189414155814136,-0.017490656700480833,-0.19540843566472418,-0.034007562748206766,13.964825746601072,124.0,114000.0,75.0,1018.8585677146912,111.88991643433201,18.423641204833984,-5.242460250854492,-23.300416946411133,0.22003954648971558,-23.520456314086914,0.00761792529374361,0.00761792529374361,2.012108131477751e-14,5.452528476715088,0.9793040752410889,1.025115966796875,-0.04581189155578613,0.04581189155578613,,,,,10.965415779749552,9.649138370095786,-0.18103337473545802,-5.433722583452861,1.4344979067684789,-0.005078502491663364,-24.517949040730795,1.0408282293172,-0.02692928038396578,0.16284140174587566,0.5160816115817382,-0.00461681675625856,-24.68079045613607,0.8942436415909802,-0.022312446908239743,0.007493284282584985,0.00011943814835760222,-7.254093910284799e-06,0.007493284282584985,0.00011943814835760222,-7.254093910284799e-06,2.5227054479037517e-14,3.2744116192361464e-15,-3.776650613745767e-16,5.557770625750224,1.449493164865745,0.005573243055248007,0.9253097077210745,0.10954919393513352,-0.0012943166381657947,1.0133429805437724,0.10559322385150914,-0.0009566416862411665,-0.08803328412274519,0.027979147670080244,-0.0003376741322778878,0.08803328412274519,0.027979147670080244,0.0003376741322778878
31.897404716975654,1.0,1500.0,0.0,67.0,1817.0,0.5460547602202837,992.0,825.0,10.171709797553495,1.8846244561018926,10641.69336695083,219.60000000000002,0.05389221556886228,33.4,8.109836065573768,11.56732968839931,122.0,32.621818181818185,7.963636363636364,11.819703665696276,55.0,33.4,8.109836065573768,11.56732968839931,122.0,0.42980701163793106,-0.019656844795434752,-0.005231696070491535,-0.004410861523317844,-0.029428007889546286,-0.2175147928994037,-0.03534356087775799,14.005412471649423,67.0,115500.0,76.0,1031.8548121452332,111.93435223689534,18.17726707458496,-4.07357120513916,-21.656352996826172,1.7265323400497437,-23.382884979248047,0.007969113998115063,0.007969113998115063,1.2889532445396236e-14,4.226164817810059,1.3061258792877197,1.3372507095336914,-0.031124765053391457,0.031124765053391457,,,,,9.54675973256429,6.919875860755565,0.19049292172950683,-5.163937664031982,1.5629157820004158,-0.042555825251493214,-24.655710411071777,1.330216556883994,0.07371598860047977,0.17256868879000345,0.5729590739529675,0.01288848448383132,-24.82827885945638,1.143544739414723,0.06082751026938645,0.007638729053239027,0.0001883232425279194,1.714337343667035e-05,0.007638729053239027,0.0001883232425279194,1.714337343667035e-05,1.6085753617151062e-14,2.080666323580187e-15,-2.3979694982155885e-16,5.286638593673706,1.5491401990769682,0.04177799829519099,0.9339831133683523,0.1277301360838166,0.004959182651740407,1.0155904829502105,0.11786346088813768,0.0026826845923307993,-0.08160737585276365,0.03755238594558597,0.002276498512328669,0.08160737585276365,0.03755238594558597,-0.002276498512328669
39.66063156572439,1.0,1500.0,0.0,118.0,2020.0,0.8736217734105521,1764.0,256.0,10.043673985236474,1.8911692596113423,11117.465404759392,170.8,0.03712720632988436,33.82647058823528,7.23235294117647,11.383546874923029,136.0,34.166666666666664,8.788888888888884,11.15424690747704,18.0,33.82647058823528,7.23235294117647,11.383546874923029,136.0,0.433722582320862,-0.01843334310955215,-0.004552969093274316,-0.003321452679401637,-0.01689528648038383,-0.1863731301157326,-0.03276019337304874,13.930914472896816,118.0,117000.0,77.0,1046.468764781952,111.80457930283163,16.03894805908203,-7.239731311798096,-25.555978775024414,-0.12419238686561584,-25.431785583496094,0.008106243796646595,0.008106243796646595,8.186993563554651e-15,7.424785614013672,0.8701452612876892,0.9542074203491211,-0.08406221866607666,0.08406221866607666,,,,,13.004603207111359,10.12619235116821,0.05304668676336012,-5.3818209330240885,1.6385284917848157,0.024094677289680847,-25.56576290130615,1.1448969010072747,-0.06736434028464168,0.07750322471062342,0.4705924865370345,-0.012529691665933724,-25.643266232808433,0.984124647803542,-0.054834653538246375,0.008387456306566794,0.00012217884680948172,-2.5452627438859262e-06,0.008387456306566794,0.00012217884680948172,-2.5452627438859262e-06,1.0295268874838129e-14,1.3447489459630357e-15,-1.551316253501529e-16,5.530991991360982,1.6231840301304883,-0.025131532745446324,0.9002368330955506,0.10570358327134385,-0.003936069401538429,0.9961857239405314,0.09842653829731805,-0.002609051003206852,-0.09594889109333356,0.029140837913810464,-0.0013270186585632104,0.09594889109333356,0.029140837913810464,0.0013270186585632104
34.50782224110195,1.0,1500.0,0.0,14.0,1832.0,0.11446034612586299,209.0,1623.0,10.20555772142218,1.8909569581665782,11404.262083623067,247.60000000000002,0.06043741456746729,33.30731707317073,8.409756097560972,11.553550080664479,123.0,33.25137614678899,8.434862385321098,11.582822767030823,109.0,33.30731707317073,8.409756097560972,11.553550080664479,123.0,0.437178850576937,-0.019349116277498482,-0.005593902550728752,-0.0033621010203615655,-0.01625119846596367,-0.2205177372962629,-0.03615164686631363,14.250801712897106,14.0,118500.0,78.0,1057.757479429245,112.02946072661322,6.047859191894531,-4.089062690734863,-26.62071418762207,0.25350064039230347,-26.87421417236328,0.007423211820423603,0.007423211820423603,5.23678797266329e-15,4.192546844482422,0.9144278764724731,1.0317015647888184,-0.11727365106344223,0.11727365106344223,,,,,11.571069320042929,10.507229744534492,0.00470681068496758,-5.277137088775635,1.369905868006578,-0.002626381196222388,-25.768224716186523,0.9682413822024946,0.0003252201271275531,-0.050677937393387155,0.35381217301322826,0.0033407383495827787,-25.717546717325845,0.9032621292133042,-0.003015521158763262,0.007659901476775606,0.00014480274079956357,-1.3381866707121712e-05,0.007659901476775606,0.00014480274079956357,-1.3381866707121712e-05,6.550699395924156e-15,8.41930569260318e-16,-9.70982722147294e-17,5.395132652918497,1.386078544344964,0.0014204015721202704,0.8823346316814422,0.07790222856464653,0.0009500858781069584,0.9696033616860708,0.07261188669886184,0.0006819657807355185,-0.08726872184003392,0.02778409767133978,0.0002681210013448357,0.08726872184003392,0.02778409767133978,-0.0002681210013448357
37.56050367355347,1.0,1500.0,0.0,10.0,2073.0,0.06657691714376392,138.0,1935.0,10.146830541517412,2.295988869137586,13358.187817431273,292.40000000000003,0.06235339275813537,33.495714285714286,8.202857142857143,11.443912701325262,140.0,33.47846153846155,8.21846153846154,11.444828274337745,130.0,33.495714285714286,8.202857142857143,11.443912701325262,140.0,0.4356678541156186,-0.017508569331200353,-0.006292806531140855,-0.006073578425926216,-0.010448760884125895,-0.2143335565974564,-0.03464657247483162,15.708357289820167,10.0,120000.0,79.0,1069.1285483837128,112.24094631222187,17.09711456298828,-7.2842278480529785,-25.90895652770996,0.20859256386756897,-26.117549896240234,0.0073409248143434525,0.0073409248143434525,3.348956303448453e-15,7.571194171905518,0.9388368725776672,1.022445797920227,-0.08360892534255981,0.08360892534255981,,,,,8.127790119250616,5.217733811621239,0.09507266672885432,-5.096343870957693,1.5194551491809716,0.0486972819711264,-26.010783513387043,1.1139416935653383,0.0065328163087571235,-0.11495731696486473,0.4285480692336978,0.006785558943157079,-25.895826403299967,0.8762559973476852,-0.00025274130340627554,0.007350231877838572,6.506117153068625e-05,-3.2435937912035714e-06,0.007350231877838572,6.506117153068625e-05,-3.2435937912035714e-06,4.190383021969193e-15,5.383953674901468e-16,-6.209736699737727e-17,5.219826070467631,1.5499103759872404,-0.04895833267916304,0.8745729585488637,0.10082494157067917,0.0017297329043387002,0.9566061854362488,0.08719170294333187,0.0013840046024428429,-0.08203322291374207,0.02665529111518399,0.000345727932267514,0.08203322291374207,0.02665529111518399,-0.000345727932267514
35.190884455045065,1.0,1500.0,0.0,30.0,1817.0,0.24046549066807665,436.0,1381.0,10.346705750410196,2.3537933544022516,11192.090525824737,206.4,0.05108152254615651,32.85040650406505,7.565853658536584,11.696785290522293,123.0,32.53763440860217,7.554838709677416,11.808615243011506,93.0,32.85040650406505,7.565853658536584,11.696785290522293,123.0,0.43313798885330446,-0.01797129570830533,-0.008349448088559846,-0.0029281206704825477,-0.024689440993788364,-0.202307009760422,-0.0352390249312495,13.90506397110793,30.0,121500.0,80.0,1080.9706978797913,112.39897643692775,7.7434163093566895,-5.554110527038574,-25.457523345947266,-0.11975602060556412,-25.337766647338867,0.007633117493242025,0.007633117493242025,2.128807036994528e-15,5.673732280731201,0.9054180979728699,0.9554350972175598,-0.050017017871141434,0.050017017871141434,,,,,10.775285585721333,6.167195831371416,-0.16837961925680597,-5.467518607775371,1.35677383938607,-0.022593400581792537,-26.742439142862956,0.9142530828848204,0.012486835687656713,-0.0658379272868236,0.2957456015434606,0.009235198017586857,-26.67660115559896,0.8994237007731274,0.00325165643575403,0.007552214820558826,0.00016503386027512786,1.678688356339984e-05,0.007552214820558826,0.00016503386027512786,1.678688356339984e-05,2.671740304873526e-15,3.488083398041721e-16,-4.023213274188942e-17,5.579661838213602,1.3606862587976156,0.02134407821035745,0.8717705011367798,0.06415269101957584,0.002331028366513156,0.966577289501826,0.060428630327195386,0.0018763849414362792,-0.09480677557488283,0.027069957074630127,0.0004546426087452144,0.09480677557488283,0.027069957074630127,-0.0004546426087452144
39.38232219219208,1.0,1500.0,0.0,110.0,2015.0,0.8193091540338476,1650.0,365.0,9.975666690323516,2.1890229870728644,11461.798357197245,167.60000000000002,0.03644745998608211,34.06222222222222,6.90222222222222,11.174271272883813,135.0,31.504000000000005,6.856,12.021555703919288,25.0,34.06222222222222,6.90222222222222,11.174271272883813,135.0,0.4184808330554406,-0.014689500700109347,-0.004040498820744691,-0.0030774710421493994,-0.0195811579750107,-0.1784243561917137,-0.0289891709121725,13.086754193494855,110.0,123000.0,81.0,1095.3205916881561,112.29588938013757,5.980505466461182,-7.329800605773926,-26.353574752807617,0.26871103048324585,-26.622285842895508,0.008095725439488888,0.008095725439488888,1.3577436277465186e-15,7.353733539581299,0.9581043720245361,1.035791039466858,-0.07768672704696655,0.07768672704696655,,,,,8.124243644873301,5.712957882608704,0.14509614977873722,-5.863705619176229,1.3675116626549026,0.00777716832908842,-26.795438067118326,1.3602333156628692,0.04151489758518102,0.11760362262527148,0.3521012931451269,-0.0007369840519712002,-26.913041814168295,1.207794951785677,0.04225187545623684,0.00791464226009945,0.00017658938275455618,1.8016191445978734e-05,0.00791464226009945,0.00017658938275455618,1.8016191445978734e-05,1.699104653519148e-15,2.1919685230402853e-16,-2.527524889101588e-17,5.981746665636698,1.3373451021187777,-0.008658087001626721,0.9130659222602844,0.090750898997701,0.0014482428950647885,1.0042899350325267,0.07263266394370275,-0.0001434473758014486,-0.09122401165465514,0.03661108496485186,0.0015916917071127682,0.09122401165465514,0.03661108496485186,-0.0015916917071127682
55.212293771597054,1.0,1500.0,0.0,13.0,2024.0,0.09014437370862065,182.0,1842.0,10.20446527311656,2.5541401165691493,13027.788416210555,270.40000000000003,0.0597252286080311,33.28970588235293,7.773529411764705,11.450408101391819,136.0,33.578861788617886,8.21951219512195,11.36307877202805,123.0,33.28970588235293,7.773529411764705,11.450408101391819,136.0,0.48695675301445945,-0.016369763660567544,-0.00909348677755425,-0.004307118464489471,-0.012734508243320095,-0.10505969300739083,-0.037333606322438186,14.34144543473349,13.0,124500.0,82.0,1106.8429594039917,112.48208152947032,10.915308952331543,-3.430896043777466,-27.174924850463867,0.33698415756225586,-27.51190948486328,0.00752027565613389,0.00752027565613389,8.648998367272089e-16,3.6539409160614014,0.9556821584701538,1.0489070415496826,-0.0932249128818512,0.0932249128818512,,,,,11.06909909248352,8.545855694686761,-0.2893580538544959,-5.201717940966288,1.4243223967438488,0.010594287093675025,-27.513164774576822,1.0466405418117086,-0.022347208602276604,-0.11253857140739759,0.3455450915996578,-0.00979190754379924,-27.40062624613444,0.9712088537064334,-0.012555276193925755,0.007929645556335648,0.0001854137237433034,-2.0142186441364678e-05,0.007929645556335648,0.0001854137237433034,-2.0142186441364678e-05,1.08473691673767e-15,1.405866213025703e-16,-1.6215975514080288e-17,5.331317885716756,1.4426127167542346,-0.00699655619823909,0.861772068341573,0.07721011831621401,-0.002025600853433083,0.9567864298820495,0.07126607078071653,-0.00200996176154253,-0.0950143704811732,0.027997455393357993,-1.563940516302908e-05,0.0950143704811732,0.027997455393357993,1.563940516302908e-05
39.07623327089393,1.0,1500.0,0.0,115.0,1997.0,0.8601832964586514,1717.0,280.0,9.822544296339576,1.9281854030284487,10642.073513334763,157.0,0.033887330023742716,34.57462686567163,6.95373134328358,11.049003730353467,134.0,32.89473684210525,7.873684210526314,11.622510037976584,19.0,34.57462686567163,6.95373134328358,11.049003730353467,134.0,0.4158072154037023,-0.0171399924148332,-0.005541578429514703,-0.0030859070716688906,-0.019036198337888846,-0.17451056946846805,-0.029972620109408644,13.114986945961897,115.0,126000.0,83.0,1121.5719273090363,112.34232681118289,15.828412055969238,-4.046858787536621,-27.20273780822754,-0.43087977170944214,-26.77185821533203,0.008211302570998669,0.008211302570998669,5.514441243487632e-16,4.146425247192383,0.8282763361930847,0.8902755975723267,-0.06199926137924194,0.06199926137924194,,,,,11.332502953211467,10.042181085706186,0.4686173387045854,-5.319717748959859,1.2874796948600802,-0.03313463914381106,-27.620624287923178,0.9654929832533268,-0.0014740126018921709,0.13287366069853307,0.42821033161539307,0.008395981622053867,-27.753498077392578,0.9765393123087908,-0.00987001107187173,0.007777680844689409,0.00019346102273297926,1.7074873262768872e-06,0.007777680844689409,0.00019346102273297926,1.7074873262768872e-06,6.911884370206414e-16,8.942154833886342e-17,-1.0315858861387972e-17,5.416619102160136,1.275576074174498,0.031761128539105496,0.9124006847540538,0.08631435596484063,0.0017696987800258468,1.0072626213232676,0.08823138795475222,0.001710044886829844,-0.09486193483074506,0.027870778610103578,5.965473687688934e-05,0.09486193483074506,0.027870778610103578,-5.965473687688934e-05
34.94401017203927,1.0,1500.0,0.0,64.0,2014.0,0.47459209594810764,955.0,1059.0,10.154769611578693,2.4862107754739244,12109.116754602346,225.60000000000002,0.049949076739140064,33.45629629629631,7.631111111111113,11.465063975369656,135.0,32.577464788732385,7.484507042253522,11.755907378516369,71.0,33.45629629629631,7.631111111111113,11.465063975369656,135.0,0.4231791579755582,-0.019956042871047127,-0.009111507354896053,-0.0034087652684043927,-0.012421095499897917,-0.20313581755242527,-0.034037123871904516,13.28821881931756,64.0,127500.0,84.0,1134.6427006721497,112.37017602499044,13.583623886108398,-5.013334274291992,-27.99382209777832,0.0699724480509758,-28.06379508972168,0.007746994495391846,0.007746994495391846,3.5203340444466924e-16,5.1229987144470215,0.9056993722915649,0.994395911693573,-0.08869647979736328,0.08869647979736328,,,,,9.392765839894613,8.023497553001008,0.05355644851956114,-5.568021031220754,1.5702585325132485,0.015501602579144545,-27.934659131368,1.1943419925265921,-0.07011169034726585,-0.12164592072367668,0.431661837099549,-0.017684025164109315,-27.81301326751709,1.0386588940754604,-0.05242767885609039,0.00801091279524068,0.00013777902917882197,-1.292461508655071e-05,0.00801091279524068,0.00013777902917882197,-1.292461508655071e-05,4.417990789296373e-16,5.731147437222548e-17,-6.61269112233541e-18,5.710160406430562,1.5783636247514181,-0.015172725047365178,0.8684299886226654,0.09763197983203524,-0.004796027116170864,0.9548756937185924,0.08931333683791182,-0.0036452813063633433,-0.08644569702446461,0.02824603489713989,-0.0011507462797162255,0.08644569702446461,0.02824603489713989,0.0011507462797162255
31.14164656606214,1.0,1500.0,0.0,29.0,2088.0,0.20781881917871287,433.0,1655.0,9.754523368232881,2.9606434774859665,13679.601103335437,267.6,0.05485629945471691,34.8442857142857,8.702857142857146,10.995755237126492,140.0,34.5963963963964,8.81081081081081,11.081174162720563,111.0,34.8442857142857,8.702857142857146,10.995755237126492,140.0,0.40601272773182756,-0.01920747827737134,-0.00814813927108628,-0.002978436661765938,-0.020679948029449727,-0.20822867042009086,-0.031299904774608,12.754020411409543,29.0,129000.0,85.0,1146.831171989441,112.4838626214005,32.858642578125,-6.245448589324951,-31.11400604248047,-0.2682730555534363,-30.845733642578125,0.008444910869002342,0.008444910869002342,2.2466410725397444e-16,6.5140557289123535,0.7677326202392578,0.9238070249557495,-0.15607430040836334,0.15607430040836334,,,,,12.351365538438161,9.65375917398118,-0.31416780593265337,-5.353959170977275,1.3659513080440333,-0.019047455633840183,-28.183171017964682,1.2815471587936302,-0.03437175687083374,0.14556680986036857,0.5446121909157803,-0.0032481354318385177,-28.32873789469401,1.0872369687202106,-0.031123610890083437,0.008101418536777297,0.00035816028816042803,3.833554993830066e-05,0.008101418536777297,0.00035816028816042803,3.833554993830066e-05,2.815196612381804e-16,3.635290869133969e-17,-4.192773593288814e-18,5.456676769256592,1.386123369115935,0.016189090932436482,0.9192152420679728,0.12051774617105927,-0.0012049281689959167,1.0101863900820414,0.11284314532717324,-0.0006688700634592735,-0.09097114664812883,0.029743014971000417,-0.0005360564322638686,0.09097114664812883,0.029743014971000417,0.0005360564322638686
37.28959631085396,1.0,1500.0,0.0,100.0,1985.0,0.7551853788823129,1499.0,486.0,9.898835723015544,2.119785178611805,11301.204182981357,165.4,0.03624331667981418,34.3127819548872,7.521804511278196,11.186330343371509,133.0,33.90909090909091,8.636363636363638,11.270445409833483,33.0,34.3127819548872,7.521804511278196,11.186330343371509,133.0,0.42185379959151453,-0.018604753205317622,-0.007243372448260655,-0.002773280223921641,-0.015983366902734737,-0.18592684036125676,-0.03368969512480301,13.028379414809072,100.0,130500.0,86.0,1160.9008657932281,112.41269934864859,2.4959144592285156,-6.149188995361328,-30.872905731201172,-0.18602369725704193,-30.68688201904297,0.00856034830212593,0.00856034830212593,1.432083368483174e-16,6.1803460121154785,0.7997722029685974,0.9409254789352417,-0.14115330576896667,0.14115330576896667,,,,,9.752117578188578,6.775577136679316,0.06215431836078379,-5.8743714412053425,1.440327646204734,-0.004323617714530665,-28.69121487935384,0.9463351207419253,-0.021354824655976372,-0.08410857419172922,0.4021513851349544,0.01571093014668305,-28.60710646311442,0.8861516536264719,-0.037065741058450286,0.008492188528180122,0.0001285811711540126,-9.261343516285297e-06,0.008492188528180122,0.0001285811711540126,-9.261343516285297e-06,1.796060722754257e-16,2.3289940178354927e-17,-2.6866651577510885e-18,5.9685298522313435,1.4511929749339014,0.0029824117399559137,0.8734395802021027,0.08674396364592366,0.0025980419656458377,0.9622772653897603,0.08432302305433734,0.0032943948092264246,-0.08883769661188126,0.023565126860830385,-0.0006963525734037901,0.08883769661188126,0.023565126860830385,0.0006963525734037901
39.149932788998896,1.0,1500.0,0.0,89.0,1950.0,0.6828687991353298,1331.0,619.0,10.216307877272701,2.4841089795681093,11565.99004617372,182.60000000000002,0.04189995410738871,33.26717557251909,7.025954198473283,11.531774039524935,131.0,31.94285714285714,7.100000000000001,11.924317901113236,42.0,33.26717557251909,7.025954198473283,11.531774039524935,131.0,0.4317792231478374,-0.020533520664250373,-0.007924909626698897,-0.003109528590501778,-0.010731852735131622,-0.18548218810553121,-0.03507143405289352,13.681997968340363,89.0,132000.0,87.0,1174.502302646637,112.38802997878308,54.33063507080078,-4.073452949523926,-31.807947158813477,-0.7351706027984619,-31.072776794433594,0.008241020143032074,0.008241020143032074,9.162659131170696e-17,4.195809364318848,0.6853545904159546,0.8267854452133179,-0.1414308249950409,0.1414308249950409,,,,,12.995735774437586,11.304143102357509,0.14666201899924156,-5.489295911788941,1.4982870244659916,0.0014585099310445528,-28.7103515625,1.2629211282563257,-0.0726701424570049,-0.07073227191964786,0.6277078994371295,-0.016810424811516518,-28.63961919148763,1.1414469513306622,-0.05585971276407305,0.008723798238982757,0.00032303272344895103,-6.479037940104482e-06,0.008723798238982757,0.00032303272344895103,-6.479037940104482e-06,1.146879187157494e-16,1.473342475214626e-17,-1.6995028961800433e-18,5.601180203755697,1.4974927284454143,-0.001640536230849069,0.8852096239725749,0.13367697331986528,-0.004739993087972257,0.9652830521265666,0.1331944132150672,-0.003536123189830682,-0.0800734207034111,0.030015978274811856,-0.0012038690097074737,0.0800734207034111,0.030015978274811856,0.0012038690097074737
36.04097935849545,1.0,1500.0,0.0,102.0,2058.0,0.742944955692187,1528.0,530.0,9.723743368643573,2.173546861859936,11342.172754678022,215.20000000000002,0.04464545039624912,34.92898550724637,7.902898550724637,10.886766951847953,138.0,34.50555555555556,9.244444444444447,11.22164055834799,36.0,34.92898550724637,7.902898550724637,10.886766951847953,138.0,0.4147084086343017,-0.017952160523844473,-0.006729952794314,-0.004031506193305564,-0.016826651609259835,-0.19017504234896426,-0.02990471550827208,12.743727510656822,102.0,133500.0,88.0,1188.9239325523376,112.2864098743535,8.50828742980957,-6.067826747894287,-31.47043800354004,-0.8503096103668213,-30.620128631591797,0.0077755688689649105,0.0077755688689649105,5.833523848674247e-17,6.3321533203125,0.6857552528381348,0.8049131631851196,-0.11915789544582367,0.11915789544582367,,,,,8.449264307816824,6.088416207358915,0.09440521926052417,-5.641377806663513,1.5223853101352667,-0.018335692954142772,-29.002628008524578,1.0231706963956053,-0.06887211911007236,-0.032867101952433586,0.40180087445263835,-0.01914209553990535,-28.969760831197103,0.8461536709148673,-0.0497300174530673,0.007919034299751123,0.00010552453936515225,-5.067155610467652e-06,0.007919034299751123,0.00010552453936515225,-5.067155610467652e-06,7.325171875439174e-17,9.523012172578812e-18,-1.0988168194225103e-18,5.762887676556905,1.529988046798421,0.017871747054035117,0.8936727325121562,0.09007108169297563,-0.004977857575931074,0.9732200026512146,0.08309035471614999,-0.003955623013556887,-0.07954726616541545,0.021493716784829173,-0.001022235218754598,0.07954726616541545,0.021493716784829173,0.001022235218754598
33.98285945613733,1.0,1500.0,0.0,89.0,1997.0,0.6637073967807915,1325.0,672.0,9.811456466888542,2.3358181428968905,11705.37683415887,174.60000000000002,0.037640667442762905,34.61641791044775,7.43731343283582,11.068475888000515,134.0,33.084444444444436,7.146666666666665,11.514013660622513,45.0,34.61641791044775,7.43731343283582,11.068475888000515,134.0,0.40916082810424453,-0.019729521584631152,-0.008588139627148744,-0.0028768076844202994,-0.017255096966682565,-0.19180223058890858,-0.034558778224228835,12.732875810548064,89.0,135000.0,89.0,1202.9074158668518,112.22808856217324,21.545692443847656,-4.756178855895996,-32.343746185302734,-0.33074527978897095,-32.01300048828125,0.007534744683653116,0.007534744683653116,3.722568851606271e-17,4.982403755187988,0.7660870552062988,0.9123377799987793,-0.14625073969364166,0.14625073969364166,,,,,7.738220218817393,6.643362529046063,0.11609789152962194,-5.92844561735789,1.6741608835124648,-0.029975595304512454,-29.269787216186522,1.3003605198480934,-0.07636205314661605,0.028539797166983287,0.46422097192207823,-0.004885112914413182,-29.298327000935874,1.1773317803328185,-0.0714769348551882,0.007708538044244051,0.00012094940995209058,3.5409866371195813e-06,0.007708538044244051,0.00012094940995209058,3.5409866371195813e-06,4.674483712437164e-17,6.0401630136669166e-18,-6.9694830466399e-19,6.052980407079061,1.6842049121528875,0.031038586422386542,0.9069429775079091,0.10232745421036106,-0.002587032623100094,0.9859012146790822,0.0955936459051315,-0.0009966990441183617,-0.0789582321420312,0.029963138566494414,-0.0015903342995912792,0.0789582321420312,0.029963138566494414,0.0015903342995912792
37.05598907551523,1.0,1500.0,0.0,118.0,2021.0,0.8692258759448626,1756.0,265.0,9.415309781853882,2.004473501023261,10602.392428827105,176.20000000000002,0.03589471968709257,36.094117647058816,7.323529411764703,10.522825199605522,136.0,34.577777777777776,9.088888888888892,11.080066082492301,18.0,36.094117647058816,7.323529411764703,10.522825199605522,136.0,0.39699949637202553,-0.01668534739832002,-0.005911690933588282,-0.0033581036980772773,-0.018921174813501695,-0.1734467108352135,-0.025908021352736735,12.23888401515583,118.0,136500.0,90.0,1217.8750355243683,112.08046475903708,19.553857803344727,-5.740079879760742,-31.26057243347168,0.19353365898132324,-31.454105377197266,0.00792323611676693,0.00792323611676693,2.3674547714700543e-17,5.574767112731934,0.8983566761016846,1.0200026035308838,-0.12164600193500519,0.12164600193500519,,,,,10.28843222061793,9.905309216622324,-0.3682437423869424,-5.6796362479527795,1.6617254720556867,0.011123420929617104,-30.09964548746745,1.5788102208404236,-0.05013807167333173,0.08113083615899086,0.5887489538056998,-0.024470985494346873,-30.180776405334473,1.267874746397849,-0.025667076832194706,0.007881727007528146,0.0001378350192028971,9.465845378407781e-06,0.007881727007528146,0.0001378350192028971,9.465845378407781e-06,2.9694714887284654e-17,3.848691742532142e-18,-4.439035460902425e-19,5.756833036740621,1.6544724420309145,-0.011563773839439333,0.9037051359812419,0.13613688436640706,-0.005406942463027237,0.9965969423453013,0.12150247721610613,-0.005048468234939526,-0.09289179742336273,0.03292459898291584,-0.0003584735352417486,0.09289179742336273,0.03292459898291584,0.0003584735352417486
33.75015467405319,1.0,1500.0,0.0,16.0,1935.0,0.11826667377352695,228.0,1707.0,10.261163806182495,2.676252704137311,12800.178012375129,263.8,0.06125481818604003,33.12769230769231,8.024615384615387,11.587953801174264,130.0,32.959649122807015,8.017543859649123,11.64464874513574,114.0,33.12769230769231,8.024615384615387,11.587953801174264,130.0,0.424639482967887,-0.018350703521818425,-0.007117225099273852,-0.0033976405399607544,-0.019076797385621076,-0.21111111111111308,-0.03451242193492582,13.695897406154836,16.0,138000.0,91.0,1229.4514701366425,112.24517872564954,2.7641654014587402,-4.092300891876221,-29.06109046936035,0.5712867975234985,-29.63237762451172,0.00789657887071371,0.00789657887071371,1.517070750118179e-17,4.1652703285217285,1.0328314304351807,1.0979945659637451,-0.06516321003437042,0.06516321003437042,,,,,13.915640552838644,11.593527198827978,0.07872974625949192,-5.715894635518392,1.580451913524143,-0.020283349390422336,-29.836614990234374,0.7437457778742659,0.042918658230011064,0.07138118172685305,0.4235989698227138,0.01282762527233767,-29.907996050516765,0.5371594989154389,0.030091056356971912,0.007899167435243725,0.00012006200367649153,-9.167468997839505e-06,0.007899167435243725,0.00012006200367649153,-9.167468997839505e-06,1.8952883484037e-17,2.425248604715615e-18,-2.797165373372316e-19,5.8467181841532385,1.5973870516165487,0.019279501302886658,0.918101288874944,0.09200265973426536,0.003723504214451201,0.9947118103504181,0.08747902189176915,0.0026431539432622965,-0.07661052631835143,0.01536635757406159,0.001080349473090009,0.07661052631835143,0.01536635757406159,-0.001080349473090009
39.10724378585815,1.0,1500.0,0.0,75.0,2087.0,0.5388603300700869,1124.0,963.0,10.060382418937406,2.6702831639593176,12807.692630049674,225.60000000000002,0.04772381113555593,33.765714285714274,7.58,11.27780741257433,140.0,33.36307692307692,8.184615384615384,11.440520571065598,65.0,33.765714285714274,7.58,11.27780741257433,140.0,0.4290423687017207,-0.016863660478829905,-0.00633178476390112,-0.0034270890853236313,-0.013377308707123628,-0.18617414248020522,-0.03222119512657851,13.237130271608804,75.0,139500.0,92.0,1243.1687800884247,112.21324267013654,7.361405372619629,-3.3061251640319824,-31.905807495117188,0.7110599875450134,-32.61686706542969,0.007798895705491304,0.007798895705491304,9.63580793047613e-18,3.419241189956665,0.9940184354782104,1.126490831375122,-0.13247226178646088,0.13247226178646088,,,,,9.034804191191991,7.96095165423536,-0.22970764158299875,-5.677726689974467,1.627876837273975,0.0058367043368942086,-30.926998202006022,1.1703012779013555,-0.03969481853277152,-0.02103525809943676,0.3916309360129864,0.005380365896443774,-30.905962880452474,1.1790018250742835,-0.04507516642433578,0.007907784047226111,0.00011601401146769072,-7.848225708002701e-06,0.007907784047226111,0.00011601401146769072,-7.848225708002701e-06,1.2110872943938923e-17,1.5872070086928787e-18,-1.8302997700189974e-19,5.779601748784383,1.611549232522545,-0.010541254156025776,0.8824227750301361,0.08089651098075641,0.00025789590513080945,0.9756575544675191,0.08091785240666227,0.0011076455121575835,-0.0932347676406304,0.029505349486246866,-0.0008497479503292656,0.0932347676406304,0.029505349486246866,0.0008497479503292656
37.76785373299018,1.0,1500.0,0.0,92.0,1813.0,0.7598237403147237,1377.0,436.0,10.02599120986271,2.2330230944722467,10562.995474300798,181.60000000000002,0.04391140342392881,33.898360655737704,7.204918032786884,11.321892283350927,122.0,32.413333333333334,7.686666666666667,11.805983399952492,30.0,33.898360655737704,7.204918032786884,11.321892283350927,122.0,0.4241540633568696,-0.017180628214124312,-0.006363509481500647,-0.004061420175552548,-0.02178604387023506,-0.18365869241144603,-0.032622793486474434,13.501315277461982,92.0,141000.0,93.0,1256.938668012619,112.17731110376216,13.694782257080078,-5.621334075927734,-31.69904899597168,0.3516903519630432,-32.05073928833008,0.0073880902491509914,0.0073880902491509914,6.138107383929849e-18,5.777295112609863,0.9429432153701782,1.0516575574874878,-0.10871437191963196,0.10871437191963196,,,,,9.887643464406331,6.389832128718501,0.1774787688547035,-5.922898006439209,1.6973263695169762,0.05455999268307988,-31.420785649617514,1.0726302195216413,0.015390315920413303,-0.08781207526723543,0.4007101284001697,0.004458541107323604,-31.332973670959472,1.0557709576539256,0.01093179492717132,0.007526448586334785,0.00011750183139599954,-9.740592789597113e-06,0.007526448586334785,0.00011750183139599954,-9.740592789597113e-06,7.685179147684714e-18,9.985995647914017e-19,-1.1513117698747569e-19,6.013590741157532,1.717915439072266,-0.055951237015517456,0.8670112470785777,0.08270204646468833,0.001508122994186326,0.9619706352551778,0.08191797497765999,0.0009276951778186697,-0.09495938569307327,0.02716047594372315,0.0005804283103104824,0.09495938569307327,0.02716047594372315,-0.0005804283103104824
38.69693518845381,1.0,1500.0,0.0,113.0,1935.0,0.87197671990187,1687.0,248.0,9.890743540494604,1.7742234994669308,10684.460168986028,157.20000000000002,0.03517880320458309,34.37384615384617,7.1353846153846145,11.176948464305475,130.0,33.49411764705883,8.41176470588235,11.584911947020986,17.0,34.37384615384617,7.1353846153846145,11.176948464305475,130.0,0.4225612160895414,-0.0186526455436164,-0.00495115319318113,-0.003314897658543654,-0.018521503828660524,-0.18013702573551518,-0.032485508214713854,13.412208641710855,113.0,142500.0,94.0,1271.4557921886444,112.07625217916932,8.136189460754395,-5.201880931854248,-32.76911544799805,-0.21695591509342194,-32.55215835571289,0.007556646130979061,0.007556646130979061,3.913662793229291e-18,5.415674686431885,0.823444664478302,0.9355888366699219,-0.11214414238929749,0.11214414238929749,,,,,9.285004647572835,7.207050947845887,0.18031166329134538,-6.240463495254517,1.5748459336846454,0.00926621472079718,-31.577760314941408,1.5850856920734946,-0.06521373235343916,0.05064279089371363,0.5336862489879285,-0.023486233669207816,-31.628403027852375,1.3122946059613245,-0.041727503945219464,0.007831472313652436,0.0002233995047245921,-1.0416483521065334e-06,0.007831472313652436,0.0002233995047245921,-1.0416483521065334e-06,4.911633923543354e-18,6.350975234081472e-19,-7.327681386299062e-20,6.351212271054586,1.5839173691641344,-0.004626552520259822,0.8969438572724661,0.12494324697250261,-0.005573888416417613,0.9903502027193706,0.11035465992939826,-0.004826504714762172,-0.09340632384022077,0.032290885638615444,-0.0007473843712960527,0.09340632384022077,0.032290885638615444,0.0007473843712960527
35.75843070112929,1.0,1500.0,0.0,98.0,2048.0,0.7105006429208945,1455.0,593.0,9.856039475129144,2.064021311460429,11810.352076008552,204.60000000000002,0.04302296240222054,34.46086956521737,7.846376811594203,11.16563127950397,138.0,33.480000000000004,8.315,11.429436723472083,40.0,34.46086956521737,7.846376811594203,11.16563127950397,138.0,0.4174743299544426,-0.020617566673184047,-0.006200340779215698,-0.0030363016654044823,-0.012157455477426153,-0.19720049944142304,-0.03331217215125856,13.251246257823075,98.0,144000.0,95.0,1285.7035319805145,112.00093677753263,17.955833435058594,-6.392763614654541,-30.820446014404297,0.04675719141960144,-30.867202758789062,0.008080553263425827,0.008080553263425827,2.508171883504462e-18,6.612204551696777,0.9280523061752319,0.9897037744522095,-0.06165144592523575,0.06165144592523575,,,,,11.862176195780437,10.224703481266591,-0.10790835095194515,-5.606097400188446,1.4367456876387878,0.046697424012376254,-31.08765157063802,1.4325227799669351,-0.01112375821632232,0.11440778461595376,0.4199100342564879,-0.009256047767082512,-31.20205955505371,1.241560372955506,-0.0018676774785565146,0.007841809807966152,0.0001550307991820239,1.692468770784841e-05,0.007841809807966152,0.0001550307991820239,1.692468770784841e-05,3.13582186364017e-18,4.011264069986462e-19,-4.6276890434249674e-20,5.706338413556417,1.4403362610238646,-0.04304661559846446,0.9295553008715312,0.1003963934468297,-0.0016514846294687776,1.0035847981770833,0.08658461182290934,-0.0018898188736335493,-0.07402951767047246,0.030847369542703354,0.00023833474805278398,0.07402951767047246,0.030847369542703354,-0.00023833474805278398
40.37680280870862,1.0,1500.0,0.0,54.0,1841.0,0.43908011989777745,808.0,1033.0,10.297088450417712,1.955222279205156,10591.387406963937,200.8,0.0494751884886414,32.99674796747969,7.484552845528454,11.675498614051685,123.0,32.855072463768124,7.878260869565216,11.740815446780866,69.0,32.99674796747969,7.484552845528454,11.675498614051685,123.0,0.44357389389006835,-0.0174055180498649,-0.006697985169055038,-0.0031816598165846617,-0.014298300818124332,-0.18980490874763356,-0.03431224588273435,14.206373282438097,54.0,145500.0,96.0,1298.2384078502655,112.07494641984239,9.208002090454102,-2.353398323059082,-34.28232192993164,-0.5967382192611694,-33.685585021972656,0.007595213130116463,0.007595213130116463,1.6006469078614291e-18,2.5773794651031494,0.735632598400116,0.8577171564102173,-0.1220846176147461,0.1220846176147461,,,,,11.114549366633097,7.727188955653735,-0.08495265580920984,-5.701151498158773,1.5817365513235015,0.033672483505741396,-32.137563959757486,1.4390977674905896,-0.02853127756426363,0.004448707898457845,0.3797326261935829,-0.012249931497488993,-32.142012977600096,1.3291013473398015,-0.016281359187752892,0.007892449386417866,0.00018466383302937807,-1.9505876712128243e-05,0.007892449386417866,0.00018466383302937807,-1.9505876712128243e-05,2.0044391012393014e-18,2.60358386011073e-19,-3.002619576566654e-20,5.806142910321554,1.5531368251237905,-0.032806894378747065,0.8924366970856984,0.08871549425431445,-0.0026364675618385223,0.98101447224617,0.07828587525196831,-0.002525096780333581,-0.08857777106265227,0.03239896976930949,-0.0001113716740828298,0.08857777106265227,0.03239896976930949,0.0001113716740828298
38.5339195728302,1.0,1500.0,0.0,104.0,1900.0,0.8161978255403264,1550.0,350.0,9.702869239067502,1.9858907884508816,10623.144274823962,158.4,0.035341365461847386,35.015625,7.396874999999998,10.876730240046749,128.0,33.81666666666667,9.208333333333334,11.33518466746198,24.0,35.015625,7.396874999999998,10.876730240046749,128.0,0.41001473683916134,-0.01741521805158936,-0.005593312042481852,-0.002855686826280072,-0.012895169641225087,-0.17684107936895366,-0.030453784958549817,12.651810982873098,104.0,147000.0,97.0,1312.6189360618591,111.98985170900536,5.21549129486084,-6.299857139587402,-31.138349533081055,0.048292845487594604,-31.186641693115234,0.0075317202135920525,0.0075317202135920525,1.0202663844115604e-18,6.44828987121582,0.9370541572570801,0.9898785352706909,-0.05282440781593323,0.05282440781593323,,,,,8.84029861688614,6.244523651048879,-0.25043427493336234,-5.946837520599365,1.8280768343105052,-0.00030766382100702935,-32.358475557963054,1.4063695519049864,-0.038124107810625404,-0.05445726290345192,0.444758711284761,0.006026143069328269,-32.30401814778646,1.2838985782883712,-0.04415024109226077,0.0075413386803120375,0.00012405365290636737,-3.5509615266351277e-06,0.0075413386803120375,0.00012405365290636737,-3.5509615266351277e-06,1.280163810072872e-18,1.6671864117373834e-19,-1.9231953842417517e-20,6.103389167785645,1.7928332189110205,0.001986713218476688,0.8849406977494557,0.0996069946049971,0.000445065973067551,0.9688499649365743,0.09102250805181493,0.0012317746048906913,-0.08390926259259383,0.030503432962117435,-0.0007867080906408107,0.08390926259259383,0.030503432962117435,0.0007867080906408107
34.2647148890373,1.0,1500.0,0.0,78.0,2088.0,0.5585824686060394,1166.0,922.0,9.721492511696134,2.331657449730511,12609.45859291868,254.4,0.05202028463929331,34.9314285714286,8.267142857142856,10.910420955730984,140.0,34.08064516129032,8.577419354838712,11.221495072075303,62.0,34.9314285714286,8.267142857142856,10.910420955730984,140.0,0.4073504178733438,-0.017475629892533425,-0.006295760275446895,-0.0030385802160966726,-0.009734227320461865,-0.20214880038775515,-0.03130215262262768,12.46572951512729,78.0,148500.0,98.0,1326.216894865036,111.9726347741274,1.6586785316467285,-5.495773792266846,-32.47709655761719,0.32830891013145447,-32.80540466308594,0.007877702824771404,0.007877702824771404,6.544355221499036e-19,5.400297164916992,0.9642753601074219,1.0477776527404785,-0.08350230008363724,0.08350230008363724,,,,,9.790567795435587,9.56039405105644,-0.33134440718026054,-5.343527162075043,1.6013201116492106,0.0465056009632066,-31.778227043151855,1.3763263203231817,-0.013169422510335246,0.1053384310255448,0.3877799047645051,-0.0010215895501140553,-31.883565266927082,1.2749642126671024,-0.01214784021769979,0.007666619339336951,9.933903111662431e-05,6.705154773589482e-06,0.007666619339336951,9.933903111662431e-05,6.705154773589482e-06,8.185937970940149e-19,1.052510927064668e-19,-1.2141468813149765e-20,5.462705302238464,1.5847536553197379,-0.04957467329515367,0.9361461460590362,0.08855311788787949,-0.00023111187178514702,1.001571500301361,0.07960443098257168,-0.00020967763045740112,-0.06542535144835711,0.030520639284149102,-2.143579815929804e-05,0.06542535144835711,0.030520639284149102,2.143579815929804e-05
37.72037691771984,1.0,1500.0,0.0,80.0,2030.0,0.5868986242710985,1191.0,839.0,10.022888604484201,2.6093544791578367,12075.922752424472,210.60000000000002,0.04569320893903233,33.889705882352935,7.280882352941178,11.227347698819932,136.0,33.24285714285715,7.6607142857142865,11.475937046749914,56.0,33.889705882352935,7.280882352941178,11.227347698819932,136.0,0.4260441209990326,-0.01800345333367112,-0.009639209568629698,-0.003203027665150844,-0.01712014423864878,-0.18396984100966746,-0.033227914999324454,13.182074435108078,80.0,150000.0,99.0,1339.729276895523,111.96291861859308,10.007434844970703,-4.498577117919922,-30.825847625732422,0.9606537222862244,-31.786500930786133,0.007566716987639666,0.007566716987639666,4.1591628646022467e-19,4.640595436096191,1.125638723373413,1.1766753196716309,-0.05103660747408867,0.05103660747408867,,,,,9.628328160444896,6.302488060110373,-0.19149859248597328,-6.219270428021749,1.6791396253462976,0.0569039859814162,-32.692222849527994,1.6050028869661055,0.03838070200070494,0.07944535290201506,0.47001726934804916,0.015034365145131139,-32.771668179829916,1.4119285534662502,0.023346345708421687,0.007576494182770451,0.00024555772710059114,-2.4671824514302558e-05,0.007576494182770451,0.00024555772710059114,-2.4671824514302558e-05,5.210880000071569e-19,6.837110690214616e-20,-7.880769556535051e-21,6.34533417224884,1.6729837815162636,-0.05743038556201841,0.917816178003947,0.11073288046625995,0.0038865192846143067,0.9961394111315409,0.09611895179098194,0.0030565247254589014,-0.07832324181993802,0.0339687710065185,0.00082999403206207,0.07832324181993802,0.0339687710065185,-0.00082999403206207
38.479709481199585,1.0,1500.0,0.0,48.0,1893.0,0.3734789300074158,706.0,1187.0,10.020854979126657,2.3220846945837703,11701.245759812053,237.8,0.054800202793012856,33.90156249999998,7.890624999999998,11.33470620875094,128.0,33.99749999999999,8.492500000000001,11.302194936453777,80.0,33.90156249999998,7.890624999999998,11.33470620875094,128.0,0.4340356193996754,-0.020019752615085422,-0.01082868642121324,-0.0036768985202466744,-0.014648708692029753,-0.18361566231601767,-0.03673077732058588,13.795585033219394,48.0,151500.0,100.0,1352.0739603042603,112.05008338886107,23.53921890258789,-4.9147186279296875,-32.629432678222656,0.23353704810142517,-32.86296844482422,0.0071652294136583805,0.0071652294136583805,2.643230573500882e-19,5.025743007659912,0.959044873714447,1.027287244796753,-0.06824235618114471,0.06824235618114471,,,,,9.902121730645497,7.718362653406177,-0.028149214920663638,-5.900518123308817,1.7144801226425979,0.02265638647408342,-33.73848285675049,2.027201314964854,-0.029395864908898513,-0.032940483962496124,0.3051770435930079,-0.0003942630522044341,-33.705542437235515,1.940407874427427,-0.029001566088106084,0.007553944612542788,0.0002502833205501098,-2.7500608473916822e-05,0.007553944612542788,0.0002502833205501098,-2.7500608473916822e-05,3.322938022944394e-19,4.317222203940673e-20,-4.981045806858156e-21,6.023753960927327,1.7270583897074419,-0.02163869371933984,0.8812498331069947,0.08472154060457016,-0.00047828649917621487,0.9732590933640798,0.06257759224430022,-8.13144863116198e-05,-0.09200925460706154,0.045326432442914934,-0.00039697252379707363,0.09200925460706154,0.045326432442914934,0.00039697252379707363
37.37871812502543,1.0,1500.0,0.0,75.0,1933.0,0.5773491633562046,1116.0,817.0,9.970171983444557,2.2489671288142645,11577.581713246946,233.20000000000002,0.052664859981933154,34.06153846153847,7.932307692307691,11.292891397276485,130.0,33.80727272727272,8.672727272727272,11.374980436257168,55.0,34.06153846153847,7.932307692307691,11.292891397276485,130.0,0.428218046877134,-0.01825262353512157,-0.008229664905533318,-0.0036701119050550025,-0.01251208153940745,-0.19365609348914448,-0.034775888610229996,13.536041972342865,75.0,153000.0,101.0,1365.5245785713196,112.04485250648237,4.16459846496582,-8.341424942016602,-32.60919952392578,0.29510048031806946,-32.904300689697266,0.007558729033917189,0.007558729033917189,1.6861236681583845e-19,8.395174980163574,0.9791994690895081,1.0404081344604492,-0.06120860204100609,0.06120860204100609,,,,,7.362730463345845,5.170868180232126,-0.01995287742445035,-6.282273634274801,1.4128092417254299,-0.016533866846256306,-33.67568778991699,1.1890631765023885,-0.05404796748856095,0.06133798758188883,0.326379437866881,-0.009184108497170912,-33.737025833129884,1.0628182597792306,-0.04486382286063249,0.007711606938391924,0.0001918569595794048,7.398837599260835e-06,0.007711606938391924,0.0001918569595794048,7.398837599260835e-06,2.1145691947334644e-19,2.7462028038438936e-20,-3.167892124456169e-21,6.409314934412638,1.3876747192032965,0.01807648878341512,0.9080994904041291,0.07627939648498294,-0.0026421159074887617,0.992507787545522,0.06688990997452386,-0.0018712968794469707,-0.08440829776227474,0.02395913646701348,-0.0007708175188641114,0.08440829776227474,0.02395913646701348,0.0007708175188641114
36.02322572650331,1.0,1500.0,0.0,33.0,1966.0,0.25188640036344284,495.0,1471.0,10.143919956019129,2.8262978349963666,12777.431072040485,235.0,0.05315539470707985,33.492424242424235,8.01363636363636,11.482487028096486,132.0,33.28686868686869,8.187878787878784,11.52364247646022,99.0,33.492424242424235,8.01363636363636,11.482487028096486,132.0,0.42770521681301876,-0.018763906953395856,-0.00938859328098531,-0.002920010154572616,-0.018951773614985824,-0.19577520924670752,-0.03580248435076615,13.806679607775315,33.0,154500.0,102.0,1377.4916379451752,112.16039048372733,9.116340637207031,-5.960901260375977,-35.749359130859375,-0.9144931435585022,-34.83486557006836,0.007507449481636286,0.007507449481636286,1.0743647331802615e-19,5.864696502685547,0.6954928636550903,0.7930476665496826,-0.09755481034517288,0.09755481034517288,,,,,11.240804264942804,8.294684117851846,0.06558784490432544,-5.595032680034637,1.7495860736482498,0.024465051429290386,-34.78153788248698,1.4554925751428336,-0.032926302730572725,-0.13810522407293319,0.45419583916681966,-0.013328458629009856,-34.643432744344075,1.36208824153159,-0.019597814133487552,0.007771338569000363,0.00031728892326672657,1.5397780202950624e-05,0.007771338569000363,0.00031728892326672657,1.5397780202950624e-05,1.3477070641992467e-19,1.7448581764289537e-20,-2.0129354909228003e-21,5.733200796445211,1.7406321493329944,-0.025790863493260752,0.8546723624070486,0.09945912021690516,-0.0029272690896065125,0.9518234074115753,0.09358927565329543,-0.0027522307879667813,-0.09715105791886648,0.03117485416759916,-0.00017503986965959902,0.09715105791886648,0.03117485416759916,0.00017503986965959902
37.77700432578286,1.0,1500.0,0.0,91.0,2011.0,0.6729333337646124,1353.0,658.0,9.979722783920428,2.6510273324452833,11858.46867338369,176.20000000000002,0.038334348620659646,34.04740740740739,7.597037037037035,11.220748076853166,135.0,34.031818181818196,8.44090909090909,11.253016622179329,44.0,34.04740740740739,7.597037037037035,11.220748076853166,135.0,0.4302049936448632,-0.018293412131076443,-0.007966434328075655,-0.003287280977246342,-0.017915546187948998,-0.18943237153863252,-0.033242232407464635,13.575117332855555,91.0,156000.0,103.0,1391.3555805683136,112.12087131334191,3.2676658630371094,-4.283414840698242,-34.57987594604492,-0.3225584626197815,-34.25731658935547,0.007395678199827671,0.007395678199827671,6.877914381794366e-20,4.510022163391113,0.8378585577011108,0.9142619967460632,-0.0764034241437912,0.0764034241437912,,,,,8.292579575379689,7.9399938487654955,-0.09992398687941884,-5.460126169522604,1.4907072009060218,-0.016305822949520727,-34.279401842753096,0.9323342338092685,0.0079112166424884,-0.038062227269013725,0.4602600878559909,0.01746862215446817,-34.2413392384847,0.8562696634125181,-0.009557401935037286,0.00715558777252833,0.00013494796267770497,3.198837991948784e-06,0.00715558777252833,0.00013494796267770497,3.198837991948784e-06,8.607906087399338e-20,1.1036669153341053e-20,-1.2732824307434489e-21,5.568792605400086,1.502421739525383,0.016359163895332162,0.8923403322696686,0.09413912807827708,0.0035856570895176935,0.9722027401129405,0.0932408233926418,0.0035388253422016605,-0.07986239604651928,0.019400075658952912,4.683143321478747e-05,0.07986239604651928,0.019400075658952912,-4.683143321478747e-05
31.80041975333911,1.0,1500.0,0.0,119.0,1883.0,0.9423137979331323,1774.0,109.0,8.964714078270292,1.9541202913587021,10102.598657646058,137.6,0.028585673923882334,37.90236220472442,7.886614173228348,10.028335499570295,127.0,32.7,7.874999999999997,11.694897577629158,8.0,37.90236220472442,7.886614173228348,10.028335499570295,127.0,0.37363379571983935,-0.01738379453573743,-0.007021329908958447,-0.0027875159749344678,-0.018443507257748973,-0.18250294233034023,-0.025917912461204833,11.309579703596892,119.0,157500.0,104.0,1406.5279705524445,111.977865565047,4.472572326660156,-5.024392127990723,-33.52195358276367,1.2945747375488281,-34.8165283203125,0.006882390007376671,0.006882390007376671,4.379764308398867e-20,5.081303596496582,1.1589115858078003,1.2399996519088745,-0.08108805119991302,0.08108805119991302,,,,,9.61757303873698,7.598867516903417,0.11078818865427048,-5.5862890164057415,1.2581313527693292,-0.008377981928484718,-34.90971221923828,0.8455177026424242,-0.030888368396524986,-0.04862695286671321,0.4405481352295058,0.010431438323122776,-34.86108512878418,0.7579318876815659,-0.04131983925688884,0.006970487410823504,0.00017728613164759308,-1.8672780594783436e-05,0.006970487410823504,0.00017728613164759308,-1.8672780594783436e-05,5.495275913304357e-20,7.136057064710669e-21,-8.231436531500893e-22,5.715169413884481,1.2804564604557156,0.0066935305865905605,0.8842448671658834,0.08919571969270515,0.0014445475662112402,0.9701671103636423,0.08863699518648993,0.0021090470776541845,-0.08592224940657615,0.016127681828047392,-0.0006644980809977635,0.08592224940657615,0.016127681828047392,0.0006644980809977635
30.915385405222576,1.0,1500.0,0.0,12.0,1965.0,0.08636013760429145,169.0,1796.0,9.752156545338025,3.191798427829369,13707.576548612524,247.4,0.053773256824900015,34.85454545454546,8.848484848484846,10.967493500831939,132.0,34.70666666666668,8.871666666666666,11.018724583260243,120.0,34.85454545454546,8.848484848484846,10.967493500831939,132.0,0.40085659628656617,-0.018587771636550912,-0.008770388372822563,-0.002258961772295316,-0.015408479834539893,-0.21220268872802672,-0.0318915331668765,12.907142759994372,12.0,159000.0,105.0,1417.9578881263733,112.13309036285665,4.371786117553711,-4.336551189422607,-34.93043899536133,-0.624366044998169,-34.30607223510742,0.007292092777788639,0.007292092777788639,2.7992716044635043e-20,4.531185150146484,0.7911339402198792,0.8531177639961243,-0.061983853578567505,0.061983853578567505,,,,,11.829956531524658,8.74054763354593,-0.41316391581025147,-5.597060330708822,1.879034593398818,-0.0366051558260126,-35.266104253133136,1.2754830856548507,0.04971974492736174,0.10426442983249823,0.4865431756172221,-0.012512824281602605,-35.370368830362956,1.2660551028747,0.0622325901460073,0.007170029155289134,0.00016877456821151824,1.5392603126827792e-05,0.007170029155289134,0.00016877456821151824,1.5392603126827792e-05,3.4987755108346176e-20,4.5026381929838784e-21,-5.191120977830189e-22,5.721710703770319,1.8819234788308388,0.03677505899191693,0.9116325636704763,0.09776015165555256,-0.0008815054500991782,1.001062822341919,0.09877939681665084,-0.002533464755311854,-0.08943026599784692,0.02933069705212692,0.0016519582750601062,0.08943026599784692,0.02933069705212692,-0.0016519582750601062
37.262726561497836,1.0,1500.0,0.0,59.0,1831.0,0.4799197123896776,878.0,953.0,10.145539885169145,2.300598230234389,11041.600795195001,203.8,0.04946842079712607,33.49430894308942,7.910569105691063,11.512884611970568,123.0,33.05312500000001,8.209375000000003,11.670558474959735,64.0,33.49430894308942,7.910569105691063,11.512884611970568,123.0,0.43098939484747006,-0.018656068582998956,-0.006245431845353658,-0.0038765513809565725,-0.012762375126276553,-0.2009653159726044,-0.033984655734868745,13.933378046986299,59.0,160500.0,106.0,1430.6111752986908,112.18981283750279,26.241933822631836,-6.449229717254639,-34.70997619628906,0.49165472388267517,-35.201629638671875,0.006655980367213488,0.006655980367213488,1.786793648969362e-20,6.629240989685059,1.0039374828338623,1.078093409538269,-0.07415592670440674,0.07415592670440674,,,,,14.88279914855957,12.000706997717932,0.08407048563803357,-6.391483418146769,1.3418213684373075,-0.040288192040397665,-35.0413018544515,1.2426329524943696,-0.045413183396861824,0.021870916336774827,0.34984738147134214,0.0012304633938696012,-35.06317265828451,1.219116626521254,-0.04664366385827957,0.007057614624500275,0.00018303221380187808,-2.008224231448959e-05,0.007057614624500275,0.00018303221380187808,-2.008224231448959e-05,2.2430592908761567e-20,2.9002888066947795e-21,-3.3466544521246003e-22,6.525895849863688,1.3405661692337474,0.03821787468185667,0.9095478832721711,0.07354418743101743,-0.0005383631941739347,0.9843720038731892,0.07066806379512339,0.00023626692435630502,-0.07482412420213222,0.0262709778574221,-0.0007746303845632043,0.07482412420213222,0.0262709778574221,0.0007746303845632043
40.131926170984904,1.0,1500.0,0.0,75.0,1801.0,0.6190476397426095,1114.0,687.0,10.263444747522707,2.2490499339483994,10794.762642594644,189.4,0.04726256425612617,33.11900826446282,7.15702479338843,11.597430990507455,121.0,32.11739130434783,7.591304347826085,11.967696068724496,46.0,33.11900826446282,7.15702479338843,11.597430990507455,121.0,0.43261221478963835,-0.018203989993936017,-0.006798067260326107,-0.0032402708958882945,-0.011507795889439839,-0.18313253012047503,-0.034713649841157115,13.790864462417579,75.0,162000.0,107.0,1443.6528723239899,112.2153414478459,36.89893341064453,-5.760419845581055,-33.236328125,0.18341240286827087,-33.41973876953125,0.0076757557690143585,0.0076757557690143585,1.1379972820115224e-20,5.683534622192383,0.9899153709411621,1.0176631212234497,-0.027747683227062225,0.027747683227062225,,,,,15.540652553240458,10.605156543488855,0.37236692690610596,-5.696580179532369,1.6177374868213086,0.030614628701639786,-35.909600575764976,1.8021545958006182,0.0064756841097325215,0.13224238480130832,0.4586579650490423,0.004525222872136299,-36.041842778523765,1.662026553466041,0.0019504865364191409,0.006942742938796679,0.0004128763304256873,4.579868204933112e-05,0.006942742938796679,0.0004128763304256873,4.579868204933112e-05,1.4257592026445878e-20,1.8635572951819724e-21,-2.1492814115234614e-22,5.810212635993958,1.6437761356288134,-0.035108452723739865,0.9180274248123169,0.10569599956410176,0.0012419592154039169,1.0066058794657389,0.0926718424667252,0.0009427018107243262,-0.08857845552265645,0.0364496140998551,0.0002992578348076536,0.08857845552265645,0.0364496140998551,-0.0002992578348076536
38.40342750639286,1.0,1500.0,0.0,106.0,1967.0,0.8072679610217731,1587.0,380.0,9.680139775253368,2.114354663949332,11067.542640791411,145.8,0.03150525087514586,35.05909090909092,6.837878787878789,10.853684728184085,132.0,32.65384615384615,7.7846153846153845,11.727020657061647,26.0,35.05909090909092,6.837878787878789,10.853684728184085,132.0,0.4049047283220158,-0.01724525384788294,-0.005266334994313429,-0.002343979069683059,-0.021789262062441774,-0.1656102175969778,-0.02893677886518174,12.283497036612502,106.0,163500.0,108.0,1458.0482594966888,112.13620601038227,2.480175018310547,-4.620449066162109,-36.69414520263672,0.30889564752578735,-37.0030403137207,0.007269016467034817,0.007269016467034817,7.270371515889858e-21,4.8243727684021,0.9447368383407593,1.0427289009094238,-0.09799209982156754,0.09799209982156754,,,,,10.030892034371695,9.176447221419892,0.4015470975498203,-5.736736718813578,1.8130096497497254,0.001280597213643501,-35.870962397257486,1.3147285167291265,-0.07838416094244197,0.06812670541306337,0.36140670800271,-0.020648541089325522,-35.93908945719401,1.1258384593761985,-0.05773563575956704,0.007618530079101523,0.00020235987562705634,-1.7076508930415328e-05,0.007618530079101523,0.00020235987562705634,-1.7076508930415328e-05,9.109346098197443e-21,1.1839500096875571e-21,-1.3656760287706614e-22,5.880099002520243,1.8230888488701242,-0.003916727104229581,0.9153798997402192,0.0857966327614377,-0.0052367191426083304,0.9940475046634674,0.07413615824994975,-0.004236601682605693,-0.07866759945948919,0.023513064075702923,-0.0010001179771508186,0.07866759945948919,0.023513064075702923,0.0010001179771508186
37.51224233823664,1.0,1500.0,0.0,68.0,1980.0,0.5111940031106564,1012.0,968.0,10.047771195386211,2.3708000912664864,12166.526315249705,234.60000000000002,0.05214723926380368,33.825563909774424,7.954887218045111,11.29759900294821,133.0,33.519999999999996,8.575384615384614,11.403117787393507,65.0,33.825563909774424,7.954887218045111,11.29759900294821,133.0,0.4279466749311333,-0.017413798535294987,-0.005803559924179143,-0.003542140413679312,-0.01560716013546155,-0.19374939525882154,-0.03347332149032169,13.444261549925796,68.0,165000.0,109.0,1471.2138080596924,112.15229159493136,13.446208953857422,-5.032585620880127,-37.92987060546875,0.21552184224128723,-38.14539337158203,0.007165294606238604,0.007165294606238604,4.6133853973224876e-21,5.078497886657715,0.9090032577514648,1.0236403942108154,-0.11463700979948044,0.11463700979948044,,,,,12.211785527070363,8.976754887076607,-0.11273964957745429,-5.574342075983683,1.3205918088086135,-0.014861695731972376,-36.779963684082034,1.4504135782551832,-0.09931415392373806,-0.01212372307976087,0.34796786009971703,0.00031513351453955755,-36.767840194702146,1.4104317673221194,-0.0996292903505518,0.007410909375175833,0.00019105212544263866,-1.6658041974295617e-05,0.007410909375175833,0.00019105212544263866,-1.6658041974295617e-05,5.8062960282653324e-21,7.604795914044226e-22,-8.772553781464072e-23,5.70837930838267,1.308017325337879,0.012799487840612035,0.8886091729005178,0.07661126795050352,-0.001817064409924325,0.9775112211704254,0.07107998281874009,6.372731042251463e-05,-0.08890203547974428,0.02896605945292312,-0.001880792815142929,0.08890203547974428,0.02896605945292312,0.001880792815142929
46.005892753601074,1.0,1500.0,0.0,27.0,1942.0,0.20237297086307082,393.0,1549.0,9.817773498624927,2.0334344645427955,11765.463823003389,252.4,0.05567319569437092,34.607633587786246,8.227480916030533,11.114770096292515,131.0,34.89615384615384,8.86538461538462,11.026124811414805,104.0,34.607633587786246,8.227480916030533,11.114770096292515,131.0,0.44105634922778064,-0.016500779663105907,-0.006081100766773541,-0.0015778956315813239,-0.013038038038038156,-0.15595595595595566,-0.03308376351321865,14.212706629650018,27.0,166500.0,110.0,1483.1902387142181,112.2580203496615,10.264721870422363,-4.697318077087402,-36.98584747314453,0.00611899234354496,-36.991966247558594,0.0072093745693564415,0.0072093745693564415,2.9577353375803694e-21,4.7305684089660645,0.8986658453941345,0.9812406301498413,-0.08257477730512619,0.08257477730512619,,,,,9.028986851374308,8.418203771465633,-0.17321068866632142,-5.658431776364645,1.5186980169537807,0.016590975707312057,-36.73162498474121,1.3495128077333902,-0.02046871248951673,-0.04094837848097086,0.2750518183058975,0.0025819701023474446,-36.69067662556966,1.266286024234013,-0.023050673572849487,0.007217818188170592,5.813701510710298e-05,-3.0870374304568827e-06,0.007217818188170592,5.813701510710298e-05,-3.0870374304568827e-06,3.6980996559220015e-21,4.733067912067512e-22,-5.459415243328194e-23,5.748168524106344,1.512816978562437,-0.015618278399458025,0.8919507443904877,0.06672988445000734,0.00027950994164843023,0.9716955641905467,0.055772240128025376,0.0005236163287857311,-0.07974481408794722,0.026675526527209656,-0.00024410486387066067,0.07974481408794722,0.026675526527209656,0.00024410486387066067
41.99101716220969,1.0,1500.0,0.0,101.0,1857.0,0.8097382156871638,1503.0,354.0,9.796028729329624,2.155765513054698,10479.93835033162,145.8,0.033653402271258424,34.659200000000006,7.065599999999998,11.033920991536423,125.0,34.63333333333333,9.683333333333335,11.163904040358963,24.0,34.659200000000006,7.065599999999998,11.033920991536423,125.0,0.4196551777923807,-0.016870751081023514,-0.005154546252681342,-0.002485327742454411,-0.01020303593159516,-0.1667328508294398,-0.030287307919293554,12.941352146476413,101.0,168000.0,111.0,1497.2508125305176,112.20564957721521,1.9082016944885254,-4.380946159362793,-38.18259811401367,0.25029513239860535,-38.432891845703125,0.007823098450899124,0.007823098450899124,1.8840355154409328e-21,4.566310882568359,0.9262251853942871,1.0315989255905151,-0.10537376999855042,0.10537376999855042,,,,,7.832408626874288,8.26130173440036,-0.04641061661903832,-5.795387864112854,1.2050579878298209,0.0165925352141113,-37.16834182739258,1.3362012342718195,-0.07759105101045358,0.021133901054660478,0.3552620069955576,0.018570686521234458,-37.18947563171387,1.389545126928336,-0.09616172459552444,0.007195708155632019,0.00021971604676194337,1.8467160523998432e-05,0.007195708155632019,0.00021971604676194337,1.8467160523998432e-05,2.3656772935119105e-21,3.0685259516955213e-22,-3.5400275023391295e-23,5.929894995689392,1.229306657371864,-0.015898458366266806,0.9015462398529053,0.07039632633915788,0.001997367770838896,0.9844181636969248,0.07206066489277833,0.0037736932083019415,-0.0828719230989615,0.028026616067195535,-0.001776326501594899,0.0828719230989615,0.028026616067195535,0.001776326501594899
32.38079107304414,1.0,1500.0,0.0,24.0,1886.0,0.18578205490077926,350.0,1536.0,10.194015989346935,2.415790757995293,12130.172948233883,249.4,0.05891524142492677,33.33228346456692,8.01259842519685,11.50862710485579,127.0,32.96699029126213,7.871844660194174,11.605934144751581,103.0,33.33228346456692,8.01259842519685,11.50862710485579,127.0,0.4173476082400531,-0.017541973904844684,-0.006338594027961416,-0.00227977395844663,-0.014454277286135827,-0.22139983909895072,-0.03373879157596867,13.488067263850192,24.0,169500.0,112.0,1508.9589791297913,112.32909730770135,6.83180570602417,-6.321605205535889,-38.79439163208008,-0.41121023893356323,-38.383182525634766,0.007145443931221962,0.007145443931221962,1.1974561190021172e-21,6.391810894012451,0.8000124096870422,0.8967772126197815,-0.09676483273506165,0.09676483273506165,,,,,8.984861958026887,6.682911937000065,-0.20012401508144628,-5.666404434045156,1.57822438815638,-0.01963418590876614,-38.42422421773275,1.517067982052721,-0.03580435900322123,-0.09043407800296942,0.3771684287120435,-0.0009362347689234462,-38.33378995259603,1.5206574405423008,-0.03486811433140738,0.007445229357108474,0.00015900490984343383,-1.531338849590814e-05,0.007445229357108474,0.00015900490984343383,-1.531338849590814e-05,1.5037700158519986e-21,1.9587241591945376e-22,-2.2590113398201477e-23,5.799082072575887,1.554662335675724,0.018945354508345776,0.8621194779872894,0.07904009575954778,-0.0006511730797696716,0.9614866058031718,0.0769524550118144,-0.00017619239077287278,-0.09936712831258773,0.03139522805525733,-0.00047498162549913016,0.09936712831258773,0.03139522805525733,0.00047498162549913016
40.24056725068526,1.0,1500.0,0.0,22.0,1848.0,0.17794320541540465,328.0,1520.0,10.280924752843157,2.2903975395428415,11531.54700982789,262.40000000000003,0.06401873719137309,33.054838709677426,8.02741935483871,11.674186549978847,124.0,33.043137254901964,8.176470588235293,11.664367223544087,102.0,33.054838709677426,8.02741935483871,11.674186549978847,124.0,0.4446086815418714,-0.01763959251761026,-0.006423702695930483,-0.0021167344765174946,-0.010860148514851556,-0.19876237623762305,-0.03617086172874153,14.87887802910791,22.0,171000.0,113.0,1520.4281783103943,112.46831809577951,2.6375157833099365,-6.506877899169922,-39.39373779296875,0.21985593438148499,-39.61359405517578,0.00760892266407609,0.00760892266407609,7.656545611426801e-22,6.502211570739746,0.9103237986564636,1.0250661373138428,-0.11474237591028214,0.11474237591028214,,,,,11.154984625180562,8.88460264735049,0.04844089875099233,-5.849179077148437,1.7552771082890384,-0.02058223272457264,-37.88026466369629,0.8293679375587889,-0.00253439914928186,0.05527573910852273,0.4319005006126185,-0.010238210234513406,-37.93554039001465,0.6676201266107399,0.00770380191994052,0.00744733811977009,0.00014869034136420355,1.4750014584473983e-05,0.00744733811977009,0.00014869034136420355,1.4750014584473983e-05,9.58423427439648e-22,1.2362531676834403e-22,-1.42591623955902e-23,5.933884763717652,1.7898035520663431,0.019532286099782803,0.907434352238973,0.08996237622317835,-0.0016741719208782247,0.99115824898084,0.08795826318995005,-0.002074870503651582,-0.08372390940785408,0.01414543081143882,0.00040069935352306647,0.08372390940785408,0.01414543081143882,-0.00040069935352306647
34.69341252272642,1.0,1500.0,0.0,79.0,1989.0,0.5933381643188141,1180.0,809.0,9.62015911778058,2.3027879811708907,11997.650733165916,189.20000000000002,0.040269027754129064,35.32631578947369,8.31578947368421,10.827851722707644,133.0,34.47037037037037,9.081481481481482,11.176221342434149,54.0,35.32631578947369,8.31578947368421,10.827851722707644,133.0,0.40552772074401544,-0.016649840962453148,-0.004670663497989338,-0.0023245704835946784,-0.017072977050741848,-0.19369490987056354,-0.03085166165086195,12.334764776872426,79.0,172500.0,114.0,1533.993493795395,112.45158515842321,2.7173378467559814,-7.2847208976745605,-37.8651237487793,0.0701703131198883,-37.93529510498047,0.008165397681295872,0.008165397681295872,4.873205533833843e-22,7.4034271240234375,0.9215538501739502,0.9945946335792542,-0.07304078340530396,0.07304078340530396,,,,,8.017544543743133,6.056251518077027,0.11889256399385909,-5.685650372505188,1.2768953880475602,-0.025500619769494005,-38.50207303365072,1.1813370176837548,-0.021841246506262867,0.09233556501567364,0.40178828959553914,0.006973294844981442,-38.59440854390462,0.9691068954965862,-0.02881453856742857,0.0077746955522646505,0.0001394793677582008,1.2130516418592487e-05,0.0077746955522646505,0.0001394793677582008,1.2130516418592487e-05,6.114864638519274e-22,7.938814149946588e-23,-9.157871238767355e-24,5.807057642936707,1.3088603595850634,0.026594607371244226,0.9090082943439484,0.09223515489531482,0.0010965418497367468,0.9989904284477233,0.08268425455683347,0.0014429317300391044,-0.0899821179608504,0.019400527297849086,-0.00034638995489103295,0.0899821179608504,0.019400527297849086,0.00034638995489103295
39.52761854444231,1.0,1500.0,0.0,105.0,1871.0,0.8392299031729858,1570.0,301.0,9.792323173906729,2.163333610859741,10328.290893308196,132.20000000000002,0.030250331792595304,34.68412698412697,6.9523809523809526,11.06759592159744,126.0,32.800000000000004,7.447619047619047,11.534746250735036,21.0,34.68412698412697,6.9523809523809526,11.06759592159744,126.0,0.41567287121743834,-0.017577592271748346,-0.006713765894681193,-0.0020776656632296954,-0.014529235657114363,-0.1742041913606709,-0.03099890930540339,13.095457388823492,105.0,174000.0,115.0,1548.1306142807007,112.39361743443375,11.92483901977539,-6.099466323852539,-36.06888198852539,0.46951615810394287,-36.53839874267578,0.007466173265129328,0.007466173265129328,3.106615024117039e-22,6.124654769897461,1.0380622148513794,1.0758681297302246,-0.03780592232942581,0.03780592232942581,,,,,11.952652863661449,8.55796356750617,0.07729497812481148,-5.495770446459452,1.2529776484947717,0.016901045354773304,-38.94893315633138,1.2629948279600691,-0.004086607528872108,-0.047541002929210666,0.42068400692927826,-0.005109200282675011,-38.90139223734538,1.1808298507445356,0.0010225960091843167,0.007873360052083929,0.000319972653331865,-3.594624632772682e-05,0.007873360052083929,0.000319972653331865,-3.594624632772682e-05,3.8949652439279308e-22,5.061543470337626e-23,-5.8378937430553545e-24,5.6065823872884115,1.2801739523360915,-0.019348076214647313,0.8812350571155548,0.09046262634909055,-0.0008055529286784685,0.970230370759964,0.08685291504795097,-0.0010648558349312513,-0.08899530867735544,0.024026919618050348,0.000259303400195615,0.08899530867735544,0.024026919618050348,-0.000259303400195615
36.53485345840454,1.0,1500.0,0.0,24.0,1839.0,0.19209288713605993,353.0,1486.0,10.304838674172835,1.8220779009535581,11283.20501847574,245.4,0.06003522849593894,32.96451612903226,7.970967741935484,11.68006725335695,124.0,32.705999999999996,8.077999999999998,11.766599524299515,100.0,32.96451612903226,7.970967741935484,11.68006725335695,124.0,0.43224571240552095,-0.01871602606670294,-0.007053916567199159,-0.0028808091589047017,-0.018687707641196136,-0.1982281284606848,-0.03447271891314863,13.627789074303024,24.0,175500.0,116.0,1559.7682135105133,112.51671785579511,5.2568159103393555,-6.070578575134277,-37.03689193725586,0.2716864347457886,-37.30857849121094,0.007832802832126617,0.007832802832126617,1.9905898987825895e-22,6.042120933532715,0.9893760085105896,1.0360233783721924,-0.04664730653166771,0.04664730653166771,,,,,8.56338928937912,7.7704691380940325,0.07187136115964166,-6.368934154510498,1.4359436530871434,0.025045967738540915,-38.486837259928386,1.2335111604922366,-0.009631870426775872,0.08651703074574471,0.35403005283116884,-0.01622530034472867,-38.57335408528646,1.0767183820684545,0.006593414408480084,0.007810412455971042,9.98548837354799e-05,7.665806136055541e-06,0.007810412455971042,9.98548837354799e-05,7.665806136055541e-06,2.4907212840022407e-22,3.186455096727813e-23,-3.675251003168332e-24,6.441552511850992,1.418494066826726,-0.025881672648089375,0.9224392334620158,0.08156342245597972,-0.002971844360215792,0.9977569182713827,0.07288626421418759,-0.00333624891232333,-0.07531766717632611,0.021815323422453785,0.0003644055317055535,0.07531766717632611,0.021815323422453785,-0.0003644055317055535
39.009536813653035,1.0,1500.0,0.0,115.0,1917.0,0.893805725121739,1713.0,204.0,9.410822185286866,1.8279842275376539,10135.847691678226,121.60000000000001,0.02610674567392331,36.10697674418605,6.855813953488371,10.497361707353942,129.0,31.557142857142857,7.4571428571428555,12.061605041993756,14.0,36.10697674418605,6.855813953488371,10.497361707353942,129.0,0.39206248325804627,-0.015595999469826639,-0.0047149792196694625,-0.0020901076810450493,-0.014835601207179288,-0.16392227458040748,-0.025109482045412256,11.780388853372076,115.0,177000.0,117.0,1574.4500195980072,112.42020883279109,24.230236053466797,-7.11716365814209,-40.46695327758789,-0.26101312041282654,-40.20594024658203,0.007666541263461113,0.007666541263461113,1.2719743434899948e-22,7.045618534088135,0.8289304971694946,0.9264142513275146,-0.09748370200395584,0.09748370200395584,,,,,11.21707074244817,8.197905178865177,0.061540341005972235,-6.441137997309367,1.3317926667764477,0.027461749427973806,-39.09519030253092,1.3755778839398236,0.020549833575663867,0.03518137832482656,0.4159261904123364,-0.00407125654156932,-39.13037134806315,1.1365259166103783,0.02462111357454586,0.007899410960574945,0.00010399084893203639,-6.212741219427392e-06,0.007899410960574945,0.00010399084893203639,-6.212741219427392e-06,1.591490845324499e-22,2.0538341052610095e-23,-2.3684670244472277e-24,6.520044096310934,1.329108288015146,-0.026912736468373617,0.9077755391597748,0.09817060937054078,-0.00011343312873460122,0.9872774879137675,0.08586761285711753,-0.0008361222614038256,-0.07950194838146368,0.023123748472729837,0.000722689514729023,0.07950194838146368,0.023123748472729837,-0.000722689514729023
37.45595123197722,1.0,1500.0,0.0,92.0,1928.0,0.7089009912299779,1366.0,562.0,9.809697674190165,2.119808565717946,11149.342267544605,169.20000000000002,0.037588305860398984,34.62615384615384,7.529230769230767,11.097513346437607,130.0,32.61052631578948,7.8210526315789455,11.726091403146592,38.0,34.62615384615384,7.529230769230767,11.097513346437607,130.0,0.4092128792341358,-0.017865684502955847,-0.005175480365995434,-0.0020678308347570925,-0.010645316473094323,-0.1862140059102514,-0.031220605188833944,12.778727310209218,92.0,178500.0,118.0,1588.4968283176422,112.37038489340088,14.980996131896973,-7.503630638122559,-37.11977005004883,0.05652458965778351,-37.17629623413086,0.007718087639659643,0.007718087639659643,8.114019429445418e-23,7.8299760818481445,0.9607471823692322,0.9916204810142517,-0.030873402953147888,0.030873402953147888,,,,,8.28387219508489,7.483281098076718,-0.06767381648465723,-6.2309388240178425,1.953686546778494,0.04306259149969365,-39.22809600830078,1.4628257699497476,0.051515228305431496,0.08833678389588992,0.3993859474481351,0.007348274952577669,-39.316432825724284,1.5455890655590807,0.04416692561912363,0.007597828345994154,0.00010229776572954946,-1.1500685959558702e-06,0.007597828345994154,0.00010229776572954946,-1.1500685959558702e-06,1.0155761425387109e-22,1.3084722667012369e-23,-1.5089199842201138e-24,6.3556553761164345,1.9460774683790703,-0.040344671359714784,0.9217909495035808,0.07777377428584753,0.002602919694181267,0.998061724503835,0.08175935016649724,0.0015014560124499883,-0.07627077779422203,0.031052919904032285,0.0011014606124069876,0.07627077779422203,0.031052919904032285,-0.0011014606124069876
41.15455356011024,1.0,1500.0,0.0,13.0,1897.0,0.10136296619252544,192.0,1705.0,10.04578840800357,1.6778983654252608,11363.5397267234,271.0,0.06306138595429794,33.83779527559056,8.354330708661417,11.299684473274606,127.0,33.82982456140351,8.484210526315792,11.30614793176718,114.0,33.83779527559056,8.354330708661417,11.299684473274606,127.0,0.43591270024065026,-0.015744629592682448,-0.004506988017839787,-0.00329627762200056,-0.012873326467559261,-0.18949536560247326,-0.0316177166355742,14.507566815376254,13.0,180000.0,119.0,1599.8755941390991,112.5087479672811,16.27386474609375,-6.331388473510742,-38.27470779418945,0.43617063760757446,-38.710880279541016,0.007283818442374468,0.007283818442374468,5.194190259377886e-23,6.410700798034668,1.0141870975494385,1.0686142444610596,-0.05442720651626587,0.05442720651626587,,,,,7.136528070767721,5.199022347027733,0.021382326915346313,-6.057162475585938,1.6487538698640212,-0.04927632689343403,-38.83212381998698,0.905598334675744,0.002651174712898025,-0.002414507915576299,0.3517958245944632,0.004185469750236224,-38.82970949808757,0.9564370021590669,-0.0015342780294607724,0.0074703504176189504,7.882435425339828e-05,-7.086184944903709e-06,0.0074703504176189504,7.882435425339828e-05,-7.086184944903709e-06,6.49963692822764e-23,8.369503625737458e-24,-9.654251429671514e-25,6.153407637278239,1.674852976556673,0.04916055061925889,0.9195196568965912,0.06830771627705938,0.0010473462843125717,0.9794643640518188,0.07182338336919485,0.0008570662860212484,-0.05994471535086632,0.01879206710942572,0.00019028129281934211,0.05994471535086632,0.01879206710942572,-0.00019028129281934211
35.18855257034302,1.0,1500.0,0.0,40.0,1881.0,0.3181122264223079,598.0,1283.0,10.134452710757829,2.31719280803102,11749.053252846164,209.0,0.04948853949611669,33.51746031746034,7.923809523809522,11.489146873633912,126.0,32.95813953488373,7.895348837209304,11.652634081186118,86.0,33.51746031746034,7.923809523809522,11.489146873633912,126.0,0.42039125492785734,-0.017553945640847512,-0.006276837749764618,-0.002121177630869998,-0.010140936335655373,-0.2054106593228515,-0.03419438695554869,12.858757506048864,40.0,181500.0,120.0,1612.1990954875946,112.57914764249823,20.606159210205078,-7.412724494934082,-39.754615783691406,-0.08946514874696732,-39.6651496887207,0.007440210785716772,0.007440210785716772,3.3099641172769286e-23,7.5146989822387695,0.8954497575759888,0.961745023727417,-0.06629529595375061,0.06629529595375061,,,,,9.90514186223348,7.190509877422886,-0.22563991960349458,-6.645623644193013,1.5686342432945055,0.0024209030478100375,-39.54101320902507,1.2857460705591592,-0.05706692484515018,-0.07047818154096604,0.35585740855977765,-0.008294046942861523,-39.47053515116374,1.1693228265542788,-0.048772854746646666,0.007519417566557726,0.00012073629594767489,6.71314570775134e-06,0.007519417566557726,0.00012073629594767489,6.71314570775134e-06,4.1510930317754214e-23,5.4215582242021344e-24,-6.2528063704482195e-25,6.755163113276164,1.5343160296857297,-0.00416501812197633,0.8998237212498983,0.07965025532064147,-0.002420303580227914,0.965566881497701,0.07267834478843316,-0.001696234099459222,-0.06574315875768662,0.022072887850945182,-0.0007240687100189799,0.06574315875768662,0.022072887850945182,0.0007240687100189799
37.013254395846666,1.0,1500.0,0.0,29.0,2059.0,0.20806160100192683,428.0,1631.0,9.694670837859347,2.565413140545201,13320.631537647281,239.20000000000002,0.04945622958276475,35.047826086956505,8.701449275362323,10.911464867728611,138.0,35.07706422018349,9.047706422018353,10.882320632433288,109.0,35.047826086956505,8.701449275362323,10.911464867728611,138.0,0.41613197435423865,-0.01707156928012794,-0.0059106085082345355,-0.002369291750948052,-0.013798449612403237,-0.18941306755259926,-0.032236741902551436,12.829630422595182,29.0,183000.0,121.0,1624.466997385025,112.65233476246857,38.18650817871094,-7.193397521972656,-39.20532989501953,0.40051132440567017,-39.60584259033203,0.007390524260699749,0.007390524260699749,2.1083599846194293e-23,7.4373674392700195,1.0030715465545654,1.061611533164978,-0.05854010581970215,0.05854010581970215,,,,,12.504449435075124,11.411788722822433,-0.21458070904049684,-6.067918022473653,1.49574154009612,-0.06840851580075599,-40.49637514750163,1.1585460398516727,0.01576487760787887,0.01440227950612704,0.3170025012478618,0.0016108455610885236,-40.510777409871416,0.9737247481131439,0.014154036609960615,0.007490833414097627,9.938082276847354e-05,1.2643740940278e-06,0.007490833414097627,9.938082276847354e-05,1.2643740940278e-06,2.6417296317537444e-23,3.424087388217053e-24,-3.9485466181642485e-25,6.200646432240804,1.4940588299015467,0.06926504756770477,0.9038042585055034,0.07569790240271179,0.0008241548156313905,0.9829264144102733,0.0648144388164815,0.00032707137181044085,-0.07912217775980632,0.01907750705803987,0.0004970837919014591,0.07912217775980632,0.01907750705803987,-0.0004970837919014591
24.264347314834595,1.0,1500.0,0.0,12.0,1804.0,0.09843891692200041,177.0,1627.0,9.947975181487012,2.1434619246926037,11345.15910958701,243.0,0.058777998161675775,34.166942148760334,8.684297520661154,11.282384914547837,121.0,33.90275229357799,8.515596330275228,11.36441387284106,109.0,34.166942148760334,8.684297520661154,11.282384914547837,121.0,0.39432969579064253,-0.01638749751407184,-0.004557668095106646,-0.002785701692855364,-0.01735579377233293,-0.24869831546707746,-0.02916471150423299,11.958562310718428,12.0,184500.0,122.0,1635.7086071968079,112.795151403028,7.908489227294922,-5.9337358474731445,-40.78893280029297,-0.01581057906150818,-40.77312088012695,0.007524734362959862,0.007524734362959862,1.348030600618451e-23,5.978901386260986,0.9025027751922607,0.9767663478851318,-0.07426361739635468,0.07426361739635468,,,,,11.557711497942607,9.59467053178628,-0.22097723460170945,-6.3618070443471275,1.1936703107116562,0.02904509405405575,-39.889079030354814,1.3757577638984113,0.02238707409817436,0.02359401558836301,0.34522795971574954,0.003251402252441791,-39.91267306009929,1.2613396656959135,0.0191356663178816,0.007378020494555434,9.346122441959218e-05,6.027273042282732e-06,0.007378020494555434,9.346122441959218e-05,6.027273042282732e-06,1.686981154703287e-23,2.1714145534437316e-24,-2.5047444042747777e-25,6.458014074961344,1.1889423976207367,-0.02694646073660691,0.9237449248631795,0.07924612595038204,0.0012438675983331281,0.984803024927775,0.07038761172588975,0.0006618631297144183,-0.06105810223768155,0.02435743547579335,0.0005820037272900723,0.06105810223768155,0.02435743547579335,-0.0005820037272900723
39.643561508542014,1.0,1500.0,0.0,105.0,2064.0,0.7572734217735904,1563.0,501.0,9.718685768515252,2.257909560259199,12058.27581443586,159.20000000000002,0.03277203672444316,34.94820143884892,7.099280575539567,10.954483730158028,139.0,32.6764705882353,7.752941176470586,11.719488809279078,34.0,34.94820143884892,7.099280575539567,10.954483730158028,139.0,0.40602761355049977,-0.017862610885907747,-0.0044130556190425056,-0.0022508103355258938,-0.010496411483253249,-0.17220095693780543,-0.030387866162533944,12.825333919061606,105.0,186000.0,123.0,1650.2012722492218,112.7135235730865,2.578366756439209,-3.85575008392334,-40.7595100402832,-0.1805921196937561,-40.57891845703125,0.00816250964999199,0.00816250964999199,8.574391869528616e-24,3.911904811859131,0.8784286975860596,0.9424402117729187,-0.06401145458221436,0.06401145458221436,,,,,8.01401777267456,5.768863067282986,-0.16459774159483476,-6.666043170293173,1.4865633127279367,0.003904022815097582,-41.00947278340657,1.002010465735503,-0.007056191076292334,0.013055545339981715,0.36738054853217317,0.0045686807462715666,-41.0225284576416,1.055134261185472,-0.011624879593046988,0.007685900417466958,0.0003961082306440164,3.821481727850968e-05,0.007685900417466958,0.0003961082306440164,3.821481727850968e-05,1.0759253770356297e-23,1.4071376198944681e-24,-1.6228154181053842e-25,6.801063799858094,1.4813243474881128,-0.004022125407506384,0.9070971012115479,0.07196011428238892,0.0009185195366983388,0.9826502700646719,0.07545850866128605,0.0009187787075063608,-0.07555316829433044,0.019876964944726704,-2.59004641028029e-07,0.07555316829433044,0.019876964944726704,2.59004641028029e-07
38.639871425926685,1.0,1500.0,0.0,64.0,1935.0,0.49428497745984573,956.0,979.0,10.21200543485576,2.0646778858701555,11503.126845808758,192.0,0.04439716968043287,33.266153846153834,7.181538461538459,11.563723014203685,130.0,32.27878787878788,7.054545454545456,11.865660406280474,66.0,33.266153846153834,7.181538461538459,11.563723014203685,130.0,0.4252689283899719,-0.018074887280783002,-0.005385542556410779,-0.0022225612010116306,-0.010307802433786538,-0.19044892115757525,-0.03431954243201766,13.503307461878999,64.0,187500.0,124.0,1663.1149909496307,112.74025008513595,5.489606857299805,-5.410891532897949,-40.10771560668945,0.12264087796211243,-40.2303581237793,0.007898208685219288,0.007898208685219288,5.4829757495863795e-24,5.409770965576172,0.9542075395584106,1.0053330659866333,-0.05112559348344803,0.05112559348344803,,,,,9.96999618212382,8.396204639460583,-0.0906478803335492,-6.10952533086141,1.4989107302442475,0.054401938297326966,-40.70602264404297,1.4536126546551522,-0.00495901818535251,0.06567473883430162,0.2970174433872608,0.0054575400752273325,-40.77169710795085,1.3883210011390077,-0.010416602451887913,0.007754805311560631,0.00014173518564102814,-8.965431566498522e-06,0.007754805311560631,0.00014173518564102814,-8.965431566498522e-06,6.864160609477141e-24,8.85942782847555e-25,-1.0217699718661144e-25,6.239961258570353,1.4924991163728116,-0.05759597370966667,0.9291865408420563,0.06948551123122663,0.0011310167519480911,0.9935067315896352,0.06115426552350922,0.0011126984345899552,-0.06432019341737032,0.025984308110398088,1.8319291569235568e-05,0.06432019341737032,0.025984308110398088,-1.8319291569235568e-05
42.53014916913551,1.0,1500.0,0.0,114.0,1891.0,0.897582296674085,1697.0,194.0,9.623443380814647,1.4692294205419432,9763.593636149957,109.4,0.02440656791004819,35.294488188976366,6.280314960629921,10.906586404081304,127.0,33.184615384615384,7.400000000000001,11.45750771355081,13.0,35.294488188976366,6.280314960629921,10.906586404081304,127.0,0.4078852635985562,-0.01945240800759777,-0.005903284449483054,-0.0021306377586338006,-0.008005532503457598,-0.1537593360995897,-0.030594898305499375,12.716045144728605,114.0,189000.0,125.0,1677.5536236763,112.66405874156983,7.121917724609375,-7.333911895751953,-41.30585861206055,0.03274993970990181,-41.33860778808594,0.00802427064627409,0.00802427064627409,3.494110284965385e-24,7.510411262512207,0.9214081764221191,0.9867869019508362,-0.06537869572639465,0.06537869572639465,,,,,12.487142928441365,10.668838300875947,-0.21764745510725117,-6.253263751665751,1.5470009996851228,-0.009424837439158106,-41.34326362609863,1.0931549884566945,-0.013197045755863203,-0.04089089731375376,0.2975099039021365,-0.0053521523386803604,-41.302372741699216,0.9737423727522818,-0.007844903286094418,0.008224397276838621,0.00018424204155774836,-1.316979958430312e-05,0.008224397276838621,0.00018424204155774836,-1.316979958430312e-05,4.380485862850203e-24,5.685673537644203e-25,-6.557238902759723e-26,6.37589643796285,1.5081393823962042,0.0068967737530970675,0.9036250988642375,0.06887407673789346,-0.001043236162824305,0.9714283347129822,0.061965351108991464,-0.0011123493065160685,-0.06780325192958117,0.018072360879249273,6.911350627563569e-05,0.06780325192958117,0.018072360879249273,-6.911350627563569e-05
36.42803042934787,1.0,1500.0,0.0,31.0,1952.0,0.23866951108086454,465.0,1487.0,10.036738805891,2.3050300104280304,12296.793541596839,247.8,0.0558787714788256,33.85190839694658,8.32824427480916,11.414582977500057,131.0,33.664,8.538,11.451587980503211,100.0,33.85190839694658,8.32824427480916,11.414582977500057,131.0,0.4229422056132798,-0.018931564986957018,-0.006526680042771327,-0.0023776102389906997,-0.013085486242386183,-0.1986137366099518,-0.03488296146673207,13.617593235429457,31.0,190500.0,126.0,1689.5536377429962,112.7516734268827,14.492469787597656,-7.279112815856934,-41.159278869628906,0.0398465096950531,-41.199127197265625,0.0076753017492592335,0.0076753017492592335,2.227754634827263e-24,7.3195085525512695,0.9316905736923218,0.9881826639175415,-0.05649206042289734,0.05649206042289734,,,,,10.664711105823518,9.23900594728054,0.07010080984092236,-6.321645085016886,1.4673775927317574,0.031560832162587704,-41.917596181233726,0.9771037460220857,-0.0232671973172224,-0.11405346617102623,0.3230887650819883,-0.011424696979188556,-41.80354283650716,0.8378625099898981,-0.011842481975957907,0.008023902556548517,0.0002020405454348006,-2.1180210923061393e-05,0.008023902556548517,0.0002020405454348006,-2.1180210923061393e-05,2.7923680884117698e-24,3.6235269798146795e-25,-4.179350809989572e-26,6.402660886446635,1.4730336024775075,-0.02828216664120154,0.8857175787289937,0.07220890822503265,-0.002362963169382203,0.9563850641250611,0.06695446744106152,-0.0023569509370441354,-0.07066749843458335,0.015338602041452045,-6.0114242940370085e-06,0.07066749843458335,0.015338602041452045,6.0114242940370085e-06
40.637691009789705,1.0,1500.0,0.0,64.0,2013.0,0.47490462627336816,955.0,1058.0,10.050851689079463,2.3051224934972088,12095.425402196386,202.60000000000002,0.04440061363138286,33.79999999999999,7.4829629629629615,11.371480456729339,135.0,33.47605633802817,8.199999999999998,11.485721001734621,71.0,33.79999999999999,7.4829629629629615,11.371480456729339,135.0,0.4276702538378693,-0.018638080223579212,-0.007846344679484635,-0.0024435812460323887,-0.008681804171375679,-0.1755676564265835,-0.03509557948000464,13.355300059619722,64.0,192000.0,127.0,1702.5524909496307,112.77185344982132,4.898737907409668,-4.913947105407715,-44.03901290893555,-0.22378769516944885,-43.815223693847656,0.007561544422060251,0.007561544422060251,1.4199198498986492e-24,5.02235221862793,0.8362560272216797,0.9341856241226196,-0.09792967140674591,0.09792967140674591,,,,,11.730161809921265,12.77516304149678,0.05895803041001965,-5.8792339086532595,1.1243171415452111,-0.002510758899608115,-41.85286038716634,1.4571994558989607,-0.04606762759810077,-0.035338786368568735,0.3919606936676748,0.008867691980221129,-41.817521286010745,1.3987381939556558,-0.0549352821969606,0.007486193270112077,6.511053075764342e-05,-8.382660453856862e-07,0.007486193270112077,6.511053075764342e-05,-8.382660453856862e-07,1.7825348650959813e-24,2.3086322964673757e-25,-2.6633634288169675e-26,5.995980286598206,1.1385176033817335,0.003945521385438882,0.9081262409687042,0.0845617934353549,0.001023584968919063,0.9727086504300435,0.08013150531145177,0.0018180312516293952,-0.06458241442839305,0.025002166957148554,-0.0007944470567750974,0.06458241442839305,0.025002166957148554,0.0007944470567750974
37.79617849758693,1.0,1500.0,0.0,35.0,1966.0,0.26051349057082224,512.0,1454.0,9.932964012692661,2.003730880663543,11751.198923387408,243.20000000000002,0.053864894795127356,34.20454545454546,8.240909090909096,11.218188133619726,132.0,34.101030927835055,8.546391752577318,11.242547758688676,97.0,34.20454545454546,8.240909090909096,11.218188133619726,132.0,0.42346290366954,-0.018154782728941422,-0.008364210908225719,-0.0018217938966380153,-0.010635127584280228,-0.19281057925125264,-0.0331330045003037,13.475619302518206,35.0,193500.0,128.0,1714.7864112854004,112.84204185811852,4.192047119140625,-4.649104595184326,-42.915122985839844,-0.24441677331924438,-42.67070770263672,0.007570433896034956,0.007570433896034956,9.061057516899373e-25,4.805125713348389,0.8591691255569458,0.9299504160881042,-0.07078122347593307,0.07078122347593307,,,,,10.923566095034282,9.691252884033842,-0.06996863288794555,-6.069879364967346,1.1691757280987352,0.02654532839909826,-42.359910583496095,1.0048506421131682,-0.004480525304265314,-0.07342116615424553,0.35915592852077066,-0.0015113750420867164,-42.286489486694336,0.9507380100571093,-0.0029691167880213625,0.007614341533432404,9.261966556013976e-05,3.658657742288911e-06,0.007614341533432404,9.261966556013976e-05,3.658657742288911e-06,1.1355425440108148e-24,1.4685249337628382e-25,-1.694033386198285e-26,6.208439215024312,1.162009007321475,-0.023697566296553153,0.8981453736623128,0.07505282107880941,-0.00015812177414095143,0.9649998148282369,0.07367359053247347,-0.00031189409325997413,-0.06685443203896284,0.01728899941045217,0.0001537736820200003,0.06685443203896284,0.01728899941045217,-0.0001537736820200003
28.82232155519373,1.0,1500.0,0.0,17.0,2018.0,0.12023045423754443,242.0,1776.0,9.889938482731802,2.35436481314249,13022.99499431205,292.0,0.06249197448957754,34.35735294117647,8.675000000000002,11.192990473630696,136.0,34.0218487394958,8.568067226890754,11.302679813020058,119.0,34.35735294117647,8.675000000000002,11.192990473630696,136.0,0.3937904125193552,-0.01872108821821396,-0.0063593101431048665,-0.002922265609824051,-0.009888529306005077,-0.23042071197410924,-0.030817220675794142,13.336849341385289,17.0,195000.0,129.0,1726.5915911197662,112.93927353922442,3.7918314933776855,-4.195494651794434,-43.27727127075195,-0.5588498115539551,-42.718421936035156,0.0084288464859128,0.0084288464859128,5.785697177660417e-25,4.333349227905273,0.7975420355796814,0.8629825711250305,-0.06544053554534912,0.06544053554534912,,,,,8.165080694357554,5.878306162630202,0.0965697111621979,-6.52551920413971,2.014782933815767,0.044343302379858784,-42.27590039571126,0.8400468258980172,-0.016573362594450667,0.08845960845549901,0.47725965994730163,-0.01554566195464639,-42.36436030069987,0.8080507013240142,-0.0010277125408430818,0.008267623527596394,0.00021465940903718365,2.0818930902456993e-05,0.008267623527596394,0.00021465940903718365,2.0818930902456993e-05,7.243911589949727e-25,9.340817317303726e-26,-1.0773945009983837e-26,6.657694013913472,2.027299556035502,-0.04252475228272521,0.9362511098384857,0.0965412114010298,-0.0030284803754363357,0.9983066896597544,0.09929183139483559,-0.00321563572453977,-0.062055576033890246,0.014635272077347255,0.00018715597191894072,0.062055576033890246,0.014635272077347255,-0.00018715597191894072
39.049719234565636,1.0,1500.0,0.0,77.0,1940.0,0.5910340244127044,1146.0,794.0,9.948065810546622,2.4783484967411566,11688.934464470096,173.8,0.03914767096134787,34.15076923076923,7.5123076923076955,11.251257634709855,130.0,33.20754716981132,7.969811320754719,11.570198909493303,53.0,34.15076923076923,7.5123076923076955,11.251257634709855,130.0,0.41745085162012785,-0.01772600062605371,-0.006473303496343894,-0.0023796938044282367,-0.008404415454089192,-0.18538217093159023,-0.0322198901771013,13.446340276474677,77.0,196500.0,130.0,1739.9703385829926,112.93295962736173,32.95055389404297,-6.465909481048584,-43.80085754394531,-0.387675940990448,-43.41318130493164,0.007978539913892746,0.007978539913892746,3.690753784329579e-25,6.495223522186279,0.8280751705169678,0.8997483849525452,-0.07167330384254456,0.07167330384254456,,,,,10.921889666716257,8.70573844411041,0.3439195793383113,-6.608606568972269,1.6644196159442302,-0.01179089556811777,-43.19787394205729,1.4855703960251145,0.018753016114368658,0.022727785632014275,0.4712741596991407,-0.0017913823224214712,-43.22060178120931,1.3843780546065332,0.020544402193573168,0.00821028733626008,0.00011420715181467479,5.666400669544671e-07,0.00821028733626008,0.00011420715181467479,5.666400669544671e-07,4.62059031272401e-25,5.973134319359501e-26,-6.887178322305231e-27,6.729888470967611,1.665864525316185,0.012926017880041883,0.913538259267807,0.10257222515019439,0.00020902632871375935,0.984765495856603,0.09823851393532969,-0.0003638084128383267,-0.07122724416355292,0.025020513669273124,0.000572834238492874,0.07122724416355292,0.025020513669273124,-0.000572834238492874
41.44512383848707,1.0,1500.0,0.0,107.0,2057.0,0.7741992562413375,1592.0,465.0,9.739028233726765,2.21186293584485,11515.457305560309,140.0,0.029081844619858747,34.88405797101449,6.40869565217391,10.915249018519518,138.0,32.587096774193554,6.496774193548386,11.663652627116214,31.0,34.88405797101449,6.40869565217391,10.915249018519518,138.0,0.40860617474988525,-0.01865539682508368,-0.005313715492245285,-0.002219868552730519,-0.009488663202644966,-0.16093528578177088,-0.029699197056341504,12.591553825702933,107.0,198000.0,131.0,1754.5236399173737,112.85114403435709,4.5952229499816895,-4.816553115844727,-44.16229248046875,-0.06369411200284958,-44.09859848022461,0.00785976741462946,0.00785976741462946,2.3498280495932398e-25,4.955314636230469,0.8892403841018677,0.9668564796447754,-0.07761615514755249,0.07761615514755249,,,,,7.743040537834167,6.841267204643289,0.0750514172605994,-6.415404065450033,1.6078218580461914,0.08111499705754888,-43.30691095987956,1.5828534494401598,-0.0954807913740953,-0.09316613897681236,0.472699299440698,-0.02568362487668589,-43.2137451171875,1.5373925908790589,-0.06979717216449195,0.008062155265361071,0.00015970875329185478,-1.2542003427981443e-05,0.008062155265361071,0.00015970875329185478,-1.2542003427981443e-05,2.951257025326829e-25,3.8303742624796914e-26,-4.418596116453174e-27,6.510497482617696,1.6127040483673645,-0.07820671795472703,0.8958167354265849,0.09937871071170032,-0.0063527041733331445,0.9607693513234457,0.09811784576685977,-0.005320299454074848,-0.06495261341333389,0.026567959237452237,-0.0010324051833656648,0.06495261341333389,0.026567959237452237,0.0010324051833656648
39.69449603913435,1.0,1500.0,0.0,67.0,1957.0,0.510984785025048,999.0,958.0,9.791508163052367,2.3187488238767897,11579.784426708728,198.4,0.04363316472399384,34.70992366412214,7.5893129770992385,11.02372121761587,131.0,34.80000000000001,8.565625,11.017524723816805,64.0,34.70992366412214,7.5893129770992385,11.02372121761587,131.0,0.42018272703274184,-0.018806738880003775,-0.0072800389761497174,-0.0025422344162172143,-0.01424983093420886,-0.17235049753646342,-0.03320773576157876,13.161074924269752,67.0,199500.0,132.0,1767.6246299743652,112.86332890874756,15.61658000946045,-6.240731239318848,-43.84775161743164,0.13306094706058502,-43.980812072753906,0.007903309538960457,0.007903309538960457,1.499784941456033e-25,6.4471659660339355,0.9380422830581665,1.0074890851974487,-0.06944683939218521,0.06944683939218521,,,,,8.534696956475576,6.942207724342426,-0.102234146751472,-5.933237957954407,1.8275889984632996,-0.03581798185363352,-43.82654088338216,1.4546905497693057,0.03510604875371562,0.023550598323345183,0.3205520676912232,0.01030709958315161,-43.850091552734376,1.4951487582340592,0.024799006613795537,0.007706654025241733,0.00011296583761334334,4.937560468479307e-07,0.007706654025241733,0.00011296583761334334,4.937560468479307e-07,1.8773947512862428e-25,2.4357440608733124e-26,-2.809045183433437e-27,6.070294737815857,1.811874129933523,0.038649401330576545,0.9147607028484345,0.06558097088493402,0.002757853965738041,0.984844954808553,0.06580601347011208,0.00212062858500918,-0.07008424208809932,0.0265768636175592,0.0006372256480049646,0.07008424208809932,0.0265768636175592,-0.0006372256480049646
41.68469245537467,1.0,1500.0,0.0,69.0,2035.0,0.5038365979135585,1025.0,1010.0,10.146209610994925,2.4846553586435496,12450.448258768822,187.20000000000002,0.04080565001307873,33.48613138686132,6.94890510948905,11.382573648553029,137.0,32.79117647058825,7.50294117647059,11.539838652824436,68.0,33.48613138686132,6.94890510948905,11.382573648553029,137.0,0.42771819396748084,-0.01827683163441341,-0.006446676934341397,-0.002121027178716126,-0.014208118925099659,-0.16840099104249417,-0.032968827349891455,13.503630418915547,69.0,201000.0,133.0,1780.833018541336,112.86852720455354,7.657625198364258,-4.409690856933594,-42.852046966552734,-0.1959465742111206,-42.65610122680664,0.008054048754274845,0.008054048754274845,9.548462992539711e-26,4.775302886962891,0.8989369869232178,0.9393588304519653,-0.040421873331069946,0.040421873331069946,,,,,9.060878173510234,8.929141802198249,0.20257290902737096,-5.786803897221883,1.6370576345964214,-0.0014592160107162386,-44.57759119669596,1.7578160511715917,0.1171554904891077,-0.031545325616995495,0.40644117320976564,0.00961458903796416,-44.54604581197103,1.716363151898774,0.10754092495486657,0.007928990169117849,0.0001053460636543425,6.044140133231578e-06,0.007928990169117849,0.0001053460636543425,6.044140133231578e-06,1.1948936857237767e-25,1.5507232123869358e-26,-1.7879670895267628e-27,5.887253594398499,1.6166252117588475,0.004838765317261213,0.8973195652167002,0.08946214851876029,0.0040635843961204,0.9734955708185832,0.08403683995678332,0.0019860192055961927,-0.0761760080854098,0.030913845770139333,0.002077565062894707,0.0761760080854098,0.030913845770139333,-0.002077565062894707
43.44513442516327,1.0,1500.0,0.0,40.0,1943.0,0.3026740994751225,588.0,1355.0,10.051534510402584,2.429744251074753,12150.023805129027,240.0,0.054220133742996564,33.789312977099236,7.786259541984729,11.348958661768153,131.0,33.90549450549451,8.41978021978022,11.299990663156713,91.0,33.789312977099236,7.786259541984729,11.348958661768153,131.0,0.4390937542690684,-0.0180028479800036,-0.006570358994336918,-0.0022895435036991048,-0.010224018864746606,-0.17099545224860646,-0.03346769800815791,14.124691887823682,40.0,202500.0,134.0,1793.064599275589,112.93513913654391,3.007662534713745,-7.39954948425293,-45.48439025878906,0.5543321371078491,-46.03872299194336,0.008149150758981705,0.008149150758981705,6.118211663453356e-26,7.540828227996826,1.0022341012954712,1.0952445268630981,-0.09301041066646576,0.09301041066646576,,,,,8.249740852912266,6.574122050240707,-0.004451889310185564,-6.114922014872233,1.282472485174757,-0.05769782771788388,-43.612572479248044,0.8743588590957159,-0.015213119625646674,0.08491114179293315,0.32961408738092923,0.005055351818894117,-43.697483698527016,0.9772185432452091,-0.02026847779949597,0.008199077347914379,0.00018628476186679146,1.3161097156988041e-05,0.008199077347914379,0.00018628476186679146,1.3161097156988041e-05,7.65559032601552e-26,9.796122808725412e-27,-1.130102138453347e-27,6.232807048161825,1.2768518257737536,0.05845266624340347,0.9421576778093974,0.06281868157760832,0.000894769306840544,0.9976477563381195,0.06864725767959255,0.0010502815909592324,-0.05549009181559086,0.016658897674278417,-0.00015551261148012458,0.05549009181559086,0.016658897674278417,0.00015551261148012458
35.835219740867615,1.0,1500.0,0.0,16.0,2097.0,0.11320199860668041,237.0,1860.0,9.90621624847004,2.495914694542257,13668.72378040854,273.8,0.056635776931987424,34.28652482269503,8.5290780141844,11.126913920840254,141.0,34.267199999999995,8.5792,11.113280395914899,125.0,34.28652482269503,8.5290780141844,11.126913920840254,141.0,0.4254644005575647,-0.019158785975674945,-0.005822447519402508,-0.0028872497288215658,-0.014519427402863081,-0.21300613496932705,-0.03362868308513603,14.985227142153322,16.0,204000.0,135.0,1804.772099494934,113.03366228738213,13.62534236907959,-5.692890167236328,-44.957462310791016,-0.5202909708023071,-44.437171936035156,0.00820494256913662,0.00820494256913662,3.906368020283706e-26,5.625733852386475,0.812117338180542,0.8716713190078735,-0.05955396592617035,0.05955396592617035,,,,,9.021945023536682,6.803115509716201,-0.093595032325974,-5.940580415725708,1.1093756761438864,-0.02483792554284612,-44.29370905558268,1.29248691635394,-0.005599383225827621,-0.05471473683913549,0.4819947519158358,-0.02704020482348124,-44.23899434407552,1.3238943403832968,0.02144081531562986,0.008531528028349082,0.0002595528642004071,6.082278155246058e-06,0.008531528028349082,0.0002595528642004071,6.082278155246058e-06,4.8884460855914446e-26,6.319082697456087e-27,-7.286776803760072e-28,6.0632838408152265,1.0996469472208117,0.023495775016979747,0.9094596246878306,0.09747865258583772,-0.005095253889764929,0.9684378544489542,0.10137699038060544,-0.005657493100150422,-0.05897823286553224,0.023031025842339067,0.0005622382813420263,0.05897823286553224,0.023031025842339067,-0.0005622382813420263
39.534816729716766,1.0,1500.0,0.0,39.0,1947.0,0.2975411699878557,579.0,1368.0,10.118707077450631,2.1109682025055445,12182.691582366704,244.0,0.055472195698631384,33.57709923664123,7.949618320610689,11.488961703902115,131.0,33.46739130434782,8.258695652173914,11.51681616899016,92.0,33.57709923664123,7.949618320610689,11.488961703902115,131.0,0.4326422839525018,-0.01903879580439341,-0.006663546205772351,-0.002068400752641906,-0.009628493524199137,-0.1919563735514605,-0.03599481439834246,14.363826129474916,39.0,205500.0,136.0,1817.0733880996704,113.09394620264389,20.2720947265625,-8.854610443115234,-48.76262283325195,0.1282602846622467,-48.89088439941406,0.00838982593268156,0.00838982593268156,2.4912074853227957e-26,9.107560157775879,0.8775238990783691,1.0068278312683105,-0.12930399179458618,0.12930399179458618,,,,,11.18390398422877,10.630295913914006,0.21997128416088949,-5.998504424095154,1.914915479945348,-0.04554095056086139,-44.613776270548506,1.4503754949112444,-0.026144788527779815,-0.06722522899508476,0.3662304374704618,0.010329203251272755,-44.5465513865153,1.4175396627312504,-0.03647403653391838,0.008051599810520808,0.000155054859002665,1.204905573597722e-05,0.008051599810520808,0.000155054859002665,1.204905573597722e-05,3.1220337797174765e-26,4.053350348570853e-27,-4.675280719505823e-28,6.116914574305216,1.9188026627294983,0.04433378446619271,0.9077285806337992,0.07908711226606971,0.0017215821581236866,0.9661290446917216,0.0759424436745611,0.0021484989212935566,-0.058400470825533075,0.02377849925517983,-0.0004269170586239371,0.058400470825533075,0.02377849925517983,0.0004269170586239371
42.05321778637348,1.0,1500.0,0.0,101.0,1993.0,0.7568785494535535,1508.0,485.0,9.691030834148552,2.3572970683396557,11360.871596657755,138.0,0.02937420178799489,35.05970149253731,6.702985074626864,11.016318129335046,134.0,33.32727272727273,7.751515151515152,11.454091037624389,33.0,35.05970149253731,6.702985074626864,11.016318129335046,134.0,0.4055525724440511,-0.016755100004451608,-0.005008612299316829,-0.0022316251054744014,-0.009779571561626534,-0.15955293387147074,-0.02901988174364121,12.84020625863962,101.0,207000.0,137.0,1831.2504334449768,113.03751590687047,4.242521286010742,-3.3901963233947754,-45.6515007019043,-0.42838752269744873,-45.223114013671875,0.008624235168099403,0.008624235168099403,1.5882024130505878e-26,3.5820839405059814,0.8285962343215942,0.8898727893829346,-0.061276599764823914,0.061276599764823914,,,,,9.285520521799723,8.440554763964649,-0.3661057306741581,-5.9870820124944055,1.857410810781999,0.016619307684553775,-45.022979990641275,1.3550458308208393,0.035500694673770504,0.013573824117581049,0.3625747116806651,0.010639115188424128,-45.0365540822347,1.341446786456547,0.024861571892218156,0.008268672320991755,0.00022341178446055147,1.3639685698889427e-05,0.008268672320991755,0.00022341178446055147,1.3639685698889427e-05,1.988850578980059e-26,2.5604969677662775e-27,-2.953564571194684e-28,6.089521360397339,1.8610007087165368,-0.017236075120189893,0.9219875693321228,0.0772310949765081,0.002826022730520729,0.9829104522864024,0.07554658698866246,0.0022124306776366916,-0.06092287413775921,0.023032452250277786,0.0006135908254858409,0.06092287413775921,0.023032452250277786,-0.0006135908254858409
43.1094076794547,1.0,1500.0,0.0,74.0,1933.0,0.5702641837273188,1102.0,831.0,10.21707290306573,2.3413451371488363,11548.831813901994,170.60000000000002,0.03945968450756349,33.256923076923066,7.1061538461538465,11.516505606237132,130.0,32.796428571428585,8.03214285714286,11.69889720261945,56.0,33.256923076923066,7.1061538461538465,11.516505606237132,130.0,0.4365672406150899,-0.018310273758143404,-0.004903618879902508,-0.002199192321472011,-0.009148493349018055,-0.1715681838747558,-0.03324324704151155,13.660847302810515,74.0,208500.0,138.0,1844.4313929080963,113.04296858191086,4.1699934005737305,-7.166219711303711,-44.13374710083008,0.14405280351638794,-44.277801513671875,0.00879230722784996,0.00879230722784996,1.0136905002548778e-26,7.2139573097229,0.970658004283905,1.010429859161377,-0.03977192938327789,0.03977192938327789,,,,,9.72933259010315,7.515308076082548,-0.30665358605984233,-6.069022464752197,1.5984305701379913,-0.09863819943386663,-44.998011525472,1.0750980899516824,-0.007726765633689404,-0.017086446285247803,0.3982287205838536,-0.00039007000716297893,-44.98092511494954,0.8781935561506976,-0.007336730447837859,0.008749443261573711,8.975688474712082e-05,6.852135915843507e-06,0.008749443261573711,8.975688474712082e-05,6.852135915843507e-06,1.2703755440762657e-26,1.640771621238504e-27,-1.8926453932514046e-28,6.205425135294596,1.5922581345162434,0.09617882665988463,0.922102012236913,0.08986669873473921,-1.8507156011406787e-05,0.9763617018858591,0.08403679766633107,-8.496382875624568e-05,-0.05425969511270523,0.01469901185520596,6.645447154994687e-05,0.05425969511270523,0.01469901185520596,-6.645447154994687e-05
43.75497063000997,1.0,1500.0,0.0,81.0,1988.0,0.6092166249017766,1211.0,777.0,10.094965032293405,2.3377131899892913,11856.169177708758,188.8,0.04217298070050036,33.66015037593985,7.266165413533834,11.399490992728868,133.0,33.707692307692305,8.63076923076923,11.402454826756706,52.0,33.66015037593985,7.266165413533834,11.399490992728868,133.0,0.43653142548587226,-0.018908074041604675,-0.005716757903391197,-0.002487226856284042,-0.004712691194708602,-0.17117817279867076,-0.034058104662104016,13.969853623604935,81.0,210000.0,139.0,1857.7574276924133,113.0395157460619,3.8988900184631348,-8.411955833435059,-44.768741607666016,0.20904336869716644,-44.977783203125,0.009095994755625725,0.009095994755625725,6.479295948709159e-27,8.522294998168945,0.9785887598991394,1.0244780778884888,-0.04588934779167175,0.04588934779167175,,,,,7.133676628271739,6.425381630835337,0.13673631237929598,-6.108746147155761,1.5466251559931254,-0.040477159795029055,-44.95987510681152,0.6974974752404653,0.0058699398868222,-0.009022828564047814,0.31982686722932924,0.009293297713040253,-44.95085233052571,0.6876555172171612,-0.003423326299239707,0.008713233098387719,0.00022421202143996886,1.7268910125577382e-05,0.008713233098387719,0.00022421202143996886,1.7268910125577382e-05,8.115024303885798e-27,1.0439120911421923e-27,-1.2042252385801516e-28,6.254118760426839,1.5524558231139702,0.0395784110725919,0.9299204707145691,0.06642091710365888,0.0020886795406744587,0.9780554294586181,0.067342651248829,0.0019603918869052113,-0.048134961972634,0.011488925456896427,0.00012828775653584692,0.048134961972634,0.011488925456896427,-0.00012828775653584692
47.21660601897318,1.0,1500.0,0.0,122.0,1917.0,0.9476269285152165,1816.0,101.0,9.533310273645265,1.4355381630746649,9187.528111693284,83.0,0.018056038983640794,35.634108527131794,5.4,10.682574802038118,129.0,32.71428571428571,6.314285714285715,11.403668271822166,7.0,35.634108527131794,5.4,10.682574802038118,129.0,0.4025223794575548,-0.0165623069128882,-0.004778542692652407,-0.00159968313671026,-0.00537766201930434,-0.13327204943567977,-0.025049826667783413,12.567495529969744,122.0,211500.0,140.0,1872.5054473876953,112.95027221152309,36.42959976196289,-4.635732173919678,-46.76848220825195,-0.2151239663362503,-46.55335998535156,0.009717103093862534,0.009717103093862534,4.1224838608399885e-27,4.851343631744385,0.8672999739646912,0.9335720539093018,-0.06627212464809418,0.06627212464809418,,,,,9.414860725402832,9.049780886588353,0.10464617503233006,-6.1614128669102985,1.4938436512914839,0.007615966658968875,-45.579582087198894,1.0574334540617478,-0.028013693159227096,0.08613439810772737,0.5168314774174944,0.004016998490614939,-45.6657164255778,1.0382011559565487,-0.032030695829295436,0.009456650850673516,0.0004624323575103932,4.4783916287082506e-05,0.009456650850673516,0.0004624323575103932,4.4783916287082506e-05,5.173344539391348e-27,6.753381312200426e-28,-7.79000833727154e-29,6.293211030960083,1.4649149399331534,-0.008348760403303294,0.9441781381766001,0.10920136760669209,0.0005071117960173365,0.9985466619332631,0.11152354468285197,0.0008477201583785721,-0.05436851556102435,0.01677694895483305,-0.00034060681920427974,0.05436851556102435,0.01677694895483305,0.00034060681920427974
46.17084742916955,1.0,1500.0,0.0,18.0,1804.0,0.14674202822506255,264.0,1540.0,10.511890197296903,2.1214043153220534,11177.938405126843,230.8,0.05900398813784641,32.327272727272735,7.48595041322314,11.921775780896589,121.0,32.41359223300971,7.761165048543689,11.881183544839129,103.0,32.327272727272735,7.48595041322314,11.921775780896589,121.0,0.46572800637406103,-0.019883087378067384,-0.008060377006930887,-0.0016888895966076802,-0.012001579155152058,-0.16802210817212945,-0.038962054936564086,15.618658304776845,18.0,213000.0,141.0,1883.7393491268158,113.07296845433181,5.26090145111084,-7.636075496673584,-46.53106689453125,-0.48665305972099304,-46.04441452026367,0.008950043469667435,0.008950043469667435,2.6288704925572665e-27,7.80736780166626,0.8244847059249878,0.8768081665039062,-0.05232352018356323,0.05232352018356323,,,,,9.60414864619573,7.323166985904096,0.09338637376918932,-6.278002421061198,1.0369899917134826,-0.037107074088328876,-46.322242228190106,1.3237257569965457,-0.010391413568786418,-0.13585834428668023,0.28712086287396177,0.00917244935625786,-46.18638407389323,1.3799884278232006,-0.019563896000980876,0.00908134967709581,0.0002586691650514803,-2.7443852495232323e-05,0.00908134967709581,0.0002586691650514803,-2.7443852495232323e-05,3.295787663835968e-27,4.260714820112638e-28,-4.914452287231969e-29,6.355410814285278,1.0186499283882153,0.03840193350667795,0.8936403493086497,0.05888210044220974,0.0018445276842764177,0.9509751935799916,0.061005434318712366,0.0019785244419789354,-0.057334846009810765,0.022438749502306815,-0.0001339965803472023,0.057334846009810765,0.022438749502306815,0.0001339965803472023
49.7608143470084,1.0,1500.0,0.0,129.0,2078.0,0.9291128904575178,1930.0,148.0,9.592226120251444,1.7221340491084103,9929.693334351789,74.2,0.015071498212544686,35.41870503597122,4.766906474820142,10.740030389211649,139.0,31.540000000000003,6.519999999999999,11.838778163828644,10.0,35.41870503597122,4.766906474820142,10.740030389211649,139.0,0.40150045144028695,-0.01538833204321448,-0.004933730653195484,-0.0011783171337345492,-0.008545279383429394,-0.11510597302504795,-0.023978682423063506,12.365434203974722,129.0,214500.0,142.0,1898.8529567718506,112.96293335143824,1.705618977546692,-5.677011489868164,-46.76715850830078,0.28534725308418274,-47.05250549316406,0.009230618365108967,0.009230618365108967,1.6731995948420264e-27,5.891998767852783,0.9777406454086304,1.0409016609191895,-0.06316094845533371,0.06316094845533371,,,,,11.016969406604767,9.018170480089516,0.1857870168494965,-6.147271410624186,1.3305536385219952,0.00414691326748167,-46.53236223856608,1.5236828241362146,-0.07369235826944157,0.06499650043745836,0.3706109335475893,-0.0005927989037668141,-46.59735870361328,1.3906028600781912,-0.07309951527630415,0.009413100002954403,0.00017144595278106294,-4.460962822824699e-06,0.009413100002954403,0.00017144595278106294,-4.460962822824699e-06,2.1017923597200017e-27,2.726369037989339e-28,-3.1456323810332987e-29,6.260850207010905,1.327005010859577,-0.0018115314148426742,0.9354021986325581,0.08759234222899542,-0.0011330360830559567,0.9938642581303915,0.07948943588257076,-0.0001296840865036844,-0.05846206266433,0.021927756989375435,-0.0010033489769538057,0.05846206266433,0.021927756989375435,0.0010033489769538057
49.68723757777895,1.0,1500.0,0.0,14.0,1894.0,0.10371862989453912,196.0,1698.0,10.267695703726993,2.2067329455658204,12007.339512287497,235.0,0.055487344163203625,33.08750000000001,7.8984375,11.644172096373614,128.0,33.23157894736842,8.226315789473682,11.590223155452078,114.0,33.08750000000001,7.8984375,11.644172096373614,128.0,0.4641023268365247,-0.020047081411386194,-0.007435862195772042,-0.0020212547156614473,-0.009155285786545264,-0.14810318664643501,-0.036828270873283976,15.723595776641377,14.0,216000.0,143.0,1910.1493813991547,113.08016121848196,2.700596570968628,-6.74862003326416,-44.88663864135742,0.6074033379554749,-45.494041442871094,0.010134950280189514,0.010134950280189514,1.070208551513374e-27,7.038951873779297,1.0797057151794434,1.1122795343399048,-0.03257380425930023,0.03257380425930023,,,,,8.536963987350465,6.209454273800807,0.06089829698420452,-5.802662710348765,1.486721829060569,0.05087486684521273,-46.257449340820315,1.2872164818608633,-0.010524176914778553,0.0010152862717707951,0.3743807919719054,0.007561017373147886,-46.25846417744955,1.2001983455736076,-0.018085184404925594,0.00951796087125937,0.0005115522258337675,5.002033267920195e-05,0.00951796087125937,0.0005115522258337675,5.002033267920195e-05,1.3404449237578164e-27,1.7253533898138292e-28,-1.990560918444105e-29,5.917586481571197,1.5044112433149677,-0.05075930353001327,0.932852586110433,0.08474126559403986,0.0015005741023911125,0.9803436577320099,0.08064350973326476,0.0016125038415359194,-0.047491080065568285,0.019226414538019335,-0.00011192834185015664,0.047491080065568285,0.019226414538019335,0.00011192834185015664
36.140117839763036,1.0,1500.0,0.0,38.0,1957.0,0.2917408340736397,570.0,1387.0,10.116228139155158,1.7921981559486246,11305.655244621155,236.4,0.05371262382986458,33.59694656488547,7.676335877862595,11.469460337136614,131.0,33.19784946236557,7.606451612903222,11.575282926288628,93.0,33.59694656488547,7.676335877862595,11.469460337136614,131.0,0.42298107733480794,-0.02009226341679531,-0.0059146697239139704,-0.0028528379049430307,-0.009807956104252493,-0.20452674897118767,-0.03451994079008139,13.845508424755499,38.0,217500.0,144.0,1922.387077331543,113.14058576689497,16.57599639892578,-4.62239933013916,-46.98799514770508,-0.1443231701850891,-46.84367370605469,0.009489992633461952,0.009489992633461952,6.7970304783303205e-28,4.688568115234375,0.9001809358596802,0.9490135312080383,-0.04883265122771263,0.04883265122771263,,,,,10.163882871468862,7.767570553426048,0.10431733192405657,-6.146788573265075,1.764547752328722,0.015638948627255688,-47.43858820597331,1.7278751051457608,-0.08344959263276396,-0.0009521815925836563,0.3371679072404052,-0.002129975570421733,-47.437635803222655,1.7334343584175838,-0.08131959976688427,0.009725952583054701,0.0003007247407770681,-2.810662204153176e-05,0.009725952583054701,0.0003007247407770681,-2.810662204153176e-05,8.548648772595778e-28,1.1173882981988931e-28,-1.2891236890618905e-29,6.248328502972921,1.7769403665060908,-0.01526134918475982,0.9188289662202199,0.07446680647871602,-0.0015863878310588804,0.9798214038213094,0.07264965260242938,-0.00046675008979605686,-0.06099243629723787,0.02715997401706945,-0.0011196398591670354,0.06099243629723787,0.02715997401706945,0.0011196398591670354
35.12151460515128,1.0,1500.0,0.0,54.0,2063.0,0.3911410682432141,806.0,1257.0,10.027117265366835,2.2334142953099367,12688.42884769766,210.4,0.04498802600068423,33.88985507246377,7.950724637681155,11.351898092013709,138.0,33.32380952380952,8.059523809523805,11.488090037024135,84.0,33.88985507246377,7.950724637681155,11.351898092013709,138.0,0.4181686337642318,-0.021042813202997106,-0.006746717120606996,-0.002172328876389083,-0.012510445266801758,-0.20064462217977067,-0.036079479706916884,13.562804396038734,54.0,219000.0,145.0,1935.2925910949707,113.16118348600293,3.8031558990478516,-8.575783729553223,-52.60395812988281,0.14133524894714355,-52.74529266357422,0.010653871111571789,0.010653871111571789,4.321691943155196e-28,8.797684669494629,0.8740036487579346,1.011118769645691,-0.13711509108543396,0.13711509108543396,,,,,10.217659282684327,11.442315053208842,-0.2292659526141787,-6.549882475535075,1.566191732857046,-0.01597133653447665,-48.14139912923177,2.1989781174096104,-0.03648432475971403,0.22562847311298054,0.4559871132313056,0.008633758014977582,-48.367027537027994,2.114705785660356,-0.0451180955591927,0.009877549080799023,0.00043411011883203994,4.800068146162739e-05,0.009877549080799023,0.00043411011883203994,4.800068146162739e-05,5.42836447939281e-28,7.068166138827841e-29,-8.152277880690268e-30,6.673663934071858,1.5540957661434684,0.015259926894615264,0.9586271782716115,0.107117531270174,0.0013669017557307254,1.028928945461909,0.09877945050283243,0.0018988910983746335,-0.07030175905674696,0.033398165880564344,-0.0005319901511023367,0.07030175905674696,0.033398165880564344,0.0005319901511023367
43.6586934664975,1.0,1500.0,0.0,92.0,1817.0,0.7539071657704034,1369.0,448.0,10.108695759673312,1.845319915980656,10216.379038944659,125.2,0.030535095848982976,33.60819672131148,6.25573770491803,11.477447410884162,122.0,31.046666666666667,6.606666666666665,12.276414002290418,30.0,33.60819672131148,6.25573770491803,11.477447410884162,122.0,0.42094923182353,-0.019436924747695237,-0.005898343885018377,-0.0018169242496231504,-0.0054697962923803385,-0.15930076830901288,-0.033509826542002685,13.508750825366581,92.0,220500.0,146.0,1948.9822745323181,113.13596992713114,18.65775489807129,-4.022161483764648,-48.8074951171875,-0.4674072861671448,-48.340087890625,0.00955150742083788,0.00955150742083788,2.7708722444001026e-28,4.168757438659668,0.8176814317703247,0.8795074224472046,-0.06182602792978287,0.06182602792978287,,,,,10.169505266348521,9.532051126143099,0.0971470435814014,-6.1584030548731485,1.6862820929866227,0.00748590669854744,-47.57987874348958,1.133864841944361,-0.004355642554225463,-0.11945511288940906,0.29960414464208246,0.005351172955302697,-47.46042366027832,1.090714404519775,-0.009706871872881072,0.009950015507638455,0.00042214569563984013,-4.563010375412241e-05,0.009950015507638455,0.00042214569563984013,-4.563010375412241e-05,3.465239499373277e-28,4.428758346622922e-29,-5.109305140874425e-30,6.288317052523295,1.6949045735424912,-0.009399760896557668,0.9035014589627584,0.06765960134090455,0.0012027290957390107,0.9540127019087473,0.06505027216185585,0.0011805526804472921,-0.05051124754051368,0.017204182870958304,2.2178027236024332e-05,0.05051124754051368,0.017204182870958304,-2.2178027236024332e-05
42.92265539560745,1.0,1500.0,0.0,67.0,1828.0,0.5449704275228305,996.0,832.0,10.286921276428904,1.9110974583068407,10670.911984636352,166.20000000000002,0.04093394414068272,33.00975609756099,7.147967479674799,11.694830436247305,123.0,32.63214285714286,8.060714285714285,11.821928335629252,56.0,33.00975609756099,7.147967479674799,11.694830436247305,123.0,0.438876401878672,-0.019598061951686313,-0.006327407958446042,-0.0018456732242806998,-0.010603015075376712,-0.1719798994974811,-0.03674164685395212,14.441790631188125,67.0,222000.0,147.0,1961.8688583374023,113.15741062740312,6.6577863693237305,-4.82668399810791,-46.30654525756836,0.5555907487869263,-46.86213684082031,0.009094342589378357,0.009094342589378357,1.7667310103661071e-28,4.846459865570068,1.0648705959320068,1.098203420639038,-0.033332839608192444,0.033332839608192444,,,,,5.887430123488108,4.985677128364695,0.013220452970604346,-6.234574921925863,1.430886572279376,0.0259420254869642,-48.20885645548503,1.3834137216241698,-0.010881159594643777,-0.06991737832625707,0.3757987769646933,0.015523763596017063,-48.13893877665202,1.3777906605569723,-0.026404977189551867,0.008970328575621049,0.0002760427680479642,-1.736062954908234e-05,0.008970328575621049,0.0002760427680479642,-1.736062954908234e-05,2.215640074794625e-28,2.8669339243961966e-29,-3.307190967126949e-30,6.348303556442261,1.466272962066988,-0.027067905061104514,0.9091513872146606,0.08063264503426731,0.00307697390555274,0.9650393803914388,0.07986143970580173,0.003313305168448869,-0.05588798529158036,0.021417653332759207,-0.00023633136193333153,0.05588798529158036,0.021417653332759207,0.00023633136193333153
48.63087252775828,1.0,1500.0,0.0,36.0,1892.0,0.2849979426572711,539.0,1353.0,10.441641075879172,1.943357862210914,11373.226538767944,223.20000000000002,0.05400174199167715,32.54488188976378,7.244094488188972,11.781103745019267,127.0,32.85494505494505,7.97142857142857,11.675050906011782,91.0,32.54488188976378,7.244094488188972,11.781103745019267,127.0,0.4661307705647762,-0.019047677429037468,-0.006521713467922456,-0.002793086618052214,-0.008011049723756967,-0.1535911602209925,-0.035985324915497066,14.818759226376544,36.0,223500.0,148.0,1973.6784839630127,113.24032856214106,11.544428825378418,-7.1961517333984375,-46.86919403076172,0.2565452456474304,-47.12574005126953,0.00928743090480566,0.00928743090480566,1.1281119001067436e-28,7.404633045196533,1.002509355545044,1.0348267555236816,-0.03231728449463844,0.03231728449463844,,,,,7.8940821846326195,5.9922943283938555,0.07695364663014828,-6.031673844655355,1.4181536920194402,0.006445726430721335,-48.68029568990072,1.3792358903803354,0.03742247126391613,-0.05025294671456019,0.3726588296434321,0.006265755702178926,-48.63004264831543,1.276606684604051,0.0311567321370004,0.008950462409605583,0.0001289524449892318,-2.7180515702098877e-06,0.008950462409605583,0.0001289524449892318,-2.7180515702098877e-06,1.4124769249171015e-28,1.8224076063374938e-29,-2.1018719194504066e-30,6.14983983039856,1.4110990692130847,-0.006956404175721376,0.9111037333806355,0.0844853594529039,0.002011421710683687,0.9693594932556152,0.07904869268887671,0.001348034531972021,-0.058255736033121744,0.0202862754141823,0.0006633878566399313,0.058255736033121744,0.0202862754141823,-0.0006633878566399313
43.87565705385701,1.0,1500.0,0.0,116.0,1957.0,0.8877083159329295,1737.0,220.0,9.23941208592568,1.6869654042443074,9493.315966253758,103.60000000000001,0.021510734604044682,36.764885496183226,6.0595419847328245,10.341391659762664,131.0,33.32000000000001,7.186666666666666,11.33266220282768,15.0,36.764885496183226,6.0595419847328245,10.341391659762664,131.0,0.3844511375910004,-0.015024682713766141,-0.005358552266300858,-0.001463881742248681,-0.006648785268478721,-0.14153814411719584,-0.023091096820245707,11.89947517551186,116.0,225000.0,149.0,1988.505758523941,113.15028836879834,39.23570251464844,-6.533053398132324,-48.892578125,-0.19836431741714478,-48.6942138671875,0.00822033267468214,0.00822033267468214,7.20982948778542e-29,6.594012260437012,0.8872205018997192,0.9386833906173706,-0.05146291106939316,0.05146291106939316,,,,,9.940707278251647,10.370628595931699,0.3759022371654914,-5.737986691792806,1.1046897886832043,-0.0032336289148042876,-48.26532554626465,0.9199924663870136,-0.02196131060200259,0.0009724045793215434,0.3072040201668429,-0.011821610219486576,-48.26629803975423,0.7813306508112953,-0.010139717382104872,0.00887011776988705,0.0004247840265330257,-4.7510930101850536e-05,0.00887011776988705,0.0004247840265330257,-4.7510930101850536e-05,9.028215042657356e-29,1.1632463248756034e-29,-1.3417103870304661e-30,5.86823878288269,1.1156542385244297,0.0028330558929612615,0.9330042938391367,0.06915010543243752,-0.002489001798682842,0.9803618470827739,0.06511586911557748,-0.0025049628617368563,-0.047357555478811264,0.012013978880672698,1.596197800853883e-05,0.047357555478811264,0.012013978880672698,-1.596197800853883e-05
40.10065052556057,1.0,1500.0,0.0,51.0,2018.0,0.37412735283806836,754.0,1264.0,10.067342338819719,2.0799494902589744,12272.164116522044,224.8,0.04898670734364785,33.74264705882352,8.022058823529411,11.363938303707284,136.0,33.76941176470589,8.559999999999997,11.347311293898372,85.0,33.74264705882352,8.022058823529411,11.363938303707284,136.0,0.43429450623686433,-0.01899004499670998,-0.005063042225017852,-0.002536473691139048,-0.008183006535947793,-0.19001307189541852,-0.034187762389836,13.802484746673633,51.0,226500.0,150.0,2001.1259541511536,113.1862787198109,4.953611373901367,-3.8872156143188477,-50.49884033203125,0.23168297111988068,-50.73052215576172,0.009655705653131008,0.009655705653131008,4.599870917095369e-29,3.912583351135254,0.9524315595626831,1.029927134513855,-0.0774955302476883,0.0774955302476883,,,,,9.54542326927185,9.457628713257636,-0.165982553505394,-6.13877436319987,1.4282379229405995,0.01854958094001752,-48.296238072713216,1.1280977514155088,-0.061652326742983585,0.1673264314730962,0.4250711137071034,-0.007477437385727761,-48.46356442769368,0.8826280580740952,-0.05417484796882536,0.008979780444254478,0.0004999276426104184,5.2701135075861326e-05,0.008979780444254478,0.0004999276426104184,5.2701135075861326e-05,5.771846042210579e-29,7.463586962380243e-30,-8.610729180945558e-31,6.2678595066070555,1.4320044814429629,-0.021716073198499032,0.9699126899242401,0.09647339435714876,-0.0021761071164828265,1.0151499509811401,0.09038160951846605,-0.0015150951994407095,-0.04523724702497323,0.012839763907651892,-0.0006610117239403107,0.04523724702497323,0.012839763907651892,0.0006610117239403107
38.6459305160924,1.0,1500.0,0.0,38.0,2006.0,0.2845260992475534,570.0,1436.0,10.179296030218064,2.4378299605831235,12232.322396158643,225.0,0.05029281595064598,33.386567164179105,7.400000000000001,11.42528273551417,134.0,33.170833333333334,7.477083333333337,11.470883851312307,96.0,33.386567164179105,7.400000000000001,11.42528273551417,134.0,0.43242508399721913,-0.01872228885815745,-0.005433348954561116,-0.002867212600867935,-0.015329487851774041,-0.1914350638000301,-0.03434443773033334,13.91115027488356,38.0,228000.0,151.0,2013.2638990879059,113.24893875228861,2.474808692932129,-6.8730058670043945,-49.44780349731445,-0.44121938943862915,-49.00658416748047,0.009546508081257343,0.009546508081257343,2.929572061639081e-29,7.0178327560424805,0.8392247557640076,0.8851413726806641,-0.04591663181781769,0.04591663181781769,,,,,10.249046154816945,11.526460319214934,0.14388674636836574,-6.386478153864543,1.2152420040580982,0.0738058942045866,-49.12235870361328,1.0937797255595805,-0.033873578199952466,-0.08669138451417287,0.40563881714918937,-0.010819306724328749,-49.035666910807294,0.976277056911638,-0.023054256587722432,0.009678430203348399,0.00012963083539143945,-8.551829657180979e-06,0.009678430203348399,0.00012963083539143945,-8.551829657180979e-06,3.6745040295231594e-29,4.773141466988284e-30,-5.506089775054129e-31,6.504027239481608,1.2233926060516584,-0.07595578088643708,0.9125446399052938,0.08985922725077553,-0.0025164821919663057,0.9613868713378906,0.08751627769166646,-0.002336314761466283,-0.04884222975621621,0.014688509897965277,-0.00018016778976885363,0.04884222975621621,0.014688509897965277,0.00018016778976885363
40.54000897930093,1.0,1500.0,0.0,73.0,2010.0,0.5396436243686454,1084.0,926.0,10.118474461196966,1.9975887361954012,11784.507180243936,177.20000000000002,0.03905492374151459,33.6088888888889,7.364444444444445,11.435071104506262,135.0,32.75161290322581,7.790322580645161,11.664382823638839,62.0,33.6088888888889,7.364444444444445,11.435071104506262,135.0,0.42514132622527495,-0.01848454550512057,-0.004807128876558654,-0.0017789980228480498,-0.0063787851639491334,-0.183192976169138,-0.03360490232013116,13.492190186691975,73.0,229500.0,152.0,2026.5930275917053,113.24424631655104,56.607181549072266,-5.113242149353027,-48.58432388305664,0.7967872619628906,-49.38111114501953,0.00917550828307867,0.00917550828307867,1.870008010576245e-29,5.246429920196533,1.1033239364624023,1.1498403549194336,-0.04651652276515961,0.04651652276515961,,,,,8.501701545715331,10.50419960733558,0.5277415338161923,-6.183209681510926,1.2833914881783424,-0.0016322690202076999,-49.14192008972168,0.6734432100962597,-0.012300003781598678,0.029855675560732684,0.33069446870148195,0.01390807356341464,-49.17177594502767,0.6867664803381377,-0.026208070918369724,0.00905322382847468,0.0001961843789882461,-1.057042212984871e-05,0.00905322382847468,0.0001961843789882461,-1.057042212984871e-05,2.342814267536113e-29,3.0290919525487704e-30,-3.4938808771625935e-31,6.328599135080974,1.2623091222451812,0.003730608438357903,0.9405045052369435,0.06852002369465071,0.0027388955249934743,0.986299471060435,0.07021462092769899,0.0029671864727049756,-0.045794962408641976,0.010024950614914242,-0.00022829256752905687,0.045794962408641976,0.010024950614914242,0.00022829256752905687
40.38061273388746,1.0,1500.0,0.0,82.0,1891.0,0.6435229178309391,1216.0,675.0,10.10774032264912,1.8495810877003078,11197.506792337017,177.0,0.041136004462210655,33.61562499999997,7.3999999999999995,11.488219370819358,128.0,32.71304347826088,7.8217391304347865,11.751087373458006,46.0,33.61562499999997,7.3999999999999995,11.488219370819358,128.0,0.4275618029555107,-0.019143871033580055,-0.0039477670941170445,-0.0022393653680257853,-0.004585537918871296,-0.18823152156485376,-0.03498117651567395,13.845590951518005,82.0,231000.0,153.0,2039.980794429779,113.23636018081717,6.4732465744018555,-5.88887882232666,-48.449798583984375,-0.47551149129867554,-47.97428894042969,0.00928595568984747,0.00928595568984747,1.1929648675986718e-29,6.057825565338135,0.8580209016799927,0.8783746957778931,-0.020353801548480988,0.020353801548480988,,,,,8.409088583787282,6.2114815100156795,-0.0022523471855616923,-5.923471768697103,1.945659661415669,0.06258166878586766,-49.1607354482015,0.9971086562329642,-0.039586247326400405,0.06639249095072348,0.404742155773,-0.021155609016838165,-49.227128219604495,0.9862115968445239,-0.01843059993824353,0.009578626758108536,0.0002138178301811394,-9.007547444377274e-06,0.009578626758108536,0.0002138178301811394,-9.007547444377274e-06,1.49573920072754e-29,1.9320691163312357e-30,-2.229002345535446e-31,6.066034944852193,1.9266160758200916,-0.0637949233325625,0.952733596165975,0.0850683104798874,-0.004657267648996063,0.9943228960037231,0.08714351714189125,-0.0045474147902712725,-0.04158930586030086,0.014684547240510699,-0.00010985199225293521,0.04158930586030086,0.014684547240510699,0.00010985199225293521
49.69843700953892,1.0,1500.0,0.0,98.0,1834.0,0.7975283223149867,1462.0,372.0,10.020787618926784,1.995486172735125,10112.554566022545,106.80000000000001,0.02561273922010648,33.900813008130086,5.391869918699188,11.282681334028526,123.0,32.552,7.2639999999999985,11.787967373373043,25.0,33.900813008130086,5.391869918699188,11.282681334028526,123.0,0.42522177560444874,-0.01735541257574636,-0.0048797483687550505,-0.001698503126448418,-0.005283548193173454,-0.12867543918241434,-0.030896371954515688,13.579715217076364,98.0,232500.0,154.0,2053.9569878578186,113.1961386603751,9.984464645385742,-8.869800567626953,-50.60624313354492,-0.3812733590602875,-50.22496795654297,0.008675307966768742,0.008675307966768742,7.600380094337647e-30,8.78437328338623,0.8506051301956177,0.8996831178665161,-0.04907800257205963,0.04907800257205963,,,,,7.457426979144414,5.324885211638187,0.022567109921087288,-6.7991131464640295,1.2996160537069479,0.04054263542438405,-50.60712776184082,1.2526057405437814,-0.04649187455055265,-0.13468739353120326,0.3564382427609971,-0.013682576066693155,-50.47244021097819,1.1539030575176765,-0.03280926068977471,0.008962008512268464,0.0002273631006554211,-1.085947917254298e-05,0.008962008512268464,0.0002273631006554211,-1.085947917254298e-05,9.529235270522837e-30,1.23287107771635e-30,-1.4220482379612718e-31,6.931747325261434,1.2741044491075086,-0.04314473622102517,0.8962577978769938,0.07926978932668383,-0.0032033156234775326,0.9514743467171987,0.07559840683534476,-0.0028828469876850645,-0.05521654846767585,0.016964211431119435,-0.0003204698416428243,0.05521654846767585,0.016964211431119435,0.0003204698416428243
44.31415843963623,1.0,1500.0,0.0,8.0,2093.0,0.054015158363240445,113.0,1980.0,9.85287419229384,2.5551569033950607,13499.789712435706,269.2,0.05534084368061837,34.49929078014184,8.385815602836876,11.113611386144703,141.0,34.633082706766906,8.512781954887217,11.058519806397923,133.0,34.49929078014184,8.385815602836876,11.113611386144703,141.0,0.4638232179609327,-0.018202266070985056,-0.0045570018618835235,-0.0013892123742247787,-0.009725906277630396,-0.177541998231654,-0.03525874387939927,13.614847369649762,8.0,234000.0,155.0,2065.224884748459,113.3048520420578,2.429506778717041,-6.010943412780762,-51.71215057373047,-0.17930616438388824,-51.53284454345703,0.008821556344628334,0.008821556344628334,4.841131484144012e-30,6.205287933349609,0.8786466717720032,0.9420950412750244,-0.06344839930534363,0.06344839930534363,,,,,6.28062340815862,4.577358347588551,-0.17875905787454183,-6.227766982714335,1.4979219848922685,-0.00587452266850094,-50.543229293823245,0.9819778187949476,-0.033881575061427444,0.10204505659639836,0.3774850248497175,-0.013553410860501634,-50.64527448018392,0.9099554687448728,-0.020328151715609515,0.008778114523738622,0.00015306502178962525,-6.719071364177523e-06,0.008778114523738622,0.00015306502178962525,-6.719071364177523e-06,6.066935814552491e-30,7.869531384305515e-31,-9.075095439984996e-32,6.384260598818461,1.500446009803728,0.007903194056204137,0.94883092045784,0.08028842355258299,-0.002997838363498974,1.0015509287516275,0.07975660748272023,-0.002863523612696038,-0.052720008169611296,0.013322587480566623,-0.00013431345047356527,0.052720008169611296,0.013322587480566623,0.00013431345047356527
50.509930975437165,1.0,1500.0,0.0,100.0,1811.0,0.8257837302420714,1495.0,316.0,10.102598148131904,2.216854873016308,10018.691999351755,78.4,0.01911169616303447,33.624590163934414,5.281967213114753,11.38890441058531,122.0,32.5090909090909,7.672727272727272,11.675013603199089,22.0,33.624590163934414,5.281967213114753,11.38890441058531,122.0,0.42999787010678525,-0.017878707570586135,-0.0060837872553602184,-0.0013245520801993971,-0.004989426381178957,-0.12572032778217856,-0.031236491387545418,13.774794836740936,100.0,235500.0,156.0,2079.099891424179,113.27017089048232,2.8827033042907715,-3.8052053451538086,-51.88936233520508,0.2622305452823639,-52.15159225463867,0.008529126644134521,0.008529126644134521,3.095435292551406e-30,3.8062033653259277,0.96750807762146,1.035037875175476,-0.06752979010343552,0.06752979010343552,,,,,10.942841482162475,7.914676203421804,-0.1620683668983131,-6.291848468780517,1.420776936450554,-0.013121187063690276,-50.43396174112956,0.9358990881598415,0.022099173506588337,-0.04815705219904582,0.3094926299267359,0.003528335995483189,-50.38580474853516,0.8983945521681459,0.018570856045563768,0.008613190706819296,9.757298681759818e-05,-5.402034966977635e-06,0.008613190706819296,9.757298681759818e-05,-5.402034966977635e-06,3.8732622304020025e-30,4.9788786615564e-31,-5.742760061757458e-32,6.4096134583155315,1.4594398217581603,0.0155134252499419,0.925908213853836,0.06600213567553857,0.0011875051677690985,0.9698212246100107,0.0650880973352911,0.000748919525719307,-0.043913012742996214,0.013588963496950343,0.0004385865918123428,0.043913012742996214,0.013588963496950343,-0.0004385865918123428
41.312018460834146,1.0,1500.0,0.0,97.0,1926.0,0.7509359440426363,1446.0,480.0,10.004891413223252,2.120751889740972,11061.691664288162,136.0,0.031054482349180252,33.94883720930233,6.90077519379845,11.344826292236801,129.0,32.518750000000004,7.69375,11.759724498003381,32.0,33.94883720930233,6.90077519379845,11.344826292236801,129.0,0.42225816401112576,-0.019236980044812477,-0.005692608907952752,-0.0022519128097476374,-0.00855016094420581,-0.17274678111588235,-0.033512667015518596,13.599211576969266,97.0,237000.0,157.0,2093.03675866127,113.23260282900519,10.803123474121094,-8.28812026977539,-51.77796936035156,0.014150887727737427,-51.79212188720703,0.009406869299709797,0.009406869299709797,1.975219080794051e-30,8.478610038757324,0.9257997274398804,0.9830325245857239,-0.05723276734352112,0.05723276734352112,,,,,6.494134473800659,5.271572157109289,0.20038458099619816,-6.92973514397939,1.6736654714336523,-0.012027851068668334,-50.783312733968096,0.8081764665789402,-0.03555961498561695,0.06845021694898605,0.38913429086327017,-0.015036783282032815,-50.851763025919595,0.7307957252821369,-0.020522822633600384,0.009384536556899548,0.00023566775755933962,1.8499821457634615e-05,0.009384536556899548,0.00023566775755933962,1.8499821457634615e-05,2.4743411981211824e-30,3.1976625064672712e-31,-3.688250795201863e-32,7.076182715098063,1.6864841203316772,0.013318062252939859,0.9486132860183716,0.08272043999816331,-0.003328090117160708,0.9944606939951579,0.08313956440744279,-0.0031907856530687304,-0.045847408411403494,0.010468979633525456,-0.00013730409736429023,0.045847408411403494,0.010468979633525456,0.00013730409736429023
42.538950726955754,1.0,1500.0,0.0,79.0,2064.0,0.5687619739426768,1173.0,891.0,10.16177433707946,2.2767745267518387,12101.78802337726,196.8,0.04236266574823489,33.42158273381295,6.98273381294964,11.50068996348138,139.0,32.78,7.689999999999998,11.69992267171019,60.0,33.42158273381295,6.98273381294964,11.50068996348138,139.0,0.4315449685345942,-0.017856434967794387,-0.005017863140564501,-0.0025768372204029036,-0.01145710928319595,-0.17095853617592063,-0.03279717111657952,13.752159859085186,79.0,238500.0,158.0,2106.526603460312,113.2195527975887,17.893415451049805,-5.725648880004883,-50.7714729309082,0.10811395943164825,-50.87958526611328,0.009418933652341366,0.009418933652341366,1.2584218097304253e-30,5.635003089904785,0.9641541838645935,1.003174066543579,-0.03901978209614754,0.03901978209614754,,,,,7.881275280316671,5.806495242832069,0.05937647978641553,-6.624777404467265,2.1299939103866543,0.04429540151483646,-51.260368474324544,1.0241436369391208,-0.03974908864803089,0.0036217133204142255,0.4231533613383931,0.00891531416783742,-51.263990020751955,1.0460823349346247,-0.04866437561917666,0.009069431107491255,0.00022867675712340724,-9.418745319026723e-06,0.009069431107491255,0.00022867675712340724,-9.418745319026723e-06,1.5786284237823645e-30,2.0517136593314206e-31,-2.3667963814661948e-32,6.76018180847168,2.1253242366894067,-0.045399008550421234,0.9337761004765829,0.08740163850921918,0.0013440804168565253,0.9807381153106689,0.08981340874767955,0.001889288146981131,-0.04696199509004752,0.01472587165919529,-0.0005452061098926714,0.04696199509004752,0.01472587165919529,0.0005452061098926714
43.11794154073151,1.0,1500.0,0.0,71.0,1818.0,0.5809393260758289,1056.0,762.0,10.187400312105098,1.7803742790582677,10562.388827720235,173.20000000000002,0.04255110062893082,33.36393442622953,7.3114754098360635,11.539826057059061,122.0,33.25882352941176,8.415686274509804,11.573333971577057,51.0,33.36393442622953,7.3114754098360635,11.539826057059061,122.0,0.438216973441032,-0.018125258378055,-0.00451301013570748,-0.0021308298065526848,-0.007592539998106572,-0.17525324245005483,-0.03611220249138779,14.18277710124484,71.0,240000.0,159.0,2119.40788602829,113.23917476298212,1.1717692613601685,-6.808986186981201,-53.96841812133789,-0.7279154658317566,-53.240501403808594,0.009827173314988613,0.009827173314988613,8.00689199576726e-31,6.9891533851623535,0.7542638778686523,0.8225302696228027,-0.06826633214950562,0.06826633214950562,,,,,7.142763451735179,7.58283619873587,-0.11674908029622069,-6.351417009035746,1.5915436623128196,-0.019509041746943387,-52.179749425252275,1.1191616657271137,-0.0397008817373569,-0.039751385276516275,0.33674161956391424,-0.0038888363082695324,-52.13999811808268,1.057657451445279,-0.035812028284464094,0.009422382339835167,0.00022433002750464216,1.965513384514568e-05,0.009422382339835167,0.00022433002750464216,1.965513384514568e-05,1.0049218732496083e-30,1.3054364494671577e-31,-1.5058267198414598e-32,6.502931157747905,1.5734299067189794,0.02128762748005377,0.9166614850362141,0.07411895847287225,-0.0011987219132624045,0.9714240690072378,0.07227437460869571,-0.0008459488595022812,-0.05476257546494404,0.014956553464521039,-0.0003527710850332926,0.05476257546494404,0.014956553464521039,0.0003527710850332926
40.80277091143083,1.0,1500.0,0.0,98.0,2097.0,0.7009470707601658,1469.0,628.0,9.573381989214433,2.5870539022948824,12370.076120655476,148.4,0.02986516401690481,35.49285714285713,6.945714285714288,10.711962046824508,140.0,33.6952380952381,7.923809523809526,11.227903070625834,42.0,35.49285714285713,6.945714285714288,10.711962046824508,140.0,0.396508016659218,-0.015972627119135916,-0.004672929874593079,-0.0015272528387556142,-0.009442841008909257,-0.1605220228385013,-0.0275512257389938,12.04620851109809,98.0,241500.0,160.0,2133.783767938614,113.17922819954062,3.0270676612854004,-5.374092102050781,-52.993099212646484,0.240400493144989,-53.23350143432617,0.009334122762084007,0.009334122762084007,5.1141292325744605e-31,5.615731239318848,0.9682038426399231,1.0314319133758545,-0.06322802603244781,0.06322802603244781,,,,,9.996974138418834,9.640010030925305,0.10864836050485491,-6.412991960843404,1.557527319279983,0.05283746353378569,-52.12376518249512,0.9494889816968745,-0.01107480449061033,-0.07226713970303536,0.37062235468260774,-6.481364153913273e-05,-52.05149803161621,0.8449430150993509,-0.011009989431886648,0.009724066903193792,0.0002112356550155983,-5.896890057340103e-06,0.009724066903193792,0.0002112356550155983,-5.896890057340103e-06,6.404604124471206e-31,8.255644216065409e-32,-9.522023509425345e-33,6.55411647160848,1.5586381641510234,-0.052687160801702125,0.9157620251178742,0.0819467199210222,-1.5136781868619746e-05,0.9643690367539723,0.08007837409703995,-1.771477889167281e-05,-0.04860701331247886,0.012078712000169722,2.578557681322846e-06,0.04860701331247886,0.012078712000169722,-2.578557681322846e-06
43.93678029845743,1.0,1500.0,0.0,34.0,1960.0,0.2600274518139068,509.0,1451.0,10.090586256174452,2.2744673338466606,12001.865688079597,205.4,0.04656118239107766,33.674809160305344,7.3175572519083945,11.440907475939593,131.0,33.63917525773196,7.791752577319584,11.437098795755336,97.0,33.674809160305344,7.3175572519083945,11.440907475939593,131.0,0.4321653174329894,-0.018533952515717152,-0.00842534626556844,-0.0016344280183779691,-0.008792497069167717,-0.1584994138335264,-0.0347119768627424,13.594911718840445,34.0,243000.0,161.0,2145.8377890586853,113.24248330373416,27.854103088378906,-5.493478775024414,-51.31291580200195,0.15480071306228638,-51.467716217041016,0.008367168717086315,0.008367168717086315,3.2672228363167336e-31,5.470719814300537,0.9791581034660339,1.012359380722046,-0.0332011878490448,0.0332011878490448,,,,,10.159181326627731,9.894320324818334,0.12866212262194998,-6.694260875384013,1.58796191102439,-0.05948044991201484,-52.11905403137207,0.809641823270769,0.032490570950960564,-0.12426058625181516,0.4149910670117129,-0.003870889546144524,-51.99479370117187,0.7128597959309291,0.036361470291427014,0.00894353340069453,0.000490952116945179,-4.964675112017303e-05,0.00894353340069453,0.000490952116945179,-4.964675112017303e-05,4.08889403798172e-31,5.263716264293073e-32,-6.070626313190681e-33,6.812244017918904,1.5562571087703627,0.05681229252969058,0.9108115514119466,0.0883961681107625,-0.00011371542534921824,0.953818925221761,0.08824155435813498,-0.0007920481869588467,-0.04300737002243598,0.010870893807071924,0.0006783321603419934,0.04300737002243598,0.010870893807071924,-0.0006783321603419934
40.269027256965636,1.0,1500.0,0.0,10.0,1934.0,0.07456042155134326,144.0,1790.0,10.296050883779628,2.5054421929915756,12581.790503703822,283.6,0.06614114464294044,32.983076923076915,8.132307692307691,11.699930698720339,130.0,32.92999999999999,8.19,11.723292644271131,120.0,32.983076923076915,8.132307692307691,11.699930698720339,130.0,0.4369327814664615,-0.017616003888463048,-0.006536502759681975,-0.0007677417485329899,-0.009194630872483199,-0.19973154362416246,-0.034241518309373935,15.111147052797975,10.0,244500.0,162.0,2157.1362442970276,113.3447183256977,7.009860992431641,-7.472387790679932,-55.15878677368164,0.4691833257675171,-55.62797164916992,0.0087771937251091,0.0087771937251091,2.080293746647387e-31,7.625854969024658,0.9916650056838989,1.079068899154663,-0.08740390092134476,0.08740390092134476,,,,,10.461691649754842,7.854252776247948,0.09978818723701904,-6.741034380594889,1.3507166998537172,-0.06130955190096318,-53.17929331461588,1.0683390991949868,-0.01653660656480142,-0.050441109637419386,0.3867587504943936,-0.006444768410370809,-53.128852208455406,1.0051194431390422,-0.010091819381288671,0.008646900951862335,8.875723884591428e-05,-4.038946895763937e-06,0.008646900951862335,8.875723884591428e-05,-4.038946895763937e-06,2.60929115634417e-31,3.394972735741548e-32,-3.915381678768013e-33,6.88740484714508,1.3374284151699714,0.05821830841802785,0.9149873356024424,0.08203319007327066,-0.0013266790297723763,0.9693456133206685,0.08133012936145202,-0.0013456694939245589,-0.054358284237484136,0.014211309179272099,1.899130327484251e-05,0.054358284237484136,0.014211309179272099,-1.899130327484251e-05
35.21756160502531,1.0,1500.0,0.0,49.0,1968.0,0.3699598136138968,728.0,1240.0,9.852131425073777,2.1217985596429756,12178.601100670334,241.8,0.05309617918313571,34.499999999999986,8.47878787878788,11.182774821872261,132.0,34.216867469879496,8.783132530120483,11.253180698937747,83.0,34.499999999999986,8.47878787878788,11.182774821872261,132.0,0.414520056153487,-0.017946121448014607,-0.005766290546455414,-0.002873488356374303,-0.009660574412532647,-0.20355091383811302,-0.03370608564519077,13.172928365451932,49.0,246000.0,163.0,2169.7917861938477,113.37493374492041,36.10124588012695,-7.819301605224609,-52.721649169921875,0.3029583990573883,-53.02460861206055,0.0086726238951087,0.0086726238951087,1.3276931275870943e-31,7.972874641418457,0.9979979395866394,1.0438108444213867,-0.04581287503242493,0.04581287503242493,,,,,6.956648468971252,8.697643773772075,0.1130356579123932,-7.040243148803711,1.4176681451710442,0.01153527271495646,-52.80671768188476,0.9423205412583491,-0.020882148445645773,-0.02532901888092359,0.3238252572323486,0.0014209029423248958,-52.78138860066732,0.8606837356490601,-0.02230305231452769,0.008793386102964481,7.699040349953151e-05,9.517812142115956e-07,0.008793386102964481,7.699040349953151e-05,9.517812142115956e-07,1.6642187167211508e-31,2.1497522220218453e-32,-2.480048376046176e-33,7.188941526412964,1.4079317192377057,-0.01210138630681368,0.9300219416618347,0.07039552123949928,0.00014215579154889233,0.9746899962425232,0.06841275605165124,0.00029918442048271763,-0.044668046136697136,0.011905420293911598,-0.0001570280794638539,0.044668046136697136,0.011905420293911598,0.0001570280794638539
38.772384055455525,1.0,1500.0,0.0,75.0,1975.0,0.569653322802561,1125.0,850.0,9.968025728594878,2.2938364375980695,12022.755109186337,185.0,0.041114765756956176,34.0878787878788,7.674242424242424,11.288013934022064,132.0,33.350877192982466,8.14736842105263,11.457680418783776,57.0,34.0878787878788,7.674242424242424,11.288013934022064,132.0,0.4188355117988728,-0.018719115517744554,-0.005316852784620638,-0.0018537498354345649,-0.00560908465244327,-0.18878183069510934,-0.033704392562599515,13.222756537686305,75.0,247500.0,164.0,2183.214878797531,113.36492912521639,2.1685876846313477,-6.3128533363342285,-51.3798942565918,-0.045777082443237305,-51.3341178894043,0.009314145892858505,0.009314145892858505,8.486723617597774e-32,6.524361610412598,0.9526917934417725,0.9702107310295105,-0.017518945038318634,0.017518945038318634,,,,,7.248240657647451,8.333659049845044,-0.10694203437767004,-6.288089243570964,1.2008145946605653,0.017559271102752676,-52.779015096028644,0.7946364864415237,0.0025222320047450916,-0.02030377040306727,0.3124029859835718,-0.006648388790076517,-52.758711369832355,0.75972013639221,0.009170624729790085,0.009195844704906146,0.00020889950510153467,2.041788806970942e-05,0.009195844704906146,0.00020889950510153467,2.041788806970942e-05,1.062518270551481e-31,1.3671996834849624e-32,-1.577016617494706e-33,6.434658670425415,1.20164817819743,-0.016163750352530877,0.9359233975410461,0.06635113636039441,-0.0011276137709485292,0.9755965133508047,0.06667908795161678,-0.001410965062885088,-0.03967312624057134,0.010865855087947981,0.0002833520800902937,0.03967312624057134,0.010865855087947981,-0.0002833520800902937
33.69645844656846,1.0,1500.0,0.0,29.0,2078.0,0.20245905014404608,420.0,1658.0,10.05014111996243,2.4106026579852333,13163.535091422598,259.6,0.05485125084516565,33.805714285714295,7.9685714285714315,11.346308101883182,140.0,33.3027027027027,7.938738738738741,11.492309037796998,111.0,33.805714285714295,7.9685714285714315,11.346308101883182,140.0,0.40637399622969117,-0.017648980746747887,-0.006908750644093612,-0.0015033904328665235,-0.008669267446900802,-0.20303424360641115,-0.03247623498055395,12.037208537985729,29.0,249000.0,165.0,2195.351228952408,113.42148660140339,11.395025253295898,-5.152853965759277,-53.89253234863281,-0.24383223056793213,-53.64870071411133,0.009506836533546448,0.009506836533546448,5.409202412265046e-32,5.153480529785156,0.8824503421783447,0.9276299476623535,-0.0451795756816864,0.0451795756816864,,,,,11.750755866368612,9.039770453133793,0.1463837632082723,-6.7384557565053305,1.5003784439129688,0.05469956413922533,-53.36980628967285,1.00802676799728,0.001797350415664282,-0.025802409959336123,0.3030797352063172,0.0018903252292627496,-53.34400355021159,0.8672730527896942,-9.29784721728408e-05,0.009125679017355044,0.00024060177231492163,1.898026145638272e-05,0.009125679017355044,0.00024060177231492163,1.898026145638272e-05,6.780110591319726e-32,8.799879802330185e-33,-1.0148833803042873e-33,6.855572215716044,1.487181319884631,-0.05743220125607866,0.9312922914822896,0.06958139799176633,0.0005562496662670105,0.9744868854681651,0.06459571046241205,0.0004022992757854293,-0.043194595724344254,0.012164699138427867,0.0001539527292511494,0.043194595724344254,0.012164699138427867,-0.0001539527292511494
45.44819399367931,1.0,1500.0,0.0,86.0,2030.0,0.6345515766864419,1288.0,742.0,10.05207977687698,2.4373469465785043,12263.9423939408,161.8,0.03521065459610028,33.78823529411764,6.452941176470586,11.356491671396391,136.0,32.576,7.756,11.685024616969194,50.0,33.78823529411764,6.452941176470586,11.356491671396391,136.0,0.42049488771106125,-0.018907904136657064,-0.005671786742180678,-0.0015379011467452088,-0.006456230224498976,-0.14759680578574078,-0.03282266527662166,13.42056427667267,86.0,250500.0,166.0,2209.0008883476257,113.39968278029019,2.0101723670959473,-6.857306003570557,-55.19489669799805,-0.2731356620788574,-54.92176055908203,0.009179587475955486,0.009179587475955486,3.4388493608658856e-32,7.078648090362549,0.8636789917945862,0.9217718243598938,-0.05809283256530762,0.05809283256530762,,,,,10.512184699376425,10.1403444378654,-0.08768204523538481,-6.530688047409058,1.3519808013896577,-0.042892075964022745,-54.16735051472982,1.3187487357494252,-0.0639059794492781,-0.0465798944234848,0.3258654784335948,-2.4205983281836224e-06,-54.12077039082845,1.2613607900052872,-0.06390359727903908,0.009478988746802012,0.00023417033654743135,-2.0156790801760316e-05,0.009478988746802012,0.00023417033654743135,-2.0156790801760316e-05,4.3229281120575293e-32,5.631427531671813e-33,-6.496675491777812e-34,6.652917583783467,1.3534557911438456,0.04423379988240701,0.9205598553021749,0.07294246400014645,-0.0007226297401878216,0.9698634644349416,0.07008179635901167,5.680846425369838e-06,-0.04930360000580549,0.01691618497211919,-0.0007283103541451378,0.04930360000580549,0.01691618497211919,0.0007283103541451378
37.94341715899381,1.0,1500.0,0.0,11.0,1916.0,0.08493802256407378,162.0,1754.0,10.065170858095017,2.0562515985905327,12094.749726779555,240.60000000000002,0.05567124809107316,33.76406249999998,8.167187499999999,11.415820139005206,128.0,33.59829059829058,8.24957264957265,11.463183417006563,117.0,33.76406249999998,8.167187499999999,11.415820139005206,128.0,0.40944386928597204,-0.018084429441758202,-0.009142081991457293,-0.002623998060546438,-0.006843013225991935,-0.1844738355376667,-0.03299797669194364,13.39529281130032,11.0,252000.0,167.0,2220.357161283493,113.4952540042385,3.8622288703918457,-8.23253059387207,-54.94455337524414,-0.3651227355003357,-54.579429626464844,0.009353861212730408,0.009353861212730408,2.1920781753975194e-32,8.33716869354248,0.8531303405761719,0.9018442034721375,-0.04871392622590065,0.04871392622590065,,,,,10.233966505527496,9.81463905292607,0.07720524246355821,-6.598102180163066,1.5464012049698586,0.00031823279197296935,-54.845698547363284,1.1297486100117313,0.015579159135152105,0.017460146049658457,0.3675305416141408,0.016921298270496047,-54.863158289591475,1.0632966444377112,-0.0013421242176073181,0.00901443079734842,0.00025626937592221447,9.865491745270302e-06,0.00901443079734842,0.00025626937592221447,9.865491745270302e-06,2.7480804205680967e-32,3.558090318776142e-33,-4.104047818608963e-34,6.709818784395853,1.574905200905995,0.0008504217803410579,0.9287999331951141,0.07995297430552172,0.0037394227254907643,0.9836620151996612,0.07785685353207301,0.0036014990891444776,-0.054862092000742754,0.014679581602049543,0.00013792328039252766,0.054862092000742754,0.014679581602049543,-0.00013792328039252766
42.85069844535753,1.0,1500.0,0.0,102.0,2072.0,0.7360611560054066,1525.0,547.0,9.362317365298312,2.2027205914601624,11322.251325956273,157.60000000000002,0.031247521611547306,36.284892086330935,6.549640287769783,10.450215723637246,139.0,33.951351351351356,8.356756756756758,11.170572061692393,37.0,36.284892086330935,6.549640287769783,10.450215723637246,139.0,0.3843364921593716,-0.016338088920763286,-0.005465984296674433,-0.0014148197917323885,-0.007547501759324242,-0.14102744546094292,-0.025282836746318867,11.54526333753205,102.0,253500.0,168.0,2234.9544625282288,113.42512979581487,3.524458885192871,-6.569077968597412,-53.69535446166992,0.4486117362976074,-54.14396667480469,0.008981693536043167,0.008981693536043167,1.3957849309022612e-32,6.658967018127441,1.0370224714279175,1.075191855430603,-0.03816942125558853,0.03816942125558853,,,,,7.949783305327098,8.297535550778289,0.13684144160638792,-6.5335630655288695,1.7008858546883412,-0.010882605859249253,-55.41491673787435,1.5437324940393622,-0.04290267384224527,-0.09900913387537003,0.31980841081468436,-0.0023149787915561796,-55.31590779622396,1.3938491043135774,-0.040587699983487595,0.009339037568618853,0.00025668074928907953,-2.2747080246850798e-05,0.009339037568618853,0.00025668074928907953,-2.2747080246850798e-05,1.7511329646371223e-32,2.2775844109394567e-33,-2.6267058311223853e-34,6.672327264149984,1.6804978066555514,0.011243558805166386,0.9024239202340444,0.07737693561481959,-0.000888598760853105,0.958816401163737,0.06831555952851004,-0.0004891558669433127,-0.05639249458909035,0.01874555400809137,-0.0003994423734465469,0.05639249458909035,0.01874555400809137,0.0003994423734465469
46.30789685058594,1.0,1500.0,0.0,125.0,2039.0,0.9126106413924382,1860.0,179.0,8.958894248382729,1.7228055563527578,9864.85658793346,65.60000000000001,0.012631903258106755,37.90656934306569,5.217518248175183,9.967955956601273,137.0,36.6,11.066666666666665,10.460754183002974,12.0,37.90656934306569,5.217518248175183,9.967955956601273,137.0,0.3722117608389739,-0.014688243066899035,-0.005212319488460273,-0.0010098725197876949,-0.01652097089184471,-0.10824886078303643,-0.02150010061714904,11.032655873022955,125.0,255000.0,169.0,2250.4751932621,113.30940272679628,4.434786796569824,-8.144017219543457,-55.049835205078125,0.36715835332870483,-55.4169921875,0.009598292410373688,0.009598292410373688,8.903136173094434e-33,8.28055477142334,1.0080991983413696,1.0590211153030396,-0.05092192441225052,0.05092192441225052,,,,,4.937352772553762,3.261710539927681,-0.06116617176768789,-6.839391565322876,1.4666555196641866,-0.022734386690201145,-55.33093744913737,1.6746405850242507,-0.00913348171416609,0.09226957857608795,0.4097759941607661,0.010311334218013541,-55.42320671081543,1.4993857829120085,-0.019444796824215824,0.009190450515598058,0.00023801310523222246,2.5187735057314354e-05,0.009190450515598058,0.00023801310523222246,2.5187735057314354e-05,1.1167870674737653e-32,1.439638999907135e-33,-1.660879357214745e-34,6.972552529970804,1.484755176082968,0.025296298813103763,0.9465044796466827,0.09593771110234076,0.0020956354093498346,0.9997370998064677,0.08729623783185805,0.002205511354100553,-0.05323262301584085,0.020268286922345502,-0.00010987543174634226,0.05323262301584085,0.020268286922345502,0.00010987543174634226
45.184907985925676,1.0,1500.0,0.0,100.0,2040.0,0.7331140711300049,1495.0,545.0,9.98927287974063,2.4936400833316688,11741.03120708427,124.2,0.026677549617664748,33.98248175182482,5.817518248175181,11.274157637645175,137.0,32.0108108108108,6.6378378378378375,11.825256821757728,37.0,33.98248175182482,5.817518248175181,11.274157637645175,137.0,0.4170338565917466,-0.01759335442770817,-0.006286038926225543,-0.0014504406138091217,-0.012970226995048089,-0.1418301073885894,-0.031328986880050036,13.215985869292371,100.0,256500.0,170.0,2264.5402154922485,113.26802599716427,13.909367561340332,-4.565100193023682,-52.3226432800293,0.5557205080986023,-52.87836456298828,0.010822383686900139,0.010822383686900139,5.674742692290764e-33,4.988762855529785,1.0906047821044922,1.102781057357788,-0.012176226824522018,0.012176226824522018,,,,,10.541602941354116,9.335748213092778,-0.04263742617160554,-6.662081336975097,1.7241393164355612,-0.017322041487136695,-56.24541524251302,1.5395013073398647,0.0524048513512205,0.08220530015726885,0.4310838420383328,0.024788861814575555,-56.32762082417806,1.402345685141382,0.027615978508293865,0.009823945661385855,0.0003816501748810026,3.1696724497171155e-05,0.009823945661385855,0.0003816501748810026,3.1696724497171155e-05,7.107891825404599e-33,9.25250217143388e-34,-1.0668927560197055e-34,6.851209100087484,1.694863445966039,0.019931821854944493,0.9370850384235382,0.0993463478756472,0.005913162403828031,0.9979451755682628,0.09344007029648742,0.005386748820443816,-0.06086013857275248,0.019203279245745615,0.0005264143935001749,0.06086013857275248,0.019203279245745615,-0.0005264143935001749
38.726901995284216,1.0,1500.0,0.0,112.0,1900.0,0.8807789999699817,1673.0,227.0,8.933676049024994,1.941271062490796,10039.80389064038,79.80000000000001,0.016391422233177223,38.03437500000002,6.4109375,9.90540891069421,128.0,32.27499999999999,7.799999999999997,11.744658899489004,16.0,38.03437500000002,6.4109375,9.90540891069421,128.0,0.36137788482622685,-0.015771408555764317,-0.004764167513123577,-0.0012819506786650894,-0.01729524772497519,-0.14070778564206698,-0.022475625448029855,10.631937846832495,112.0,258000.0,171.0,2279.513222694397,113.18205897267953,11.029827117919922,-6.789073467254639,-55.81864929199219,-0.49014008045196533,-55.32851028442383,0.009838867001235485,0.009838867001235485,3.627231734539964e-33,6.908478736877441,0.8332275152206421,0.8739380836486816,-0.04071047902107239,0.04071047902107239,,,,,10.36791037718455,10.649700642431446,0.05167740338105894,-7.401037327448527,1.6658735425935873,0.0206132976841742,-55.990227381388344,1.3544861669566333,0.0663094347655723,-0.03950324778755506,0.33688932968479846,-0.017092832036158946,-55.950724283854164,1.3393692969186595,0.08340226492706791,0.010626428015530109,0.0004147707395981052,-4.252227058466361e-05,0.010626428015530109,0.0004147707395981052,-4.252227058466361e-05,4.536944265736905e-33,5.853465242957071e-34,-6.749043593253382e-35,7.546111456553141,1.6686965552352633,-0.0207574700089266,0.9203834593296051,0.0745485377202876,-0.00246312354377436,0.9716097295284272,0.07417635186348061,-0.0037336732309572965,-0.05122628460327784,0.018730647690331313,0.0012705511043679075,0.05122628460327784,0.018730647690331313,-0.0012705511043679075
44.276226207188195,1.0,1500.0,0.0,70.0,2050.0,0.5055689814659959,1036.0,1014.0,10.090215741615046,2.3489061037640684,12709.211398803358,183.60000000000002,0.0395195660596668,33.66521739130433,6.9710144927536195,11.471420676403547,138.0,33.34117647058824,7.979411764705884,11.545545823004394,68.0,33.66521739130433,6.9710144927536195,11.471420676403547,138.0,0.4278130811738902,-0.01966963888999053,-0.005192741237859758,-0.0017875515534646318,-0.007966929725666991,-0.15760992108229416,-0.03569859644897692,13.881872586485986,70.0,259500.0,172.0,2292.6590769290924,113.18734765728357,13.670225143432617,-2.8570661544799805,-54.94517517089844,0.054358504712581635,-54.999534606933594,0.010198131203651428,0.010198131203651428,2.3225397179737602e-33,2.944401264190674,0.9599162340164185,0.9918540716171265,-0.0319378525018692,0.0319378525018692,,,,,7.895127713680267,7.027417279556369,0.21108323217631705,-6.645552221934,1.5107739900757888,0.02386197672537364,-55.73842264811198,0.9694221850771279,0.04813577484368556,0.022982417171200118,0.38061999097413995,0.01320655332242157,-55.76140492757161,0.8403484090798684,0.03492919786090536,0.009638962180664143,0.00018803546592872984,1.3367576240763665e-05,0.009638962180664143,0.00018803546592872984,1.3367576240763665e-05,2.9037638180928018e-33,3.734255929364365e-34,-4.307084827015443e-35,6.772174501419068,1.526658525890929,-0.02692241594444015,0.9408489167690277,0.08471334086336599,0.0034726898052270467,0.985064971446991,0.08196758277473681,0.002859235313763453,-0.04421605927248796,0.011729419598120173,0.0006134560727436644,0.04421605927248796,0.011729419598120173,-0.0006134560727436644
48.73063910708708,1.0,1500.0,0.0,102.0,1906.0,0.7992033465625471,1523.0,383.0,9.67830227962852,2.4621084150561243,11126.277023562237,109.60000000000001,0.024395672884298624,35.09843749999999,5.5609375,10.870891964193394,128.0,33.66923076923077,8.453846153846154,11.28411218943521,26.0,35.09843749999999,5.5609375,10.870891964193394,128.0,0.4057856751369809,-0.018292902599193497,-0.004725350763628558,-0.0014108890839530641,-0.003242677824267812,-0.12109278857986232,-0.029567540905430668,12.489710304818582,102.0,261000.0,173.0,2306.810388803482,113.1432393693085,7.591058731079102,-6.787193298339844,-56.043731689453125,-0.1782585084438324,-55.865474700927734,0.010038022883236408,0.010038022883236408,1.4826056579570492e-33,6.839610576629639,0.9022107124328613,0.9412580728530884,-0.03904733806848526,0.03904733806848526,,,,,7.691502261161804,6.420866386836219,0.03836419494849537,-7.001013398170471,1.4778221074417885,-0.033420905016685744,-56.05918553670247,0.9984272803538342,-0.017142429712483503,-0.07214265074580908,0.4112086493168164,0.0030540808484173774,-55.987042872111004,0.9437238232880052,-0.02019654763023216,0.009953166668613752,0.00018226758994928236,-1.1018342499075483e-05,0.009953166668613752,0.00018226758994928236,-1.1018342499075483e-05,1.8574859531687764e-33,2.4054153872978063e-34,-2.774239699122933e-35,7.118002287546793,1.44734966150213,0.03006659837665482,0.9215866267681122,0.08929146533621841,0.0005458828472056701,0.9643729110558827,0.0893760759545833,0.0006667261924573794,-0.04278627876192331,0.012351916693225395,-0.00012084268099805444,0.04278627876192331,0.012351916693225395,0.00012084268099805444
38.67360532619584,1.0,1500.0,0.0,71.0,2025.0,0.523711407891495,1060.0,965.0,9.911482193399644,2.4281311681621585,12356.671465859099,193.8,0.04156479217603912,34.283823529411755,7.476470588235295,11.201575276776497,136.0,33.39076923076922,7.9538461538461505,11.453635992400214,65.0,34.283823529411755,7.476470588235295,11.201575276776497,136.0,0.4143836178492544,-0.019973552159323962,-0.005551662112285234,-0.0021535585263403184,-0.009875653270859439,-0.18014056586771676,-0.03321299201664305,13.120752312510836,71.0,262500.0,174.0,2319.9620764255524,113.14840128957756,5.787726879119873,-9.051983833312988,-56.48873519897461,-0.20595571398735046,-56.282779693603516,0.009870379231870174,0.009870379231870174,9.461260156180887e-34,9.173662185668945,0.8952314257621765,0.9354010224342346,-0.040169522166252136,0.040169522166252136,,,,,9.614540469646453,11.323457929192282,0.1300219277783944,-7.513328933715821,1.1526334117654002,-0.07148183094911491,-56.2639040629069,0.9637145006873069,-0.014826700552152025,-0.08434807447095712,0.40461538328204094,-0.010094224427877468,-56.179556147257486,0.8395826934125764,-0.004732515125040361,0.010054388300826151,9.975852329260986e-05,-5.550548077889553e-06,0.010054388300826151,9.975852329260986e-05,-5.550548077889553e-06,1.1854288607184529e-33,1.5338988031127153e-34,-1.769196648525977e-35,7.638576062520345,1.1345191536127308,0.07270195805058446,0.9207278271516164,0.08942964463974516,-0.0021103690410482706,0.961656528711319,0.08802979022651963,-0.0021942083111594676,-0.040928698237985374,0.011073509623159509,8.384049564467532e-05,0.040928698237985374,0.011073509623159509,-8.384049564467532e-05
41.075391624284826,1.0,1500.0,0.0,23.0,1866.0,0.18327310733917224,341.0,1525.0,10.25521756545376,2.610951011426335,12014.424214372564,207.0,0.049983097503259764,33.13119999999999,7.564799999999998,11.672649604112976,125.0,32.882352941176464,7.756862745098041,11.737520107260929,102.0,33.13119999999999,7.564799999999998,11.672649604112976,125.0,0.4251853413032695,-0.018881248818840124,-0.008232868292753864,-0.0015001626412197804,-0.006513083048919242,-0.17565415244596105,-0.0357796128444031,13.769186335294748,23.0,264000.0,175.0,2331.572069168091,113.22832499627415,2.9536874294281006,-8.744769096374512,-58.07609558105469,0.1489182859659195,-58.225013732910156,0.009315906092524529,0.009315906092524529,6.02298831201614e-34,8.868547439575195,0.9506558775901794,1.011846661567688,-0.06119081377983093,0.06119081377983093,,,,,8.124322360754013,9.65363017294016,0.06590947225706469,-7.225495990117391,1.597335064148779,0.06396112866343344,-56.810711034139,1.0610614508659175,-0.06298756922975174,-0.036642848327755925,0.2427237121572779,-0.0017476394101231466,-56.774068196614586,0.9947121190996195,-0.061239965182123414,0.009635152202099562,0.00024736164750082887,-2.424817291959658e-05,0.009635152202099562,0.00024736164750082887,-2.424817291959658e-05,7.559660281626283e-34,9.810875880129058e-35,-1.1316424723644862e-35,7.344493023554484,1.5910074782253756,-0.0636963515446106,0.927806148926417,0.05569031864820415,-0.0010323568631597695,0.9721479038397471,0.05229369183228975,-0.000376727517375177,-0.04434174584845702,0.012399724104507686,-0.0006556286595687176,0.04434174584845702,0.012399724104507686,0.0006556286595687176
39.81148719787598,1.0,1500.0,0.0,45.0,2007.0,0.3321370384497617,666.0,1341.0,9.925872142267009,2.021304061047129,12124.452206910792,203.20000000000002,0.043961749816104886,34.23851851851854,7.570370370370369,11.210709705817846,135.0,33.94444444444446,7.988888888888884,11.286859531800191,90.0,34.23851851851854,7.570370370370369,11.210709705817846,135.0,0.41732617631626734,-0.018323694935300814,-0.007392381506278097,-0.0015988675710462566,-0.00936249285305897,-0.17324185248713056,-0.03374199203462952,12.812385012036884,45.0,265500.0,176.0,2344.0906505584717,113.2635377973738,11.623350143432617,-7.951607704162598,-56.649574279785156,-0.03488161414861679,-56.61469268798828,0.00906731840223074,0.00906731840223074,3.8413766372992966e-34,8.052139282226562,0.9367707371711731,0.9725830554962158,-0.035812318325042725,0.035812318325042725,,,,,9.435724914073944,7.757782655735593,0.14721681785265234,-6.879349915186564,1.3149861654556283,-0.005777480047987513,-57.266261418660484,1.286390033273128,0.019655060900729993,-0.059144783020019534,0.29775606934722165,0.005315739993789178,-57.20711669921875,1.2450654010157884,0.014339312085587079,0.009251235953221719,0.0001522466699864562,-1.443803944398113e-05,0.009251235953221719,0.0001522466699864562,-1.443803944398113e-05,4.811509729657072e-34,6.236907125207618e-35,-7.1923057588442e-36,7.019411675135294,1.3391407411509786,0.004220682574856492,0.9216909289360047,0.06619344252144765,0.0014634367886586688,0.9673083345095317,0.06361076648815395,0.0011315650218585653,-0.04561739594986041,0.01639794055769053,0.0003318720862882698,0.04561739594986041,0.01639794055769053,-0.0003318720862882698
64.08302179972331,1.0,1500.0,0.0,12.0,1969.0,0.09176912382587052,180.0,1789.0,10.44635451832449,2.300119714046813,12580.131584565066,254.60000000000002,0.05925615603034958,32.55000000000002,7.510606060606062,11.751236364692359,132.0,32.95000000000001,8.061666666666667,11.612581996868027,120.0,32.55000000000002,7.510606060606062,11.751236364692359,132.0,0.5266599405714603,-0.0178253904557775,-0.008088380029096991,-0.00033247834497310025,-0.005680317040951113,-0.06340819022457053,-0.04170421368216366,14.925842994639067,12.0,267000.0,177.0,2355.1811447143555,113.3670760736252,1.5037318468093872,-9.419233322143555,-56.984127044677734,0.37127792835235596,-57.355403900146484,0.009832620620727539,0.009832620620727539,2.446165173152794e-34,9.592491149902344,1.0192357301712036,1.0603278875350952,-0.04109223559498787,0.04109223559498787,,,,,9.828901080290477,12.042316305450514,-0.16091233310232708,-6.895441754659017,1.576784427909138,-0.01663081303852141,-57.979575093587236,1.3729846008038749,-0.006882686424041731,0.08156206955512364,0.3571419458162499,-0.003591719415614816,-58.06113700866699,1.2778131430833273,-0.0032909635176774556,0.009712094627320766,0.0002900343062161212,2.9806622010847138e-05,0.009712094627320766,0.0002900343062161212,2.9806622010847138e-05,3.06647063395767e-34,3.9877078640562053e-35,-4.5985499282136224e-36,7.025585873921712,1.5931623976258829,0.016986566443862147,0.9452145139376322,0.08090759001645861,-0.0006548729038344741,0.9975417912006378,0.07705675596037846,-0.0007584276533498305,-0.05232726670801639,0.01657561461513619,0.00010355595205066355,0.05232726670801639,0.01657561461513619,-0.00010355595205066355
43.87990624564035,1.0,1500.0,0.0,126.0,2095.0,0.896354200138204,1877.0,218.0,9.010248639971714,1.7577732107318877,10404.906729465149,109.4,0.020583254938852304,37.69503546099294,5.76595744680851,9.990842187959029,141.0,32.79999999999999,6.866666666666666,11.50688834019145,15.0,37.69503546099294,5.76595744680851,9.990842187959029,141.0,0.3695802440093814,-0.014946819484230687,-0.005295866121359059,-0.001446759993227543,-0.005819232356582614,-0.13023341128995725,-0.021960802867868928,11.017561696835054,126.0,268500.0,178.0,2370.706532239914,113.25737553281773,9.698921203613281,-7.9406538009643555,-58.206729888916016,0.43122923374176025,-58.63795852661133,0.009709400124847889,0.009709400124847889,1.5623211874684635e-34,7.952054500579834,1.0197432041168213,1.0730433464050293,-0.053300194442272186,0.053300194442272186,,,,,10.41227030356725,9.091724981670103,0.2630542191568018,-7.094830513000488,1.686160620718424,0.03372608223003871,-57.871279907226565,0.7845779311295948,-0.013595839045335517,0.0531525452931722,0.3951907354662422,-0.0009921014010574743,-57.924432373046876,0.7118785799958853,-0.012603708846416189,0.009716449864208698,8.314336654089842e-05,1.6156351970749333e-06,0.009716449864208698,8.314336654089842e-05,1.6156351970749333e-06,1.9562062171898965e-34,2.5226294895450835e-35,-2.909599140316619e-36,7.198468597730001,1.6643018210740332,-0.03642871276422667,0.9452455441157023,0.08495143767073265,-0.00023349474481536235,0.991454561551412,0.08526864802389555,-0.00021486449427283771,-0.04620902538299561,0.009062770804324974,-1.863203569832149e-05,0.04620902538299561,0.009062770804324974,1.863203569832149e-05
45.99878694952988,1.0,1500.0,0.0,82.0,1872.0,0.6512954149426795,1219.0,653.0,10.031736499498276,2.3306053601244856,11159.696340873305,140.8,0.033022186781743984,33.83968253968254,5.873015873015874,11.426629192029093,126.0,31.58636363636364,6.650000000000002,12.14514247403655,44.0,33.83968253968254,5.873015873015874,11.426629192029093,126.0,0.4135254560581708,-0.01922159536514174,-0.0063219629068838315,-0.0013257323847442452,-0.006074293279339603,-0.13936609298340727,-0.031921436551899246,13.22380356560812,82.0,270000.0,179.0,2384.1819648742676,113.24638973780625,5.3965630531311035,-6.5813493728637695,-57.967529296875,-0.18000347912311554,-57.78752517700195,0.00940797757357359,0.00940797757357359,9.973617276908531e-35,6.779196262359619,0.9033048152923584,0.9414240717887878,-0.038119200617074966,0.038119200617074966,,,,,8.594732971986135,8.137379769692577,0.08565916577488734,-6.754027056694031,1.6657378571443369,0.00804939529919664,-58.33700040181478,0.9782447740774382,-0.025684903222275103,-0.054245552668968834,0.3121982580889954,-0.01197031244254352,-58.282754516601564,0.8307965506655578,-0.013714575847076275,0.009618610609322786,0.00010248131716348174,-9.960284844057684e-06,0.009618610609322786,0.00010248131716348174,-9.960284844057684e-06,1.2496314402609968e-34,1.6151762531004467e-35,-1.8631175622924198e-36,6.885766045252482,1.6605665137051473,-0.007949790169585622,0.9218614916006724,0.07104007238102662,-0.0026056517085456606,0.9683760742346446,0.06725754420710582,-0.0025731976623662744,-0.0465145830065012,0.010539988835573633,-3.2453858878907274e-05,0.0465145830065012,0.010539988835573633,3.2453858878907274e-05
45.37746169322576,1.0,1500.0,0.0,78.0,2009.0,0.5801812341701501,1165.0,844.0,10.00884856293578,2.5203176706877004,12307.203296790853,176.4,0.03849511173184358,33.943703703703704,6.659259259259259,11.349213663840365,135.0,33.484210526315785,8.052631578947368,11.437041995354214,57.0,33.943703703703704,6.659259259259259,11.349213663840365,135.0,0.4220978544992087,-0.01954914599366246,-0.0055165859384907825,-0.0023554219229638806,-0.00658223629395099,-0.1466422262956119,-0.03394405007539987,13.447804398653162,78.0,271500.0,180.0,2397.5997002124786,113.2382523971534,1.7487201690673828,-6.0673956871032715,-57.65150833129883,0.7336180806159973,-58.385128021240234,0.010179892182350159,0.010179892182350159,6.362923944324046e-35,6.125628471374512,1.0984206199645996,1.1399160623550415,-0.04149552434682846,0.04149552434682846,,,,,7.663902842998505,5.1794265973210765,-0.03183081261440692,-7.146118640899658,1.2722206369400388,0.06766239565126902,-58.650960032145186,1.2850105930348845,-0.017310514015137033,-0.04521813839673996,0.3112194972956143,-0.0033654624432557403,-58.60574188232422,1.1096155473402103,-0.0139450684272657,0.009771132469177246,0.0002522750044356721,2.7991537091729134e-05,0.009771132469177246,0.0002522750044356721,2.7991537091729134e-05,7.973142929698251e-35,1.0324091134710054e-35,-1.1908410914211948e-36,7.292008050282797,1.2508408509530036,-0.06789398787416816,0.9238292396068573,0.0748068255094296,-0.0007685324904385623,0.9701847910881043,0.06728884863060348,-0.0007334563305168681,-0.046355558248857655,0.014052365312735956,-3.507481110971086e-05,0.046355558248857655,0.014052365312735956,3.507481110971086e-05
43.034773132075436,1.0,1500.0,0.0,46.0,2036.0,0.33661693952507915,685.0,1351.0,10.057018933216932,2.8164875285515385,13257.900527113918,218.60000000000002,0.04720770526497646,33.79999999999999,7.360583941605839,11.327444539326885,137.0,33.83516483516482,7.969230769230769,11.288040185671798,91.0,33.79999999999999,7.360583941605839,11.327444539326885,137.0,0.4334011064678976,-0.020496487937139415,-0.007137919971033975,-0.002336959727387374,-0.00828753254266713,-0.16384148105293173,-0.03570021171305813,13.635165071456502,46.0,273000.0,181.0,2410.1544494628906,113.27074912599015,21.812768936157227,-7.840651512145996,-58.868072509765625,0.007280305027961731,-58.87535095214844,0.01033717580139637,0.01033717580139637,4.0640383984106327e-35,7.934445381164551,0.9381042122840881,0.9815924167633057,-0.04348822683095932,0.04348822683095932,,,,,11.487243076165518,14.596894427432936,-0.01154687325071369,-7.171191676457723,1.5645443095668203,0.0024337381356552795,-58.250767135620116,1.0318123888403872,0.02640652852806303,0.05883781611919403,0.3584865409284559,0.013455004759704719,-58.309605026245116,0.8573747717213568,0.012951545588035235,0.010011271697779496,0.0003678515342376288,2.9713421794808375e-05,0.010011271697779496,0.0003678515342376288,2.9713421794808375e-05,5.088465816565786e-35,6.566670870247692e-36,-7.573720926729283e-37,7.322339193026225,1.5879831600322265,-0.0018334969530118211,0.9544242044289907,0.08255413507620052,0.003233605404451767,0.9927907506624858,0.07796083353158975,0.0029294917527772552,-0.03836656473577023,0.011081589708933743,0.00030411156567768864,0.03836656473577023,0.011081589708933743,-0.00030411156567768864
50.54055011962071,1.0,1500.0,0.0,121.0,2091.0,0.862368684031796,1803.0,288.0,9.68196597556737,1.9944788448200022,10977.92334867295,130.8,0.026446682033240326,35.076595744680844,5.04964539007092,10.818055029406576,141.0,32.379999999999995,7.76,11.694268102080061,20.0,35.076595744680844,5.04964539007092,10.818055029406576,141.0,0.40484432875622695,-0.01606778854194929,-0.00415183833629039,-0.00190046839985116,-0.005072726331590595,-0.1152854702624338,-0.024477673550453508,12.55901780488818,121.0,274500.0,182.0,2425.206627368927,113.18623201100239,31.775638580322266,-7.624263286590576,-60.28605651855469,-0.2502329349517822,-60.035823822021484,0.010888364166021347,0.010888364166021347,2.5867111922251304e-35,7.836079120635986,0.8707998394966125,0.9246418476104736,-0.053842030465602875,0.053842030465602875,,,,,9.168520965178807,9.13839147810875,0.22504634420916816,-7.025872135162354,1.1796362716916677,-0.030112089171955826,-59.38036549886068,1.319666033179298,-0.02034646820305893,0.0978458379705747,0.3240962908584736,-0.003639972362422836,-59.478211339314775,1.259551152601909,-0.016706473888358688,0.010560120486964782,0.00024832138138357036,2.67915234997352e-05,0.010560120486964782,0.00024832138138357036,2.67915234997352e-05,3.2444841005328394e-35,4.2337088233759125e-36,-4.882855138288672e-37,7.196422958374024,1.1818784829563953,0.02924428818886199,0.952576728661855,0.07387414108826122,-0.0008657307195186299,1.0014665285746256,0.07133564170968514,-0.0007976399115115977,-0.04888979140669107,0.01576013023596664,-6.808984208358866e-05,0.04888979140669107,0.01576013023596664,6.808984208358866e-05
44.412854342847254,1.0,1500.0,0.0,74.0,1908.0,0.5752908910146677,1097.0,811.0,10.264682364880075,2.1704095580511673,11395.7846277771,157.4,0.036868734189075235,33.094573643410854,6.589147286821707,11.620605772930837,129.0,32.392727272727264,7.45090909090909,11.8077487471419,55.0,33.094573643410854,6.589147286821707,11.620605772930837,129.0,0.435145802806356,-0.021629881952201113,-0.0060654412750834105,-0.0015934770461104024,-0.006273695612926551,-0.1589456580610159,-0.03655866400966361,13.861678322000087,74.0,276000.0,183.0,2438.234177350998,113.19667428329555,4.214589595794678,-6.291733741760254,-59.406681060791016,0.23220297694206238,-59.638885498046875,0.010997120290994644,0.010997120290994644,1.6506490555492928e-35,6.504443168640137,0.9868270754814148,1.0314847230911255,-0.04465760290622711,0.04465760290622711,,,,,7.327531480789185,8.536908211846315,-0.3305399833186985,-7.1754677295684814,1.5705389599640784,0.008827835884985449,-59.571862411499026,1.2753509046628195,-0.04280115197577248,-0.0707101583480835,0.38890238254121406,-0.014939346176896406,-59.50115229288737,1.120576492920023,-0.027861858024214356,0.011404434156914552,0.0002558304148769204,-1.1941660464938755e-06,0.011404434156914552,0.0002558304148769204,-1.1941660464938755e-06,2.069393768496462e-35,2.6731058555514987e-36,-3.0838020972845998e-37,7.336913243929545,1.563792771532034,-0.008861629848883529,0.9191325008869171,0.09107380633239044,-0.0035403405333785595,0.9640925645828247,0.0869442614617196,-0.0033311884713517993,-0.04496005369971196,0.013817930690159068,-0.00020915192238016745,0.04496005369971196,0.013817930690159068,0.00020915192238016745
49.50883225896465,1.0,1500.0,0.0,67.0,1885.0,0.533025055544261,1004.0,881.0,10.180740220189806,2.4440262653688323,11570.65910573616,161.60000000000002,0.03842861219442595,33.374603174603166,6.361904761904763,11.46262468566989,126.0,33.39322033898305,8.054237288135594,11.405524358423227,59.0,33.374603174603166,6.361904761904763,11.46262468566989,126.0,0.4378768648749528,-0.020272595137115323,-0.006022328216303842,-0.001464344842555177,-0.004549554063533458,-0.13083475298125666,-0.035564152693167865,13.886909088843213,67.0,277500.0,184.0,2451.08549952507,113.2151449036638,4.251988410949707,-5.041378021240234,-61.16536331176758,-0.5959084033966064,-60.569454193115234,0.009946892037987709,0.009946892037987709,1.0530899030920001e-35,5.241789817810059,0.7986886501312256,0.8507452011108398,-0.0520564466714859,0.0520564466714859,,,,,9.976988482475281,10.826343824502851,0.29670871447137775,-7.102295668919881,1.1220578391512892,0.004072550114853485,-60.01123835245768,1.220076663641374,-0.016216652332343272,-0.08339290010432403,0.3705486346045983,-0.0007325866289677236,-59.9278450012207,1.1447147565216547,-0.015484065818573362,0.010422937634090582,0.00046033681956631514,-4.649820081781932e-05,0.010422937634090582,0.00046033681956631514,-4.649820081781932e-05,1.3195646288061683e-35,1.707275664099095e-36,-1.9690402762410373e-37,7.244455846150716,1.121117434791645,-0.0027992010912190365,0.9155614535013835,0.08343846108257942,-0.00020208252682968463,0.9616626262664795,0.08155283629115136,-0.000148678356336169,-0.04610118791460991,0.014160263590282779,-5.340268534998652e-05,0.04610118791460991,0.014160263590282779,5.340268534998652e-05
48.141087255477906,1.0,1500.0,0.0,75.0,1802.0,0.6212703693993317,1119.0,683.0,9.989899275154722,2.1141858902616337,10617.317059099028,155.4,0.03776978417266187,34.00330578512398,6.482644628099174,11.294676278446117,121.0,33.5304347826087,8.678260869565216,11.488055565989637,46.0,34.00330578512398,6.482644628099174,11.294676278446117,121.0,0.4240560016513935,-0.018910190643422916,-0.004502341214237111,-0.0015859483331853745,-0.005735422106179332,-0.13409921671017813,-0.03229288550109143,13.375411285119506,75.0,279000.0,185.0,2464.2394783496857,113.21951557518581,2.728262424468994,-8.278986930847168,-58.914852142333984,0.4561730623245239,-59.37102508544922,0.010457565076649189,0.010457565076649189,6.709799097200538e-36,8.270610809326172,1.0469555854797363,1.080029010772705,-0.03307340294122696,0.03307340294122696,,,,,8.268947943051655,9.982841604732263,-0.10107542208755392,-7.3257681687672935,1.9353691255733896,0.009509769032343802,-60.389411290486656,1.0687122432016736,0.009201578515789758,0.09374654367566108,0.34349836879874807,0.0008415686059846737,-60.483157602945965,0.9922051794858979,0.008360003682478254,0.01006007871280114,0.0001392710793013124,1.1488345262073194e-05,0.01006007871280114,0.0001392710793013124,1.1488345262073194e-05,8.407748335947424e-36,1.0907048887898394e-36,-1.2578553673776888e-37,7.458074235916138,1.9238430772921122,-0.01015174142245605,0.9516136030356089,0.07648328859164448,0.0004398637274083219,1.0004301150639852,0.07471964890949555,0.00019770480103962657,-0.04881649315357208,0.012417864827246933,0.00024215809097544776,0.04881649315357208,0.012417864827246933,-0.00024215809097544776
42.372404550512634,1.0,1500.0,0.0,48.0,1972.0,0.36509144949474426,719.0,1253.0,10.110891365752757,2.364050383487905,12075.613554992975,205.20000000000002,0.04625163413424695,33.610606060606074,7.3075757575757585,11.4797336531914,132.0,33.25714285714286,7.826190476190478,11.57476964034872,84.0,33.610606060606074,7.3075757575757585,11.4797336531914,132.0,0.4266621887434177,-0.018948484146309327,-0.006459349684050337,-0.002655693644234026,-0.009175440995487552,-0.16802953644194782,-0.034394934775422915,13.88236588252889,48.0,280500.0,186.0,2476.6641488075256,113.25718108975586,2.3509371280670166,-6.228003025054932,-61.00088119506836,-0.15908482670783997,-60.841796875,0.011001468636095524,0.011001468636095524,4.287552148988278e-36,6.430696964263916,0.8976228833198547,0.9447250962257385,-0.04710225760936737,0.04710225760936737,,,,,6.904109970728556,8.082193973710307,0.14556153099051566,-6.9772560596466064,1.588550723561455,-0.004175429826848724,-59.99011650085449,0.9404700674617448,-0.04060948237163398,0.034476087987422945,0.3960977786837833,-0.01071705208206602,-60.024592590332034,0.8636357988705812,-0.029892405678618176,0.011057438949743906,0.00024210952319067094,1.1947587364507391e-05,0.011057438949743906,0.00024210952319067094,1.1947587364507391e-05,5.365927724299451e-36,6.916184476592973e-37,-7.976395841187989e-38,7.116872421900431,1.582806939166301,0.006083828243981155,0.9485355675220489,0.08790911939276057,-0.002601300768380187,0.9875602424144745,0.08786071194082797,-0.0023686081867197125,-0.03902468401938677,0.01034243939679033,-0.00023269153700455612,0.03902468401938677,0.01034243939679033,0.00023269153700455612
47.60269299215741,1.0,1500.0,0.0,90.0,1928.0,0.6976166460705763,1345.0,583.0,10.037236715033048,2.2952679393024527,11268.775260793118,118.2,0.0270840016497869,33.83100775193799,5.863565891472868,11.283833408036235,129.0,32.37948717948718,7.389743589743589,11.690032463707027,39.0,33.83100775193799,5.863565891472868,11.283833408036235,129.0,0.4200899501175851,-0.018547644122714296,-0.005139791606558841,-0.0013907996197619938,-0.0043456363767177915,-0.13474350672709748,-0.032331783638659455,13.072822350506396,90.0,282000.0,187.0,2490.2795493602753,113.24029869355134,3.357952833175659,-5.854733467102051,-59.61361312866211,0.31225937604904175,-59.925872802734375,0.010489984415471554,0.010489984415471554,2.7309121492501847e-36,6.004621505737305,1.0167171955108643,1.0485188961029053,-0.03180171176791191,0.03180171176791191,,,,,4.7502537846565245,3.113431282445398,0.05138319010729245,-7.992742967605591,1.1352919551089216,0.011948592193400146,-60.3602045694987,1.0183037977280265,-0.03492260891550381,-0.04911467110117276,0.3139154467065862,0.00938646043666346,-60.3110897064209,0.9283295655883913,-0.044309090348052776,0.010457524905602138,0.0002565617912176959,-7.089265146695907e-06,0.010457524905602138,0.0002565617912176959,-7.089265146695907e-06,3.42630897098308e-36,4.4460808709726175e-37,-5.129119948464352e-38,8.12188458442688,1.1499050572724263,-0.010099123423303774,0.9306484917799632,0.07140384159962304,0.0016587472598464921,0.9691184163093567,0.06878426036101666,0.002065271636402768,-0.03846992384642363,0.010931329131179363,-0.0004065225462328735,0.03846992384642363,0.010931329131179363,0.0004065225462328735
32.72804812763048,1.0,1500.0,0.0,23.0,1920.0,0.1765737533086737,339.0,1581.0,9.857639945122036,2.472668411548708,12461.689821526807,233.8,0.05259369235614343,34.46046511627907,8.285271317829455,11.177009100207878,129.0,34.1622641509434,8.301886792452828,11.243296461151946,106.0,34.46046511627907,8.285271317829455,11.177009100207878,129.0,0.4042341859391231,-0.01843195626958811,-0.005555128482618204,-0.0021801605546604317,-0.013585624829839488,-0.20560849441872892,-0.033507501517206814,12.707751131812591,23.0,283500.0,188.0,2501.968577861786,113.31077556628736,1.2313849925994873,-8.515565872192383,-61.64118194580078,-0.12398674339056015,-61.51719665527344,0.01069172378629446,0.01069172378629446,1.7378079366851604e-36,8.728838920593262,0.9055688381195068,0.9526793956756592,-0.04711062088608742,0.04711062088608742,,,,,5.652038629849752,5.657101585196784,-0.1769985659899517,-7.60125150680542,1.3417855782446853,0.025635002399313208,-61.13101921081543,1.2884406934239607,-0.07546500353447083,0.05989935758213202,0.29280006687992827,0.008596982443922754,-61.19091898600261,1.2587562629371627,-0.08406197077970635,0.010661547755201657,9.750222537941194e-05,6.252269905984352e-06,0.010661547755201657,9.750222537941194e-05,6.252269905984352e-06,2.181081279287093e-36,2.8400066838872516e-37,-3.2756843842118764e-38,7.740667231877645,1.332306386177662,-0.025185751464131035,0.9480840464433035,0.06622605071931573,0.0010060038662062737,0.9931991140047709,0.06448666182335423,0.0018930132582667537,-0.045115080972512565,0.014675898923034208,-0.0008870098155584426,0.045115080972512565,0.014675898923034208,0.0008870098155584426
46.127026945352554,1.0,1500.0,0.0,16.0,1890.0,0.12481804663251928,235.0,1655.0,10.13672175419438,2.396513011909828,12064.894397546259,233.4,0.054827343199436225,33.51968503937009,7.548031496062993,11.460040675999913,127.0,33.43063063063063,7.845045045045047,11.493186660416866,111.0,33.51968503937009,7.548031496062993,11.460040675999913,127.0,0.42721016560400904,-0.01744927952983712,-0.005923841016921942,-0.002885989423807016,-0.015346737792367773,-0.14411161263849112,-0.03347173097931478,14.442833076832004,16.0,285000.0,189.0,2513.437898159027,113.39050796072935,2.424478530883789,-6.777935028076172,-61.30094909667969,0.11112336069345474,-61.412071228027344,0.011399812996387482,0.011399812996387482,1.1087297657492245e-36,6.983530521392822,0.9630511999130249,1.0048364400863647,-0.04178531467914581,0.04178531467914581,,,,,8.214739714066187,6.25237876342587,-0.1239167034029302,-6.8758663495381676,1.1107709885501607,-0.04874732491702186,-61.257301330566406,1.1958362176625317,0.021677168696557458,0.06216033200422923,0.33973952861181855,0.0055139308975588885,-61.319461568196616,1.0275709910313,0.01616327712215025,0.010983161069452763,0.0002475067982673764,2.6374664965672798e-05,0.010983161069452763,0.0002475067982673764,2.6374664965672798e-05,1.3889794649272199e-36,1.7976783457411251e-37,-2.073402864069489e-38,7.024041207631429,1.1022964747809483,0.049685987190356835,0.9511872410774231,0.08081756944942838,0.0015596350255081312,0.9938046018282573,0.0751887055167955,0.0012289571815125558,-0.04261736727009217,0.012662969274146871,0.00033067814276467806,0.04261736727009217,0.012662969274146871,-0.00033067814276467806
44.84050927770899,1.0,1500.0,0.0,94.0,1831.0,0.7639247983314003,1398.0,433.0,9.498128632330792,2.0742701744580314,10427.816728894717,112.60000000000001,0.025592072366925768,35.77073170731707,6.297560975609755,10.657970032638634,123.0,33.65517241379311,8.448275862068966,11.384735856194917,29.0,35.77073170731707,6.297560975609755,10.657970032638634,123.0,0.3943149862327188,-0.017612672215379217,-0.004052319086996294,-0.001274829000021536,-0.005193959906274391,-0.13788076021868872,-0.0279760598923056,12.098128139787391,94.0,286500.0,190.0,2527.453889608383,113.35518371984693,3.415454626083374,-7.4068989753723145,-60.267127990722656,-0.24556785821914673,-60.02156066894531,0.010457017458975315,0.010457017458975315,7.085740346040617e-37,7.579852104187012,0.9050624370574951,0.9261524677276611,-0.021090030670166016,0.021090030670166016,,,,,9.827810515960058,14.737677455234552,-0.0020228019545687633,-7.470366287231445,1.2036843875981889,-0.0015351555371309858,-61.06003557840983,1.1995572312869744,0.03728896958942057,-0.016362858191132545,0.36790335101025007,0.007166161950060209,-61.04367268880208,1.1374323779891895,0.030122776052711686,0.010555186495184898,0.00041186074583328397,-4.042167759379262e-05,0.010555186495184898,0.00041186074583328397,-4.042167759379262e-05,8.870751772592535e-37,1.1437173019652687e-37,-1.3193040804694581e-38,7.604032421112061,1.191010759155969,0.000589502693150603,0.9410385529200236,0.08228457838641652,0.0020731252876086273,0.9763258536656697,0.0807608039708212,0.0015782942363496992,-0.035287309003372985,0.014009308532229052,0.000494832554220889,0.035287309003372985,0.014009308532229052,-0.000494832554220889
45.894732531977866,1.0,1500.0,0.0,82.0,2048.0,0.5951522809546574,1218.0,830.0,10.099500688554787,2.2736202884766596,12163.62484964375,146.8,0.03162975092648453,33.63188405797101,6.459420289855071,11.388141160652761,138.0,32.61785714285714,7.5928571428571425,11.69160933597693,56.0,33.63188405797101,6.459420289855071,11.388141160652761,138.0,0.4228516617508873,-0.018314957164023243,-0.004289600167585854,-0.00142004679596162,-0.006761368145385242,-0.14798825490039905,-0.03285181031838835,13.435536041015789,82.0,288000.0,191.0,2541.0330650806427,113.33972940287575,3.816037654876709,-5.430864334106445,-64.22563934326172,-0.1844368577003479,-64.04119873046875,0.010890768840909004,0.010890768840909004,4.5070987137516206e-37,5.4932966232299805,0.8739726543426514,0.9391947388648987,-0.06522209942340851,0.06522209942340851,,,,,6.886188352108002,8.521448127821087,-0.23018787151183928,-8.013526805241902,1.455459149260066,0.008095774687702425,-61.72457084655762,1.1438032599256729,-0.02024855481106219,0.010273517419894537,0.2949852524795629,0.00825246469562126,-61.73484433492025,1.0515789819559642,-0.02850101543082675,0.010323608325173457,0.00018858187252208757,9.566861866777316e-06,0.010323608325173457,0.00018858187252208757,9.566861866777316e-06,5.6548760386256425e-37,7.387957585322783e-38,-8.519636337853651e-39,8.153333361943563,1.466103964282899,-0.008091622438526376,0.9426211615403494,0.06814099787170291,0.0015982905404851356,0.9822113732496898,0.06443517180248555,0.0018060510627950126,-0.03959020841866732,0.012375498748321249,-0.0002077592107922136,0.03959020841866732,0.012375498748321249,0.0002077592107922136
43.537219508274184,1.0,1500.0,0.0,37.0,1990.0,0.27667095604154485,550.0,1440.0,10.127834645744832,2.327879470349916,12358.911995037146,217.60000000000002,0.04878704990807587,33.53533834586465,7.341353383458648,11.46978898998825,133.0,33.30416666666667,7.75416666666667,11.541144622656594,96.0,33.53533834586465,7.341353383458648,11.46978898998825,133.0,0.42823901572301076,-0.019438037371504742,-0.005081023544226345,-0.0018587126193395783,-0.007070347284060604,-0.16527159394478744,-0.03406773830127121,13.876124641952291,37.0,289500.0,192.0,2553.1060926914215,113.39129260187391,26.92245864868164,-9.821325302124023,-61.100975036621094,0.49400797486305237,-61.5949821472168,0.012121448293328285,0.012121448293328285,2.8741467798225507e-37,10.072503089904785,1.0598827600479126,1.0919398069381714,-0.032057031989097595,0.032057031989097595,,,,,10.183931124210357,11.398520662308576,0.5306940245018389,-7.624981451034546,1.306320008963961,-0.010224536157423244,-62.18786646525065,1.1059625169268217,-0.021761614806923662,-0.04213976462682088,0.3468964679090871,0.0057374970434239825,-62.14572664896647,1.0275947054296166,-0.027499129111825574,0.011250648554414511,0.00031817621126186676,3.392947309373862e-05,0.011250648554414511,0.00031817621126186676,3.392947309373862e-05,3.602189371619129e-37,4.6593492706375525e-38,-5.374584186022246e-39,7.793299452463786,1.3006118341866897,0.013163304779765437,0.9301819264888763,0.07924826763045183,0.0010932860703303743,0.9706953585147857,0.07736527564904853,0.0012889772023719573,-0.04051342972864707,0.012019509445208272,-0.00019569295904991676,0.04051342972864707,0.012019509445208272,0.00019569295904991676
48.5102943993848,1.0,1500.0,0.0,116.0,2082.0,0.8293342833429668,1726.0,356.0,9.548601268091492,1.79365562274735,10850.1218295396,137.20000000000002,0.02755352050447845,35.56714285714286,5.589999999999999,10.694003625276682,140.0,34.074999999999996,8.833333333333334,11.247526121825095,24.0,35.56714285714286,5.589999999999999,10.694003625276682,140.0,0.39997995001171177,-0.016159260554941563,-0.004244122569113324,-0.0016630885838115202,-0.005436001495167325,-0.12187750307043152,-0.025589944892156477,12.184752723505628,116.0,291000.0,193.0,2567.967537879944,113.31918947863456,7.046078681945801,-7.312453746795654,-63.69310760498047,0.36844730377197266,-64.06155395507812,0.012185699306428432,0.012185699306428432,1.832614544319927e-37,7.517337322235107,1.0062719583511353,1.063593864440918,-0.05732180178165436,0.05732180178165436,,,,,7.212024688720703,6.11078871438609,-0.09293264722134609,-8.059067487716675,1.5240514136182346,-0.005538129647395716,-62.66484578450521,1.1089968066045517,0.003880094500618142,0.05549183959762256,0.33015128880866457,-0.004490555673671914,-62.7203374226888,1.1128787608461956,0.008370625429080613,0.01226400127634406,0.00020805502289125263,7.060429990886441e-07,0.01226400127634406,0.00020805502289125263,7.060429990886441e-07,2.2960991943312805e-37,2.9806868593779094e-38,-3.4375545781861354e-39,8.183169905344645,1.5069995066135142,0.00844575162724189,0.9492506007353465,0.0739311098374252,-0.0007908990438841402,0.992627231280009,0.07500542036513308,-0.0010226081820563452,-0.04337663700183233,0.013320640769411854,0.00023171106504651522,0.04337663700183233,0.013320640769411854,-0.00023171106504651522
45.625956892967224,1.0,1500.0,0.0,16.0,1879.0,0.12581696876989606,236.0,1643.0,10.19626127102128,2.60032023206696,12117.555843620023,221.20000000000002,0.05267419155117398,33.32857142857144,7.465079365079368,11.54892071802968,126.0,33.16545454545456,7.703636363636364,11.607313322924561,110.0,33.32857142857144,7.465079365079368,11.54892071802968,126.0,0.42229389379282134,-0.017763407019738595,-0.0056610481523864005,-0.0033654704838760965,-0.007639171068671271,-0.15148313693620608,-0.03409757099705957,14.51213659323267,16.0,292500.0,194.0,2579.438864707947,113.396756171276,3.0241594314575195,-10.042678833007812,-62.72749328613281,-0.2182885706424713,-62.50920486450195,0.011924291029572487,0.011924291029572487,1.1695558721382332e-37,10.220458984375,0.8956487774848938,0.9307162761688232,-0.03506755083799362,0.03506755083799362,,,,,6.791456266244253,4.536253396639441,-0.09810048536676197,-7.452917003631592,1.4753343858039436,0.008339639606412349,-62.91050389607747,0.8434781492344364,0.01968640082405022,0.0622689684232076,0.3256066092275837,0.0035455164475753885,-62.9727731068929,0.7832961098388175,0.01614088030890597,0.011968643621852,0.00024542173117496227,-2.5109707008015768e-05,0.011968643621852,0.00024542173117496227,-2.5109707008015768e-05,1.4657809021924725e-37,1.8959950358275866e-38,-2.187002229881115e-39,7.588629674911499,1.4514892937924242,-0.008949461503076805,0.9515851020812989,0.07418158032198187,0.001112177745916653,0.994005968173345,0.0736075588331031,0.0007907769969095384,-0.04242086677501599,0.009498164141251547,0.0003213996421939413,0.04242086677501599,0.009498164141251547,-0.0003213996421939413
44.215701050228546,1.0,1500.0,0.0,54.0,1877.0,0.4253463018266442,798.0,1079.0,10.28117504397377,2.3135594155465804,11534.443955092436,200.8,0.048222862632084536,33.04761904761906,7.0079365079365115,11.664913569865444,126.0,32.59444444444445,7.686111111111109,11.807426738729818,72.0,33.04761904761906,7.0079365079365115,11.664913569865444,126.0,0.4349352795379982,-0.019677937290120826,-0.005133961334499538,-0.0022234944000944236,-0.008519846667491079,-0.1630270804995622,-0.03537920317000725,14.118019914117232,54.0,294000.0,195.0,2591.790507555008,113.43509405679085,15.615104675292969,-6.7272138595581055,-62.505619049072266,0.3753393292427063,-62.880958557128906,0.011455470696091652,0.011455470696091652,7.456928502593583e-38,6.889132022857666,1.0284371376037598,1.06398344039917,-0.03554623946547508,0.03554623946547508,,,,,6.829698916276296,6.653227275051357,-0.08343115900461898,-7.254612302780151,1.4810713481739564,-0.007134780523111165,-63.2707825978597,1.455504007721651,0.020192928971917132,-0.012394297495484352,0.3095091637601564,0.005440905931363258,-63.25838826497396,1.3315925812843425,0.014752010561867973,0.011626124009490013,0.00023061788275646294,-2.2429110144614412e-05,0.011626124009490013,0.00023061788275646294,-2.2429110144614412e-05,9.340392487439892e-38,1.2112500312437692e-38,-1.3967838292048412e-39,7.382370630900065,1.4646493254736004,0.010236358642578035,0.935325825214386,0.0757814107712801,0.0015198927434851032,0.9771722435951233,0.06941262274661698,0.0012168324166065513,-0.041846407717093824,0.01576246705189788,0.00030305993352686307,0.041846407717093824,0.01576246705189788,-0.00030305993352686307
42.5656075602486,1.0,1500.0,0.0,105.0,2081.0,0.7568848388391828,1575.0,506.0,9.2409347341415,2.196649740041972,11438.316405054773,142.20000000000002,0.027826699542092288,36.76402877697842,6.283453237410068,10.303910392285252,139.0,33.4235294117647,7.729411764705881,11.401535587990326,34.0,36.76402877697842,6.283453237410068,10.303910392285252,139.0,0.37559480740966317,-0.016314682996573265,-0.004904631953931214,-0.0013265347062376936,-0.00846029354316623,-0.13630224900943175,-0.024283024406244462,11.16411459823257,105.0,295500.0,196.0,2606.5826890468597,113.36682363529947,2.59315824508667,-6.994410037994385,-64.28874969482422,-0.1823827177286148,-64.10636901855469,0.012138361111283302,0.012138361111283302,4.746643511579811e-38,7.188685417175293,0.8927174210548401,0.9386564493179321,-0.045939087867736816,0.045939087867736816,,,,,8.77685337861379,9.235922918235904,-0.0178830232185305,-6.907112248738607,1.3488012578948598,-0.016874559039666257,-64.43682149251302,1.198128182232445,-0.05122639080043234,0.0005320755143960316,0.2766947868541505,-0.013680007438837365,-64.43735364278157,1.142140043943779,-0.037546395035552224,0.011729494792719682,0.00023876925808701563,2.269684373337887e-05,0.011729494792719682,0.00023876925808701563,2.269684373337887e-05,5.954797682818383e-38,7.7595291790815e-39,-8.949386413724508e-40,7.040235773722331,1.3474866961275125,0.01837875569887747,0.928323503335317,0.06426243050552406,-0.003386731513747944,0.9800188759962718,0.06226694156618043,-0.003080575948827684,-0.05169536819060643,0.01303795637856953,-0.00030615815066124266,0.05169536819060643,0.01303795637856953,0.00030615815066124266
46.03075030037001,1.0,1500.0,0.0,102.0,1920.0,0.7894113092726633,1515.0,405.0,9.508302952312578,2.4850530114526803,11167.592419260174,117.60000000000001,0.02551418901327779,35.73023255813955,5.990697674418606,10.703476033762303,129.0,33.65185185185185,8.444444444444441,11.373211220868248,27.0,35.73023255813955,5.990697674418606,10.703476033762303,129.0,0.3954851134456294,-0.017480390275115065,-0.004587741409884015,-0.001385527230193804,-0.004932330827067646,-0.13107969924811713,-0.028175673535029196,12.154256580471298,102.0,297000.0,197.0,2620.9113986492157,113.31935911800376,7.280256271362305,-5.683681488037109,-62.40876007080078,0.30300942063331604,-62.711769104003906,0.011532613076269627,0.011532613076269627,3.036177407850088e-38,5.806201934814453,1.0219610929489136,1.0478980541229248,-0.025936996564269066,0.025936996564269066,,,,,7.575093285242716,6.858020283971549,-0.2591925252929282,-7.608102448781332,0.9902356184324039,-0.026652666671124745,-63.515110651652016,1.0843664562338775,0.023385057459950558,-0.04622926985224088,0.3207206767085503,-0.002708992658719606,-63.468881352742514,0.9670401110412957,0.026094066208277412,0.011727366565416257,0.0002386272777252747,-2.6621877757606892e-05,0.011727366565416257,0.0002386272777252747,-2.6621877757606892e-05,3.798692836831676e-38,4.889966010534454e-39,-5.640240727809519e-40,7.7540483474731445,0.9850932188443638,0.0252521200890799,0.9330973525842031,0.07539679156351656,-0.00017250871764409314,0.9696437259515126,0.0721432123557361,-0.0006027522288652623,-0.036546366413434346,0.011526629435796928,0.00043024351785127366,0.036546366413434346,0.011526629435796928,-0.00043024351785127366
48.30484778850109,1.0,1500.0,0.0,77.0,1928.0,0.596250484376609,1149.0,779.0,10.14307415417296,2.130662134020696,11153.535992908211,156.4,0.03617188584115824,33.51782945736436,6.1100775193798444,11.456488000648662,129.0,32.88076923076924,7.515384615384617,11.633895730585428,52.0,33.51782945736436,6.1100775193798444,11.456488000648662,129.0,0.43076759287602306,-0.019109465483413447,-0.005385296569612384,-0.0021978367644782293,-0.0052179145534256505,-0.13664574916186228,-0.03260393169729235,13.616239251839826,77.0,298500.0,198.0,2634.1455574035645,113.31947817425349,2.3915109634399414,-8.224822044372559,-61.796844482421875,1.0304336547851562,-62.82727813720703,0.011955570429563522,0.011955570429563522,1.935352506867966e-38,8.392436981201172,1.189260482788086,1.2127633094787598,-0.023502763360738754,0.023502763360738754,,,,,6.861829135815302,6.077149422387829,0.06902073764960129,-7.970846430460612,1.2491046257565048,0.011275382460953933,-64.50319760640463,1.3938598808937899,0.014809577271459684,-0.059052351862192154,0.41988587502680624,0.02280043943539611,-64.44414507548014,1.232825665026568,-0.007990947209952286,0.011580686767896016,0.00025080005351530614,2.2391396034943805e-05,0.011580686767896016,0.00025080005351530614,2.2391396034943805e-05,2.427225662630914e-38,3.155464965946235e-39,-3.6392631167564965e-40,8.12802136739095,1.2490296171278148,-0.011376293721268185,0.9229026556015014,0.09908171985516122,0.005151231137743511,0.9668930888175964,0.09421984287898452,0.005114720077217612,-0.04399041732152303,0.014209521153232872,3.6510995882372615e-05,0.04399041732152303,0.014209521153232872,-3.6510995882372615e-05
47.38003331196459,1.0,1500.0,0.0,79.0,1811.0,0.6475279742414716,1172.0,639.0,10.357473885215429,2.163794902199055,10626.928673525552,159.4,0.03983804858542437,32.79672131147541,6.237704918032784,11.736084400192581,122.0,32.186046511627914,7.604651162790696,11.970446181422657,43.0,32.79672131147541,6.237704918032784,11.736084400192581,122.0,0.44301227396816606,-0.019659381885343868,-0.0049347986505114605,-0.0027747823658479907,-0.007065497679216057,-0.14921780986762384,-0.034520920553231395,14.268921674963664,79.0,300000.0,199.0,2647.173915863037,113.32840589062445,7.310033798217773,-9.413346290588379,-63.470489501953125,0.076254703104496,-63.54674530029297,0.012348063290119171,0.012348063290119171,1.2344345056601e-38,9.640169143676758,0.9693350195884705,0.9973529577255249,-0.02801804430782795,0.02801804430782795,,,,,5.135636846224467,3.368899225036944,0.04534704183975232,-8.180466588338216,1.1913372291712945,0.00930556465972131,-64.42012837727864,1.0174360377838216,-0.039095689139190266,0.03269477635622024,0.38267481095479017,-0.002720862799412159,-64.45282274881998,0.9187786053746934,-0.0363747797235088,0.012219433548549812,0.00021726684883601854,1.3780248692223658e-05,0.012219433548549812,0.00021726684883601854,1.3780248692223658e-05,1.5470478165429136e-38,2.0056624761371343e-39,-2.3131441747569865e-40,8.32373563448588,1.2122459834945993,-0.01047507181050941,0.9471772650877635,0.08797152683155397,-0.0009149962325515393,0.987414954106013,0.08677012872675119,-0.0006243518647946201,-0.04023769870400429,0.010225260372511381,-0.0002906456697437992,0.04023769870400429,0.010225260372511381,0.0002906456697437992
43.8010768329396,1.0,1500.0,0.0,68.0,1890.0,0.5329699950806187,1007.0,883.0,10.100057158343994,2.227540899918332,11333.199436859037,183.0,0.04283306806478794,33.640944881889766,7.291338582677164,11.504160700743906,127.0,33.44067796610169,8.403389830508475,11.562544142718759,59.0,33.640944881889766,7.291338582677164,11.504160700743906,127.0,0.43241442750421644,-0.018989011623113755,-0.004559296611901185,-0.002061219662814882,-0.008195760476702112,-0.16809612191070983,-0.03347634094818142,14.138364376661547,68.0,301500.0,200.0,2660.150707244873,113.3394432048042,2.531651496887207,-9.392988204956055,-65.81478881835938,-0.20179426670074463,-65.61299133300781,0.013153943233191967,0.013153943233191967,7.877914995036831e-39,9.425108909606934,0.8855680227279663,0.9334098696708679,-0.04784185811877251,0.04784185811877251,,,,,11.500309991836549,13.045874926717023,0.043999064724490194,-7.932490317026774,1.5357241379429891,0.05919928821228534,-65.00413818359375,1.0067239035682405,0.022210471012172103,0.08031484571595987,0.4042773507894763,0.010485298310855078,-65.08445269266764,0.9465109370449072,0.011725249836788763,0.01233834195882082,0.00046988930066412074,4.109476503394965e-05,0.01233834195882082,0.00046988930066412074,4.109476503394965e-05,9.864942764984164e-39,1.2763124425797504e-39,-1.4719700702808734e-40,8.06526748339335,1.541721934022145,-0.062075382928562135,0.9546319842338562,0.0923457873194855,0.0026542860090533415,0.9982884347438812,0.09207981755735099,0.002393282944951864,-0.043656441010534765,0.010988594628582912,0.0002610034018224567,0.043656441010534765,0.010988594628582912,-0.0002610034018224567
40.79044295208795,1.0,1500.0,0.0,56.0,1856.0,0.44929031717696805,833.0,1023.0,10.006930571968315,2.2199605362287995,11359.49031527823,202.4,0.04769535300216797,33.9488,7.518400000000001,11.30356212900432,125.0,33.28115942028985,8.066666666666666,11.532457204683562,69.0,33.9488,7.518400000000001,11.30356212900432,125.0,0.41901779808321454,-0.01939196721394247,-0.0057880413365024785,-0.002761975666872231,-0.005743944636678251,-0.17679354094578398,-0.03305609751786906,13.622033053115217,56.0,303000.0,201.0,2672.730010509491,113.3672308121539,1.721123456954956,-5.783439636230469,-66.14225769042969,-0.30115067958831787,-65.84111022949219,0.013273494318127632,0.013273494318127632,5.013890746905054e-39,5.97946310043335,0.8637275695800781,0.9103243350982666,-0.04659682512283325,0.04659682512283325,,,,,8.823085828622181,6.835294071469234,0.1309846013751257,-7.38573325475057,1.4801673145613605,0.04231785656480314,-65.3708070119222,1.343368500763462,-0.04197763394195442,0.0797361597418785,0.4034603690169552,-0.010183890888237459,-65.45054295857747,1.1980125150095067,-0.03179376960728817,0.013453672112276157,0.00026924561224331804,-1.5935827423720278e-05,0.013453672112276157,0.00026924561224331804,-1.5935827423720278e-05,6.292132411607132e-39,8.175254760872552e-40,-9.429651793500911e-41,7.515202045440674,1.5000766814608455,-0.04049339315649946,0.9545180479685466,0.09735879840393391,-0.002601619663174895,0.9985276381174724,0.09379939948156421,-0.00236813923938658,-0.044009594929715,0.013406071156198648,-0.00023348002971146747,0.044009594929715,0.013406071156198648,0.00023348002971146747
38.76897264822669,1.0,1500.0,0.0,46.0,1895.0,0.3598772258145745,681.0,1214.0,9.873719275279162,2.03096539111101,11420.618934295024,236.4,0.05409115870400879,34.412598425196855,7.959055118110236,11.198286847652014,127.0,34.19012345679013,8.308641975308637,11.196161278184858,81.0,34.412598425196855,7.959055118110236,11.198286847652014,127.0,0.41818880663240876,-0.01955409380619011,-0.0051771557966216195,-0.0028444101995882217,-0.005060274740678475,-0.1892907204934059,-0.0338502013495108,13.580997985436632,46.0,304500.0,202.0,2685.1351046562195,113.40211502653064,2.3291072845458984,-5.075277805328369,-64.93635559082031,0.2554157078266144,-65.1917724609375,0.014223265461623669,0.014223265461623669,3.205604761795594e-39,5.305852890014648,1.0045539140701294,1.0400570631027222,-0.03550310805439949,0.03550310805439949,,,,,7.014762735366821,9.136319377532997,-0.1605293191712481,-7.9989764054616295,1.4978653305038692,-0.0057637683541674565,-65.2393133799235,1.4168148680817385,0.04188263906918209,0.06458211715022723,0.38332163798294444,0.008150127220140548,-65.3038948059082,1.3401033288236894,0.0337325421801152,0.013599279802292585,0.00039977167844625674,4.175584266030595e-05,0.013599279802292585,0.00039977167844625674,4.175584266030595e-05,4.011926845351713e-39,5.161537587929603e-40,-5.952824052328834e-41,8.158224773406982,1.472234967308316,0.006994748990713167,0.9565038442611694,0.09146511723847611,0.002415631716455562,0.9950788696606954,0.08900885037071422,0.0019094740323415435,-0.038575016893446445,0.015425767454373492,0.0005061577417130469,0.038575016893446445,0.015425767454373492,-0.0005061577417130469
44.565751406381715,1.0,1500.0,0.0,106.0,2023.0,0.7807775971727892,1579.0,444.0,9.217661225585164,1.8811589777201287,10895.896657660269,137.6,0.027448633552762818,36.860294117647044,6.288235294117646,10.283489321698733,136.0,34.013333333333335,8.36,11.125559942713814,30.0,36.860294117647044,6.288235294117646,10.283489321698733,136.0,0.3788318406925578,-0.015780692289019353,-0.00383894389654428,-0.0013144166904168369,-0.0035606820461384506,-0.13471525688175648,-0.024063027749422598,11.457274169750377,106.0,306000.0,203.0,2699.7785789966583,113.34262831054885,1.735779881477356,-7.029122829437256,-65.94326782226562,-0.5246742963790894,-65.41859436035156,0.014059074223041534,0.014059074223041534,2.0441469374307556e-39,7.21187686920166,0.8226302266120911,0.8569647073745728,-0.03433455526828766,0.03433455526828766,,,,,6.681811738014221,8.240125369264042,0.29652134409470593,-7.975872103373209,1.584071998647448,0.008694720666055943,-65.63623390197753,1.1152302106388856,0.001050433539708834,0.027066468695799508,0.35314119001986805,0.0035580422211276843,-65.66330083211263,1.0498977734435098,-0.0025075961273145443,0.013742393845071395,0.00024000314599161802,-1.083377611982206e-06,0.013742393845071395,0.00024000314599161802,-1.083377611982206e-06,2.5609812172149466e-39,3.3239421130466887e-40,-3.8335059910111736e-41,8.127780389785766,1.5839580166874998,-0.013670637557185889,0.9473491807778677,0.08351789376624395,0.0009242742955353008,0.9862314641475678,0.08231081043094438,0.0008281786927126498,-0.038882307584087054,0.011844797328303366,9.609682441951236e-05,0.038882307584087054,0.011844797328303366,-9.609682441951236e-05
43.40829550869324,1.0,1500.0,0.0,34.0,1962.0,0.2552542646595617,500.0,1462.0,10.11010297636154,2.0115483962006784,11811.758919425325,233.4,0.05260548142805626,33.61212121212121,7.466666666666669,11.451530193437677,132.0,33.56530612244896,7.87142857142857,11.467648939168908,98.0,33.61212121212121,7.466666666666669,11.451530193437677,132.0,0.43657056020993434,-0.019070354921336494,-0.00525422690052729,-0.0018809785888364643,-0.007904592943031795,-0.1688941454760468,-0.03432888617660366,13.680907546722137,34.0,307500.0,204.0,2711.854808330536,113.3910263393866,16.574703216552734,-5.8633270263671875,-65.2977294921875,0.26988112926483154,-65.56761169433594,0.013053638860583305,0.013053638860583305,1.3020374876043687e-39,6.0905351638793945,1.0099035501480103,1.0422031879425049,-0.032299596816301346,0.032299596816301346,,,,,7.835087871551513,10.473505280210388,0.22760342925753813,-7.304733228683472,1.1030067104644328,0.026009732438406884,-66.5345359802246,1.4513661128393271,0.06058396964237807,-0.10384167631467184,0.3037986035335593,-0.007345721500203666,-66.43069483439128,1.4068632398776821,0.0679296796923903,0.013709949050098657,0.00038825239151159756,-4.306405770268163e-05,0.013709949050098657,0.00038825239151159756,-4.306405770268163e-05,1.6312221617627177e-39,2.12089668708307e-40,-2.445854926744707e-41,7.466249148050944,1.0949548381072691,-0.026346308079126815,0.9120886166890462,0.0730639685207676,-0.0008165765259502201,0.9558408975601196,0.07081625914220123,-0.0017017388370331643,-0.04375226814299822,0.01622943804173926,0.0008851646817599056,0.04375226814299822,0.01622943804173926,-0.0008851646817599056
41.482245256315984,1.0,1500.0,0.0,53.0,1961.0,0.3995934136046297,783.0,1178.0,10.096893505909568,2.272340864850659,12109.939631972295,204.0,0.04591698928603583,33.65757575757575,7.04848484848485,11.366649692443948,132.0,32.835443037974684,7.313924050632912,11.595270502916552,79.0,33.65757575757575,7.04848484848485,11.366649692443948,132.0,0.4160410055199673,-0.018034953645372512,-0.0052385122134755765,-0.002034243291064368,-0.0048541338820966345,-0.17072993584311272,-0.033444116186585444,13.160246553105793,53.0,309000.0,205.0,2724.533267259598,113.41392073028338,4.613913536071777,-4.593663692474365,-64.36075592041016,0.1653955578804016,-64.52615356445312,0.01253706868737936,0.01253706868737936,8.304655218974596e-40,4.848345756530762,1.0007023811340332,1.0177689790725708,-0.017066549509763718,0.017066549509763718,,,,,6.281853167215983,7.475578590225227,-0.18264951695324477,-7.8282673517862955,1.716887995278862,-0.04393081643822704,-66.19465306599935,1.12392584516886,-0.03477192710053233,-0.08764399687449137,0.2502248184097194,0.004680843772294131,-66.10700912475586,1.0711941308903727,-0.03945272273826233,0.012731876814117034,0.00010430961577643678,-8.916019672347765e-06,0.012731876814117034,0.00010430961577643678,-8.916019672347765e-06,1.041349496840886e-39,1.352552903410377e-40,-1.5601223181126905e-41,7.99423147837321,1.6913877078596933,0.04579051933246126,0.923470652103424,0.05983924932402301,0.0007621982869369751,0.9598836322625478,0.05737089622269748,0.001079259234355198,-0.03641298164923986,0.011643371168378895,-0.0003170604186673314,0.03641298164923986,0.011643371168378895,0.0003170604186673314
41.467032682700236,1.0,1500.0,0.0,61.0,1832.0,0.4953412896556224,907.0,925.0,10.221850912157256,2.0009280980326682,11101.72400406379,196.8,0.04814796692273817,33.23089430894308,7.593495934959348,11.553687929218148,123.0,32.97096774193549,8.2258064516129,11.608229297605881,62.0,33.23089430894308,7.593495934959348,11.553687929218148,123.0,0.43553725881202865,-0.018155432952782057,-0.004419319778398203,-0.002077758342793186,-0.005159947414548685,-0.18580192813320967,-0.03534985782087662,13.847647948434465,61.0,310500.0,206.0,2737.199730157852,113.43710017905552,6.698093414306641,-8.599346160888672,-65.91055297851562,0.8360174894332886,-66.74656677246094,0.012499719858169556,0.012499719858169556,5.3011961684486425e-40,8.826665878295898,1.1327097415924072,1.170769453048706,-0.03805975615978241,0.03805975615978241,,,,,6.654560379187266,5.240850388408495,0.09303932006950497,-7.403940264383952,1.565593258040131,-0.03172829832728356,-66.067320505778,1.1895435438975213,0.047433429247015935,0.1249796656270822,0.34978386279730544,0.002989312308582503,-66.1923006693522,1.222672924247088,0.04444412893395247,0.012764915234098832,0.00017808448290814014,-8.497270522380437e-06,0.012764915234098832,0.00017808448290814014,-8.497270522380437e-06,6.637883096080883e-40,8.597635423888393e-41,-9.915033337351525e-42,7.578383119901021,1.5722706780797693,0.03027829004739608,0.9749753038088481,0.07833645595146996,0.0012874101770335017,1.0086700479189554,0.08027145566897247,0.0006734394523272356,-0.03369472411771615,0.013915851023399936,0.0006139693920551343,0.03369472411771615,0.013915851023399936,-0.0006139693920551343
41.23017022661541,1.0,1500.0,0.0,92.0,2068.0,0.6637400408887386,1372.0,696.0,9.706364910538534,2.313355334227799,12196.84340154873,169.8,0.03492102665350444,34.98129496402877,6.9352517985611515,10.879132325142201,139.0,33.54468085106383,7.680851063829786,11.3124326962653,47.0,34.98129496402877,6.9352517985611515,10.879132325142201,139.0,0.4036055974067001,-0.01763378267149719,-0.00450661284297386,-0.0018810513540143863,-0.005726513144487432,-0.16384756470348485,-0.029162220246964205,12.292547889473674,92.0,312000.0,207.0,2751.2185485363007,113.40429504082465,1.803381085395813,-7.187513828277588,-68.2255859375,-0.07579394429922104,-68.14979553222656,0.013901305384933949,0.013901305384933949,3.369674391192601e-40,7.358380317687988,0.9124536514282227,0.9622730016708374,-0.049819376319646835,0.049819376319646835,,,,,7.51083730061849,9.146942458253124,0.06787008236724876,-8.271391868591309,1.2826426402416973,0.011130216893418055,-67.14091389973959,1.2303480977678314,-0.03419890101414665,0.09385298651953539,0.31937892004764,0.004684982899663446,-67.23476664225261,1.1266333687798622,-0.038883902578383284,0.013523146230727433,0.00035559929166878803,3.029063812252919e-05,0.013523146230727433,0.00035559929166878803,3.029063812252919e-05,4.232788766010365e-40,5.527746371179683e-41,-6.376050480619686e-42,8.421859820683798,1.3054951080919752,-0.011016193406865908,0.9601959486802419,0.07763864789533956,0.0008022280370565739,1.0017347594102224,0.07413540021270983,0.0011075215424525713,-0.0415388073772192,0.012156180224205273,-0.0003052919630678118,0.0415388073772192,0.012156180224205273,0.0003052919630678118
44.025386150066666,1.0,1500.0,0.0,78.0,2011.0,0.5754500070454227,1157.0,854.0,9.873196045279544,2.5095023207817566,12219.011332437292,165.20000000000002,0.035554407713498624,34.417777777777786,6.654814814814814,11.097411229123036,135.0,33.15438596491228,7.747368421052634,11.541333188525783,57.0,34.417777777777786,6.654814814814814,11.097411229123036,135.0,0.40954672708791845,-0.018415449801136442,-0.005635652893968743,-0.0013055841934014095,-0.006734279918864061,-0.1482515212981688,-0.03134138821967053,12.760519446597144,78.0,313500.0,208.0,2764.777576684952,113.39067657511009,3.924004554748535,-9.627106666564941,-66.34941864013672,0.6272776126861572,-66.97669982910156,0.012926517054438591,0.012926517054438591,2.1486249483338853e-40,9.914546012878418,1.0909652709960938,1.1242471933364868,-0.03328178822994232,0.03328178822994232,,,,,7.435713950792948,7.964662735076711,-0.0013588234898248145,-8.023177027702332,1.5215301418991916,-0.04662182381474005,-67.76706975301107,1.2257952772626635,-0.0007070013095044351,-0.0385435625910759,0.3474389639266833,0.014928241795109171,-67.72852681477865,1.174712849719107,-0.01563527889060691,0.012834730682273705,0.00044696484901799794,-4.1625533953259797e-05,0.012834730682273705,0.00044696484901799794,-4.1625533953259797e-05,2.693228386106011e-40,3.494111199408143e-41,-4.030307714198216e-42,8.163704983393352,1.5024905178359234,0.04657957726246249,0.9277663449446361,0.08143054848431498,0.003401125007794863,0.9710486094156902,0.07996811636306835,0.0034506029493949087,-0.043282275646924974,0.012812675846577899,-4.947796231912554e-05,0.043282275646924974,0.012812675846577899,4.947796231912554e-05
48.52991122858865,1.0,1500.0,0.0,84.0,1881.0,0.6653655735010993,1251.0,630.0,10.099432422397948,2.001726327659705,10693.701688502502,127.60000000000001,0.02987730635946427,33.62834645669291,5.93228346456693,11.412741785778083,127.0,32.53023255813953,7.413953488372095,11.7011561152767,43.0,33.62834645669291,5.93228346456693,11.412741785778083,127.0,0.4264468423502936,-0.01874010397057359,-0.004567652596867015,-0.0013349796939707828,-0.005328957649632786,-0.135833724019373,-0.03209450607670796,13.70915613007229,84.0,315000.0,209.0,2778.1280019283295,113.38570425169574,20.776424407958984,-10.421939849853516,-68.63843536376953,-0.4429990351200104,-68.1954345703125,0.013679007068276405,0.013679007068276405,1.369278794414995e-40,10.620973587036133,0.8338215351104736,0.8767816424369812,-0.04296012222766876,0.04296012222766876,,,,,9.908188501993815,6.56029304596696,0.17918158373127246,-7.495353333155314,1.3386654723002898,-0.009071145041765689,-67.90880889892578,1.56323921471027,-0.040742514740769474,0.11771196946501732,0.40979545651286775,-0.01732886359509955,-68.02652028401693,1.4961700225490795,-0.023413639259548643,0.013352973107248544,0.0003134187667014067,3.1810056405748726e-05,0.013352973107248544,0.0003134187667014067,3.1810056405748726e-05,1.7175023969986882e-40,2.2323488504919676e-41,-2.5749886485181014e-42,7.6081920464833575,1.3416353905190266,0.007803340165050134,0.9642246683438619,0.09632893099207995,-0.004138276919109299,1.0071083009243011,0.09484498589196659,-0.004003819302801843,-0.042883635653803744,0.01623118323514991,-0.0001344555230589538,0.042883635653803744,0.01623118323514991,0.0001344555230589538
44.04749540487925,1.0,1500.0,0.0,48.0,1847.0,0.3898578115661391,720.0,1127.0,10.225205318970913,1.9844960538927137,11148.327302028258,214.0,0.05194679095057773,33.222580645161294,7.396774193548386,11.640273203549652,124.0,33.23421052631579,8.110526315789471,11.604991750495051,76.0,33.222580645161294,7.396774193548386,11.640273203549652,124.0,0.44133450518982553,-0.018838089976491283,-0.004918605865001541,-0.0033642588228678626,-0.009503666102650937,-0.16965595036660547,-0.03562981931445369,14.582581609924254,48.0,316500.0,210.0,2790.336111307144,113.42719564050451,4.341060638427734,-8.362903594970703,-66.98287200927734,0.4049746096134186,-67.38784790039062,0.014551856555044651,0.014551856555044651,8.747465533701238e-41,8.523221015930176,1.0451438426971436,1.0757389068603516,-0.03059512935578823,0.03059512935578823,,,,,7.015760934352874,8.170796745589008,-0.19646354074340283,-7.794100300470988,1.2348715783050204,-0.03807835722128709,-67.71713129679362,1.3775411820302463,-0.038136247373925035,0.019384430969754854,0.3948290287083025,0.011079686317381527,-67.73651631673177,1.4093365754566742,-0.04921591549746988,0.013609549154837926,0.0006092644390635855,5.9451365033299185e-05,0.013609549154837926,0.0006092644390635855,5.9451365033299185e-05,1.0959784168233567e-40,1.418509682815454e-41,-1.63632723552339e-42,7.959325917561849,1.233128928102874,0.03675815170678438,0.9485680977503459,0.08984389946740114,0.0021557147033487507,0.9846707165241242,0.09173861185250946,0.002571331685589178,-0.036102611323197684,0.015034114989917175,-0.00041561965417278424,0.036102611323197684,0.015034114989917175,0.00041561965417278424
43.98540420908677,1.0,1500.0,0.0,38.0,1801.0,0.31549059267080987,568.0,1233.0,10.349841964436417,1.8775311033458308,10764.751387983508,194.20000000000002,0.04887009914942876,32.84132231404959,6.879338842975207,11.765517539285426,121.0,32.44578313253012,7.11566265060241,11.866153709286294,83.0,32.84132231404959,6.879338842975207,11.765517539285426,121.0,0.4336560284169089,-0.018045018069442646,-0.0053019103198948874,-0.002088153418419454,-0.005855539971949545,-0.1695652173913007,-0.0347500588633558,14.257037660326674,38.0,318000.0,211.0,2802.2911806106567,113.47857146333506,8.903732299804688,-6.834281921386719,-67.72190856933594,0.3682546317577362,-68.09016418457031,0.012695315293967724,0.012695315293967724,5.577868537244934e-41,6.942371368408203,1.0297075510025024,1.064333200454712,-0.03462572768330574,0.03462572768330574,,,,,5.5589410841464995,4.107397513738677,0.13169059510756115,-7.366921377182007,1.4387556062806146,0.023844992093435435,-68.10852508544922,1.017686948298051,0.020632788601920356,-0.024532121916611988,0.3657484697139746,0.01946429797221344,-68.08399225870768,1.0448703122832286,0.0011685194242531242,0.013396536403646072,0.0005787217094199651,-6.398898098737995e-05,0.013396536403646072,0.0005787217094199651,-6.398898098737995e-05,6.994786808452092e-41,9.062693274044389e-42,-1.0454241451820093e-42,7.511440547307332,1.4421742849997172,-0.02586759295691657,0.9376631756623586,0.0834233865876061,0.004649416557010728,0.9739552299181621,0.08501915664830734,0.004517255290862032,-0.03629205767065287,0.011361005159903978,0.00013216181603302964,0.03629205767065287,0.011361005159903978,-0.00013216181603302964
48.64513966896955,1.0,1500.0,0.0,85.0,1852.0,0.6849800219029112,1268.0,584.0,10.196355654085217,2.003397642949937,10459.96247496739,120.0,0.029055690072639227,33.30645161290324,5.983870967741935,11.521790136245288,124.0,32.199999999999996,7.507692307692307,11.854526709184059,39.0,33.30645161290324,5.983870967741935,11.521790136245288,124.0,0.4314364941196607,-0.018433272177120867,-0.004464112901155578,-0.0012106426640972844,-0.003353087960074886,-0.14011228945726234,-0.03255374207554602,13.747362257688913,85.0,319500.0,212.0,2815.7007763385773,113.47086405092547,1.2050354480743408,-9.051488876342773,-69.37791442871094,0.6866370439529419,-70.0645523071289,0.013396398164331913,0.013396398164331913,3.556915891995683e-41,9.243500709533691,1.0869295597076416,1.1392054557800293,-0.05227592587471008,0.05227592587471008,,,,,6.063953483104706,5.785430786617987,-0.1679415025223085,-7.601868979136149,1.6292823840878068,0.007095729628447516,-68.7505739847819,1.3265610380664001,0.01986832666450225,0.03100252461930116,0.36709229809722826,-0.004880375516195853,-68.78157755533854,1.2400355040715234,0.024748720502165866,0.013210555414358775,0.00025573822340360533,1.686896146736065e-05,0.013210555414358775,0.00025573822340360533,1.686896146736065e-05,4.458020869479757e-41,5.785750756167271e-42,-6.6731578648989936e-43,7.7498869101206465,1.638467350693049,-0.006199424603624784,0.9467947443326314,0.08705253165928004,-0.0007274729789165463,0.9870276848475138,0.08482460810780017,-0.0011134793416279203,-0.04023294663056731,0.013563805078725105,0.0003860059974340107,0.04023294663056731,0.013563805078725105,-0.0003860059974340107
45.443999262956474,1.0,1500.0,0.0,52.0,1800.0,0.4290455112550855,772.0,1028.0,10.213769004461579,2.1994481547388336,10953.194701695587,156.20000000000002,0.03879395986489172,33.27603305785124,6.679338842975207,11.573995547072661,121.0,32.74202898550725,7.2840579710144935,11.748894495833245,69.0,33.27603305785124,6.679338842975207,11.573995547072661,121.0,0.4291849375970472,-0.019542470950538047,-0.005410696812179918,-0.0017592997783838524,-0.002903512108533036,-0.1549892227716451,-0.03428176089978987,13.547459011404955,52.0,321000.0,213.0,2828.0467932224274,113.50590123518977,6.370608329772949,-7.813547134399414,-67.69252014160156,0.27950575947761536,-67.9720230102539,0.014179966412484646,0.014179966412484646,2.270804161438366e-41,7.8832597732543945,1.0193665027618408,1.045675277709961,-0.026308702304959297,0.026308702304959297,,,,,9.017264113823574,9.794613386799664,0.35384199580838593,-7.85893185933431,1.6203201131911829,-0.015743326477797536,-68.56670939127604,1.1035292038003568,-0.005126528798272636,0.12428221255540847,0.3716959778482058,-0.01181742787294845,-68.69099146525065,0.9990617606860701,0.006690873770880745,0.014841172751039267,0.0005903789894819528,1.6719874645167623e-05,0.014841172751039267,0.0005903789894819528,1.6719874645167623e-05,2.8452010729599896e-41,3.6734528704837145e-42,-4.2375359084995476e-43,7.981636619567871,1.6247869167259643,0.016993230919418754,0.9734310249487559,0.08953992793155059,-0.002593718633238047,1.0091317494710286,0.08796104719756173,-0.00278335487484537,-0.03570071784779429,0.01080098359108282,0.0001896369305166844,0.03570071784779429,0.01080098359108282,-0.0001896369305166844
45.32528851582454,1.0,1500.0,0.0,13.0,2060.0,0.09135061625512164,188.0,1872.0,10.001195356725441,2.2058666094285297,13141.270331364964,267.6,0.057094090036270535,33.963768115942024,8.259420289855074,11.319218725604573,138.0,34.04959999999999,8.569600000000001,11.307138874839344,125.0,33.963768115942024,8.259420289855074,11.319218725604573,138.0,0.44265462837409275,-0.0205612365751262,-0.009387906766671832,-0.0023942640422789686,-0.011626694473409827,-0.14306569343065784,-0.040036027617879395,13.51853183565642,13.0,322500.0,214.0,2839.4896907806396,113.57674621855644,4.736014366149902,-11.661687850952148,-69.70120239257812,0.44919925928115845,-70.15039825439453,0.016442524269223213,0.016442524269223213,1.444598586872454e-41,11.810331344604492,1.0433595180511475,1.089340090751648,-0.04598059132695198,0.04598059132695198,,,,,10.52769203186035,11.974810922054766,-0.33447430820698504,-7.47536481221517,1.5278595608689798,0.01571617338628223,-69.19167912801107,1.6740254829029453,-0.12575878274851646,0.1680664697041114,0.36390314216516567,0.006483524814828221,-69.35974502563477,1.5967583343205036,-0.13224232199459737,0.01514672205472986,0.0006221981982354706,6.921451240446438e-05,0.01514672205472986,0.0006221981982354706,6.921451240446438e-05,1.8145180264798003e-41,2.3610572341087358e-42,-2.723859230510701e-43,7.63045121828715,1.5434116063955974,-0.014793783936803005,0.980965922276179,0.09022362793398098,0.00030741053773243897,1.0202486952145895,0.08688474471603204,0.0015978811314957182,-0.039282756547133126,0.0162900457566071,-0.0012904706749820602,0.039282756547133126,0.0162900457566071,0.0012904706749820602
43.83979347739557,1.0,1500.0,0.0,99.0,2094.0,0.7070950623370151,1480.0,614.0,9.63900030057389,2.440694935535541,12356.047646149715,141.0,0.028581853563609826,35.23714285714285,6.642857142857144,10.851375177871631,140.0,34.22439024390243,8.600000000000001,11.176329295757544,41.0,35.23714285714285,6.642857142857144,10.851375177871631,140.0,0.40313005184907347,-0.017850964831628124,-0.005467518574907301,-0.0016777897602399119,-0.007663221578018488,-0.14555079405091864,-0.029409260015325185,12.502817412494807,99.0,324000.0,215.0,2853.7891335487366,113.53326571718365,26.328994750976562,-10.00837230682373,-69.60313415527344,-0.32711732387542725,-69.27601623535156,0.015140912495553493,0.015140912495553493,9.220543895257296e-42,10.311144828796387,0.8687503337860107,0.9019317626953125,-0.033181384205818176,0.033181384205818176,,,,,7.416812000672023,7.796684957272924,0.14229597699257632,-7.486168797810873,1.455416120957754,0.00037037464349779257,-69.83145675659179,1.5068163472176457,0.016432678765795496,-0.015524554873506229,0.3926768081484726,-0.017178945348611543,-69.81593271891276,1.532604581535886,0.033611541170963884,0.016481955318401256,0.0006487547579877094,-5.7042933155154046e-05,0.016481955318401256,0.0006487547579877094,-5.7042933155154046e-05,1.1546232246548384e-41,1.4977768364346732e-42,-1.7271853080771196e-43,7.6162199179331465,1.4568268784757934,-5.820691254043176e-05,0.9358162462711335,0.09338774901684775,-0.0037050575912993496,0.9764146904150645,0.09553490612823966,-0.004178735027058647,-0.04059843812137842,0.016485595683637683,0.00047367826576559226,0.04059843812137842,0.016485595683637683,-0.00047367826576559226
43.16768992135399,1.0,1500.0,0.0,95.0,2022.0,0.7025596088242906,1420.0,602.0,9.514133063611212,2.3372504237332556,11785.054355459855,139.6,0.02873847167325428,35.717647058823516,6.7176470588235295,10.65566675847616,136.0,34.13170731707317,8.458536585365856,11.205281233413466,41.0,35.717647058823516,6.7176470588235295,10.65566675847616,136.0,0.39521055261694815,-0.01787821221935788,-0.0050535775359205875,-0.001346000626078444,-0.004277143410102607,-0.14626153151409377,-0.028569458628004946,11.867968120611886,95.0,325500.0,216.0,2867.899933576584,113.49768385888765,14.445618629455566,-7.866607666015625,-69.85804748535156,-0.04726022481918335,-69.810791015625,0.015293704345822334,0.015293704345822334,5.875644460913958e-42,8.04743480682373,0.9333591461181641,0.9686945676803589,-0.03533537685871124,0.03533537685871124,,,,,6.962462317943573,5.975708225697955,0.07594958027955268,-8.059120655059814,1.4622262904328158,0.017553319071768898,-69.93778279622396,1.4268495948871187,-0.03369005858831701,-0.0517988375077645,0.3263805295120713,-0.007436970221883593,-69.88598454793295,1.4081687222319688,-0.026253170908755487,0.015266729611903429,0.0002144338785704579,-3.32155522866575e-06,0.015266729611903429,0.0002144338785704579,-3.32155522866575e-06,7.368914814447294e-42,9.569086448650781e-43,-1.1036589295497088e-43,8.182889795303344,1.4649591049083213,-0.018428289797468023,0.9297925353050231,0.07832762193636625,-0.001938936654664791,0.9676116108894348,0.07800934838846572,-0.0017789110060661356,-0.03781907195225358,0.014736961025793626,-0.0001600251428459709,0.03781907195225358,0.014736961025793626,0.0001600251428459709
47.52764177933717,1.0,1500.0,0.0,78.0,1975.0,0.5883328648775416,1161.0,814.0,10.162956349532902,2.3488589076990602,12089.655841769003,151.20000000000002,0.03401268727223647,33.424060150375944,6.424060150375942,11.531260291599988,133.0,32.53818181818182,7.963636363636363,11.801979234126179,55.0,33.424060150375944,6.424060150375942,11.531260291599988,133.0,0.42654735014281203,-0.019997120972207034,-0.005164649466686256,-0.0011143551819909315,-0.003213594683267458,-0.1401194582316766,-0.034302079845847884,13.598472236198722,78.0,327000.0,217.0,2881.2084715366364,113.49404363843236,4.183294296264648,-7.513662338256836,-69.87519073486328,-0.15475471317768097,-69.7204360961914,0.014115910045802593,0.014115910045802593,3.751275988997535e-42,7.855804920196533,0.9127480983734131,0.9436759948730469,-0.03092789836227894,0.03092789836227894,,,,,9.098499049743017,10.02981793190477,-0.2874677034188173,-8.043189255396525,1.4631080288165554,-0.03910856543976937,-70.13411992390951,1.4845194516530735,0.020103468168300304,-0.14550360143184662,0.25554278234981964,-0.006869359070785318,-69.98861618041992,1.4829171287423653,0.02697280527354827,0.014532733894884586,0.00043429704394008344,-4.447369201231101e-05,0.014532733894884586,0.00043429704394008344,-4.447369201231101e-05,4.6987873006251656e-42,6.077406381278934e-43,-7.009391559826151e-44,8.216194136937458,1.4700116709356827,0.04153921055183774,0.9102985600630442,0.06082248990307987,-0.001207655171000797,0.9457147240638732,0.060213275479918046,-0.001606813023432497,-0.0354161658945183,0.015774455505893698,0.0003991599937484449,0.0354161658945183,0.015774455505893698,-0.0003991599937484449
51.158660570780434,1.0,1500.0,0.0,39.0,1844.0,0.3141232477524769,579.0,1265.0,10.404629849825396,2.1473783274853044,11251.115625531515,195.4,0.048246913580246915,32.661290322580655,6.74032258064516,11.806196924689583,124.0,32.569411764705876,7.649411764705879,11.826922963486945,85.0,32.661290322580655,6.74032258064516,11.806196924689583,124.0,0.44700833235378234,-0.018733254743039822,-0.007002696026187568,-0.0015241511434386005,-0.006018599754342905,-0.13026846815230603,-0.03520853645881768,14.881949436649696,39.0,328500.0,218.0,2893.1528573036194,113.54394883447593,43.82441711425781,-5.2277913093566895,-69.52398681640625,-0.15254373848438263,-69.37144470214844,0.01579105667769909,0.01579105667769909,2.3934177770667876e-42,5.35062313079834,0.9193678498268127,0.9432259798049927,-0.023858122527599335,0.023858122527599335,,,,,10.119552369912466,14.679067772340634,0.08016907500478108,-7.084252746899923,1.484710703321192,-0.021863212999167735,-70.347279103597,1.4093700319935019,0.026771083742680012,0.10456019428869089,0.3346024846784548,-0.009531785908245273,-70.45183893839518,1.3879317328788345,0.03630291829517916,0.015051661618053913,0.00055270689798093,6.312570587480116e-05,0.015051661618053913,0.00055270689798093,6.312570587480116e-05,2.999058973347973e-42,3.8877070616752985e-43,-4.4845291810913e-44,7.214245732625326,1.5017605780096246,0.023567088321265535,0.967929889758428,0.08022674293098851,-0.001735480303759054,1.0047379831473033,0.0799088912917491,-0.002230392480983908,-0.03680809605866671,0.014768280187951148,0.0004949139138979962,0.03680809605866671,0.014768280187951148,-0.0004949139138979962
44.43135649582435,1.0,1500.0,0.0,29.0,2037.0,0.21247715959475977,432.0,1605.0,9.960753215793172,2.4045832792444433,12880.751726188035,250.4,0.053958539843985694,34.12205882352942,7.5661764705882355,11.194965469810542,136.0,34.08598130841121,8.01869158878505,11.19297553052718,107.0,34.12205882352942,7.5661764705882355,11.194965469810542,136.0,0.426173858953967,-0.018754745637809253,-0.005936056834834948,-0.0021913644016007387,-0.006668173598553379,-0.15461121157323585,-0.034103917228330345,13.324779589004539,29.0,330000.0,219.0,2905.233791589737,113.58810466658684,5.365189552307129,-7.890963077545166,-71.23580169677734,-0.7064259052276611,-70.52937316894531,0.014900006353855133,0.014900006353855133,1.5288166245783754e-42,7.882203102111816,0.7795369625091553,0.8120511174201965,-0.032514140009880066,0.032514140009880066,,,,,9.267424484093985,11.675376611806676,-0.25817519785697574,-7.400355863571167,1.4547449239917583,-0.019521698087155235,-70.56137873331706,1.1635299445571667,-0.0029887996075262995,-0.10829371909300486,0.37028142587179114,-0.01293513852444056,-70.45308456420898,1.0934193113012984,0.009946396671758716,0.015666086692363024,0.00039970689730142066,-3.863009867632398e-05,0.015666086692363024,0.00039970689730142066,-3.863009867632398e-05,1.914500671909376e-42,2.469281627672555e-43,-2.8480806763570887e-44,7.549141454696655,1.452052931712427,0.017659910900043548,0.9207229475180309,0.08952799016442925,-0.0028656170153379223,0.9540989657243093,0.088793333323876,-0.0030833988088919883,-0.03337602460136016,0.011504964661515016,0.0002177809801230313,0.03337602460136016,0.011504964661515016,-0.0002177809801230313
47.69141916970949,1.0,1500.0,0.0,37.0,1907.0,0.2863279375105716,546.0,1361.0,10.227016058158824,1.9795190245829888,11502.658948730572,204.20000000000002,0.048004137477079316,33.232812499999994,7.282812499999998,11.578289495278078,128.0,33.31868131868132,7.894505494505493,11.52391658064681,91.0,33.232812499999994,7.282812499999998,11.578289495278078,128.0,0.4434260058573977,-0.01818219589262914,-0.004887627409965711,-0.0022946309127466155,-0.0033602644142489884,-0.15703268453910862,-0.03424029251899529,14.805187033792325,37.0,331500.0,220.0,2917.3463792800903,113.63066187629177,17.876548767089844,-6.675770282745361,-69.91027069091797,-0.025278955698013306,-69.88499450683594,0.016421955078840256,0.016421955078840256,9.767050296343975e-43,6.94357967376709,0.9513874053955078,0.9738480448722839,-0.02246060222387314,0.02246060222387314,,,,,6.498128137985865,5.983711091992151,0.10024786023329839,-7.657893562316895,1.3237380672666845,0.03389249065428873,-70.32652486165365,0.9490505348487784,0.004395417244204558,0.02353438064455986,0.33731979998904843,0.005787260051365027,-70.35005900065104,0.8528916049400298,-0.00139182221239518,0.01549083466331164,0.0006411515710836051,6.668755289444772e-05,0.01549083466331164,0.0006411515710836051,6.668755289444772e-05,1.2233335593555653e-42,1.577976559978688e-43,-1.8200980988017862e-44,7.810625886917114,1.3279486925408748,-0.03397713333401467,0.9567758957544963,0.08239557820119703,0.001475425503808184,0.9856785734494528,0.08085129920540497,0.0013773694319507456,-0.028902669437229633,0.008876429640330846,9.805739829285756e-05,0.028902669437229633,0.008876429640330846,-9.805739829285756e-05
48.04034008492123,1.0,1500.0,0.0,88.0,1922.0,0.6832782608482394,1313.0,609.0,10.101906480584617,1.835944736394956,10796.765685506653,113.2,0.026092568688917572,33.63100775193799,6.020155038759691,11.474402696581203,129.0,32.01951219512195,7.395121951219512,11.926332683717261,41.0,33.63100775193799,6.020155038759691,11.474402696581203,129.0,0.4227001419207166,-0.018782963374569483,-0.004790950958077095,-0.0007036283270237294,-0.0029809897181744434,-0.14006953177009593,-0.03188279752606177,13.706799918802654,88.0,333000.0,221.0,2931.0090215206146,113.61275163432926,9.559713363647461,-6.880828857421875,-71.51824951171875,-0.6830769777297974,-70.83517456054688,0.015739155933260918,0.015739155933260918,6.221765181602188e-43,6.952003479003906,0.7865715026855469,0.8154597878456116,-0.02888830006122589,0.02888830006122589,,,,,6.988430452346802,9.934708616653575,-0.14649423120814806,-8.016641759872437,1.3327419614896203,0.0027446576034666553,-71.32389704386394,1.2116754003354608,0.02914407155140006,-0.10467181180914244,0.3391819717788928,-0.004346947948778829,-71.21922505696615,1.0766778986376735,0.0334910527484974,0.016250287120540937,0.0002608473943156392,-9.922949271950228e-06,0.016250287120540937,0.0002608473943156392,-9.922949271950228e-06,7.796824655503282e-43,1.01216438963026e-43,-1.1671148366494465e-44,8.128225978215536,1.306651505263216,-0.0002837248983586411,0.9200839201609293,0.08587549008965771,-0.0005989845390447303,0.9545694748560588,0.08231723433036967,-0.001057782136028161,-0.03448555829624335,0.011410623698675453,0.00045879966143241125,0.03448555829624335,0.011410623698675453,-0.00045879966143241125
44.19098237046489,1.0,1500.0,0.0,54.0,1902.0,0.4188333738759444,796.0,1106.0,10.26610973593895,2.1099576858588662,11441.870670833001,168.60000000000002,0.039807338149879586,33.0890625,6.4734374999999975,11.61657464310064,128.0,32.059459459459454,6.740540540540539,11.91427661046341,74.0,33.0890625,6.4734374999999975,11.61657464310064,128.0,0.42216179473973325,-0.019809058821319846,-0.005634313691990655,-0.0016655246725545817,-0.0038651414810355433,-0.15884406983744243,-0.03309158370653228,13.54674662898954,54.0,334500.0,222.0,2943.6407387256622,113.63479095781543,4.199428558349609,-8.108078002929688,-72.82054138183594,-0.15815842151641846,-72.66238403320312,0.016018999740481377,0.016018999740481377,3.951661669395984e-43,8.156794548034668,0.8975199460983276,0.9417412281036377,-0.04422123357653618,0.04422123357653618,,,,,3.913705551624298,2.4302096414385694,-0.05527884708230581,-7.97646443049113,1.255547861510402,-0.05374385634306651,-71.89318033854167,1.3932187141484262,-0.08590110295075908,-0.02505515788992246,0.3263667905426542,0.0006355670870212345,-71.86812540690104,1.427939165524971,-0.08653668667768713,0.015861054323613642,0.00018747666270939128,8.844747492945549e-06,0.015861054323613642,0.00018747666270939128,8.844747492945549e-06,4.969938553472018e-43,6.473365290453257e-44,-7.468188211649697e-45,8.103357807795208,1.2468671595338205,0.05340748183321487,0.9362215220928192,0.0768968934240465,-0.0006207033975238694,0.9739586730798085,0.07883551394331842,0.00015291012699265716,-0.0377371517320474,0.014157644542356797,-0.0007736121943516773,0.0377371517320474,0.014157644542356797,0.0007736121943516773
41.258402269137534,1.0,1500.0,0.0,38.0,2049.0,0.27793572774590475,569.0,1480.0,10.04807007562238,2.6905661992582512,12997.751709294776,226.8,0.04893837389953392,33.827737226277385,7.4350364963503655,11.321659415766542,137.0,33.375757575757575,7.763636363636367,11.44920374455469,99.0,33.827737226277385,7.4350364963503655,11.321659415766542,137.0,0.41430580570909564,-0.017700635210207042,-0.006363360941189709,-0.001622795579142536,-0.007939444911690564,-0.1682085786375067,-0.032496291353899524,13.101834204502328,38.0,336000.0,223.0,2955.911032438278,113.67053890077321,12.250082015991211,-5.562028884887695,-72.62202453613281,0.1066768616437912,-72.72869873046875,0.01483445055782795,0.01483445055782795,2.5223372357846707e-43,5.782903671264648,0.9638601541519165,1.0053340196609497,-0.041473887860774994,0.041473887860774994,,,,,10.420731663703918,11.864140985033307,-0.15712988676298215,-7.710411485036214,1.1613195637682665,0.0037925098576191783,-72.49185791015626,1.3516961006985433,-0.058519896782014004,-0.01856330701460441,0.3395280060449049,-0.01723830999228462,-72.47329457600911,1.2962922602858966,-0.041281538677955226,0.015760967104385296,0.0005060283077776286,-5.2478763008608574e-05,0.015760967104385296,0.0005060283077776286,-5.2478763008608574e-05,3.1613293355167872e-43,4.0980254246459857e-44,-4.726693507473396e-45,7.855318387349446,1.151024380862809,-0.002677495487540095,0.9352656145890553,0.08293628628862823,-0.004452252852107862,0.9757812221844991,0.08186595873362747,-0.0041441274034035675,-0.04051559896518787,0.013010105478836654,-0.0003081248772721129,0.04051559896518787,0.013010105478836654,0.0003081248772721129
49.996484170194535,1.0,1500.0,0.0,61.0,2059.0,0.4393918526139899,904.0,1155.0,10.296123870782266,2.1000506592719135,12227.444293743634,160.0,0.035135491238086874,32.99855072463769,6.034782608695652,11.632767928829802,138.0,32.49090909090909,6.922077922077925,11.741738177531182,77.0,32.99855072463769,6.034782608695652,11.632767928829802,138.0,0.43489810092692954,-0.0191784830546471,-0.004983906275615922,-0.0011655996283685013,-0.003996058681848068,-0.13128968688416534,-0.03395181893734165,14.009639939386084,61.0,337500.0,224.0,2968.748262643814,113.68427705602761,14.947404861450195,-7.11390495300293,-72.5959243774414,-0.30536532402038574,-72.29055786132812,0.01555684208869934,0.01555684208869934,1.6114932339735396e-43,7.219242572784424,0.873011589050293,0.906653881072998,-0.03364229202270508,0.03364229202270508,,,,,7.5053399205207825,7.825529805601347,0.17286239426181105,-7.5102468172709145,1.443056072348091,0.027233125900930685,-73.26437454223633,1.233578637264169,0.03389379821709622,0.05838104623059432,0.29160490639541187,0.003366861719476505,-73.3227549235026,1.2469847814676571,0.03052692349681271,0.015269877885778745,0.0002419912339697535,1.9652322680586547e-05,0.015269877885778745,0.0002419912339697535,1.9652322680586547e-05,2.011797495282329e-43,2.6127568007892166e-44,-3.011778523657862e-45,7.6406370004018145,1.4581889496588858,-0.030251907692337637,0.9481798569361369,0.06891077413040873,0.0012292764343329375,0.9939414083957672,0.06967790811414731,0.0008056488795593135,-0.045761542332669096,0.012929265697952184,0.0004236268233901549,0.045761542332669096,0.012929265697952184,-0.0004236268233901549
48.155934716792814,1.0,1500.0,0.0,94.0,2068.0,0.6813399856570067,1409.0,659.0,9.87766265849874,2.172552769277333,11778.483872638482,125.80000000000001,0.026490902964959567,34.41159420289856,5.757971014492751,11.011648887934719,138.0,32.83181818181818,7.568181818181817,11.585195019873625,44.0,34.41159420289856,5.757971014492751,11.011648887934719,138.0,0.41160647618197477,-0.01869244992969471,-0.004926321036188746,-0.0011132381315277424,-0.007166035694970136,-0.12482422931313747,-0.029713536785011416,12.72269560538973,94.0,339000.0,225.0,2982.8092222213745,113.6512511341701,5.348733901977539,-7.28165340423584,-73.56796264648438,-0.2875573933124542,-73.28040313720703,0.017080552875995636,0.017080552875995636,1.0229478789571165e-43,7.581803321838379,0.869025468826294,0.9093431234359741,-0.04031764343380928,0.04031764343380928,,,,,6.96298705736796,5.040017420611584,-0.104692568582741,-7.600560204188029,1.547567729320295,-0.008812763375355264,-72.73545379638672,1.4498918262577027,-0.07357077932728864,0.09018814166386922,0.3249768715532564,-0.015321060149900388,-72.82564163208008,1.2696395387616912,-0.058249660063371615,0.016605272764960925,0.000588895047763439,6.202278913592296e-05,0.016605272764960925,0.000588895047763439,6.202278913592296e-05,1.2859248907620738e-43,1.6638251617154715e-44,-1.9194203881752875e-45,7.7265666961669925,1.5506804177174554,0.009588734220476864,0.9643768926461538,0.08547486992689797,-0.004197321969754729,1.0017164806524912,0.07916001224812141,-0.003719511803848761,-0.03733958254257838,0.01250376789885937,-0.00047781016839226753,0.03733958254257838,0.01250376789885937,0.00047781016839226753
47.493342774254934,1.0,1500.0,0.0,63.0,1922.0,0.49117888368867146,944.0,978.0,9.998445227089414,2.6149078924280156,12065.516226117754,162.4,0.037038726451671763,33.98914728682171,6.575193798449612,11.261625936206986,129.0,33.79393939393939,7.915151515151515,11.329641052336115,66.0,33.98914728682171,6.575193798449612,11.261625936206986,129.0,0.4270836140799482,-0.018662793504040973,-0.005497462420640288,-0.0015869717803836973,-0.008698372966207712,-0.13550271172298295,-0.03273321116157625,13.341481504382783,63.0,340500.0,226.0,2995.7821774482727,113.65979895441825,19.217113494873047,-4.017004013061523,-72.55757141113281,-0.23794028162956238,-72.31963348388672,0.014998240396380424,0.014998240396380424,6.58610278232664e-44,4.113848686218262,0.8960384726524353,0.9233457446098328,-0.02730727195739746,0.02730727195739746,,,,,6.674082259337108,6.427871374281204,0.1924325782014212,-7.285856437683106,1.5817067466272674,0.053892238095021666,-73.67929356892904,1.1728029541604723,0.005828383873249906,-0.12662718060115974,0.40597024477450266,0.004300106475927413,-73.55266647338867,1.0375662758221096,0.0015283179362722838,0.015994919215639433,0.000754236553349549,-8.598132446424893e-05,0.015994919215639433,0.000754236553349549,-8.598132446424893e-05,8.19759601630018e-44,1.0621250765919321e-44,-1.2242267117694249e-45,7.435561386744181,1.5919489592371134,-0.05902188728595614,0.9079197406768799,0.10076201854052341,0.0012155915791783915,0.9492487569650014,0.09848625009630615,0.0010884929021552987,-0.041329016101857026,0.010515255170606459,0.00012709902386047513,0.041329016101857026,0.010515255170606459,-0.00012709902386047513
48.59211652396155,1.0,1500.0,0.0,61.0,1998.0,0.45601096845186784,911.0,1087.0,10.179341487072753,1.992637624055805,11744.21410216949,167.0,0.037331783430947375,33.383582089552235,6.461194029850746,11.48301163299544,134.0,32.96164383561643,7.539726027397261,11.61025283507621,73.0,33.383582089552235,6.461194029850746,11.48301163299544,134.0,0.4314582560249234,-0.018809879233909633,-0.004502874293627397,-0.0009080396586173704,-0.0046402955879157074,-0.1371006302977573,-0.03367394998988132,13.621108725580772,61.0,342000.0,227.0,3008.571390390396,113.67521511783758,14.696830749511719,-7.522904396057129,-71.8913803100586,-0.1305961310863495,-71.76078796386719,0.016151783987879753,0.016151783987879753,4.203895392974451e-44,7.598666667938232,0.9299092292785645,0.9483460187911987,-0.018436817452311516,0.018436817452311516,,,,,7.4090895255406695,7.548581770170768,0.13959673599353462,-7.840556462605794,1.2018031682281978,0.03889121160623923,-73.45673853556315,1.1574580739025746,0.02670067266309515,-0.013162090753515562,0.30601601701737896,-0.005629425567136582,-73.44357630411784,1.0852469308380543,0.032330110102264095,0.015416668852170308,0.000377395597458443,4.0847960615051795e-05,0.015416668852170308,0.000377395597458443,4.0847960615051795e-05,5.236185261693733e-44,6.705603203501477e-45,-7.721949490839998e-46,7.9880462169647215,1.2011106942087006,-0.04133268139916617,0.9398873011271159,0.07506055663765109,-0.0009138548599599687,0.9767819782098134,0.07327359962748507,-0.0013494449011873875,-0.036894684595366316,0.01117959421273896,0.0004355894474186287,0.036894684595366316,0.01117959421273896,-0.0004355894474186287
51.613386738818626,1.0,1500.0,0.0,115.0,1961.0,0.8748492220673069,1715.0,246.0,9.589520943541487,1.9317449273358709,10390.069555748847,76.2,0.016292495189223863,35.43181818181819,4.842424242424243,10.629540036746544,132.0,34.57647058823529,8.858823529411763,10.977385742300097,17.0,35.43181818181819,4.842424242424243,10.629540036746544,132.0,0.40243622628405146,-0.016490624360998064,-0.003866765982765359,-0.0009031460884867023,-0.0042679954503601686,-0.10585495314953818,-0.02674895289413168,12.390944143775052,115.0,343500.0,228.0,3023.303352832794,113.61744420325707,2.8670363426208496,-7.9672698974609375,-73.08515167236328,-0.4250853657722473,-72.66006469726562,0.015866637229919434,0.015866637229919434,2.6624670822171524e-44,8.016725540161133,0.8532263040542603,0.8774082660675049,-0.02418191358447075,0.02418191358447075,,,,,8.02139519850413,9.396470450879997,0.32695406016306294,-7.496878671646118,1.478895672429993,-0.0015575936161501386,-73.5468645731608,1.269138358717235,-0.025806690933175773,-0.028470245252052943,0.28521451701585127,-0.007379630024030025,-73.51839396158854,1.2442717691696703,-0.018427002496261717,0.016068717278540135,0.00014234478506885655,-1.201951405959666e-05,0.016068717278540135,0.00014234478506885655,-1.201951405959666e-05,3.330419350211982e-44,4.3218694080951094e-45,-4.966114468675059e-46,7.643185933430989,1.486084471480976,0.0015665559270091006,0.9388048072655996,0.06957236473788718,-0.0018608026032453369,0.9731304327646891,0.06900812054546175,-0.0017861136605132357,-0.03432561457157135,0.012338605790316638,-7.469111326273786e-05,0.03432561457157135,0.012338605790316638,7.469111326273786e-05
49.902983232456094,1.0,1500.0,0.0,68.0,1979.0,0.5144394599349772,1018.0,961.0,10.149536808165522,2.381064639176065,11832.388320148151,165.60000000000002,0.037200107826399494,33.47067669172933,6.076691729323306,11.424571919311933,133.0,32.93230769230769,7.452307692307693,11.56700266956296,65.0,33.47067669172933,6.076691729323306,11.424571919311933,133.0,0.42994487631345907,-0.01762752471418988,-0.0055423936716399716,-0.001130697136344726,-0.00609329446064146,-0.12586977648201755,-0.03192423924252091,13.31946845577539,68.0,345000.0,229.0,3036.3396875858307,113.62365067734129,1.3198896646499634,-8.00743293762207,-72.4450454711914,0.09641087800264359,-72.54145812988281,0.015714319422841072,0.015714319422841072,1.6815581571897805e-44,8.201208114624023,0.9834535717964172,1.0032137632369995,-0.019760243594646454,0.019760243594646454,,,,,6.017153302828471,7.019422287866096,-0.014254032173199335,-7.813320732116699,1.3447769317938478,-0.02630098086177808,-74.51958948771158,1.2436616220367829,-0.03171650310511992,0.053245724116762476,0.33566882815648164,0.0034000763481066404,-74.57283528645833,1.271728963128269,-0.03511663485687067,0.015293968468904495,0.00032589427817046216,4.144230478332077e-06,0.015293968468904495,0.00032589427817046216,4.144230478332077e-06,2.1253026708926391e-44,2.827784963560794e-45,-3.232806468308871e-46,7.948295656840006,1.342993835700331,0.026538958989738258,0.9511119981606801,0.07848134661043,0.000570809735074309,0.9926336407661438,0.08016030687898361,0.0008095657997852488,-0.04152164552360773,0.01244356302258655,-0.00023875625574084798,0.04152164552360773,0.01244356302258655,0.00023875625574084798
51.26579758066397,1.0,1500.0,0.0,104.0,1861.0,0.8334533196418985,1551.0,310.0,9.79242673307117,1.8301714347055789,10126.39629578752,85.60000000000001,0.01975080756806645,34.672000000000004,5.264000000000001,10.999795960393138,125.0,34.0,9.42857142857143,11.254221453218468,21.0,34.672000000000004,5.264000000000001,10.999795960393138,125.0,0.41508163039851176,-0.017709565688813555,-0.0036861095655670475,-0.0010529196617288363,-0.0045191478881911155,-0.1132865410663668,-0.02924931147538306,12.91312052945389,104.0,346500.0,230.0,3050.4408752918243,113.59013800483893,5.8253984451293945,-7.891995429992676,-75.28993225097656,0.3017461895942688,-75.5916748046875,0.01555601879954338,0.01555601879954338,1.1210387714598537e-44,8.032769203186035,1.005784034729004,1.0524744987487793,-0.04669060558080673,0.04669060558080673,,,,,8.440685693422953,9.923332334036708,-0.12128082223410622,-7.826598421732585,1.2645882560260453,-0.02288456514759493,-74.482980855306,1.2393350245754295,-0.052802993723492966,0.08411795422434806,0.30064480942759775,-0.002800495544649471,-74.56709899902344,1.1510579271148142,-0.05000244751655189,0.015827285622557006,0.00017868910922736852,-1.6870816239264167e-06,0.015827285622557006,0.00017868910922736852,-1.6870816239264167e-06,1.3592595103950725e-44,1.8144876276035455e-45,-2.041936583165195e-46,7.9743268648783365,1.2352735773651407,0.022887229070779978,0.9621113240718842,0.07514369628647326,-0.001056178830754664,1.000267227490743,0.07243182883936788,-0.0006708292329934723,-0.038155913539230826,0.011076473111887924,-0.00038535129962627754,0.038155913539230826,0.011076473111887924,0.00038535129962627754
44.44551347453019,1.0,1500.0,0.0,87.0,1995.0,0.6511760202403357,1299.0,696.0,9.817252785372483,2.219667393795198,11589.762341640757,143.8,0.031015443016133206,34.60000000000001,6.5776119402985085,11.05322506819981,134.0,32.587234042553185,7.731914893617021,11.705154986513584,47.0,34.60000000000001,6.5776119402985085,11.05322506819981,134.0,0.40524345624443825,-0.017645183738408954,-0.0042061604629340405,-0.000795704339163796,-0.0041017877739331415,-0.14936562860437738,-0.029179872376218854,12.563971720685142,87.0,348000.0,231.0,3064.115777492523,113.57273199538857,4.020721912384033,-8.144621849060059,-75.6440200805664,0.14476661384105682,-75.78878784179688,0.015619696117937565,0.015619696117937565,7.006492321624085e-45,8.209272384643555,0.9694857597351074,1.0148069858551025,-0.045321203768253326,0.045321203768253326,,,,,6.3545017103354136,8.061971064139222,-0.3892098105789161,-7.719394302368164,1.1538045168157733,-0.023147437675908634,-75.38868001302083,1.5394184929863672,0.05888679682611893,0.02982835446794828,0.3262593643942801,-0.011526129433721543,-75.41850916544597,1.4786401275002905,0.07041287703296718,0.01593987367426356,0.00014111423823522242,-7.005712355138124e-06,0.01593987367426356,0.00014111423823522242,-7.005712355138124e-06,8.594630581192212e-45,1.1853656147932187e-45,-1.2906286189776975e-46,7.860992447535197,1.1460375070096642,0.023710323944770434,0.9438842157522838,0.08112369374415616,-0.0019765687466198226,0.9871595740318299,0.07885482051534963,-0.002780550340391528,-0.0432753607009848,0.014994367331832414,0.0008039811872633743,0.0432753607009848,0.014994367331832414,-0.0008039811872633743
52.71666444369725,1.0,1500.0,0.0,70.0,1829.0,0.5710878899714594,1044.0,785.0,10.385274221693205,2.1614635741205164,10806.800903633877,142.20000000000002,0.03532919254658385,32.72357723577238,5.822764227642276,11.803856957641994,123.0,32.38490566037736,7.5207547169811315,11.861960316026199,53.0,32.72357723577238,5.822764227642276,11.803856957641994,123.0,0.44442986015562813,-0.018577600808491895,-0.004958763365772447,-0.0008449493060424221,-0.002896860114707899,-0.12349567415183844,-0.034277239977279196,14.599100588072668,70.0,349500.0,232.0,3076.865961074829,113.58960852422398,3.923570156097412,-11.061115264892578,-75.16197204589844,-0.5763778686523438,-74.5855941772461,0.015985921025276184,0.015985921025276184,4.203895392974451e-45,11.1556396484375,0.810368001461029,0.8406347036361694,-0.030266709625720978,0.030266709625720978,,,,,9.432566106319427,9.582966068088158,-0.3072048749753979,-7.773395466804504,1.666462220396629,0.0011082447145355355,-75.19416097005208,1.27405925458521,0.02280327411859831,-0.026642424116532008,0.3057963125366874,-0.007339467091674407,-75.1675193786621,1.2923677787116503,0.030142746565737826,0.016091924719512464,0.0003126891750969649,2.340501810406374e-05,0.016091924719512464,0.0003126891750969649,2.340501810406374e-05,5.4650640108667865e-45,9.117418275607129e-46,-9.383555901262977e-47,7.917953038215638,1.6528229760877975,-0.004583839685951619,0.9360257625579834,0.07280340914397715,-0.0013700828668936145,0.9735562125841777,0.07414188928277987,-0.0017742217979388843,-0.03753047101199627,0.012911167194238713,0.00040413881087462397,0.03753047101199627,0.012911167194238713,-0.00040413881087462397
41.637539657495786,1.0,1500.0,0.0,59.0,1936.0,0.45575227918491423,882.0,1054.0,10.15045739542541,2.362288931168678,12127.029428928863,185.4,0.04259718775847808,33.48,6.90923076923077,11.482795525116494,130.0,32.26478873239437,7.152112676056337,11.841483232059659,71.0,33.48,6.90923076923077,11.482795525116494,130.0,0.415837850649269,-0.018980096251488193,-0.005270062417130262,-0.0010226330771449953,-0.004706010216280877,-0.1697206825345012,-0.03278785720047202,13.04418263032089,59.0,351000.0,233.0,3089.5647966861725,113.60823387697778,4.768245697021484,-10.24770736694336,-75.738525390625,-0.4353702962398529,-75.30315399169922,0.015912750735878944,0.015912750735878944,2.802596928649634e-45,10.40719223022461,0.8407920598983765,0.8748488426208496,-0.034056808799505234,0.034056808799505234,,,,,5.5782690346241,7.303577912869463,-0.07011053436192326,-8.362642669677735,1.5798498255200808,-0.065295740494606,-75.57574996948242,1.452158627075554,-0.020690614150812765,-0.012393688162167868,0.3427257861046544,0.0017913435139300725,-75.5633555094401,1.5145441783793492,-0.02248190602948475,0.015858536182592312,0.0001465946113566971,4.2709784045629485e-06,0.015858536182592312,0.0001465946113566971,4.2709784045629485e-06,3.5032461608120427e-45,7.006492321624085e-46,-7.014285972704887e-47,8.502090978622437,1.570805217703567,0.06657903340289792,0.9388408521811168,0.0796754683068485,0.0003203874567856977,0.976997051636378,0.0826897582142586,0.000431315267709236,-0.03815620765089989,0.014704718183536853,-0.00011092699873566687,0.03815620765089989,0.014704718183536853,0.00011092699873566687
37.82375514507294,1.0,1500.0,0.0,16.0,2003.0,0.11310996580745318,226.0,1777.0,9.95974102402984,2.5258953739506276,12958.735150700551,244.4,0.053058920585298076,34.120000000000005,8.087407407407408,11.225808200307513,135.0,33.884033613445375,8.179831932773109,11.280334821095805,119.0,34.120000000000005,8.087407407407408,11.225808200307513,135.0,0.40371200904750554,-0.017619097743701868,-0.007060731494643427,-0.0020154604971871905,-0.009016393442622974,-0.18485558157689483,-0.032246855634515535,13.661230716022057,16.0,352500.0,234.0,3101.174251317978,113.66662155478362,19.844722747802734,-9.643583297729492,-74.66651153564453,-0.04111795872449875,-74.62539672851562,0.015894973650574684,0.015894973650574684,1.401298464324817e-45,9.841353416442871,0.9458135962486267,0.9700723886489868,-0.02425885945558548,0.02425885945558548,,,,,7.917665954430898,8.071746722365177,0.30551332692813554,-8.06945972442627,1.5967197714615597,-0.0015703154618004224,-76.2479377746582,1.4266946841887898,0.038192037851847174,-0.005106968432664871,0.32228724487570876,0.008345449177985464,-76.24283014933268,1.261911669928119,0.02984656311646247,0.015458375588059426,0.0001844976801216428,2.129138493961839e-06,0.015458375588059426,0.0001844976801216428,2.129138493961839e-06,2.2887874917305345e-45,6.752778964568668e-46,-6.515492303534756e-47,8.22664475440979,1.577941528919101,0.003169125205815176,0.9372985243797303,0.08341977082419702,0.002406364208599065,0.9788256525993347,0.07732526604949871,0.0020075881839196103,-0.04152712300419807,0.01249554843534654,0.0003987759824125339,0.04152712300419807,0.01249554843534654,-0.0003987759824125339
46.223429799079895,1.0,1500.0,0.0,44.0,1961.0,0.3332872286798905,653.0,1308.0,10.24461009093424,2.1441153353033253,11944.881770652508,185.8,0.04243559291065229,33.16969696969698,6.646969696969695,11.560299431033783,132.0,32.806818181818194,7.09090909090909,11.641886163188586,88.0,33.16969696969698,6.646969696969695,11.560299431033783,132.0,0.4316193674000847,-0.018682764109567596,-0.006338748678193633,-0.0018305978645685769,-0.004821455476872108,-0.15247852945607604,-0.03473395965241731,14.134543797996713,44.0,354000.0,235.0,3113.4252076148987,113.7011414740837,13.916471481323242,-8.563337326049805,-75.0191421508789,0.0687069445848465,-75.08785247802734,0.0163038969039917,0.0163038969039917,1.401298464324817e-45,8.699172973632812,0.9710949063301086,0.9966917037963867,-0.025596793740987778,0.025596793740987778,,,,,6.495044042666753,5.384785267968024,-0.059955878080064896,-8.353653144836425,1.2105325030023817,0.02061386660023192,-75.25149408976237,1.0331398939867873,-0.04818563153666699,-0.030236222594976426,0.3479446650508929,-0.011288512280175638,-75.22125803629557,0.8993271876840327,-0.036897218426287695,0.016191899528106055,0.00030713125617457383,2.315054762615345e-05,0.016191899528106055,0.00030713125617457383,2.315054762615345e-05,1.401298464324817e-45,0.0,-2.0184226683780937e-62,8.502704381942749,1.2005064516882484,-0.022848985245548896,0.9441573897997538,0.0863845978688312,-0.0029970214152097775,0.9725679258505503,0.08433047104432975,-0.0027450351879514646,-0.02841053797552983,0.008424122847977026,-0.00025198504585644276,0.02841053797552983,0.008424122847977026,0.00025198504585644276
41.550131124608654,1.0,1500.0,0.0,17.0,2036.0,0.12552763700615133,255.0,1781.0,9.981132344300631,2.6433803798506803,13182.573183144263,243.4,0.052556572810502675,34.0529411764706,7.998529411764704,11.292090488079518,136.0,34.013445378151275,8.199999999999998,11.292978856578687,119.0,34.0529411764706,7.998529411764704,11.292090488079518,136.0,0.4252989925024147,-0.01836865106006527,-0.006358227778138918,-0.0012316331340599025,-0.007772220084647948,-0.172373989996154,-0.034457207642552834,13.30709386606334,17.0,355500.0,236.0,3125.025545358658,113.7590700748014,1.4486830234527588,-7.072681427001953,-75.6290054321289,-0.1044352799654007,-75.52456665039062,0.016537556424736977,0.016537556424736977,1.401298464324817e-45,7.308948993682861,0.9278802275657654,0.9545413255691528,-0.02666104957461357,0.02666104957461357,,,,,7.74295349518458,10.037589694676207,-0.2868633070564908,-8.07198821703593,1.638308436772871,0.06340398512639808,-76.11643651326497,1.370412177602275,0.060127811622833,-0.04768670176466306,0.37444123325550754,0.0018539024274526878,-76.06874974568684,1.2554953735916339,0.058273870449046375,0.016399306369324525,0.00020482633149008462,-4.261419243356781e-06,0.016399306369324525,0.00020482633149008462,-4.261419243356781e-06,1.401298464324817e-45,0.0,-2.0184226683780937e-62,8.211477247873942,1.6559036609756674,-0.06413601799987206,0.9349056998888652,0.09396281205970664,0.0011283116292900087,0.9683379729588827,0.09103384863450964,0.0004607252867786534,-0.03343226381887992,0.012507676997023287,0.0006675865816095388,0.03343226381887992,0.012507676997023287,-0.0006675865816095388
53.67414257067059,1.0,1500.0,0.0,109.0,1995.0,0.818433678628907,1632.0,363.0,10.158509407484132,2.1948383021889533,10773.704162575148,97.4,0.02173233968494801,33.4462686567164,4.4895522388059685,11.386927532979163,134.0,30.751999999999995,6.1599999999999975,12.195819215304821,25.0,33.4462686567164,4.4895522388059685,11.386927532979163,134.0,0.42559059117252873,-0.0163516142889021,-0.004531800836647972,-0.0010674432456576264,-0.003996394230769261,-0.10759615384614979,-0.028005510386405655,13.365394883256213,109.0,357000.0,237.0,3139.278575658798,113.72039511500861,0.9913371801376343,-10.637434005737305,-79.39198303222656,-0.44284820556640625,-78.94913482666016,0.01596570387482643,0.01596570387482643,0.0,10.68297290802002,0.8166481852531433,0.8729586601257324,-0.056310445070266724,0.056310445070266724,,,,,7.694565522670746,6.916053959218852,0.005805892196459878,-8.198433828353881,1.158512029560786,-0.02694223730662227,-77.07776616414388,1.1871902350683436,0.008409953727341244,0.04406496721009413,0.3683922784120251,0.00022089258002093955,-77.12183100382487,1.1664829506878727,0.00818902886616739,0.016444502212107182,0.00029051484990032575,-1.552546390635864e-05,0.016444502212107182,0.00029051484990032575,-1.552546390635864e-05,9.341989762165447e-47,3.4954525000772882e-46,-1.7457778420954353e-47,8.329158306121826,1.1699718793771867,0.025414994508193567,0.9504385491212209,0.08925143578715883,0.00023647735063171487,0.9907972574234009,0.08969463925025088,5.0582106041803415e-05,-0.04035870855053266,0.011284858794294946,0.00018589543106160866,0.04035870855053266,0.011284858794294946,-0.00018589543106160866
42.465620092443515,1.0,1500.0,0.0,37.0,2049.0,0.2687539269274468,550.0,1499.0,10.203422766319468,2.632201613384791,12879.15769340196,221.20000000000002,0.04850451714761863,33.28759124087591,7.170802919708028,11.493436683250644,137.0,33.016000000000005,7.484,11.57490053458222,100.0,33.28759124087591,7.170802919708028,11.493436683250644,137.0,0.42938331715684835,-0.01790537967484035,-0.0076278733722663795,-0.001423085686663904,-0.012152034261242043,-0.16702355460385102,-0.034557616704774495,13.886162737664947,37.0,358500.0,238.0,3151.580774784088,113.75243905165671,21.9827880859375,-4.925095558166504,-79.44793701171875,0.18954244256019592,-79.63748168945312,0.015564581379294395,0.015564581379294395,0.0,5.023349761962891,0.9659098982810974,1.025530457496643,-0.059620652347803116,0.059620652347803116,,,,,6.786748544375102,7.117394159523402,0.2392608267048972,-8.026853990554809,1.5281449458069796,-0.004948297676705729,-77.51404164632162,1.2380512719809205,-0.023952364470720487,0.08830163230498632,0.3390646987618722,0.009512541195309334,-77.6023427327474,1.2133127876088594,-0.033464897249111315,0.01542959176003933,0.00039608687352089237,-2.961251491036394e-05,0.01542959176003933,0.00039608687352089237,-2.961251491036394e-05,0.0,0.0,0.0,8.159548743565876,1.534204215054389,0.007790632640426773,0.9593431274096171,0.08184069770409201,0.0020610410724253713,1.0010913570721944,0.08158356142597509,0.0022740913312612626,-0.04174824630220731,0.011415522258338149,-0.00021305058536858295,0.04174824630220731,0.011415522258338149,0.00021305058536858295
48.709135399924385,1.0,1500.0,0.0,9.0,2067.0,0.06325512981240763,130.0,1937.0,10.142828479946886,2.360350763689455,13332.468116152255,232.8,0.0499699493431785,33.51654676258993,7.920863309352515,11.436035961654284,139.0,33.510769230769235,8.109230769230768,11.43680387122068,130.0,33.51654676258993,7.920863309352515,11.436035961654284,139.0,0.4352914077805504,-0.017272193212630894,-0.008209318457029638,-0.0019284450145734416,-0.008160237388724019,-0.13887240356083122,-0.034444648276658996,14.798820973041078,9.0,360000.0,239.0,3162.766115665436,113.82441408389035,2.405968189239502,-11.292576789855957,-77.6933364868164,0.0790453553199768,-77.77238464355469,0.01629422791302204,0.01629422791302204,0.0,11.414581298828125,0.9605326652526855,0.9992005825042725,-0.03866787627339363,0.03866787627339363,,,,,8.553314165274303,8.94825967746004,-0.2908300029290004,-8.556555620829265,1.3457853270482185,-0.02198606773266123,-76.99947357177734,1.3493136376035728,-0.04898506139090958,0.004630741725365321,0.41145222222625494,0.00530337988833035,-77.00410435994466,1.2662179736784924,-0.054288471633518603,0.01597114112228155,0.0003628869803069407,3.794062762491144e-05,0.01597114112228155,0.0003628869803069407,3.794062762491144e-05,0.0,0.0,0.0,8.726768350601196,1.3330927597714581,0.017940089381708928,0.9482837617397308,0.1006916487574701,0.0008610206796011545,0.9811645527680715,0.09934881064419859,0.0012733263088943185,-0.03288079621270299,0.011747272439289915,-0.0004123067226389357,0.03288079621270299,0.011747272439289915,0.0004123067226389357
55.0111096004645,1.0,1500.0,0.0,48.0,1935.0,0.36960685712294816,715.0,1220.0,10.500773511470976,2.4161860523601417,11907.917593914817,177.8,0.04228701897921324,32.343076923076936,5.8784615384615355,11.87190761965144,130.0,32.47073170731707,7.009756097560977,11.783445025422157,82.0,32.343076923076936,5.8784615384615355,11.87190761965144,130.0,0.45817948889600923,-0.018054080040074746,-0.00706933168174731,-0.0013996360088817722,-0.00425593936743917,-0.11042122139629662,-0.03609602342731568,14.862359438305745,48.0,361500.0,240.0,3175.0847747325897,113.85522770189532,1.7093546390533447,-9.35403823852539,-78.22273254394531,0.005618110299110413,-78.22834777832031,0.01524884719401598,0.01524884719401598,0.0,9.437690734863281,0.9415038824081421,0.9813430905342102,-0.03983916714787483,0.03983916714787483,,,,,6.78277703722318,9.855485457076174,-0.27726812032491677,-8.12871945699056,1.4662509944518092,-0.004790651705426666,-77.87927780151367,1.0771162969101722,0.020120492156543553,-0.022475525612632434,0.3769121529243268,-0.0056888684555805365,-77.85680185953775,1.087855493100066,0.025809428689212294,0.016140681381026905,0.0007361650000937377,-7.537439946205428e-05,0.016140681381026905,0.0007361650000937377,-7.537439946205428e-05,0.0,0.0,0.0,8.257457605997722,1.4623600618398311,0.004126345514587999,0.9367419719696045,0.08937306261764695,-0.0010328773396696958,0.974583242336909,0.09096778399684566,-0.0013824291170903375,-0.03784126602113247,0.01054057558860439,0.0003495525763483026,0.03784126602113247,0.01054057558860439,-0.0003495525763483026
44.43577655437773,1.0,1500.0,0.0,113.0,2022.0,0.8345109272970593,1687.0,335.0,9.330146424709755,2.0986511429138193,11242.31410522765,122.80000000000001,0.02480607627666451,36.39999999999999,5.9044117647058805,10.457836699518536,136.0,31.539130434782606,7.095652173913043,12.149165684050825,23.0,36.39999999999999,5.9044117647058805,10.457836699518536,136.0,0.3804428245155347,-0.01549526583493772,-0.0036634587424157123,-0.001345964201608826,-0.006414896407028446,-0.13423551009703824,-0.024081508092223685,11.501204785540505,113.0,363000.0,241.0,3189.8863229751587,113.79715865906951,2.375394105911255,-8.762269973754883,-76.12151336669922,0.2495800405740738,-76.37109375,0.014456842094659805,0.014456842094659805,0.0,8.7922945022583,1.0196950435638428,1.0389090776443481,-0.019213996827602386,0.019213996827602386,,,,,8.318451551596324,8.974549897815352,-0.14549887774385803,-8.358861859639486,1.38550352443983,-0.002807684443285857,-78.1465451558431,1.3203067325759679,0.028571352677564405,-0.00926084741950035,0.3283413916228438,0.010388394813980496,-78.13728459676106,1.3420639208364633,0.01818299935312375,0.01457516166071097,0.00017064484781068937,-8.234807659972843e-06,0.01457516166071097,0.00017064484781068937,-8.234807659972843e-06,0.0,0.0,0.0,8.52471202214559,1.3922071861332699,0.002640233872596943,0.9404175460338593,0.07650229602998801,0.0027360077164196813,0.9777744849522908,0.07760676206542101,0.0024606554606334484,-0.03735695093249281,0.012803974155544438,0.00027535312660908757,0.03735695093249281,0.012803974155544438,-0.00027535312660908757
45.93376886022502,1.0,1500.0,0.0,116.0,2071.0,0.8405994592433133,1740.0,331.0,9.417701879919315,2.143570813980079,11536.125143388512,111.60000000000001,0.022253240279162513,36.0791366906475,5.899280575539566,10.54155468043377,139.0,32.92173913043477,7.4869565217391285,11.657288421056801,23.0,36.0791366906475,5.899280575539566,10.54155468043377,139.0,0.38887088780654777,-0.015997600021960417,-0.0038515963298126027,-0.001242194199532208,-0.003067069360549915,-0.1349302228702375,-0.025559689738506645,12.124379323455813,116.0,364500.0,242.0,3204.847005844116,113.73397835694665,8.090668678283691,-8.500155448913574,-78.20832061767578,0.7276350259780884,-78.93595886230469,0.0147692346945405,0.0147692346945405,0.0,8.680695533752441,1.1123967170715332,1.1526159048080444,-0.04021911323070526,0.04021911323070526,,,,,8.888190031051636,9.930398773002443,0.26812558163525124,-7.744493325551351,1.2277585158879518,-0.03096738503427462,-78.76974741617839,1.4385899793840893,-0.04595878694425866,0.056775835280617075,0.3700646980914508,0.0067216441275612,-78.82652333577474,1.3532948197337318,-0.052680454954287165,0.01456459378823638,0.0002212135836676391,-5.782159196588329e-06,0.01456459378823638,0.0002212135836676391,-5.782159196588329e-06,0.0,0.0,0.0,7.916232713063558,1.2209897902729816,0.029765495707646496,0.9527572492758433,0.08984623734832275,0.0012004214346209713,0.9934654891490936,0.0875598128969339,0.0015903164865707757,-0.04070823925236861,0.012445341528351278,-0.0003898949243202882,0.04070823925236861,0.012445341528351278,0.0003898949243202882
48.077021073549986,1.0,1500.0,0.0,64.0,2095.0,0.4516803850441653,946.0,1149.0,10.02267933928314,2.1110427057404073,12295.493403209406,175.0,0.0366185394433982,33.89361702127661,6.341843971631205,11.312294001271912,141.0,33.446753246753225,7.353246753246751,11.423848214223806,77.0,33.89361702127661,6.341843971631205,11.312294001271912,141.0,0.42362070595320694,-0.017884843625837688,-0.0055262189192515155,-0.0008594533856011952,-0.008048904737646438,-0.13334691798267548,-0.03197671803764048,13.421229508197465,64.0,366000.0,243.0,3217.9800355434418,113.73594489631168,2.257539987564087,-8.83010482788086,-79.7616195678711,-0.20865663886070251,-79.55296325683594,0.014998176135122776,0.014998176135122776,0.0,9.037181854248047,0.887492299079895,0.9303193092346191,-0.04282701015472412,0.04282701015472412,,,,,6.632582875092824,6.895825253007046,0.09048704811940583,-8.129739952087402,1.3854606280606572,-0.004357543113631962,-81.41994552612304,1.6640724935810673,-0.09150423043561641,-0.037633849680423735,0.3977531228172463,0.0011508448768378157,-81.38231150309245,1.648168333651584,-0.09265510805191468,0.015094734231630961,0.0002493966032725412,1.4987796777082149e-05,0.015094734231630961,0.0002493966032725412,1.4987796777082149e-05,0.0,0.0,0.0,8.28196315765381,1.38107284058383,0.0030097562558656587,0.9095858752727508,0.0947244237904055,-0.00048294866973488606,0.9710564275582632,0.09475438043004043,0.0002759780316251916,-0.0614705461387833,0.014987720080543832,-0.0007589266901717695,0.0614705461387833,0.014987720080543832,0.0007589266901717695
41.27303927594965,1.0,1500.0,0.0,66.0,2097.0,0.47175423970508795,989.0,1108.0,9.839698789805249,2.0987741139242124,12165.326765918,193.8,0.04007278441751789,34.544285714285714,7.431428571428569,11.068546746498635,140.0,34.089189189189185,8.183783783783785,11.22306027646176,74.0,34.544285714285714,7.431428571428569,11.068546746498635,140.0,0.4149837862674764,-0.017751904243601693,-0.005232138706681087,-0.0014789483299926785,-0.010721909567242189,-0.16844556568988314,-0.030752646556099484,13.071970374072652,66.0,367500.0,244.0,3231.368067741394,113.72891985556718,2.286337375640869,-8.732673645019531,-80.09329986572266,-0.338066428899765,-79.75523376464844,0.01602315530180931,0.01602315530180931,0.0,8.894686698913574,0.8566094040870667,0.8982162475585938,-0.04160687327384949,0.04160687327384949,,,,,10.430656878153483,14.787272081638498,0.635155655200012,-8.355355827013652,1.879918255085949,0.01946346969307484,-80.75521672566732,1.3355328830066828,0.0562920439893067,0.14038798014322917,0.37443371961496075,-0.0044984262299882435,-80.89560470581054,1.314727478580654,0.060790436843348984,0.015769917952517667,0.0003399093928758181,3.3141535865318766e-05,0.015769917952517667,0.0003399093928758181,3.3141535865318766e-05,0.0,0.0,0.0,8.480291255315144,1.8536446589020457,-0.016869501807665995,0.9600596308708191,0.08991786137143429,-0.0004026476347672151,1.0137919207413992,0.09018184093003014,-0.0010738815826356796,-0.05373228055735429,0.0126413023770198,0.0006712349067474248,0.05373228055735429,0.0126413023770198,-0.0006712349067474248
44.235546531884566,1.0,1500.0,0.0,46.0,2014.0,0.3367032673648207,678.0,1336.0,10.073680823327155,2.510861940272632,12882.259774922173,210.8,0.04594995204464208,33.73235294117647,7.252941176470587,11.39068713805326,136.0,33.37555555555554,7.939999999999994,11.492592347472113,90.0,33.73235294117647,7.252941176470587,11.39068713805326,136.0,0.42242426548414574,-0.018408355050698978,-0.007249562240509561,-0.0012987625042990786,-0.006661951909476718,-0.15377652050918988,-0.033644186249257545,13.283558938908525,46.0,369000.0,245.0,3243.8501703739166,113.75371260056244,2.2000794410705566,-7.05986213684082,-85.03533935546875,-0.7929987907409668,-84.24234008789062,0.015493946149945259,0.015493946149945259,0.0,7.319990634918213,0.70963054895401,0.7896931171417236,-0.0800626128911972,0.0800626128911972,,,,,7.381461485226949,7.4365053286530545,0.0576904280432338,-8.144377120335896,1.6834377682744484,-0.012102289274086199,-81.56334991455078,1.7511800022147255,-0.07970347165796063,-0.030330945178866385,0.3266625272270009,-0.0049778629620626826,-81.5330192565918,1.6993229501073293,-0.07472559469560118,0.015572099294513465,0.00016907311360883387,-1.9537023909900096e-06,0.015572099294513465,0.00016907311360883387,-1.9537023909900096e-06,0.0,0.0,0.0,8.297741508483886,1.688181813183441,0.012479585853381357,0.9161919434865315,0.08086180505466507,-0.0017802323329700939,0.9726876934369405,0.07847871016508103,-0.0011924969606325509,-0.05649574659764767,0.015434898224146698,-0.0005877368317894186,0.05649574659764767,0.015434898224146698,0.0005877368317894186
55.707176272685714,1.0,1500.0,0.0,91.0,1893.0,0.7172324511979684,1357.0,536.0,10.290445896866123,2.246691938639127,10791.483209659826,81.0,0.01932528510760128,33.00314960629921,4.113385826771652,11.624432608286048,127.0,29.95555555555556,5.777777777777778,12.616339238754673,36.0,33.00314960629921,4.113385826771652,11.624432608286048,127.0,0.42427937975060637,-0.01790332197183556,-0.004962062579266578,-0.0005527328914275033,-0.00394661308840417,-0.09024110218139803,-0.031105941525703285,13.505965720975405,91.0,370500.0,246.0,3257.377641916275,113.74180114468994,10.2890043258667,-9.179884910583496,-81.63327026367188,-0.4187565743923187,-81.21451568603516,0.01610720530152321,0.01610720530152321,0.0,9.363668441772461,0.829660177230835,0.8785660266876221,-0.0489058643579483,0.0489058643579483,,,,,8.707691450913748,12.393492186265986,0.1471867770586447,-7.831211129824321,1.8243048499082166,-0.03459674036409999,-81.45491409301758,1.685765324317581,-0.04296426741246626,0.010869298378626506,0.28613433540126,-0.008421572442845061,-81.46578369140624,1.712152278858303,-0.03454268034360936,0.015666980172197024,0.00044958510354361857,4.7687005595582394e-05,0.015666980172197024,0.00044958510354361857,4.7687005595582394e-05,0.0,0.0,0.0,7.997203890482584,1.8381141652121682,0.036120883190591944,0.9297360638777415,0.06760958829575822,-0.0022573599560772825,0.9824626028537751,0.06884387270358325,-0.002042329152248362,-0.052726541521648566,0.01568718701755171,-0.0002150312973573798,0.052726541521648566,0.01568718701755171,0.0002150312973573798
56.328577536408616,1.0,1500.0,0.0,93.0,1958.0,0.7068826168591351,1384.0,574.0,10.125771120060548,2.2078524840797735,11036.535914847314,121.80000000000001,0.02751298847978315,33.5378787878788,4.733333333333333,11.494985026973177,132.0,32.73846153846153,7.846153846153846,11.618897983941064,39.0,33.5378787878788,4.733333333333333,11.494985026973177,132.0,0.4293524012585091,-0.017075012254382044,-0.004637657171841348,-0.0010603882941463175,-0.005619811253813934,-0.09048463776342594,-0.03125038550300724,14.01555642035943,93.0,372000.0,247.0,3271.069695711136,113.72426594509677,4.498785495758057,-5.314657688140869,-81.76641082763672,-0.09251446276903152,-81.67389678955078,0.01533564180135727,0.01533564180135727,0.0,5.547510147094727,0.9078283309936523,0.9578549861907959,-0.05002656951546669,0.05002656951546669,,,,,8.249261327584584,7.434474081269061,-0.059483050743120054,-8.093468729654948,1.3766569551521568,0.055417560708933986,-82.42243626912435,1.8386060492693963,-0.022097067148718546,0.06290022457639376,0.2913213886885625,0.006859565349720489,-82.48533630371094,1.7797028029867394,-0.028956646436576892,0.015493649244308471,0.00029809275201698917,-3.2142492568532855e-05,0.015493649244308471,0.00029809275201698917,-3.2142492568532855e-05,0.0,0.0,0.0,8.228041076660157,1.3851918909604946,-0.05469941848907658,0.9360332588354746,0.07404227413311099,0.001487123197124841,0.9950269838174184,0.0700445391149169,0.0016484259896071317,-0.05899373013526201,0.01627503139339288,-0.00016130102017233402,0.05899373013526201,0.01627503139339288,0.00016130102017233402
59.54329126032572,1.0,1500.0,0.0,126.0,2012.0,0.934864101743559,1880.0,132.0,9.821408195343855,1.6466735619683044,9606.950048079594,43.6,0.009337388101254979,34.58814814814813,2.9792592592592584,10.96947221874568,135.0,32.95555555555555,7.755555555555552,11.48479737290195,9.0,34.58814814814813,2.9792592592592584,10.96947221874568,135.0,0.4155759996997324,-0.0147359345074585,-0.004215593256743164,-0.000763955716571914,-0.005066124109867682,-0.0676297049847385,-0.02531496132045155,13.069278421519815,126.0,373500.0,248.0,3285.918070793152,113.66686324891994,10.637578964233398,-6.845551490783691,-83.2485580444336,0.2892293930053711,-83.53778839111328,0.01504194363951683,0.01504194363951683,0.0,6.950645446777344,0.9849188327789307,1.0489115715026855,-0.06399266421794891,0.06399266421794891,,,,,9.92999957203865,12.086199285152803,-0.03585835841129073,-8.144331248601278,1.1205506578577025,0.026662294114126878,-82.07347666422525,1.6265066228674978,-0.03423795944060958,-0.01521376110613346,0.33331542969461575,0.009023784047139773,-82.05826288859049,1.5890418946826894,-0.04326178155035383,0.015337982742736737,0.0002883389842906838,-2.9028077983816986e-05,0.015337982742736737,0.0002883389842906838,-2.9028077983816986e-05,0.0,0.0,0.0,8.280238437652589,1.1212582295225044,-0.028546974470671234,0.9243044972419738,0.08129986645677208,0.0018582388079073423,0.9762557884057362,0.07964815334145256,0.002151505819815009,-0.0519512931505839,0.014379386404949346,-0.0002932675555762772,0.0519512931505839,0.014379386404949346,0.0002932675555762772
50.00187258022587,1.0,1500.0,0.0,82.0,1919.0,0.6398355805661508,1227.0,692.0,10.082169416903195,2.0944861635067498,11139.139292247615,148.20000000000002,0.03408934075539403,33.700775193798464,5.951937984496122,11.389299337416046,129.0,32.936170212765965,7.931914893617019,11.599102297133372,47.0,33.700775193798464,5.951937984496122,11.389299337416046,129.0,0.42785495171747834,-0.017938832046368813,-0.004079249813304116,-0.0017284295727961127,-0.006251003049269768,-0.12678542770020418,-0.03131834026339347,13.565162642681978,82.0,375000.0,249.0,3299.2639949321747,113.6617138173901,3.562803268432617,-6.895465850830078,-82.49120330810547,-0.3646465539932251,-82.12655639648438,0.015397184528410435,0.015397184528410435,0.0,7.130758285522461,0.8446018695831299,0.8926274180412292,-0.04802555590867996,0.04802555590867996,,,,,9.928528809547425,10.922496451380107,-0.43592424509390043,-8.486902459462483,1.013308473281192,-0.030488978715839183,-81.90374043782552,1.35108477244165,0.09412691076022023,0.012067454184095066,0.3385137861878364,-0.020368338789007696,-81.91580759684244,1.4707037922762658,0.11449525894657424,0.01574186064923803,0.00028840559600814414,-1.151246040462822e-05,0.01574186064923803,0.00028840559600814414,-1.151246040462822e-05,0.0,0.0,0.0,8.645069583257039,1.0168159646573791,0.030048946278776634,0.9353884438673655,0.07583380724206001,-0.0037355721726168374,0.9829737921555837,0.08135896481457866,-0.004882396805670983,-0.047585358719031016,0.01403348371203022,0.0011468240487761182,0.047585358719031016,0.01403348371203022,-0.0011468240487761182
48.191203931203255,1.0,1500.0,0.0,104.0,1829.0,0.8487645811121663,1552.0,277.0,9.56052278729751,1.933852431029136,10004.026038945227,65.8,0.015060654612039369,35.52032520325204,5.260162601626015,10.845716127692478,123.0,30.231578947368426,6.421052631578947,12.624375389273046,19.0,35.52032520325204,5.260162601626015,10.845716127692478,123.0,0.3924459813798539,-0.016000547813483944,-0.004131293957723164,-0.0007608093031596933,-0.0031412998886479805,-0.12302643145987982,-0.026898303952980884,12.34458183031537,104.0,376500.0,250.0,3313.5015251636505,113.62602284645246,3.8986568450927734,-8.042376518249512,-79.65843200683594,0.2776116132736206,-79.93604278564453,0.01626160554587841,0.01626160554587841,0.0,8.105276107788086,1.0222872495651245,1.0473964214324951,-0.025109101086854935,0.025109101086854935,,,,,9.154005601008732,11.380774377109844,0.015656761956029105,-8.765057913462321,1.1985410824300415,0.015816152612943057,-81.44958190917968,1.5008764491849287,0.018414394900586002,0.1096885566910108,0.36624849099361867,0.01434911630707933,-81.55927022298177,1.4292896391894865,0.004065253710721451,0.015092762559652329,0.00039818010355224207,2.762095565525348e-05,0.015092762559652329,0.00039818010355224207,2.762095565525348e-05,0.0,0.0,0.0,8.920914284388225,1.1844531225445436,-0.014779435752894352,0.9649759491284688,0.08964424253993183,0.003589759546604498,1.0062701900800068,0.08745609214467333,0.003451747013809125,-0.04129424778123696,0.013039955868065172,0.00013801168828572955,0.04129424778123696,0.013039955868065172,-0.00013801168828572955
49.796708289119934,1.0,1500.0,0.0,72.0,2054.0,0.5208698988945193,1069.0,985.0,10.24319104156973,2.65876811994697,12628.807380282817,149.8,0.03273172223921689,33.16376811594203,6.062318840579713,11.527055570749756,138.0,32.575757575757585,7.512121212121213,11.705918605777134,66.0,33.16376811594203,6.062318840579713,11.527055570749756,138.0,0.43412737629903286,-0.018540821475222027,-0.0062002426765561764,-0.0014277499459405426,-0.008407407407407325,-0.12622222222221824,-0.03377794348392842,13.864060418347286,72.0,378000.0,251.0,3326.6923196315765,113.62637830055249,4.369279384613037,-7.835733890533447,-83.7887954711914,-0.17850856482982635,-83.61029052734375,0.017095211893320084,0.017095211893320084,0.0,8.020297050476074,0.8807781934738159,0.9361304044723511,-0.05535222962498665,0.05535222962498665,,,,,7.475885631640752,12.02947870904602,-0.09551469893821504,-8.842309522628785,1.6513681759251684,-0.01824274593518731,-82.68784662882487,2.0522296346786053,0.02390755387116524,0.009767378059526285,0.34204525127588603,-0.00836044502412452,-82.69761352539062,1.8929056563383786,0.03226796320999317,0.016541645924250285,0.0004582528504015217,3.529323039118472e-05,0.016541645924250285,0.0004582528504015217,3.529323039118472e-05,0.0,0.0,0.0,8.976656023661295,1.6370207569234156,0.017450643036601387,0.9337432861328125,0.09144522619143107,-0.0016580471605294807,0.9823210636774699,0.083484449768276,-0.002051347726179057,-0.04857777977983157,0.01729095487063112,0.0003932990001160269,0.04857777977983157,0.01729095487063112,-0.0003932990001160269
46.62138112434527,1.0,1500.0,0.0,82.0,1976.0,0.6224977196151046,1230.0,746.0,10.01835084317989,2.090301605021385,11334.57078776676,159.20000000000002,0.035567470956210906,33.90909090909092,6.409090909090909,11.306638980221825,132.0,33.26,7.7600000000000025,11.4465368266568,50.0,33.90909090909092,6.409090909090909,11.306638980221825,132.0,0.4233740820764786,-0.017029075110822852,-0.0051951890541325416,-0.0016726682247988301,-0.0060516898608349865,-0.14568588469184335,-0.03155620445212442,13.468870183480457,82.0,379500.0,252.0,3340.211651325226,113.61555482552542,2.540886402130127,-8.486517906188965,-79.96125793457031,-0.17752887308597565,-79.78372955322266,0.01490758080035448,0.01490758080035448,0.0,8.531867980957031,0.9199271202087402,0.937789797782898,-0.01786266639828682,0.01786266639828682,,,,,5.456301764647166,4.396851192146203,-0.0419424470990599,-8.71239816347758,1.3417033588101315,-0.0013739679228343025,-82.54783198038737,1.6233143286514795,0.06163891377518235,-0.11341059853633245,0.3430803879043878,0.015856500869996033,-82.43442103068034,1.4710384287260767,0.04578244863813754,0.015507857967168092,0.000690446836785815,-7.46941943968898e-05,0.015507857967168092,0.000690446836785815,-7.46941943968898e-05,0.0,0.0,0.0,8.850940561294555,1.3482712868625422,0.0019923681146706185,0.9092358946800232,0.08847376721982061,0.004363829354953425,0.9524066766103109,0.08260782137523313,0.003850630499231905,-0.04317079832156499,0.013525527969673701,0.0005131966089446518,0.04317079832156499,0.013525527969673701,-0.0005131966089446518
48.361409541332364,1.0,1500.0,0.0,66.0,1887.0,0.5210270574810965,983.0,904.0,10.172667368288925,2.551303855804449,11823.139729292705,160.4,0.03781591852131271,33.398425196850404,6.475590551181104,11.491012675161013,127.0,33.049180327868854,7.796721311475407,11.557160879162208,61.0,33.398425196850404,6.475590551181104,11.491012675161013,127.0,0.4335790457827848,-0.018051017503785,-0.005995368470819841,-0.001386777439520864,-0.0050141242937853546,-0.13995157384987444,-0.033098945311648836,13.807390308183885,66.0,381000.0,253.0,3353.1653549671173,113.6239820191439,12.530349731445312,-9.279009819030762,-82.73387908935547,-0.18735343217849731,-82.54652404785156,0.015039627440273762,0.015039627440273762,0.0,9.324652671813965,0.8956348896026611,0.9353597164154053,-0.03972481191158295,0.03972481191158295,,,,,6.40851757923762,7.6066061033675485,-0.0312612469124716,-8.29254601796468,1.5335794910731968,-0.019985261138474614,-82.97248942057291,1.4680980426762742,-0.07994940124443638,-0.022813231746355692,0.30639149310568364,-0.0007928071118833277,-82.94967600504557,1.4666731901750387,-0.07915660955749286,0.01470931690807144,0.0002870198093023044,1.905737537994234e-05,0.01470931690807144,0.0002870198093023044,1.905737537994234e-05,0.0,0.0,0.0,8.43447151184082,1.5244711942083875,0.019479649536336394,0.9298157672087352,0.07223307688436563,-0.0008035559145044054,0.9746033072471618,0.07242857850632793,-0.00019306635299703436,-0.044787544198334216,0.01278869525058715,-0.0006104903898561349,0.044787544198334216,0.01278869525058715,0.0006104903898561349
47.29910403887431,1.0,1500.0,0.0,60.0,1852.0,0.4800335855763516,889.0,963.0,10.322403279029517,1.9570389463859528,10666.756961239096,188.20000000000002,0.04575735472890834,32.90400000000002,6.7071999999999985,11.745971196150093,125.0,32.44923076923077,7.673846153846151,11.89928691341564,65.0,32.90400000000002,6.7071999999999985,11.745971196150093,125.0,0.43945658127927456,-0.018380767847280276,-0.005894663320197561,-0.0017978078823873696,-0.0029996629592180775,-0.15261206605998845,-0.034178552434444745,14.12907344466722,60.0,382500.0,254.0,3365.808846950531,113.64281734138,22.551513671875,-9.869623184204102,-84.4083480834961,0.11568421125411987,-84.52403259277344,0.014057117514312267,0.014057117514312267,0.0,10.012030601501465,0.9527071118354797,1.007127046585083,-0.054419949650764465,0.054419949650764465,,,,,9.365337081750233,11.706741806205136,0.451436707838226,-8.451431798934937,1.2597779513397713,-0.04347844033670881,-82.7912228902181,1.3337021205076471,-0.031048561919384956,-0.10438021222750346,0.3238132441571236,-0.011751092623948266,-82.68684285481771,1.2740303875978651,-0.019297493498633744,0.014579195280869801,0.0002969958588878197,-2.9644856563002035e-05,0.014579195280869801,0.0002969958588878197,-2.9644856563002035e-05,0.0,0.0,0.0,8.595224110285441,1.2626784024990585,0.0444460397832782,0.9159226000308991,0.07804659192029002,-0.002846033063958583,0.9553739070892334,0.07679829256842093,-0.0027720031271522105,-0.03945130305364728,0.011311602117927422,-7.402889194325293e-05,0.03945130305364728,0.011311602117927422,7.402889194325293e-05
54.377291663748316,1.0,1500.0,0.0,122.0,1933.0,0.9403004852608123,1817.0,116.0,9.786360939713179,1.5360808904839276,9297.77446920273,63.800000000000004,0.01414257847136017,34.70153846153846,3.8646153846153863,10.845379124823202,130.0,28.849999999999998,3.475000000000001,12.439262877172311,8.0,34.70153846153846,3.8646153846153863,10.845379124823202,130.0,0.4111186644907607,-0.01446677978472172,-0.003666051173138874,-0.000953911055578165,-0.0033822458112186793,-0.09878239150795745,-0.02526027643520431,12.69518063955585,122.0,384000.0,255.0,3380.561543703079,113.5905958331896,15.07392692565918,-9.758367538452148,-83.88939666748047,0.31654518842697144,-84.20594024658203,0.0151694780215621,0.0151694780215621,0.0,9.884515762329102,1.0070078372955322,1.0555702447891235,-0.04856254905462265,0.04856254905462265,,,,,5.4199825088183085,6.945255510057254,-0.18343972796460303,-8.555130815505981,1.63274667466067,-0.047577031700974236,-83.59372431437174,1.2030312990905703,-0.021684533311206747,0.06636724968751272,0.3427024116151973,0.017344049429800685,-83.66009140014648,1.15919101922283,-0.03902862345150994,0.014383445835361879,0.0004044544518046852,4.3173075691942475e-05,0.014383445835361879,0.0004044544518046852,4.3173075691942475e-05,0.0,0.0,0.0,8.699032560984294,1.6605609100857832,0.050765951748551835,0.9506764590740204,0.08155956313397458,0.003855769003060799,0.995832626024882,0.08072686483074858,0.004103563200512498,-0.04515617142120997,0.010106328379245244,-0.00024779600581284684,0.04515617142120997,0.010106328379245244,0.00024779600581284684
51.2248981367458,1.0,1500.0,0.0,110.0,2027.0,0.8102782234997756,1642.0,385.0,9.681913420306303,1.7891337207607085,10634.577622719746,98.0,0.02053732344188776,35.08676470588234,4.829411764705882,10.897354066767548,136.0,32.784615384615385,6.9,11.528243681884645,26.0,35.08676470588234,4.829411764705882,10.897354066767548,136.0,0.40401811875810567,-0.016428597933357804,-0.004100382993550202,-0.0012790124217274682,-0.006576853115052165,-0.10854934060936368,-0.026523331242727936,12.752697610918686,110.0,385500.0,256.0,3395.1693725585938,113.54367270033656,13.280923843383789,-10.471299171447754,-83.58576965332031,0.4588393270969391,-84.04460906982422,0.01625172235071659,0.01625172235071659,0.0,10.663227081298828,1.047210454940796,1.0913753509521484,-0.04416470602154732,0.04416470602154732,,,,,8.657696096102397,8.12017601348034,0.09003046733784036,-8.655115795135497,1.2768502215895023,-0.00976903022197487,-82.73590901692708,1.0268854042338342,0.016534783657191535,0.13358884826302528,0.32923170466032636,0.005257729087045648,-82.86949793497722,0.9786435915208843,0.01127698684030623,0.01526703154668212,0.0003388239464400531,3.214160889983826e-05,0.01526703154668212,0.0003388239464400531,3.214160889983826e-05,0.0,0.0,0.0,8.795975701014202,1.299098993041883,0.011275092327554782,0.9768063008785248,0.07909766144932648,0.001476325964901132,1.0119778354962667,0.07865142997449535,0.001278831377973525,-0.03517154244085153,0.008808277370671603,0.0001974975074889012,0.03517154244085153,0.008808277370671603,-0.0001974975074889012
49.39202964305878,1.0,1500.0,0.0,110.0,1951.0,0.8399825394997781,1638.0,313.0,9.871048683200481,1.825317757642587,10375.5778625971,87.80000000000001,0.019473894335270373,34.41679389312977,5.274809160305345,11.064272468742955,131.0,31.485714285714284,7.133333333333334,12.063038326594427,21.0,34.41679389312977,5.274809160305345,11.064272468742955,131.0,0.41443636377683224,-0.01730652709081818,-0.004655139458586154,-0.001146770291910603,-0.0036856179514010365,-0.12584583188001072,-0.028085939114973618,12.84395042416154,110.0,387000.0,257.0,3409.391891002655,113.50997842790922,6.386501312255859,-10.80726432800293,-84.05197143554688,-0.4155369699001312,-83.63643646240234,0.015073342248797417,0.015073342248797417,0.0,10.940114974975586,0.8433257341384888,0.880940318107605,-0.03761456161737442,0.03761456161737442,,,,,8.51003753344218,9.76291577651245,0.09286186570452878,-8.837972402572632,1.2899437297007894,0.038386349471180505,-83.62054341634115,1.2126119140646452,0.018994632844002306,-0.08206883557140827,0.4168581431728121,-0.01257509527618151,-83.5384750366211,1.2484468528080945,0.03156966059836579,0.015865664028873048,0.0003815566582238792,-3.808617314222299e-05,0.015865664028873048,0.0003815566582238792,-3.808617314222299e-05,0.0,0.0,0.0,8.9973317305247,1.3011292973624429,-0.03938699548316099,0.9222134610017141,0.09827032878537491,-0.0026323111754768896,0.9603814999262492,0.10066793722793982,-0.003008756648181445,-0.03816804513335228,0.011250227798053831,0.0003764463354469811,0.03816804513335228,0.011250227798053831,-0.0003764463354469811
44.26895548158617,1.0,1500.0,0.0,67.0,1861.0,0.5327711419798647,991.0,870.0,10.172194713209565,2.226955102857841,10898.751526477497,153.4,0.036747796090456114,33.395199999999996,6.612799999999999,11.49366394617008,125.0,32.34137931034483,7.244827586206896,11.851084129485947,58.0,33.395199999999996,6.612799999999999,11.49366394617008,125.0,0.42530651193188374,-0.01858936774658206,-0.005932747878018206,-0.0018062447666297636,-0.008142717497556162,-0.15890518084065902,-0.032315560206500046,13.790473773408058,67.0,388500.0,258.0,3422.2588374614716,113.52151267674937,3.993783950805664,-9.3404541015625,-83.49855041503906,0.609244704246521,-84.10779571533203,0.015064827166497707,0.015064827166497707,0.0,9.547880172729492,1.0863685607910156,1.1252135038375854,-0.03884504362940788,0.03884504362940788,,,,,6.643006118138631,7.429100052224,-0.04221732650901126,-9.045846875508627,1.61588278513123,0.052680022777519514,-83.86393458048502,1.3306395948598218,-0.023388904406044454,-0.028468259672323862,0.3053450611617911,0.00946550388821506,-83.83546676635743,1.283751892525597,-0.03285438783706982,0.015020557089398305,0.00013419282891507007,8.051632152449525e-06,0.015020557089398305,0.00013419282891507007,8.051632152449525e-06,0.0,0.0,0.0,9.198770332336426,1.6237099201679013,-0.054961811740353646,0.9353625655174256,0.07420596382742212,0.0020598856042303966,0.9732225616772969,0.07272042031691073,0.0022518716479037015,-0.03785999032358329,0.011144854079284214,-0.00019198734814651166,0.03785999032358329,0.011144854079284214,0.00019198734814651166
47.17198753103297,1.0,1500.0,0.0,94.0,2084.0,0.672959417146631,1402.0,682.0,9.797747614293144,2.242944970525575,11910.364466156718,151.0,0.03110836423568191,34.67142857142858,6.33857142857143,11.047143237808974,140.0,33.7913043478261,8.26086956521739,11.29607486961324,46.0,34.67142857142858,6.33857142857143,11.047143237808974,140.0,0.4141109729971383,-0.016693123658424708,-0.0045020264434373234,-0.001312514630995997,-0.006847079621948634,-0.13800231182429584,-0.028849771646462463,13.079260703532109,94.0,390000.0,259.0,3436.2786781787872,113.49486945764781,12.026036262512207,-7.239643573760986,-84.37725067138672,-0.19968947768211365,-84.17755889892578,0.014455366879701614,0.014455366879701614,0.0,7.388334274291992,0.8963242769241333,0.9328658580780029,-0.03654162585735321,0.03654162585735321,,,,,5.800306987762451,4.444836815255402,-0.04107198089328065,-8.903628015518189,1.5573430161248547,-0.021415452140324195,-84.13809153238932,1.3184373268154446,-0.04460857251329481,0.033365713184078535,0.31143209984906944,-0.010488024174139417,-84.17145690917968,1.3504718440629802,-0.03412056351132093,0.015377611697961887,0.0003131938438682822,-1.2684429688037676e-05,0.015377611697961887,0.0003131938438682822,-1.2684429688037676e-05,0.0,0.0,0.0,9.047203779220581,1.5742891402354424,0.023022140676903433,0.9501502672831218,0.07262137948474694,-0.0027083310189846646,0.9880424539248148,0.07453322184185583,-0.002506087301040007,-0.03789218707631032,0.011687734719729927,-0.0002022450700717185,0.03789218707631032,0.011687734719729927,0.0002022450700717185
47.929964620773106,1.0,1500.0,0.0,73.0,1944.0,0.5618109547084754,1092.0,852.0,10.1861051319719,2.3357376969811003,11441.156867324806,151.20000000000002,0.03487245721666128,33.35230769230769,6.236923076923077,11.478978131550015,130.0,32.76491228070175,7.340350877192982,11.644237478974691,57.0,33.35230769230769,6.236923076923077,11.478978131550015,130.0,0.432634917801318,-0.01780952081011929,-0.004956402743940715,-0.0013218509728894026,-0.005589949016751693,-0.14289876183539194,-0.03237983032458948,13.672132171584888,73.0,391500.0,260.0,3449.363264322281,113.49920840445913,33.387855529785156,-9.512372970581055,-83.27049255371094,-0.15355011820793152,-83.116943359375,0.01455440279096365,0.01455440279096365,0.0,9.588757514953613,0.9192872643470764,0.9436971545219421,-0.024409867823123932,0.024409867823123932,,,,,7.856981015205383,8.525137786142222,0.12443185913416904,-8.925122944513957,1.2911824871465936,-0.024197088863215654,-84.9019671122233,1.563172023224494,-0.04119653245630768,-0.06201265839238961,0.29917986258640716,-0.006351815275972227,-84.8399543762207,1.4198814385590812,-0.03484475514514487,0.014190417466064293,0.00023958862579898788,1.4750555041634545e-05,0.014190417466064293,0.00023958862579898788,1.4750555041634545e-05,0.0,0.0,0.0,9.098914893468221,1.2798228534880505,0.02051091634391797,0.9246044079462687,0.07580690678508017,-0.001704859282734429,0.9654347896575928,0.07019017992405312,-0.0014971849783111688,-0.040830378358562784,0.01224198145125166,-0.00020767463758604354,0.040830378358562784,0.01224198145125166,0.00020767463758604354
41.920241093333765,1.0,1500.0,0.0,79.0,2024.0,0.5810449087656667,1176.0,848.0,9.897026705070147,2.1963455680355977,12091.171382737464,176.0,0.03770189794781715,34.325,6.627941176470586,11.139725216717759,136.0,32.431578947368415,6.992982456140349,11.746756254046874,57.0,34.325,6.627941176470586,11.139725216717759,136.0,0.40581752818784067,-0.018581457620855925,-0.005312456100413105,-0.0014757622758491123,-0.005267757826156087,-0.1597965993961481,-0.03142951136790774,12.613344338443406,79.0,393000.0,261.0,3462.8108625411987,113.49161580011773,10.260912895202637,-8.211182594299316,-86.74715423583984,-0.5114354491233826,-86.2357177734375,0.014787337742745876,0.014787337742745876,0.0,8.479669570922852,0.8099640607833862,0.8586304783821106,-0.048666372895240784,0.048666372895240784,,,,,10.428775330384573,11.856119702941472,0.006234503243205297,-9.22797261873881,1.0925593910958218,-0.014190191262555798,-84.435169728597,1.3997323590182988,-0.0852866659705426,0.0028158119569222134,0.41049042240375017,0.0025469503766371283,-84.43798548380533,1.323886188649088,-0.0878336175530299,0.014852506605287393,0.0002106177998478764,1.551021134959419e-05,0.014852506605287393,0.0002106177998478764,1.551021134959419e-05,0.0,0.0,0.0,9.395860115687052,1.07164786560853,0.01699846870244121,0.946277278661728,0.09856832103242615,-6.513636687708272e-05,0.980715548992157,0.09749582585078617,0.0006030492708335393,-0.034438272938132286,0.011050098475276786,-0.0006681868535061429,0.034438272938132286,0.011050098475276786,0.0006681868535061429
45.44447223706679,1.0,1500.0,0.0,22.0,2052.0,0.1564681004540892,321.0,1731.0,10.082607276035604,2.4819107497723327,13284.114853116935,217.0,0.04664058805828999,33.714492753623176,7.369565217391303,11.377811052068576,138.0,33.70344827586205,7.662068965517241,11.383798837716938,116.0,33.714492753623176,7.369565217391303,11.377811052068576,138.0,0.4335984579657017,-0.01733660403548975,-0.006678368086866864,-0.0016570441535476736,-0.011501210653753108,-0.15520581113801607,-0.033431848790799266,14.23855621931284,22.0,394500.0,262.0,3474.5829660892487,113.53880562075685,1.3522076606750488,-8.209104537963867,-84.58411407470703,-0.12067661434412003,-84.46343994140625,0.01505224034190178,0.01505224034190178,0.0,8.389223098754883,0.9208199381828308,0.9512403011322021,-0.030420321971178055,0.030420321971178055,,,,,8.278314773241679,10.127755951175729,-0.061779891980503696,-9.172580846150716,1.4397042388549086,0.03225296920080496,-85.28155288696288,1.1168206960364544,7.410611671659548e-05,0.088043945034345,0.3442825185657974,-0.0078052241293023565,-85.36959635416666,1.051733999861109,0.007879258475130787,0.015021049945304791,0.00015480259550228022,1.4583551603575319e-05,0.015021049945304791,0.00015480259550228022,1.4583551603575319e-05,0.0,0.0,0.0,9.317611265182496,1.455460080812276,-0.03334045251033753,0.9612749854723612,0.08254840603875013,-0.0016863323292292196,1.000924793879191,0.0819156648547399,-0.001850652111252918,-0.039649806233743826,0.009204661438121388,0.00016431992664286876,0.039649806233743826,0.009204661438121388,-0.00016431992664286876
44.409878243834285,1.0,1500.0,0.0,59.0,1835.0,0.47895272043218035,878.0,957.0,10.162662669762106,2.50782678751884,11232.200382914221,163.0,0.039645862723159994,33.42601626016259,6.780487804878045,11.521807107877555,123.0,32.8125,7.490624999999999,11.665830797235216,64.0,33.42601626016259,6.780487804878045,11.521807107877555,123.0,0.42779882340716874,-0.01879515333611408,-0.005445260108287398,-0.001642329002418383,-0.008629724606979583,-0.1581447207046442,-0.03401711349535241,13.835541299630133,59.0,396000.0,263.0,3487.180909872055,113.55877719992716,3.488872766494751,-5.046744346618652,-86.04000854492188,0.3259376287460327,-86.3659439086914,0.014400122687220573,0.014400122687220573,0.0,5.298148155212402,1.0128912925720215,1.0568633079528809,-0.043971948325634,0.043971948325634,,,,,5.732803988456726,5.229061788740024,-0.09299134232178419,-8.807646799087525,1.6596334515802929,0.033690380970548724,-85.94683100382487,1.5086688625442872,0.06160542930458905,-0.02633209004998207,0.3799753608653791,0.0015878242284092779,-85.92049840291341,1.3541065179743348,0.06001760548558956,0.014375435933470727,0.0002116421589409306,-6.035523897283608e-06,0.014375435933470727,0.0002116421589409306,-6.035523897283608e-06,0.0,0.0,0.0,8.945201508204143,1.6667252306160536,-0.031562312214207716,0.9322413822015126,0.09385173393447423,0.0009911278728913524,0.9737698853015899,0.08973069310978152,0.000377060719936636,-0.04152848745385806,0.012030449612288123,0.000614069054137349,0.04152848745385806,0.012030449612288123,-0.000614069054137349
45.25218105316162,1.0,1500.0,0.0,18.0,2025.0,0.13040259683364014,264.0,1761.0,10.15102984918748,2.357501616590795,13212.166653537884,266.8,0.058580713156507994,33.488235294117665,7.949999999999998,11.42586115606407,136.0,33.545762711864406,8.266101694915257,11.406105928976281,118.0,33.488235294117665,7.949999999999998,11.42586115606407,136.0,0.44340048030657003,-0.01864407593835198,-0.006280588122397922,-0.002682809936245235,-0.008789136175028314,-0.1596378725009445,-0.0366252887300528,14.214757426434666,18.0,397500.0,264.0,3498.8439161777496,113.60895470702845,9.42655086517334,-7.027466773986816,-84.97666931152344,-0.13861465454101562,-84.83805847167969,0.013972346670925617,0.013972346670925617,0.0,7.171573162078857,0.9195437431335449,0.9475417733192444,-0.027997951954603195,0.027997951954603195,,,,,7.861692416667938,9.53857062193728,-0.07743763846735788,-9.192777872085571,1.634979053728651,-0.05416718155178773,-86.13065897623697,1.718279828291313,0.06950444612938314,-0.004749288409948349,0.34424569226798174,0.006787447899878364,-86.12590967814127,1.5953738471444403,0.06271697862262393,0.014169674428800742,0.00014831046150189388,-9.239489446758304e-06,0.014169674428800742,0.00014831046150189388,-9.239489446758304e-06,0.0,0.0,0.0,9.350452677408855,1.6332590182073543,0.05250006517658496,0.9383920848369598,0.08578221520864224,0.002236432294559139,0.9788229048252106,0.08097073100210436,0.0016022639094258084,-0.040430829115211966,0.014012703529492533,0.000634166560611286,0.040430829115211966,0.014012703529492533,-0.000634166560611286
46.93279528617859,1.0,1500.0,0.0,60.0,1920.0,0.464683158616045,892.0,1028.0,10.156568057261433,1.997991158733937,11476.807128794171,179.60000000000002,0.041624177250393996,33.44806201550388,6.902325581395346,11.554961078210576,129.0,33.61739130434782,7.915942028985505,11.444084624676348,69.0,33.44806201550388,6.902325581395346,11.554961078210576,129.0,0.44016849287461274,-0.019121747300309265,-0.005364184514851308,-0.0015541623618062941,-0.00442020020245195,-0.15476324372960928,-0.0356140180857712,14.431605613523077,60.0,399000.0,265.0,3511.5091230869293,113.62636006744685,2.957259178161621,-10.80830192565918,-87.65831756591797,-0.011421672999858856,-87.64689636230469,0.013975352048873901,0.013975352048873901,0.0,10.817643165588379,0.9281138777732849,0.9773253202438354,-0.04921147972345352,0.04921147972345352,,,,,5.020557999610901,3.5771151128259624,0.04481840038193477,-9.279701566696167,1.4047336693184573,-0.01812933443385568,-85.78007481892904,0.9958843459791082,-0.04896427447326322,0.04392887800931931,0.3507833315290786,-0.005430139891297724,-85.82400360107422,0.9711593762602468,-0.043534136508009684,0.014227154230078061,0.00022279447824875736,1.1341589543392183e-05,0.014227154230078061,0.00022279447824875736,1.1341589543392183e-05,0.0,0.0,0.0,9.422307284673055,1.4047273365643942,0.017621827788559575,0.9552496572335561,0.08183268903356876,-0.0015451883049775173,0.9902432521184286,0.08246481687573448,-0.001266878969279514,-0.03499357799688975,0.008036755669704649,-0.0002783099755031511,0.03499357799688975,0.008036755669704649,0.0002783099755031511
44.34747024077289,1.0,1500.0,0.0,53.0,1972.0,0.3978458723364165,784.0,1188.0,9.951391001307726,2.3342649768939894,12170.41013100587,205.60000000000002,0.04530031287181069,34.1248120300752,7.43157894736842,11.285491070120175,133.0,34.00999999999999,8.485,11.272756412148249,80.0,34.1248120300752,7.43157894736842,11.285491070120175,133.0,0.4249657488479615,-0.02035731282568601,-0.006946143418939875,-0.001982872162990037,-0.007367641614217028,-0.1528322843391292,-0.03471862110932033,13.653784572172555,53.0,400500.0,266.0,3524.1887032985687,113.6431768324835,2.4912099838256836,-8.848896026611328,-84.5591812133789,-0.16300353407859802,-84.39617919921875,0.014432108029723167,0.014432108029723167,0.0,9.032943725585938,0.9228829145431519,0.9415403604507446,-0.01865747943520546,0.01865747943520546,,,,,4.7488556464513145,6.0874751452154525,-0.15737566863071673,-8.84411334991455,1.0108883723686048,0.009346126475774635,-86.71634394327799,1.6204437369631177,0.02313110385508772,0.011739166329304378,0.366144362871147,-0.011850752871280523,-86.72808329264323,1.5651409607140474,0.0349817838233912,0.014659777904550234,0.00039551194752196446,1.6572451979352582e-05,0.014659777904550234,0.00039551194752196446,1.6572451979352582e-05,0.0,0.0,0.0,8.970765431722006,1.0037295172154144,-0.009635548915163016,0.9430037637551626,0.08792658554239542,-0.002412692047199788,0.9828903635342916,0.08661193530995073,-0.002805796852366423,-0.039886605180799964,0.01353615168025195,0.0003931046671775883,0.039886605180799964,0.01353615168025195,-0.0003931046671775883
45.95483324187143,1.0,1500.0,0.0,70.0,2002.0,0.5213740905168808,1043.0,959.0,10.018915780143283,2.295686649543216,12240.273063718865,175.0,0.03850723936099987,33.91492537313433,6.92686567164179,11.332662068738333,134.0,33.606249999999996,8.306250000000002,11.393998692186713,64.0,33.91492537313433,6.92686567164179,11.332662068738333,134.0,0.42630398038250383,-0.020035300642964618,-0.005642605183032279,-0.0009194986622348479,-0.004486699138254066,-0.14859497939302588,-0.03447596092041641,13.599089802857014,70.0,402000.0,267.0,3537.331843137741,113.64497814358617,25.95783233642578,-9.566219329833984,-90.2567138671875,0.1923309713602066,-90.44904327392578,0.015201699919998646,0.015201699919998646,0.0,9.619929313659668,0.958685576915741,1.0259398221969604,-0.0672542154788971,0.0672542154788971,,,,,8.478266783555348,10.094720248322792,0.06884735155689012,-9.228498220443726,1.438389813314616,0.014823444799268535,-87.0619120279948,2.237915636648155,-0.12394018459638032,0.08553028603394826,0.3217898235730462,0.006254543975675204,-87.14744288126627,2.2970047120052715,-0.13019473847080326,0.014652933894346158,0.00020151644667097047,1.983792024837568e-05,0.014652933894346158,0.00020151644667097047,1.983792024837568e-05,0.0,0.0,0.0,9.376575311024984,1.4448914715370598,-0.01606695665268297,0.9596769630908966,0.0737339972122134,0.0004813411079338725,1.0002870341142018,0.07616215316770143,0.0014929338742681439,-0.04061008592446645,0.019123161877172175,-0.0010115924812397514,0.04061008592446645,0.019123161877172175,0.0010115924812397514
45.02155718349275,1.0,1500.0,0.0,63.0,2079.0,0.45239942031867053,940.0,1139.0,10.155740935475581,2.071743205066433,12279.50015051748,175.8,0.0377934474159429,33.46474820143884,6.778417266187049,11.433404779348168,139.0,32.97631578947368,7.534210526315788,11.565355206681513,76.0,33.46474820143884,6.778417266187049,11.433404779348168,139.0,0.4290652553164101,-0.019471371804303035,-0.00596435253754575,-0.001265047584383762,-0.006490107819533195,-0.1547576677483461,-0.03437563126509223,13.672390761566351,63.0,403500.0,268.0,3550.3390650749207,113.65111686635068,2.1799073219299316,-9.06302261352539,-86.56670379638672,0.19374442100524902,-86.76044464111328,0.015459702350199223,0.015459702350199223,0.0,9.270612716674805,0.9933040738105774,1.0264668464660645,-0.033162690699100494,0.033162690699100494,,,,,7.643645731608073,7.458760249659044,0.17125521581350614,-9.509792455037434,1.2539964718056194,-0.013239718809541374,-87.24343439737956,1.4905123952199755,-0.018434842356849054,-0.08015062312285105,0.4110091093727198,0.002878363796813337,-87.16328252156576,1.4263779810567918,-0.021313216874541355,0.015361680990705888,0.0002933634009359373,2.2996644861374072e-05,0.015361680990705888,0.0002933634009359373,2.2996644861374072e-05,0.0,0.0,0.0,9.65813856124878,1.2431851315935576,0.015877249508731317,0.9229147593180339,0.09920400801248316,0.000585554995977017,0.9608382264773051,0.09824424926802136,0.0006721626001682447,-0.03792346597959598,0.011995729018088262,-8.660813750029859e-05,0.03792346597959598,0.011995729018088262,8.660813750029859e-05
55.51659255432633,1.0,1500.0,0.0,106.0,1973.0,0.8050386485392899,1588.0,385.0,9.90130724256112,2.104573645970809,10512.68724723009,85.2,0.01880628642062511,34.321212121212106,4.290909090909092,11.114176273987487,132.0,31.97692307692308,7.415384615384614,11.949281534993814,26.0,34.321212121212106,4.290909090909092,11.114176273987487,132.0,0.4155520896486431,-0.015823566907809974,-0.004083371901046858,-0.0009306898805914307,-0.0035124841303428183,-0.09034520282933012,-0.027413954677376413,12.84661436378716,106.0,405000.0,269.0,3564.5851204395294,113.61771042517893,2.0536890029907227,-9.320917129516602,-85.76618194580078,-0.010704398155212402,-85.75547790527344,0.015094323083758354,0.015094323083758354,0.0,9.494211196899414,0.9555258750915527,0.9774474501609802,-0.02192145399749279,0.02192145399749279,,,,,9.673661416769027,14.702930674851421,0.20266950625068475,-9.556059503555298,1.4102080402458235,0.012544663039940725,-87.98878351847331,1.6866338151730027,-0.06748012759131101,0.005400686338543892,0.28500845048417944,0.003796286024857681,-87.99418436686197,1.6372399811280036,-0.07127636324974534,0.01479160568366448,0.0002937820275117284,-1.8724432842882924e-05,0.01479160568366448,0.0002937820275117284,-1.8724432842882924e-05,0.0,0.0,0.0,9.727675533294677,1.3966118066415287,-0.010087300938149212,0.9391412178675334,0.0701103223794965,0.0003988345817676067,0.9812666376431783,0.06749456698121485,0.0009063177830119693,-0.042125442810356614,0.013519749665699953,-0.0005074832497270266,0.042125442810356614,0.013519749665699953,0.0005074832497270266
55.03333638634598,1.0,1500.0,0.0,114.0,2096.0,0.8116305929156754,1701.0,395.0,9.968746730367055,1.8985946968044356,11208.426135728983,111.0,0.023102859759397243,34.07517730496454,4.492198581560286,11.200783764194368,141.0,33.14074074074074,7.985185185185183,11.449752251942629,27.0,34.07517730496454,4.492198581560286,11.200783764194368,141.0,0.4221465954539799,-0.016025185140402767,-0.003791127072588887,-0.0012666010038728803,-0.005194434941270333,-0.0952902269357931,-0.029218255375460404,13.286624628831918,114.0,406500.0,270.0,3579.141075849533,113.57473521870453,1.1853866577148438,-6.864790916442871,-90.42967224121094,-0.38760125637054443,-90.04206848144531,0.01478083897382021,0.01478083897382021,0.0,6.938675880432129,0.8328748941421509,0.8880282640457153,-0.055153317749500275,0.055153317749500275,,,,,7.691562990347545,8.844244847017166,-0.008355540322249866,-8.862058130900065,1.7808107868969905,-0.0015474347039243907,-87.97712580362956,1.3893861261757776,-0.06368414822621711,-0.03149425213535627,0.3246681323628634,-0.005897111524397855,-87.9456309000651,1.2984291518730537,-0.057787104894107134,0.014959254891922076,0.00014383735516633123,-4.618630865724023e-06,0.014959254891922076,0.00014383735516633123,-4.618630865724023e-06,0.0,0.0,0.0,9.014214340845744,1.7367120132475027,0.0021169735671943976,0.9335864285628,0.07961193745969379,-0.0017927281052968307,0.97249835729599,0.07724551915237715,-0.001400504918464456,-0.038911919109523296,0.010630275309169478,-0.0003922237914150884,0.038911919109523296,0.010630275309169478,0.0003922237914150884
42.22889655051024,1.0,1500.0,0.0,46.0,1831.0,0.3698097052572509,677.0,1154.0,10.135451023966567,2.23361161899557,11272.878909280444,192.60000000000002,0.04671582419714757,33.51869918699186,7.081300813008132,11.527451616171895,123.0,32.553246753246746,7.475324675324674,11.791013549102429,77.0,33.51869918699186,7.081300813008132,11.527451616171895,123.0,0.41366309649350896,-0.019551543326109245,-0.005937003154532742,-0.0011285803097493181,-0.003830141548709426,-0.16375242853177452,-0.03373375029133608,13.133942889674314,46.0,408000.0,271.0,3591.457222223282,113.60291234303737,2.1588146686553955,-9.277739524841309,-89.04259490966797,0.517158567905426,-89.55975341796875,0.014601561240851879,0.014601561240851879,0.0,9.383172988891602,1.0540573596954346,1.102355718612671,-0.048298429697752,0.048298429697752,,,,,4.353633282581965,3.6296795645541713,-0.10734417622824023,-8.95411656697591,1.3649232138195613,0.017111873308464132,-87.45691731770833,1.08246573624545,-0.037759966314566726,0.03185392717520396,0.3855830967048789,-0.004367277099107619,-87.4887705485026,0.9890607061373712,-0.03339268362959543,0.014831292567153771,0.0002939887623719149,-2.9067003952383164e-05,0.014831292567153771,0.0002939887623719149,-2.9067003952383164e-05,0.0,0.0,0.0,9.103006633122762,1.3705168741078233,-0.017388913787909945,0.955285902818044,0.09236704743076259,-0.001242995766033998,0.9876025398572286,0.09159729600276532,-0.0010550503736078305,-0.03231662636001905,0.008083383055531301,-0.0001879475671006516,0.03231662636001905,0.008083383055531301,0.0001879475671006516
50.98332634319862,1.0,1500.0,0.0,96.0,1841.0,0.7795767241051352,1435.0,406.0,10.078758404609456,2.043517023084628,10592.8048264489,94.2,0.02252403041461432,33.727419354838695,5.219354838709674,11.44658485181666,124.0,31.949999999999996,7.77857142857143,11.934763144979465,28.0,33.727419354838695,5.219354838709674,11.44658485181666,124.0,0.4236347493136473,-0.01879340571210206,-0.004438359611804558,-0.0013094954666043157,-0.004901561439239659,-0.11660556687032836,-0.032673971512825244,13.40458192440011,96.0,409500.0,272.0,3605.240151166916,113.58466643822777,2.204421281814575,-9.38262939453125,-86.66380310058594,0.08684810996055603,-86.75064849853516,0.015523429960012436,0.015523429960012436,0.0,9.445077896118164,0.978750467300415,1.000849962234497,-0.022099371999502182,0.022099371999502182,,,,,11.161209766070048,17.650378531230306,-0.3820453319719296,-9.05834887822469,1.4378726927638505,-0.0203348819618095,-88.80585199991862,1.4636609924166784,0.042514552369930875,0.07534744491179785,0.33028656315730814,-0.005499517251307496,-88.88119939168294,1.5127148587321328,0.048013972705678164,0.015386232330153385,0.0004919651027394882,5.131420908336245e-05,0.015386232330153385,0.0004919651027394882,5.131420908336245e-05,0.0,0.0,0.0,9.203375021616617,1.4356162404377588,0.02161371148335368,0.956730967760086,0.07680845945211161,-0.0008130213442580883,0.9979123453299205,0.07913750076260155,-0.0013068582245187215,-0.04118137999127309,0.012859231342600993,0.0004938383268666896,0.04118137999127309,0.012859231342600993,-0.0004938383268666896
41.46928505336537,1.0,1500.0,0.0,34.0,1957.0,0.25559193813560593,500.0,1457.0,9.994921130778549,2.3605711000745937,12402.029998067219,206.4,0.04598520630959808,34.00303030303031,7.360606060606058,11.29612728407203,132.0,33.58571428571429,7.691836734693873,11.406430093069417,98.0,34.00303030303031,7.360606060606058,11.29612728407203,132.0,0.41269853376566323,-0.018124500200836443,-0.007258883157731026,-0.0013513354940080918,-0.006840329835082506,-0.1632683658170886,-0.032473246531671884,12.689119083908327,34.0,411000.0,273.0,3617.552482843399,113.61272626982144,3.8667635917663574,-10.033029556274414,-88.45917510986328,-0.563927412033081,-87.89524841308594,0.014842686243355274,0.014842686243355274,0.0,10.170082092285156,0.8171581625938416,0.8460515737533569,-0.028893372043967247,0.028893372043967247,,,,,7.517462110519409,7.421517073484902,-0.10339020765132742,-9.437645530700683,1.5850775804395798,-0.006721332367588303,-89.03555297851562,2.24840860716558,0.009721803930367704,0.0215944508711497,0.3923543201091088,0.006912923714475454,-89.05714772542318,2.0770042283500003,0.0028088426430843134,0.015265670015166204,0.00016367215176059995,-9.862623810437201e-06,0.015265670015166204,0.00016367215176059995,-9.862623810437201e-06,0.0,0.0,0.0,9.604866154988606,1.566381582088909,0.008054740065594607,0.9453022698561351,0.1014413611813191,0.00178327397324218,0.9851701458295187,0.09380664209851558,0.001667523145410447,-0.03986787029231588,0.01728598443252616,0.00011575111934917349,0.03986787029231588,0.01728598443252616,-0.00011575111934917349
54.81438774615526,1.0,1500.0,0.0,96.0,1866.0,0.7684825744315014,1433.0,433.0,10.334897486853437,2.0538159220554455,10460.61638072582,88.0,0.021425788858589794,32.85760000000001,4.659199999999999,11.618208609995921,125.0,31.86896551724138,7.455172413793104,11.977185810122261,29.0,32.85760000000001,4.659199999999999,11.618208609995921,125.0,0.4400001116940052,-0.017515994702864107,-0.004759542806753645,-0.0010697964486288938,-0.004061841180604396,-0.10293745607870351,-0.03317171714098799,13.831429756900853,96.0,412500.0,274.0,3631.2939836978912,113.5958701916871,6.336600303649902,-9.313626289367676,-89.281005859375,0.5551504492759705,-89.8361587524414,0.01519044116139412,0.01519044116139412,0.0,9.42584228515625,1.0703656673431396,1.1125855445861816,-0.04221980646252632,0.04221980646252632,,,,,5.830404037237168,6.689180432269959,0.08761832134609615,-9.446829827626546,1.35239667578242,0.00034591814832546125,-88.90642674763997,1.0570177221196226,-0.02255581186398464,0.08162795131405194,0.3356305516541201,0.002932214277803696,-88.98805491129558,1.0543690837581436,-0.02548794857784517,0.015029762405902147,0.0002789745821104059,2.5182737615601465e-05,0.015029762405902147,0.0002789745821104059,2.5182737615601465e-05,0.0,0.0,0.0,9.596057478586832,1.3466864670369878,-0.0006409733128363449,0.9628731409708658,0.07923384179270769,0.0005842506686625132,0.9994121591250101,0.08003965937838699,0.000703618974653826,-0.03653902169317007,0.008596984012469238,-0.00011936782903811778,0.03653902169317007,0.008596984012469238,0.00011936782903811778
45.475928102220806,1.0,1500.0,0.0,14.0,1993.0,0.10419345089826404,207.0,1786.0,9.862866901450575,2.4767179137810325,12848.86769932046,230.8,0.04998700511132288,34.45671641791045,8.180597014925372,11.125128800327461,134.0,34.486666666666665,8.496666666666668,11.110886119408747,120.0,34.45671641791045,8.180597014925372,11.125128800327461,134.0,0.4269876778880737,-0.016926505327062098,-0.007279830966536362,-0.002931678410873182,-0.021462043111527825,-0.1435801312089982,-0.030970440960609545,14.405337200079742,14.0,414000.0,275.0,3642.8659179210663,113.64678506648528,1.7429349422454834,-8.488875389099121,-91.85356903076172,0.20511430501937866,-92.05868530273438,0.016878468915820122,0.016878468915820122,0.0,8.656893730163574,0.9725039601325989,1.0302485227584839,-0.05774451792240143,0.05774451792240143,,,,,8.559045461813609,9.323589644386296,0.09350139914418208,-9.365998458862304,1.3707400264145657,-0.03973191763057838,-90.41517664591471,1.4434621253067972,-0.010547144871795646,0.20874057536323865,0.3749009627514702,0.014697754686414467,-90.62391738891601,1.300367588437417,-0.025244984186529547,0.015893202119817335,0.00037775896448663515,3.330840960194697e-05,0.015893202119817335,0.00037775896448663515,3.330840960194697e-05,0.0,0.0,0.0,9.533886051177978,1.3819386866906784,0.04045242992736332,0.983257802327474,0.09432236772905638,0.0034669595777789084,1.030537188053131,0.09073652563456122,0.003581783450617777,-0.0472793864707152,0.010615537578291204,-0.00011482430048063057,0.0472793864707152,0.010615537578291204,0.00011482430048063057
50.23040663112294,1.0,1500.0,0.0,33.0,1833.0,0.26809019094666925,491.0,1342.0,10.404383002583838,2.344419939933027,11563.517195506513,206.60000000000002,0.051418616226978596,32.66666666666665,6.881300813008132,11.80798228261229,123.0,32.617777777777775,7.631111111111113,11.822579296849927,90.0,32.66666666666665,6.881300813008132,11.80798228261229,123.0,0.4490610866992007,-0.019416145328919516,-0.00774450125935405,-0.0016260331677510726,-0.005602999375130205,-0.13297229743803332,-0.03605081777406436,14.492302943391412,33.0,415500.0,276.0,3654.665079832077,113.69030839320882,4.190026760101318,-11.467910766601562,-90.40977478027344,-0.23832537233829498,-90.17144775390625,0.015344983898103237,0.015344983898103237,0.0,11.618925094604492,0.8834571838378906,0.9229400157928467,-0.039482831954956055,0.039482831954956055,,,,,8.636818353335062,10.290158731415902,-0.2988837559841107,-9.374299764633179,1.5065468084788851,0.01983063722213734,-90.19879837036133,1.4887511749788855,-0.04437835829143582,-0.061569156621893245,0.3840613966245231,0.001723012484784126,-90.137228902181,1.3537544912392783,-0.04610134714569713,0.016089627829690773,0.00048282668622515683,-5.385099896732262e-05,0.016089627829690773,0.00048282668622515683,-5.385099896732262e-05,0.0,0.0,0.0,9.525030755996704,1.5143213063581709,-0.021935337669194616,0.9245461245377858,0.09594736256559096,0.0001485076046095893,0.9650633215904236,0.09280585090929266,0.0004364064325877609,-0.04051718469709158,0.010909652477613302,-0.00028789835682633896,0.04051718469709158,0.010909652477613302,0.00028789835682633896
49.4796350219033,1.0,1500.0,0.0,22.0,1958.0,0.1676525491734222,328.0,1630.0,10.273373729038575,2.579995542682122,12507.571429163825,219.4,0.050627653682850285,33.08091603053435,7.270229007633588,11.650926231549851,131.0,33.03302752293576,7.752293577981653,11.673029147806286,109.0,33.08091603053435,7.270229007633588,11.650926231549851,131.0,0.44098550201975123,-0.019584884185996902,-0.008751800859022057,-0.001359507194775822,-0.00747002766676916,-0.13206271134337655,-0.036460148078989466,14.687849995900926,22.0,417000.0,277.0,3666.435162305832,113.73445364236237,1.2446529865264893,-8.52914047241211,-89.85404968261719,1.0230592489242554,-90.87710571289062,0.015693435445427895,0.015693435445427895,0.0,8.821609497070312,1.1837085485458374,1.2262439727783203,-0.04253546893596649,0.04253546893596649,,,,,7.159871866305669,9.002534158393798,-0.4010462432735095,-9.255696646372478,1.2788060798031424,-0.0035366934584295205,-90.79324518839518,1.7477677803461302,0.007872382684864846,0.12897297342618305,0.353668303828145,0.005383798228089874,-90.92221755981446,1.6392140722078758,0.002488630419977359,0.015164311975240707,0.0002670690834693974,-1.0981532155605765e-05,0.015164311975240707,0.0002670690834693974,-1.0981532155605765e-05,0.0,0.0,0.0,9.399338706334431,1.293218057742803,0.005015651694394104,0.9666559636592865,0.08851601489692802,0.0014046416399343365,1.010877690712611,0.08463772005447903,0.0012931251287194923,-0.04422172773629427,0.013443444632165217,0.00011151671633373134,0.04422172773629427,0.013443444632165217,-0.00011151671633373134
47.382515580565844,1.0,1500.0,0.0,108.0,1972.0,0.8185349842431061,1614.0,358.0,9.66839486143443,2.1892744065930154,11332.289744112919,98.0,0.021123421132042935,35.1469696969697,5.603030303030303,10.89990137473705,132.0,34.00833333333334,7.733333333333337,11.235439308823418,24.0,35.1469696969697,5.603030303030303,10.89990137473705,132.0,0.40738867147885177,-0.018085551658927945,-0.004394196186618085,-0.0011574607631512138,-0.006145414261558992,-0.12920529415194193,-0.03020073934912383,12.73114126210312,108.0,418500.0,278.0,3680.8773877620697,113.6957186869088,24.825057983398438,-10.337212562561035,-93.15391540527344,0.013622820377349854,-93.16754150390625,0.016634225845336914,0.016634225845336914,0.0,10.460859298706055,0.9248678684234619,0.9833257794380188,-0.0584578812122345,0.0584578812122345,,,,,4.547353241840998,5.2385535504863965,0.21371767188073265,-9.581697527567545,1.2451155533802432,0.02632057075373221,-90.95731252034506,2.4857855996327185,-0.0029297282353625133,0.009735436737537384,0.3327637901412589,-0.014890176478827236,-90.96704788208008,2.4297947977297394,0.011960414254230566,0.016847194420794645,0.0004148704969943909,2.415496586626139e-05,0.016847194420794645,0.0004148704969943909,2.415496586626139e-05,0.0,0.0,0.0,9.743943961461385,1.2475673670877814,-0.0268218352346455,0.9403431216875712,0.08571279962244226,-0.0034478870196655567,0.9822032868862152,0.08163822347899698,-0.0036362450565724466,-0.041860157375534376,0.019860432842566462,0.0001883577020865805,0.041860157375534376,0.019860432842566462,-0.0001883577020865805
48.99178245565393,1.0,1500.0,0.0,91.0,1916.0,0.7053022013813885,1351.0,565.0,9.940422286861846,2.388094637728531,11253.556098107592,111.60000000000001,0.025332546420302356,34.15038759689924,5.634108527131783,11.248075983185963,129.0,32.76842105263159,7.373684210526315,11.67104801157546,38.0,34.15038759689924,5.634108527131783,11.248075983185963,129.0,0.4175464314313549,-0.018161751129505514,-0.005551707268285671,-0.001153558240319631,-0.004571509447314458,-0.1264170971622626,-0.0318580188947737,13.302033238738357,91.0,420000.0,279.0,3694.534918308258,113.68142656297309,3.881258249282837,-8.758323669433594,-90.38336181640625,0.21974129974842072,-90.60310363769531,0.01630171202123165,0.01630171202123165,0.0,8.961162567138672,0.9984953999519348,1.0333821773529053,-0.03488676995038986,0.03488676995038986,,,,,9.145569066206614,12.501404085326422,0.1306812158283321,-9.448684279123942,1.4661817727160733,-0.011630453336755638,-90.96178817749023,1.5692753573666844,-0.01509026855197014,0.06659381774564584,0.3096770954268933,0.0014112616432323066,-91.0283821105957,1.5590772743382884,-0.016501592820687586,0.01622113467504581,0.00021459968447671836,-5.5639995251672054e-06,0.01622113467504581,0.00021459968447671836,-5.5639995251672054e-06,0.0,0.0,0.0,9.614280223846436,1.4771004090081101,0.009928631809052032,0.9564705610275268,0.07539192384071924,0.00029451178761821215,0.9961133003234863,0.07514559682265973,0.00033839568412871664,-0.03964273361489177,0.012617634083413994,-4.3883636071696887e-05,0.03964273361489177,0.012617634083413994,4.3883636071696887e-05
53.20570433878266,1.0,1500.0,0.0,113.0,1952.0,0.8660128729517158,1690.0,262.0,9.85209717489383,1.7407036788330772,9842.846841735683,69.8,0.01545615589016829,34.4732824427481,4.299236641221374,10.99857889588015,131.0,30.66666666666667,5.955555555555555,12.4276891437475,18.0,34.4732824427481,4.299236641221374,10.99857889588015,131.0,0.4119928144479453,-0.016004768384093843,-0.00465141276889319,-0.0010132490231271126,-0.003377237419790644,-0.10266801756163067,-0.027504346664392512,12.835411854676433,113.0,421500.0,280.0,3708.975884914398,113.64323012030802,3.345080852508545,-9.262290000915527,-90.29264831542969,-0.41738951206207275,-89.87525939941406,0.016196584329009056,0.016196584329009056,0.0,9.544437408447266,0.8524187803268433,0.8787567019462585,-0.026337921619415283,0.026337921619415283,,,,,5.2210886100927985,7.081036825391187,0.27765241439668703,-9.413556575775146,1.2180973381547073,0.004896586145522161,-91.2089350382487,1.4605153409438592,-0.00017907945677380846,0.13366237804293632,0.3382057373383652,-0.015670786738329393,-91.34259668986003,1.4376887562395615,0.015491797051522073,0.01649821102619171,0.0001695532007570194,5.0076396433472395e-06,0.01649821102619171,0.0001695532007570194,5.0076396433472395e-06,0.0,0.0,0.0,9.560131629308065,1.2257210176547921,-0.004961374365580724,0.9730636397997539,0.08227321616315335,-0.003595661957881888,1.012559356292089,0.08231789428299661,-0.0038102955255943367,-0.03949570438514153,0.011735243273666277,0.00021463131471987807,0.03949570438514153,0.011735243273666277,-0.00021463131471987807
36.82037481768378,1.0,1500.0,0.0,29.0,2032.0,0.20831905520585797,423.0,1609.0,9.76901700753884,2.3839604442110036,13216.934429895742,245.8,0.05158663532572196,34.77956204379563,8.033576642335763,11.063846756760398,137.0,34.38333333333334,8.285185185185185,11.175840978050791,108.0,34.77956204379563,8.033576642335763,11.063846756760398,137.0,0.39829516670588827,-0.019977640057084266,-0.007617492941921809,-0.0014648737000908208,-0.005874840357599004,-0.17522349936142773,-0.03488656873423615,11.993833003596064,29.0,423000.0,281.0,3721.1156413555145,113.67558570308529,1.6598694324493408,-8.622535705566406,-90.29071807861328,-0.07665455341339111,-90.21406555175781,0.017002932727336884,0.017002932727336884,0.0,8.70942497253418,0.9347416758537292,0.9611862301826477,-0.026444561779499054,0.026444561779499054,,,,,9.111516221364338,12.035994565838793,-0.39229157122144226,-9.1512921333313,1.6678090068680609,-0.01247908175323091,-90.49944407145182,1.1886562169191546,-0.049952278519098336,-0.041671239957213405,0.36155969878808997,-0.006383108707337543,-90.45777333577475,1.0187550893195465,-0.043569155344045,0.016733660052220028,0.0003313830884102706,2.4901183779963264e-05,0.016733660052220028,0.0003313830884102706,2.4901183779963264e-05,0.0,0.0,0.0,9.284510962168376,1.6734756909958306,0.011649402495353267,0.9400203883647918,0.09118864333066683,-0.0018284966470932878,0.9696994543075561,0.08827344674121017,-0.0015649708545247992,-0.02967905830591917,0.0079676642145352,-0.0002635253661698569,0.02967905830591917,0.0079676642145352,0.0002635253661698569
49.06176395643325,1.0,1500.0,0.0,42.0,1841.0,0.3381027051447322,622.0,1219.0,10.16801050907167,2.37243524151339,11449.911386122545,181.4,0.04378681085256348,33.409677419354836,6.861290322580646,11.52813038214048,124.0,33.19999999999999,7.795121951219514,11.552664106858277,82.0,33.409677419354836,6.861290322580646,11.52813038214048,124.0,0.4322966857099049,-0.01901526011312269,-0.006724040580532773,-0.0012625529579484288,-0.005075901328273274,-0.1338393421884861,-0.034374808719033784,14.128472726070644,42.0,424500.0,282.0,3733.1183848381042,113.71190416143459,4.555647850036621,-9.090442657470703,-93.40606689453125,0.34914591908454895,-93.75521087646484,0.016415229067206383,0.016415229067206383,0.0,9.257566452026367,1.0127332210540771,1.0649590492248535,-0.05222586914896965,0.05222586914896965,,,,,5.4429677327473955,9.77013365332237,0.04504735997574475,-9.065854771931965,1.0403102905541168,0.00738403014797278,-91.72536977132161,1.3758779602323323,-0.032393438320138586,-0.048350240911046664,0.2803738132876713,0.008365968538570462,-91.67702026367188,1.3106158795645408,-0.04075943349598473,0.016551341178516546,0.0003679077750426584,-3.613891148394852e-05,0.016551341178516546,0.0003679077750426584,-3.613891148394852e-05,0.0,0.0,0.0,9.228769095738729,1.0354808997787253,-0.007697151765409839,0.931242972612381,0.07071699873104458,0.0018095756797026487,0.9680825293064117,0.06837096766280026,0.0020478635396522235,-0.03683956321328878,0.010354931959556469,-0.00023828996542231968,0.03683956321328878,0.010354931959556469,0.00023828996542231968
45.820209397210014,1.0,1500.0,0.0,9.0,1873.0,0.06639591904420643,124.0,1749.0,10.032105270486632,2.326599961834412,12218.682236262828,224.8,0.05267844589211229,33.86825396825397,8.211111111111109,11.320223329765168,126.0,33.875213675213665,8.408547008547004,11.29561732741785,117.0,33.86825396825397,8.211111111111109,11.320223329765168,126.0,0.43203663244075563,-0.01970910581936968,-0.011633362912580384,-0.0011288587972840551,-0.010980103168754578,-0.14974207811348617,-0.04018987050873131,15.867712973233646,9.0,426000.0,283.0,3744.1991369724274,113.77599973073684,1.2066304683685303,-10.439457893371582,-91.64813232421875,0.134312242269516,-91.7824478149414,0.016373680904507637,0.016373680904507637,0.0,10.801629066467285,0.9789139628410339,1.0126625299453735,-0.03374852240085602,0.03374852240085602,,,,,5.990149482091268,5.496107899392445,0.1496905054213339,-9.432793649037679,1.5278162532073873,-0.059997880869898094,-91.70528742472331,1.3066694313692282,0.007755703019090516,0.02608863338828087,0.2930634822702888,-0.007944273970217283,-91.73137588500977,1.2655363124376435,0.015700026057058298,0.016621585314472515,0.00022785169003565196,1.2740609676341383e-05,0.016621585314472515,0.00022785169003565196,1.2740609676341383e-05,0.0,0.0,0.0,9.597507588068645,1.52450868450375,0.060694250779369206,0.9517361640930175,0.07238697747171723,-0.0017218522420847239,0.9863544086615245,0.07156547822698413,-0.0019359033948455103,-0.03461825884878635,0.010251223709753982,0.00021405348241395648,0.03461825884878635,0.010251223709753982,-0.00021405348241395648
51.666498677598106,1.0,1500.0,0.0,36.0,2022.0,0.2671401442740119,540.0,1482.0,10.143597688125856,2.2122291543012076,12295.185488890573,194.0,0.042893782612540905,33.502222222222215,6.825185185185184,11.40939638241203,135.0,33.49494949494948,7.67070707070707,11.389962051802048,99.0,33.502222222222215,6.825185185185184,11.40939638241203,135.0,0.43703117971877575,-0.017503960751913128,-0.007406069008741925,-0.001196347656325326,-0.0031453564116880645,-0.1206030150753764,-0.03348274898932636,13.80271730476679,36.0,427500.0,284.0,3756.2575249671936,113.81008814184904,10.83192253112793,-11.319501876831055,-90.66986846923828,0.20122887194156647,-90.87109375,0.017198944464325905,0.017198944464325905,0.0,11.482505798339844,1.0056549310684204,1.0295264720916748,-0.023871704936027527,0.023871704936027527,,,,,8.185743395487467,9.204079944969761,0.10753807013769434,-9.383290100097657,1.3614371564633616,-0.0511405855715606,-91.77533340454102,1.188052484496428,0.0037453300297875898,0.06209565723935763,0.2712124000819807,0.0010523416193096455,-91.83742904663086,1.1698653292108316,0.0026930336957538196,0.016373502897719543,0.000442327771430725,3.258918636831717e-05,0.016373502897719543,0.000442327771430725,3.258918636831717e-05,0.0,0.0,0.0,9.508517996470134,1.3364435544800326,0.0490284243998458,0.9621879200140635,0.0660414275267188,0.0003649981984572119,0.9950216333071391,0.06579093950274986,0.00025642018959968945,-0.03283372813214858,0.009382840672783832,0.0001085771722211468,0.03283372813214858,0.009382840672783832,-0.0001085771722211468
53.12579872253093,1.0,1500.0,0.0,94.0,1891.0,0.7451136771615631,1409.0,482.0,10.031385196495728,1.7682198422711337,10261.084743171641,119.80000000000001,0.027857873686168728,33.86141732283465,5.31181102362205,11.338522856165726,127.0,33.836363636363636,8.30909090909091,11.296539802398904,33.0,33.86141732283465,5.31181102362205,11.338522856165726,127.0,0.4316745743572287,-0.017261991478699404,-0.004772693183251518,-0.0011746757004360165,-0.0032531225742714266,-0.1130195469621017,-0.03197303369246228,13.896323409620845,94.0,429000.0,285.0,3770.0515661239624,113.79154700556532,15.63078498840332,-9.789182662963867,-94.5079345703125,-0.25754407048225403,-94.2503890991211,0.01590629480779171,0.01590629480779171,0.0,9.9364013671875,0.8697017431259155,0.9178065657615662,-0.04810478538274765,0.04810478538274765,,,,,7.049694752693176,8.403626598459448,-0.05190404233200547,-9.150047206878662,1.143037949973533,0.02431513263333241,-92.97728830973307,1.4598156607110195,-0.09392774537354624,-0.07481336196263631,0.33863881077809,0.0077418308369442464,-92.90247446695963,1.4811428569690246,-0.10166959327638343,0.01644173264503479,0.0006373048237999555,-6.963845686334438e-05,0.01644173264503479,0.0006373048237999555,-6.963845686334438e-05,0.0,0.0,0.0,9.287491257985433,1.135334900560604,-0.02277523842749019,0.923003202676773,0.0811219589955945,0.0011706614653446265,0.961686102549235,0.08228646371563889,0.001890841182797813,-0.038682909496128556,0.011338414256733827,-0.0007201788998783888,0.038682909496128556,0.011338414256733827,0.0007201788998783888
51.93769806126753,1.0,1500.0,0.0,96.0,2078.0,0.6926527433953629,1439.0,639.0,10.092928186570013,2.5598146743926256,12422.603097357409,134.8,0.02880711202290892,33.66474820143885,5.1568345323741,11.373932776515636,139.0,32.40465116279069,7.306976744186045,11.754762810146106,43.0,33.66474820143885,5.1568345323741,11.373932776515636,139.0,0.42381257896090857,-0.017810359275502317,-0.004613303862963782,-0.0015122635972336699,-0.005155549517728567,-0.10938731150658489,-0.03256644408985015,13.174772060809664,96.0,430500.0,286.0,3784.1003556251526,113.76548176373066,13.320115089416504,-10.590879440307617,-93.04727935791016,0.004139959812164307,-93.05142211914062,0.015556931495666504,0.015556931495666504,0.0,10.711835861206055,0.9450448155403137,0.980994462966919,-0.03594968095421791,0.03594968095421791,,,,,5.715865472952525,3.9498139294031502,0.059167790784188566,-9.204665915171306,1.3371931790883134,-0.058593471853831014,-93.61317342122396,1.350565460581697,0.013757157882676266,-0.06990008652210236,0.28341247472932807,-0.00517079868955793,-93.5432731628418,1.2748543078496772,0.018927960931527057,0.015734840743243696,0.00023872061156588741,-1.967473036388963e-05,0.015734840743243696,0.00023872061156588741,-1.967473036388963e-05,0.0,0.0,0.0,9.345950508117676,1.3478041527100586,0.05662710934512737,0.922087836265564,0.0705517382622315,-0.0010037764028394559,0.9632054567337036,0.06828726901323,-0.0012422511787117758,-0.04111761922637622,0.01022778134968874,0.00023847553419059165,0.04111761922637622,0.01022778134968874,-0.00023847553419059165
47.11438296238581,1.0,1500.0,0.0,48.0,1867.0,0.377960001201592,705.0,1162.0,10.238194077327588,2.476921416574624,11906.93359390444,191.60000000000002,0.04583074199875616,33.179365079365084,6.715873015873015,11.654774841132376,126.0,32.5948717948718,7.597435897435901,11.814338025966032,78.0,33.179365079365084,6.715873015873015,11.654774841132376,126.0,0.4271612242951478,-0.01939793478047191,-0.006742685081859162,-0.001525487001651572,-0.005211325400082106,-0.138749829024754,-0.03622296378381525,13.710575515281974,48.0,432000.0,287.0,3796.3949477672577,113.79216492058303,6.541686534881592,-8.966995239257812,-93.33973693847656,0.24811258912086487,-93.58785247802734,0.015026960521936417,0.015026960521936417,0.0,9.325271606445312,1.001527190208435,1.0391017198562622,-0.037574511021375656,0.037574511021375656,,,,,5.221834154923757,3.995424684181539,0.03332687413467053,-9.650924030939738,1.080182841778191,0.010113746570931115,-93.67115147908528,1.2787271907276754,0.03910310806766778,0.0011983511969447136,0.29648890703060027,0.009627854573365317,-93.67234929402669,1.2452060013166262,0.02947526025825375,0.015130669406304757,0.00017753745665450364,-1.6704067645866408e-05,0.015130669406304757,0.00017753745665450364,-1.6704067645866408e-05,0.0,0.0,0.0,9.80589090983073,1.0563393117432491,-0.00986001223690414,0.9407182494799297,0.07161248037238774,0.002617740047654234,0.9802266756693522,0.0707312975849457,0.0022973674025232745,-0.039508420725663504,0.010020169027098517,0.0003203730736014847,0.039508420725663504,0.010020169027098517,-0.0003203730736014847
52.10144730618126,1.0,1500.0,0.0,19.0,2000.0,0.13664250122593022,273.0,1727.0,10.403329984829274,2.5316049591836727,12992.582579784124,190.20000000000002,0.04313120776452447,32.6651851851852,6.601481481481478,11.719709183589826,135.0,32.587931034482764,6.9879310344827585,11.727136366542,116.0,32.6651851851852,6.601481481481478,11.719709183589826,135.0,0.4416199687035959,-0.01847635870088318,-0.008052635372361292,-0.0014420286573499533,-0.009864672364672408,-0.11481481481481567,-0.0370840379797669,14.875434415784285,19.0,433500.0,288.0,3807.9219269752502,113.84161973728868,4.413590431213379,-8.985133171081543,-94.2564697265625,-0.2411772906780243,-94.01528930664062,0.015100615099072456,0.015100615099072456,0.0,9.003284454345703,0.8841533660888672,0.9224817752838135,-0.03832848370075226,0.03832848370075226,,,,,9.37360781232516,13.469405635631288,-0.3380341355209227,-9.644079987208048,1.3027861869281798,0.030075732115511365,-93.55880686442057,1.6352515987648462,-0.11381740888313047,0.07615531273186207,0.44058899462681866,-0.013450476866178179,-93.6349619547526,1.4423107858450968,-0.1003669204117824,0.01524953655898571,0.00017970224656562735,-1.1283205252335836e-05,0.01524953655898571,0.00017970224656562735,-1.1283205252335836e-05,0.0,0.0,0.0,9.7953510761261,1.293527863732858,-0.02966789366538623,0.9616363167762756,0.10919390124531779,-0.003925911815333573,0.9982327262560526,0.10532350740226284,-0.0032230034288230607,-0.03659640600283941,0.010912350156403986,-0.0007029094473273383,0.03659640600283941,0.010912350156403986,0.0007029094473273383
51.784598958903345,1.0,1500.0,0.0,29.0,1880.0,0.22943597277982475,431.0,1449.0,10.317057615557232,2.502848639922202,11598.450868216056,194.0,0.046733474657930235,32.94603174603175,6.674603174603174,11.68807388786483,126.0,32.886597938144334,7.375257731958766,11.694470035507685,97.0,32.94603174603175,6.674603174603174,11.68807388786483,126.0,0.44395886246995814,-0.019265947954742103,-0.00860932774690166,-0.0011605405308210853,-0.005651969981238291,-0.11782363977486046,-0.03655530800236075,14.306666263681018,29.0,435000.0,289.0,3819.6537687778473,113.88466765122129,3.2831099033355713,-10.71711540222168,-95.4008560180664,0.18436798453330994,-95.58522033691406,0.014485098421573639,0.014485098421573639,0.0,10.862611770629883,0.9755118489265442,1.023537039756775,-0.04802519083023071,0.04802519083023071,,,,,6.834338092803955,7.514111317694277,0.3163617018465205,-9.626726977030437,1.5882615782222305,-0.04298432979223039,-94.48699645996093,1.243689331915124,-0.04610013526856928,-0.10406837525467078,0.29235201104481334,0.000871130546453397,-94.38292846679687,1.233479182201195,-0.046971227117584675,0.015170119361331065,0.00039804485709859323,-4.20318589078574e-05,0.015170119361331065,0.00039804485709859323,-4.20318589078574e-05,0.0,0.0,0.0,9.748023160298665,1.5776559627726698,0.04302380618051883,0.9152276515960693,0.06963012228788483,-6.0319980073967515e-05,0.9550973375638326,0.06979021664387479,0.000221169856817212,-0.039869675412774086,0.009447954685470274,-0.00028148990899357524,0.039869675412774086,0.009447954685470274,0.00028148990899357524
52.09929526054253,1.0,1500.0,0.0,59.0,1815.0,0.4840902536684751,878.0,937.0,10.472977990612783,2.0899294357603333,11014.755559769499,158.60000000000002,0.04008289526890416,32.43278688524591,6.140983606557375,11.887462926339746,122.0,32.6031746031746,7.603174603174603,11.763951175282832,63.0,32.43278688524591,6.140983606557375,11.887462926339746,122.0,0.45632586719664414,-0.020237008988647665,-0.0067454088752798005,-0.0015534792840757143,-0.0033896303295146025,-0.12764851777488756,-0.038496188466970345,15.03742372886059,59.0,436500.0,290.0,3832.11292219162,113.90582920253867,4.5434064865112305,-10.224201202392578,-94.64291381835938,-0.24841876327991486,-94.39449310302734,0.014810490421950817,0.014810490421950817,0.0,10.264488220214844,0.8849254846572876,0.9210259914398193,-0.03610054403543472,0.03610054403543472,,,,,8.334825392564138,8.72173506377566,0.18220910264864898,-9.489573097229004,1.1479035534868136,0.018552950730711303,-94.68579737345378,1.5419556496124869,0.015608751681014976,0.04035304958621661,0.344811838346064,-0.0025295436034213237,-94.72615051269531,1.4052906192781143,0.018138300775820838,0.015009208116680384,0.0003216344251586743,1.6429680746640815e-05,0.015009208116680384,0.0003216344251586743,1.6429680746640815e-05,0.0,0.0,0.0,9.635445070266723,1.1446252239039023,-0.016904942000137962,0.9495956142743428,0.08621157233481694,-0.000371090986572209,0.9895487189292907,0.082381330191416,-0.0005997450651395994,-0.03995310179889202,0.01108524151288186,0.00022865411337543844,0.03995310179889202,0.01108524151288186,-0.00022865411337543844
48.8022631763183,1.0,1500.0,0.0,97.0,2099.0,0.6889905210926272,1446.0,653.0,9.998612491733969,1.9385771835434404,11548.718381830631,132.8,0.027727899110535765,33.96737588652483,5.852482269503547,11.263537420363543,141.0,33.28636363636364,7.54090909090909,11.356634595581287,44.0,33.96737588652483,5.852482269503547,11.263537420363543,141.0,0.42475620355052546,-0.018074320900681826,-0.005423623846348406,-0.0015025841719996313,-0.0036268032897398203,-0.13304570581096953,-0.0326827020714376,13.567619591858866,97.0,438000.0,291.0,3846.1602663993835,113.87980990455125,2.838784694671631,-10.973703384399414,-95.34679412841797,-0.8352463841438293,-94.51155090332031,0.014974786899983883,0.014974786899983883,0.0,11.105851173400879,0.7467806339263916,0.7811920642852783,-0.03441149368882179,0.03441149368882179,,,,,6.8442430853843685,9.506792442306153,-0.15276195387686517,-9.371809593836467,1.3403131147420733,-0.024229326237560547,-95.93560994466146,2.176905797216236,-0.010630986740908774,0.09347911675771077,0.3646044967693968,-0.006841569025073625,-96.02908986409506,2.127113074927028,-0.0037893972089194715,0.014824689148614805,0.00013555003398098427,-4.220685535202925e-07,0.014824689148614805,0.00013555003398098427,-4.220685535202925e-07,0.0,0.0,0.0,9.521537240346273,1.322916662010375,0.023363083488285967,0.9547114133834839,0.08893888971126113,-0.0015708085029356139,1.002185626824697,0.08664424833190744,-0.0016289703042409026,-0.047474227659404275,0.01656060268051103,5.816150916630649e-05,0.047474227659404275,0.01656060268051103,-5.816150916630649e-05
52.133299136402634,1.0,1500.0,0.0,99.0,1830.0,0.8086667500369987,1479.0,351.0,10.288827832769343,1.877150353152999,10098.287035070918,113.4,0.027937915742793792,33.00000000000001,5.071544715447154,11.754052823046019,123.0,32.49166666666667,7.499999999999997,11.826780860017637,24.0,33.00000000000001,5.071544715447154,11.754052823046019,123.0,0.4429112770519454,-0.01978522937524885,-0.0057780314722872305,-0.0022632928645518577,-0.004620235810255034,-0.12168905950095513,-0.03438169624072781,14.647483092426175,99.0,439500.0,292.0,3859.789167881012,113.866322973615,7.220534324645996,-8.864753723144531,-93.78834533691406,-0.2481643259525299,-93.5401840209961,0.01602834463119507,0.01602834463119507,0.0,9.119293212890625,0.895656943321228,0.9199596643447876,-0.02430274710059166,0.02430274710059166,,,,,8.139985378583273,9.625344892555152,-0.27389064864136375,-9.738014284769694,1.9697075426259285,0.07911329895291119,-96.40031611124674,1.5079183206360818,-0.005535354020196338,-0.012106817091504733,0.26336411820267736,-0.007794628794552621,-96.38820927937826,1.4678950773127255,0.002259327651928842,0.01597643814360102,0.00039640668400308266,3.619189078901957e-05,0.01597643814360102,0.00039640668400308266,3.619189078901957e-05,0.0,0.0,0.0,9.88331389427185,1.9774399625060304,-0.07914112237457195,0.9294199089209239,0.06533954510579637,-0.0017788084913812076,0.9770472784837086,0.06379695334850924,-0.0018842473178604896,-0.0476273742193977,0.011415024662590128,0.00010543895369443378,0.0476273742193977,0.011415024662590128,-0.00010543895369443378
43.109896435882106,1.0,1500.0,0.0,66.0,1834.0,0.5329582985401268,977.0,857.0,9.968819216317556,2.045072771662588,10925.63379172383,182.60000000000002,0.04320257417309421,34.085483870967764,6.661290322580645,11.354251001753893,124.0,33.04482758620689,7.33103448275862,11.591444779972909,58.0,34.085483870967764,6.661290322580645,11.354251001753893,124.0,0.41528011759240796,-0.02119837385867856,-0.007072416287775083,-0.002144159364948754,-0.004183247597787086,-0.15560516354459314,-0.034903585743484254,13.42271256569655,66.0,441000.0,293.0,3872.72581243515,113.8732823749021,5.160933971405029,-11.475433349609375,-96.76853942871094,-0.012154027819633484,-96.75638580322266,0.016904646530747414,0.016904646530747414,0.0,11.575340270996094,0.9304138422012329,0.9770212769508362,-0.046607375144958496,0.046607375144958496,,,,,9.081991442044576,8.702752111641352,-0.004440758941701561,-9.340133571624756,1.362464847296786,-0.05851058387119835,-95.91065266927083,1.510217818701431,0.003211287688360827,0.05017094612121582,0.3844497354909305,-0.01496111711485103,-95.96082305908203,1.6279215607290582,0.018172338568464376,0.016464118380099535,0.0005682634908094656,5.606825756648721e-05,0.016464118380099535,0.0005682634908094656,5.606825756648721e-05,0.0,0.0,0.0,9.465968608856201,1.3524595456849913,0.05687450498044147,0.9502476572990417,0.08879923875221121,-0.003408372044165505,0.9919645488262177,0.09350650333831069,-0.003635166577157798,-0.04171688811232646,0.012681996488684332,0.00022679434610620007,0.04171688811232646,0.012681996488684332,-0.00022679434610620007
48.56010900224958,1.0,1500.0,0.0,14.0,1853.0,0.107916599881483,199.0,1654.0,10.186908818214713,1.9897177475752872,11430.588008529603,245.0,0.05875017984748933,33.36159999999999,7.710399999999996,11.52606379172269,125.0,33.27207207207206,8.066666666666661,11.556071782218313,111.0,33.36159999999999,7.710399999999996,11.52606379172269,125.0,0.4283010730541987,-0.017293329901361724,-0.008381529247038087,-0.0007681755463915682,-0.008227550540667598,-0.12863187588152408,-0.03223507908385792,13.196678048048119,14.0,442500.0,294.0,3884.096031188965,113.92612243537806,9.286504745483398,-9.781631469726562,-96.98916625976562,-0.48312345147132874,-96.50604248046875,0.015544354915618896,0.015544354915618896,0.0,9.75586223602295,0.8219075202941895,0.8639758229255676,-0.04206825792789459,0.04206825792789459,,,,,5.551449863115947,4.86154580475097,0.20614454043455194,-9.681818024317424,1.4444690457157068,-6.715108343139761e-05,-96.7883684794108,1.3467253668468615,-0.007593535528298406,-0.10858667517701785,0.34459534541891035,-0.00800094425313598,-96.67978159586589,1.297792843579668,0.0004073740245267314,0.016270474499712386,0.0006170581591947212,-6.852451322374448e-05,0.016270474499712386,0.0006170581591947212,-6.852451322374448e-05,0.0,0.0,0.0,9.790439573923747,1.4448505657803739,0.0003038126316428884,0.9090731898943584,0.08413879741511271,-0.001844439808863572,0.9537358323733012,0.08357864230300895,-0.0019346359441755176,-0.044662645707527794,0.010025071775510609,9.019585021743649e-05,0.044662645707527794,0.010025071775510609,-9.019585021743649e-05
47.9765525567727,1.0,1500.0,0.0,61.0,1826.0,0.4973487382761264,908.0,918.0,10.295970044882598,1.9082844975663524,10874.54986653436,167.60000000000002,0.04131538727012769,32.98048780487804,6.429268292682926,11.727957622599362,123.0,32.77096774193548,7.687096774193548,11.754377420324348,62.0,32.98048780487804,6.429268292682926,11.727957622599362,123.0,0.4409068932420237,-0.021631746281465563,-0.00671758933370284,-0.0017754721861504516,-0.006971073922198894,-0.13928848498281757,-0.03710869378654999,14.337945225130852,61.0,444000.0,295.0,3896.6886806488037,113.94289777495733,1.0201785564422607,-9.623665809631348,-99.09148406982422,-0.635452151298523,-98.4560317993164,0.016522517427802086,0.016522517427802086,0.0,9.783393859863281,0.7707030773162842,0.8251221179962158,-0.05441911518573761,0.05441911518573761,,,,,5.690771635373434,3.670706405153899,-0.11306773961187086,-9.742692184448241,1.219233320858615,-0.004258373290200696,-97.01140213012695,1.4291986135448354,-0.05124191776398436,-0.029100667064388592,0.3525162486851886,0.0012948187053601463,-96.9823013305664,1.2624992355207132,-0.05253669305956166,0.015900683403015137,0.0002752935852432112,2.350190300100721e-05,0.015900683403015137,0.0002752935852432112,2.350190300100721e-05,0.0,0.0,0.0,9.873128700256348,1.2412542698231053,0.006618476417889129,0.9286558469136555,0.08914222132679137,-1.706262849461389e-05,0.9730363508065542,0.085161257485102,0.0002991478886036565,-0.044380507059395315,0.009445268401517099,-0.0003162094467507041,0.044380507059395315,0.009445268401517099,0.0003162094467507041
50.436734147973965,1.0,1500.0,0.0,37.0,1858.0,0.29786242747848757,553.0,1305.0,10.412540686194214,1.8286928022769875,11177.494971797729,179.20000000000002,0.04427971336792686,32.63709677419355,6.583870967741935,11.803618941284334,124.0,32.5080459770115,7.459770114942526,11.838280705461713,87.0,32.63709677419355,6.583870967741935,11.803618941284334,124.0,0.44508823900892636,-0.021791860285449428,-0.0072331059143110185,-0.0018578086932414088,-0.006524143015112465,-0.12340582381127832,-0.037970641825604626,14.316460847238213,37.0,445500.0,296.0,3908.671465396881,113.97734599696385,2.9061927795410156,-9.402758598327637,-95.90496063232422,0.4519321918487549,-96.35689544677734,0.017259979620575905,0.017259979620575905,0.0,9.491861343383789,1.0555405616760254,1.0913245677947998,-0.03578399866819382,0.03578399866819382,,,,,6.6119742353757225,7.498393352063757,0.0569241718667765,-9.391340621312459,1.0021409605013394,-0.0008721258271652818,-97.57674636840821,1.849816099390845,-0.05769745484077183,0.005115595335761706,0.3792051020100543,0.025596848860366467,-97.58186264038086,1.9046452918086136,-0.0832943026295491,0.016530682022372883,0.00044641491552019623,-1.0525950699945461e-05,0.016530682022372883,0.00044641491552019623,-1.0525950699945461e-05,0.0,0.0,0.0,9.515563424428304,1.0023853459634002,0.0035699869819951517,0.9350575606028239,0.0906472717634887,0.00572026128631012,0.9814373234907786,0.09262744959562652,0.006271103133879429,-0.046379763695100946,0.014301338220391424,-0.0005508408551254566,0.046379763695100946,0.014301338220391424,0.0005508408551254566
50.303570684790614,1.0,1500.0,0.0,80.0,1945.0,0.6116983764801424,1189.0,756.0,10.288704480808017,2.3947464383804107,11670.353124803676,133.4,0.030835375156026072,33.02442748091602,5.71297709923664,11.59410278678148,131.0,32.498039215686276,7.380392156862743,11.707594775483848,51.0,33.02442748091602,5.71297709923664,11.59410278678148,131.0,0.43866339003151883,-0.020768441823918668,-0.006480022059267921,-0.0015740912364569453,-0.005472427706792247,-0.12508406186953175,-0.035529631662516575,14.05724482927809,80.0,447000.0,297.0,3921.8972136974335,113.97545005484307,11.74904727935791,-8.095968246459961,-102.38301086425781,0.5487385988235474,-102.93174743652344,0.016704648733139038,0.016704648733139038,0.0,8.197504043579102,1.0307999849319458,1.1140925884246826,-0.08329252153635025,0.08329252153635025,,,,,5.933540380001068,5.504782458320613,0.0427453306546067,-9.486537520090739,1.2734424966007716,-0.019289148052754345,-97.75477727254231,2.011135076270712,-0.03932137155161291,-0.030388537794351578,0.4353367943255733,0.016361593890176867,-97.7243886311849,1.9632422229474793,-0.05568293994737744,0.016919279222687086,0.000391654909913603,-4.07374044414096e-05,0.016919279222687086,0.000391654909913603,-4.07374044414096e-05,0.0,0.0,0.0,9.647108523050944,1.2761325593861104,0.019079222376805167,0.9274860918521881,0.10820425449397172,0.003674403804295293,0.9723856647809347,0.10691147187357332,0.00401287110681925,-0.04489958981672923,0.014793556002337742,-0.0003384662748576525,0.04489958981672923,0.014793556002337742,0.0003384662748576525
48.24189363585578,1.0,1500.0,0.0,54.0,2044.0,0.39422371318526456,805.0,1239.0,10.325335390809048,2.3173940153751578,12469.001152264616,199.4,0.04421089973837081,32.921167883211695,6.3240875912408745,11.622874414762187,137.0,32.660240963855415,7.286746987951809,11.685409556765118,83.0,32.921167883211695,6.3240875912408745,11.622874414762187,137.0,0.43882866575567747,-0.021570759692384874,-0.008472773136477218,-0.0018795837122302511,-0.009606769537083112,-0.13021403683424276,-0.03719698730269554,14.031190052604279,54.0,448500.0,298.0,3934.7043812274933,113.98569156549527,2.6193199157714844,-10.12020492553711,-99.9531478881836,-0.43602773547172546,-99.51712036132812,0.01608838513493538,0.01608838513493538,0.0,10.263490676879883,0.8197182416915894,0.8744094967842102,-0.054691243916749954,0.054691243916749954,,,,,6.121784357229869,7.551910110875588,0.11868790468994576,-9.778473615646362,1.2238798038650718,-0.00842169771205041,-98.43379389444986,1.8022726999901193,0.015086235750769327,-0.07093150317668914,0.4510604178321111,-0.017443302137833155,-98.36286290486653,1.6809608757280894,0.032529533479585655,0.01693264041095972,0.0003399796014690596,-7.472641857235525e-06,0.01693264041095972,0.0003399796014690596,-7.472641857235525e-06,0.0,0.0,0.0,9.908572467168172,1.2236661405227776,0.00504594289421081,0.9155067543188731,0.11286515797049662,-0.003923699521647167,0.9626936713854471,0.11053809504403836,-0.004257024912468217,-0.04718690818796555,0.0129202050785647,0.0003333257699801747,0.04718690818796555,0.0129202050785647,-0.0003333257699801747
46.71464257809653,1.0,1500.0,0.0,67.0,1814.0,0.5539343814313047,1004.0,810.0,10.089394094879738,2.4597280328745166,11261.274460149967,156.20000000000002,0.03800486618004866,33.688524590163944,6.575409836065572,11.462484703515821,122.0,33.21090909090909,8.098181818181818,11.529089791581718,55.0,33.688524590163944,6.575409836065572,11.462484703515821,122.0,0.428746574137514,-0.02223306438941273,-0.006081089565366508,-0.0013225944512232212,-0.0061682242990654815,-0.14040334481062008,-0.03608069681384172,13.874477120377785,67.0,450000.0,299.0,3947.720228910446,113.98984069451093,2.2376599311828613,-8.527395248413086,-100.2327651977539,-0.5341551303863525,-99.6986083984375,0.01648208685219288,0.01648208685219288,0.0,8.688533782958984,0.7964099645614624,0.8498926758766174,-0.053482718765735626,0.053482718765735626,,,,,3.9055421392122907,2.9988542197828303,0.05808973856046541,-9.543780167897543,1.3352427973366978,-0.014009869483209224,-99.27721506754557,1.6705512663750004,-0.010468724200934401,-0.005169652154048284,0.3746563420622115,0.010369762985472958,-99.27204513549805,1.6566106617663754,-0.020838578577430586,0.01598208394522468,0.00038032843733874755,2.845151534301921e-05,0.01598208394522468,0.00038032843733874755,2.845151534301921e-05,0.0,0.0,0.0,9.664613962173462,1.342032658656523,0.01587395599076669,0.9272362351417541,0.09071162170813238,0.002423835914577856,0.9787367542584737,0.09063329747823848,0.0024957812800423026,-0.051500519489248595,0.012484403058151454,-7.1946150303151e-05,0.051500519489248595,0.012484403058151454,7.1946150303151e-05
53.05544137954712,1.0,1500.0,0.0,29.0,1871.0,0.23025729989984378,430.0,1441.0,10.328575043358535,1.7887229561229072,11306.825417498127,183.4,0.04423540762180415,32.9047619047619,6.393650793650793,11.675290049765659,126.0,33.01443298969071,7.123711340206181,11.582127677861854,97.0,32.9047619047619,6.393650793650793,11.675290049765659,126.0,0.45406110553155743,-0.02234964925934617,-0.008165094995024819,-0.0022677817809461922,-0.0075101650322889684,-0.10963884238220625,-0.03920504260684156,14.860632473433608,29.0,451500.0,300.0,3959.558997154236,114.02785015313482,1.2932076454162598,-8.844615936279297,-102.87303924560547,0.12385322153568268,-102.99689483642578,0.016466304659843445,0.016466304659843445,0.0,8.970602035522461,0.9344015121459961,1.0101611614227295,-0.07575959712266922,0.07575959712266922,,,,,5.347326987981797,8.037278380697273,-0.0286794644574303,-9.770400889714558,1.47939039451113,0.0685889454121322,-99.47454223632812,1.6792449212993337,-0.031193819141491774,-0.01854811484615008,0.38158505888005906,0.001924093223453496,-99.4559944152832,1.7337912170828553,-0.03311790831229266,0.016563974631329376,0.00034954495141313987,1.6205402731364657e-05,0.016563974631329376,0.00034954495141313987,1.6205402731364657e-05,0.0,0.0,0.0,9.924956957499186,1.4688535682291353,-0.06946763727105389,0.9252451697985331,0.09066730439803003,0.000296429717898758,0.9755671858787537,0.09304451366595981,0.0004609283271169827,-0.050322028684119384,0.012976402726155793,-0.00016449866681727328,0.050322028684119384,0.012976402726155793,0.00016449866681727328
54.09249680346631,1.0,1500.0,0.0,94.0,2041.0,0.6853590990134092,1398.0,643.0,10.149098996528505,2.248720043309872,11922.062469323815,119.0,0.025953066387507634,33.46861313868612,5.075912408759122,11.534404870314939,137.0,32.855813953488365,8.209302325581396,11.762068595314819,43.0,33.46861313868612,5.075912408759122,11.534404870314939,137.0,0.4313103184688564,-0.020401794606751417,-0.006515337427426576,-0.001193095967405447,-0.0046239515048988895,-0.09653908507788514,-0.03574699620389355,13.902527725326838,94.0,453000.0,301.0,3973.439982652664,114.00700702104922,1.5146160125732422,-10.700345993041992,-98.21224975585938,0.42664915323257446,-98.63890075683594,0.015879899263381958,0.015879899263381958,0.0,10.772076606750488,1.0425965785980225,1.0829840898513794,-0.04038754105567932,0.04038754105567932,,,,,5.185442328453064,4.854447666082104,-0.1841104143586124,-9.842018699645996,1.3352492978330528,-0.029715206625729136,-100.06660868326823,1.3052423685192767,0.004793659757587528,-0.08015397544950247,0.29340431812565876,0.01822383916741021,-99.98645477294922,1.2395904414578747,-0.01343017510232614,0.015946559235453607,0.00017143429065417893,-1.6422616162475473e-05,0.015946559235453607,0.00017143429065417893,-1.6422616162475473e-05,0.0,0.0,0.0,9.985627714792887,1.3389230208462821,0.02601084534132688,0.9088009377320607,0.07295307682600968,0.004397091067274869,0.9605482737223308,0.07094296257017188,0.004412071139979527,-0.05174733561774095,0.009283152304950125,-1.4979591193267133e-05,0.05174733561774095,0.009283152304950125,1.4979591193267133e-05
50.54018248427998,1.0,1500.0,0.0,55.0,1923.0,0.42513963877818406,817.0,1106.0,10.43177628334823,2.031846721018703,11796.87009995126,170.60000000000002,0.04059971442170395,32.573643410852725,6.293023255813952,11.83072550821624,129.0,32.64054054054054,7.502702702702703,11.744880969323491,74.0,32.573643410852725,6.293023255813952,11.83072550821624,129.0,0.4520400420657472,-0.0227496797990472,-0.007027483642294195,-0.0012288242704468614,-0.0047259929612871125,-0.1290095525389613,-0.04058435691558996,14.851858916091343,55.0,454500.0,302.0,3985.9432277679443,114.02570835272827,5.722281455993652,-9.155864715576172,-99.221435546875,-0.20521779358386993,-99.01622009277344,0.015676164999604225,0.015676164999604225,0.0,9.32889175415039,0.8898921012878418,0.930616021156311,-0.04072389379143715,0.04072389379143715,,,,,7.154431194067001,9.369762191997383,-0.024590908075466444,-9.69437149365743,1.4069375161261475,0.005198300799750652,-98.91084416707356,1.4053620803226496,0.009418069162678105,0.014805590609709422,0.4165566410471459,-0.016826009359190014,-98.92564951578775,1.4150190598254244,0.026244085224904762,0.016337691123286882,0.00033416256434382974,-2.0820286966144386e-06,0.016337691123286882,0.00033416256434382974,-2.0820286966144386e-06,0.0,0.0,0.0,9.852770360310872,1.4149919143336172,-0.005610290119990479,0.9423814336458842,0.0999372511912991,-0.0038048348516988534,0.983635272582372,0.10142417089879135,-0.004084491742996569,-0.04125383763263623,0.01074429544841044,0.0002796576334551,0.04125383763263623,0.01074429544841044,-0.0002796576334551
53.014775332222634,1.0,1500.0,0.0,117.0,2030.0,0.8589720969231792,1743.0,287.0,9.9272840223341,1.9310154152466505,10565.170405345385,67.0,0.014294248165215908,34.21313868613139,4.592700729927006,11.20343868846254,137.0,32.45,7.630000000000001,11.623459891458543,20.0,34.21313868613139,4.592700729927006,11.20343868846254,137.0,0.42159635267878354,-0.017024058149776648,-0.005389964908662138,-0.0009675293735438889,-0.005634506494948291,-0.10582879982235628,-0.02834649064190456,13.229239094392712,117.0,456000.0,303.0,4000.5762147903442,113.98358024380178,1.0704859495162964,-11.57129192352295,-98.38094329833984,0.06903626769781113,-98.44998168945312,0.016008973121643066,0.016008973121643066,0.0,11.716766357421875,0.9626979827880859,0.996697187423706,-0.03399913012981415,0.03399913012981415,,,,,6.2618661403656,7.344902087238675,-0.02421554394638188,-9.99554573694865,1.3320017782853197,-0.08172800469318914,-99.80440317789713,1.870693809626225,0.11902242794185487,-0.04608874022960663,0.369001478975994,-0.012605069118559168,-99.75831476847331,1.8642734351419454,0.13162747935803493,0.016024561940381925,0.0002406153931486011,1.1233043741927427e-05,0.016024561940381925,0.0002406153931486011,1.1233043741927427e-05,0.0,0.0,0.0,10.117071787516275,1.3398447911004403,0.08132634634966303,0.9238376617431641,0.0890125054025935,-0.0019859566969654212,0.9688145716985067,0.08919988514014349,-0.0030532454224396688,-0.04497691728174687,0.01438268025378864,0.0010672883102639259,0.04497691728174687,0.01438268025378864,-0.0010672883102639259
47.853005874858184,1.0,1500.0,0.0,85.0,1895.0,0.6725685341443494,1274.0,621.0,10.096515373116825,2.368269854382535,11250.572821270725,116.60000000000001,0.027283788843129913,33.65039370078739,5.938582677165356,11.517984642251507,127.0,32.72380952380953,7.599999999999999,11.757093238353425,42.0,33.65039370078739,5.938582677165356,11.517984642251507,127.0,0.42646926405292973,-0.019443154653522737,-0.005959689806640885,-0.0015663110121322925,-0.007622280512266522,-0.13423854343465016,-0.034712204810485515,13.85793699708049,85.0,457500.0,304.0,4014.013415336609,113.9757027846492,9.556840896606445,-11.09047794342041,-102.05965423583984,-0.21820469200611115,-101.84144592285156,0.014756943099200726,0.014756943099200726,0.0,11.083354949951172,0.8715161085128784,0.9282423853874207,-0.05672629177570343,0.05672629177570343,,,,,5.852720201015472,4.989768060832463,0.07283370404673088,-9.624274349212646,1.378598160903038,0.017096988775573814,-100.24854838053385,1.4859676604894205,0.002609874144017023,-0.05089827577273051,0.3552891624100929,0.008943017349227254,-100.19764938354493,1.4773014674692215,-0.006333220654782247,0.015128694133212169,0.00043730163205220264,-4.2826853261575266e-05,0.015128694133212169,0.00043730163205220264,-4.2826853261575266e-05,0.0,0.0,0.0,9.774772262573242,1.3664619755807834,-0.01980563896781752,0.9219509681065877,0.08461320922641367,0.002201524698429269,0.9676807502905528,0.08479050468725528,0.002164926345939746,-0.04572977777570486,0.01098781639488982,3.659687273295607e-05,0.04572977777570486,0.01098781639488982,-3.659687273295607e-05
47.0083263353868,1.0,1500.0,0.0,44.0,2045.0,0.32075793281681897,655.0,1390.0,10.2149352959577,2.42832423697896,12792.350240498141,212.8,0.04667895060103536,33.27591240875914,7.221897810218978,11.542870736296702,137.0,33.33978494623658,8.109677419354837,11.512604278390063,93.0,33.27591240875914,7.221897810218978,11.542870736296702,137.0,0.44281177607331385,-0.020519147681063502,-0.005869851652553513,-0.0031708037023529026,-0.011922365988909408,-0.1449168207024,-0.036714627717884675,14.5928611662661,44.0,459000.0,305.0,4026.457552909851,113.9959862903034,3.776688575744629,-7.77382755279541,-100.49066925048828,0.317470520734787,-100.80813598632812,0.014891396276652813,0.014891396276652813,0.0,7.9623260498046875,1.0089352130889893,1.0554630756378174,-0.046527743339538574,0.046527743339538574,,,,,8.274187676111858,8.806164629596086,-0.35780498740140027,-9.970198233922323,1.0756621590303956,0.024143780060154007,-100.73993428548177,1.7818203122300473,-0.07300263978747848,0.005744024366140366,0.32144909188997745,-0.001375764023276401,-100.7456782023112,1.7118414038376348,-0.07162689786068524,0.014988577924668789,0.0001632300120363401,-1.1508954943754116e-06,0.014988577924668789,0.0001632300120363401,-1.1508954943754116e-06,0.0,0.0,0.0,10.14334774017334,1.0588732990477472,-0.025921585880742275,0.9340828279654185,0.07906275567860606,-0.0007767006738300303,0.9813599705696106,0.07649450845286855,-0.0003294563664742903,-0.04727714465310176,0.01245056924732389,-0.0004472449011644864,0.04727714465310176,0.01245056924732389,0.0004472449011644864
46.885724795901254,1.0,1500.0,0.0,92.0,2091.0,0.656306184525979,1372.0,719.0,9.867540591528925,2.2857102801175047,12348.882418253868,119.0,0.024689821154404747,34.427142857142854,5.777142857142856,11.12341297188472,140.0,33.604166666666664,7.216666666666665,11.534542145474878,48.0,34.427142857142854,5.777142857142856,11.12341297188472,140.0,0.4163581674119637,-0.019257960640300338,-0.005891335229420219,-0.001592696316123945,-0.007325751761668758,-0.12904486150840222,-0.034263300610010795,12.769717533462488,92.0,460500.0,306.0,4040.52303647995,113.97039339767791,18.995849609375,-8.725414276123047,-101.80166625976562,-0.5357251167297363,-101.26593780517578,0.014171110466122627,0.014171110466122627,0.0,8.883346557617188,0.8067388534545898,0.8541373014450073,-0.047398507595062256,0.047398507595062256,,,,,8.851427137851715,9.297211843984574,0.18206818172743364,-9.821961990992229,1.388734927003331,-0.012036550880406411,-101.90751088460287,2.0145863445672783,-0.003258951460822325,-0.06891213841736317,0.37320576553696827,-0.008884300703433521,-101.8385986328125,2.045646313793499,0.005625404637967211,0.015254069802661736,0.0005703722678247073,-5.011094756863716e-05,0.015254069802661736,0.0005703722678247073,-5.011094756863716e-05,0.0,0.0,0.0,9.965155124664307,1.3679680816772513,0.011883122504619063,0.9108044604460398,0.08794018736379731,-0.001967105650663126,0.9636533498764038,0.08945396588813627,-0.002092993697016885,-0.052848880738019945,0.015157283998951481,0.00012588603577438947,0.052848880738019945,0.015157283998951481,-0.00012588603577438947
53.715441925884925,1.0,1500.0,0.0,73.0,1988.0,0.5437378953221219,1080.0,908.0,10.099969745349703,2.6322979119060577,12318.000287329374,130.20000000000002,0.02888326900039931,33.640298507462674,5.305970149253726,11.399195141996909,134.0,33.43934426229509,7.504918032786882,11.4369887563636,61.0,33.640298507462674,5.305970149253726,11.399195141996909,134.0,0.43215586079008766,-0.020262385301498164,-0.0075188256568420025,-0.0011328857742546115,-0.008073461223747544,-0.09208109828165985,-0.03628631503741337,13.516222981860519,73.0,462000.0,307.0,4053.706200838089,113.96977903935988,2.1086111068725586,-10.368110656738281,-102.00035095214844,0.3157169818878174,-102.31607055664062,0.015405204147100449,0.015405204147100449,0.0,10.458608627319336,1.0030219554901123,1.0556527376174927,-0.05263080447912216,0.05263080447912216,,,,,7.597621101140976,14.418151009341386,-0.06004396921005098,-9.813408835728962,1.3040152936795832,-0.025752501758240016,-102.19919331868489,1.8413088528179464,0.011470318583150006,0.07030555208524068,0.31639865575643783,0.015837473065091985,-102.26949869791666,1.8201955698574608,-0.004367153689643973,0.014281148960192998,0.0005295614326346009,5.235776918483372e-05,0.014281148960192998,0.0005295614326346009,5.235776918483372e-05,0.0,0.0,0.0,9.954862610499065,1.278392798509443,0.023863379867774082,0.9432421902815501,0.07579520462824668,0.0037937412405172994,0.9967423737049103,0.07457301456545624,0.0037422157500821645,-0.05350018305083116,0.013416683244160498,5.152427795466408e-05,0.05350018305083116,0.013416683244160498,-5.152427795466408e-05
48.90571914400373,1.0,1500.0,0.0,14.0,1977.0,0.10555963251476994,208.0,1769.0,10.03796398681295,2.208456744794842,12508.239213100089,224.4,0.05023730634906421,33.83939393939394,7.792424242424244,11.392462077744892,132.0,33.87118644067797,8.120338983050848,11.35621970553426,118.0,33.83939393939394,7.792424242424244,11.392462077744892,132.0,0.4335999307550683,-0.020935943305967257,-0.007174229226620948,-0.00263243585644265,-0.008559201141226812,-0.13390394674274933,-0.03794516429659588,15.490699530532718,14.0,463500.0,308.0,4065.149294614792,114.01795270201033,3.310533046722412,-7.633133888244629,-99.89004516601562,-0.1993218958377838,-99.69071960449219,0.014568476937711239,0.014568476937711239,0.0,7.776361465454102,0.9019891023635864,0.9328669309616089,-0.030877813696861267,0.030877813696861267,,,,,6.098412452141444,5.567472966994112,-0.17617107868459786,-10.058749135335287,1.4625270797349226,-0.025863565565879165,-103.7631357828776,2.16784203314838,0.0228691024695446,-0.04758828319609165,0.43657790941956165,-0.0016991906332160835,-103.71554718017578,2.0384279629589734,0.02456833751369073,0.014820891277243694,0.0002973640285810139,-2.75092646976866e-05,0.014820891277243694,0.0002973640285810139,-2.75092646976866e-05,0.0,0.0,0.0,10.167461665471395,1.4479529602165022,0.022167872958241446,0.907103814681371,0.10768481910300219,-0.00014288503680799948,0.968714694182078,0.10370029100304873,-0.00040760488478308983,-0.061610876210033895,0.015061355819675182,0.000264720000881906,0.061610876210033895,0.015061355819675182,-0.000264720000881906
55.1425627555166,1.0,1500.0,0.0,112.0,1840.0,0.9113294780555329,1676.0,164.0,10.329973019685283,1.7434456036995252,9847.756989293799,83.0,0.02052220354069825,32.88130081300812,3.8504065040650404,11.704116466392726,123.0,31.327272727272728,6.672727272727272,12.199835833363135,11.0,32.88130081300812,3.8504065040650404,11.704116466392726,123.0,0.44411146015633496,-0.020492512670919234,-0.005740608917921289,-0.0015998203514330127,-0.006268221574343927,-0.09723032069970501,-0.0342034626069362,14.191815505465755,112.0,465000.0,309.0,4079.1549849510193,113.99419774818473,0.9082258939743042,-10.661890029907227,-100.44257354736328,-0.015344709157943726,-100.42723083496094,0.015359858982264996,0.015359858982264996,0.0,10.84710693359375,0.9425039887428284,0.976325273513794,-0.03382137417793274,0.03382137417793274,,,,,7.030469465255737,7.945554254049407,-0.020563118555919923,-10.086064227422078,1.5095084837311108,-0.01243916056445206,-104.82843424479167,2.094009933361473,-0.014393726047602747,0.13502843491733074,0.4181437765687367,-0.03026099578706389,-104.9634625752767,1.9624070435916063,0.015867265100873863,0.01600177005554239,0.0005802276853146949,2.3511869499295947e-05,0.01600177005554239,0.0005802276853146949,2.3511869499295947e-05,0.0,0.0,0.0,10.228025070826213,1.5024313148155164,0.011468330930682166,0.9441404859224956,0.10426360631855898,-0.00704563366823125,1.0123495697975158,0.10062391642908416,-0.007247378669670896,-0.06820908611019452,0.014430073132488579,0.0002017442903608856,0.06820908611019452,0.014430073132488579,-0.0002017442903608856
48.51925867376193,1.0,1500.0,0.0,71.0,1904.0,0.5570997607450692,1060.0,844.0,10.046456400204839,2.217596396728008,11721.530747071527,156.4,0.03613511390416339,33.814062500000006,6.4,11.442795491840974,128.0,33.60000000000002,8.445614035087718,11.485677511747184,57.0,33.814062500000006,6.4,11.442795491840974,128.0,0.42836519413792973,-0.02083367865675992,-0.007442059332840498,-0.0011583218421376603,-0.008562152133580615,-0.1253432282003671,-0.036458632602000524,13.815687296775232,71.0,466500.0,310.0,4092.2702872753143,113.99540285756679,2.448641300201416,-8.962459564208984,-100.12480163574219,0.19278204441070557,-100.31758117675781,0.014326836913824081,0.014326836913824081,0.0,9.036005020141602,0.9947810769081116,1.0254062414169312,-0.030625173822045326,0.030625173822045326,,,,,4.195426901181539,3.401346405608014,-0.03353948497666141,-9.823870976765951,1.2859184757416497,-0.02635124193813155,-103.45588302612305,2.056797646721462,0.06916467753613184,-0.03890612671772639,0.36692305032441264,-0.00027069033717153833,-103.41697692871094,1.8640499072465664,0.06943537592225253,0.014696986693888903,0.00017540734103773674,-3.3658115945354116e-06,0.014696986693888903,0.00017540734103773674,-3.3658115945354116e-06,0.0,0.0,0.0,9.947697861989338,1.2934290371847397,0.02660103841406056,0.9163572331269582,0.09398745423032472,0.0005270792061547784,0.9707454919815064,0.0870046784505079,-6.18383537012604e-05,-0.05438825786113739,0.01383841150647259,0.0005889171504470498,0.05438825786113739,0.01383841150647259,-0.0005889171504470498
46.22273875319439,1.0,1500.0,0.0,46.0,1804.0,0.37561736874409263,677.0,1127.0,10.313253909584777,2.123327743683836,11194.617104797986,190.0,0.04727308917197452,32.94426229508196,6.711475409836063,11.75597991423506,122.0,32.5421052631579,7.539473684210523,11.88547240728628,76.0,32.94426229508196,6.711475409836063,11.75597991423506,122.0,0.4349294213746674,-0.021984316070649875,-0.006764845345766885,-0.001963620191846141,-0.008234098170200484,-0.14278245715945082,-0.03818313428738841,14.0356365040374,46.0,468000.0,311.0,4104.467031240463,114.02211211294826,1.656605839729309,-9.729764938354492,-103.72433471679688,0.5836490392684937,-104.3079833984375,0.0142586100846529,0.0142586100846529,0.0,9.807575225830078,1.0601170063018799,1.1173031330108643,-0.05718620866537094,0.05718620866537094,,,,,7.612730828921,7.754951642450752,-0.061579107256964805,-9.809690062204997,1.3839484526657382,0.01144883980077438,-103.94334106445312,1.6904060566499894,-0.03751789300937349,-0.01319212168455124,0.33617433337289393,-0.003443366242728059,-103.93014882405599,1.7897048232650057,-0.034074512180414865,0.014312404456237953,0.00015774212478985274,-1.0820204709077892e-05,0.014312404456237953,0.00015774212478985274,-1.0820204709077892e-05,0.0,0.0,0.0,9.951276238759359,1.368279701520262,-0.011749649684341898,0.9212656140327453,0.07505226315679837,-0.0009694281356353401,0.9769113421440124,0.07913630377062987,-0.0008049893564854701,-0.055645752946535745,0.012914738467842352,-0.00016444090741362196,0.055645752946535745,0.012914738467842352,0.00016444090741362196
49.85913877487182,1.0,1500.0,0.0,60.0,1894.0,0.46784717622093386,886.0,1008.0,10.33767972091177,2.023077172999883,11422.808282667771,174.8,0.04155967665240133,32.859375000000014,6.418749999999999,11.743878444120377,128.0,33.09411764705881,7.670588235294116,11.639407046469824,68.0,32.859375000000014,6.418749999999999,11.743878444120377,128.0,0.45189529522617206,-0.020810628579483736,-0.006044586866957056,-0.0015645686065664862,-0.006301117382790059,-0.13823292247436542,-0.037150146156492564,14.875963585961388,60.0,469500.0,312.0,4116.989378929138,114.03964324098419,5.716190338134766,-11.288387298583984,-104.85578918457031,0.26179471611976624,-105.11758422851562,0.014559254981577396,0.014559254981577396,0.0,11.422605514526367,0.9813183546066284,1.041892647743225,-0.06057431176304817,0.06057431176304817,,,,,4.980994816621145,4.581612342059724,0.18496547495828186,-9.697906239827473,1.4798940741858646,-0.020419561239715583,-104.17847264607748,1.7784587382209271,-0.0036675424543968563,-0.04741235412657261,0.36579832978582805,0.013543058352522118,-104.13106053670248,1.6761090385249675,-0.01721061222810389,0.01431036377325654,0.00013528738376081598,-6.558785258530333e-06,0.01431036377325654,0.00013528738376081598,-6.558785258530333e-06,0.0,0.0,0.0,9.839769760767618,1.5065123512636214,0.018116046430271388,0.914244544506073,0.08930309008161315,0.0031500876811773083,0.9688691616058349,0.086105689605703,0.0031927916046244295,-0.054624614367882414,0.01210777703451829,-4.270577490396013e-05,0.054624614367882414,0.01210777703451829,4.270577490396013e-05
52.9637553387218,1.0,1500.0,0.0,90.0,1938.0,0.691383033015284,1339.0,599.0,10.109524293348851,2.0052818916278983,11261.742845898178,109.60000000000001,0.025083535496864557,33.610769230769236,5.340000000000001,11.471140417567653,130.0,34.345000000000006,8.385,11.254001726930763,40.0,33.610769230769236,5.340000000000001,11.471140417567653,130.0,0.43939850635104943,-0.01994131436752882,-0.006234646658386804,-0.0010987703476544085,-0.00534939398473741,-0.10737692652999796,-0.03687843569153715,13.976763887182384,90.0,471000.0,313.0,4130.609628200531,114.0267520765906,1.495253086090088,-10.064042091369629,-102.65404510498047,-0.039622142910957336,-102.61442565917969,0.0130592230707407,0.0130592230707407,0.0,10.216838836669922,0.9308345317840576,0.9708669781684875,-0.04003240913152695,0.04003240913152695,,,,,6.178043401241302,7.728485003885539,0.20992540445953634,-10.43614764213562,1.3573567422947335,-0.014108496062349695,-105.09484685262045,1.2683776518030363,0.022692441675106246,-0.12708612208565076,0.31210972488162175,0.0025460882483255344,-104.96776072184245,1.3206838841901167,0.020146272551101182,0.014002620490888755,0.0004746022986988187,-4.980914269856844e-05,0.014002620490888755,0.0004746022986988187,-4.980914269856844e-05,0.0,0.0,0.0,10.584784158070882,1.3369536255337915,0.014968741165517236,0.8919827083746592,0.07117963947565546,0.0008444977947018537,0.9501844843228658,0.07319052813942588,0.0006163112578853195,-0.05820178637901942,0.009659697184358055,0.00022818809986379783,0.05820178637901942,0.009659697184358055,-0.00022818809986379783
54.518309940184864,1.0,1500.0,0.0,112.0,1992.0,0.8432680370745307,1679.0,313.0,10.07272412155545,1.7600619164060034,10182.181051405361,68.0,0.015168414008476466,33.706766917293244,4.294736842105262,11.335434125370837,133.0,31.54285714285713,6.495238095238097,12.07978441654425,21.0,33.706766917293244,4.294736842105262,11.335434125370837,133.0,0.42736303396515607,-0.016474395782352488,-0.004411357945531422,-0.0010793151728505567,-0.0029290913359943907,-0.10208969241605632,-0.029306559798075758,13.286227915073757,112.0,472500.0,314.0,4144.944621324539,113.99428536852444,2.416959047317505,-11.269147872924805,-100.9573745727539,0.4675697684288025,-101.42494201660156,0.013252459466457367,0.013252459466457367,0.0,11.354106903076172,1.059057354927063,1.0881414413452148,-0.029084157198667526,0.029084157198667526,,,,,9.050875719388326,10.429455552904086,-0.012936130355011791,-10.328174686431884,0.9131205376214004,-0.040309426304495424,-104.0490852355957,1.5751560988849018,0.032351516536931364,0.012750061849753061,0.39437307237565117,-0.0012050571444302456,-104.06183522542318,1.4374588444548915,0.03355662650341136,0.013318259393175443,0.00019132454485820902,-2.5591119974687844e-06,0.013318259393175443,0.00019132454485820902,-2.5591119974687844e-06,0.0,0.0,0.0,10.456077766418456,0.917727882898801,0.03975760912868667,0.9337597628434499,0.09425850571358459,4.333565312044983e-05,0.9829725543657939,0.09134844812783706,-0.00027924045439692497,-0.04921278630693753,0.010513341160759684,0.000322576445652726,0.04921278630693753,0.010513341160759684,-0.000322576445652726
23.934993426005047,1.0,1500.0,0.0,12.0,1802.0,0.09875354420350071,177.0,1625.0,10.018970771000028,1.8996935841023013,11147.207072251227,234.20000000000002,0.05709688429469989,33.899173553719024,8.373553719008266,11.383902405582576,121.0,33.423853211009195,8.172477064220184,11.509908985234977,109.0,33.899173553719024,8.373553719008266,11.383902405582576,121.0,0.374366000555843,-0.018865810186538667,-0.006474561410107999,-0.0012047908986309959,-0.009361287176986838,-0.23871282301316665,-0.02945058147904118,11.920210865883304,12.0,474000.0,315.0,4156.259698390961,114.04484666429835,3.551299571990967,-7.658747673034668,-102.69428253173828,0.23942126333713531,-102.93370056152344,0.013499542139470577,0.013499542139470577,0.0,7.794280529022217,0.9980844259262085,1.0356135368347168,-0.03752920776605606,0.03752920776605606,,,,,9.62799000342687,12.690550785819553,0.2532323284859916,-10.730079523722331,1.381658210032872,0.03732425278100371,-104.45162938435872,1.546719042867259,0.032458857620122725,0.05054427944123745,0.438883878864188,-0.006408712076431386,-104.50217412312826,1.3828459797600778,0.03886761012942096,0.013672398185978334,0.0003210353917479208,1.8080242094195032e-05,0.013672398185978334,0.0003210353917479208,1.8080242094195032e-05,0.0,0.0,0.0,10.874356762568157,1.3876636377264133,-0.04120096550369707,0.9419778843720754,0.10513728133005612,-0.0011330334707945696,0.991920534769694,0.10240689221378473,-0.001492995229260692,-0.04994265077014764,0.010119357444710904,0.0003599622350049379,0.04994265077014764,0.010119357444710904,-0.0003599622350049379
50.23798448244731,1.0,1500.0,0.0,30.0,1860.0,0.23657641622839093,440.0,1420.0,10.200663484278342,2.5162476388275907,12030.813669155745,226.0,0.05424607556046277,33.32959999999999,7.359999999999999,11.534017153542,125.0,33.59789473684211,8.210526315789474,11.4439527287468,95.0,33.32959999999999,7.359999999999999,11.534017153542,125.0,0.4540620469772152,-0.020675458096535315,-0.007493039500193595,-0.0028105229795236278,-0.009361997226074966,-0.1294498381877028,-0.03810776919730744,14.741218319924759,30.0,475500.0,316.0,4168.056141376495,114.08195664153571,4.586665630340576,-10.441129684448242,-106.97620391845703,0.3205016553401947,-107.29670715332031,0.014742322266101837,0.014742322266101837,0.0,10.580561637878418,0.9896997213363647,1.0559945106506348,-0.06629477441310883,0.06629477441310883,,,,,9.741080617904663,10.742976556434739,0.012053431552296877,-10.26640082995097,0.991977813032183,0.018746787104113496,-105.1268694559733,1.9852567095749436,-0.06499535854454072,-0.0029560939719279608,0.35666020342345917,0.0009621021604047361,-105.12391306559245,1.97179657077378,-0.06595738361090989,0.014043722146501144,0.00032302926524045375,3.4318601834826514e-05,0.014043722146501144,0.00032302926524045375,3.4318601834826514e-05,0.0,0.0,0.0,10.411477120717366,0.9847629835458608,-0.019248287086359745,0.9273987352848053,0.0840172857823166,-0.00017291620390303298,0.9793531159559886,0.0835874068710311,0.00021749018827187637,-0.05195437632501125,0.013913954704169576,-0.0003904063913461485,0.05195437632501125,0.013913954704169576,0.0003904063913461485
58.14628295060042,1.0,1500.0,0.0,91.0,1835.0,0.7373563778242511,1353.0,482.0,10.286404129879305,2.260191930755639,10662.124802840124,101.0,0.024673865246494356,33.011290322580635,4.2806451612903205,11.623920123925101,124.0,32.71515151515151,7.957575757575758,11.559800816116388,33.0,33.011290322580635,4.2806451612903205,11.623920123925101,124.0,0.441668908422865,-0.019548184008929295,-0.005368549735005807,-0.0011645116885215382,-0.004836669395044318,-0.07982736810774413,-0.03418911340234634,14.324138761947804,91.0,477000.0,317.0,4181.583611965179,114.07161598661155,1.4701775312423706,-10.277925491333008,-106.03473663330078,-0.07638093829154968,-105.95835876464844,0.013309353031218052,0.013309353031218052,0.0,10.382619857788086,0.9080066084861755,0.9623158574104309,-0.05430922657251358,0.05430922657251358,,,,,8.884528738260268,9.688829854996111,-0.15363299113359585,-10.074377727508544,1.3941550445479205,0.031420220575555644,-104.98610610961914,1.8545278136013672,-0.007911658366606256,-0.11724367551505566,0.36352629787809554,0.01794120332969973,-104.86886240641276,1.79905273867798,-0.025852883140552528,0.013806079824765524,0.00048577061201562324,-4.797424329600182e-05,0.013806079824765524,0.00048577061201562324,-4.797424329600182e-05,0.0,0.0,0.0,10.205178387959798,1.3877522882503757,-0.03223659655408704,0.904727413256963,0.08686441338605859,0.004105497931479323,0.9524399816989899,0.08496047458205727,0.00420967740927705,-0.04771255695571502,0.012759148564479328,-0.0001041782574440125,0.04771255695571502,0.012759148564479328,0.0001041782574440125
48.335369168157165,1.0,1500.0,0.0,115.0,2072.0,0.8275063955242371,1714.0,358.0,9.298669608717667,1.7766139354636432,11149.604991843058,110.2,0.021711718811569077,36.515107913669084,5.741007194244603,10.355914954710197,139.0,36.25,10.3,10.424407162844018,24.0,36.515107913669084,5.741007194244603,10.355914954710197,139.0,0.3907352137959166,-0.015970730137658182,-0.004208926643139768,-0.0009471437456470811,-0.004524098611624315,-0.1163068151823868,-0.02691858128311728,11.790382505033119,115.0,478500.0,318.0,4196.703428030014,114.01806398900433,1.7829703092575073,-9.708242416381836,-104.7456283569336,0.11644786596298218,-104.86207580566406,0.012848099693655968,0.012848099693655968,0.0,9.903619766235352,0.9626407623291016,1.0067412853240967,-0.044100455939769745,0.044100455939769745,,,,,8.982617739836375,10.183061061708335,0.1635835865846067,-9.90268259048462,1.3694747757906625,0.02695665539835953,-104.84668451944987,1.7215824700286722,-0.05483794419200304,-0.03679295380910238,0.34624090331205665,0.006166282422152725,-104.80989100138346,1.6856829783280771,-0.06100426356704863,0.012900919156769912,8.53199922944469e-05,-7.0355633673604005e-06,0.012900919156769912,8.53199922944469e-05,-7.0355633673604005e-06,0.0,0.0,0.0,10.04275294939677,1.3791463547227856,-0.024304980934660866,0.9266247153282166,0.08053745565700318,0.001064991447100755,0.9715155879656474,0.07954202851171678,0.0014182565740005822,-0.04489087512095769,0.011781105732134771,-0.00035326285774636137,0.04489087512095769,0.011781105732134771,0.00035326285774636137
50.802053665005886,1.0,1500.0,0.0,86.0,1890.0,0.679466321305677,1284.0,606.0,10.21830813688951,1.8516225874100511,10843.746613593335,116.0,0.027471226258703168,33.2488188976378,5.503937007874017,11.558027070919888,127.0,32.55121951219512,7.614634146341462,11.736105761800415,41.0,33.2488188976378,5.503937007874017,11.558027070919888,127.0,0.4340972021630245,-0.02011396497941314,-0.005694370158490126,-0.0015127024606871192,-0.005794855903315775,-0.11986365044932959,-0.035623207338971924,13.955049241385659,86.0,480000.0,319.0,4210.123853445053,114.01089770963065,1.3418045043945312,-10.447860717773438,-106.0625228881836,0.40649858117103577,-106.46902465820312,0.014151426963508129,0.014151426963508129,0.0,10.614212036132812,1.0223904848098755,1.0754725933074951,-0.053082022815942764,0.053082022815942764,,,,,4.982480216026306,4.808596374394615,-0.006260134884725151,-10.646824677785238,1.2385801082414853,0.014038358567421624,-105.5114735921224,1.826410440081462,-0.021459587529980055,0.18403490434090297,0.39968151417013464,-0.012748298499820242,-105.6955083211263,1.7162939449496544,-0.008711305476134397,0.013795025957127413,0.0004183206571732363,4.468450200504634e-05,0.013795025957127413,0.0004183206571732363,4.468450200504634e-05,0.0,0.0,0.0,10.785449886322022,1.2671605889815578,-0.015887593533491774,0.9739783863226573,0.09584571370795528,-0.002929389423735308,1.0227507054805756,0.09324683810099667,-0.0029475535248490383,-0.048772311645249526,0.012143931945109725,1.816511676295737e-05,0.048772311645249526,0.012143931945109725,-1.816511676295737e-05
53.19958935557185,1.0,1500.0,0.0,111.0,1914.0,0.867477522165417,1660.0,254.0,9.885736432757367,1.4607074686894912,9654.300628189043,84.80000000000001,0.019280614796962393,34.3609375,4.662499999999998,11.098059297868609,128.0,34.6,8.435294117647057,11.093035461879957,17.0,34.3609375,4.662499999999998,11.098059297868609,128.0,0.4240339052953865,-0.017229369263119406,-0.004703535197651875,-0.00139727152552583,-0.0033047159825944097,-0.10664471363047931,-0.0302530920278723,13.288927265288535,111.0,481500.0,320.0,4224.446645498276,113.97942509538,1.2827938795089722,-11.618724822998047,-108.78986358642578,-0.2068088948726654,-108.58305358886719,0.013689963147044182,0.013689963147044182,0.0,11.910909652709961,0.8662224411964417,0.9318030476570129,-0.06558062881231308,0.06558062881231308,,,,,9.803140199184417,11.951840594022366,0.1388118844939282,-10.102150805791219,1.4622594830628364,-0.07121520811511606,-105.77934392293294,1.5026932744487849,-0.05513597091657605,-0.0381347415347894,0.3470215879451404,0.004668495180012787,-105.74120915730795,1.5399951351372112,-0.05980449842000719,0.013757050906618436,0.0001265539197779542,4.369723667557415e-06,0.013757050906618436,0.0001265539197779542,4.369723667557415e-06,0.0,0.0,0.0,10.25193223953247,1.4688387495587991,0.07417306889416228,0.9244025448958079,0.07928682360594659,0.0007470245356023759,0.971098655462265,0.08090559145448054,0.0010896928185748166,-0.04669612223903338,0.010663039403878563,-0.0003426693471042938,0.04669612223903338,0.010663039403878563,0.0003426693471042938
45.856370182360635,1.0,1500.0,0.0,59.0,1829.0,0.4785222518178303,875.0,954.0,9.93935698971461,2.4299912497518044,11559.167835464596,179.4,0.04267161410018553,34.18048780487804,6.874796747967481,11.302917487731818,123.0,33.653125,8.221875,11.490687141189298,64.0,34.18048780487804,6.874796747967481,11.302917487731818,123.0,0.41877655910160705,-0.0203180118389533,-0.00655875405526085,-0.001566029013786716,-0.005271792628240229,-0.13973531663567337,-0.034804445691317534,13.232564449274033,59.0,483000.0,321.0,4237.246554374695,113.98911859432215,3.305154323577881,-10.929401397705078,-104.85076904296875,0.3958893418312073,-105.24665832519531,0.01317825261503458,0.01317825261503458,0.0,11.048996925354004,1.0317410230636597,1.071445345878601,-0.039704278111457825,0.039704278111457825,,,,,5.493253688017528,6.489953503223833,-0.21678130186439507,-10.738930829366048,1.2551726911242733,-0.04359858834305895,-105.86697438557943,1.7763488606351703,0.05988313295154612,0.05168292373418808,0.3976907574517433,-0.007308991291499117,-105.91865692138671,1.7690389311253292,0.06719209970170974,0.01356901911397775,0.00025857238608150866,-1.4648117846058478e-05,0.01356901911397775,0.00025857238608150866,-1.4648117846058478e-05,0.0,0.0,0.0,10.882543627421061,1.2466173276211763,0.04369764529558103,0.9464996139208476,0.09218699283969926,-0.001152658515565283,0.9920701165994008,0.09259394625971011,-0.0017041540914966649,-0.045570503113170464,0.012693291223988526,0.0005514953459495974,0.045570503113170464,0.012693291223988526,-0.0005514953459495974
56.07306150523099,1.0,1500.0,0.0,110.0,2048.0,0.8016724927634146,1641.0,407.0,9.952270085952819,2.02117162381527,11339.308563638297,102.4,0.02173820744703435,34.13478260869565,4.434782608695652,11.132074471252658,138.0,34.45,8.914285714285715,10.999627703441416,28.0,34.13478260869565,4.434782608695652,11.132074471252658,138.0,0.42591355659743085,-0.017370207566694752,-0.004768128778047749,-0.001197886313648352,-0.004214787474699384,-0.08629598761757067,-0.03179289623260387,13.272725254191172,110.0,484500.0,322.0,4251.521305799484,113.95920781088299,1.4837450981140137,-8.359294891357422,-107.0136489868164,0.39304131269454956,-107.40669250488281,0.013485671952366829,0.013485671952366829,0.0,8.463452339172363,1.0187914371490479,1.071270227432251,-0.05247878655791283,0.05247878655791283,,,,,7.5299788296222685,7.250033995905862,-0.00480369692782301,-10.003551546732584,1.6013031995590947,0.009424047926244326,-106.31627248128255,1.414361239051054,-0.016814897004698997,0.07955466856559118,0.3031698181829093,0.006230883885411192,-106.39582748413086,1.3661912400570915,-0.02304569537170144,0.013541053577015797,0.00026316436521752346,-1.3010775477722182e-05,0.013541053577015797,0.00026316436521752346,-1.3010775477722182e-05,0.0,0.0,0.0,10.162319882710774,1.6063409757430525,-0.0097495557468912,0.9518224716186523,0.07164753373233042,0.0013568983194692653,0.9983676036198934,0.07040464396570956,0.001439217067799111,-0.04654513280838728,0.009512058919014047,-8.231721967624389e-05,0.04654513280838728,0.009512058919014047,8.231721967624389e-05
50.58051933251418,1.0,1500.0,0.0,77.0,1944.0,0.5925686999600815,1151.0,793.0,10.116227106181091,2.429633422828534,11547.352177267945,158.60000000000002,0.0363228288750458,33.58769230769231,5.756923076923077,11.455572008296738,130.0,32.80377358490567,7.80377358490566,11.664399131781916,53.0,33.58769230769231,5.756923076923077,11.455572008296738,130.0,0.4263166576551202,-0.02016845867514993,-0.006029996495847029,-0.0015060242543243885,-0.0061121988592832376,-0.11400357538094477,-0.03543328130880959,13.49918828533257,77.0,486000.0,323.0,4264.891878604889,113.95365083885268,7.592660427093506,-12.663025856018066,-108.51718139648438,0.7212413549423218,-109.2384262084961,0.014138673432171345,0.014138673432171345,0.0,12.824437141418457,1.086464285850525,1.149350881576538,-0.06288667023181915,0.06288667023181915,,,,,8.539274098475774,14.486134045193015,0.4344264602899818,-10.323658911387126,1.443008422289744,-0.08415157861253422,-106.78119710286458,1.7584518023859594,-0.00791758027039346,-0.004231399297714234,0.37873951288298463,0.008037524938052966,-106.77696584065755,1.7688334271552344,-0.01595507866813493,0.013435742196937403,0.0003379765585913245,4.9789399903130146e-06,0.013435742196937403,0.0003379765585913245,4.9789399903130146e-06,0.0,0.0,0.0,10.486798604329428,1.4366316151878928,0.08546615447828299,0.9324296077092489,0.08719849028891118,0.0018549277864653429,0.979268737634023,0.08788361921912369,0.0018873356871132606,-0.04683912005275488,0.012336821021237556,-3.240823256757207e-05,0.04683912005275488,0.012336821021237556,3.240823256757207e-05
50.723703145980835,1.0,1500.0,0.0,48.0,1803.0,0.39194125734179175,706.0,1097.0,10.015003353366152,2.204922613653232,11307.058837158598,178.4,0.04308762438411748,33.937704918032786,6.822950819672132,11.399082053439953,122.0,34.170270270270265,8.364864864864865,11.299304055260171,74.0,33.937704918032786,6.822950819672132,11.399082053439953,122.0,0.4364076032073839,-0.020466911952895194,-0.006726697905651572,-0.0021393014791153044,-0.005622209821428614,-0.11908482142856944,-0.036547597447079035,14.01457397920852,48.0,487500.0,324.0,4277.284787654877,113.97417385137067,2.797003746032715,-9.423826217651367,-110.05598449707031,0.3361525237560272,-110.39213562011719,0.012447206303477287,0.012447206303477287,0.0,9.559431076049805,0.9881133437156677,1.0566375255584717,-0.06852422654628754,0.06852422654628754,,,,,8.447114332516987,9.525147564675247,0.2614016502134261,-10.65977373123169,1.2694775981012292,-0.0039049780806389837,-107.22424647013347,2.1704820215615075,-0.018530719829211038,-0.10795563062032064,0.345744153189951,-0.0014277006846513795,-107.11629053751628,2.038987075697002,-0.01710306746808273,0.013598310388624668,0.000798889604557321,-8.007574606856748e-05,0.013598310388624668,0.000798889604557321,-8.007574606856748e-05,0.0,0.0,0.0,10.805516942342122,1.2660510972959764,0.004503835268624998,0.9079433441162109,0.08625899640499879,-0.00035908076336176563,0.9547926823298136,0.08078873588069975,-0.00031762703905118743,-0.04684934597462416,0.014180344774956739,-4.145454354294056e-05,0.04684934597462416,0.014180344774956739,4.145454354294056e-05
57.689699678710014,1.0,1500.0,0.0,66.0,1866.0,0.52483700234165,979.0,887.0,10.460298254603178,2.3622501766740887,11456.004966693203,144.0,0.035187176229107615,32.479365079365074,5.058730158730158,11.849861226991058,126.0,32.23333333333334,7.256666666666664,11.920479860774678,60.0,32.479365079365074,5.058730158730158,11.849861226991058,126.0,0.4489102711126785,-0.020158296614310532,-0.006427487616386103,-0.0010532403972295025,-0.002778355879292415,-0.08407908428719961,-0.03806554209469069,14.539596791374771,66.0,489000.0,325.0,4290.096156597137,113.98345914648917,3.906444549560547,-10.714670181274414,-106.79759979248047,-0.16379722952842712,-106.63380432128906,0.012425858527421951,0.012425858527421951,0.0,10.735051155090332,0.9026540517807007,0.9426714777946472,-0.04001735895872116,0.04001735895872116,,,,,7.063109638293584,10.963486154783459,0.1224433920805127,-11.007030010223389,1.2782841216699048,0.025400799718396684,-107.03141708374024,1.678617354695799,-0.05672543093943276,-0.0799181525905927,0.2708771660007653,0.010038233284027354,-106.95149892171224,1.648534573413774,-0.06676363154698632,0.012276373958835999,0.00018695536347751064,-4.741493757561876e-06,0.012276373958835999,0.00018695536347751064,-4.741493757561876e-06,0.0,0.0,0.0,11.11650110880534,1.2647898304420715,-0.027526820249632013,0.9184295773506165,0.06305885856723095,0.0018989742266322769,0.9617813646793365,0.06149487827768105,0.0022847129054806726,-0.043351797945797445,0.01123968881028845,-0.000385739730963187,0.043351797945797445,0.01123968881028845,0.000385739730963187
47.38787636612401,1.0,1500.0,0.0,33.0,1916.0,0.2522992575957078,483.0,1433.0,10.25155777838648,2.3365762205320744,12064.644098451648,195.8,0.045807598727306754,33.13488372093024,6.730232558139534,11.595224834977275,129.0,32.85000000000001,7.21875,11.704422568140409,96.0,33.13488372093024,6.730232558139534,11.595224834977275,129.0,0.43118891238954987,-0.02053252698801466,-0.007176519920439154,-0.002541524117895639,-0.007353827606992215,-0.14080771549125867,-0.03578805843229698,14.662029462550827,33.0,490500.0,326.0,4302.059416055679,114.01516170822958,10.798419952392578,-11.605155944824219,-106.89661407470703,0.3981015384197235,-107.29471588134766,0.012791773304343224,0.012791773304343224,0.0,11.791768074035645,1.0290719270706177,1.0713305473327637,-0.04225858673453331,0.04225858673453331,,,,,6.503987308343252,6.663850073635038,-0.026523503180473133,-10.813169225056965,1.426139171438356,-0.009062773181545922,-107.55139083862305,1.5961026649415448,-0.02532815222480153,-0.033262467260162035,0.4513878305831596,-0.0076225564372751735,-107.5181282043457,1.482041008272204,-0.01770559784036997,0.012784808439513047,0.00012179378053013226,5.556428359533023e-06,0.012784808439513047,0.00012179378053013226,5.556428359533023e-06,0.0,0.0,0.0,10.944196621576944,1.4337185456488106,0.007650399871079188,0.9273210644721985,0.10500414795653736,-0.0017777981031458316,0.9722623586654663,0.10348033967966574,-0.0017334255678900558,-0.04494128096848726,0.010225839428413725,-4.4370854109757126e-05,0.04494128096848726,0.010225839428413725,4.4370854109757126e-05
44.41090505123138,1.0,1500.0,0.0,50.0,1882.0,0.39677253978798094,746.0,1136.0,10.058158217385266,2.5508762435926116,12030.749572596924,178.20000000000002,0.041850634100516676,33.793650793650805,7.157142857142858,11.40370121921456,126.0,33.50263157894736,8.023684210526316,11.509511382218106,76.0,33.793650793650805,7.157142857142858,11.40370121921456,126.0,0.4265516064320465,-0.02094463116626328,-0.0071157716370229005,-0.001680580296052434,-0.005826007085684341,-0.15326072693871776,-0.0367282078415107,13.775143926771669,50.0,492000.0,327.0,4314.491615533829,114.03429276084599,7.799201488494873,-8.350957870483398,-111.55091094970703,0.06755515187978745,-111.61846923828125,0.013526883907616138,0.013526883907616138,0.0,8.47641372680664,0.92595374584198,0.9956992864608765,-0.06974554061889648,0.06974554061889648,,,,,6.9053455491860705,8.065008050076761,0.18234376677946992,-10.639460563659668,1.3905355930945598,0.045149063347974805,-108.22335611979166,1.6836034203797674,0.011903552775654023,0.06333903794487318,0.42104105573117084,-0.010109850334975298,-108.28669560750326,1.6342341794666475,0.022013355972242053,0.01358821193377177,0.00033690916980983246,1.979582301766725e-05,0.01358821193377177,0.00033690916980983246,1.979582301766725e-05,0.0,0.0,0.0,10.783283297220866,1.383000696399067,-0.044977988390556736,0.9467256645361583,0.09856251688907389,-0.0021093968289580324,0.9946298877398173,0.09815175415039765,-0.002340006191818027,-0.04790421985089779,0.011386371968922827,0.00023060886311584286,0.04790421985089779,0.011386371968922827,-0.00023060886311584286
47.530310841707085,1.0,1500.0,0.0,39.0,2003.0,0.29070426040189407,582.0,1421.0,10.115190698741795,2.4202110586951817,12576.713398760048,214.60000000000002,0.047701609318040364,33.57313432835819,7.0059701492537325,11.429347327617965,134.0,33.65473684210526,7.759999999999999,11.37039123642135,95.0,33.57313432835819,7.0059701492537325,11.429347327617965,134.0,0.43840554383805314,-0.01980551872066179,-0.00612018732922569,-0.0024460966437108325,-0.010534482758620792,-0.13903448275861868,-0.03632210486893841,14.19627167531829,39.0,493500.0,328.0,4326.815019130707,114.05618169901524,1.0071046352386475,-10.648707389831543,-109.14259338378906,-0.16522113978862762,-108.97737121582031,0.014417203143239021,0.014417203143239021,0.0,10.571673393249512,0.8918521404266357,0.9410281181335449,-0.049175944179296494,0.049175944179296494,,,,,6.834075204531351,9.122430278011631,-0.04378258420840284,-10.524813588460287,1.1873459714543384,-0.0036367397287131783,-109.0889892578125,1.862189432945644,-0.025766079470893908,0.12483214524885018,0.2864812797496866,-0.00941129283476062,-109.21382166544596,1.8415705898028647,-0.016354809719673333,0.014281215798109769,0.0002600302303368464,2.359290637316213e-05,0.014281215798109769,0.0002600302303368464,2.359290637316213e-05,0.0,0.0,0.0,10.672651147842407,1.172936514465772,0.0030966656889610477,0.9573216795921325,0.06821372407165212,-0.0022258346152385445,1.0092628240585326,0.0672936918081506,-0.002191879062419246,-0.05194114831586679,0.012641413105478365,-3.395367898585472e-05,0.05194114831586679,0.012641413105478365,3.395367898585472e-05
53.40271716947141,1.0,1500.0,0.0,115.0,1953.0,0.880855437979433,1720.0,233.0,9.94495702800414,1.9554218145350648,10545.148589056173,70.0,0.01564525501765679,34.154198473282456,4.274809160305344,11.208192961892902,131.0,31.975000000000005,7.5,11.866267079907212,16.0,34.154198473282456,4.274809160305344,11.208192961892902,131.0,0.421055694264758,-0.01741293651164005,-0.005182717377669496,-0.0011932419596712533,-0.0072097483921920915,-0.09928917973597734,-0.030579680888668605,13.297535565342214,115.0,495000.0,329.0,4341.580398797989,114.0137817411019,2.469254493713379,-10.040040969848633,-108.47574615478516,-0.36921370029449463,-108.10652923583984,0.013400807045400143,0.013400807045400143,0.0,10.175424575805664,0.8534984588623047,0.8943817615509033,-0.040883325040340424,0.040883325040340424,,,,,4.495317955811818,4.255974743307203,-0.0845858921596286,-10.559212843577066,1.3909583664800123,-0.03069663657760167,-109.17859954833985,1.888431677535333,-0.01542226008498707,-0.004160691052675247,0.29671441732938614,0.0017108164901728136,-109.1744379679362,1.9503348085217587,-0.01713311489219618,0.014103514607995749,0.00030153062228658543,-3.059171326665686e-05,0.014103514607995749,0.00030153062228658543,-3.059171326665686e-05,0.0,0.0,0.0,10.696720314025878,1.4192998185479737,0.030933816334827214,0.9297476649284363,0.06707189178434131,0.0003699942611083138,0.9790711919466655,0.06954418020004699,0.00041013381902843337,-0.04932353471716245,0.013353572046289343,-4.013887004671853e-05,0.04932353471716245,0.013353572046289343,4.013887004671853e-05
52.271120591597125,1.0,1500.0,0.0,44.0,1830.0,0.36006189335346706,658.0,1172.0,10.417514852100336,2.3555100964562254,11375.089874135425,189.8,0.04731279290058829,32.614634146341466,6.3154471544715465,11.802044406708664,123.0,32.49873417721519,7.293670886075947,11.78035634194906,79.0,32.614634146341466,6.3154471544715465,11.802044406708664,123.0,0.44751863127365227,-0.020174013282719755,-0.006494713243225702,-0.0013984430113960723,-0.005467289719626204,-0.12498442367601069,-0.03556504314309792,15.292692776498296,44.0,496500.0,330.0,4354.004231214523,114.03296221912589,3.7861156463623047,-11.352155685424805,-109.41461181640625,-0.1917715221643448,-109.22283935546875,0.013469258323311806,0.013469258323311806,0.0,11.571874618530273,0.8892465829849243,0.9354783296585083,-0.0462317168712616,0.0462317168712616,,,,,9.138008320331574,14.07979693284578,0.38327724854062994,-10.729153060913086,1.4169361136462824,-0.008850106567110947,-109.1616694132487,1.7084782597817776,0.009217646071591841,-0.03115736742814382,0.3489008744005437,-0.0007850952852554592,-109.13051223754883,1.6239011303230542,0.010002747260956667,0.013304176243642966,0.0001589883371312922,-7.201366963588167e-06,0.013304176243642966,0.0001589883371312922,-7.201366963588167e-06,0.0,0.0,0.0,10.859642473856608,1.3947693545271924,0.009296345525111271,0.9261291702588399,0.08314430559435111,-3.761913672969868e-05,0.9728416562080383,0.0808453864485221,-0.0001826884881805808,-0.04671249041954676,0.01116538667533371,0.00014506988185929365,0.04671249041954676,0.01116538667533371,-0.00014506988185929365
55.10543314030296,1.0,1500.0,0.0,95.0,1927.0,0.7373256580690687,1420.0,507.0,10.294017815526313,2.0657272860265214,11207.138782746386,94.60000000000001,0.022226399135378976,32.99379844961238,4.744186046511627,11.680384808704435,129.0,32.68235294117647,8.094117647058823,11.767229568314184,34.0,32.99379844961238,4.744186046511627,11.680384808704435,129.0,0.44128485639819254,-0.0205666421220499,-0.006220386262231659,-0.0011874712438568968,-0.004157767335896381,-0.09591342731026326,-0.03610969454418233,14.131112239744347,95.0,498000.0,331.0,4367.729236125946,114.01805676986335,3.324221611022949,-13.008285522460938,-108.62590789794922,-0.49831509590148926,-108.12759399414062,0.012785949744284153,0.012785949744284153,0.0,13.239696502685547,0.8292176723480225,0.8656828999519348,-0.036465197801589966,0.036465197801589966,,,,,8.630579044421514,10.644289693310792,-0.030816848882711235,-10.976456642150879,1.1930726000243566,-0.024396895937977663,-109.68381271362304,1.6314720573189225,-0.013516607061770925,-0.11301306126018365,0.4053422278645218,-0.02487068253261627,-109.57079950968425,1.4823145352044569,0.011354115860616888,0.013566952509184679,0.0003862494578773543,-2.392760754559836e-05,0.013566952509184679,0.0003862494578773543,-2.392760754559836e-05,0.0,0.0,0.0,11.113336531321208,1.2229936986648426,0.02771087048183677,0.9064038515090942,0.09687638529939563,-0.0056048063335482744,0.9538112998008728,0.09418750019658889,-0.005759404869843413,-0.047407442579666774,0.010176060390676504,0.00015459860756877425,0.047407442579666774,0.010176060390676504,-0.00015459860756877425
53.79611320306759,1.0,1500.0,0.0,101.0,1890.0,0.7983564860827151,1508.0,382.0,10.115846834550005,2.0285829213207305,10881.910504277554,85.60000000000001,0.0200750469043152,33.5748031496063,4.499212598425194,11.478955844353763,127.0,32.73846153846153,6.923076923076922,11.689960557376464,26.0,33.5748031496063,4.499212598425194,11.478955844353763,127.0,0.43007161917585796,-0.019188626500076564,-0.005017460008311757,-0.0010326379386607393,-0.0030368479612540343,-0.1024674389685153,-0.034908043482423455,13.795302424478006,101.0,499500.0,332.0,4381.7727155685425,113.99495875841863,4.182772159576416,-10.056131362915039,-112.28205871582031,0.4026975631713867,-112.68475341796875,0.01380094699561596,0.01380094699561596,0.0,10.272102355957031,1.008855938911438,1.07401704788208,-0.06516104936599731,0.06516104936599731,,,,,5.013248727718989,6.95818477558337,-0.14555625314839837,-10.46650406519572,1.1127319745475306,0.021075972195329393,-109.86633173624675,1.7170946407885734,-0.0047308916509870005,0.13379726894199848,0.3725291590712868,-0.005146947722712143,-110.00012919108073,1.7170434640426575,0.00041603707896047473,0.013331339477250974,0.0002966026283011246,3.031914591689779e-05,0.013331339477250974,0.0002966026283011246,3.031914591689779e-05,0.0,0.0,0.0,10.610745016733805,1.0957042640847394,-0.020015383244091273,0.9628238320350647,0.08563290974162066,-0.0010912991736967102,1.0108565787474315,0.08618925905145482,-0.0011703104941015066,-0.04803274851292372,0.011695841744884907,7.90107241097236e-05,0.04803274851292372,0.011695841744884907,-7.90107241097236e-05
50.09698195890947,1.0,1500.0,0.0,55.0,1989.0,0.4122939277516682,820.0,1169.0,10.224782071942288,2.358191457439372,12108.01361021576,175.4,0.03968325791855204,33.23308270676691,6.270676691729325,11.550054157816483,133.0,32.95641025641026,7.4461538461538455,11.616753633656863,78.0,33.23308270676691,6.270676691729325,11.550054157816483,133.0,0.43672990615533286,-0.02145543376471749,-0.0071245457856726774,-0.0013837287551290254,-0.004957369062119404,-0.12336175395858424,-0.037134937040997525,14.075661949302777,55.0,501000.0,333.0,4394.368911266327,114.00954496913793,1.5549094676971436,-12.780385971069336,-108.85306549072266,-0.14801514148712158,-108.70504760742188,0.014308630488812923,0.014308630488812923,0.0,12.988367080688477,0.9092785120010376,0.9451472759246826,-0.03586876019835472,0.03586876019835472,,,,,7.287399437030157,13.094607232212564,-0.2334180309059095,-10.794037532806396,1.2547435636370297,-0.00033283615536597305,-110.5811757405599,1.7805078836974766,-0.0006970567883556967,0.07275569550693035,0.2836973305755003,-0.01157500717262671,-110.65393193562825,1.7527388864346913,0.010877966960360363,0.014132150169461965,0.00023789726443217076,2.2489412815140955e-05,0.014132150169461965,0.00023789726443217076,2.2489412815140955e-05,0.0,0.0,0.0,10.964288489023845,1.2519264537411627,0.00070099857147837,0.946787557999293,0.06759190104200895,-0.0025569930490317873,0.9969635049502055,0.06655495504245645,-0.0027075665148267375,-0.05017595440149307,0.011939044709765883,0.00015057424234601432,0.05017595440149307,0.011939044709765883,-0.00015057424234601432
50.9049560448219,1.0,1500.0,0.0,58.0,1837.0,0.46839113782549363,860.0,977.0,10.004698646527986,2.262126381380963,11345.869155029957,156.20000000000002,0.03709332700071242,33.95967741935485,6.483870967741935,11.343297628256888,124.0,34.045454545454554,8.375757575757575,11.238625878724855,66.0,33.95967741935485,6.483870967741935,11.343297628256888,124.0,0.4307013178153406,-0.020254009122327995,-0.005930026871646215,-0.0011987185096024766,-0.005849486887115217,-0.11457240592930183,-0.037016033218287496,13.726108099017479,58.0,502500.0,334.0,4407.043892860413,114.02200935962315,5.716372966766357,-9.225157737731934,-112.11793518066406,0.4107946455478668,-112.52873229980469,0.014260792173445225,0.014260792173445225,0.0,9.447481155395508,1.0172200202941895,1.076644778251648,-0.059424832463264465,0.059424832463264465,,,,,4.100239227215449,4.114101107594782,-0.012654297648865968,-11.256077496210734,1.6735758907796354,0.012257571427257396,-110.70221557617188,1.3405003170358596,-0.07403967054322427,-0.04522725095351537,0.3468739353694143,0.0031870070583828367,-110.65698827107748,1.3602916362557889,-0.07722671220246673,0.014115436747670174,7.762741331368628e-05,-3.003893011934659e-06,0.014115436747670174,7.762741331368628e-05,-3.003893011934659e-06,0.0,0.0,0.0,11.40386077562968,1.6470220625822634,-0.011793223901903785,0.9214766263961792,0.08026733575912837,0.00030853095919190234,0.9693738241990407,0.08143546087845219,0.0007542361539515844,-0.0478971886759003,0.008888720836321438,-0.00044570780163413244,0.0478971886759003,0.008888720836321438,0.00044570780163413244
44.63014185693529,1.0,1500.0,0.0,45.0,1914.0,0.346459728553946,663.0,1251.0,10.148515528188444,2.0871902626534746,11763.478357211472,201.8,0.04672161511390999,33.48217054263566,7.060465116279071,11.555545615600176,129.0,33.12142857142856,7.835714285714284,11.653593730572172,84.0,33.48217054263566,7.060465116279071,11.555545615600176,129.0,0.4258603902360284,-0.020834092209917478,-0.007473889787015185,-0.0018373649066363497,-0.0073809870432378,-0.1470956471102019,-0.03768609977625601,13.559012853670604,45.0,504000.0,335.0,4419.42242026329,114.0420516692708,2.979140043258667,-13.88072395324707,-107.46157836914062,0.3981338143348694,-107.85971069335938,0.014268016442656517,0.014268016442656517,0.0,14.0177640914917,1.0479693412780762,1.0736820697784424,-0.0257127583026886,0.0257127583026886,,,,,4.708172963062922,5.5614461418478935,0.08423639124837407,-10.400037813186646,1.6124329117931875,0.0016458032924157847,-110.49200897216797,1.8508314406742556,0.0336042936704878,0.06344017970065276,0.3023700535161775,0.011679731785952722,-110.55544916788737,1.7079866787013516,0.021924522323525125,0.01425276172036926,0.00015038473334788019,-1.2085203276129179e-05,0.01425276172036926,0.00015038473334788019,-1.2085203276129179e-05,0.0,0.0,0.0,10.540333954493205,1.621303791317132,-0.0005938682725885287,0.949974513053894,0.0767018199664021,0.002968469106315633,0.9949125866095225,0.0711144119585345,0.0027456327725835622,-0.044938065422077976,0.011598513865667024,0.00022283693748599911,0.044938065422077976,0.011598513865667024,-0.00022283693748599911
48.13577160835266,1.0,1500.0,0.0,40.0,1897.0,0.3121077731539757,592.0,1305.0,10.308846475445442,2.149013234479012,11553.513902077466,179.8,0.042938338826001815,32.971653543307085,6.614173228346458,11.68656556775661,127.0,32.62298850574712,7.36551724137931,11.794965897430057,87.0,32.971653543307085,6.614173228346458,11.68656556775661,127.0,0.4339338602494371,-0.02046392489652284,-0.0074363742048394335,-0.001059461209989099,-0.007027477102414709,-0.13268942547876586,-0.03732668985343205,13.917703802653364,40.0,505500.0,336.0,4431.599509239197,114.06716670721508,1.378114104270935,-12.189937591552734,-111.69660949707031,-0.17059096693992615,-111.52601623535156,0.014328443445265293,0.014328443445265293,0.0,12.199136734008789,0.8917226791381836,0.9398180246353149,-0.04809531569480896,0.04809531569480896,,,,,6.632315250237783,7.463574446450316,0.15127677951957008,-10.657388083140056,1.279903835784839,-0.02679121231741027,-111.54198659261068,1.6484372641484213,-0.06156090724719922,-0.07678291685879231,0.3989324962018806,0.007666808291358076,-111.46520258585612,1.722694546134682,-0.06922778001218559,0.01376302974919478,0.00029354090905972513,-7.994800341939257e-07,0.01376302974919478,0.00029354090905972513,-7.994800341939257e-07,0.0,0.0,0.0,10.797512213389078,1.2920091408873848,0.026712646102480725,0.9132512311140696,0.09028087868494367,0.001401220054859839,0.9620381295681,0.0929565899105958,0.0017901484374872525,-0.048786892617742224,0.011358671744157769,-0.00038892796575956646,0.048786892617742224,0.011358671744157769,0.00038892796575956646
57.477422523899236,1.0,1500.0,0.0,119.0,1961.0,0.9077816033777478,1780.0,181.0,10.162509080028984,1.8127266732820513,10179.753194625393,45.0,0.010200843269710297,33.41969696969697,3.122727272727272,11.349252796049797,132.0,28.56923076923077,3.7692307692307714,12.858961153459644,13.0,33.41969696969697,3.122727272727272,11.349252796049797,132.0,0.427899163848418,-0.017070471325143853,-0.005168319210253832,-0.0008002912806099962,-0.0040521864116313845,-0.08031400298523698,-0.030529838778867367,13.400448995499538,119.0,507000.0,337.0,4446.170997619629,114.03070198411969,14.376797676086426,-9.032447814941406,-114.49827575683594,0.06731016933917999,-114.56558227539062,0.014520096592605114,0.014520096592605114,0.0,9.150369644165039,0.9297590851783752,0.9959045052528381,-0.06614543497562408,0.06614543497562408,,,,,6.560601393381755,5.093713240404143,0.12972638710454779,-10.570173613230388,1.8923827419434125,0.009538901926280527,-112.32310384114584,2.063086170403818,-0.06312858742787013,-0.04834115703900655,0.3782717412521791,0.00260476804150888,-112.27476272583007,1.8881371257096835,-0.06573330345620249,0.014406806230545044,0.00018831417757549118,5.86661533995918e-07,0.014406806230545044,0.00018831417757549118,5.86661533995918e-07,0.0,0.0,0.0,10.706878042221069,1.8973523779408925,-0.009096540784146567,0.916677838563919,0.09481061073319687,0.00024600815322159484,0.9686100085576376,0.08922666440778204,0.0006097682193335793,-0.051932164405783014,0.012458190666218576,-0.00036375864809824336,0.051932164405783014,0.012458190666218576,0.00036375864809824336
56.70549359688392,1.0,1500.0,0.0,104.0,1807.0,0.8626597176919859,1558.0,249.0,10.178266456028899,2.1969386236387733,10399.321999974207,42.2,0.010453824811732066,33.36198347107439,3.3090909090909113,11.500055895246302,121.0,29.71764705882353,5.529411764705884,12.849352361553475,17.0,33.36198347107439,3.3090909090909113,11.500055895246302,121.0,0.4264035676772308,-0.01947500483196481,-0.005602169441454264,-0.0006658907609181172,-0.005032160423760861,-0.07728591247319742,-0.03607259518069651,13.664771689788152,104.0,508500.0,338.0,4460.195773363113,114.00844847143932,21.00652503967285,-8.795917510986328,-108.38194274902344,-0.06375506520271301,-108.31818389892578,0.01355342473834753,0.01355342473834753,0.0,8.945433616638184,0.9430036544799805,0.9651781320571899,-0.02217446081340313,0.02217446081340313,,,,,8.133936454852423,6.531664020388978,0.4061739177274228,-10.548458607991536,1.053386548987847,-0.027847099092035737,-112.62859649658203,2.5723660401584545,0.05315283243860754,-0.09012085609138012,0.25992642158270785,-0.004982976859914048,-112.5384750366211,2.502899630708797,0.05813583696512062,0.013670276167492073,0.00030545596186636634,-2.8389583738547997e-05,0.013670276167492073,0.00030545596186636634,-2.8389583738547997e-05,0.0,0.0,0.0,10.692432657877605,1.0713744373705134,0.029026723995356926,0.9075547397136688,0.06608882982364311,-0.0006747660700551031,0.9589725951353709,0.06042547439374718,-0.0011390845555484847,-0.05141783977548282,0.01686124222730122,0.00046431898938137806,0.05141783977548282,0.01686124222730122,-0.00046431898938137806
54.665105637382055,1.0,1500.0,0.0,68.0,1816.0,0.5564849504346084,1010.0,806.0,10.540373866810926,2.3334191738855914,10980.496424000383,133.4,0.03392502924571487,32.23114754098361,4.934426229508198,11.934193356924563,122.0,31.68888888888889,6.559259259259258,12.069413393848187,54.0,32.23114754098361,4.934426229508198,11.934193356924563,122.0,0.4507589995115218,-0.021691328531735266,-0.00727247178455105,-0.0013853132008289095,-0.005389524870833805,-0.10041535811974246,-0.03874183672375079,14.620321443801004,68.0,510000.0,339.0,4472.873647212982,114.02065880349149,1.9474066495895386,-9.253593444824219,-111.97819519042969,-0.8220354318618774,-111.15615844726562,0.014175518415868282,0.014175518415868282,0.0,9.327740669250488,0.747978150844574,0.7868476510047913,-0.03886951506137848,0.03886951506137848,,,,,5.77479166785876,5.516834968720555,0.11814241262113426,-10.941815853118896,1.0420865892473987,-0.009125103170800012,-112.26737950642904,2.1121640712918746,-0.05520214891274309,-0.0391395619759957,0.35680135609950286,-0.011778819291656622,-112.22823918660482,2.093442426432927,-0.04342327690760704,0.014370827935636044,0.00036507053056262834,2.322016165770942e-05,0.014370827935636044,0.00036507053056262834,2.322016165770942e-05,0.0,0.0,0.0,11.079476737976075,1.0444424764660962,0.007830917052883002,0.9236756602923075,0.0846386083139042,-0.002994166173712173,0.9707558492819468,0.08414055750349256,-0.0027800228094497993,-0.04708019799242417,0.013833020216814526,-0.00021414428460385734,0.04708019799242417,0.013833020216814526,0.00021414428460385734
49.30514876566072,1.0,1500.0,0.0,69.0,2084.0,0.4952539235879882,1032.0,1052.0,10.153845304772933,2.329569003605317,12669.234887922175,171.8,0.03668431841475914,33.4514285714286,5.685714285714283,11.468223567369717,140.0,32.422535211267615,6.822535211267605,11.756240185427275,71.0,33.4514285714286,5.685714285714283,11.468223567369717,140.0,0.42162303438891624,-0.02087411704431384,-0.0070705235712796724,-0.0011225783139609635,-0.004704111393357836,-0.11726408881361967,-0.0367219591140512,13.279669973253212,69.0,511500.0,340.0,4486.134102344513,114.01799151137354,3.7822697162628174,-10.71328353881836,-112.89641571044922,-0.06024409830570221,-112.83617401123047,0.012667910195887089,0.012667910195887089,0.0,10.823209762573242,0.9184204339981079,0.9662097096443176,-0.047789316624403,0.047789316624403,,,,,7.095943705240885,7.580749495339514,-0.27555490606221034,-10.39032457669576,1.6174535667702867,-0.0035584142131187177,-111.85692291259765,1.5808334518300087,-0.04533685635406282,-0.22327638839681943,0.3028784794047902,0.0071944996283635244,-111.63364639282227,1.5271287247313183,-0.052531327872436556,0.013451117556542158,0.00039661499762139456,-4.479397767875062e-05,0.013451117556542158,0.00039661499762139456,-4.479397767875062e-05,0.0,0.0,0.0,10.5329408009847,1.6118979597137435,0.00483222511639421,0.8871812383333842,0.07217576721658756,0.0014393557430772018,0.9280753135681152,0.07054829360574685,0.0017136644335821903,-0.04089407517264287,0.009961653240702214,-0.00027430818620261064,0.04089407517264287,0.009961653240702214,0.00027430818620261064
48.42109432220459,1.0,1500.0,0.0,65.0,2036.0,0.47489830506259656,966.0,1070.0,9.97584324880933,2.7963711918177214,13114.157798781242,150.0,0.032163993481430654,34.04087591240875,6.087591240875913,11.256364849957212,137.0,33.35277777777776,7.372222222222222,11.465948361898823,72.0,34.04087591240875,6.087591240875913,11.256364849957212,137.0,0.41625627061513004,-0.020679854421874116,-0.007331827393315479,-0.00117997548240555,-0.005977670190692678,-0.11983005631854218,-0.03611394522171754,13.36460638638189,65.0,513000.0,341.0,4499.2755215168,114.018356410202,1.5903353691101074,-11.504780769348145,-111.87948608398438,-0.6285369396209717,-111.25094604492188,0.013500843197107315,0.013500843197107315,0.0,11.605278968811035,0.7989226579666138,0.8340038657188416,-0.035081230103969574,0.035081230103969574,,,,,5.990565832455953,5.977718690230938,-0.07671597722640185,-10.755751895904542,1.114973941519635,0.028863636352064095,-112.41400146484375,1.668078967692166,-0.0036213129062647145,0.16916607369979222,0.4311818769873033,0.01244993538360575,-112.5831672668457,1.6337196762718513,-0.016071291574512245,0.012973224371671676,0.0002622433359019087,2.655206710199598e-05,0.012973224371671676,0.0002622433359019087,2.655206710199598e-05,0.0,0.0,0.0,10.92111743291219,1.1101024251764597,-0.02734623761543074,0.9740712583065033,0.09963011464425016,0.002837495212427615,1.0190305312474568,0.09944477562772974,0.0028700208770021936,-0.044959278466800846,0.01077432326210976,-3.2524706110009814e-05,0.044959278466800846,0.01077432326210976,3.2524706110009814e-05
51.10865821838379,1.0,1500.0,0.0,15.0,1805.0,0.1222742583644495,220.0,1585.0,10.495660950892269,1.8718628938098312,11218.399770705975,208.20000000000002,0.05316106628536411,32.366942148760344,6.682644628099174,11.87602406694955,121.0,32.28490566037736,6.967924528301886,11.894661713418003,106.0,32.366942148760344,6.682644628099174,11.87602406694955,121.0,0.44557994932396305,-0.020409096651271153,-0.009019143297305762,-0.0010255280375432564,-0.00487027765134273,-0.12744651797906317,-0.03918961868151156,15.426482597314228,15.0,514500.0,342.0,4510.5317096710205,114.06637467969946,2.0309057235717773,-10.375813484191895,-113.33116912841797,-0.22942599654197693,-113.10174560546875,0.013770189136266708,0.013770189136266708,0.0,10.60873031616211,0.881391167640686,0.926461935043335,-0.04507066309452057,0.04507066309452057,,,,,7.238024957974752,9.290355728056928,-0.15105818874711335,-10.709390099843343,1.2673600455422784,-0.02270779996878293,-113.52975794474284,1.8484579913608674,0.04298079578709752,-0.05387954898178578,0.3324700754515636,-0.0004623590035154846,-113.47587890625,1.8841162044244357,0.04344309636032168,0.013888929349680742,0.00011380862189501684,6.498629693459562e-06,0.013888929349680742,0.00011380862189501684,6.498629693459562e-06,0.0,0.0,0.0,10.866805124282838,1.2518394144345966,0.02319423804956748,0.9187496721744537,0.07628492750386753,0.00025529213025914983,0.9673707524935404,0.07770825206336504,-0.00010628623347131963,-0.048621072247624395,0.012580155097643582,0.000361580880684106,0.048621072247624395,0.012580155097643582,-0.000361580880684106
48.11400927030123,1.0,1500.0,0.0,52.0,1853.0,0.41918369754384727,776.0,1077.0,10.358002139086173,2.1566742580722273,11189.724983857175,165.8,0.04075312162029299,32.80967741935485,5.9080645161290315,11.751837642895348,124.0,31.938888888888886,6.569444444444442,11.959382725166448,72.0,32.80967741935485,5.9080645161290315,11.751837642895348,124.0,0.4292571540536167,-0.020725020019466404,-0.0066469790098934445,-0.001487503797267955,-0.0050595992898808395,-0.1316763885366441,-0.036857469260672286,13.718280983058362,52.0,516000.0,343.0,4522.98514342308,114.08394757836447,2.641063690185547,-12.870648384094238,-114.45689392089844,-0.29227644205093384,-114.16461944580078,0.014463013038039207,0.014463013038039207,0.0,12.970230102539062,0.8611631393432617,0.9110041856765747,-0.049841027706861496,0.049841027706861496,,,,,4.993174731731415,6.380727058991772,0.05103677602710645,-10.78306303024292,1.3667195474539873,-0.042019331468490774,-113.45853424072266,1.9233050054532477,-0.02402134981250473,0.04492001657684644,0.29218919007554717,0.005840860830994948,-113.5034543355306,1.8381144514461965,-0.029862246232248396,0.013810006249696017,0.0004680255876699564,4.6764863023038966e-05,0.013810006249696017,0.0004680255876699564,4.6764863023038966e-05,0.0,0.0,0.0,10.92324390411377,1.3731604154602002,0.04393931039846227,0.9440029780069987,0.07208769982428032,0.0012454340534825243,0.9905728300412496,0.06838197544421731,0.001367846108119381,-0.046569861099123956,0.01201867452552295,-0.00012241104271706164,0.046569861099123956,0.01201867452552295,0.00012241104271706164
54.88961203281696,1.0,1500.0,0.0,52.0,1889.0,0.40607905250117377,767.0,1122.0,10.34456629027614,2.517525586243966,11739.833696066336,164.4,0.03942824251726784,32.831496062992116,5.689763779527558,11.682734288416134,127.0,32.42400000000001,7.248,11.78012828404684,75.0,32.831496062992116,5.689763779527558,11.682734288416134,127.0,0.43630171394869904,-0.020228303410403225,-0.006997500848556391,-0.0011608167472621498,-0.004416688127736315,-0.09219675508627266,-0.03747147375662696,13.994128978671652,52.0,517500.0,344.0,4535.54681801796,114.09870094255763,8.593035697937012,-10.35484504699707,-113.26374053955078,0.3191468119621277,-113.5828857421875,0.013396328315138817,0.013396328315138817,0.0,10.538814544677734,1.0101749897003174,1.0539993047714233,-0.04382437467575073,0.04382437467575073,,,,,6.675946827729543,11.323022004842047,-0.09864653488154945,-11.008815415700276,1.273456000780638,0.020621990547562478,-112.8521827697754,1.549189945302383,0.058405618805510894,-0.03344019701083501,0.396002893878928,0.010197685150071177,-112.81874237060546,1.5071994878836015,0.048207908689779935,0.013466963109870752,0.00033461290402740066,-3.0218661494462194e-05,0.013466963109870752,0.00033461290402740066,-3.0218661494462194e-05,0.0,0.0,0.0,11.154409726460775,1.2755139448364867,-0.019659507420490187,0.9322917044162751,0.09255405693361747,0.0027645322849540735,0.972163192431132,0.09209336643154017,0.002375742935630435,-0.03987148683518171,0.010073861752504694,0.0003887897085924708,0.03987148683518171,0.010073861752504694,-0.0003887897085924708
50.70105926394463,1.0,1500.0,0.0,80.0,1964.0,0.6054843038118931,1189.0,775.0,10.113491444014292,2.4207674909370063,12220.848792753808,165.0,0.03719902606186311,33.6030303030303,5.886363636363634,11.41754864844465,132.0,33.226923076923086,8.28076923076923,11.495842351597938,52.0,33.6030303030303,5.886363636363634,11.41754864844465,132.0,0.42995527690915825,-0.020934284346972122,-0.005983635795130875,-0.001399065550031021,-0.005744470122152552,-0.11436117530537765,-0.03738471485587155,13.724855149389095,80.0,519000.0,345.0,4548.846762895584,114.09485239938678,1.6989929676055908,-10.281328201293945,-112.35604095458984,0.49552303552627563,-112.8515625,0.013448245823383331,0.013448245823383331,0.0,10.385364532470703,1.0581474304199219,1.0949939489364624,-0.03684649616479874,0.03684649616479874,,,,,10.089128712813059,12.783199327355572,-0.6320137272952535,-10.719822756449382,1.2261446095346518,-0.020717908118802603,-112.97205098470052,1.8498966592973343,-0.06811912799703423,-0.010700859377781551,0.41863068260363684,-0.003042650907336666,-112.96135025024414,1.8518244390687952,-0.06507655091757433,0.013800030729422966,0.00031064049859393686,-9.647994255597268e-07,0.013800030729422966,0.00031064049859393686,-9.647994255597268e-07,0.0,0.0,0.0,10.841024748484294,1.2272284832613611,0.01946014705568822,0.9387311657269796,0.09710291257028114,-0.0010818905506834386,0.9773550808429718,0.09785885812422769,-0.000729272217055741,-0.03862391617149115,0.011936868529340134,-0.00035261638644871286,0.03862391617149115,0.011936868529340134,0.00035261638644871286
47.333059924840924,1.0,1500.0,0.0,80.0,2006.0,0.5954820548463494,1194.0,812.0,10.142509082686388,2.2282016450941406,12298.415325368318,156.0,0.034513274336283185,33.481481481481495,6.208888888888888,11.459161318742794,135.0,32.727272727272734,7.778181818181817,11.646057810244027,55.0,33.481481481481495,6.208888888888888,11.459161318742794,135.0,0.4277349925101367,-0.02098507840176188,-0.006280156494214221,-0.0013378274582514086,-0.004142352264321562,-0.13492233089503913,-0.03671294180787485,13.363661931970958,80.0,520500.0,346.0,4562.356390476227,114.08578275176554,2.920607089996338,-11.82913589477539,-113.05020904541016,0.14677026867866516,-113.19697570800781,0.013303477317094803,0.013303477317094803,0.0,11.872297286987305,0.9770480394363403,1.013977289199829,-0.036929234862327576,0.036929234862327576,,,,,8.706126395861308,13.604586477923874,-0.07860979073835316,-11.461908562978108,1.1113883420422284,-0.01300629158571619,-113.66329396565756,1.9620861066652397,0.030400168617258538,0.04509316682815552,0.3776249878211534,-0.0025937766267672513,-113.70838724772135,1.8332921555558355,0.032993999816421316,0.013528575468808413,0.00019724421414123793,-1.488997724251194e-05,0.013528575468808413,0.00019724421414123793,-1.488997724251194e-05,0.0,0.0,0.0,11.601989364624023,1.1139083410952777,0.01262079351338149,0.9491963704427083,0.09149955475270888,-0.00032622283770062337,0.9905122876167297,0.08779494741292931,-0.0006139343652099466,-0.04131592120975256,0.01206153257570903,0.0002877128406845309,0.04131592120975256,0.01206153257570903,-0.0002877128406845309
43.98189861957844,1.0,1500.0,0.0,78.0,1874.0,0.6216181164318797,1164.0,710.0,10.169916135817877,2.36894460735018,11508.185636387068,152.4,0.03619952494061758,33.41269841269841,6.3396825396825385,11.521703151976691,126.0,31.829166666666662,7.183333333333331,11.94240253512294,48.0,33.41269841269841,6.3396825396825385,11.521703151976691,126.0,0.42310697320924745,-0.021597470644327325,-0.006514761621525186,-0.001653096871797207,-0.006539714357303919,-0.15167460118599607,-0.03656690581666701,13.502874368958564,78.0,522000.0,347.0,4575.559809446335,114.08440097806624,7.077694892883301,-10.469741821289062,-114.11517333984375,-0.6037790179252625,-113.51139068603516,0.014572757296264172,0.014572757296264172,0.0,10.602840423583984,0.8004162907600403,0.8372101783752441,-0.03679388016462326,0.03679388016462326,,,,,6.18922549088796,5.69196922923905,-0.008112966550205597,-11.121511554718017,1.3545526584655323,-0.024310843538786764,-114.44510879516602,2.0488016485443477,0.03423924430193982,-0.007560707256197929,0.4087121404604714,0.001097288421946713,-114.4375483194987,1.938625577191813,0.0331419506645837,0.014182056083033483,0.000583737167825862,6.441213874285128e-05,0.014182056083033483,0.000583737167825862,6.441213874285128e-05,0.0,0.0,0.0,11.261557674407959,1.348146487184533,0.02461105130273043,0.9344441215197246,0.09967078788629692,0.0005609676755707685,0.9783119936784108,0.09668559001821193,0.00027230593465986884,-0.04386787911256154,0.012713299350707695,0.0002886614549876062,0.04386787911256154,0.012713299350707695,-0.0002886614549876062
51.15841245031976,1.0,1500.0,0.0,77.0,2033.0,0.5658881088973281,1150.0,883.0,10.284312626351202,2.2390053821805416,12298.109692155445,168.0,0.03738650525191383,33.04117647058823,5.630882352941175,11.60004750810311,136.0,32.37627118644066,7.413559322033898,11.766469398390589,59.0,33.04117647058823,5.630882352941175,11.60004750810311,136.0,0.4355381278083112,-0.021231692775992794,-0.006562003165382294,-0.0013886821309224476,-0.0051918735891648355,-0.11404757770445907,-0.03743422875320229,13.809866119786987,77.0,523500.0,348.0,4588.8230612277985,114.08153964862852,1.934065580368042,-11.792186737060547,-117.24481964111328,-0.3316560685634613,-116.91316223144531,0.012775101698935032,0.012775101698935032,0.0,11.816757202148438,0.847295343875885,0.9039323329925537,-0.05663691461086273,0.05663691461086273,,,,,8.613830939928691,14.348771833934926,0.37433296910117275,-10.808837413787842,1.1675404591857206,-0.007470845910942961,-114.88133112589519,1.564780467486881,-0.011779104536181128,-0.1393692083656788,0.26854374210687454,-0.0034398465834814913,-114.74196192423503,1.5082810481869666,-0.008339250710966814,0.013646515427778165,0.0006064346476630633,-6.883751385502394e-05,0.013646515427778165,0.0006064346476630633,-6.883751385502394e-05,0.0,0.0,0.0,10.956763458251952,1.1779913881924875,0.006469976915268132,0.903975107272466,0.06439845553824454,-0.0007472540698406934,0.947618822256724,0.06249592375459173,-0.0007666784080700682,-0.04364371138314406,0.009765948787496734,1.9424264469455703e-05,0.04364371138314406,0.009765948787496734,-1.9424264469455703e-05
44.36402478300292,1.0,1500.0,0.0,58.0,1902.0,0.4506437427666408,857.0,1045.0,10.040235471220063,2.1824160857714565,11810.441739842156,179.20000000000002,0.041372304566652814,33.83906249999999,6.959375,11.364519329612847,128.0,33.32,8.002857142857145,11.501200541683218,70.0,33.83906249999999,6.959375,11.364519329612847,128.0,0.4211449819976211,-0.021319599199231327,-0.0074851655242571865,-0.0010339799734568951,-0.005311416750531187,-0.14786984233478243,-0.037230772538720015,13.3882160766395,58.0,525000.0,349.0,4601.771520376205,114.08649857459243,1.0007069110870361,-10.63129711151123,-116.40966796875,-0.5458247661590576,-115.86384582519531,0.013194462284445763,0.013194462284445763,0.0,10.780887603759766,0.8062260150909424,0.8538743257522583,-0.04764833301305771,0.04764833301305771,,,,,8.389761773745219,10.574591847549986,-0.3219382203328067,-10.831231180826823,1.4821178299141498,0.014859941459206157,-115.3491340637207,1.9455589838494431,-0.07780865424201684,0.08273683438698451,0.44922025251283965,-0.029341476615331888,-115.43187128702799,1.87118191792,-0.04846725209270804,0.013854431019475063,0.000506338061155204,9.109994170729166e-06,0.013854431019475063,0.000506338061155204,9.109994170729166e-06,0.0,0.0,0.0,10.99230489730835,1.492815383405874,-0.014814007030313433,0.9531931777795156,0.10547183049570656,-0.0070341311121676735,0.9991106629371643,0.10457225481568433,-0.006794046294835065,-0.045917492173612115,0.011964557712577617,-0.00024008671395704337,0.045917492173612115,0.011964557712577617,0.00024008671395704337
48.95572714307415,1.0,1500.0,0.0,67.0,1979.0,0.5034204971465068,996.0,983.0,9.929881487210938,2.5338711019429696,12330.049280052735,170.8,0.03753846153846154,34.210526315789465,6.124812030075189,11.26394892857882,133.0,33.263636363636365,7.909090909090909,11.527955998623169,66.0,34.210526315789465,6.124812030075189,11.26394892857882,133.0,0.41221899082299,-0.020743408647737827,-0.0075778445853915,-0.0010491155883625377,-0.006293905449022262,-0.11110689196885967,-0.0358336291168452,12.854891894474887,67.0,526500.0,350.0,4615.076333284378,114.08262008643952,6.909811019897461,-10.669189453125,-116.5414810180664,0.2046562135219574,-116.74613952636719,0.012872622348368168,0.012872622348368168,0.0,10.774223327636719,0.9758708477020264,1.0270171165466309,-0.0511462576687336,0.0511462576687336,,,,,10.314323806762696,13.422894255696562,-0.025521952689556048,-10.471109676361085,1.2844899750146992,0.016211332760345313,-115.52880020141602,1.6569031673187968,-0.04242065056279744,0.02923428565263748,0.34335169577876373,0.009003468088233834,-115.55803451538085,1.601461998929677,-0.051424161000828146,0.012583137676119804,0.00019135838737797706,4.8594650821768495e-06,0.012583137676119804,0.00019135838737797706,4.8594650821768495e-06,0.0,0.0,0.0,10.599529965718586,1.28706986859865,-0.016493107559153515,0.9420457005500793,0.07988747137299805,0.0018159809048899826,0.9865940928459167,0.07850995672322145,0.002074611067639278,-0.0445483881359299,0.01016248790481211,-0.00025863116845339235,0.0445483881359299,0.01016248790481211,0.00025863116845339235
51.05690951414511,1.0,1500.0,0.0,71.0,1880.0,0.5626246552969472,1057.0,823.0,10.25618293530879,2.2951201724699675,11616.15098804496,156.0,0.03737780333525014,33.12380952380953,5.985714285714284,11.67523528528627,126.0,32.60727272727274,7.99636363636364,11.863719271882541,55.0,33.12380952380953,5.985714285714284,11.67523528528627,126.0,0.4353826882036518,-0.02095708810884571,-0.005977791029906363,-0.0016286179948751898,-0.004507386844829247,-0.11834007716194249,-0.037367361314701315,14.146140185079437,71.0,528000.0,351.0,4627.987677097321,114.08846281353156,2.0753579139709473,-9.852978706359863,-114.55596923828125,0.8639997839927673,-115.41996765136719,0.013179314322769642,0.013179314322769642,0.0,10.061180114746094,1.1391159296035767,1.1795680522918701,-0.040452178567647934,0.040452178567647934,,,,,4.96137508948644,4.412369793730835,-0.10597767402916272,-10.829620043436686,1.1808205613093496,-0.014697316544206912,-116.22234471638997,1.9702675057584247,0.011374938421707788,0.04177828046182792,0.4711003727184926,0.012479994611791828,-116.26412302652994,1.8287617792604276,-0.001105069000275958,0.012945844667653243,0.00018088859144486266,-5.54117000142799e-06,0.012945844667653243,0.00018088859144486266,-5.54117000142799e-06,0.0,0.0,0.0,10.989799626668294,1.1663373772620298,0.015804435042570956,0.9427311638991038,0.1113323112714221,0.0029351399525651585,0.9896490295728048,0.10843231534485845,0.002869904850163088,-0.04691786983360847,0.01175792248484519,6.523351739259229e-05,0.04691786983360847,0.01175792248484519,-6.523351739259229e-05
65.80642922719319,1.0,1500.0,0.0,12.0,1846.0,0.0975523912758545,180.0,1666.0,10.445972789166396,1.965352146923404,11332.428666596763,238.60000000000002,0.0591413840967678,32.535483870967745,7.3241935483870915,11.788714563428467,124.0,32.98214285714286,7.9392857142857105,11.63036885036391,112.0,32.535483870967745,7.3241935483870915,11.788714563428467,124.0,0.5338488597942429,-0.019250765972405996,-0.008653896692475266,-0.0014684277650095464,-0.004953145917001332,-0.05087014725568933,-0.0433573441646404,15.347185527307104,12.0,529500.0,352.0,4638.953956604004,114.14211155215392,21.40656280517578,-11.924409866333008,-115.6641845703125,0.5518797636032104,-116.216064453125,0.013050551526248455,0.013050551526248455,0.0,11.96329116821289,1.0638000965118408,1.1071860790252686,-0.04338589310646057,0.04338589310646057,,,,,8.286457133293151,10.840360919329868,0.21343073038688884,-10.855248896280925,1.2954409806910214,0.04744173544267423,-115.50886103312175,1.6823806023347139,-0.018925245240476563,-0.06550447344779968,0.3206371442982319,0.004411882324531695,-115.44335632324218,1.7641614362614544,-0.023337121269724315,0.012906440968314807,0.00025301396976267225,-9.313775630496176e-06,0.012906440968314807,0.00025301396976267225,-9.313775630496176e-06,0.0,0.0,0.0,11.010346285502116,1.310371306284015,-0.04842905292786822,0.9255266944567363,0.07076908308172554,0.0009345001055215355,0.965010384718577,0.07375138819092278,0.0010120505618306367,-0.03948369063436985,0.011247033764617095,-7.754942035515806e-05,0.03948369063436985,0.011247033764617095,7.754942035515806e-05
53.47463200773512,1.0,1500.0,0.0,28.0,2014.0,0.20333787718501328,409.0,1605.0,10.183843357563553,2.263012464243003,12653.34517745966,212.60000000000002,0.047202486678507995,33.36296296296297,6.999999999999998,11.528307806469469,135.0,33.38317757009345,7.824299065420559,11.502038650021174,107.0,33.36296296296297,6.999999999999998,11.528307806469469,135.0,0.43914660627617125,-0.01877436413893372,-0.008123037423541072,-0.0008384373360322039,-0.008585858585858643,-0.10370370370370466,-0.03731346752680304,14.596182505502284,28.0,531000.0,353.0,4650.854880332947,114.17255830652506,1.8329781293869019,-14.370317459106445,-118.23191833496094,0.23745942115783691,-118.46937561035156,0.012595095671713352,0.012595095671713352,0.0,14.39504623413086,0.9786798357963562,1.034282922744751,-0.05560314655303955,0.05560314655303955,,,,,11.141624474525452,15.317256547658776,0.22443420216026755,-10.75565185546875,1.2002414932871133,-0.05221086826685128,-116.42892150878906,1.7507325867837806,-0.00281326243025757,0.01851744850476583,0.32321008513669525,-0.001370635502728266,-116.44743830362955,1.7107909269633037,-0.001442566596889294,0.012818780417243639,0.00018575613045513102,-1.819989456483359e-05,0.012818780417243639,0.00018575613045513102,-1.819989456483359e-05,0.0,0.0,0.0,10.898405106862386,1.1879229348938702,0.05380483782198562,0.9404796322186788,0.07536979508249766,-0.00026145400406922553,0.98423104484876,0.07425566122690977,-0.00032423352770866637,-0.04375140629708767,0.010939227265314027,6.277720476019125e-05,0.04375140629708767,0.010939227265314027,-6.277720476019125e-05
54.36606987454425,1.0,1500.0,0.0,87.0,1946.0,0.668394147797081,1300.0,646.0,10.3855574268771,2.354362921174109,11759.640782452394,129.4,0.03020118564160015,32.706870229007635,4.926717557251909,11.72249903847682,131.0,32.16363636363636,7.477272727272728,11.874847255813375,44.0,32.706870229007635,4.926717557251909,11.72249903847682,131.0,0.4436387714183255,-0.020980342815586278,-0.005535170527621642,-0.0014140327596409291,-0.005677469738383455,-0.09883639203435864,-0.037669073412940554,14.107401153656934,87.0,532500.0,354.0,4664.335362434387,114.16417530537088,4.771453857421875,-10.425649642944336,-115.0410385131836,-0.3322345018386841,-114.70880126953125,0.013610501773655415,0.013610501773655415,0.0,10.704536437988281,0.8731693029403687,0.9026784896850586,-0.029509229585528374,0.029509229585528374,,,,,7.504566152890523,9.917320873966693,-0.17887173818136382,-10.726610867182414,1.373915767295912,0.016677116101257838,-116.48084259033203,1.4774832742162176,-0.010490918186001076,0.05527746739486853,0.33671113059191493,-0.014517641875548942,-116.5361198425293,1.469588585326537,0.0040268385635744575,0.013233453252663214,0.00031277307909530737,3.4656890101307895e-05,0.013233453252663214,0.00031277307909530737,3.4656890101307895e-05,0.0,0.0,0.0,10.867708079020183,1.3583553133112691,-0.01603732337145473,0.9504727224508921,0.07728030612672301,-0.0032544329248625744,0.992637425661087,0.07780063858088863,-0.0033513616666910745,-0.042164713889360425,0.009392156529906071,9.693010597260909e-05,0.042164713889360425,0.009392156529906071,-9.693010597260909e-05
51.27643722057343,1.0,1500.0,0.0,50.0,1806.0,0.4082738995109158,737.0,1069.0,10.222986007031752,2.031747395871007,11090.472241868672,162.8,0.04015786877158362,33.22950819672133,6.773770491803275,11.609168358465581,122.0,33.611111111111114,8.375,11.462916304535392,72.0,33.22950819672133,6.773770491803275,11.609168358465581,122.0,0.44938144895400134,-0.020091772192439076,-0.006320365672331098,-0.0015295401531921346,-0.008968363136176145,-0.12291609353507338,-0.03810585399618232,14.715685544898887,50.0,534000.0,355.0,4676.66046833992,114.18404299715063,2.0600814819335938,-10.448121070861816,-116.4186019897461,0.1833057403564453,-116.6019058227539,0.012292100116610527,0.012292100116610527,0.0,10.689691543579102,0.982267439365387,1.0216718912124634,-0.039404504001140594,0.039404504001140594,,,,,9.605076531569162,12.504085719898896,-0.03971134794169476,-10.773933347066244,1.2144636740338168,0.011883735868901932,-117.63147811889648,1.6624007000117802,-1.0840699190768559e-05,-0.11605825542161861,0.24526818663633565,-0.00528068897149653,-117.5154192606608,1.5973139428202474,0.005269844301287363,0.013048877784361443,0.00036993345290058316,-3.535565718163124e-05,0.013048877784361443,0.00036993345290058316,-3.535565718163124e-05,0.0,0.0,0.0,10.923382314046224,1.2136177264094974,-0.010025035870884538,0.9070301055908203,0.05924998583110851,-0.0011060698013815116,0.9532702306906382,0.05656331180757088,-0.0012112960003905146,-0.04624012423058351,0.01017622008944871,0.00010522590977066373,0.04624012423058351,0.01017622008944871,-0.00010522590977066373
52.39777935743332,1.0,1500.0,0.0,40.0,1988.0,0.29760554655852944,591.0,1397.0,10.139627695525062,2.573269557343123,12609.231746741541,159.8,0.035590200445434296,33.50746268656718,6.450746268656713,11.44443341800588,134.0,33.47234042553191,7.382978723404254,11.437452196194144,94.0,33.50746268656718,6.450746268656713,11.44443341800588,134.0,0.43620262234519186,-0.018262937763515893,-0.007126474951326729,-0.001235687729127032,-0.005720976915356343,-0.11401806624288985,-0.03508535493160671,14.324924799973536,40.0,535500.0,356.0,4688.971405982971,114.20415132340536,13.661993026733398,-11.497764587402344,-117.40766143798828,-0.05764082819223404,-117.35002136230469,0.013346124440431595,0.013346124440431595,0.0,11.628861427307129,0.9246230125427246,0.9666466116905212,-0.042023591697216034,0.042023591697216034,,,,,6.417849151293437,8.890698441340028,-0.18461606743868816,-10.89105682373047,1.5112405597369596,-0.007857980187132423,-117.27248840332031,1.7715704615381038,0.004618687783521313,-0.07894143884380658,0.35623254250291037,0.013301824855393378,-117.19354680379232,1.7296111630412043,-0.008683104721932925,0.01226781349008282,0.000451933790895172,3.679526888986001e-05,0.01226781349008282,0.000451933790895172,3.679526888986001e-05,0.0,0.0,0.0,11.026239681243897,1.5253656581199124,0.007477176441366335,0.9200626929601033,0.08217067312452388,0.0030257013668870372,0.962125567595164,0.08108659302718121,0.0030099331205493086,-0.042062867681185404,0.010944019956692268,1.576947870853948e-05,0.042062867681185404,0.010944019956692268,-1.576947870853948e-05
47.708427406337165,1.0,1500.0,0.0,73.0,2023.0,0.539734357647553,1091.0,932.0,10.135367938237852,2.8026600820531278,13102.641295487421,175.8,0.038569548047389206,33.51470588235294,6.24705882352941,11.461920371788322,136.0,33.133333333333326,7.676190476190474,11.582944953235232,63.0,33.51470588235294,6.24705882352941,11.461920371788322,136.0,0.4302892046499686,-0.020748308611506394,-0.007050957530554582,-0.001729554540962202,-0.005726712577020717,-0.13265675969553745,-0.0367129392875989,13.592980779073546,73.0,537000.0,357.0,4702.345446586609,114.19833062026602,2.6509504318237305,-12.172361373901367,-119.63040161132812,-0.0043108537793159485,-119.62609100341797,0.01320139691233635,0.01320139691233635,0.0,12.278489112854004,0.9247531890869141,0.9790038466453552,-0.05425064265727997,0.05425064265727997,,,,,6.1536392092704775,13.908107744127776,-0.22271255924386116,-10.978961944580078,1.531472169562933,0.007138158269931168,-117.3046869913737,1.5370485589757885,-0.0736376090893065,0.020657892525196075,0.49378843687611584,-0.0023084354447045446,-117.32534510294596,1.3463646837769874,-0.07132918853250184,0.013431481178849935,0.00020667724459024443,1.2914836199516612e-05,0.013431481178849935,0.00020667724459024443,1.2914836199516612e-05,0.0,0.0,0.0,11.123963340123494,1.5469050766997432,-0.007919198122120327,0.9440406064192454,0.11688415066850272,-0.0009169835667721748,0.9848055938879648,0.11468314325065282,-0.0005373238323793149,-0.040764988275865714,0.008235515912989842,-0.00037965995277194133,0.040764988275865714,0.008235515912989842,0.00037965995277194133
51.675043526291844,1.0,1500.0,0.0,80.0,1950.0,0.612231202237895,1193.0,757.0,10.141001357821692,2.8122089998716757,12817.173460462891,138.4,0.031540565177757524,33.49618320610687,5.4015267175572514,11.522347573426023,131.0,32.27058823529411,7.631372549019607,11.85842699215141,51.0,33.49618320610687,5.4015267175572514,11.522347573426023,131.0,0.4214239124726414,-0.020003313550559648,-0.0059521936885036306,-0.0010934658764246387,-0.004623246005353276,-0.1033011598669772,-0.03723139512688576,13.267258995603132,80.0,538500.0,358.0,4715.805201768875,114.19046736663579,24.58369255065918,-10.197809219360352,-118.28642272949219,0.06375052034854889,-118.35017395019531,0.012453987263143063,0.012453987263143063,0.0,10.374520301818848,0.9504716396331787,0.9945360422134399,-0.04406431317329407,0.04406431317329407,,,,,6.420066928863525,6.825621519792349,0.24415396965120206,-10.51069876352946,1.2583499264672617,-0.017352383181833755,-118.44426574707032,1.6373722729904279,0.018484751666350937,-0.05863567441701889,0.28309664044007155,0.002191974758041049,-118.3856300354004,1.5184436071602028,0.016292807098494486,0.012676544425388177,0.0003555782600638926,-3.587033504307386e-05,0.012676544425388177,0.0003555782600638926,-3.587033504307386e-05,0.0,0.0,0.0,10.660605573654175,1.261000216206761,0.017267491634483267,0.921236930290858,0.06894903691283606,0.0006759800953382204,0.9665588776270548,0.065039687844483,0.0005023154056111803,-0.04532194410761197,0.009637183079919166,0.00017366494995866267,0.04532194410761197,0.009637183079919166,-0.00017366494995866267
50.80912180232187,1.0,1500.0,0.0,117.0,2067.0,0.8457174610929599,1748.0,319.0,9.618166521822658,2.1045342460215224,11479.208099065952,87.0,0.017725439061162952,35.31079136690646,4.879136690647482,10.782315477003909,139.0,33.28181818181818,7.881818181818184,11.42896051260234,22.0,35.31079136690646,4.879136690647482,10.782315477003909,139.0,0.40493837155218976,-0.017553028261711654,-0.004473263745343023,-0.0012163491230414258,-0.003540439207284441,-0.10815211569362183,-0.02894675912461603,12.343110954951838,117.0,540000.0,359.0,4730.673409938812,114.14865352266719,1.5576363801956177,-11.601415634155273,-119.1707534790039,0.674328625202179,-119.84508514404297,0.014184976927936077,0.014184976927936077,0.0,11.740320205688477,1.087137222290039,1.1384453773498535,-0.051308102905750275,0.051308102905750275,,,,,5.400313667456309,5.930582600726005,-0.1259984304695427,-11.091229486465455,1.227037914191381,0.007274050495118415,-118.35984064737956,1.8001129139451324,-0.06810463129877459,0.06429876567174991,0.36862240299972127,-0.004899336392260901,-118.42413914998373,1.7702122414177834,-0.06320532437028224,0.01359173453723391,0.0005670696716041892,5.994332193897335e-05,0.01359173453723391,0.0005670696716041892,5.994332193897335e-05,0.0,0.0,0.0,11.233235422770182,1.2168132968025012,-0.005425791162272677,0.9514422754446665,0.08634256931392228,-0.001455339215886492,0.9948685626188914,0.08594167331686485,-0.0011297014717000578,-0.043426277674734594,0.010941153285999304,-0.00032563702606319336,0.043426277674734594,0.010941153285999304,0.00032563702606319336
46.09415892398719,1.0,1500.0,0.0,66.0,2016.0,0.48639689532205727,980.0,1036.0,9.948891246822242,2.1755981007442045,12396.840974918125,175.0,0.037689524465885596,34.14117647058825,6.638235294117648,11.254988990640967,136.0,33.62285714285714,7.78,11.365433863112013,70.0,34.14117647058825,6.638235294117648,11.254988990640967,136.0,0.4177559710887177,-0.020180925411430378,-0.005907759512392274,-0.0013025019812903055,-0.0041186804606676095,-0.13983993753659504,-0.035436664415933884,13.342741616544798,66.0,541500.0,360.0,4743.8288860321045,114.14829940312804,1.3734652996063232,-11.102079391479492,-120.40276336669922,0.05627354979515076,-120.45903778076172,0.012577270157635212,0.012577270157635212,0.0,11.107088088989258,0.9398324489593506,0.992859959602356,-0.053027499467134476,0.053027499467134476,,,,,4.065856816371282,3.6296729853887175,-0.08735362888045527,-11.458623504638672,1.3238428527638941,0.009532667930187484,-118.17191670735677,1.8824524543690984,-0.02835021565302464,-0.04158383756875992,0.35203846985551884,-0.002682793256438216,-118.1303332010905,1.8316036485746707,-0.025667491399405058,0.013431288922826448,0.0006805999142011361,-7.776937450596202e-05,0.013431288922826448,0.0006805999142011361,-7.776937450596202e-05,0.0,0.0,0.0,11.600190734863281,1.3145438395448712,-0.007854371712656252,0.9308814664681753,0.08301759295856377,-0.0007559632432871998,0.9703586439291636,0.0816627295101306,-0.0006647745016817538,-0.039477182428042094,0.011407375548196019,-9.118737746133607e-05,0.039477182428042094,0.011407375548196019,9.118737746133607e-05
46.855067407028585,1.0,1500.0,0.0,79.0,2025.0,0.5843172809930911,1183.0,842.0,9.932935128607856,2.58991658950717,12495.56203219138,163.4,0.035130718954248366,34.19999999999999,6.145588235294119,11.223402133099965,136.0,33.05964912280701,7.6070175438596515,11.554107107798025,57.0,34.19999999999999,6.145588235294119,11.223402133099965,136.0,0.41294311514465887,-0.019063538953647433,-0.005871919354678994,-0.0011382339829803458,-0.007350330805228264,-0.12980474423107494,-0.03381619883588098,12.983653853039751,79.0,543000.0,361.0,4757.45706152916,114.13660553889832,0.8825407028198242,-13.234336853027344,-116.47718811035156,0.2554813623428345,-116.732666015625,0.01310769747942686,0.01310769747942686,0.0,13.245376586914062,1.0112704038619995,1.038940668106079,-0.027670325711369514,0.027670325711369514,,,,,5.884016835689545,6.077580335197614,-0.12335345957250053,-11.38656907081604,1.4271293247109633,-0.0608621738378672,-118.97670618693034,1.5451510755807003,-0.014858341747447056,0.015785051882266997,0.3831426403481726,-0.004598209898384318,-118.99249114990235,1.4569493571240242,-0.010260155734017019,0.012746271801491578,0.00012199148837648031,6.580803630348911e-06,0.012746271801491578,0.00012199148837648031,6.580803630348911e-06,0.0,0.0,0.0,11.518159739176433,1.4079137816267344,0.06120196884545652,0.9408357719580333,0.08922435319087467,-0.0010471081839785595,0.983607167005539,0.0878652104192213,-0.0010529432068677536,-0.04277140169094006,0.009076204470495987,5.832656356066435e-06,0.04277140169094006,0.009076204470495987,-5.832656356066435e-06
55.94348095273072,1.0,1500.0,0.0,106.0,1826.0,0.866418534302735,1582.0,244.0,10.241162599922381,1.9022063054872442,10193.1106015324,76.60000000000001,0.01877911252758029,33.16260162601626,4.139837398373985,11.567768884085762,123.0,32.929411764705875,7.788235294117648,11.76069901384201,17.0,33.16260162601626,4.139837398373985,11.567768884085762,123.0,0.4394899822438662,-0.018407219646929998,-0.004582511072998673,-0.00114780176937218,-0.003115462868769101,-0.09582909460833855,-0.03367875507590181,13.992878837474915,106.0,544500.0,362.0,4771.345650672913,114.11874969133876,5.704514503479004,-11.63676929473877,-120.66375732421875,-0.10269463807344437,-120.56106567382812,0.013374767266213894,0.013374767266213894,0.0,11.734766960144043,0.9067904949188232,0.9561964273452759,-0.04940599203109741,0.04940599203109741,,,,,5.326423287391663,5.533003991121383,-0.1855699255946483,-11.314735603332519,1.2017723062010195,-0.008601520695330878,-119.98164978027344,2.1946824388193478,-0.04579786188212207,-0.024850260466337204,0.28059599071029323,-0.015095745172927597,-119.95680058797201,2.15456094313735,-0.03070220607804142,0.013544140352557103,0.0002697976118527441,1.6929007221315543e-05,0.013544140352557103,0.0002697976118527441,1.6929007221315543e-05,0.0,0.0,0.0,11.460297012329102,1.209592165600686,0.005913137196168359,0.9274628480275472,0.06738570300098867,-0.003620345653495772,0.9741366724173228,0.06526759403082678,-0.003499763096797732,-0.046673816566665964,0.013353229119576341,-0.00012058167489404964,0.046673816566665964,0.013353229119576341,0.00012058167489404964
52.5600329068574,1.0,1500.0,0.0,88.0,1967.0,0.6700712710618258,1318.0,649.0,10.08630713449948,2.489511144609512,12036.129143642724,117.0,0.026327632763276328,33.66666666666668,5.201515151515153,11.409147900298553,132.0,32.62727272727273,7.459090909090909,11.75948782634027,44.0,33.66666666666668,5.201515151515153,11.409147900298553,132.0,0.42288535211355205,-0.0175024643318907,-0.005233919460815952,-0.0010737075676112138,-0.005477424130273877,-0.1061139896373022,-0.03345896020200217,13.561439712689316,88.0,546000.0,363.0,4785.1073887348175,114.10402225985621,1.7285244464874268,-11.837121963500977,-122.55938720703125,0.16627582907676697,-122.72566223144531,0.013516250997781754,0.013516250997781754,0.0,12.016206741333008,0.9579156041145325,1.01863431930542,-0.060718752443790436,0.060718752443790436,,,,,8.568793630599975,13.617450738150577,-0.07351580896685223,-11.193482557932535,1.1726763331199996,-0.004436429483076207,-119.37656529744466,1.5688866414342886,-0.040392375602337514,0.08075412486990292,0.3448760913965929,-0.0004825046350216019,-119.45732014973959,1.5459663837991466,-0.039909758265473425,0.013367855393638214,0.0002425110838850743,1.9293007242997604e-05,0.013367855393638214,0.0002425110838850743,1.9293007242997604e-05,0.0,0.0,0.0,11.331344890594483,1.1844061096464034,0.004865178542089112,0.9572306096553802,0.08000951253816005,-0.00029000462891661097,0.9986955106258393,0.07988722036918174,-0.00011168508826692651,-0.04146490519245465,0.009480661768677822,-0.00017831992188072727,0.04146490519245465,0.009480661768677822,0.00017831992188072727
57.9192001583812,1.0,1500.0,0.0,91.0,1828.0,0.7395996156257555,1351.0,477.0,10.267814853662404,2.3846061488940054,10702.571153362485,90.80000000000001,0.022310678657427883,33.08780487804878,3.8390243902439023,11.5350481406311,123.0,31.574999999999996,6.456250000000002,12.026177204010772,32.0,33.08780487804878,3.8390243902439023,11.5350481406311,123.0,0.4335802515992566,-0.01811879683215753,-0.004913281816614246,-0.0015236194056162287,-0.003916544655929758,-0.07777452415812401,-0.033219311694963866,13.769753429220287,91.0,547500.0,364.0,4798.710186481476,114.0931581036861,1.5816905498504639,-12.211357116699219,-119.19185638427734,-0.4950615465641022,-118.69679260253906,0.014452485367655754,0.014452485367655754,0.0,12.473575592041016,0.8294687271118164,0.863147497177124,-0.03367878496646881,0.03367878496646881,,,,,3.93631329536438,3.002393514976141,-0.06351977625200844,-11.126501687367757,1.4480932342725348,-0.020928381600554786,-120.18823547363282,1.8356301493459803,0.014245737858690818,0.044036123404900235,0.2790751014443387,-0.0038755523465631788,-120.23227157592774,1.8609223988197887,0.018121302247181004,0.013946252316236496,0.0003573949561448882,3.9886472719794716e-05,0.013946252316236496,0.0003573949561448882,3.9886472719794716e-05,0.0,0.0,0.0,11.27633843421936,1.4660590492507524,0.02237114052353476,0.9460908651351929,0.06436461161159174,-0.0007218882822751876,0.9902713318665822,0.06533282467702198,-0.0009039320722968486,-0.04418047039459149,0.011585268795057266,0.00018204126933856979,0.04418047039459149,0.011585268795057266,-0.00018204126933856979
49.44056284917544,1.0,1500.0,0.0,73.0,1809.0,0.605321556281473,1095.0,714.0,10.161951459616562,2.189919066723045,10938.325738430807,123.80000000000001,0.03061174027001632,33.42314049586776,5.553719008264463,11.584823096044126,121.0,32.241666666666674,6.804166666666667,11.927497168540667,48.0,33.42314049586776,5.553719008264463,11.584823096044126,121.0,0.42477927293683654,-0.019125249455479488,-0.005886854903529836,-0.001009922251182053,-0.006145301442264658,-0.12376601272059086,-0.03548540413366308,13.755582259405372,73.0,549000.0,365.0,4811.87610244751,114.09271317704065,10.946192741394043,-12.342996597290039,-119.0669174194336,0.3519706130027771,-119.41888427734375,0.01340278796851635,0.01340278796851635,0.0,12.660236358642578,1.025546669960022,1.0616216659545898,-0.03607504442334175,0.03607504442334175,,,,,5.74234201113383,5.677989473429976,0.08890497040032534,-10.944449631373088,1.2818431630632303,-0.02518866001167296,-119.60913772583008,1.6107110223564214,-0.016585694377755762,0.04308076413969199,0.23906330896936612,0.0023020269284988295,-119.65221837361653,1.6172523942707917,-0.018887758520207038,0.013872297915319602,0.00036534122380985247,-4.08779419502775e-05,0.013872297915319602,0.00036534122380985247,-4.08779419502775e-05,0.0,0.0,0.0,11.079454072316487,1.2948487689522525,0.027347015830645412,0.9515236675739288,0.055691059517169926,0.00047394140676340906,0.9900368054707845,0.055745979858530886,0.0005215291054017981,-0.038513147893051304,0.009934741306188283,-4.7587239917976237e-05,0.038513147893051304,0.009934741306188283,4.7587239917976237e-05
53.8200258910656,1.0,1500.0,0.0,120.0,2022.0,0.8842476315175731,1787.0,235.0,9.664877427583578,1.734595737819579,10647.889395438346,63.2,0.013221757322175733,35.14705882352941,4.0102941176470575,10.764152943399901,136.0,32.575,6.862500000000001,11.570902180044174,16.0,35.14705882352941,4.0102941176470575,10.764152943399901,136.0,0.4047611106389668,-0.015492956346760485,-0.0043024918572638765,-0.0008827287098636975,-0.005190943238731147,-0.09090150250417024,-0.028013725997766373,12.293070934097733,120.0,550500.0,366.0,4826.758042573929,114.05170823653697,4.613030433654785,-12.001826286315918,-119.71517944335938,-0.23804974555969238,-119.47712707519531,0.013269994407892227,0.013269994407892227,0.0,12.102163314819336,0.8905462026596069,0.924920916557312,-0.03437473624944687,0.03437473624944687,,,,,5.1406721532344815,4.869409645112397,-0.15290812802924747,-11.279994281133016,1.386963447074458,-0.020636854818850768,-120.8016949971517,1.8345010389443663,0.01569676383318897,-0.04968797539671262,0.33340978278952965,0.0144145556448962,-120.75200703938802,1.7797002766405283,0.0012821727918202982,0.013049118779599666,0.00023472848017815344,1.2476192797648725e-05,0.013049118779599666,0.00023472848017815344,1.2476192797648725e-05,0.0,0.0,0.0,11.427058903376262,1.3844573625075285,0.02077127240258387,0.9253219346205394,0.07853438454788556,0.0033957074428426566,0.9685368696848552,0.07674689320755998,0.003318346886003624,-0.04321493171155453,0.010975839271935173,7.735910981860495e-05,0.04321493171155453,0.010975839271935173,-7.735910981860495e-05
49.73151059121621,1.0,1500.0,0.0,82.0,2098.0,0.5854190732385556,1228.0,870.0,10.185515358137014,2.4445843079386034,12460.187419195363,146.4,0.031370532270506554,33.33428571428572,5.687142857142855,11.567934770664996,140.0,32.36896551724139,7.034482758620689,11.878909142030313,58.0,33.33428571428572,5.687142857142855,11.567934770664996,140.0,0.42800515574560216,-0.01840269753957196,-0.005636301892341006,-0.001045098704749883,-0.005917777420908952,-0.12468283282479091,-0.03455626454314632,13.620349832535151,82.0,552000.0,367.0,4840.346062898636,114.04143274611968,2.2832016944885254,-11.860032081604004,-122.521484375,0.2812751531600952,-122.8027572631836,0.013820979744195938,0.013820979744195938,0.0,12.005258560180664,0.9929827451705933,1.045691967010498,-0.05270913615822792,0.05270913615822792,,,,,7.118114014466603,8.281520861655837,-0.13346150717029875,-11.127499071756999,1.4810010617413556,-0.017286287505050884,-121.00753122965494,2.1985324511681785,-0.09945205162311199,0.11181842386722565,0.3328771709922843,0.013148418237953492,-121.11934941609701,2.2028811932169003,-0.11260038382219129,0.013438667450100184,0.00025294135213699086,2.7536802424803322e-05,0.013438667450100184,0.00025294135213699086,2.7536802424803322e-05,0.0,0.0,0.0,11.271002578735352,1.4913340433989826,0.01801199059067355,0.9626454015572866,0.07736432470752576,0.002437044290599867,1.0060373544692993,0.0772184150437621,0.003058932275740243,-0.04339195427795251,0.01326871892925743,-0.0006218866732083372,0.04339195427795251,0.01326871892925743,0.0006218866732083372
50.19448463421948,1.0,1500.0,0.0,53.0,2031.0,0.3911201976229561,794.0,1237.0,10.208984900802015,2.2497638598355807,12545.773231330582,189.20000000000002,0.04180106932968053,33.280882352941155,6.530882352941177,11.56089639634515,136.0,33.166265060240946,7.684337349397594,11.548619680658534,83.0,33.280882352941155,6.530882352941177,11.56089639634515,136.0,0.43608668353580066,-0.018950665397963563,-0.005829804614089694,-0.001084725075151858,-0.006906565656565721,-0.1264646464646436,-0.036354838085578135,14.256298031888472,53.0,553500.0,368.0,4852.997841596603,114.05321371787429,11.785582542419434,-10.799850463867188,-122.91242980957031,0.3329184353351593,-123.24534606933594,0.013260557316243649,0.013260557316243649,0.0,10.84703540802002,1.0036888122558594,1.057008981704712,-0.05332016572356224,0.05332016572356224,,,,,7.6879055817921955,14.359930159802836,-0.179197668578389,-11.239422448476155,1.102406953366982,0.01711184402992014,-122.28271026611328,1.6833267107446461,0.03324344961741489,-0.09540693052113056,0.2960854580618757,0.0012750883546302533,-122.18730316162109,1.6709617599605138,0.03196834101693295,0.013605270379533371,0.00022971574649192737,-2.482125641274677e-05,0.013605270379533371,0.00022971574649192737,-2.482125641274677e-05,0.0,0.0,0.0,11.389951006571453,1.104754884124436,-0.018888292323230613,0.9099526981512706,0.069105048613605,0.0005797420513377771,0.9578112721443176,0.0687671799379562,0.000314363117875709,-0.04785856952269872,0.01035182040827643,0.00026537877931213103,0.04785856952269872,0.01035182040827643,-0.00026537877931213103
56.727787532806396,1.0,1500.0,0.0,100.0,1904.0,0.7880324922223082,1500.0,404.0,10.052789829801585,2.172041090504387,10972.206545469799,78.4,0.01826228744467738,33.803149606299215,3.944881889763779,11.39841784965511,127.0,31.11851851851852,6.940740740740742,12.314284870455914,27.0,33.803149606299215,3.944881889763779,11.39841784965511,127.0,0.4192297782539153,-0.016935465672728765,-0.003723479323587853,-0.0008879985279616306,-0.00299172912897392,-0.081054536055826,-0.030808288305675138,12.957283024782676,100.0,555000.0,369.0,4866.946667909622,114.03453497023325,1.982647180557251,-12.097597122192383,-121.43093872070312,0.1710839420557022,-121.60202026367188,0.013524123467504978,0.013524123467504978,0.0,12.259561538696289,0.9785265326499939,1.019754409790039,-0.04122791066765785,0.04122791066765785,,,,,8.724346808592479,14.592493730818463,-0.49393790197849835,-10.951264635721843,1.3001751148162815,-0.022051656551169863,-121.52870432535808,1.8533139615436909,0.055169338272997075,-0.0048809570570786795,0.2712366158592494,-2.6858447987718396e-05,-121.52382303873698,1.82071929644255,0.055196284717398125,0.013324494877209266,8.613874371231865e-05,5.846422733334671e-06,0.013324494877209266,8.613874371231865e-05,5.846422733334671e-06,0.0,0.0,0.0,11.076730267206829,1.3325297767743354,0.019680407315127636,0.9371423323949178,0.06431070271186945,0.0003969394060077337,0.9788836300373077,0.06280343641309274,-8.162945608426725e-06,-0.04174129056433837,0.011286885296265127,0.000405101056259388,0.04174129056433837,0.011286885296265127,-0.000405101056259388
52.87146144196139,1.0,1500.0,0.0,118.0,2083.0,0.8429825576888837,1755.0,328.0,9.685150498957967,2.0116588891327325,11547.296694453487,86.2,0.01754957449407549,35.08428571428571,4.3114285714285705,10.79436119488752,140.0,32.13636363636363,5.963636363636365,11.71513255602639,22.0,35.08428571428571,4.3114285714285705,10.79436119488752,140.0,0.4030328597561384,-0.014672971038313706,-0.004051251321041555,-0.001088512975440043,-0.004077207826546795,-0.09992596509782797,-0.026155166796978494,12.317238360535434,118.0,556500.0,370.0,4881.926213502884,113.99189083619919,36.027259826660156,-10.370059967041016,-122.63762664794922,0.0019408613443374634,-122.63956451416016,0.01320496667176485,0.01320496667176485,0.0,10.479904174804688,0.9349664449691772,0.9804485440254211,-0.04548214003443718,0.04548214003443718,,,,,6.432357350985209,7.982292681765033,0.0823221780566934,-11.791242631276448,1.199998971142795,0.026256802509040878,-122.0430684407552,2.1152750197798853,-0.03915712825448205,0.0031199347227811812,0.2732729281555409,-0.0071951098657224615,-122.04618860880534,2.0692505329803748,-0.03196201854870926,0.013666808946679036,0.00018612849287257357,-1.4603498689126222e-05,0.013666808946679036,0.00018612849287257357,-1.4603498689126222e-05,0.0,0.0,0.0,11.927987925211589,1.1927471150829172,-0.02866447669380378,0.9378590901692708,0.06598167678018803,-0.0018053903993430645,0.9807265480359395,0.06361988561959075,-0.0016795248820864164,-0.04286745022982359,0.012529378795736075,-0.00012586471957213517,0.04286745022982359,0.012529378795736075,0.00012586471957213517
55.68782721672739,1.0,1500.0,0.0,84.0,1980.0,0.6310673368054978,1249.0,731.0,10.15785439366345,2.1084242407653524,11545.658597974925,118.0,0.026531162874359204,33.440601503759396,4.81503759398496,11.509626841446664,133.0,32.400000000000006,7.424489795918366,11.845323075375509,49.0,33.440601503759396,4.81503759398496,11.509626841446664,133.0,0.4259397093403554,-0.018255894832185062,-0.004897095723656802,-0.0011191101109502477,-0.005439363196503849,-0.08634306227563379,-0.033581946105112954,13.53842569661188,84.0,558000.0,371.0,4895.405253648758,113.98443460510208,0.8809935450553894,-12.642340660095215,-121.2984848022461,0.4608984887599945,-121.75938415527344,0.013004321604967117,0.013004321604967117,0.0,12.72239875793457,1.0480226278305054,1.0861345529556274,-0.03811197727918625,0.03811197727918625,,,,,3.753050384918849,2.6731762902912712,-0.002353975040894135,-10.965859985351562,1.5059161282289213,0.025006137037436767,-122.31534856160482,2.1575127671082637,0.09591895963777225,-0.026214827597141267,0.305052385738806,0.015660539869471843,-122.2891337076823,2.0722400134686665,0.08025841972852057,0.012690651571998994,0.00029818402792306106,-2.151269598287015e-05,0.012690651571998994,0.00029818402792306106,-2.151269598287015e-05,0.0,0.0,0.0,11.114017327626547,1.509618413647396,-0.024778295438467556,0.9317000389099122,0.07409650627599486,0.004159662137439955,0.9740023493766785,0.0701055014741153,0.0036046730663142437,-0.04230230947335561,0.012789230083048884,0.0005549894639594417,0.04230230947335561,0.012789230083048884,-0.0005549894639594417
55.00386898858206,1.0,1500.0,0.0,70.0,1974.0,0.5309000666241898,1047.0,927.0,9.960308193112109,2.6112707506764488,12396.86128411785,136.20000000000002,0.030254564840730375,34.10454545454546,5.662121212121211,11.242600666482847,132.0,34.45806451612904,8.274193548387096,11.120535728766194,62.0,34.10454545454546,5.662121212121211,11.242600666482847,132.0,0.43148404059901224,-0.02027251398533323,-0.005947389930669693,-0.001189727866906834,-0.00495265151515156,-0.08878787878787699,-0.03602671806501641,13.622674230597587,70.0,559500.0,372.0,4908.887132406235,113.97695341301211,2.4058423042297363,-10.511573791503906,-123.65201568603516,0.6049970984458923,-124.25701141357422,0.013245971873402596,0.013245971873402596,0.0,10.70083236694336,1.0687365531921387,1.1199125051498413,-0.05117589235305786,0.05117589235305786,,,,,4.927875953912735,5.623868127132763,-0.05453901284263466,-11.285585816701253,1.1646768769003386,0.028244820320036213,-121.66464665730794,1.6377973838036388,-0.06697899433343577,0.07168389869232973,0.3283735461341965,0.00824901954300942,-121.73633168538412,1.721306758495952,-0.07522808070707497,0.013195626065135002,0.00015904948044841773,-9.044969207850863e-06,0.013195626065135002,0.00015904948044841773,-9.044969207850863e-06,0.0,0.0,0.0,11.437152290344239,1.1519553742166215,-0.029732968730311456,0.9596261362234751,0.07304172414814541,0.001513758636555204,0.9965436021486919,0.0758621464160085,0.0019012398396238178,-0.03691744872679313,0.010213461305316958,-0.00038748009294039377,0.03691744872679313,0.010213461305316958,0.00038748009294039377
47.064282989501955,1.0,1500.0,0.0,75.0,2027.0,0.5551328543450883,1125.0,902.0,9.988386519273863,2.5104612142772083,12930.83506646204,131.4,0.02840344126929229,34.01617647058825,6.219117647058825,11.258564429874454,136.0,33.33442622950819,7.636065573770493,11.469279892860005,61.0,34.01617647058825,6.219117647058825,11.258564429874454,136.0,0.4185802234335813,-0.019490360968976484,-0.006481296119190133,-0.0010037577846180768,-0.006157550739594101,-0.13071895424836152,-0.03546691973944123,13.069998429313037,75.0,561000.0,373.0,4922.331573724747,113.97038001149711,2.9574389457702637,-11.395015716552734,-122.25997161865234,-0.547735333442688,-121.71223449707031,0.012317242100834846,0.012317242100834846,0.0,11.465042114257812,0.8216495513916016,0.855420708656311,-0.03377117961645126,0.03377117961645126,,,,,7.107429438829422,11.476685935182969,0.14697887946554228,-11.075879796346028,1.1300361702102613,0.011690861974595347,-123.79150187174479,2.222755996218619,-0.023226229420491455,-0.05164121265212695,0.34290340290330484,-0.00914131649443517,-123.73986053466797,2.277494114003176,-0.014084863715758298,0.012943894788622855,0.00040450231623311906,-4.5726819997767654e-05,0.012943894788622855,0.00040450231623311906,-4.5726819997767654e-05,0.0,0.0,0.0,11.215064430236817,1.1276208364542193,-0.010219664780528938,0.9212080558141073,0.07673627886903667,-0.002120002597006869,0.9681953549385071,0.07892189098437279,-0.002103799283173014,-0.04698729074249665,0.01373090482048591,-1.620401869692591e-05,0.04698729074249665,0.01373090482048591,1.620401869692591e-05
56.029228912700304,1.0,1500.0,0.0,110.0,1885.0,0.8735236706840258,1646.0,239.0,10.031989466754704,1.984677169227572,10697.67212743825,67.2,0.015753199868723335,33.855555555555554,4.133333333333331,11.279888827730025,126.0,33.4,9.025000000000002,11.512653609900077,16.0,33.855555555555554,4.133333333333331,11.279888827730025,126.0,0.42686550074888274,-0.01683363133004848,-0.003771567023585383,-0.0009675800746346559,-0.004481441699486813,-0.08984365676094694,-0.031369291817051746,13.433693831697108,110.0,562500.0,374.0,4936.599747180939,113.94482615715755,2.559877872467041,-10.699857711791992,-125.65006256103516,-0.30118849873542786,-125.348876953125,0.013167353346943855,0.013167353346943855,0.0,10.877345085144043,0.8568087816238403,0.91044020652771,-0.05363146960735321,0.05363146960735321,,,,,5.742539111773173,6.761517721152023,0.08315073433389111,-11.691403071085611,1.3804245739206955,0.008689022382454186,-124.81053746541342,2.4238125520651517,-0.060262082177350115,-0.028263892357548077,0.24102014901503468,-0.009798324241554647,-124.78227284749349,2.4231465270719683,-0.050463812873676996,0.012889798420170942,0.00025610116001922764,2.8000764540490422e-05,0.012889798420170942,0.00025610116001922764,2.8000764540490422e-05,0.0,0.0,0.0,11.81155440012614,1.3765901868062613,-0.006843859679972535,0.922192656993866,0.056387978984872376,-0.0024864870396021275,0.9734086414178212,0.055412531933612195,-0.0022509217792676664,-0.051215975234905876,0.014495893740953641,-0.00023556435201006182,0.051215975234905876,0.014495893740953641,0.00023556435201006182
54.81955861477625,1.0,1500.0,0.0,84.0,1910.0,0.6590223751225665,1258.0,652.0,10.363183614634634,2.2137329487407262,11379.346766248842,113.0,0.026945822205265167,32.7625,4.760937499999998,11.742919452024093,128.0,31.722727272727266,6.981818181818183,12.057160467263948,44.0,32.7625,4.760937499999998,11.742919452024093,128.0,0.4366079618343878,-0.018680431479983,-0.004748012256755031,-0.0006021857562098321,-0.005057838053450389,-0.09643398484243842,-0.035284753434685866,13.662862147118068,84.0,564000.0,375.0,4949.897006988525,113.94176468797534,4.801687240600586,-12.645919799804688,-126.67704010009766,0.028757885098457336,-126.70579528808594,0.012934045866131783,0.012934045866131783,0.0,12.838672637939453,0.9269026517868042,0.9866143465042114,-0.05971171334385872,0.05971171334385872,,,,,4.969761840502421,6.652446646602314,-0.21774375992966988,-11.797536818186442,1.2875295348147286,0.008185550447831601,-125.38857599894206,2.117334148538584,0.013294758865649688,0.04726626612246036,0.3249786564967437,-0.003967024716605604,-125.4358408610026,2.066201272640056,0.017261736809351638,0.01322905079772075,0.0001137625788992632,-8.305712075732442e-06,0.01322905079772075,0.0001137625788992632,-8.305712075732442e-06,0.0,0.0,0.0,11.927394167582195,1.2690540538295778,-0.008983255626097536,0.9378455599149068,0.07707530462188344,-0.0007447466038756056,0.9909357031186422,0.07513299320057225,-0.0009171072447525475,-0.05309015369663636,0.012463722717764235,0.00017235981335695784,0.05309015369663636,0.012463722717764235,-0.00017235981335695784
52.395712265601524,1.0,1500.0,0.0,52.0,2041.0,0.3772638337772166,769.0,1272.0,10.135942257120046,2.470178407077456,12851.242970811472,183.0,0.039853652162550636,33.51678832116789,5.966423357664232,11.442990761951087,137.0,33.211764705882345,7.174117647058823,11.51709282146092,85.0,33.51678832116789,5.966423357664232,11.442990761951087,137.0,0.42831273247086343,-0.01899431522525841,-0.006059832945577003,-0.0008094177279226266,-0.006800911854103406,-0.10516717325227799,-0.03539892292181991,13.662467562221796,52.0,565500.0,376.0,4962.7447681427,113.9490395778781,5.14125919342041,-11.838790893554688,-127.77750396728516,-0.7208805084228516,-127.05662536621094,0.014049049466848373,0.014049049466848373,0.0,11.949914932250977,0.7512269616127014,0.8109807968139648,-0.05975382775068283,0.05975382775068283,,,,,4.3777542074521385,3.9481783637821195,-0.11338293059118884,-11.871230602264404,1.3087566620543443,-0.0010926343177394843,-125.17801513671876,1.7610216889058783,-0.001271164059239351,0.05266493211189906,0.3563555829012708,0.00811030110209617,-125.23067957560221,1.7112421110479095,-0.009381522750427577,0.013481130947669347,0.0005048986841129853,5.58615708775457e-05,0.013481130947669347,0.0005048986841129853,5.58615708775457e-05,0.0,0.0,0.0,11.997847016652425,1.2911381052401036,0.0009271927219341456,0.9426081577936808,0.08393744058417744,0.0018803557776768045,0.9924221456050872,0.08280403330261493,0.0018686533902457652,-0.049813991288344066,0.010235448184561135,1.170238577351636e-05,0.049813991288344066,0.010235448184561135,-1.170238577351636e-05
48.35988351573115,1.0,1500.0,0.0,23.0,1997.0,0.1684565856156991,336.0,1661.0,10.138111672089583,2.3139137816298017,12531.946900763227,226.4,0.05040295649850839,33.52089552238805,7.417910447761191,11.492676927627354,134.0,33.41621621621621,7.933333333333333,11.510378001638092,111.0,33.52089552238805,7.417910447761191,11.492676927627354,134.0,0.4292122801720945,-0.017525722708193754,-0.007323559177077761,-0.0024423995176197045,-0.008240022968705178,-0.1302325581395361,-0.03485755903521248,13.743336875304843,23.0,567000.0,377.0,4974.47340464592,113.98191403947384,3.256685256958008,-13.242420196533203,-124.1693344116211,-0.2907754182815552,-123.87855529785156,0.013125278986990452,0.013125278986990452,0.0,13.485812187194824,0.8741418123245239,0.9128963947296143,-0.03875461220741272,0.03875461220741272,,,,,3.910450752576192,2.9931424167286855,-0.04488327792276934,-11.105414581298827,1.3830191840102575,-0.007874929493871084,-124.38607584635416,1.871118115870609,0.01559354211385287,0.09556696551541487,0.303367985709083,-0.0036998188311650622,-124.48164265950521,1.8449718066887049,0.019293494643573383,0.013719748891890048,0.00036308514782215363,-4.026048482127439e-05,0.013719748891890048,0.00036308514782215363,-4.026048482127439e-05,0.0,0.0,0.0,11.265186405181884,1.3809690495286018,0.011674744136076,0.9590039134025574,0.07161602836268735,-0.0006788413702314775,1.0023243208726247,0.07076184661310043,-0.0008608566773216381,-0.04332039983322223,0.011084587758106893,0.00018201567298910007,0.04332039983322223,0.011084587758106893,-0.00018201567298910007
53.27108659242329,1.0,1500.0,0.0,76.0,2007.0,0.5667905300080025,1137.0,870.0,10.04123426626184,2.260610574786568,11965.855581445066,150.6,0.03322742917659518,33.82388059701491,5.740298507462685,11.344466071086345,134.0,33.93103448275863,7.934482758620687,11.266072439780347,58.0,33.82388059701491,5.740298507462685,11.344466071086345,134.0,0.43247949129201635,-0.018744069135045834,-0.005049316982714208,-0.0008594230348872612,-0.0035314685314685582,-0.1080419580419549,-0.0345100839620458,13.871851444586115,76.0,568500.0,378.0,4987.763960599899,113.97893013598505,5.263883590698242,-11.643665313720703,-125.46989440917969,-0.028597071766853333,-125.44129943847656,0.013246754184365273,0.013246754184365273,0.0,11.796470642089844,0.9273272752761841,0.9733864068984985,-0.04605916887521744,0.04605916887521744,,,,,5.729835548003515,8.556497486315168,-0.23586674411516986,-11.239349683125814,1.2353311041283996,-0.003938245508110973,-125.33105494181315,1.9103160465088516,-0.03588319806023278,-0.056940726563334466,0.28666071953418154,-0.0006001295358174607,-125.27411448160807,1.8364867271421683,-0.03528304900953175,0.013097971460471551,0.0001513090057512266,1.278085503582139e-05,0.013097971460471551,0.0001513090057512266,1.278085503582139e-05,0.0,0.0,0.0,11.371349430084228,1.2416226415616278,0.005484049736591463,0.9207911709944407,0.06888747171786345,-0.00027973167888317317,0.9668267071247101,0.06604710428013086,-0.00013668694936396498,-0.046035542525351046,0.01085708582654786,-0.00014304363182243338,0.046035542525351046,0.01085708582654786,0.00014304363182243338
52.505855560302734,1.0,1500.0,0.0,10.0,1967.0,0.07341062029887475,144.0,1823.0,10.163804668626895,2.248064736185061,12526.184659194967,254.60000000000002,0.057680108744902585,33.43939393939394,7.671212121212122,11.49825235724942,132.0,33.377049180327866,7.939344262295081,11.510638435286005,122.0,33.43939393939394,7.671212121212122,11.49825235724942,132.0,0.42717930123037046,-0.01576595731837606,-0.005657071257324534,-0.003254394785523321,-0.006369008535784623,-0.11556139198949464,-0.032689334690148925,14.75340501078927,10.0,570000.0,379.0,4999.091579437256,114.02071575255368,1.8570390939712524,-10.028261184692383,-125.1933364868164,0.27653276920318604,-125.4698715209961,0.014381717890501022,0.014381717890501022,0.0,10.107552528381348,1.0009711980819702,1.045192003250122,-0.04422074928879738,0.04422074928879738,,,,,5.536891615390777,8.89941430706861,0.24544388309071405,-11.469166660308838,1.3572733132497237,-0.01893705234379064,-124.43857142130534,2.0822554452053605,-0.04712773408984964,0.06814735804994901,0.3803729489798448,-0.008580660639336974,-124.50671869913737,1.9531497557049537,-0.03854710427221205,0.013993150182068348,0.00026927576513230926,2.792111128668068e-05,0.013993150182068348,0.00026927576513230926,2.792111128668068e-05,0.0,0.0,0.0,11.610328833262125,1.3608554939967314,0.019142911908889015,0.956332141160965,0.0925038085118459,-0.0021461034245432963,0.9958035389582316,0.08901022492643952,-0.0019836254989743216,-0.039471394196152684,0.011515196250568042,-0.0001624774332836817,0.039471394196152684,0.011515196250568042,0.0001624774332836817
56.47603025087496,1.0,1500.0,0.0,123.0,2035.0,0.9001075536194068,1831.0,204.0,9.803585148196026,1.8707618091579719,10954.220389725973,35.4,0.007463001222751613,34.623357664233566,3.489051094890511,10.993309375291712,137.0,34.857142857142854,6.35714285714286,11.176822173745675,14.0,34.623357664233566,3.489051094890511,10.993309375291712,137.0,0.4169926903610548,-0.014951896159480026,-0.004146105944950748,-0.00049549659715843,-0.005470425186967122,-0.08120914178128477,-0.030042337184908337,12.843262612509852,123.0,571500.0,380.0,5014.015806674957,113.98049428547574,14.189737319946289,-10.651988983154297,-128.0094757080078,0.5849851965904236,-128.59446716308594,0.013186763040721416,0.013186763040721416,0.0,10.796162605285645,1.0544501543045044,1.1151500940322876,-0.0606999509036541,0.0606999509036541,,,,,4.383857840299607,4.009453543478581,-0.014136480847508332,-10.878361097971599,1.5511370141402958,-0.020196139640086482,-125.70122960408528,1.6929397011576919,0.038325398649869585,-0.07315881748994192,0.4435827621963648,0.01143332978376955,-125.62807083129883,1.7641753478954687,0.026891976124190545,0.013371492767085632,0.00036266231566121644,-3.56274289187787e-05,0.013371492767085632,0.00036266231566121644,-3.56274289187787e-05,0.0,0.0,0.0,11.016156419118245,1.5417057659136433,0.02034793913165495,0.9188163916269938,0.10055170236749689,0.0028890154385593225,0.9629388451576233,0.10285438676123994,0.002662817999571374,-0.04412245669712623,0.010541118991600922,0.0002261968128573784,0.04412245669712623,0.010541118991600922,-0.0002261968128573784
51.35589952695938,1.0,1500.0,0.0,63.0,1807.0,0.5227040577603754,944.0,863.0,10.419467088384927,2.07021433442311,10770.9710225804,115.60000000000001,0.029305886528418597,32.599999999999994,5.421487603305785,11.802151505275457,121.0,31.58275862068965,6.393103448275864,12.095996146590034,58.0,32.599999999999994,5.421487603305785,11.802151505275457,121.0,0.43539826481498534,-0.0183452790824687,-0.005040275617886528,-0.0012203680993453623,-0.005734310289901295,-0.12114261442072523,-0.0344516097201094,14.066999520781634,63.0,573000.0,381.0,5026.638321399689,113.9926852426585,1.8306496143341064,-13.041648864746094,-122.80532836914062,0.09118761867284775,-122.89651489257812,0.01324529480189085,0.01324529480189085,0.0,13.194818496704102,0.9760521650314331,1.00108802318573,-0.025035878643393517,0.025035878643393517,,,,,4.458374025424321,4.824317224723674,0.11276333407644963,-11.457005500793457,1.1659173769816458,-0.027804618046201365,-126.65820693969727,1.8727763385842762,-0.00550798324907268,0.07581181600689887,0.3010354220977872,0.010322449912417592,-126.73401819864908,1.8626760189239295,-0.015830348675717584,0.012980591071148713,0.00016688305094258792,3.7934378336479297e-06,0.012980591071148713,0.00016688305094258792,3.7934378336479297e-06,0.0,0.0,0.0,11.590593115488689,1.1822654935810144,0.0273942994063633,0.9487587650616963,0.0697999188156322,0.0023546464716366947,0.9974092384179433,0.06927994184630225,0.002380910187594982,-0.048650479254623256,0.010971762741488486,-2.6265397933087957e-05,0.048650479254623256,0.010971762741488486,2.6265397933087957e-05
51.791145767484394,1.0,1500.0,0.0,98.0,1881.0,0.7766216326885114,1460.0,421.0,9.8695384513487,1.960199962058418,11092.442351225618,88.0,0.02014006499748249,34.404724409448825,5.135433070866142,11.228305089149837,127.0,33.59310344827587,8.599999999999998,11.415733913385202,29.0,34.404724409448825,5.135433070866142,11.228305089149837,127.0,0.41669473794047945,-0.018935148900601006,-0.0044965072623258575,-0.0006520524436543674,-0.005932481153720035,-0.10561783021959638,-0.034092625676529625,13.347286759406986,98.0,574500.0,382.0,5040.562876224518,113.97536626510886,1.0218610763549805,-10.181233406066895,-128.71946716308594,-0.3003136217594147,-128.41915893554688,0.01290943007916212,0.01290943007916212,0.0,10.224132537841797,0.855370283126831,0.9109616875648499,-0.055591341108083725,0.055591341108083725,,,,,6.721418309211731,8.299875543356594,0.21439597084206655,-11.806534735361735,1.596769839169273,-0.0259704485883699,-126.98550313313802,1.5092007038060524,-0.035999013796793454,0.005135541409254074,0.33236277423400307,-0.019155548996933322,-126.99063822428386,1.5789498139275033,-0.01684349662602396,0.01335281872500976,0.00033838341680731505,-2.5262645506885648e-05,0.01335281872500976,0.00033838341680731505,-2.5262645506885648e-05,0.0,0.0,0.0,11.949195607503254,1.5922970096377562,0.02656940973640377,0.9331801871458689,0.07438227628902087,-0.004464156251065088,0.9813339273134868,0.07705394615299183,-0.004431737039457857,-0.048153746003905935,0.009269107867654792,-3.2418169851959985e-05,0.048153746003905935,0.009269107867654792,3.2418169851959985e-05
54.511277097516356,1.0,1500.0,0.0,113.0,1850.0,0.9163809320018104,1695.0,155.0,9.948778797698845,1.509161589812064,9882.349423931431,65.0,0.015348288075560802,34.15322580645162,4.2129032258064525,11.203362953662007,124.0,34.436363636363645,9.41818181818182,10.971884836234493,11.0,34.15322580645162,4.2129032258064525,11.203362953662007,124.0,0.42382360405681474,-0.01667148762383215,-0.003584157646572204,-0.0010572922735841762,-0.005891857579779472,-0.09667032142650696,-0.031835532442315316,13.39508811178444,113.0,576000.0,383.0,5054.837167024612,113.95025813245853,4.192317962646484,-12.370962142944336,-128.54275512695312,-0.1742609739303589,-128.36849975585938,0.01319896150380373,0.01319896150380373,0.0,12.471364974975586,0.8864449858665466,0.9397321343421936,-0.053287114948034286,0.053287114948034286,,,,,5.127139576276144,6.988173430258866,0.27109109626065636,-11.680330689748128,1.1762023329152864,0.001432615923006515,-127.5196139017741,2.630517431498199,0.10011020443994165,0.04852142507831256,0.2610733455013881,0.001481320212560983,-127.56813557942708,2.507112885759712,0.0986286982280701,0.013116676018883784,9.544774802448046e-05,9.612641913673112e-06,0.013116676018883784,9.544774802448046e-05,9.612641913673112e-06,0.0,0.0,0.0,11.807994079589843,1.1654184728126487,-0.00048417843488774353,0.9416446248690288,0.06802821761416195,0.0009869545797617527,0.9911965449651082,0.06028124700264478,0.0003408131000064568,-0.04955191823343436,0.014940256394653847,0.0006461413811324585,0.04955191823343436,0.014940256394653847,-0.0006461413811324585
46.90502773374319,1.0,1500.0,0.0,80.0,2080.0,0.5754087360637921,1196.0,884.0,9.73290780107093,2.6518968572263675,13238.076512059894,157.60000000000002,0.032477434777232826,34.91079136690647,6.364028776978415,11.003586587165824,139.0,34.24745762711865,8.128813559322033,11.196256371323564,59.0,34.91079136690647,6.364028776978415,11.003586587165824,139.0,0.4073724707130871,-0.017868986616275367,-0.005451220275432948,-0.0012348973243318689,-0.005392002518891718,-0.12751889168765287,-0.03284731382562328,12.436033195912612,80.0,577500.0,384.0,5068.502607584,113.93897659949644,1.0716116428375244,-12.986627578735352,-123.9522476196289,0.14810679852962494,-124.10035705566406,0.013021156191825867,0.013021156191825867,0.0,13.074213027954102,0.9878028035163879,1.014115333557129,-0.02631250023841858,0.02631250023841858,,,,,6.160953718423843,10.352561905014653,-0.01342317306160012,-11.778586419423421,1.1706627685719322,0.014196020132707864,-127.65495147705079,1.9004398771085038,0.04034922157432173,-0.013611448556184768,0.32802078713115196,0.004174943384325947,-127.64133911132812,1.8157163882017422,0.03617423697228936,0.01291289133951068,0.00017897911790579963,-8.887279824301103e-06,0.01291289133951068,0.00017897911790579963,-8.887279824301103e-06,0.0,0.0,0.0,11.940740521748861,1.14094088555449,-0.01411065047521924,0.9288897633552551,0.07796624816766451,0.0012438536485919983,0.97688480814298,0.07532555458700319,0.0009660315195365509,-0.04799504559487104,0.010750703407026467,0.000277819531297393,0.04799504559487104,0.010750703407026467,-0.000277819531297393
50.44442317923721,1.0,1500.0,0.0,49.0,1901.0,0.38341571880801917,728.0,1173.0,10.338820501520557,1.9246546891937282,11554.841614057184,193.20000000000002,0.04594530321046374,32.8515625,6.164062499999998,11.735445988177782,128.0,32.43291139240506,7.149367088607594,11.839871225185815,79.0,32.8515625,6.164062499999998,11.735445988177782,128.0,0.43532279237336485,-0.01981388164335106,-0.006568185560861497,-0.001321431630514036,-0.004816482466912298,-0.12236321462682266,-0.03767523065208249,14.133810711104585,49.0,579000.0,385.0,5081.003348112106,113.95387098399232,2.605128049850464,-13.387018203735352,-130.61355590820312,0.04282097518444061,-130.6563720703125,0.012214257381856441,0.012214257381856441,0.0,13.540599822998047,0.9270616769790649,0.9897210001945496,-0.06265929341316223,0.06265929341316223,,,,,8.46191447377205,10.79219379930616,0.3631052576129773,-11.312481753031413,1.3365324352188248,0.006148834992303988,-128.3214904785156,2.216723196653268,-0.1422390438160414,-0.13513526134192944,0.34933676730938196,-0.004483056322850691,-128.18635482788085,2.2621103656381654,-0.13775602686524116,0.01277461340650916,0.00035387270608385564,-3.967012928278767e-05,0.01277461340650916,0.00035387270608385564,-3.967012928278767e-05,0.0,0.0,0.0,11.441531340281168,1.3381089316699262,-0.0046998264792235634,0.8998712261517843,0.07868804085892343,-0.0017458415004912883,0.9490708788235982,0.08046753087368445,-0.001006865262720047,-0.04919964441408713,0.012927733559152476,-0.0007389762025488091,0.04919964441408713,0.012927733559152476,0.0007389762025488091
52.06501711631308,1.0,1500.0,0.0,49.0,1909.0,0.3838568729332728,732.0,1177.0,9.945263504451031,2.6246914182116057,12311.699033725947,189.20000000000002,0.04326153564732245,34.16718749999999,6.609375,11.300976847724733,128.0,33.95189873417721,8.349367088607593,11.363218336837003,79.0,34.16718749999999,6.609375,11.300976847724733,128.0,0.4203598109329886,-0.01960291839545405,-0.006604113601410521,-0.0008974097305050185,-0.006850039672044494,-0.09859825443004389,-0.036231212933645444,13.24018669378694,49.0,580500.0,386.0,5093.431802988052,113.97030969560656,3.848116159439087,-10.057334899902344,-125.83819580078125,-0.12123933434486389,-125.71695709228516,0.012646682560443878,0.012646682560443878,0.0,10.056493759155273,0.9203637838363647,0.952258288860321,-0.03189447522163391,0.03189447522163391,,,,,4.876736275355021,5.684787730559857,0.06795981675552173,-11.321557887395223,1.5490461281485177,0.07917851128753257,-127.1755246480306,1.9032947153180604,-0.06074651054067919,0.1405008789151907,0.28601542838801186,-0.013684825528748711,-127.31602528889974,1.8938834044880941,-0.04706165623479065,0.012599386430035034,0.0002912862364647692,2.8083135515815595e-05,0.012599386430035034,0.0002912862364647692,2.8083135515815595e-05,0.0,0.0,0.0,11.443142890930176,1.5640191495393376,-0.07999104000172197,0.9698456207911174,0.06534916440233929,-0.00331085781101658,1.0119957466920217,0.06513038992116892,-0.003101935097585142,-0.042150135586659115,0.01093154231539277,-0.0002089212017674586,0.042150135586659115,0.01093154231539277,0.0002089212017674586
54.68912185018308,1.0,1500.0,0.0,107.0,1949.0,0.8214275605239106,1600.0,349.0,9.807351242624756,2.2932202470870346,11504.925084281182,100.60000000000001,0.02218106451470653,34.62137404580151,4.31145038167939,11.026053984567922,131.0,33.59166666666667,8.050000000000004,11.396648953784023,24.0,34.62137404580151,4.31145038167939,11.026053984567922,131.0,0.41342889485101514,-0.01691796767187462,-0.0040972136479565146,-0.0012824412982250597,-0.004723282442748078,-0.08864503816793594,-0.030627445569396967,12.826241862433527,107.0,582000.0,387.0,5107.873483657837,113.9417414824495,1.3891758918762207,-9.693363189697266,-125.23190307617188,-0.15149009227752686,-125.08041381835938,0.013360795564949512,0.013360795564949512,0.0,9.865293502807617,0.918609619140625,0.9448956251144409,-0.026286067441105843,0.026286067441105843,,,,,7.920228646198908,9.74536009239261,0.01744273797556057,-11.968517303466797,1.4757955049951872,0.02127787300423859,-127.75130996704101,1.73434281193252,0.07005194811455406,-0.03359032645821571,0.33758167150666374,0.0024744717758542617,-127.71772079467773,1.7449740015210367,0.06757755979680187,0.01299397631858786,0.0003456613439812969,3.6488446273381856e-05,0.01299397631858786,0.0003456613439812969,3.6488446273381856e-05,0.0,0.0,0.0,12.073106638590495,1.4839969970189955,-0.019903780011101907,0.9297864615917206,0.07701987669987806,0.0010086588254892195,0.9723225017388661,0.07760527914808468,0.0005510004131626523,-0.0425360390295585,0.010344698804610026,0.0004576575611868226,0.0425360390295585,0.010344698804610026,-0.0004576575611868226
55.700422915545374,1.0,1500.0,0.0,66.0,1851.0,0.5282085457060043,977.0,874.0,10.293248274083902,2.0871378091260113,11137.780480317195,129.4,0.03137882535525486,32.99040000000001,5.2896,11.700653724235478,125.0,32.732203389830524,7.294915254237287,11.724735665204419,59.0,32.99040000000001,5.2896,11.700653724235478,125.0,0.43887636666268237,-0.017880905558157887,-0.005578293819022342,-0.0012567264988042222,-0.005651331225135215,-0.09417525247373067,-0.03525639990589872,14.248963599276095,66.0,583500.0,388.0,5120.713751792908,113.94895873562548,1.609735131263733,-12.07520866394043,-127.64920043945312,0.14538350701332092,-127.79458618164062,0.012513943016529083,0.012513943016529083,0.0,12.256108283996582,0.9730936288833618,1.013184905052185,-0.04009120538830757,0.04009120538830757,,,,,6.342933638890584,9.876788698840922,-0.11996531003839596,-11.730440107981364,1.5692167097962268,-0.05511147347387645,-128.9492965698242,2.167759008948085,-0.04282544298352063,-0.004701007902622223,0.27438681245838303,-0.005931603688087823,-128.94459482828776,2.170333501978614,-0.03689372876329231,0.0130165356832246,0.0002761274846001921,-2.9559274959285886e-05,0.0130165356832246,0.0002761274846001921,-2.9559274959285886e-05,0.0,0.0,0.0,11.875744024912516,1.5726653076592538,0.05608067857277655,0.9312809566656749,0.06347220460630607,-0.0015175447182873005,0.9789855440457662,0.06325030792071057,-0.001369218460312156,-0.04770457815999786,0.012516880326181222,-0.00014832624285020826,0.04770457815999786,0.012516880326181222,0.00014832624285020826
56.92061105825133,1.0,1500.0,0.0,118.0,1993.0,0.8828572855960818,1759.0,234.0,9.917532906370097,1.6158138518254612,10491.340974339393,42.2,0.009194300405246415,34.25223880597015,3.6477611940298496,11.135543996783218,134.0,32.575,6.625,11.571524235145764,16.0,34.25223880597015,3.6477611940298496,11.135543996783218,134.0,0.4184733372265486,-0.014053226720948615,-0.0033738362305856546,-0.0006427889939205391,-0.004809268772543408,-0.08350639414143335,-0.028989259887115308,13.02114067328433,118.0,585000.0,389.0,5135.332340717316,113.91667786749042,1.4976062774658203,-8.847816467285156,-129.2296142578125,-0.02621728926897049,-129.20339965820312,0.01296524703502655,0.01296524703502655,0.0,9.089014053344727,0.9276667833328247,0.9739667177200317,-0.04629997909069061,0.04629997909069061,,,,,3.5955775062243145,2.6172795008626166,0.008203466185207918,-11.558552392323811,1.2822553558435674,0.032193800021332014,-127.90132217407226,1.6120261298924685,0.021934088345233842,0.007211282725135485,0.25760469853107204,0.0011775514299466473,-127.90853347778321,1.6349792501855145,0.020756544340176108,0.01278249016031623,0.00016741803275001523,1.5637047539099125e-05,0.01278249016031623,0.00016741803275001523,1.5637047539099125e-05,0.0,0.0,0.0,11.703031508127848,1.2593619124114823,-0.032833428006283805,0.9419327815373738,0.05823635294781908,0.00045414013379936103,0.9816832065582275,0.05903724310658293,0.00026977574069452295,-0.03975042955329021,0.009532969943045942,0.00018436353077679038,0.03975042955329021,0.009532969943045942,-0.00018436353077679038
55.685003322524,1.0,1500.0,0.0,111.0,1852.0,0.8929741331352742,1653.0,199.0,9.832369992298469,2.041987340735804,10273.847936696893,64.8,0.01499652858134691,34.568000000000005,3.8320000000000007,11.032922760028123,125.0,32.05714285714286,6.6428571428571415,11.867355821084388,14.0,34.568000000000005,3.8320000000000007,11.032922760028123,125.0,0.4136606056744419,-0.015242656245458971,-0.0039206922133816335,-0.0011715794246361507,-0.004076352555625841,-0.08840338067038159,-0.028264756327028656,12.973250368273646,111.0,586500.0,390.0,5149.692713499069,113.89029066969124,4.3185272216796875,-12.812873840332031,-129.49932861328125,-0.1174255758523941,-129.38189697265625,0.012421284802258015,0.012421284802258015,0.0,12.819533348083496,0.9078649878501892,0.9532405138015747,-0.04537554457783699,0.04537554457783699,,,,,3.9795210202534994,3.174146926573281,0.07009259087092616,-11.649530442555745,1.2461417548073486,0.013559290723620464,-128.5623992919922,1.5065423293351485,-0.00522496580944691,0.0031960092484951018,0.25404907133131427,-0.007405239643655449,-128.56559473673502,1.5306422055428963,0.0021804096701459855,0.01290959504743417,0.00021408905382488865,-2.1294285196218634e-05,0.01290959504743417,0.00021408905382488865,-2.1294285196218634e-05,0.0,0.0,0.0,11.802838071187336,1.2462266990654722,-0.014425694823133035,0.9391373455524444,0.05742368996384115,-0.0016190877480554721,0.9807487944761912,0.05848518072515844,-0.0016967096503770285,-0.0416114376236995,0.008854626792540102,7.762031026756447e-05,0.0416114376236995,0.008854626792540102,-7.762031026756447e-05
47.755562671025594,1.0,1500.0,0.0,60.0,2076.0,0.42853454123279855,889.0,1187.0,10.011036702007207,2.4898253077711745,13174.695120022741,167.4,0.035245073269327944,33.92571428571428,6.010000000000001,11.276428724371518,140.0,32.66500000000001,6.794999999999999,11.622144682518135,80.0,33.92571428571428,6.010000000000001,11.276428724371518,140.0,0.40414363366177586,-0.0178764653309961,-0.005524602460932179,-0.0008710251439676547,-0.003210005211047438,-0.12414799374673961,-0.032281462236758374,12.536782757286634,60.0,588000.0,391.0,5162.883162021637,113.88985215186548,1.5181381702423096,-12.716014862060547,-128.07359313964844,0.605836033821106,-128.67942810058594,0.012244668789207935,0.012244668789207935,0.0,12.864775657653809,1.0781893730163574,1.1175940036773682,-0.039404552429914474,0.039404552429914474,,,,,3.9449563026428223,3.347852385697793,0.053759864652249634,-11.779976844787598,1.4875892702274507,0.008153713001425407,-128.39469223022462,1.587051735637089,-0.008217227923058937,-0.07366149127483368,0.3258240522636787,0.005920158368063983,-128.32102966308594,1.4957678670185732,-0.014137391969807737,0.012102443942179282,0.0001474439676854237,-1.1532556667542974e-05,0.012102443942179282,0.0001474439676854237,-1.1532556667542974e-05,0.0,0.0,0.0,11.906921768188477,1.4905006378385506,-0.00969678392930098,0.9250273883342743,0.07593531478273272,0.0013327155813359207,0.9632983048756917,0.07382682096280369,0.001350143754044664,-0.03827093088378509,0.008579115837681487,-1.7426165858815464e-05,0.03827093088378509,0.008579115837681487,1.7426165858815464e-05
52.038174053517785,1.0,1500.0,0.0,41.0,2005.0,0.30483766302693655,611.0,1394.0,10.091578471470264,2.1680850661946742,12223.695192761583,187.60000000000002,0.041585387480049654,33.66567164179105,6.692537313432836,11.406777229693866,134.0,33.54408602150538,7.763440860215054,11.417938866927294,93.0,33.66567164179105,6.692537313432836,11.406777229693866,134.0,0.42814802528573703,-0.017955725473922556,-0.0061781106913022235,-0.0019842828020843663,-0.003229434447300774,-0.11233933161953638,-0.03528530221421794,13.908455392212252,41.0,589500.0,392.0,5175.184292793274,113.90898693615817,9.708412170410156,-11.790800094604492,-131.31549072265625,-0.2980589270591736,-131.01742553710938,0.012533889152109623,0.012533889152109623,0.0,12.083944320678711,0.8610635995864868,0.9119365215301514,-0.05087284371256828,0.05087284371256828,,,,,3.671511556704839,3.3998656087671577,0.008570246768077081,-11.697213665644329,1.3430358547527712,0.03858551973760873,-129.24169184366863,1.8566357769591195,-0.03595051325202734,-0.06055761029322942,0.3150424940654861,-0.008660406305209157,-129.18113505045574,1.7822494584009987,-0.0272900132634344,0.012371645495295524,8.524582106658597e-05,5.856900992860125e-06,0.012371645495295524,8.524582106658597e-05,5.856900992860125e-06,0.0,0.0,0.0,11.83794412612915,1.3633160283859058,-0.040236859645143626,0.9249242683251698,0.0738583386196441,-0.002063170489798139,0.9662073373794555,0.07173984455912817,-0.001970947332456461,-0.041283057816326615,0.010166606993125767,-9.222206544624037e-05,0.041283057816326615,0.010166606993125767,9.222206544624037e-05
55.56834004720052,1.0,1500.0,0.0,15.0,1881.0,0.1131236839775031,212.0,1669.0,10.229464146932385,2.3173866592203987,11972.393143518337,210.60000000000002,0.04991940836256756,33.21889763779529,7.162204724409448,11.54945881494377,127.0,33.085714285714296,7.658928571428569,11.58407808113861,112.0,33.21889763779529,7.162204724409448,11.54945881494377,127.0,0.42389012281356664,-0.013742420058528729,-0.00569703599763181,-0.0009257429886572829,-0.004222899434044398,-0.0902046147148458,-0.03200054534112268,13.135573464714481,15.0,591000.0,393.0,5186.513295650482,113.9493849356609,2.398566246032715,-10.089546203613281,-126.29182434082031,0.3143636882305145,-126.60618591308594,0.011910703033208847,0.011910703033208847,0.0,10.206930160522461,1.027249813079834,1.0509523153305054,-0.023702487349510193,0.023702487349510193,,,,,6.975972161690394,10.24661631123858,-0.024666602977523662,-11.532020155588786,1.4513787791058907,0.03804584859608302,-129.31953023274738,1.743884034707081,0.05070160217624925,-0.10942548153301081,0.329582425717764,0.007806807556692039,-129.2101058959961,1.7002702019470701,0.0428948865981747,0.012075687355051438,0.00037063880018284,-4.0456652434105975e-05,0.012075687355051438,0.00037063880018284,-4.0456652434105975e-05,0.0,0.0,0.0,11.646570364634195,1.4617530836797974,-0.037721154634096046,0.9156699081261953,0.07557196015299376,0.002084073222121065,0.9551876505215963,0.07445767729848432,0.0017744543289846247,-0.03951773848384619,0.009864986166730302,0.0003096193932949913,0.03951773848384619,0.009864986166730302,-0.0003096193932949913
49.09922437551545,1.0,1500.0,0.0,82.0,1936.0,0.6310157715765643,1221.0,715.0,9.745674190907492,2.1641570497552842,11545.00222445528,134.6,0.029706466563672478,34.85384615384616,6.06,11.015251992937234,130.0,33.658333333333324,8.35,11.420185522704443,48.0,34.85384615384616,6.06,11.015251992937234,130.0,0.4046334194744798,-0.01623402749160339,-0.0041232766014949775,-0.001367868932865523,-0.0052442748091603335,-0.11816793893129361,-0.03115983953897247,12.621124999659184,82.0,592500.0,394.0,5200.34178686142,113.9348189568889,0.7534669637680054,-13.881279945373535,-130.1443328857422,-0.4100775420665741,-129.7342529296875,0.012199228629469872,0.012199228629469872,0.0,14.067419052124023,0.8472782373428345,0.8869348168373108,-0.03965658321976662,0.03965658321976662,,,,,3.955769250790278,4.839540228351918,0.04352245406393738,-11.469985389709473,1.5184600122792073,-0.006588412020707451,-129.6827033996582,1.6612216722740405,-0.028473098975530624,0.08133616782724858,0.30604537819485417,-0.012353787620917586,-129.76403935750326,1.5837358553715999,-0.01611927104605772,0.012325232879569133,0.00014534238422360524,-6.233527634844255e-06,0.012325232879569133,0.00014534238422360524,-6.233527634844255e-06,0.0,0.0,0.0,11.579234472910564,1.5347018958674286,0.005830089878849865,0.9576887547969818,0.07136048743711688,-0.0028336245305546313,0.9984444320201874,0.06953121742966502,-0.002805866110444238,-0.04075567219406366,0.009007813445914831,-2.775847025058099e-05,0.04075567219406366,0.009007813445914831,2.775847025058099e-05
54.68085200339556,1.0,1500.0,0.0,32.0,1991.0,0.23982570867509495,477.0,1514.0,10.25426181481666,2.4202916816016367,12774.78515798761,192.0,0.043549265106151334,33.14887218045115,6.711278195488721,11.613214176138879,133.0,33.186138613861395,7.605940594059404,11.578151168231972,101.0,33.14887218045115,6.711278195488721,11.613214176138879,133.0,0.44280708016282894,-0.01718689679895732,-0.005284009613365883,-0.0029312599867939233,-0.004431721798134018,-0.10551314673452182,-0.03558708918188159,14.613574774246176,32.0,594000.0,395.0,5212.335657596588,113.96042753583791,1.8903894424438477,-10.99606990814209,-130.456787109375,0.1370181292295456,-130.59381103515625,0.012421988882124424,0.012421988882124424,0.0,11.163032531738281,0.9685910940170288,1.0112241506576538,-0.04263310879468918,0.04263310879468918,,,,,3.258224316438039,2.8716331151627883,-0.025481094003917164,-11.185586007436116,1.1996356475864036,0.0067686836234193215,-130.27245686848957,1.7161560247454486,0.04145793299521419,-0.06662838173409304,0.28411854628081235,0.004675824665884025,-130.20582834879556,1.6551734720841682,0.03678228019740227,0.012349918050070604,0.0001279138702523727,9.529036081274392e-06,0.012349918050070604,0.0001279138702523727,9.529036081274392e-06,0.0,0.0,0.0,11.321133867899578,1.2267494517564659,-0.005141494801896033,0.9234844326972962,0.06666029033325653,0.001333177288594295,0.9648384948571523,0.06465965179330141,0.0010598152047136893,-0.04135405415048202,0.009547765519846107,0.00027336126879205796,0.04135405415048202,0.009547765519846107,-0.00027336126879205796
52.61410137729825,1.0,1500.0,0.0,106.0,2075.0,0.7640640001129448,1585.0,490.0,9.938290614174424,2.3541423687824947,12213.586166258207,102.60000000000001,0.02159181783745107,34.18561151079135,4.971223021582736,11.142520752707211,139.0,32.49696969696971,7.951515151515153,11.767249497692514,33.0,34.18561151079135,4.971223021582736,11.142520752707211,139.0,0.4153991700852304,-0.016467996487610596,-0.0041629174395292875,-0.001049011950295696,-0.004165155362108594,-0.10363922137588785,-0.030435527706453597,12.744863379479984,106.0,595500.0,396.0,5226.87090587616,113.93049698827002,1.000850796699524,-12.091592788696289,-132.64476013183594,0.07522086799144745,-132.71998596191406,0.013894863426685333,0.013894863426685333,0.0,12.292717933654785,0.9448078274726868,0.9975903034210205,-0.052782490849494934,0.052782490849494934,,,,,5.2761798858642575,5.343168132835012,-0.11482126248691721,-11.45326935450236,1.5104826418917365,0.0002496439304715541,-131.07146428426105,2.150299612406683,-0.10904141639310397,0.022278376047809918,0.3239225901744383,-0.006537485226276062,-131.09374135335287,2.13674891963844,-0.10250409797778566,0.013399456565578779,0.00045553872049190763,5.0249167441393385e-05,0.013399456565578779,0.00045553872049190763,5.0249167441393385e-05,0.0,0.0,0.0,11.58272975285848,1.4968725353110877,-0.0013744279990873522,0.9405681649843852,0.07540435961582408,-0.0020125983421741787,0.9850517908732096,0.07496462628915058,-0.0014944310448193865,-0.04448362377782663,0.011914600058581588,-0.0005181689499084884,0.04448362377782663,0.011914600058581588,0.0005181689499084884
54.81452837723952,1.0,1500.0,0.0,65.0,2074.0,0.4674498520806338,969.0,1105.0,10.38010607709255,2.3639308985748104,12581.202854598194,142.8,0.03139427516158818,32.723741007194256,5.339568345323741,11.762449802076794,139.0,31.821621621621624,6.883783783783785,11.997194424428805,74.0,32.723741007194256,5.339568345323741,11.762449802076794,139.0,0.43006562460697106,-0.01756999129504227,-0.005310075182148679,-0.0011017871264512617,-0.005745957490084464,-0.09470151530560168,-0.0350762127990857,13.885030934787617,65.0,597000.0,397.0,5239.8759553432465,113.93399482887044,1.6106743812561035,-11.547445297241211,-129.53973388671875,0.22309063374996185,-129.7628173828125,0.013379206880927086,0.013379206880927086,0.0,11.76500415802002,0.9975882172584534,1.0317116975784302,-0.03412342816591263,0.03412342816591263,,,,,4.77015544573466,5.513471886655304,0.06682336402018943,-11.637090810139973,1.569115297552391,0.05847994260183334,-131.37855784098306,2.047433005504498,0.052795688514585395,0.03154574036598205,0.28647611954543156,0.0053042438855028075,-131.41010437011718,2.03081159088109,0.04749152297040442,0.013847846041123072,0.0002360719416308334,-1.7865627457091265e-05,0.013847846041123072,0.0002360719416308334,-1.7865627457091265e-05,0.0,0.0,0.0,11.782594648996989,1.5681570592718903,-0.056790005192741105,0.9429254571596781,0.06773881045971501,0.0015581732464578979,0.9872885644435883,0.06678293485884226,0.0012254707407500333,-0.044363108649849894,0.011626890912533657,0.00033270301291091377,0.044363108649849894,0.011626890912533657,-0.00033270301291091377
51.31103394203579,1.0,1500.0,0.0,97.0,2089.0,0.6898844162800197,1441.0,648.0,9.777027028559845,2.555903356922614,12994.380109946516,130.4,0.02663616308521938,34.72056737588653,5.59148936170213,11.05238258215028,141.0,33.89545454545455,8.359090909090911,11.331677246797225,44.0,34.72056737588653,5.59148936170213,11.05238258215028,141.0,0.4100916052626741,-0.015582998060908832,-0.003992636074119571,-0.001211621286859127,-0.004271717831482728,-0.10988896146309202,-0.030425181846673876,12.685878660173616,97.0,598500.0,398.0,5254.1407968997955,113.91015641475477,9.7879638671875,-11.52670669555664,-130.64047241210938,0.08980421721935272,-130.7302703857422,0.013556217774748802,0.013556217774748802,0.0,11.729525566101074,0.9631813168525696,1.000880479812622,-0.03769921511411667,0.03769921511411667,,,,,5.967288746436437,8.08855811991287,-0.34063751682954063,-11.540758721033733,1.2890253843837964,0.016960902208746343,-131.4952407836914,1.9599555176864076,-0.040788236794137345,0.031783830374479294,0.27651258453399774,-0.0008338674538260214,-131.5270253499349,1.9660681639079092,-0.03995446872392738,0.013568524985263746,8.220477816252189e-05,2.444661673037691e-06,0.013568524985263746,8.220477816252189e-05,2.444661673037691e-06,0.0,0.0,0.0,11.66402800877889,1.2692023317745058,-0.015198522149787567,0.9442504028479258,0.06419319111006448,-0.00035343118451198644,0.98736678759257,0.06429438783301787,-0.00019133624033352368,-0.04311638673146566,0.011022765456414235,-0.00016209727300287374,0.04311638673146566,0.011022765456414235,0.00016209727300287374
48.63454439000385,1.0,1500.0,0.0,82.0,2038.0,0.6006641453097011,1224.0,814.0,9.986356363380409,2.4126428407621763,12528.487865833238,157.0,0.033686649787581,34.018978102189806,5.63941605839416,11.283131830832575,137.0,32.43636363636364,6.8472727272727285,11.698471426729032,55.0,34.018978102189806,5.63941605839416,11.283131830832575,137.0,0.410563721279104,-0.017392707576447564,-0.005011041259681336,-0.001075327238368601,-0.005443439263898575,-0.12247738343771317,-0.033140159913499515,12.986203168564819,82.0,600000.0,399.0,5267.838389635086,113.89871055660142,3.037421703338623,-12.521535873413086,-132.51129150390625,-0.05558818578720093,-132.45570373535156,0.013748564757406712,0.013748564757406712,0.0,12.743799209594727,0.9215091466903687,0.9670329689979553,-0.045523811131715775,0.045523811131715775,,,,,8.905665979782741,12.023894905961132,-0.16668284014944812,-11.1510773340861,1.4240354919948202,-0.029117497665863353,-132.39774271647136,2.251254453123492,0.017107787678586273,-0.027591577420632046,0.2565315375792146,-0.007205771781645044,-132.3701499938965,2.226652182253924,0.024313566655552708,0.013738991009692352,0.00015710693474344157,1.4969972153924242e-05,0.013738991009692352,0.00015710693474344157,1.4969972153924242e-05,0.0,0.0,0.0,11.284693638483683,1.4213088513879344,0.028746998588553327,0.9275468945503235,0.06150063498936915,-0.0014812210643119286,0.9735121190547943,0.0598373285347335,-0.0016820448391694802,-0.0459652263050278,0.01261515788366455,0.00020082310646010127,0.0459652263050278,0.01261515788366455,-0.00020082310646010127
