episode_reward,episode_success,episode_length,episode_terminated,num_trajectories,scenario_total_flow_vph,scenario_cav_penetration,scenario_cav_flow_vph,scenario_hdv_flow_vph,avg_speed,avg_jerk,total_fuel_mL,tet_seconds,tet_rate,trip50_avg_time_s,trip50_avg_stop_time_s,trip50_avg_speed_mps,trip50_num_completed,trip50_hdv_avg_time_s,trip50_hdv_avg_stop_time_s,trip50_hdv_avg_speed_mps,trip50_hdv_num_completed,trip50_mix_avg_time_s,trip50_mix_avg_stop_time_s,trip50_mix_avg_speed_mps,trip50_mix_num_completed,r_speed_mean,r_accel_mean,r_jerk_mean,r_safety_mean,r_lc_mean,r_idle_mean,r_energy_mean,r_terminal_mean,num_terminals,step,episode,elapsed_time,steps_per_second,critic_loss,actor_loss,alpha_loss,alpha_acc_loss,alpha_lane_loss,alpha,alpha_acc,alpha_lane,q_mean,logp_mean,logp_acc_mean,logp_lane_mean,lane_entropy_mean,attn_gate_mean_actor,attn_ego_weight_actor,attn_gate_mean_q1,attn_ego_weight_q1,critic_loss_mean,critic_loss_std,critic_loss_slope,actor_loss_mean,actor_loss_std,actor_loss_slope,alpha_loss_mean,alpha_loss_std,alpha_loss_slope,alpha_acc_loss_mean,alpha_acc_loss_std,alpha_acc_loss_slope,alpha_lane_loss_mean,alpha_lane_loss_std,alpha_lane_loss_slope,alpha_mean,alpha_std,alpha_slope,alpha_acc_mean,alpha_acc_std,alpha_acc_slope,alpha_lane_mean,alpha_lane_std,alpha_lane_slope,q_mean_mean,q_mean_std,q_mean_slope,logp_mean_mean,logp_mean_std,logp_mean_slope,logp_acc_mean_mean,logp_acc_mean_std,logp_acc_mean_slope,logp_lane_mean_mean,logp_lane_mean_std,logp_lane_mean_slope,lane_entropy_mean_mean,lane_entropy_mean_std,lane_entropy_mean_slope
-7629.401680469513,0.0,1500.0,0.0,51.0,1942.0,0.9054173266933417,1758.0,184.0,2.5166701691898656,9.409941246302138,1573.0713032823387,18.2,0.016795865633074936,135.45,94.50000000000001,4.852668093473616,8.0,76.06666666666666,45.933333333333344,8.079896966736243,3.0,135.45,94.50000000000001,4.852668093473616,8.0,-0.008226039850557707,-0.026145453118699417,-0.0606988035389431,-0.0018351129785287744,-0.055811317262733105,-0.7261185397672747,-0.0038279063281840883,1.397981731597229,5.0,1500.0,0.0,20.574249982833862,72.90666737555566,,,,,,,,,,,,,,,,,,,,,,,,,,,,,,,,,,,,,,,,,,,,,,,,,,,,,,,,
-5967.957394450903,0.0,1500.0,0.0,32.0,2052.0,0.31864202907271094,653.0,1399.0,3.4481483600980747,6.236438371506389,8883.405408756238,306.40000000000003,0.06092177993398815,98.6156862745098,58.01176470588235,5.528952276377528,51.0,90.59166666666665,50.475,5.7767978928362,48.0,98.6156862745098,58.01176470588235,5.528952276377528,51.0,-0.005452975035593775,-0.026324857168708637,-0.060401748618918116,-0.00109182298066725,-0.05455602383373528,-0.7153320738261465,-0.004198349180036753,0.3319165843399748,4.0,3000.0,1.0,32.567092418670654,92.11752653362771,,,,,,,,,,,,,,,,,,,,,,,,,,,,,,,,,,,,,,,,,,,,,,,,,,,,,,,,
-9735.578910827637,0.0,1500.0,0.0,27.0,2044.0,0.26312945593648973,537.0,1507.0,4.786258491115044,7.071370543742819,9466.00246648261,379.6,0.08761482712459032,71.02622950819674,29.518032786885247,6.348561724987733,61.0,64.31864406779663,23.071186440677966,6.520345384622296,59.0,71.02622950819674,29.518032786885247,6.348561724987733,61.0,-0.005966133892071437,-0.026608681815265416,-0.06151038613203666,-0.0012555989240313143,-0.053880344919548094,-0.7121344119474705,-0.00411789439310892,0.1320181100378211,2.0,4500.0,2.0,42.742403984069824,105.28186485900883,,,,,,,,,,,,,,,,,,,,,,,,,,,,,,,,,,,,,,,,,,,,,,,,,,,,,,,,
-15940.392742156982,0.0,1500.0,0.0,40.0,2018.0,0.5101947975329254,1029.0,989.0,3.181639258421684,6.6458159083023505,4358.337965315636,143.4,0.055919513336452974,106.84999999999998,63.99166666666665,5.164356020191771,24.0,90.96363636363635,48.309090909090905,5.522471095435408,22.0,106.84999999999998,63.99166666666665,5.164356020191771,24.0,-0.010291290555745222,-0.026325234731946853,-0.061103383113716214,-0.0015012821504445284,-0.055671508877366174,-0.7286469638778024,-0.003674171587208067,0.17821175611675555,2.0,6000.0,3.0,55.97160243988037,107.19721677514337,,,,,,,,,,,,,,,,,,,,,,,,,,,,,,,,,,,,,,,,,,,,,,,,,,,,,,,,
-7857.1436756134035,0.0,1500.0,0.0,49.0,2001.0,0.7771467107628444,1555.0,446.0,2.2879205523581487,8.621089236914903,2558.690303788742,46.400000000000006,0.025979843225083985,148.83333333333334,106.09999999999998,4.605693654431536,12.0,97.11428571428573,58.94285714285713,6.209702344275029,7.0,148.83333333333334,106.09999999999998,4.605693654431536,12.0,-0.011352402970991706,-0.025435819324470192,-0.05986136249556675,-0.0016409963426370613,-0.05649775234978959,-0.7337601598324336,-0.0035193318011450493,1.2601074479584686,5.0,7500.0,4.0,70.50226998329163,106.37955347788701,,,,,,,,,,,,,,,,,,,,,,,,,,,,,,,,,,,,,,,,,,,,,,,,,,,,,,,,
-2051.163548382846,0.0,1500.0,0.0,41.0,1933.0,0.35894378283200457,693.0,1240.0,3.584939259923844,8.641034317971327,8821.757609626437,279.40000000000003,0.05775113683340223,94.86274509803921,49.65882352941176,5.675038580778272,51.0,65.77560975609757,22.848780487804877,6.65686066585149,41.0,94.86274509803921,49.65882352941176,5.675038580778272,51.0,0.01810645547350097,-0.028381802691432798,-0.0595941681285161,-0.0019315688610021184,-0.05697930574097273,-0.617783711615218,-0.006635626395355679,0.2786143015105645,11.0,9000.0,5.0,90.92529606819153,98.9823557269502,0.1262902021408081,-5.869600772857666,-1.1236001253128052,-0.5312060117721558,-0.5923941135406494,0.720059335231781,0.720059335231781,0.7189733982086182,4.574520111083984,-1.7360531091690063,-0.6389099359512329,-1.0971431732177734,1.0971431732177734,,,,,0.12150570924083391,0.04283713788237222,-0.0023770170379533717,-4.56602033774058,0.8391218970066772,-0.09638874931250578,-0.38575425640059013,0.44630983418252484,-0.05156316191623108,-0.18415386966856506,0.2130293383330507,-0.024610331758649073,-0.20160038492952784,0.23328866158136252,-0.026952829934424574,0.9014181077480317,0.11651905964157956,-0.013438368307735326,0.9014181077480317,0.11651905964157956,-0.013438368307735326,0.9011619031429291,0.11678425531429212,-0.013469962376243426,2.9750923117001853,1.0414287753006537,0.11972827473790015,-1.7731111327807108,0.01284529745464355,0.0009617642910780718,-0.675432805220286,0.012522809574709108,0.0009027587160783128,-1.0976783434549968,0.0005666234112513365,5.900629105107588e-05,1.0976783434549968,0.0005666234112513365,-5.900629105107588e-05
-205.5912150007028,0.0,1500.0,0.0,120.0,2084.0,0.8574924208726179,1787.0,297.0,3.94943799324033,6.184710426398987,18417.624344215143,398.0,0.038202376610162986,86.10082644628098,43.32561983471076,4.864022552882021,121.0,82.6842105263158,39.726315789473674,4.754540932291806,19.0,86.10082644628098,43.32561983471076,4.864022552882021,121.0,0.12303095811023347,-0.021986547997054955,-0.036517655208878175,-0.0024725547117391473,-0.05936828447468743,-0.4262255200095212,-0.017164050416870275,3.4294410921443665,104.0,10500.0,6.0,115.31799030303955,91.05257533891692,0.2738134562969208,-7.707130432128906,-2.394789695739746,-1.0009371042251587,-1.393852710723877,0.46951791644096375,0.46951791644096375,0.45858249068260193,6.66587495803833,-1.4329397678375244,-0.3443806767463684,-1.0885591506958008,1.0885591506958008,,,,,0.2946273485819499,0.23619871080581695,0.010640066802435377,-7.02288834253947,0.5657464861467674,-0.059201099238750915,-1.833057411511739,0.37327681829220527,-0.04301159946751408,-0.824259485801061,0.14248225202611747,-0.01616599091698516,-1.0087979356447856,0.23236292554462398,-0.026845609332881323,0.5799528410037359,0.0715571738847913,-0.008249249891921877,0.5799528410037359,0.0715571738847913,-0.008249249891921877,0.5747113525867462,0.07444189390097802,-0.008586181509614144,5.954554382960001,0.6700881250257151,0.07085087588419496,-1.6261380950609843,0.08829296585192281,0.00944162536913883,-0.5308835397164027,0.08735781363399167,0.009336306593972424,-1.0952545762062074,0.0016876212662957474,0.00010531892765884901,1.0952545762062074,0.0016876212662957474,-0.00010531892765884901
9.193461087275677,1.0,1500.0,0.0,127.0,2016.0,0.9385491590041329,1892.0,124.0,9.144687305218696,5.57992974538067,14970.697142720004,327.20000000000005,0.06471263003836873,37.1779411764706,10.000000000000002,10.12392324421157,136.0,36.95555555555555,9.799999999999999,10.100581911644602,9.0,37.1779411764706,10.000000000000002,10.12392324421157,136.0,0.3865565232989344,-0.02483337515566906,-0.035720184392902615,-0.005764558186379551,-0.05083380708736591,-0.24028804244838947,-0.04199973186423811,11.334705502751847,127.0,12000.0,7.0,130.99553656578064,91.60617464224887,4.555068016052246,-10.593705177307129,-3.3918538093566895,-1.2024270296096802,-2.1894266605377197,0.3183966875076294,0.3183966875076294,0.2925545871257782,10.210683822631836,-1.1526362895965576,-0.07088533043861389,-1.0817509889602661,1.0817509889602661,,,,,1.1848144064346948,1.1608886264606622,0.044741638397613546,-9.696944904327392,1.1858550419600105,-0.11838994052704498,-2.932455309232076,0.2718195292528329,-0.03060584248637194,-1.1200340886910756,0.06831612047940797,-0.003840397528732156,-1.812421198685964,0.2317000096054111,-0.026765444360930306,0.38573261400063835,0.043036215586985914,-0.00496399713570338,0.38573261400063835,0.043036215586985914,-0.00496399713570338,0.366622789700826,0.04746919691876822,-0.005475192101831839,8.908590332667034,1.2252296727972798,0.12443280469323675,-1.292483107248942,0.12276248705197648,0.012150898658659124,-0.20061323270201684,0.12142646349579969,0.012071885119655384,-1.0918698867162069,0.003850050049952106,7.901573605480645e-05,1.0918698867162069,0.003850050049952106,-7.901573605480645e-05
20.97742553949356,1.0,1500.0,0.0,40.0,1926.0,0.3081354881787998,593.0,1333.0,9.893776623912872,4.1152619834201705,13776.19011315696,286.0,0.06454233616176205,34.35038759689922,9.066666666666666,11.211269016284616,129.0,34.555056179775264,9.233707865168542,11.147416608146623,89.0,34.35038759689922,9.066666666666666,11.211269016284616,129.0,0.43415186259065447,-0.025738637544945677,-0.03012493358010968,-0.004981302410744255,-0.05034195162635532,-0.23072560467055142,-0.04469870182355973,13.852258235035649,40.0,13500.0,8.0,143.40303659439087,94.14026592884606,2.321126937866211,-10.629091262817383,-4.16109037399292,-1.1597342491149902,-3.0013561248779297,0.21723397076129913,0.21723397076129913,0.18673713505268097,9.894338607788086,-0.8686330318450928,0.22028091549873352,-1.088913917541504,1.088913917541504,,,,,1.9797989209493,1.1874345838987346,0.015675913213490027,-11.426591873168945,0.8085969638345474,-0.034868773310812826,-3.8817153930664063,0.26029680711390146,-0.026193170048901343,-1.2741828640302022,0.12516940366502835,-6.146852643920449e-05,-2.607532525062561,0.22672946658769713,-0.02613170064728833,0.26304833342631656,0.028935569348853916,-0.0033392448877466183,0.26304833342631656,0.028935569348853916,-0.0033392448877466183,0.23391237755616506,0.030232244215739168,-0.003486899831005946,10.80835574467977,0.870594740822126,0.041679959196402376,-1.0615873456001281,0.12437493672251783,0.009336098786588537,0.023638175179560978,0.1209399689196845,0.00892775885686196,-1.085225526491801,0.010834658458390711,0.0004083408529687159,1.085225526491801,0.010834658458390711,-0.0004083408529687159
20.948912313490204,1.0,1500.0,0.0,33.0,2033.0,0.2369136290712322,481.0,1552.0,9.776722328841442,3.49487540058563,14037.308258541409,300.8,0.06317469651783089,34.75474452554745,9.156204379562043,11.039893029849347,137.0,34.96153846153846,9.238461538461536,10.978430235592016,104.0,34.75474452554745,9.156204379562043,11.039893029849347,137.0,0.43092213097338466,-0.02509891192203543,-0.026548135145477707,-0.005757172014497953,-0.05201766713511151,-0.23497289700862634,-0.042981955521424184,14.376197202023972,33.0,15000.0,9.0,155.8181655406952,96.26605439711992,3.146758794784546,-10.449104309082031,-4.8970232009887695,-1.1673543453216553,-3.7296688556671143,0.1465792953968048,0.1465792953968048,0.11923986673355103,10.062647819519043,-0.6820608973503113,0.3719867467880249,-1.0540475845336914,1.0540475845336914,,,,,2.7659186244010927,0.7197090390807855,0.03959521056547574,-11.740157318115234,0.8779845767667513,0.026804165102881344,-4.804660701751709,0.31315319574522166,-0.032285504028184434,-1.4153408010800679,0.14987690533442438,-0.00677195674718019,-3.3893198569615683,0.2217473594528365,-0.02551354720144292,0.17854823271433512,0.020276470223122598,-0.0023400756421688607,0.17854823271433512,0.020276470223122598,-0.0023400756421688607,0.14934764305750528,0.01928606406249176,-0.0022245042282959537,11.270562235514323,0.8368928277377888,-0.019966401724979977,-0.9151142001152038,0.08403549325472122,0.0028375719757843896,0.16014849000299972,0.08151267205380687,0.002301214739174742,-1.075262681643168,0.011283303953918786,0.000536359112307826,1.075262681643168,0.011283303953918786,-0.000536359112307826
25.707627696375692,1.0,1500.0,0.0,62.0,1840.0,0.4993500761961034,918.0,922.0,10.162892384825229,3.2577530065742413,12384.059961018096,284.8,0.06866290563672309,33.45000000000001,8.511290322580644,11.504971548850309,124.0,33.65806451612903,8.680645161290323,11.481297833155606,62.0,33.45000000000001,8.511290322580644,11.504971548850309,124.0,0.4448328069579759,-0.023759821482104055,-0.01981986937264095,-0.006493140971020436,-0.048900131984165485,-0.22683677958644094,-0.04127564438111592,14.306345049149375,62.0,16500.0,10.0,168.72618627548218,97.79157796561681,3.137385129928589,-11.686216354370117,-5.777531623840332,-1.4469624757766724,-4.330569267272949,0.09928544610738754,0.09928544610738754,0.07631924003362656,11.465255737304688,-0.6299055814743042,0.3534729480743408,-0.983378529548645,0.983378529548645,,,,,3.3774691422780356,0.5799134117414595,0.007343434491862927,-11.561503410339355,0.574041152282379,0.01801951602515705,-5.5662685553232825,0.32128566187745056,-0.025216590469750666,-1.4457362612088522,0.1969460376519216,-0.0025231241251655466,-4.120532337824503,0.22785686035665878,-0.022693462711287513,0.12072865491112074,0.013560595265582395,-0.0015651484369170825,0.12072865491112074,0.013560595265582395,-0.0015651484369170825,0.09544430697957675,0.012243927851097812,-0.0014121629819854114,11.213067054748535,0.6023694603930979,-0.014743891918619722,-0.7520188252131145,0.11444380261489695,0.004433829208900206,0.2967595418294271,0.095276984175352,0.002989304781755689,-1.0487783670425415,0.05002016557905044,0.0014445235917512809,1.0487783670425415,0.05002016557905044,-0.0014445235917512809
24.137482552727064,1.0,1500.0,0.0,120.0,1984.0,0.902077648573482,1789.0,195.0,9.909679700504938,2.9839698902312417,12897.709840737047,323.6,0.07094313149471654,34.29624060150374,8.718796992481208,11.176095887757866,133.0,34.138461538461534,7.876923076923082,11.164157641578019,13.0,34.29624060150374,8.718796992481208,11.176095887757866,133.0,0.42686105593941465,-0.022256887371285006,-0.014788239444968907,-0.006375243642397608,-0.04361206943760542,-0.2307431137396862,-0.03810308728120117,13.335733638799221,120.0,18000.0,11.0,183.67964029312134,97.99670758977464,3.2865328788757324,-11.392101287841797,-6.57420015335083,-1.3619866371154785,-5.212213516235352,0.06689858436584473,0.06689858436584473,0.048917148262262344,11.309333801269531,-0.5510619878768921,0.47636550664901733,-1.0274274349212646,1.0274274349212646,,,,,4.614037434260051,1.2562934344440415,-0.014345136500306733,-10.91244010925293,0.808667669431219,-0.00500490954508348,-6.3571139971415205,0.3244251462556648,-0.026161255162867977,-1.5262489517529805,0.22422808113403764,-0.00600208146155739,-4.830865017573038,0.20591464982935492,-0.02015917155315659,0.08159552663564681,0.009329104714247182,-0.0010765923276228704,0.08159552663564681,0.009329104714247182,-0.0010765923276228704,0.06112277793387572,0.007829573978974195,-0.0009029737312151958,10.700259272257487,0.8241275774402408,0.00840521442213867,-0.6522477805614472,0.09364618024349074,0.0028757461716521545,0.3721127217014631,0.08574187140975222,0.0009406036443519323,-1.0243605057398477,0.04255318985996682,0.0019351429615721242,1.0243605057398477,0.04255318985996682,-0.0019351429615721242
24.396266127887525,1.0,1500.0,0.0,114.0,2069.0,0.8197722634388531,1696.0,373.0,9.717407913718027,3.092966265378909,13500.272940645687,327.8,0.06743190981650621,34.972661870503586,9.130935251798562,10.944604719115917,139.0,35.56,9.839999999999998,10.75486621794491,25.0,34.972661870503586,9.130935251798562,10.944604719115917,139.0,0.419368050513965,-0.021353324002720858,-0.013098154696977305,-0.006166726569082432,-0.03772268240100321,-0.230886190854441,-0.037730674923873005,13.200617626565602,114.0,19500.0,12.0,198.63958764076233,98.16774305465007,4.252809524536133,-8.1355619430542,-7.0626630783081055,-1.9004416465759277,-5.162221431732178,0.04545995220541954,0.04545995220541954,0.032048869878053665,7.745931625366211,-0.43546023964881897,0.36509525775909424,-0.8005554676055908,0.8005554676055908,,,,,4.957042002677918,1.6299128714973652,0.03077307378622527,-10.197578652699788,1.1083005433799882,0.026946096239949393,-6.403226041793824,0.368835475553466,-0.001581349335735028,-1.3783881028493246,0.3363177809665912,-0.002210406201567306,-5.024837938944499,0.19005902818623668,0.0006290522777995839,0.05527151599526405,0.00619422348321362,-0.0007150163971409799,0.05527151599526405,0.00619422348321362,-0.0007150163971409799,0.03954685131708781,0.004784493978839896,-0.0005517723612711087,10.022673066457113,1.091176694946039,-0.029290812431904338,-0.3499648076792558,0.14361165353187166,0.00843128382463478,0.5044612675905228,0.11559522674306155,0.0014488840063368728,-0.8544260700543721,0.08452654838740578,0.006982399253081451,0.8544260700543721,0.08452654838740578,-0.006982399253081451
31.792040129925343,1.0,1500.0,0.0,47.0,1845.0,0.37485200015083087,691.0,1154.0,9.99716586327517,2.090510458135936,11488.28313536595,278.8,0.06612903225806452,34.0,8.951612903225808,11.41606442760284,124.0,34.45454545454545,9.444155844155844,11.283741484246926,77.0,34.0,8.951612903225808,11.41606442760284,124.0,0.44097590714313956,-0.021221498704104183,-0.008939793147173908,-0.005266236580967044,-0.030451668584578862,-0.21967779056385897,-0.03883457813368971,14.547479486033687,47.0,21000.0,13.0,211.25339031219482,99.40668866410023,6.067107200622559,-6.042206764221191,-5.678579807281494,-1.4944968223571777,-4.184082984924316,0.03195388242602348,0.03195388242602348,0.0214522834867239,6.1089653968811035,0.15682929754257202,0.5459558963775635,-0.38912656903266907,0.38912656903266907,,,,,5.812095125516255,1.7779415583346545,0.08358657914353683,-8.352050685882569,1.33912144469384,0.0799547318489323,-5.9857558886210125,0.49272791280574596,0.032249468293153206,-1.1882727146148682,0.28371734862948,0.009069924625061529,-4.797483237584432,0.3756609576210672,0.023179543190723986,0.037851311887303986,0.0038330064595965205,-0.00044154536488721935,0.037851311887303986,0.0038330064595965205,-0.00044154536488721935,0.026150870757798355,0.003032182676316818,-0.0003497119636603279,8.277679093678792,1.2909839285727494,-0.07863350678338926,-0.0008375487600763639,0.17724288952111658,0.015293572064451838,0.6164902726809184,0.0909597435114248,0.004139049140709523,-0.6173278192679087,0.1297312294976791,0.011154524476430054,0.6173278192679087,0.1297312294976791,-0.011154524476430054
30.276567389112,1.0,1500.0,0.0,109.0,2080.0,0.7842354002024517,1631.0,449.0,10.00451957902533,2.0618212516363776,12457.838809101944,271.2,0.05743815655709929,33.96834532374102,8.467625899280572,11.346145540285564,139.0,33.019999999999996,8.12,11.648016936444744,30.0,33.96834532374102,8.467625899280572,11.346145540285564,139.0,0.4250658952877359,-0.02180660214252627,-0.00893791677259249,-0.00525633353931527,-0.018019801980198008,-0.2240384038404021,-0.03785389714003726,13.588184695112695,109.0,22500.0,14.0,225.9450032711029,99.58175518049893,4.202487945556641,-5.742702484130859,-4.643795490264893,-0.9525994062423706,-3.6911959648132324,0.024219868704676628,0.024219868704676628,0.01446497905999422,5.8452582359313965,0.5525257587432861,0.7239553928375244,-0.17142964899539948,0.17142964899539948,,,,,5.448986132939656,1.1541109860464547,-0.023068025247406372,-6.450906133651733,1.3419088898298444,0.0384899537210604,-5.067437807718913,0.5647404416677765,0.01716282667387058,-0.7345234801371893,0.4357398756449292,0.013572855971679036,-4.332914360364279,0.40534814925102475,0.0035899744150504668,0.027477756204704443,0.0021959068163785425,-0.00025242143854482357,0.027477756204704443,0.0021959068163785425,-0.00025242143854482357,0.017661191150546075,0.002011879193441845,-0.00023224678292489364,6.370997635523478,1.298062098625738,-0.03422840243584606,0.4020857349038124,0.1621855453632382,0.008713132444690406,0.7749586224555969,0.12200745297420061,0.0043552653012471874,-0.37287287339568137,0.10601306047802128,0.00435786754290706,0.37287287339568137,0.10601306047802128,-0.00435786754290706
32.871448956686876,1.0,1500.0,0.0,58.0,1962.0,0.43766973094116696,858.0,1104.0,10.21559438943881,1.8284722366561261,11845.784921386432,277.8,0.06327441690962099,33.26060606060606,8.253030303030304,11.534974496716863,132.0,33.172972972972985,8.17027027027027,11.537267127338367,74.0,33.26060606060606,8.253030303030304,11.534974496716863,132.0,0.43966559539847966,-0.022253022946185887,-0.00694973502102415,-0.00618663006657598,-0.015219160562724899,-0.22546215556329777,-0.03794841451837119,14.23894327119445,58.0,24000.0,15.0,238.8776614665985,100.46983821195789,5.795753479003906,-2.551746129989624,-4.685163974761963,-0.5019335150718689,-4.183230400085449,0.01975361630320549,0.01975361630320549,0.00958865787833929,2.370154857635498,0.6518762111663818,0.852093517780304,-0.2002173215150833,0.2002173215150833,,,,,6.7250862916310625,2.0379517830026144,0.01255169731623865,-5.263014459609986,1.245874271856822,0.06596734160443453,-4.794891897837321,0.4194618165661471,0.030427468950146582,-0.3874163209150235,0.40531003359136764,0.014429656467561077,-4.4074756066004435,0.3560384319121297,0.015997808422474884,0.021617762558162213,0.0013439665770502596,-0.00015420771604849384,0.021617762558162213,0.0013439665770502596,-0.00015420771604849384,0.011769171648969253,0.0014067678704422833,-0.00016223824623396246,5.260066596666972,1.2576919276107903,-0.06063921151887871,0.5862246145804723,0.12387926442916987,0.010637255273220663,0.8784094432989756,0.10688028116379172,0.003989248798209096,-0.2921848272283872,0.09398397861459612,0.006648006663969557,0.2921848272283872,0.09398397861459612,-0.006648006663969557
37.60202939422042,1.0,1500.0,0.0,27.0,2023.0,0.19487578205219624,394.0,1629.0,10.146847436981725,2.584398672607256,13357.857285551174,281.40000000000003,0.06177284102383984,33.49558823529411,8.285294117647055,11.416967225839334,136.0,33.664220183486236,8.447706422018344,11.360183965038319,109.0,33.49558823529411,8.285294117647055,11.416967225839334,136.0,0.4481811223027204,-0.0219366934138441,-0.006201262934870834,-0.003878652589144871,-0.009359104781281855,-0.20956256358087166,-0.03919422494321448,14.585467590382668,27.0,25500.0,16.0,251.12386679649353,101.54351446278406,6.173154830932617,-3.357691526412964,-5.139004707336426,-0.7330856323242188,-4.405919075012207,0.018248165026307106,0.018248165026307106,0.006323265843093395,3.334651231765747,0.626713216304779,0.7968922853469849,-0.1701790690422058,0.1701790690422058,,,,,6.3113553365071615,1.6820817632633127,-0.04908331233481819,-3.513341828187307,1.311306789314299,0.04146782131958869,-4.371100338300069,0.504692039184105,-0.037228829603439095,-0.10792563408613205,0.42719437090363654,-0.013684658485737213,-4.263174708684286,0.3182267320268759,-0.023544170434801042,0.01879901234060526,0.0004042781934684186,-4.4876204034908525e-05,0.01879901234060526,0.0004042781934684186,-4.4876204034908525e-05,0.007834256005783876,0.0009364751880583055,-0.00010813249314454584,3.5359776238600413,1.3054598878460622,-0.041781689394037605,0.7756561160087585,0.10827450597242447,-0.005745610273189371,0.9530440688133239,0.10744157824939751,-0.0034369373745860216,-0.1773879622419675,0.05373098267797972,-0.002308674887634886,0.1773879622419675,0.05373098267797972,0.002308674887634886
35.323896795511246,1.0,1500.0,0.0,96.0,2068.0,0.6956732113593945,1438.0,630.0,9.910266602046262,1.8490123407350136,11932.432633233582,225.4,0.04730722411115309,34.27769784172662,7.8417266187050405,11.197347962734721,139.0,34.30232558139535,8.316279069767438,11.141265979629624,43.0,34.27769784172662,7.8417266187050405,11.197347962734721,139.0,0.4245722283486685,-0.021604625713227858,-0.007651481219129425,-0.0032293925582116767,-0.012583412774070121,-0.19948250034046835,-0.03602745249797745,13.295912735453598,96.0,27000.0,17.0,265.4833810329437,101.7012812438515,5.2393999099731445,-2.7556307315826416,-5.274559020996094,-0.62735915184021,-4.647199630737305,0.016891609877347946,0.016891609877347946,0.0040988558903336525,2.781388282775879,0.6808171272277832,0.8262619972229004,-0.14544489979743958,0.14544489979743958,,,,,6.012552150090536,1.8949304625828831,-0.007507679274137951,-2.6854147881269457,1.2960846126831163,0.04209483470084017,-4.640457836786906,0.5026630383388144,-0.02282888000878651,-0.12029872983694076,0.4344802867538237,-0.006774334193469416,-4.52015909353892,0.2455489956581321,-0.016054544724664832,0.01770064520339171,0.0005279934601938282,-5.7404436941805276e-05,0.01770064520339171,0.0005279934601938282,-5.7404436941805276e-05,0.005108032670492927,0.0006412403184264622,-7.39996151602906e-05,2.7223952104647955,1.328484626669787,-0.04399068190470686,0.7950458248456319,0.1128262282888382,-0.0023778494260998265,0.9502559681733449,0.10772483866739258,-0.0016747789335198075,-0.1552101455628872,0.03948980230378,-0.0007030700732258682,0.1552101455628872,0.03948980230378,0.0007030700732258682
34.12602031332815,1.0,1500.0,0.0,117.0,1977.0,0.8832824103350333,1746.0,231.0,9.858970388652487,2.0289321746113838,11405.168580751315,231.20000000000002,0.050442902648688746,34.46165413533833,7.998496240601505,11.11997269662765,133.0,33.512499999999996,7.524999999999999,11.230711203589106,16.0,34.46165413533833,7.998496240601505,11.11997269662765,133.0,0.4204040495314748,-0.020441492613032616,-0.008726764789334363,-0.004600777169596873,-0.006593589104799729,-0.208913248076195,-0.03564002920016786,13.20873515497655,117.0,28500.0,18.0,280.6203508377075,101.56070261804547,6.056718826293945,0.6054790019989014,-4.905558109283447,0.019395723938941956,-4.924953937530518,0.014964858070015907,0.014964858070015907,0.0026500278618186712,-0.4270094037055969,0.8545053005218506,0.9846156239509583,-0.13011030852794647,0.13011030852794647,,,,,6.732808629671733,1.9767375539525032,-0.004712477833596338,-1.18197197864453,1.4600849959597664,0.05645043831049275,-4.761405475934347,0.5758793481689031,-0.00012916977599138887,-0.04706401241322358,0.5027499873334224,0.018619639499400972,-4.714341481526692,0.2704071530563696,-0.018748807005410095,0.01560170017182827,0.0006239956017044681,-6.95125967496233e-05,0.01560170017182827,0.0006239956017044681,-6.95125967496233e-05,0.0033037670344735186,0.0004188520615664542,-4.8332839108199724e-05,1.1783409158388773,1.5054364997744123,-0.05280266648802801,0.8444150149822235,0.1328942140125774,0.003269656070480085,0.9683034439881643,0.12031305990907375,0.004475184953517707,-0.1238884411752224,0.03941913476900947,-0.0012055287620382092,0.1238884411752224,0.03941913476900947,0.0012055287620382092
39.205443444618815,1.0,1500.0,0.0,65.0,2068.0,0.4650320388226479,961.0,1107.0,10.000214403219022,1.915145448370897,12511.35935316857,241.8,0.0512027782483483,33.974100719424435,8.011510791366906,11.269512691282642,139.0,34.35675675675676,8.616216216216218,11.123594373454205,74.0,33.974100719424435,8.011510791366906,11.269512691282642,139.0,0.4364398457104789,-0.019971485164109064,-0.005849678434380477,-0.004314657651251989,-0.004873776403915549,-0.19618753219988935,-0.0369037152936398,14.071135845948076,65.0,30000.0,19.0,293.97531390190125,102.04938503785701,22.88330841064453,-2.7494170665740967,-4.410347938537598,0.5272520184516907,-4.937600135803223,0.015441924333572388,0.015441924333572388,0.001709266914986074,2.8997864723205566,1.0314515829086304,1.1064146757125854,-0.0749630555510521,0.0749630555510521,,,,,7.813441379865011,5.324592703882662,0.185979213173583,-0.13693663279215496,1.5644977890839933,-0.01589997311985665,-4.838571929931641,0.5706193107544737,0.008670522585859325,0.02567437489827474,0.5255745479618504,0.02163040219610341,-4.864246273040772,0.20809054139573457,-0.012959884456850807,0.015054275840520858,0.00017199944644502655,1.2981991498037776e-05,0.015054275840520858,0.00017199944644502655,1.2981991498037776e-05,0.0021325975307263435,0.00027015543646494915,-3.1173771772496416e-05,0.19357849458853404,1.579832393390187,0.015423508381286631,0.896380078792572,0.13504047301639924,0.00493521703628861,0.9862230777740478,0.12531001777369097,0.005168717005626755,-0.08984299727405111,0.028743830609024065,-0.00023350092718114491,0.08984299727405111,0.028743830609024065,0.00023350092718114491
32.93952755530675,1.0,1500.0,0.0,75.0,1890.0,0.5952623266138712,1125.0,765.0,9.851941998632265,1.337447386810115,10841.51075203409,257.6,0.059283807419681485,34.485714285714295,8.595238095238098,11.153116418246,126.0,34.14901960784314,8.596078431372549,11.217960965284384,51.0,34.485714285714295,8.595238095238098,11.153116418246,126.0,0.4186170840072968,-0.01983613333939837,-0.0056017332239043935,-0.005554257373203771,-0.0035981750882327903,-0.22195058965309789,-0.03511754326683295,13.274478457397358,75.0,31500.0,20.0,307.5116846561432,102.43513196977545,4.040233612060547,1.0858006477355957,-5.6930084228515625,-0.4489622116088867,-5.244046211242676,0.015450475737452507,0.015450475737452507,0.0010942796943709254,-0.8576916456222534,0.8031141757965088,0.8723322153091431,-0.06921806931495667,0.06921806931495667,,,,,7.042873215675354,3.638830522677777,-0.07616329877342101,0.31049741407235465,1.8126276100856673,0.019672250754310762,-5.098080094655355,0.4127330691551782,-0.0017629852549516844,0.1197067798425754,0.4168032987134761,0.005424737770346572,-5.217786900202433,0.17220920685186936,-0.007187719313268155,0.015180364282180865,0.0001744463918454064,8.578046335858134e-06,0.015180364282180865,0.0001744463918454064,8.578046335858134e-06,0.0013685017125681042,0.00017613499212208104,-2.0314550630176467e-05,-0.2449010173479716,1.812339969125679,-0.0171018980501491,0.9181391139825185,0.09823200304508771,0.0019904950436813785,1.0085857570171357,0.09949050519210119,0.0013014573674313158,-0.09044665023684502,0.025122817633241683,0.0006890352711794273,0.09044665023684502,0.025122817633241683,-0.0006890352711794273
39.881969317793846,1.0,1500.0,0.0,32.0,2032.0,0.2293658414375746,466.0,1566.0,10.137334055282425,1.9367510346041719,12843.270070552622,262.8,0.05720255974924905,33.53430656934305,7.916788321167883,11.468491396199797,137.0,33.41142857142856,8.119999999999997,11.495365967134498,105.0,33.53430656934305,7.916788321167883,11.468491396199797,137.0,0.429776762511832,-0.018997494876584434,-0.004566369733152599,-0.0034416068562528206,-0.0029308565531475676,-0.19153766769865457,-0.037260281534469676,13.985067664921182,32.0,33000.0,21.0,319.77630639076233,103.1971391891507,4.078115940093994,0.1680566370487213,-5.575761318206787,-0.08241128921508789,-5.493350028991699,0.014842057600617409,0.014842057600617409,0.0007011389825493097,-0.1361687183380127,0.9040274024009705,0.960425615310669,-0.05639820545911789,0.05639820545911789,,,,,7.066001017888387,3.233744188935959,0.07253451458736837,1.1435805231332778,1.6171279757216965,0.04296310721700794,-5.453980954488118,0.45808669728049417,-0.013532460544743049,-0.00507783330976963,0.4041924156639139,-0.007829657562483145,-5.448903099695841,0.20245646430739528,-0.00570280639427774,0.015165610611438752,0.00016659937009071238,-1.6387312510387906e-05,0.015165610611438752,0.00016659937009071238,-1.6387312510387906e-05,0.0008763220685068518,0.00011174761142495702,-1.2887094221134872e-05,-1.1030445391933124,1.6021612016214353,-0.04544335499289833,0.9055559853712718,0.0992000355273587,-0.0010519222502448746,0.9788408875465393,0.09668983659205382,-0.0018778808124869238,-0.07328491422037284,0.02878544535246316,0.0008259583293596031,0.07328491422037284,0.02878544535246316,-0.0008259583293596031
40.11000112483376,1.0,1500.0,0.0,76.0,1810.0,0.6273123987904075,1135.0,675.0,9.857669644485851,1.9556743004389572,10949.378974933996,200.20000000000002,0.04758961681087762,34.48196721311475,7.901639344262297,11.191541293201114,122.0,34.36521739130435,8.92608695652174,11.241501921142586,46.0,34.48196721311475,7.901639344262297,11.191541293201114,122.0,0.4207687064751673,-0.016760619177103118,-0.0051798425974542055,-0.003506315869551261,-0.0004690031551121341,-0.18876097893749086,-0.033072476417670034,13.412641777333283,76.0,34500.0,22.0,333.28970098495483,103.51354961777645,3.8023533821105957,4.558600425720215,-5.666917324066162,0.09529730677604675,-5.762214660644531,0.014385930262506008,0.014385930262506008,0.00044958022772334516,-4.662108898162842,0.9547988176345825,1.0024679899215698,-0.0476691871881485,0.0476691871881485,,,,,7.072988398869833,3.961953070864078,0.015908924544082777,2.037081241607666,1.4765540987839776,0.025900470905494865,-5.852107858657837,0.5047375782904641,-0.012943711561939016,-0.1453815703590711,0.4685052141059686,-0.009952219173693428,-5.706726280848185,0.14038713373230735,-0.0029914973707696416,0.014873652377476294,0.00021369347432830183,-2.0764805417995775e-07,0.014873652377476294,0.00021369347432830183,-2.0764805417995775e-07,0.0005616012019648527,7.201451628080305e-05,-8.304910953141118e-06,-1.923923342426618,1.5204903606055307,-0.018748758453150566,0.8836457153161367,0.11308277880872813,-0.0012661306823586443,0.9454517265160879,0.11129602522514279,-0.002365495511501627,-0.06180599747846524,0.020808368345775912,0.001099365205815824,0.06180599747846524,0.020808368345775912,-0.001099365205815824
39.21692529264486,1.0,1500.0,0.0,53.0,1915.0,0.4146595840752294,794.0,1121.0,9.913585265002741,2.1092776457138083,11995.948037223105,249.20000000000002,0.0567834844825229,34.28593750000001,8.2109375,11.21827162706834,128.0,33.95466666666667,8.759999999999998,11.290584844868206,75.0,34.28593750000001,8.2109375,11.21827162706834,128.0,0.41623935313792365,-0.016057582131293303,-0.004327709193080957,-0.00416492501169197,-0.0007509689922480612,-0.19089147286821037,-0.03240424619799163,13.102659463527193,53.0,36000.0,23.0,346.159298658371,103.9983618511108,6.776910781860352,2.4450783729553223,-6.456982612609863,0.1978931427001953,-6.654875755310059,0.013931856490671635,0.013931856490671635,0.00028745020972564816,-2.51908016204834,0.9101731181144714,1.0263062715530396,-0.11613309383392334,0.11613309383392334,,,,,7.213988439242045,4.291435031656414,-0.12338121968991786,1.79168248573939,1.3929810958714925,-0.012036739732320155,-6.05601331392924,0.4438078272509398,-0.006997358493995726,-0.03554177309075991,0.45131791068896093,0.00799556562679098,-6.020471572875977,0.2285100201068379,-0.014992920151011368,0.014208024026205142,0.00015621151249762419,-1.3288065119832036e-05,0.014208024026205142,0.00015621151249762419,-1.3288065119832036e-05,0.00036007311719004064,4.643358411493316e-05,-5.3566714706784174e-06,-1.7251139173905055,1.3932973886341673,0.012033707884713259,0.913205224275589,0.10231896957041985,0.0014250140434112098,0.9716501375039418,0.10599474779960893,0.0018826727209419777,-0.05844491881628831,0.024000099944737528,-0.0004576572280240383,0.05844491881628831,0.024000099944737528,0.0004576572280240383
30.971864427839005,1.0,1500.0,0.0,7.0,1951.0,0.050280831653903284,98.0,1853.0,9.782595909902208,2.5980266964664205,12997.398958913835,300.40000000000003,0.06603068536510309,34.72824427480916,9.039694656488546,11.05306112566638,131.0,34.56774193548386,9.0258064516129,11.099715503099127,124.0,34.72824427480916,9.039694656488546,11.05306112566638,131.0,0.38181850423028335,-0.013801264818737348,-0.005292766901131206,-0.0005446505015599464,-0.0018691588785046734,-0.22090059473237172,-0.0250845261169985,11.748839527804734,7.0,37500.0,24.0,357.4509048461914,104.90951202413653,6.2367658615112305,5.762142181396484,-5.605443477630615,0.8510603904724121,-6.456503868103027,0.014239354990422726,0.014239354990422726,0.00018350080063100904,-5.712208271026611,1.129668951034546,1.1801637411117554,-0.05049482360482216,0.05049482360482216,,,,,6.603263751665751,4.572955692456629,-0.02406839730344464,2.5196587443351746,1.4968757052083541,0.09023769652352846,-6.356436824798584,0.527064718820081,-0.020116796270758627,-0.04586480421324571,0.4321097371318249,-0.00811074054960547,-6.310572020212809,0.20260529386662593,-0.012006056534169793,0.014594518548498551,0.0002984080222512738,9.663696623550703e-06,0.014594518548498551,0.0002984080222512738,9.663696623550703e-06,0.00022996378199119743,2.963144591703029e-05,-3.417991366557524e-06,-2.4289270877838134,1.446469280196318,-0.08437950136398976,0.9165003458658855,0.10891715199361696,-0.002013187095506324,0.9690368632475536,0.10206692555535862,-0.0019267453102434645,-0.052536526477585235,0.020563756849385936,-8.643953620691222e-05,0.052536526477585235,0.020563756849385936,8.643953620691222e-05
44.15557516945733,1.0,1500.0,0.0,36.0,2059.0,0.2609595715531248,537.0,1522.0,9.942550964325196,1.7602533876308089,12535.513221136842,253.60000000000002,0.05379035337038137,34.16376811594201,8.09855072463768,11.195504312756514,138.0,34.53529411764705,8.637254901960787,11.033359717078897,102.0,34.16376811594201,8.09855072463768,11.195504312756514,138.0,0.4406579157077684,-0.015688134494981423,-0.004787261817430649,-0.003106304082228879,-0.0006565372350403305,-0.1775276683549016,-0.03434171321018144,13.865085969873586,36.0,39000.0,25.0,369.9517500400543,105.41915262132834,9.162858963012695,4.119685649871826,-6.680842876434326,0.018546730279922485,-6.699389457702637,0.01412416435778141,0.01412416435778141,0.00011695721332216635,-4.485312461853027,0.9443687200546265,0.9843540191650391,-0.03998533636331558,0.03998533636331558,,,,,6.192276533444723,2.9588567422506395,-0.040536609931835575,3.380856713652611,1.7678724238424144,-0.009047851009549336,-6.785402472813924,0.2749751408430922,-0.0006556952225087234,-0.06056067583461602,0.28014705066456125,0.002055988755818871,-6.724841817220052,0.1250679634526655,-0.0027116860378038725,0.014184390287846326,0.00018145294705222565,-1.503288915776596e-05,0.014184390287846326,0.00018145294705222565,-1.503288915776596e-05,0.00014654101663230296,1.9051727157112397e-05,-2.1969201739279728e-06,-3.302862770855427,1.7878930817247474,0.008900951082767568,0.9045497159163157,0.064779610186811,0.001479314153266014,0.965718017021815,0.0658567003952258,0.0004884361159947153,-0.06116830905278524,0.016375164518480968,0.0009908782096540326,0.06116830905278524,0.016375164518480968,-0.0009908782096540326
40.688637322187425,1.0,1500.0,0.0,40.0,1800.0,0.33243284500018844,598.0,1202.0,10.045362312461869,2.2224554375063814,11360.78915576754,224.8,0.05492572322126661,33.824793388429754,7.841322314049586,11.43591133866903,121.0,33.47654320987654,8.199999999999998,11.485354029771157,81.0,33.824793388429754,7.841322314049586,11.43591133866903,121.0,0.4199428865296692,-0.015726320834493334,-0.0053590530022823634,-0.003138691127926442,-0.0018932038834951414,-0.1842071197410954,-0.03134088649904132,13.144746541497685,40.0,40500.0,26.0,382.3102207183838,105.93491307634433,24.478431701660156,6.179749011993408,-6.828705787658691,0.4566945433616638,-7.285400390625,0.014640414156019688,0.014640414156019688,7.386557263089344e-05,-6.344779014587402,1.0222768783569336,1.0881154537200928,-0.06583850085735321,0.06583850085735321,,,,,7.948371394475301,5.27309342423071,0.06100129529551988,3.458984847863515,1.7222251688772126,-0.009034885235702686,-7.354446538289388,0.6516216268738497,-0.0188500532716744,0.03884039546052615,0.5110798051905562,-0.005122276714633117,-7.393286943435669,0.38817645020992353,-0.013727777818418697,0.014532371889799833,0.0001180211350592291,9.173386263038166e-06,0.014532371889799833,0.0001180211350592291,9.173386263038166e-06,9.302165393213121e-05,1.23585754212888e-05,-1.4252524788116436e-06,-3.4100029140710832,1.7337012009561104,0.010633159313636915,0.893402099609375,0.12750529210046116,-0.0013744346557125293,0.9891094346841176,0.12075403132887874,-0.001202458759834045,-0.0957073338329792,0.03984747711746583,-0.00017197442896771652,0.0957073338329792,0.03984747711746583,0.00017197442896771652
39.81029861163249,1.0,1500.0,0.0,113.0,2000.0,0.846403658669177,1692.0,308.0,9.53448882362871,1.7041040566341146,10709.923275033521,170.4,0.03568586387434555,35.63432835820894,7.650746268656717,10.776440485514236,134.0,34.180952380952384,9.39047619047619,11.299160292820728,21.0,35.63432835820894,7.650746268656717,10.776440485514236,134.0,0.4002617350244947,-0.01367415481181129,-0.004474747117744829,-0.002641092624233589,-0.001070428720425976,-0.18180820113082313,-0.02720316272059349,12.502540450745844,113.0,42000.0,27.0,397.33487606048584,105.70428756826871,5.723484516143799,3.526608943939209,-8.299537658691406,0.6269049644470215,-8.926443099975586,0.014032859355211258,0.014032859355211258,4.7143985284492373e-05,-3.762856960296631,0.9308876991271973,1.1269402503967285,-0.19605255126953125,0.19605255126953125,,,,,7.9390552600224815,7.366632213985185,0.0691062291286411,3.3632068554560344,1.6414798318530752,-0.021244102696555724,-7.534488423665365,0.5572926772535873,-0.027324414704081878,-0.010433836529652277,0.4599842403747561,0.011534754063382967,-7.524054654439291,0.4327494020566557,-0.03885917005867775,0.014421063878883918,0.00033618786054507855,-3.3972475955364645e-05,0.014421063878883918,0.00033618786054507855,-3.3972475955364645e-05,5.9272169285880714e-05,7.6168791446147736e-06,-8.791426285851181e-07,-3.2804427206516267,1.666423890111675,0.018436332711653788,0.905253404378891,0.10713029299188637,-7.438687514412531e-05,0.9773131231466929,0.10845899731704266,0.002711344255886533,-0.07205972025791804,0.036580508223557545,-0.0027857303760274498,0.07205972025791804,0.036580508223557545,0.0027857303760274498
44.50586296135271,1.0,1500.0,0.0,71.0,2081.0,0.5056900687143044,1052.0,1029.0,9.665160240335078,2.013591614094416,12324.092198204016,237.8,0.04829799333820781,35.16857142857144,7.4242857142857135,10.864476787899187,140.0,35.0463768115942,8.515942028985506,10.864049314322287,69.0,35.16857142857144,7.4242857142857135,10.864476787899187,140.0,0.40794635960493364,-0.012202470167892875,-0.004545360071469707,-0.00271111317747573,-0.0001687688754663351,-0.16038372712737003,-0.027099961116841324,12.660793124986908,71.0,43500.0,28.0,411.019996881485,105.83426677545071,3.2409780025482178,4.43280029296875,-8.257478713989258,-0.2942046523094177,-7.963274002075195,0.014592790976166725,0.014592790976166725,3.0432496714638546e-05,-4.092140197753906,0.844678521156311,0.9104005694389343,-0.06572200357913971,0.06572200357913971,,,,,6.416723171869914,5.341701915154803,0.02831752350651242,3.258640965819359,1.855493712833578,0.047142145505073424,-7.4357982476552325,0.44055850698826954,0.0020014374619466047,0.08931764600177607,0.34475430951258873,0.004986761774747604,-7.525115887324016,0.2959169600555824,-0.0029853246898882,0.014190861737976472,0.00023753062910733628,1.9978397671916e-05,0.014190861737976472,0.00023753062910733628,1.9978397671916e-05,3.791220842686016e-05,4.716147107137752e-06,-5.442910615390526e-07,-3.1932318270206452,1.769446434551097,-0.03570951650352174,0.9622156302134196,0.08567317622357827,0.0019500307564740498,1.0009430686632792,0.08099022145408018,0.0011704001994233516,-0.038727444658676786,0.030010007532699504,0.0007796309014017809,0.038727444658676786,0.030010007532699504,-0.0007796309014017809
48.25349447462294,1.0,1500.0,0.0,54.0,1831.0,0.43619629879923,798.0,1033.0,10.052484617144861,2.002511398117232,10957.738216687036,182.60000000000002,0.043913231686787554,33.806504065040656,6.882926829268292,11.404905581016775,123.0,33.32463768115942,7.7913043478260855,11.539073049956325,69.0,33.806504065040656,6.882926829268292,11.404905581016775,123.0,0.4196676367727946,-0.01158536736174766,-0.004721293347572102,-0.002383901468814636,-0.0002634415040114957,-0.14800622679918143,-0.027723828912046743,13.460200482788723,54.0,45000.0,29.0,423.88765835762024,106.1602033292391,3.9550061225891113,4.260051727294922,-8.754448890686035,-0.37169378995895386,-8.382755279541016,0.013950292021036148,0.013950292021036148,1.9260058252257295e-05,-4.153827667236328,0.8208971619606018,0.8929904699325562,-0.07209326326847076,0.07209326326847076,,,,,4.625151149431864,1.7504949524590367,-0.010292050305410154,3.316537841161092,1.3124870748350395,-0.011403379610038457,-8.261766179402668,0.5316555325400885,-0.027384140600219233,-0.023927392562230428,0.4077297889902591,-0.006979217899919751,-8.237838776906331,0.360014918369454,-0.020404922816326214,0.014810415605703989,0.0002547839416288125,-9.83328331630705e-06,0.014810415605703989,0.0002547839416288125,-9.83328331630705e-06,2.4225293661099082e-05,3.207314592299021e-06,-3.698777214752712e-07,-3.21606103181839,1.3209847457544943,0.016786221614536474,0.90006805062294,0.09849623550254649,-0.002450789479710783,0.9744611024856568,0.09669053988264693,-0.0016348987320506565,-0.07439305583635966,0.03040391425897057,-0.0008158896951309417,0.07439305583635966,0.03040391425897057,0.0008158896951309417
49.5034148534139,1.0,1500.0,0.0,15.0,1965.0,0.11091043612546979,217.0,1748.0,9.895963128148212,2.108866822794791,12433.215169516292,263.8,0.05814671133838829,34.36969696969697,8.283333333333331,11.127975681813945,132.0,34.44102564102564,8.654700854700852,11.097475953526722,117.0,34.36969696969697,8.283333333333331,11.127975681813945,132.0,0.4297474071760575,-0.013749085909034842,-0.00593751069934637,-0.0013296087458755297,-0.0004839419269687637,-0.14219093708755057,-0.03161102821423378,13.977137334458332,15.0,46500.0,30.0,435.62540578842163,106.74308564681034,5.057744026184082,5.450343608856201,-8.534396171569824,-0.09452001750469208,-8.439876556396484,0.013445490039885044,0.013445490039885044,1.239068205904914e-05,-4.968198299407959,0.9110589027404785,0.9580652117729187,-0.047006282955408096,0.047006282955408096,,,,,7.191184790929158,4.232390741753499,-0.1827848656158959,2.9542893966039023,1.7644568927122881,0.010005897727771038,-8.317660188674926,0.425282168789826,-0.019118380626130797,-0.0703916683793068,0.3850345169879157,-0.01771649526674571,-8.247268629074096,0.2785889815868167,-0.0014018935011541908,0.01363692885885636,0.00015294276815387025,-1.4073356107557432e-05,0.01363692885885636,0.00015294276815387025,-1.4073356107557432e-05,1.546263029013062e-05,1.9701963817140497e-06,-2.2724877096462964e-07,-2.876061593492826,1.707609123135431,-0.006889579406171718,0.9195830523967743,0.08467397416906415,-0.003266945842641107,0.9636769433816273,0.08971392372032252,-0.004127994753229757,-0.0440938961536934,0.02619145140270043,0.0008610487967373217,0.0440938961536934,0.02619145140270043,-0.0008610487967373217
47.547901303340225,1.0,1500.0,0.0,78.0,2064.0,0.5650065459248755,1166.0,898.0,9.74055853894315,1.9720621803465468,11532.515867078688,161.4,0.033527212297465726,34.88405797101449,6.489855072463769,10.978817771396493,138.0,34.56333333333331,7.56,11.06723500693954,60.0,34.88405797101449,6.489855072463769,10.978817771396493,138.0,0.40974911550688686,-0.011523692083686905,-0.00455542631765039,-0.0021778153307205174,-0.00012172360626470829,-0.1434715572506641,-0.027090678134535966,12.663032945714352,78.0,48000.0,31.0,449.45689725875854,106.79555768918534,4.9574503898620605,5.622114181518555,-8.781416893005371,-0.34575703740119934,-8.435659408569336,0.014210236258804798,0.014210236258804798,7.939615898067132e-06,-5.622137069702148,0.8803786039352417,0.8987133502960205,-0.01833474263548851,0.01833474263548851,,,,,5.540807445844014,2.821096782820002,0.0991445277768856,3.380054694414139,2.0107190329453157,0.017111605094192465,-8.306805165608724,0.4419537103747502,-0.011130101900874885,0.11909270832935968,0.3756288438944227,-0.000593248357762214,-8.425897884368897,0.24871044761833536,-0.010536853039224893,0.013952506550898155,0.00030913378719337197,3.426964803950003e-05,0.013952506550898155,0.00030913378719337197,3.426964803950003e-05,9.93342346191639e-06,1.2716736718734245e-06,-1.467349631823208e-07,-3.2255914986133574,2.001417745568636,-0.025129128735640882,0.9769483109315237,0.08906728145127013,-0.00010237098403184228,1.007887848218282,0.08780730817288272,-0.00013101220263524415,-0.030939544225111602,0.020046147628730065,2.8640884922629515e-05,0.030939544225111602,0.020046147628730065,-2.8640884922629515e-05
48.27056709314004,1.0,1500.0,0.0,78.0,2064.0,0.5616420727321008,1159.0,905.0,9.796278247166992,1.9428274542650255,11428.311188066451,166.8,0.03460868121835837,34.67338129496403,6.558273381294966,11.018253428604144,139.0,34.33442622950821,7.747540983606557,11.142898231561734,61.0,34.67338129496403,6.558273381294966,11.018253428604144,139.0,0.41338626410740203,-0.011410849580646063,-0.004356728372333686,-0.002280177423747926,-0.0002290950744558993,-0.14367533955162284,-0.026299804318234615,12.99375872477954,78.0,49500.0,32.0,463.3126401901245,106.83930397341896,2.8144514560699463,3.6235971450805664,-9.283682823181152,-0.6408775448799133,-8.642805099487305,0.01499864086508751,0.01499864086508751,5.084800250187982e-06,-3.5242292881011963,0.818332314491272,0.8274004459381104,-0.009068137034773827,0.009068137034773827,,,,,4.803112463156382,2.5388564979524118,-0.0015297203095790707,2.8675759851932527,1.7065806804263923,0.03927802468035718,-8.7873863697052,0.5528132885309472,0.005685845630718009,-0.07662131898105144,0.3640937216060646,0.0026793041114215772,-8.71076504389445,0.34491503864542267,0.003006538798467169,0.014352218868831793,0.00040129012377833383,4.222578803145676e-05,0.014352218868831793,0.00040129012377833383,4.222578803145676e-05,6.35132070480419e-06,8.216336243866892e-07,-9.47014583436981e-08,-2.762789557377497,1.7044516481062701,-0.04195123465360863,0.9344800929228465,0.09734927325382871,0.001759601527777304,0.9620039006074269,0.0860487058802088,0.0006154580031406427,-0.027523804316297175,0.03047421420162907,0.0011441441100542423,0.027523804316297175,0.03047421420162907,-0.0011441441100542423
47.591982331930424,1.0,1500.0,0.0,102.0,1818.0,0.8349592228434881,1517.0,301.0,10.006567197365664,2.010265014470489,9710.989822869544,126.4,0.030269648929546433,33.94959349593495,5.816260162601629,11.288019039407217,123.0,32.75238095238095,7.114285714285718,11.66646301893108,21.0,33.94959349593495,5.816260162601629,11.288019039407217,123.0,0.42472539061437226,-0.012912260225982347,-0.0052214240742894285,-0.0024459148704671324,-0.0074290109608356955,-0.14511890263444438,-0.02803545206127433,13.397891183488255,102.0,51000.0,33.0,477.57514929771423,106.78947611699799,4.134060859680176,4.721097946166992,-9.64647388458252,0.6994746327400208,-10.345948219299316,0.01480968575924635,0.01480968575924635,3.1569175007462036e-06,-4.549371719360352,1.029186725616455,1.146040678024292,-0.11685395985841751,0.11685395985841751,,,,,5.761168813705444,4.159194797995469,-0.09042644787152965,3.041066833337148,1.9317522645371594,-0.07673884666005826,-10.54438689549764,1.29706075262342,0.02052625267869008,-0.05375436879694462,0.3659911291763148,0.0006902373680747547,-10.490632597605387,1.4194259807976388,0.01983602245869727,0.014797265268862247,8.895361851147931e-05,2.1918750346300477e-06,0.014797265268862247,8.895361851147931e-05,2.1918750346300477e-06,3.98350576536662e-06,5.567094594021083e-07,-6.395852555876892e-08,-2.9072363495826723,1.8992853734846333,0.07426560031161043,0.8238259772459666,0.10977035747833144,0.002809402555459308,0.9671831627686819,0.0868843053990675,0.00016750895539431002,-0.1433572033730646,0.11605790035697625,0.0026418935244403668,0.1433572033730646,0.11605790035697625,-0.0026418935244403668
51.69024797071491,1.0,1500.0,0.0,57.0,1831.0,0.4626460004930176,847.0,984.0,10.417937489253383,1.5295022862518577,10051.123419595584,190.60000000000002,0.04750510941628035,32.61951219512196,6.380487804878047,11.814977296931314,123.0,32.38484848484848,7.469696969696968,11.848883630478621,66.0,32.61951219512196,6.380487804878047,11.814977296931314,123.0,0.4449840341280637,-0.012425219373826289,-0.004395163500507817,-0.0026853597783518084,-0.002810332456350163,-0.13958383161922602,-0.02882011389254568,14.389271145413675,57.0,52500.0,34.0,490.3200764656067,107.0729152647344,5.745424747467041,2.805400848388672,-9.977184295654297,0.10970105230808258,-10.086885452270508,0.015591218136250973,0.015591218136250973,2.024465857175528e-06,-2.7468318939208984,0.9369543790817261,1.0063633918762207,-0.06940904259681702,0.06940904259681702,,,,,6.005140558878581,4.2349908198651,0.01139895817859546,2.860263851284981,1.6581007923302242,-0.017443034480490675,-10.123367214202881,0.7449196919087925,-0.02242623118060019,0.011292682339747747,0.4201989208118073,0.016287561606313283,-10.134659957885741,0.7837108878193627,-0.038713779810140334,0.015059015527367593,0.000216512483314627,1.703889064648207e-05,0.015059015527367593,0.000216512483314627,1.703889064648207e-05,2.540336345191463e-06,3.228893144799744e-07,-3.728277133692925e-08,-2.756038271387418,1.6552094553597063,0.01837135421420896,0.8967124462127686,0.09743934959077936,0.0018067355946253087,0.9827081720034282,0.10007157011796525,0.0038926395876654175,-0.08599572014063597,0.05772398479250825,-0.002085905351797252,0.08599572014063597,0.05772398479250825,0.002085905351797252
53.75738264479727,1.0,1500.0,0.0,53.0,1915.0,0.4084130846621015,782.0,1133.0,10.319150311174575,1.7658108319929515,10797.007036558261,177.8,0.04187076111529767,32.91782945736434,6.147286821705425,11.667023213262487,129.0,32.86578947368421,7.310526315789472,11.68761344063212,76.0,32.91782945736434,6.147286821705425,11.667023213262487,129.0,0.44426093177087655,-0.013141801397579471,-0.004611455583849628,-0.0021847499745981896,-0.0032738477339838354,-0.12191552188984212,-0.030138002220053785,14.225188055668736,53.0,54000.0,35.0,503.0725359916687,107.34038560374579,3.030576705932617,3.458834648132324,-9.902021408081055,0.3232734799385071,-10.225295066833496,0.014855537563562393,0.014855537563562393,1.3011906503379578e-06,-3.3460192680358887,1.0022704601287842,1.0567972660064697,-0.05452679097652435,0.05452679097652435,,,,,4.949884327252706,2.767499841711434,-0.021944872131602372,2.153519155581792,2.092938846298035,-0.024232678922583264,-10.305109310150147,0.5236983365907519,-0.006211972899643646,-0.03354073663552602,0.41173881608641966,0.008605447089977077,-10.27156852086385,0.5684541963476938,-0.014817431346990845,0.014906207999835412,0.00027858306708335574,-2.8598743456688363e-05,0.014906207999835412,0.00027858306708335574,-2.8598743456688363e-05,1.6269063697412398e-06,2.066081595199508e-07,-2.3833723572656587e-08,-2.031129053235054,2.174003675840358,0.021701627916701063,0.9018073678016663,0.08770879098964642,0.0017984655728196747,0.971964430809021,0.09782678573220817,0.0020530762476173156,-0.07015704661607743,0.04155775452007364,-0.00025461012367014075,0.07015704661607743,0.04155775452007364,0.00025461012367014075
51.387430572509764,1.0,1500.0,0.0,80.0,1848.0,0.6455018487222266,1192.0,656.0,10.194748746330022,1.76275144957538,9909.2847386223,146.4,0.03543936092955701,33.314516129032256,5.919354838709677,11.610298707983574,124.0,32.95000000000002,7.559090909090909,11.803437760278115,44.0,33.314516129032256,5.919354838709677,11.610298707983574,124.0,0.4358045171592689,-0.012445629033617166,-0.004120869208329888,-0.0016634295307949231,-0.004816859006522876,-0.1342699448068191,-0.028334968811980468,13.995838698691134,80.0,55500.0,36.0,516.6716799736023,107.41831254005561,3.253798484802246,4.2844133377075195,-11.047197341918945,-0.22196048498153687,-10.825237274169922,0.014807941392064095,0.014807941392064095,8.341314696735935e-07,-4.1998291015625,0.8538905382156372,0.9273110628128052,-0.07342049479484558,0.07342049479484558,,,,,5.3900306701660154,3.4799312800145605,-0.06573933897347305,1.460259277621905,2.129068903631191,-0.020630153751744647,-10.697435347239177,0.7324972582743641,0.018326530626273967,-0.07102857331434885,0.3408214143188925,0.013050386170391524,-10.626406796773274,0.6884743748053855,0.005276142158550925,0.014855115457127492,0.0001051700896961059,-5.354059940914958e-06,0.014855115457127492,0.0001051700896961059,-5.354059940914958e-06,1.0414614924532846e-06,1.3325041803282857e-07,-1.536372524196801e-08,-1.381522986292839,2.2008148926861955,0.020330088840045505,0.8920107046763103,0.09296365085138247,0.004325654933662099,0.9631004909674327,0.0809805191149151,0.0031089656079836387,-0.07108979321395358,0.05105620632334276,0.0012166897982806481,0.07108979321395358,0.05105620632334276,-0.0012166897982806481
51.564869090488976,1.0,1500.0,0.0,35.0,1875.0,0.27476227315856977,515.0,1360.0,10.427273473644778,1.7877710279395762,11208.414720267428,215.20000000000002,0.05242642759695966,32.57777777777777,6.7444444444444445,11.839087785637792,126.0,32.145054945054945,7.410989010989012,11.96617015963464,91.0,32.57777777777777,6.7444444444444445,11.839087785637792,126.0,0.4308280566961898,-0.0121466752177259,-0.0038041801911909917,-0.0025974548257051747,-0.0030257186081694325,-0.1326777609682289,-0.028689562989964973,14.112729635945934,35.0,57000.0,37.0,528.8976497650146,107.77132404601284,3.23327898979187,1.3469668626785278,-10.702503204345703,-0.1599353700876236,-10.54256820678711,0.015932537615299225,0.015932537615299225,5.323504410625901e-07,-1.456043004989624,0.9115541577339172,0.9413619041442871,-0.029807772487401962,0.029807772487401962,,,,,4.877120018005371,4.183290506123158,-0.10971752459533514,1.5062997132539748,1.7765529608108401,0.0480032202067709,-10.82999397913615,0.5650366671164821,-0.010586528969022851,0.13097425724069278,0.37315867990964974,-0.00505926536273904,-10.960968208312988,0.4715774982673611,-0.00552725871492393,0.01562595469877124,0.00028767589053137503,3.0400653113843735e-05,0.01562595469877124,0.00028767589053137503,3.0400653113843735e-05,6.667017620050804e-07,8.616374856443935e-08,-9.936637941040915e-09,-1.43773156106472,1.848919415529247,-0.05612819577350762,0.9410706758499146,0.09116167973798592,-0.0007749482442327843,1.0114306231339774,0.08976526494574691,-0.0011969141355478582,-0.07035995305826266,0.03321248761833482,0.00042196472317345286,0.07035995305826266,0.03321248761833482,-0.00042196472317345286
51.5809595489502,1.0,1500.0,0.0,75.0,2094.0,0.5354018655858397,1121.0,973.0,9.870937063040037,1.7222230426095329,11291.213844402402,149.4,0.031019018353957314,34.40285714285714,6.125714285714284,11.21435369236224,140.0,33.70461538461539,7.640000000000001,11.434810994352555,65.0,34.40285714285714,6.125714285714284,11.21435369236224,140.0,0.41225149627641855,-0.011435984968332678,-0.004401001862223097,-0.0013705588329731215,-0.0009504412763068548,-0.12253903598098713,-0.026551045150195223,13.08602046893618,75.0,58500.0,38.0,542.5682270526886,107.82054142348274,3.1253318786621094,4.500475883483887,-10.951698303222656,-0.1289272904396057,-10.822771072387695,0.015496110543608665,0.015496110543608665,3.4082060551554605e-07,-4.4787278175354,0.9222908020019531,0.9490600824356079,-0.026769286021590233,0.026769286021590233,,,,,4.1398024559021,1.6710149876783913,-0.051359983386929875,1.2230607469876607,1.754084607465369,-0.00841483361729,-11.03628667195638,0.6336209838612092,-0.03527110760681334,-0.002779185523589452,0.2760792065741516,-0.005748229908929918,-11.033507442474365,0.5155739786912424,-0.02952288181020627,0.015575196004162233,0.00012491560659509237,-1.2849253686238598e-05,0.015575196004162233,0.00012491560659509237,-1.2849253686238598e-05,4.271222214432176e-07,5.510380463295421e-08,-6.358407415910772e-09,-1.1546699076890945,1.784560838561447,0.011022212130076649,0.927533503373464,0.07908842289215674,-0.002635311894740367,0.9793339709440867,0.06631094635615588,-0.0013807708482456047,-0.05180047986408075,0.03227792310361439,-0.00125453990528793,0.05180047986408075,0.03227792310361439,0.00125453990528793
54.61960607164362,1.0,1500.0,0.0,89.0,1969.0,0.6740734611216923,1327.0,642.0,10.25957340210741,1.8332573168531885,10407.88489330743,127.2,0.02911554660318623,33.09696969696971,5.043939393939394,11.602608531646835,132.0,32.33953488372094,6.939534883720929,11.798499030957524,43.0,33.09696969696971,5.043939393939394,11.602608531646835,132.0,0.4343053327001957,-0.012152196241876748,-0.005126573422851422,-0.0016483370085478156,-0.0038890970400899563,-0.11012364181340957,-0.02954093978899486,13.86119526422482,89.0,60000.0,39.0,556.592010974884,107.7988882645092,2.8670654296875,-0.7771293520927429,-11.221968650817871,0.11922965943813324,-11.341197967529297,0.015514090657234192,0.015514090657234192,2.1665756833044725e-07,0.8786256909370422,0.9695216417312622,1.008618950843811,-0.03909742087125778,0.03909742087125778,,,,,4.340207012494405,2.5039480014768896,-0.017393510466290334,0.8601218968629837,1.5970639057059182,-0.0032966298375432346,-11.81955451965332,0.45573783852936944,0.0018867564811327815,-0.16840338384111722,0.3880425928473926,0.00025915144647454017,-11.651151212056478,0.4235335363129719,0.0016276057225315995,0.015647665007660787,0.000139892728137205,-2.0595093374790745e-06,0.015647665007660787,0.000139892728137205,-2.0595093374790745e-06,2.717190644337582e-07,3.554015952408318e-08,-4.097518096125916e-09,-0.8050349454085032,1.6020744543478633,0.008384184113333856,0.8692224204540253,0.08728509382499906,0.0009361278095817966,0.9395225326220195,0.09333844739487307,6.243853733454498e-05,-0.07030010186135768,0.02904860026613238,0.000873688992125308,0.07030010186135768,0.02904860026613238,-0.000873688992125308
47.992258071899414,1.0,1500.0,0.0,99.0,1999.0,0.7411388815720393,1481.0,518.0,9.454572601315446,1.5996525966528858,10182.76318222441,133.4,0.027707390022016366,35.929850746268656,5.9940298507462675,10.610829108798903,134.0,35.05714285714286,7.908571428571426,10.885502635343324,35.0,35.929850746268656,5.9940298507462675,10.610829108798903,134.0,0.3953788761357417,-0.010669864118434735,-0.004352638512432373,-0.0016719416668295134,-0.00398487853247401,-0.13049082796231598,-0.02430269750806136,12.14979678235089,99.0,61500.0,40.0,571.1263837814331,107.68194526894017,2.3185296058654785,0.7783030867576599,-11.322305679321289,0.3429432511329651,-11.66524887084961,0.015838798135519028,0.015838798135519028,1.3838037205005094e-07,-0.5194242000579834,1.0240960121154785,1.0627317428588867,-0.03863569721579552,0.03863569721579552,,,,,3.6367016235987344,1.4139018858499048,0.022841635111043868,0.8665204058090846,1.6762235189546035,-0.08189104674125017,-11.889038435618083,0.7075405510924637,-0.03230290163610862,-0.044763871903220814,0.38353142040725385,-0.0023071456431215318,-11.844274616241455,0.520302720527943,-0.029995746421601684,0.015851948844889798,0.00010176434595393477,2.165121731821575e-06,0.015851948844889798,0.00010176434595393477,2.165121731821575e-06,1.7359413817530367e-07,2.244366057965476e-08,-2.5894494308520193e-09,-0.7549784898757934,1.6844162255381434,0.08390837158589268,0.9087979773680369,0.10359758271607053,-0.001754430417091635,0.9691971937815348,0.09255283658258748,-0.0005571803738994095,-0.060399207100272176,0.030652275237686436,-0.001197251242412475,0.060399207100272176,0.030652275237686436,0.001197251242412475
48.552630671587856,1.0,1500.0,0.0,55.0,1826.0,0.444990595776847,812.0,1014.0,9.942166849897292,1.9653142692060517,10627.45291123,181.8,0.0432507018128182,34.17398373983739,6.604878048780488,11.3029975759258,123.0,33.91470588235294,7.491176470588236,11.362088953422482,68.0,34.17398373983739,6.604878048780488,11.3029975759258,123.0,0.419217110811033,-0.011962210220499965,-0.0047132997492391315,-0.0021649119662624896,-0.005357142857142901,-0.14238721804510873,-0.027379334905463102,13.691657966189794,55.0,63000.0,41.0,583.9168920516968,107.89206624702737,3.454857349395752,1.034268856048584,-12.608085632324219,-0.14144662022590637,-12.466638565063477,0.0155816450715065,0.0155816450715065,8.799994333230643e-08,-0.8317108750343323,0.8786262273788452,0.9460102319717407,-0.0673840343952179,0.0673840343952179,,,,,4.983447702725728,6.300082255385959,-0.14997053395654272,-0.851804319024086,1.5736151208668863,-0.00023153177623089208,-12.486026604970297,0.7255416377881994,-0.03131172023174881,-0.04443552854160468,0.3316549620513269,0.005984471689441452,-12.441591103871664,0.6800471951915836,-0.037296187599190386,0.015494598479320606,0.0002036158207790629,6.546990301571689e-06,0.015494598479320606,0.0002036158207790629,6.546990301571689e-06,1.1058504843693603e-07,1.4439214322130273e-08,-1.6657038800551925e-09,0.9566456566254298,1.5992220622298228,-0.006540717902252525,0.8930769026279449,0.08573176904336381,-0.00015775981018355744,0.9693154354890188,0.07948119417973104,0.0014375755200794079,-0.07623853211601575,0.03967384741737485,-0.0015953340738580808,0.07623853211601575,0.03967384741737485,0.0015953340738580808
50.96836153666178,1.0,1500.0,0.0,12.0,1952.0,0.08939779127509695,174.0,1778.0,10.200153244367792,1.93098815652995,12111.178460643154,245.60000000000002,0.05627090684140586,33.317557251908404,7.775572519083969,11.564108272723711,131.0,33.16638655462186,7.993277310924367,11.59906110837818,119.0,33.317557251908404,7.775572519083969,11.564108272723711,131.0,0.41484284881535927,-0.009973464383916554,-0.004090155128198663,-0.0021672739447257242,-0.0005330490405117271,-0.1437100213219625,-0.025140837975939363,15.132375687122762,12.0,64500.0,42.0,595.2560980319977,108.35672278410298,1.888163447380066,-1.8704230785369873,-14.770442008972168,0.03382565826177597,-14.804267883300781,0.015046721324324608,0.015046721324324608,5.624342236387747e-08,2.0198416709899902,0.8012176752090454,0.9880600571632385,-0.18684238195419312,0.18684238195419312,,,,,3.4349228660265605,1.6985658813711417,-0.0466985495920575,-0.8507338662942251,1.2983887443063382,-0.000589030749010153,-12.57178881963094,0.7721981370293719,-0.04226428467917075,-0.05336045622825623,0.26124378964657474,-0.0025364563200577245,-12.51842835744222,0.7037888991947531,-0.039727827757430736,0.015242685470730067,0.00027931113174463877,-2.6870740824135756e-05,0.015242685470730067,0.00027931113174463877,-2.6870740824135756e-05,7.059006475647796e-08,9.0245703720909e-09,-1.0412101545556493e-09,0.9440619558095932,1.3101855152501474,0.0009970413630743153,0.9074744164943696,0.07678312285193384,-0.002314208254002641,0.9672348380088807,0.062463227968872645,-0.00060265294967162,-0.059760425426065925,0.03985467617042437,-0.0017115572556538358,0.059760425426065925,0.03985467617042437,0.0017115572556538358
47.02726765682823,1.0,1500.0,0.0,38.0,2000.0,0.28230176729549566,564.0,1436.0,9.886653905021127,2.244062737712913,12102.85065405642,197.20000000000002,0.04282673847891239,34.362686567164204,7.03582089552239,11.238423470913334,134.0,33.58541666666667,7.591666666666669,11.455167464286523,96.0,34.362686567164204,7.03582089552239,11.238423470913334,134.0,0.39360498893177637,-0.011208002259317014,-0.004162829727026932,-0.0010585399745873583,-0.005066752452951613,-0.1376869872929042,-0.025507004098131003,12.847694256686237,38.0,66000.0,43.0,607.8645188808441,108.5768258386168,4.834102630615234,-1.5613611936569214,-13.179370880126953,0.5869941711425781,-13.766365051269531,0.015513204038143158,0.015513204038143158,3.587378571978661e-08,1.5710922479629517,1.0178593397140503,1.1208930015563965,-0.10303361713886261,0.10303361713886261,,,,,3.4078420797983804,0.9586498452734891,-0.022271522611081288,-0.24959722359975178,1.8075700740975753,-0.01635796509277037,-12.849482440948487,0.5016674190225072,0.009909245381764117,0.17324323256810506,0.33103595714900436,0.0006182029727303499,-13.022725677490234,0.4881274311531338,0.009291029984216744,0.01554649102812012,0.00021461031111474102,-4.812173164129867e-06,0.01554649102812012,0.00021461031111474102,-4.812173164129867e-06,4.486052146053983e-08,5.7449484921757114e-09,-6.623722813593641e-10,0.296292441089948,1.790081814263418,0.017945666858166,0.9521260341008504,0.07680722538299242,0.001379135055457096,1.0215256909529369,0.07951876899805264,0.0001463501153718677,-0.06939966237793366,0.030338068474017987,0.0012327854518464749,0.06939966237793366,0.030338068474017987,-0.0012327854518464749
53.73134082637421,1.0,1500.0,0.0,73.0,2078.0,0.5256420306531825,1092.0,986.0,9.84713871581517,2.0288132310862173,11371.432730417937,136.0,0.028367610863126277,34.4906474820144,5.7208633093525165,11.110971622469982,139.0,33.96363636363637,7.239393939393938,11.248550316094233,66.0,34.4906474820144,5.7208633093525165,11.110971622469982,139.0,0.41209802855767685,-0.009816236243825051,-0.004172072411835474,-0.0017644164845533443,-0.00047934460519435214,-0.1106501655917694,-0.025597318580961766,12.925007092906302,73.0,67500.0,44.0,621.5533282756805,108.59888754398465,2.2608742713928223,-0.6621633768081665,-13.120416641235352,-0.06408519297838211,-13.056331634521484,0.01533164270222187,0.01533164270222187,2.3037520335833506e-08,0.6779787540435791,0.9222262501716614,0.9646604657173157,-0.042434271425008774,0.042434271425008774,,,,,3.5716515382130942,1.7422762653775303,0.012674560907552672,-0.3304174909989039,1.7597384214104366,0.015155406357581672,-12.969786961873373,0.5537714197918165,0.022525819178020212,0.02466337929169337,0.3353836151282836,0.01738206854253776,-12.99445037841797,0.372668480795532,0.0051437573119982715,0.01533313225954771,0.0003503293212002734,-2.8010922275873572e-05,0.01533313225954771,0.0003503293212002734,-2.8010922275873572e-05,2.875375534709216e-08,3.6616682049214315e-09,-4.223192596767697e-10,0.4199416627486547,1.7662817287029429,-0.016227186249944063,0.937635862827301,0.09005300928497464,0.005098324251652263,0.9856924990812937,0.08016796343957398,0.004166851518416677,-0.04805663963779807,0.022736769305249965,0.0009314700213154261,0.04805663963779807,0.022736769305249965,-0.0009314700213154261
59.26292133331299,1.0,1500.0,0.0,16.0,1951.0,0.11950411389056888,233.0,1718.0,10.043901557717424,1.8041385763460318,12133.822001755114,249.0,0.056169636814798106,33.839694656488554,7.82290076335878,11.305567488526444,131.0,33.74260869565218,8.478260869565219,11.32056949863781,115.0,33.839694656488554,7.82290076335878,11.305567488526444,131.0,0.4159545950681942,-0.009395783438912253,-0.003795701070563584,-0.00204287962350373,-0.0018815052041633305,-0.07974379503602909,-0.02806514826685898,13.825896490350479,16.0,69000.0,45.0,633.2977466583252,108.95349046177273,2.6603734493255615,0.29668042063713074,-14.510395050048828,-0.2294607162475586,-14.28093433380127,0.016193002462387085,0.016193002462387085,1.4543999782290484e-08,-0.2922188341617584,0.832972526550293,0.924345076084137,-0.09137262403964996,0.09137262403964996,,,,,4.308053195476532,3.605417363424192,-0.09662909356585084,-1.9614180142680804,1.9128803763665334,-0.017993860027946486,-13.744333171844483,0.9230130742076673,-0.051410243720711,0.11115044529239336,0.4178354201451849,-0.010294184630718073,-13.855483627319336,0.7322880683964881,-0.0411160618630346,0.016056180993715922,0.0005066235557782442,5.287914573151711e-05,0.016056180993715922,0.0005066235557782442,5.287914573151711e-05,1.834530885721127e-08,2.4299594868830624e-09,-2.803139166836006e-10,2.0565401246150334,1.9218431391391193,0.017008473829379672,0.9294789075851441,0.11567969746618735,-0.004112276245940403,1.0067939400672912,0.10113477528427396,-0.0024756433966428115,-0.07731504030525685,0.038571688097416616,-0.0016366337302728285,0.07731504030525685,0.038571688097416616,0.0016366337302728285
57.56812648558885,1.0,1500.0,0.0,89.0,1829.0,0.7283019354076471,1332.0,497.0,10.094365548314425,1.757909262759081,9453.563951600423,62.6,0.015130275051965002,33.63739837398374,4.344715447154471,11.410907215257177,123.0,33.2235294117647,6.982352941176471,11.47507813707412,34.0,33.63739837398374,4.344715447154471,11.410907215257177,123.0,0.4268644212474686,-0.010299062564892584,-0.004543827113008334,-0.0013244050493766383,-0.004689573809172735,-0.08759769945435532,-0.02895476204114241,13.460374067934106,89.0,70500.0,46.0,647.0911796092987,108.94909747118876,6.600546360015869,-4.75816535949707,-15.984589576721191,-0.25029775500297546,-15.734292030334473,0.01430138573050499,0.01430138573050499,9.30729004977593e-09,4.671749114990234,0.7702040672302246,0.9210682511329651,-0.15086424350738525,0.15086424350738525,,,,,3.4648767828941347,1.609885154119377,-0.017582043630793118,-1.9763163059949875,1.7273636179798908,-0.05049079209068855,-14.029866250356038,0.7198604757291597,0.004979108146353539,-0.052223335454861325,0.28846623806344535,0.002303943447395748,-13.977643013000488,0.679483736255077,0.002675161478384308,0.015322988076756397,0.0006145594702228906,-6.795407928634175e-05,0.015322988076756397,0.0006145594702228906,-6.795407928634175e-05,1.162496913546344e-08,1.4856783606758189e-09,-1.7129960008864152e-10,2.113706042369207,1.694810888538284,0.04784568725889329,0.9026049653689067,0.07666760970526729,0.001317004605845946,0.9673780043919881,0.06899661832346306,0.0005432676818134715,-0.06477304007858038,0.03773316098020816,0.0007737374809613101,0.06477304007858038,0.03773316098020816,-0.0007737374809613101
58.45697192351023,1.0,1500.0,0.0,72.0,1839.0,0.5861961410264059,1078.0,761.0,10.122272569217554,2.0597852711491833,10238.278621514068,100.0,0.02422363257594109,33.56260162601627,4.8065040650406505,11.346618791804264,123.0,33.06666666666667,6.9372549019607845,11.447831656877812,51.0,33.56260162601627,4.8065040650406505,11.346618791804264,123.0,0.4259135616085569,-0.00963804091260816,-0.003935634038989378,-0.0007361566852006977,-0.005732484076433178,-0.08640582347588537,-0.026950651297784373,13.8078425348262,72.0,72000.0,47.0,660.4571523666382,109.01539901869485,1.9565240144729614,-8.071637153625488,-13.525056838989258,0.4206063151359558,-13.945663452148438,0.014803395606577396,0.014803395606577396,5.911032108230074e-09,8.154277801513672,1.043762445449829,1.0798306465148926,-0.036068160086870193,0.036068160086870193,,,,,3.263386861483256,2.2502086139664077,0.04783021764574904,-2.9924061745405197,1.9380177756714179,-0.09169540347591522,-14.427224381764729,1.0319868563978325,-0.02796126610710264,0.14057104798654715,0.38949922134143883,-0.0024383024748692445,-14.56779530843099,0.9190232427949301,-0.025522961048978863,0.014810088680436213,0.00023710619616906003,1.423042889133267e-05,0.014810088680436213,0.00023710619616906003,1.423042889133267e-05,7.43089357454115e-09,9.694736197243739e-10,-1.1186198248744618e-10,3.1500891109307605,1.9082676187412437,0.09111058501168272,0.9353683531284332,0.10806349240038594,-0.0013100632438405213,1.0132747729619345,0.09255744686150182,-0.0005710109057230525,-0.07790640999252597,0.047916453906910315,-0.0007390511676967453,0.07790640999252597,0.047916453906910315,0.0007390511676967453
53.28520761409276,1.0,1500.0,0.0,71.0,1812.0,0.5838955341527591,1058.0,754.0,10.058058477354058,2.0898400349445425,10347.328430179947,109.0,0.026434495804433234,33.79836065573769,5.249180327868855,11.40830632032483,122.0,32.95686274509805,6.607843137254901,11.622937042562732,51.0,33.79836065573769,5.249180327868855,11.40830632032483,122.0,0.4186224962393329,-0.010519398778759088,-0.004430377873451688,-0.001263682764589668,-0.008294721540837565,-0.11025710911237988,-0.0277471677248111,13.580938271384294,71.0,73500.0,48.0,673.8879716396332,109.06857384791651,2.076235055923462,-2.091062307357788,-16.82093048095703,0.05842655524611473,-16.879356384277344,0.014701367355883121,0.014701367355883121,3.779489610167275e-09,2.3776910305023193,0.8234772086143494,0.9938451647758484,-0.1703679859638214,0.1703679859638214,,,,,3.079375712076823,1.188239422028579,-0.008542967638264069,-2.893445501724879,1.9059368749183965,0.012096460470235675,-14.923679701487224,0.9603658104295137,-0.023837046681574724,-0.013925790290037791,0.2515208877720291,0.004437499883707959,-14.909753894805908,0.9562856522065522,-0.028274547377470607,0.014669387725492318,0.0002089135603988557,-1.5969735645876757e-05,0.014669387725492318,0.0002089135603988557,-1.5969735645876757e-05,4.735815265869784e-09,6.110923488842409e-10,-7.049671646096103e-11,3.009134890635808,1.9332306645715893,-0.010704429436048305,0.8992520312468211,0.07306143246864173,0.00018298354111735037,0.9767170349756876,0.05955345709651158,0.0010512479552967837,-0.07746500456705689,0.04871973535593631,-0.0008682645469887352,0.07746500456705689,0.04871973535593631,0.0008682645469887352
57.65512848775321,1.0,1500.0,0.0,109.0,2035.0,0.8003024011252242,1628.0,407.0,9.704207688666036,1.8368998531847458,10234.090447736065,70.60000000000001,0.014720600500417014,35.007299270073,3.7080291970802914,10.858893767036994,137.0,34.25,6.550000000000002,11.020472555792818,28.0,35.007299270073,3.7080291970802914,10.858893767036994,137.0,0.4071717920335528,-0.009183208599312941,-0.004093667624165426,-0.0010549530264009625,-0.009164887170311956,-0.0749350724303088,-0.025214086601191114,12.584911965490729,109.0,75000.0,49.0,688.7107982635498,108.89912019544037,2.437497615814209,-4.882110595703125,-14.479167938232422,0.35686635971069336,-14.836034774780273,0.013331463560461998,0.013331463560461998,2.411783661671052e-09,5.233705520629883,1.0149658918380737,1.0626516342163086,-0.04768583923578262,0.04768583923578262,,,,,3.7480228225390118,3.373991401031164,0.009749693043107271,-3.214452248811722,1.75727856625528,-0.09394639258390007,-15.322513008117676,0.7537979050848407,-0.012431688913380904,-0.11116008361180624,0.312773115495536,0.006451810062660922,-15.211352920532226,0.6854364439862017,-0.018883502523148146,0.014053172462930282,0.0005539504668325145,-6.280462791080375e-05,0.014053172462930282,0.0005539504668325145,-6.280462791080375e-05,3.0220087987586906e-09,3.9132961899769227e-10,-4.514564428633021e-11,3.33363019824028,1.748092291805131,0.08604516366432453,0.8787600576877594,0.08171166835987514,0.0011436975174671338,0.9538220922152202,0.07341359146298775,0.001516454211861976,-0.07506203086425861,0.034098288658178544,-0.00037275672050087025,0.07506203086425861,0.034098288658178544,0.00037275672050087025
61.71720304943266,1.0,1500.0,0.0,42.0,1915.0,0.3264245247098661,625.0,1290.0,10.189645182536987,2.0541492600264357,11504.382951784406,174.4,0.040875638681854405,33.332812499999996,6.075000000000001,11.537107553109275,128.0,33.08837209302325,7.823255813953486,11.632203317529054,86.0,33.332812499999996,6.075000000000001,11.537107553109275,128.0,0.42639180968480117,-0.009666858497773344,-0.0036526027557964758,-0.0009399748803520484,-0.00416731699703451,-0.06542843764632493,-0.027825565224926144,13.708781656559076,42.0,76500.0,50.0,701.1300592422485,109.10957102977147,3.3638603687286377,-1.391460657119751,-17.639867782592773,0.0435308963060379,-17.683399200439453,0.013926636427640915,0.013926636427640915,1.5428320843113852e-09,1.4173588752746582,0.8186227083206177,0.9901848435401917,-0.17156212031841278,0.17156212031841278,,,,,3.077444843451182,2.354764713110147,-0.09376454934129734,-4.228088661034902,1.6572643143571049,0.01039530101156612,-15.3630264600118,0.7664962786411912,-0.04886557798629587,0.016258398070931435,0.3459491449325608,-0.0173914219956178,-15.379284858703613,0.7155229739270044,-0.03147415823082481,0.013873195927590131,0.00013453629143537872,9.531273120170711e-06,0.013873195927590131,0.00013453629143537872,9.531273120170711e-06,1.9315692082836715e-09,2.4846928925647486e-10,-2.865393948563704e-11,4.325097338358561,1.6476572759860693,-0.013911970306158958,0.9175933778285981,0.08261378186254274,-0.005047880621985428,0.983709055185318,0.08076112425847419,-0.0040535798062206925,-0.06611568424850703,0.03397729621130721,-0.0009943017783731183,0.06611568424850703,0.03397729621130721,0.0009943017783731183
56.77097122276886,1.0,1500.0,0.0,79.0,2090.0,0.5668036660717627,1184.0,906.0,9.809090789278557,1.5093170650489585,10545.165909064095,90.60000000000001,0.018686577015097763,34.63142857142857,4.178571428571428,11.005713674866614,140.0,33.41967213114755,5.599999999999999,11.453862724685067,61.0,34.63142857142857,4.178571428571428,11.005713674866614,140.0,0.403241513495504,-0.008254459628334942,-0.003131798984435803,-0.0009377778256542423,-0.01300947867298538,-0.07677725118483246,-0.022937475513668672,12.189620163067387,79.0,78000.0,51.0,715.1018726825714,109.07536811139585,2.206242322921753,-2.8688409328460693,-16.63849639892578,-0.027694672346115112,-16.610801696777344,0.013390088453888893,0.013390088453888893,9.847980209087837e-10,3.281432867050171,0.8726063966751099,0.9735792875289917,-0.10097280889749527,0.10097280889749527,,,,,3.312831515073776,4.102408121626359,0.11909866458979808,-4.639775808652242,1.6079887211961863,-0.007836383070643257,-15.899388058980305,0.728130271892046,0.0003852521749975685,-0.04402640511592229,0.3406817962078876,-0.005438289261765956,-15.855361620585123,0.6810253823762537,0.005823532970118792,0.013805271623035272,0.00022683191443435157,-1.702336584102885e-05,0.013805271623035272,0.00022683191443435157,-1.702336584102885e-05,1.2316305827061076e-09,1.5920725985594772e-10,-1.8357068429919626e-11,4.7783786455790205,1.5881514117908568,0.012486270166212466,0.8970895111560822,0.0823362369314709,-0.0004158679449783951,0.969701761007309,0.0794989358938604,-0.0012626703509499685,-0.07261224774022897,0.033925391191237476,0.0008468025186833627,0.07261224774022897,0.033925391191237476,-0.0008468025186833627
57.95129416365373,1.0,1500.0,0.0,95.0,2027.0,0.6970195883909308,1412.0,615.0,9.991546197181327,2.048611045079899,10728.053156424576,99.4,0.021501189703655634,33.992647058823536,3.9264705882352926,11.390429731060125,136.0,32.15609756097561,6.004878048780487,11.919372703520585,41.0,33.992647058823536,3.9264705882352926,11.390429731060125,136.0,0.41231766634564615,-0.009350067033407444,-0.0038487677926552287,-0.001075319792931741,-0.009279110277368111,-0.07712716065925022,-0.026018733971807432,13.076116606971325,95.0,79500.0,52.0,729.4330451488495,108.98875575862769,2.157689094543457,-4.308455467224121,-17.599546432495117,-0.13051199913024902,-17.46903419494629,0.013175524771213531,0.013175524771213531,6.288645715279984e-10,4.466798782348633,0.8253296613693237,0.9498544931411743,-0.12452483922243118,0.12452483922243118,,,,,2.1655100146929422,0.7787366040158216,0.020718557312172932,-4.674044072628021,1.6922584620351346,0.024367040813433445,-16.054056453704835,0.9404656489382094,-0.019134773746613407,0.06959192529320717,0.2743972633184231,-0.008438519034555421,-16.12364823023478,0.837591636625255,-0.010696242887265313,0.013643516972661019,0.00018637044682533722,-4.955361679080573e-06,0.013643516972661019,0.00018637044682533722,-4.955361679080573e-06,7.875440910520837e-10,1.015660251972264e-10,-1.1713700347105472e-11,4.776445668935776,1.6968011287726399,-0.020087597115551716,0.9273034890492757,0.0817801173476703,-0.001921198869308464,0.9961923837661744,0.06382206121253539,-0.0019628526901907255,-0.06888890384385983,0.039750794834595336,4.1653590486100814e-05,0.06888890384385983,0.039750794834595336,-4.1653590486100814e-05
59.14484336159446,1.0,1500.0,0.0,66.0,1893.0,0.5167219737946583,978.0,915.0,10.044257790738293,1.7603819500180014,10364.50725253428,117.2,0.02707072573566776,33.82343749999998,4.8765625,11.381014931495791,128.0,32.58387096774194,6.961290322580646,11.860663314617852,62.0,33.82343749999998,4.8765625,11.381014931495791,128.0,0.4112504749979079,-0.008898560457922665,-0.003719524677927466,-0.0008886398509125059,-0.0057906887264333,-0.07410542516352352,-0.02390528320898452,12.844468863531633,66.0,81000.0,53.0,742.6197209358215,109.0733220738157,1.5161845684051514,-4.520946979522705,-15.44032096862793,0.19333629310131073,-15.633657455444336,0.01339375413954258,0.01339375413954258,4.0122091760075307e-10,4.7588791847229,1.0022594928741455,1.0248280763626099,-0.022568562999367714,0.022568562999367714,,,,,4.182637087504069,5.2641035106597265,-0.2134172349405767,-4.889963716268539,1.9469292576162323,-0.03520140458267175,-16.572581100463868,1.0215559805718928,0.02102661939033332,-0.037777350594600044,0.33429678237286975,0.0035255462179857606,-16.53480364481608,0.9890864773763014,0.017501063447641223,0.01312002381309867,0.0002649944040644626,6.338129766917262e-07,0.01312002381309867,0.0002649944040644626,6.338129766917262e-07,5.015931623756724e-10,6.533738457351387e-11,-7.534623851790711e-12,4.99212034145991,1.9532657815318109,0.037756579842530225,0.8992213765780132,0.08779250263482759,0.002175779708633143,0.9711731294790904,0.07704444773539369,0.000824947975103507,-0.07195174102671445,0.04712710425659866,0.0013508309170943567,0.07195174102671445,0.04712710425659866,-0.0013508309170943567
56.911575154361564,1.0,1500.0,0.0,117.0,2090.0,0.8335810505447071,1742.0,348.0,9.42945298737998,1.7784473703448718,10457.541716039814,61.6,0.012128849334488462,36.01985815602836,3.9602836879432632,10.557742991554212,141.0,35.56666666666666,7.141666666666667,10.530051920265374,24.0,36.01985815602836,3.9602836879432632,10.557742991554212,141.0,0.39411994221840096,-0.00814305642205621,-0.002877649196009865,-0.000811413428061823,-0.0031187963640163293,-0.08086929265489219,-0.023676500092831114,11.981336263421186,117.0,82500.0,54.0,757.932347536087,108.84876502262225,2.161807060241699,-3.3558189868927,-16.043838500976562,0.15182578563690186,-16.195663452148438,0.013486199080944061,0.013486199080944061,2.5720880980628635e-10,3.746760606765747,0.9817866086959839,1.0152578353881836,-0.03347120061516762,0.03347120061516762,,,,,2.3507648130257923,1.6824862712917579,0.01031900562089059,-5.962003922462463,1.3566338096668638,-0.041742072089495354,-16.473556168874104,0.9401980429447987,-0.01991020537854799,-0.00020337260017792383,0.2922647225334446,-0.0016256526042111657,-16.473352718353272,0.8279105176871396,-0.018284549012995276,0.01363827499250571,0.00021933651902655192,-1.411346037011288e-05,0.01363827499250571,0.00021933651902655192,-1.411346037011288e-05,3.2163725294243053e-10,4.1460537705499396e-11,-4.782005844327854e-12,6.061307120323181,1.3628560940931453,0.0438659082928276,0.9264858424663543,0.08483630084263749,-0.0006991817503007493,0.979859725634257,0.06805827493733455,-0.0003712545645250456,-0.05337388844539722,0.037225575275775365,-0.0003279275616197876,0.05337388844539722,0.037225575275775365,0.0003279275616197876
73.63762071397569,1.0,1500.0,0.0,9.0,1910.0,0.06521253303077885,124.0,1786.0,10.064316910912426,2.1020333105197553,12257.023034295033,255.8,0.05875327300289403,33.7503875968992,7.5441860465116255,11.370460932935543,129.0,33.65499999999998,8.109999999999998,11.385035442786434,120.0,33.7503875968992,7.5441860465116255,11.370460932935543,129.0,0.40865295435680576,-0.007201779249102955,-0.003141070431581233,0.0,-0.0009129213483146068,0.0,-0.023234262218678053,14.436732726460004,9.0,84000.0,55.0,769.274721622467,109.19376087496639,3.882188320159912,-6.070364952087402,-18.586023330688477,-0.5425888299942017,-18.043434143066406,0.01275912206619978,0.01275912206619978,1.633300994452469e-10,6.21187686920166,0.75489741563797,0.8555847406387329,-0.10068731009960175,0.10068731009960175,,,,,4.367176083723704,12.090446027003217,0.1259054823367296,-6.105273874600728,1.6831871540947074,0.05641944283770789,-17.237319056193034,1.0865647573035129,-0.036628403202179555,-0.11205101454009612,0.3178369065798733,-0.0027067196278835913,-17.125267791748048,1.0589077306883479,-0.033921684969518716,0.013361794377366702,0.00022776609040914,-1.7928890262350352e-05,0.013361794377366702,0.00022776609040914,-1.7928890262350352e-05,2.05237274397696e-10,2.6866123226089472e-11,-3.0987266330933792e-12,6.242016784350077,1.678734276751356,-0.056933156534349855,0.8866943518320719,0.08415132996811832,-0.0016101022450889621,0.9540719389915466,0.07365119194601243,-0.000610270065248232,-0.0673775856072704,0.046366820499184995,-0.0009998313548070287,0.0673775856072704,0.046366820499184995,0.0009998313548070287
62.74943256378174,1.0,1500.0,0.0,58.0,1819.0,0.47148077139581157,857.0,962.0,10.449584584028035,1.4511013804069066,9789.842864164739,122.0,0.030515257628814407,32.504065040650424,4.517073170731708,11.839367268089704,123.0,31.46461538461539,6.289230769230769,12.165904197978941,65.0,32.504065040650424,4.517073170731708,11.839367268089704,123.0,0.429349791086746,-0.008932650298313393,-0.003328894952943764,-0.0005263398090503292,-0.000716886663632225,-0.06681838871187994,-0.026290783576638253,13.849388106714578,58.0,85500.0,56.0,782.1619780063629,109.31239615856711,2.1010806560516357,-7.45700740814209,-16.284099578857422,0.014485709369182587,-16.298585891723633,0.013074096292257309,0.013074096292257309,1.0493318020055042e-10,7.779199123382568,0.9740091562271118,0.9833399057388306,-0.009330728091299534,0.009330728091299534,,,,,1.85636864900589,0.718926263607025,0.005270373198028646,-6.7333817402521765,1.5842718990255005,-0.007173043602167926,-16.858889134724937,0.5644753826056624,0.002522432286959803,0.0009127013385295868,0.21039129848664614,0.004670368115085124,-16.859802055358887,0.508049840932211,-0.0021479380674433546,0.012595678896953661,0.000202675619987769,6.4525784338272326e-06,0.012595678896953661,0.000202675619987769,6.4525784338272326e-06,1.3101387891234496e-10,1.6684242096448633e-11,-1.9244795134573247e-12,6.822684256235759,1.565760006100557,0.007841072464413556,0.939566292365392,0.055300304991531636,0.001454369868001603,0.9802342096964518,0.048066924182410035,0.0010697034627895183,-0.04066792586818337,0.022548170527561372,0.0003846669863822471,0.04066792586818337,0.022548170527561372,-0.0003846669863822471
59.71864789832722,1.0,1500.0,0.0,110.0,1953.0,0.8418502483076938,1644.0,309.0,9.65806413037134,1.9435942775684278,9925.076970483606,37.4,0.008119491120663454,35.1618320610687,3.273282442748093,10.840733407483473,131.0,34.18095238095238,5.657142857142858,11.134588705336757,21.0,35.1618320610687,3.273282442748093,10.840733407483473,131.0,0.40430646377003365,-0.008476702526203311,-0.0036485398142995016,-0.000666431876761207,-0.000881082310140971,-0.0703046839472467,-0.024656258167445183,12.432508591038614,110.0,87000.0,57.0,797.04421210289,109.15329247603798,2.223912239074707,-8.70380687713623,-16.07265853881836,0.687614917755127,-16.760272979736328,0.01299380324780941,0.01299380324780941,6.688584408554021e-11,8.78829574584961,1.1229026317596436,1.1383057832717896,-0.015403026714920998,0.015403026714920998,,,,,1.8461774269739786,0.511031873959783,0.0023215004811694686,-6.649119242032369,1.6961955530190385,-0.06274863016088213,-17.434577083587648,1.2720374007484814,-0.0304335298209353,0.001544993370771408,0.30696269015856537,0.003467497642300149,-17.43612200419108,1.3404904052544666,-0.033901038079691005,0.012905388077100118,0.00021206519363779777,-1.6302747177468108e-05,0.012905388077100118,0.00021206519363779777,-1.6302747177468108e-05,8.406155308874711e-11,1.0769547657415903e-11,-1.2426235760301301e-12,6.75281171798706,1.6604747504891522,0.058495260160146945,0.9291175524393718,0.07475980075335961,-0.00016856074200590943,0.9803877572218577,0.07058653714865552,0.0007971635119402874,-0.05127018994341294,0.05681239688637778,-0.0009657250590895919,0.05127018994341294,0.05681239688637778,0.0009657250590895919
56.97406581596092,1.0,1500.0,0.0,108.0,2037.0,0.7934595513789517,1616.0,421.0,9.379612299409192,2.04577614972671,10906.742242464657,80.0,0.016130333091378336,36.20145985401462,4.061313868613138,10.512880629220815,137.0,35.59310344827586,7.772413793103446,10.462760544173635,29.0,36.20145985401462,4.061313868613138,10.512880629220815,137.0,0.3902821849405657,-0.00813686359282572,-0.0035061802797503832,-0.0007037264702587681,-0.006634858265506458,-0.07431939376929324,-0.02320116286856645,11.813040617913462,108.0,88500.0,58.0,811.9806473255157,108.99274544473367,0.7501204013824463,-7.895538330078125,-18.347068786621094,-0.4888923764228821,-17.858177185058594,0.013254361227154732,0.013254361227154732,4.224532182406371e-11,8.206335067749023,0.8193149566650391,0.8669182658195496,-0.0476033054292202,0.0476033054292202,,,,,4.501820234457652,14.736514339479829,0.3349563534188192,-6.744346042474111,1.4421699678621562,-0.06645297624908372,-18.698681767781576,1.2418888101929015,-0.02344734607734667,-0.051361140857140226,0.4063193839248429,-0.012327673661629278,-18.647320556640626,1.1014856786617564,-0.011119672798606128,0.013493064418435096,0.00018101947327355764,8.80171065203186e-06,0.013493064418435096,0.00018101947327355764,8.80171065203186e-06,5.32054885103254e-11,7.088567394183359e-12,-8.170168479777258e-13,6.912593340873718,1.439772143882161,0.0628530032907895,0.8800490776697795,0.11164929292849714,-0.0028185622180264248,0.9680071949958802,0.09429037304170637,-0.0028549092232319153,-0.08795812070990602,0.04652570198636451,3.634729713732089e-05,0.08795812070990602,0.04652570198636451,-3.634729713732089e-05
69.46476078033447,1.0,1500.0,0.0,10.0,1852.0,0.0744317527055041,137.0,1715.0,9.915698923358041,1.9822796164056447,11458.746437575837,240.8,0.056211774592651385,34.2704,7.895999999999999,11.27137052189498,125.0,34.29739130434782,8.471304347826086,11.253972887408995,115.0,34.2704,7.895999999999999,11.27137052189498,125.0,0.4259938808244015,-0.006574139510106415,-0.0028179717694512755,-0.0011416120783368485,-0.0019003931847968553,-0.03355176933158581,-0.02286135116348794,14.96418468113809,10.0,90000.0,59.0,823.308023929596,109.3151012550999,0.7546768188476562,-9.381097793579102,-18.577117919921875,-0.1062941625714302,-18.470823287963867,0.013054877519607544,0.013054877519607544,2.7051241455189334e-11,9.307497024536133,0.8964137434959412,0.9554992914199829,-0.059085533022880554,0.059085533022880554,,,,,3.7091364641984303,6.577554251734853,0.16394295810459716,-7.971269019444784,1.7543543128304238,-0.022215034752188906,-18.6387996673584,0.711072444251957,0.0026863157550279476,-0.015794104213515917,0.3343118456963337,-0.0027280969510022775,-18.62300548553467,0.7572192857530274,0.005414425570920316,0.013174127383778492,0.00012087773670900397,-1.4978213374555327e-06,0.013174127383778492,0.00012087773670900397,-1.4978213374555327e-06,3.384177457941654e-11,4.3566114298060554e-12,-5.025431834204908e-13,8.10781037012736,1.7228401567020661,0.025997245033272505,0.904083251953125,0.07221946740999956,7.206269180414562e-05,0.9762992481390635,0.07720966058385731,-0.0006286548825604792,-0.07221600891401371,0.03199864370953449,0.0007007169101109637,0.07221600891401371,0.03199864370953449,-0.0007007169101109637
53.6546411216259,1.0,1500.0,0.0,96.0,1927.0,0.7447420563730398,1435.0,492.0,9.380100223048423,1.8201458039590572,10107.214478450347,73.4,0.015711961640551417,36.2139534883721,4.544186046511628,10.573481753661452,129.0,34.70909090909091,6.84848484848485,10.974655857937428,33.0,36.2139534883721,4.544186046511628,10.573481753661452,129.0,0.3860952908461839,-0.008544996563354765,-0.0027001416006570684,-0.0006422689582273027,-0.008439609902475408,-0.0900725181295294,-0.023437753880797288,11.622151118355008,96.0,91500.0,60.0,837.7264311313629,109.22420088432425,0.9033247232437134,-6.0868964195251465,-18.958534240722656,0.10551008582115173,-19.064044952392578,0.01287857722491026,0.01287857722491026,1.7243258904064973e-11,6.143228054046631,0.9350142478942871,1.0042434930801392,-0.06922929733991623,0.06922929733991623,,,,,2.644565922021866,3.996212270510628,-0.16237235465755204,-8.075725936889649,1.4933183886809562,-0.03785922694391861,-18.9317964553833,1.0530224705596538,-0.04947116711778761,-0.08101796954870225,0.28393844593614403,-0.005187424049361529,-18.850778579711914,0.9117778227421706,-0.044283747010023765,0.0132460441129903,0.00032492749728807777,-1.8357131858092425e-05,0.0132460441129903,0.00032492749728807777,-1.8357131858092425e-05,2.1642853192486526e-11,2.8196026421443765e-12,-3.2534949312891957e-13,8.174318027496337,1.4998712957501197,0.037279058802246856,0.8939546465873718,0.08573183776450025,-0.0025300026470349984,0.961290584007899,0.06575404860239052,-0.0011959767978104137,-0.06733593304331104,0.03559606076483404,-0.0013340259231917043,0.06733593304331104,0.03559606076483404,0.0013340259231917043
60.19230802008446,1.0,1500.0,0.0,94.0,1934.0,0.7229959736136612,1398.0,536.0,9.8160753452209,1.7120419925237504,9977.099663000456,84.4,0.018765563856278904,34.596923076923076,3.7646153846153854,11.077803972215063,130.0,32.98333333333334,6.383333333333333,11.608443346604375,36.0,34.596923076923076,3.7646153846153854,11.077803972215063,130.0,0.4056763840752533,-0.008181806988473818,-0.0027323685271561722,-0.0005979338512677525,-0.002502168546073281,-0.06928671515313106,-0.024367376928561366,12.67905196485771,94.0,93000.0,61.0,852.0791919231415,109.14478475891323,0.7936754822731018,-10.114795684814453,-18.83441734313965,0.06322622299194336,-18.89764404296875,0.013234102167189121,0.013234102167189121,1.1049501591475774e-11,10.317296028137207,0.9455550909042358,0.9946190118789673,-0.04906396567821503,0.04906396567821503,,,,,2.4647177239259084,5.886268023959402,0.09742040505531233,-8.529691807428996,1.6744988945842785,-0.015466586633836992,-19.064766311645506,0.8236809009310203,0.011223051518832175,-0.07342837403217951,0.2460600631192244,-0.0003852372158223448,-18.991337903340657,0.748296003888308,0.011608279507206082,0.01302797111372153,0.00017327636381754007,-4.805638988371042e-06,0.01302797111372153,0.00017327636381754007,-4.805638988371042e-06,1.3810694717471724e-11,1.7561128766729479e-12,-2.0256230955963083e-13,8.652596346537273,1.6641646461974189,0.01328043826297314,0.9037890036900839,0.06853593164691467,0.0008289277487256971,0.9630766073862712,0.05673057170879193,-8.688026063305126e-05,-0.05928759231852988,0.030748873020520585,0.0009158070168112965,0.05928759231852988,0.030748873020520585,-0.0009158070168112965
57.91194787963492,1.0,1500.0,0.0,122.0,1937.0,0.9430329819736614,1826.0,111.0,9.605216598129404,1.588819621656567,9108.480756513953,38.0,0.008269138703921312,35.349230769230786,3.238461538461539,10.875012835368471,130.0,35.2,7.575000000000003,10.986421212873655,8.0,35.349230769230786,3.238461538461539,10.875012835368471,130.0,0.40443142920098113,-0.008136832671198383,-0.002311351470310086,-0.0007405352359960028,-0.012177613700455867,-0.07391683330769382,-0.023880095696280808,12.62851338304197,122.0,94500.0,62.0,867.2257063388824,108.96817207938322,0.7682921290397644,-11.372425079345703,-19.539958953857422,-0.5167173743247986,-19.02324104309082,0.012176470831036568,0.012176470831036568,6.985001986536954e-12,11.356624603271484,0.8222006559371948,0.8627802133560181,-0.04057951644062996,0.04057951644062996,,,,,1.3553037921587625,0.9206659217799916,-0.019208770466593417,-9.331906159718832,1.5932192000899497,-0.01847868124820744,-20.3056666692098,0.9496693434712543,0.007881896514383747,-0.047574709231654806,0.2584877351035538,-0.00016779256891355564,-20.258091926574707,0.9579546250041763,0.00804970161005226,0.012599773053079844,0.00028804467534961265,-2.8486022553733334e-05,0.012599773053079844,0.00028804467534961265,-2.8486022553733334e-05,8.783947874624332e-12,1.1605345340917007e-12,-1.3384150167934888e-13,9.442884683609009,1.596119104678765,0.014864713543646687,0.8736062904198965,0.06475051115384813,0.0007703209480268397,0.9691210409005483,0.058998061979812194,-2.2762649183969144e-05,-0.09551473800092936,0.03812046706663635,0.0007930835586733245,0.09551473800092936,0.03812046706663635,-0.0007930835586733245
54.94973188638687,1.0,1500.0,0.0,68.0,1953.0,0.5210056662266684,1017.0,936.0,9.687374309451032,1.8384945204062428,11105.992482150486,139.8,0.030440273483429866,35.05801526717558,5.668702290076337,10.909497842142747,131.0,33.87301587301588,7.974603174603171,11.242932975456364,63.0,35.05801526717558,5.668702290076337,10.909497842142747,131.0,0.3937177860265455,-0.008641303002651363,-0.00243859890232003,-0.0011426100885603668,-0.007375134746676213,-0.08630973769313507,-0.023816930933802282,11.732447774118711,68.0,96000.0,63.0,880.694666147232,109.0048613783145,1.1215484142303467,-8.802978515625,-19.190526962280273,0.14132171869277954,-19.33184814453125,0.011863384395837784,0.011863384395837784,4.464938401643748e-12,9.084159851074219,0.9721640348434448,1.0118705034255981,-0.03970647603273392,0.03970647603273392,,,,,2.644702583551407,4.5328714374782955,-0.13677998067804925,-9.5909348487854,1.8431592378981405,-0.06231079207644157,-20.310548782348633,0.8849033232597914,0.027880102376121575,-0.06730798998226722,0.26926119852457403,0.008367671803037772,-20.243240737915038,0.7765118548150834,0.019512427715094056,0.011836298027386267,0.000219263442052557,-1.860033923778851e-06,0.011836298027386267,0.000219263442052557,-1.860033923778851e-06,5.5860993782019804e-12,7.213984361888924e-13,-8.321144474090214e-14,9.749230003356933,1.8618506383493518,0.06772251956587487,0.8837470849355061,0.07559705986576401,0.0030947558208885414,0.9648244818051656,0.0607464892301098,0.0018935280726668918,-0.0810773945103089,0.031044517394584237,0.0012012271307930958,0.0810773945103089,0.031044517394584237,-0.0012012271307930958
60.128113225102425,1.0,1500.0,0.0,64.0,1852.0,0.516399959785628,956.0,896.0,9.891551602128182,1.7138283810419985,9966.628286569456,121.2,0.028445362373263238,34.361290322580665,5.069354838709676,11.243016285974049,124.0,33.91666666666668,7.6366666666666685,11.381792608287084,60.0,34.361290322580665,5.069354838709676,11.243016285974049,124.0,0.41410079902565405,-0.008430974440002039,-0.0026318792965886097,-0.0010463397163526528,-0.009247805267358241,-0.06799680766161167,-0.02377599539001911,12.988530758531802,64.0,97500.0,64.0,893.7593231201172,109.08977112499048,1.0465474128723145,-10.70535659790039,-18.930728912353516,0.418547660112381,-19.34927749633789,0.010746574029326439,0.010746574029326439,2.8588470566554003e-12,10.920048713684082,1.0443758964538574,1.0723309516906738,-0.02795509062707424,0.02795509062707424,,,,,3.1792908191680906,6.738228510149558,-0.2448268566036119,-10.65870631535848,1.1500295286351714,-0.02540897055382972,-20.23000291188558,0.9942385409514853,-0.004043398762703844,-0.0905762605369091,0.31406732063618653,0.008427434906081712,-20.139426612854002,0.9045510792577488,-0.012470839843070807,0.011178524140268565,0.0003397029140602166,-3.0684332934118086e-05,0.011178524140268565,0.0003397029140602166,-3.0684332934118086e-05,3.580406059885503e-12,4.605912280649532e-13,-5.313033438652665e-14,10.77818717956543,1.112559907120587,0.02215756510733488,0.8959370811780294,0.08203613900810122,0.0018345075931909434,0.9598475337028504,0.06965141689426185,0.001877167492740273,-0.06391043352584044,0.034070874263931086,-4.266084516804149e-05,0.06391043352584044,0.034070874263931086,4.266084516804149e-05
54.96175067982775,1.0,1500.0,0.0,94.0,2083.0,0.6735363180118941,1402.0,681.0,9.48957249754789,1.732896955783872,10831.734752650249,105.0,0.020951392768776438,35.79714285714287,4.497142857142857,10.62557490357883,140.0,33.839130434782604,6.534782608695651,11.209006730236588,46.0,35.79714285714287,4.497142857142857,10.62557490357883,140.0,0.3856567051935744,-0.008089886091359012,-0.0024684520691916,-0.0009462422711747606,-0.009208009182501982,-0.08391786761892357,-0.02200542152061697,11.749361483213024,94.0,99000.0,65.0,908.4704344272614,108.97437742419635,1.11723792552948,-9.205887794494629,-19.629241943359375,-0.30555397272109985,-19.323688507080078,0.01130988635122776,0.01130988635122776,1.8254165540243505e-12,9.235218048095703,0.8969019651412964,0.9118281602859497,-0.014926190488040447,0.014926190488040447,,,,,2.3217513690392177,3.8809005353606016,-0.00643881205987358,-10.460077540079753,1.2601415351949679,-0.006231633866323572,-20.27645460764567,0.8785457141725757,-0.0293265978141669,0.09456612095236779,0.3366669181385615,0.0060731349171069884,-20.37102082570394,0.8876249447823317,-0.03539973928347545,0.010768089878062407,0.0002821787698517891,2.7234994032491377e-05,0.010768089878062407,0.0002821787698517891,2.7234994032491377e-05,2.289570059874531e-12,2.954348961853063e-13,-3.4089936092371714e-14,10.599893538157145,1.25165908584217,0.001067712336148546,0.9411548475424448,0.07465332928821555,0.0004635154604248522,1.0009262065092723,0.07438256316439606,0.0013593174989549367,-0.059771346673369405,0.031963889963739826,-0.0008958015909979939,0.059771346673369405,0.031963889963739826,0.0008958015909979939
55.309906669284985,1.0,1500.0,0.0,23.0,2035.0,0.16424447198006814,334.0,1701.0,9.945068848444414,1.9588542381513445,12514.637510010136,248.0,0.053005044028383345,34.151824817518246,7.353284671532849,11.217083346674762,137.0,33.91228070175438,8.073684210526316,11.275251236523417,114.0,34.151824817518246,7.353284671532849,11.217083346674762,137.0,0.40652469539618546,-0.008755018654915531,-0.002061377535821468,-0.0006137351934394057,-0.008993985784581793,-0.09513395297977113,-0.022397499432603295,12.595738887701335,23.0,100500.0,66.0,920.5246295928955,109.17687237162399,0.8827287554740906,-12.659318923950195,-21.242435455322266,-0.6932793855667114,-20.549156188964844,0.010716177523136139,0.010716177523136139,1.1638073317554731e-12,12.68979263305664,0.7793374061584473,0.8271495699882507,-0.04781218618154526,0.04781218618154526,,,,,1.2652550081411997,1.0229224922607933,-0.01641966136331953,-10.749945004781088,1.9372115985098415,-0.02972856549187664,-21.102786254882812,1.1101294470130092,-0.014059201284032676,-0.07887194901704789,0.33655970642933924,-0.0041013038397100495,-21.023914273579916,1.0618130895763578,-0.009957898896315324,0.011120497435331344,0.00015174761321248335,-3.82469339219579e-06,0.011120497435331344,0.00015174761321248335,-3.82469339219579e-06,1.4597237047581092e-12,1.895282126943842e-13,-2.186640302301786e-14,10.89443826675415,1.9066475046317242,0.029923568869856785,0.8912968873977661,0.08350327678227483,-0.0008373447467010648,0.9625100632508595,0.07471496664319784,-0.0008974494472626844,-0.07121318184460203,0.038862180680118,6.0103744376158135e-05,0.07121318184460203,0.038862180680118,-6.0103744376158135e-05
58.02598026563536,1.0,1500.0,0.0,106.0,1946.0,0.8134936470977772,1583.0,363.0,9.528772218262496,1.7448459283352877,9353.940629845985,44.6,0.009554413024850043,35.63358778625954,3.1221374045801524,10.74860418511448,131.0,31.727999999999998,4.095999999999998,11.958862073066166,25.0,35.63358778625954,3.1221374045801524,10.74860418511448,131.0,0.3881663926266854,-0.007274555690773265,-0.0025163713488905574,-0.0007504368657163941,-0.007620944792259344,-0.06980079681274699,-0.021155916301367397,11.772562258645783,106.0,102000.0,67.0,935.3184072971344,109.05377163992495,2.2550902366638184,-13.02157211303711,-22.014251708984375,-0.7263518571853638,-21.287899017333984,0.010335603728890419,0.010335603728890419,7.429538212942732e-13,13.00931167602539,0.7588874101638794,0.8211342692375183,-0.06224688142538071,0.06224688142538071,,,,,2.799590665102005,5.744162879457688,0.26728200770591337,-11.134494336446126,1.7241330995289652,-0.04339539991469987,-21.1223482131958,1.138756701059905,-0.005926924844472032,0.02057188153266907,0.43815334198334815,0.0036778060394081335,-21.142920112609865,1.0065546745898866,-0.009604708000072177,0.010455417260527611,0.00019182747926055577,-1.7238888595340592e-05,0.010455417260527611,0.00019182747926055577,-1.7238888595340592e-05,9.309332999208237e-13,1.209846630872171e-13,-1.3951800248024513e-14,11.286021216710408,1.7524742023213875,0.043533563348687174,0.92145161430041,0.1063409798430953,0.0008621656191892461,0.9844404578208923,0.09604610555893572,0.0008000843516976602,-0.06298884687324365,0.036219855757199805,6.2082355657595e-05,0.06298884687324365,0.036219855757199805,-6.2082355657595e-05
58.09692969918251,1.0,1500.0,0.0,64.0,1816.0,0.524166832237501,951.0,865.0,9.798047053439515,2.1111850183247576,10071.900973136268,105.80000000000001,0.024995274995274996,34.69508196721312,4.94262295081967,11.069684665933162,122.0,33.820689655172416,7.155172413793103,11.30083646412008,58.0,34.69508196721312,4.94262295081967,11.069684665933162,122.0,0.40400397576447444,-0.008504808311373608,-0.002754019125312007,-0.001147920251756215,-0.009741337237676779,-0.07340165934602162,-0.022970434065541428,12.397218570426169,64.0,103500.0,68.0,948.5001854896545,109.11964128564621,1.0309867858886719,-11.246402740478516,-21.90688133239746,0.8118947744369507,-22.71877670288086,0.010240916162729263,0.010240916162729263,4.721916217406696e-13,11.355146408081055,1.0567104816436768,1.1572004556655884,-0.10048994421958923,0.10048994421958923,,,,,2.1172220130761463,5.302956673619389,0.10437095543168677,-11.870709705352784,1.4406062325211209,0.032177864431141866,-21.884942690531414,0.9971466657569391,-0.034530674018902044,-0.0045831838001807535,0.3542740218683719,0.007130159644018427,-21.880359586079916,0.9755059991857096,-0.041660828638129435,0.010535618383437395,0.00016501457790193418,-9.806821116550212e-06,0.010535618383437395,0.00016501457790193418,-9.806821116550212e-06,5.93607178385816e-13,7.772456809069404e-14,-8.966718605278785e-15,11.937026882171631,1.4362909063601133,-0.0378976660655261,0.901956727107366,0.08136880367465328,0.0004938454596165952,0.9788919528325398,0.077696945722842,0.0015560490933885763,-0.07693521734327077,0.0334759143343503,-0.0010622010376714623,0.07693521734327077,0.0334759143343503,0.0010622010376714623
62.308361925977344,1.0,1500.0,0.0,94.0,1994.0,0.701425265820804,1398.0,596.0,9.713954859001333,2.000560688780226,10172.355811766261,86.60000000000001,0.018479003072721066,34.97313432835821,3.5820895522388065,10.903551518020903,134.0,34.085,6.76,11.14704956926559,40.0,34.97313432835821,3.5820895522388065,10.903551518020903,134.0,0.4044743356901153,-0.006793274825217852,-0.0023868175189441375,-0.0008792402876158567,-0.006620974181527723,-0.05578919350545559,-0.021440590322700275,12.657728674028395,94.0,105000.0,69.0,962.8586688041687,109.0502722797373,0.811491847038269,-11.085895538330078,-20.908924102783203,0.5768783092498779,-21.485801696777344,0.010925368405878544,0.010925368405878544,3.0163022145084095e-13,11.374147415161133,1.0624394416809082,1.1077165603637695,-0.045277051627635956,0.045277051627635956,,,,,2.2777021209398907,4.039400813190336,0.0022093793176304714,-11.662931346893311,1.5574784920443285,-0.03480432338523619,-21.964107831319172,1.0444179095551718,-0.02452434798634164,0.044934464370210966,0.4114797227085908,0.005192487907323481,-22.009042104085285,1.001955766828896,-0.029716820128104043,0.010615832669039567,0.00018845298031783345,1.9583854828448277e-05,0.010615832669039567,0.00018845298031783345,1.9583854828448277e-05,3.783878014159322e-13,4.860821097998946e-14,-5.608418331505201e-15,11.855848185221355,1.5766404604220625,0.03223647859125661,0.9206275721391042,0.09387207514227043,0.0005056907258123835,0.9898582478364308,0.09056939808696736,0.0011433642353443824,-0.06923066054781278,0.03427235163830508,-0.0006376744120550628,0.06923066054781278,0.03427235163830508,0.0006376744120550628
59.94463998977452,1.0,1500.0,0.0,73.0,2086.0,0.5247849520817832,1094.0,992.0,9.770848153752135,1.517473555560582,10868.170643648758,147.4,0.030290575808639184,34.75857142857143,5.008571428571427,11.007724697161429,140.0,34.11343283582089,7.641791044776118,11.164017557516171,67.0,34.75857142857143,5.008571428571427,11.007724697161429,140.0,0.4055309081139195,-0.007411545779548102,-0.002433896598288421,-0.0012778266266109193,-0.010502361528552797,-0.06498926577930367,-0.021555704203306093,12.50956134666798,73.0,106500.0,70.0,976.6024215221405,109.05154201236593,1.1646956205368042,-9.729867935180664,-21.932077407836914,-0.2377668172121048,-21.694311141967773,0.010649756528437138,0.010649756528437138,1.927912853232766e-13,9.800057411193848,0.8866466283798218,0.9276515245437622,-0.041004881262779236,0.041004881262779236,,,,,0.911665391921997,0.49942141852920663,-6.31493641618602e-06,-12.145415655771892,1.586062676856543,-0.007440782786741385,-22.367157618204754,1.1608444575087327,-0.022604090061547635,-0.04548761819799741,0.27426787222905236,-0.0019389510668557234,-22.32167008717855,1.0965195398249872,-0.020665147333706776,0.010828059570242961,9.548045097844094e-05,4.090681605791838e-07,0.010828059570242961,9.548045097844094e-05,4.090681605791838e-07,2.414299979192879e-13,3.1287460630566815e-14,-3.608465181613489e-15,12.268958218892415,1.564209922298384,0.008846785786154174,0.9018551170825958,0.07471336207057133,-0.0007438158299421865,0.9699582755565643,0.06062345158912876,-0.00042613604177490924,-0.06810317182292541,0.03739069582441471,-0.0003176783423899797,0.06810317182292541,0.03739069582441471,0.0003176783423899797
73.43505382537842,1.0,1500.0,0.0,8.0,2086.0,0.05600761041056838,116.0,1970.0,10.215481177482086,1.7610851383055064,12588.360694460753,267.2,0.05737352915915142,33.265714285714296,7.59857142857143,11.484017378723742,140.0,33.47121212121214,8.05909090909091,11.415853936622876,132.0,33.265714285714296,7.59857142857143,11.484017378723742,140.0,0.4962707316024896,-0.008428605221859104,-0.0018460493573216733,-0.0014612078645510004,-0.013170272812793947,0.0,-0.028218282440644667,14.551986835979697,8.0,108000.0,71.0,987.8914234638214,109.32375505530966,0.6516736149787903,-11.861701011657715,-23.283493041992188,0.15232789516448975,-23.435821533203125,0.010087719187140465,0.010087719187140465,1.2315505332118754e-13,12.037832260131836,0.9247199296951294,1.0131402015686035,-0.0884203314781189,0.0884203314781189,,,,,2.1292999068895977,4.594716904671611,0.11638423850194236,-12.22146676381429,1.4780923686232628,0.03025219443112285,-22.683864021301268,1.1768554471570156,0.012039521910059992,-0.06781946780780951,0.30920644763276117,0.007276268415277347,-22.61604461669922,1.136620567521902,0.004763256747678118,0.010163357512404521,0.00024517450852476735,-2.3954037009211144e-05,0.010163357512404521,0.00024517450852476735,-2.3954037009211144e-05,1.5419603437699426e-13,1.9786441418265743e-14,-2.2824711088420342e-15,12.358582242329915,1.4549274903861946,-0.03032742246769968,0.8987117369969686,0.07820657173410667,0.0021415471500231273,0.9651573359966278,0.06749280822894274,0.0015899929374423103,-0.06644558950016896,0.0388030189245669,0.0005515526010508819,0.06644558950016896,0.0388030189245669,-0.0005515526010508819
63.40031732212413,1.0,1500.0,0.0,44.0,2046.0,0.3230307840752872,660.0,1386.0,9.981687820136594,1.9018499990196658,11638.875022112265,188.0,0.04031047643552468,34.04233576642336,5.840875912408758,11.231442083447895,137.0,33.763440860215056,7.645161290322579,11.30651515549426,93.0,34.04233576642336,5.840875912408758,11.231442083447895,137.0,0.4175821871249337,-0.007810185729739186,-0.0031960000582917482,-0.0011841027139200102,-0.012029855114883595,-0.052217181325918766,-0.02102280397165167,13.686816198408694,44.0,109500.0,72.0,1000.5899674892426,109.43543665020532,1.163102149963379,-13.463667869567871,-22.028329849243164,-0.097829669713974,-21.930500030517578,0.010492700152099133,0.010492700152099133,7.854489763670439e-14,13.556028366088867,0.9317500591278076,0.9585314989089966,-0.026781383901834488,0.026781383901834488,,,,,2.4582728117704393,6.108904339220968,-0.10815643339321541,-12.558044242858887,1.4182768928205651,-0.03940999558292828,-23.19157543182373,1.3693621427229818,0.028492766094950543,0.024331992554167906,0.281492540830211,-0.004874970010990433,-23.21590741475423,1.3318042969436243,0.03336775019118515,0.010331903832654159,8.803125641034334e-05,4.806242742315565e-06,0.010331903832654159,8.803125641034334e-05,4.806242742315565e-06,9.820171206157552e-14,1.2746311168006215e-14,-1.469441114539761e-15,12.711190859476725,1.4351905680991686,0.03974136547729319,0.9103472808996836,0.07708490033870165,0.0004343523862496816,0.9853031277656555,0.06155672441755957,-0.0010638050295752725,-0.07495584757998586,0.04527998943557241,0.0014981589596034838,0.07495584757998586,0.04527998943557241,-0.0014981589596034838
63.90750010563777,1.0,1500.0,0.0,65.0,1859.0,0.5186488551637277,964.0,895.0,9.965889520373523,2.1439784985833996,10017.664018863281,69.60000000000001,0.016341096919609315,34.07359999999999,3.544,11.335469757706376,125.0,32.79,5.336666666666668,11.732037736782267,60.0,34.07359999999999,3.544,11.335469757706376,125.0,0.40643801939118906,-0.007332853388205689,-0.004213127128253201,-0.0008729264720653203,-0.005087532643389155,-0.04750943031240979,-0.02166915556945774,13.047097461991525,65.0,111000.0,73.0,1013.793449640274,109.48975852959624,1.4622373580932617,-13.784896850585938,-25.557409286499023,0.43260279297828674,-25.99001121520996,0.010601911693811417,0.010601911693811417,4.996284825751693e-14,13.725072860717773,0.9265524744987488,1.0751458406448364,-0.14859333634376526,0.14859333634376526,,,,,1.899279123544693,4.687107452844346,0.01224761766374311,-12.82723658879598,1.7237499484848697,0.0012200957012921902,-23.443656476338706,1.5438217365938525,-0.10069815367294423,0.0959791362285614,0.2675439402519977,0.002080536024589029,-23.539635531107585,1.4873363394282797,-0.10277868192373517,0.010540458094328641,9.668723877603903e-05,1.0084067248594956e-05,0.010540458094328641,9.668723877603903e-05,1.0084067248594956e-05,6.28794397915707e-14,8.162368910861319e-15,-9.418450855530455e-16,12.920282649993897,1.7079553273177894,-0.0027732711214910593,0.9270084877808888,0.08001590866720457,-0.0025318154636294102,1.0010819792747498,0.05874582734096653,0.0004608549716342546,-0.07407348388805986,0.046943222958272676,-0.0029926717482316612,0.07407348388805986,0.046943222958272676,0.0029926717482316612
65.99348731994628,1.0,1500.0,0.0,25.0,1999.0,0.18781614214695735,375.0,1624.0,10.175385139302428,2.1855912595726013,12600.595784486364,222.8,0.0497810349450353,33.40000000000001,6.574626865671641,11.495724065891512,134.0,33.277064220183505,7.7798165137614665,11.499857617284754,109.0,33.40000000000001,6.574626865671641,11.495724065891512,134.0,0.4262280947872471,-0.008886812540367587,-0.0044211449510344605,-0.001207840341752287,-0.007712486883525747,-0.03462749213011535,-0.023732063442495767,13.290261763110005,25.0,112500.0,74.0,1025.856215953827,109.66449123223283,0.698392927646637,-12.477537155151367,-23.81221580505371,-0.09982232749462128,-23.712392807006836,0.009969756938517094,0.009969756938517094,3.199116725650583e-14,12.743742942810059,0.895218551158905,0.9583373069763184,-0.06311875581741333,0.06311875581741333,,,,,2.492097810904185,7.090649776349424,-0.18445992187345134,-13.205367883046469,1.6787881824427746,0.02171839903936524,-23.666117223103843,1.05156802547014,0.0154006134813968,-0.13583592859407265,0.2787441992482944,-0.0008407497656292314,-23.530281257629394,0.9986307131100388,0.016241370637107174,0.010085514870782693,0.0002907155851347847,-2.7667187792440948e-05,0.010085514870782693,0.0002907155851347847,-2.7667187792440948e-05,3.999610362413579e-14,5.078994348774239e-15,-5.858058275648031e-16,13.311342843373616,1.6470086351918185,-0.0163452481533981,0.8878829101721446,0.0704727431949624,0.000723172891657114,0.9504547715187073,0.060513599251242604,-0.0001723762083637243,-0.06257185870781541,0.033006648947401164,0.000895549699009394,0.06257185870781541,0.033006648947401164,-0.000895549699009394
49.958610327013076,1.0,1500.0,0.0,124.0,1970.0,0.9369709755583328,1845.0,125.0,8.378176895864305,1.528740711794925,9373.867315147028,76.80000000000001,0.01424860853432282,40.52631578947369,4.153383458646619,9.79082197956737,133.0,33.04444444444445,5.222222222222224,11.441332176853445,9.0,40.52631578947369,4.153383458646619,9.79082197956737,133.0,0.3364700896447042,-0.008112945665942402,-0.0031694024250805697,-0.001210280034474215,-0.01176066615160073,-0.08663404584084125,-0.01718168261335339,10.802738698631916,124.0,114000.0,75.0,1042.0999557971954,109.39449653156468,20.525970458984375,-12.365498542785645,-23.41678810119629,-0.409291535615921,-23.007495880126953,0.010254250839352608,0.010254250839352608,2.0375433450376713e-14,12.660004615783691,0.860793948173523,0.8906307220458984,-0.029836850240826607,0.029836850240826607,,,,,3.849552787343661,6.70866147056471,0.1851077111398549,-12.772546736399333,1.1540057459027981,-0.011385702105597233,-24.277362696329753,1.333301809899994,-0.004155625119490104,-0.1265975457926591,0.28101324557980356,-0.0035837903419909385,-24.150765228271485,1.324116380894779,-0.000571811663295083,0.01004780304307739,0.00012985786265067796,9.28451345448218e-06,0.01004780304307739,0.00012985786265067796,9.28451345448218e-06,2.5523988598492228e-14,3.3413382993049803e-15,-3.8518190234680103e-16,12.90154209136963,1.1598199176391506,0.013803108223818092,0.8810276230176289,0.07145194560709209,-0.00043844675460832954,0.9524465501308441,0.061111949869431546,-0.0007861075730159614,-0.07141891795520981,0.04237647295496176,0.0003476602625147397,0.07141891795520981,0.04237647295496176,-0.0003476602625147397
64.43325533973636,1.0,1500.0,0.0,67.0,1817.0,0.5460547602202837,992.0,825.0,9.788980420985286,1.8744807152355891,9829.475574230959,59.6,0.014074528881122183,34.709836065573775,3.649180327868852,11.163681080887455,122.0,33.519999999999996,5.96,11.516344978353322,55.0,34.709836065573775,3.649180327868852,11.163681080887455,122.0,0.39946642631117696,-0.006873898271398526,-0.0038839276241391394,-0.00024749548816261057,-0.0039050960118168694,-0.043353028064993034,-0.020830927444271816,12.638179662754183,67.0,115500.0,76.0,1055.3449862003326,109.4428850378553,1.270559310913086,-13.446501731872559,-27.598651885986328,-0.29330503940582275,-27.305347442626953,0.00956541858613491,0.00956541858613491,1.292555082741233e-14,13.74354076385498,0.7630700469017029,0.9169160723686218,-0.15384605526924133,0.15384605526924133,,,,,2.0298393040895464,3.4188868489438833,0.09139410736696073,-13.276895236968993,1.3930289100371598,-0.012929619140964348,-24.56711597442627,2.9371773539231345,-0.20543221928784178,-0.025860854362448057,0.3316368888255197,-0.009456838885357434,-24.541255251566568,2.9117993265710274,-0.19597536751107397,0.009769243560731411,0.00015411181367997405,-1.238629105889382e-05,0.009769243560731411,0.00015411181367997405,-1.238629105889382e-05,1.6356259038102017e-14,2.129991956152414e-15,-2.4584997332827594e-16,13.379162979125976,1.4000475221951616,0.014672378862527079,0.9017418464024861,0.11529107734401482,-0.007831999961208065,0.9744288583596548,0.07167197652279159,-0.0020358975525029905,-0.0726870170639207,0.08953008461110049,-0.005796103180387165,0.0726870170639207,0.08953008461110049,0.005796103180387165
65.15623795582076,1.0,1500.0,0.0,118.0,2020.0,0.8736217734105521,1764.0,256.0,9.772325540299443,2.0452767134077483,9682.351940198065,20.6,0.00435739064218631,34.76176470588236,1.7852941176470594,11.002248137901718,136.0,35.433333333333344,4.322222222222222,10.71446821043189,18.0,34.76176470588236,1.7852941176470594,11.002248137901718,136.0,0.4148443229901091,-0.007092484442669762,-0.0034403928378335677,-0.0002985130498813611,-0.011991759731106565,-0.035780114930065963,-0.02212076350721079,12.925873954503567,118.0,117000.0,77.0,1070.3298127651215,109.31210044288943,1.29623544216156,-12.12429428100586,-23.534887313842773,-0.31745317578315735,-23.21743392944336,0.008938353508710861,0.008938353508710861,8.287228054400936e-15,12.280187606811523,0.8966434001922607,0.9127053022384644,-0.016061890870332718,0.016061890870332718,,,,,1.599091649055481,2.52416330883383,-0.06113863938112026,-14.047211011250814,1.4277172306902186,0.0008246484402158657,-25.050424003601073,1.11572267279487,0.050016614512952466,-0.10619616645077865,0.41501620943802764,0.01094159258403158,-24.944227917989096,1.0778529136798576,0.03907503843042351,0.009148860319207112,0.0002445829768240765,-2.1748626200654426e-05,0.009148860319207112,0.0002445829768240765,-2.1748626200654426e-05,1.0336379421292096e-14,1.3109658777617141e-15,-1.5117727323527474e-16,14.102829647064208,1.3920522406919118,0.0011236330823713927,0.8828576644261678,0.09227519641006605,0.0039058826921778995,0.9573158204555512,0.08826256946745689,0.0023354776046167324,-0.07445814721286297,0.03456325357345915,0.00157040510828026,0.07445814721286297,0.03456325357345915,-0.00157040510828026
60.76397214617048,1.0,1500.0,0.0,14.0,1832.0,0.11446034612586299,209.0,1623.0,10.227783250215612,1.8771929485277241,11521.362871997548,215.60000000000002,0.05275004893325504,33.22926829268292,7.352845528455283,11.613144799943678,123.0,33.03119266055045,7.98532110091743,11.66370035379326,109.0,33.22926829268292,7.352845528455283,11.613144799943678,123.0,0.41580070611898684,-0.010654686091880337,-0.005754201190022163,-0.001585103361322189,-0.007787448465414554,-0.06229958772331643,-0.025067810550609262,13.571897900494994,14.0,118500.0,78.0,1081.7386491298676,109.54586867661557,0.39731940627098083,-13.54481315612793,-24.103168487548828,-0.09048378467559814,-24.012683868408203,0.00895374920219183,0.00895374920219183,5.31692237167123e-15,13.570976257324219,0.9302242398262024,0.9608126878738403,-0.03058846853673458,0.03058846853673458,,,,,1.690863475203514,4.272259281156723,-0.036583036701459175,-13.799425983428955,1.1890544732536978,0.0069350676488826755,-24.78063856760661,1.155441945003488,-0.03254389651492582,0.06161590603490671,0.280135095299333,-0.007749536680731015,-24.8422545115153,1.1457687038823778,-0.024794357690184454,0.009013438162704309,0.00022250607390881277,1.4800686923759857e-05,0.009013438162704309,0.00022250607390881277,1.4800686923759857e-05,6.653189337867958e-15,8.559755488700357e-16,-9.874992333483705e-17,13.890598710378011,1.2252734678401316,-0.009928118161550764,0.9322468439737955,0.06554502251739644,-0.002056796797390659,0.9930590589841207,0.05954260027509326,-0.001642018244979932,-0.060812223423272374,0.03463839613841391,-0.00041477942862055755,0.060812223423272374,0.03463839613841391,0.00041477942862055755
67.54705810546875,1.0,1500.0,0.0,10.0,2073.0,0.06657691714376392,138.0,1935.0,10.112407480862348,2.6497941251015344,13759.049445999466,264.8,0.05629491049789532,33.598571428571425,7.309999999999998,11.40225658131221,140.0,33.46,7.79230769230769,11.423933395907277,130.0,33.598571428571425,7.309999999999998,11.40225658131221,140.0,0.40444793842685534,-0.009260245493791248,-0.004697268028642649,-0.0016707419091545191,-0.006199123356293038,-0.02604884157795866,-0.022936896931154905,14.26557986425423,10.0,120000.0,79.0,1093.2685313224792,109.76260320494292,1.5515646934509277,-13.399118423461914,-24.404062271118164,-0.3256729543209076,-24.07839012145996,0.008918087929487228,0.008918087929487228,3.3971039855109925e-15,13.761107444763184,0.888258695602417,0.910995602607727,-0.0227368026971817,0.0227368026971817,,,,,1.0392531295617422,0.9856098694141999,0.038064087153276686,-14.238293266296386,1.140610543537091,-0.024085101932784028,-25.23648878733317,0.8193549680040613,0.025781303889494976,-0.060794916252295175,0.3270403519457965,-0.010771989335074976,-25.175693893432616,0.7929143670655975,0.03655327530671054,0.008964708168059587,6.484095943957557e-05,4.6602242084421485e-07,0.008964708168059587,6.484095943957557e-05,4.6602242084421485e-07,4.247741312065744e-15,5.486002269076492e-16,-6.325548772829514e-17,14.338212617238362,1.1339903219367098,0.02697038130712429,0.9064505259195964,0.0701300295242402,-0.0008334139960759212,0.9670845250288646,0.06934859514405976,-0.002281193407014175,-0.06063399445265531,0.025276439966881007,0.0014477792389699193,0.06063399445265531,0.025276439966881007,-0.0014477792389699193
64.38165384928385,1.0,1500.0,0.0,30.0,1817.0,0.24046549066807665,436.0,1381.0,10.24011784201182,1.7924073782867094,10803.506328731792,201.0,0.04922850844966936,33.19512195121953,5.61951219512195,11.637788862794597,123.0,32.59139784946237,6.918279569892472,11.81281871675775,93.0,33.19512195121953,5.61951219512195,11.637788862794597,123.0,0.4111626984471745,-0.009228241123154719,-0.004575623727874185,-0.0011783787956356024,-0.006289707750953018,-0.0404913172384584,-0.02281963526256183,12.97799422209648,30.0,121500.0,80.0,1105.3353052139282,109.92139618347277,0.4672086536884308,-12.783101081848145,-26.209800720214844,-0.08839097619056702,-26.121410369873047,0.00914104375988245,0.00914104375988245,2.155503821426089e-15,12.888999938964844,0.88767409324646,0.9611732363700867,-0.07349911332130432,0.07349911332130432,,,,,0.8725966433684031,0.4517474915524522,0.00992851045160855,-13.957837708791097,1.2781652272788278,0.06057869632199041,-25.743680890401205,1.0733342693644454,-0.07415334130818593,0.00022250115871429442,0.2980342030565293,-0.004827588035811038,-25.74390354156494,1.0691860881429762,-0.06932575662886539,0.009115247521549463,0.00020798566805850882,1.5801186978949322e-05,0.009115247521549463,0.00020798566805850882,1.5801186978949322e-05,2.7138729024574732e-15,3.5399560702098723e-16,-4.084558768574809e-17,14.10249106089274,1.26249401391005,-0.05745951108327859,0.912668651342392,0.06611222138223309,-0.002742293798618526,0.97997119029363,0.06336528708551606,-0.0010251957794715865,-0.067302538951238,0.03025113127779478,-0.0017170993625719902,0.067302538951238,0.03025113127779478,0.0017170993625719902
65.46037686087868,1.0,1500.0,0.0,110.0,2015.0,0.8193091540338476,1650.0,365.0,9.731497866188016,2.0614459994086225,10090.465233138715,15.200000000000001,0.003225532637297343,34.90666666666668,1.758518518518519,10.93779379580281,135.0,32.02400000000001,3.4799999999999995,11.748420264148926,25.0,34.90666666666668,1.758518518518519,10.93779379580281,135.0,0.400697339678382,-0.006823275332372685,-0.003975689011951984,-0.00020051691019599619,-0.0060828348944813315,-0.03394650716623406,-0.02041224379471343,12.414198140959893,110.0,123000.0,81.0,1120.2786507606506,109.79411230990168,0.5678172707557678,-14.554790496826172,-26.139841079711914,0.31162577867507935,-26.451467514038086,0.00911638978868723,0.00911638978868723,1.3770433793288263e-15,14.805874824523926,0.9733210206031799,1.0463370084762573,-0.07301592826843262,0.07301592826843262,,,,,1.122090498606364,1.941114832626061,0.041637685752418864,-14.128717835744222,0.918616785264526,0.002580849135147753,-26.14083595275879,1.1870874861486664,0.03154860041430633,0.09578434775273005,0.3499436912174147,0.0011610914655734185,-26.236620457967124,1.2116791895234291,0.030387493977955655,0.00901570168013374,7.4907312619431e-05,-5.822825567742554e-07,0.00901570168013374,7.4907312619431e-05,-5.822825567742554e-07,1.721674908719227e-15,2.2299641670215365e-16,-2.5704647414879087e-17,14.233386611938476,0.9672986488714755,-0.0009482471775825159,0.9287155151367188,0.07563999410403806,0.0014758311071172852,1.0003404875596364,0.07430442934080847,0.00024469032701314203,-0.07162498109973967,0.036377566082928484,0.0012311412269110755,0.07162498109973967,0.036377566082928484,-0.0012311412269110755
70.05891036987305,1.0,1500.0,0.0,13.0,2024.0,0.09014437370862065,182.0,1842.0,10.23882236462697,2.0780511533190444,12403.43342589899,219.20000000000002,0.04855143084965004,33.1970588235294,7.151470588235295,11.547502373906378,136.0,33.43902439024391,7.85040650406504,11.46888923023166,123.0,33.1970588235294,7.151470588235295,11.547502373906378,136.0,0.4793243487915214,-0.011081554118416648,-0.0047579097079928,0.0,-0.011223344556677898,-0.015712682379349054,-0.029211630171681706,14.222377781155359,13.0,124500.0,82.0,1131.7772107124329,110.00398207490814,1.0748335123062134,-17.0849609375,-25.420564651489258,0.2215549647808075,-25.642120361328125,0.008586033247411251,0.008586033247411251,8.765650685976767e-16,17.093093872070312,0.9869691133499146,1.0265696048736572,-0.03960053622722626,0.03960053622722626,,,,,2.391745443145434,4.7843175370218916,0.11164193622129781,-14.801042143503825,1.4138046805885054,-0.06247761188545241,-27.071757253011068,1.3021697033041626,0.0875978879323931,-0.10705279633402824,0.33584824497618115,0.013535821717957643,-26.96470438639323,1.2067036233931125,0.074062063961857,0.008762378059327603,0.00023409472812169576,-1.88759241141256e-05,0.008762378059327603,0.00023409472812169576,-1.88759241141256e-05,1.09665824019648e-15,1.430339748248244e-16,-1.6484490175762506e-17,14.852331924438477,1.4234660258556135,0.06425227164161317,0.8746668616930644,0.08527915210388905,0.005358997918872578,0.9573615113894145,0.07076600755518707,0.0028686680173183963,-0.08269464541226626,0.036697936930251265,0.0024903296724011594,0.08269464541226626,0.036697936930251265,-0.0024903296724011594
63.054845196267834,1.0,1500.0,0.0,115.0,1997.0,0.8601832964586514,1717.0,280.0,9.691932122794308,2.069096963729972,9640.82672863261,8.6,0.0018322822566899607,35.02686567164179,2.3492537313432837,10.898833897747116,134.0,33.652631578947364,4.505263157894737,11.228368176063219,19.0,35.02686567164179,2.3492537313432837,10.898833897747116,134.0,0.40562451312241316,-0.008081708029593085,-0.004291555495818735,-0.00016055665401461158,-0.00452313400261892,-0.050021824530771614,-0.022435561314857744,12.675130439741315,115.0,126000.0,83.0,1146.8806612491608,109.86321790687724,1.4852187633514404,-16.30727767944336,-29.453895568847656,0.41318750381469727,-29.867082595825195,0.008576720021665096,0.008576720021665096,5.623954662633732e-16,16.247968673706055,0.9162529110908508,1.0668277740478516,-0.1505749374628067,0.1505749374628067,,,,,1.6025405565897624,3.644138620620439,0.12635215609702172,-15.477539507548014,1.5661093274609306,-0.025938047636072156,-26.471496645609538,1.015743690911849,0.0135874556222145,0.07952439437309901,0.3456685482027087,0.01387862970553198,-26.551021003723143,1.0004629632778017,-0.00029117342362180396,0.008409175959726175,0.00014453710817407753,-9.811885480886202e-06,0.008409175959726175,0.00014453710817407753,-9.811885480886202e-06,7.026514256577364e-16,8.926456398986876e-17,-1.0294978933921384e-17,15.558120568593344,1.5727528066941587,0.020333864214157362,0.9358400305112203,0.07531324587325841,0.003221337309933852,0.9966361482938131,0.07236658029358255,0.0029032405677175735,-0.06079611411939065,0.02873752036326351,0.00031809495913240056,0.06079611411939065,0.02873752036326351,-0.00031809495913240056
62.10495784878731,1.0,1500.0,0.0,64.0,2014.0,0.47459209594810764,955.0,1059.0,9.946948969195196,1.9414977560202318,11220.250550413619,128.20000000000002,0.027806697900399097,34.15111111111109,3.8459259259259246,11.202837785900726,135.0,32.93802816901408,5.3999999999999995,11.568284751763285,71.0,34.15111111111109,3.8459259259259246,11.202837785900726,135.0,0.4041058530962315,-0.008468107505295183,-0.004288114305677964,-0.00020336370864974983,-0.005738586372079437,-0.05310392022680647,-0.021307382049795296,12.398989564843424,64.0,127500.0,84.0,1160.3384013175964,109.88173782339722,0.6823133826255798,-15.540090560913086,-26.398277282714844,0.25045305490493774,-26.648731231689453,0.008795062080025673,0.008795062080025673,3.574939346880421e-16,15.544084548950195,0.9836571216583252,1.0329089164733887,-0.04925180599093437,0.04925180599093437,,,,,0.9454300850629807,0.762615550713703,-0.01815940412849156,-15.311226844787598,1.0388819819853203,0.006262616930867662,-27.240741221110024,1.2525103215828388,-0.002919350900957054,-0.020513410245378814,0.32777781884809437,-0.010865120199385696,-27.220227877298992,1.238154542040996,0.007945765324509609,0.008788560951749484,6.597575744799283e-05,5.135054516712444e-06,0.008788560951749484,6.597575744799283e-05,5.135054516712444e-06,4.486162303762224e-16,5.840285616041692e-17,-6.736390538456479e-18,15.404707463582357,1.0306283885758534,-0.009645140820801713,0.9055701732635498,0.07412015949697355,-0.0017406389100665903,0.9756398757298788,0.06921427064962357,-0.002291986966159647,-0.07006970501194397,0.03527684498339608,0.0005513485222723395,0.07006970501194397,0.03527684498339608,-0.0005513485222723395
62.64231885712722,1.0,1500.0,0.0,29.0,2088.0,0.20781881917871287,433.0,1655.0,9.8523340454759,2.09646507524978,12591.02763633437,195.20000000000002,0.04042579629706333,34.48999999999999,6.35,11.154153021669126,140.0,34.03963963963964,7.481081081081083,11.237709859803592,111.0,34.48999999999999,6.35,11.154153021669126,140.0,0.3959591192158116,-0.008914549214164253,-0.004810471366841172,-0.0004049633361592228,-0.0029417989417989347,-0.04960846560846586,-0.022724226655442825,12.695053434261984,29.0,129000.0,85.0,1172.7655217647552,109.99641241659565,0.6537048816680908,-14.54137897491455,-26.125619888305664,0.5712296962738037,-26.696849822998047,0.008840471506118774,0.008840471506118774,2.284912668074654e-16,14.652362823486328,1.0595307350158691,1.1008063554763794,-0.04127560928463936,0.04127560928463936,,,,,1.2240612179040908,1.1883563242936512,0.01650727015979032,-15.552682940165202,1.2688236401862618,0.05380566504693826,-26.98161112467448,1.156485522073507,-0.03289923832334274,0.0387312355140845,0.27973236447281574,0.013112736833970729,-27.02034225463867,1.1030728325003294,-0.0460119932724176,0.00867596324533224,0.0001249029719765975,6.255072782911766e-06,0.00867596324533224,0.0001249029719765975,6.255072782911766e-06,2.866448229033037e-16,3.697532212374429e-17,-4.266389330376092e-18,15.674278672536214,1.2991996771764787,-0.056924934726668736,0.9333270271619161,0.06892694838174324,0.0017974097153236016,0.9881321867307027,0.0589530081502753,0.002768086750594867,-0.054805161881571016,0.02993301603469048,-0.0009706774572152906,0.054805161881571016,0.02993301603469048,0.0009706774572152906
66.82493796348572,1.0,1500.0,0.0,100.0,1985.0,0.7551853788823129,1499.0,486.0,9.757610637893183,2.0541541473518405,9772.899278314819,20.0,0.0043194678415619196,34.81353383458647,2.3413533834586464,11.005928075237401,133.0,34.89696969696969,5.733333333333334,10.92842824063312,33.0,34.81353383458647,2.3413533834586464,11.005928075237401,133.0,0.41221035325776817,-0.0068303008545993185,-0.004116871639378981,-0.00025245852340694436,-0.004269262581917698,-0.031100082712986244,-0.021733975285184965,12.773010961235423,100.0,130500.0,86.0,1187.2752993106842,109.91553523918716,0.7154526710510254,-15.98575210571289,-27.425336837768555,-0.11428779363632202,-27.31104850769043,0.00903226062655449,0.00903226062655449,1.460490338905021e-16,16.110734939575195,0.9066976308822632,0.9557193517684937,-0.049021728336811066,0.049021728336811066,,,,,2.262785213192304,5.720938143834002,0.16163809992314976,-15.235548146565755,1.3686212695340123,0.032095977647418825,-27.45557950337728,1.1348767682533762,0.02869921420121767,0.08481694149474303,0.3618312828944195,-0.0011976820417784566,-27.540396372477215,1.0031691053239138,0.029896895055379034,0.00890697343274951,8.002971393352294e-05,7.356741818885751e-07,0.00890697343274951,8.002971393352294e-05,7.356741818885751e-07,1.8256298664960364e-16,2.3659725408356602e-17,-2.7275534826773356e-18,15.331762727101644,1.3678330275630584,-0.032906436389757945,0.9381136516729991,0.0870250802714433,0.0008822976946167566,0.9979353109995525,0.07671953430409337,-0.00025260875434581507,-0.0598216815230747,0.028505509030745682,0.0011349064197486596,0.0598216815230747,0.028505509030745682,-0.0011349064197486596
66.76407826884409,1.0,1500.0,0.0,89.0,1950.0,0.6828687991353298,1331.0,619.0,10.05069303397124,2.163795196528677,10000.146298625556,53.400000000000006,0.012061799783158656,33.79541984732824,2.2167938931297715,11.363837302958672,131.0,32.32380952380953,4.052380952380953,11.829159580252501,42.0,33.79541984732824,2.2167938931297715,11.363837302958672,131.0,0.41770788190660674,-0.00775422463060362,-0.003982926416707725,-0.00023113410370742763,-0.0023074141048824728,-0.03477757685352656,-0.022918806368074442,13.05848905472024,89.0,132000.0,87.0,1201.373679637909,109.87422334721406,0.5950143337249756,-17.720420837402344,-28.700685501098633,-0.42603567242622375,-28.27465057373047,0.008865593001246452,0.008865593001246452,9.337070494199747e-17,17.720911026000977,0.8237927556037903,0.8898433446884155,-0.06605058908462524,0.06605058908462524,,,,,0.8803218483924866,0.8212455199135666,-0.00010294912919586449,-15.696567312876384,1.2653885530549376,-0.03522927302274587,-27.51126219431559,1.3858689755841602,-0.02198565380193972,-0.010174070298671723,0.3175833713465354,0.0033415577037713613,-27.501088078816732,1.3100092835608896,-0.0253272034302432,0.008858826383948326,0.00016398507197713178,-1.3840756688818271e-05,0.008858826383948326,0.00016398507197713178,-1.3840756688818271e-05,1.170021371356123e-16,1.505197992495584e-17,-1.7364990063721003e-18,15.777438767751057,1.2647821864332964,0.036320189029408936,0.9282977044582367,0.07986123552972109,0.0003182264668525042,0.9777909278869629,0.06709069427123797,0.0007040689201057775,-0.04949322454631329,0.035356790664747145,-0.000385843648329724,0.04949322454631329,0.035356790664747145,0.000385843648329724
69.75632678761201,1.0,1500.0,0.0,102.0,2058.0,0.742944955692187,1528.0,530.0,9.77444123364601,1.9779437952827967,9793.213699245563,22.400000000000002,0.004672897196261682,34.73623188405797,1.7507246376811594,10.980311953293057,138.0,35.02222222222221,4.994444444444445,10.854926066140829,36.0,34.73623188405797,1.7507246376811594,10.980311953293057,138.0,0.41638884290012357,-0.006982563145682363,-0.003866595730088605,-7.681631566074283e-05,-0.0035804178202869705,-0.015554996224515564,-0.02238860000970104,13.053226071049973,102.0,133500.0,88.0,1215.9738326072693,109.78854677633292,1.1622817516326904,-15.479463577270508,-28.005281448364258,-0.07531578838825226,-27.92996597290039,0.008578273467719555,0.008578273467719555,5.941435846154445e-17,15.65433120727539,0.9166158437728882,0.9641720652580261,-0.04755615442991257,0.04755615442991257,,,,,0.8004823982715606,0.4648177056600106,0.009867241597414277,-16.159515444437663,1.1720129302493263,0.013868095559193787,-28.06659475962321,0.9920868903744579,-0.029148114960768558,-0.028314359486103058,0.3838849440491199,-0.0006614779040333402,-28.03828042348226,1.139256891925437,-0.028486621843959226,0.00884975902736187,0.00010005832233790827,-3.25299476224678e-06,0.00884975902736187,0.00010005832233790827,-3.25299476224678e-06,7.457095051159064e-17,9.68470016057352e-18,-1.1169057044299076e-18,16.262598673502605,1.1983318889462127,-0.013865258086377855,0.9190985600153605,0.06986203257767747,-0.0006069583277548607,0.9739599823951721,0.0812060831042786,-0.00014577569632695108,-0.05486142554630836,0.030192030927625915,-0.0004611813058212671,0.05486142554630836,0.030192030927625915,0.0004611813058212671
68.54567517055554,1.0,1500.0,0.0,89.0,1997.0,0.6637073967807915,1325.0,672.0,9.920745056020902,1.7998229917479212,9711.39220913759,56.800000000000004,0.012380122057541413,34.23880597014926,2.5223880597014934,11.242828642154489,134.0,33.28444444444444,5.8177777777777795,11.405398329964006,45.0,34.23880597014926,2.5223880597014934,11.242828642154489,134.0,0.4147828167826698,-0.007170984108006122,-0.004090312979216118,-0.00013589924577891025,-0.00494572640356555,-0.021910718136726487,-0.022298704028318767,13.178257942744686,89.0,135000.0,89.0,1230.0285725593567,109.75354801645096,1.7599875926971436,-18.07653045654297,-29.010976791381836,-0.22235345840454102,-28.788623809814453,0.008690549060702324,0.008690549060702324,3.783326260215026e-17,18.19353675842285,0.8718048930168152,0.9331459999084473,-0.061341073364019394,0.061341073364019394,,,,,0.7996288215120634,0.5728936347750484,0.00925002595009872,-16.500558439890543,1.199330953599769,-0.01758693762960605,-28.34565347035726,1.3937465962418,-0.06091960656629619,0.04011077955365181,0.26782982080203616,0.008617777290346889,-28.38576431274414,1.3787729667689532,-0.06953739849425773,0.0085300138220191,0.00010781794812085124,-7.427503687390972e-07,0.0085300138220191,0.00010781794812085124,-7.427503687390972e-07,4.755856612580333e-17,6.2039109707341284e-18,-7.159428838017838e-19,16.604900614420572,1.2128617514615532,0.018273285047893304,0.9333510140577952,0.0658317543529045,0.0002647459440687368,0.9883892913659413,0.0561788600202925,0.001812107849439321,-0.05503827277570963,0.03554898078368792,-0.0015473617988745276,0.05503827277570963,0.03554898078368792,0.0015473617988745276
68.51478772244211,1.0,1500.0,0.0,118.0,2021.0,0.8692258759448626,1756.0,265.0,9.820836230475404,1.916562353343913,9297.62334104396,6.0,0.0012754559755112453,34.58970588235292,1.2367647058823532,11.070965015773796,136.0,32.91111111111111,2.977777777777779,11.495743235263975,18.0,34.58970588235292,1.2367647058823532,11.070965015773796,136.0,0.4110815073648555,-0.006040911157413817,-0.00334273700086785,-9.08024152651787e-05,-0.0035989025767927526,-0.02465974501049031,-0.020713638094252144,12.962857827082841,118.0,136500.0,90.0,1245.072667837143,109.6321552356608,0.3844788670539856,-16.664447784423828,-28.516231536865234,0.034312330186367035,-28.55054473876953,0.009337817318737507,0.009337817318737507,2.4122705898775648e-17,16.818090438842773,0.9411771297454834,0.9873412847518921,-0.04616416245698929,0.04616416245698929,,,,,1.0805664072434107,1.3992672951370544,-0.014455266530574782,-16.104868539174397,1.4637711390117607,0.006050970610045142,-29.093785158793132,1.0419913943384558,0.0005602169355115767,0.06886879901091257,0.32248232302092145,-0.012857902295332213,-29.162653986612955,1.0864407564124912,0.013418104704283711,0.009122541112204393,0.00024122285374007167,2.509781239228982e-05,0.009122541112204393,0.00024122285374007167,2.509781239228982e-05,3.019850510345701e-17,3.920640664748563e-18,-4.521242797476694e-19,16.19319543838501,1.4414862481614739,-0.006012121800984237,0.9280216137568156,0.06567898170453136,-0.0020740425228675014,0.9945337096850078,0.0686463058316986,-0.0027286217926076493,-0.06651208891222875,0.028957835508342702,0.0006545794301058235,0.06651208891222875,0.028957835508342702,-0.0006545794301058235
60.36050868034363,1.0,1500.0,0.0,16.0,1935.0,0.11826667377352695,228.0,1707.0,10.229735926285878,2.2703853426850444,12328.798480781184,237.8,0.05507434341562833,33.21384615384616,7.044615384615386,11.572030745521817,130.0,33.010526315789484,7.631578947368421,11.602420245761952,114.0,33.21384615384616,7.044615384615386,11.572030745521817,130.0,0.41593953181131454,-0.009664436608035887,-0.0040996026931133306,-0.0009865713190365013,-0.0034468937875751443,-0.073426853707415,-0.02410856445367424,13.547040385229765,16.0,138000.0,91.0,1256.6453244686127,109.81618863568758,0.3822246193885803,-16.765981674194336,-30.98181915283203,-0.222122460603714,-30.75969696044922,0.009649072773754597,0.009649072773754597,1.5371919185185315e-17,16.852039337158203,0.8375921249389648,0.932135820388794,-0.09454359859228134,0.09454359859228134,,,,,0.8300213744242986,0.5484986821308065,-0.015519954464724683,-16.328346570332844,1.15795486207356,0.010558916119500678,-29.336358133951823,1.511543683526483,-0.0741181081871556,-0.023687788595755894,0.3236512437981293,0.004613911460782589,-29.31267032623291,1.493267904441404,-0.07873204817893853,0.00934170555944244,0.00017155350842065984,1.6275947671113887e-05,0.00934170555944244,0.00017155350842065984,1.6275947671113887e-05,1.9320622838087456e-17,2.4895899333111375e-18,-2.8727156155834744e-19,16.43268076578776,1.1599871405995348,-0.012780031876781775,0.9134627858797709,0.07727523867955724,-0.0007579373570782967,0.9749105751514435,0.06922652514898636,0.0009871933298460783,-0.06144779206564029,0.03758560008312741,-0.0017451308663515937,0.06144779206564029,0.03758560008312741,0.0017451308663515937
70.38369990030924,1.0,1500.0,0.0,75.0,2087.0,0.5388603300700869,1124.0,963.0,9.955191714416975,2.059048070941816,10891.098305501393,64.2,0.013442773985510281,34.112857142857145,2.384285714285715,11.210304996781291,140.0,33.63384615384615,4.486153846153846,11.326611174787287,65.0,34.112857142857145,2.384285714285715,11.210304996781291,140.0,0.4176289239389888,-0.006207911196082509,-0.0036515972461216074,-0.00036994606452784554,-0.0018788606726149659,-0.01448181194234731,-0.021325343168419532,12.925299450003694,75.0,139500.0,92.0,1270.4178602695465,109.80639076532037,1.1733214855194092,-19.29836654663086,-30.808677673339844,-0.2708500921726227,-30.53782844543457,0.00877293385565281,0.00877293385565281,9.821022768613492e-18,19.425460815429688,0.8430236577987671,0.92281174659729,-0.07978801429271698,0.07978801429271698,,,,,1.8633481134970984,5.863686805099831,-0.15349352974382474,-16.742260678609213,0.998801672514759,-0.01762776825664007,-29.837603823343912,0.9314724096775437,-0.04361055223509424,-0.09063990352054437,0.30915635194575963,-0.005995952306487274,-29.746963882446288,0.8932556364997766,-0.03761460470808457,0.00916258671010534,0.00019645328720678204,-2.146913660679842e-05,0.00916258671010534,0.00019645328720678204,-2.146913660679842e-05,1.230418899598682e-17,1.5880421043991975e-18,-1.831702824756912e-19,16.822701422373452,0.9989192612691224,0.019524538636339996,0.8969255348046621,0.0681061292989963,-0.0019391528093510284,0.9607331871986389,0.06589364514096041,-0.0012651670496243775,-0.06380765121430158,0.02216605602915777,-0.0006739849255765222,0.06380765121430158,0.02216605602915777,0.0006739849255765222
65.95987687940183,1.0,1500.0,0.0,92.0,1813.0,0.7598237403147237,1377.0,436.0,9.902916603751969,2.1776122673400358,9196.641664429806,17.400000000000002,0.004157904798317721,34.301639344262306,2.1868852459016397,11.164257876330733,122.0,32.839999999999996,5.0,11.568275668929925,30.0,34.301639344262306,2.1868852459016397,11.164257876330733,122.0,0.4126994766525289,-0.006822159137004784,-0.0038061365515292397,0.0,-0.009989615784008036,-0.03234337140879228,-0.02193468047312186,12.921053293103895,92.0,141000.0,93.0,1284.3250303268433,109.78529318557112,0.556500256061554,-16.11952781677246,-31.35289764404297,-0.9605008959770203,-30.392396926879883,0.00931085180491209,0.00931085180491209,6.246838621088719e-18,16.392223358154297,0.7073849439620972,0.7745954990386963,-0.06721055507659912,0.06721055507659912,,,,,0.9121802325050036,1.375776182051976,-0.028204534021315,-16.427706464131674,1.121479270936934,-0.001799585344528306,-30.28405475616455,1.5331033326478298,-0.06545918117773451,0.02788873203098774,0.43066093582909776,-0.014056225387054241,-30.311943435668944,1.47720825758394,-0.051402957394336944,0.00915277808283766,0.00023125703267444595,2.456399217430274e-05,0.00915277808283766,0.00023125703267444595,2.456399217430274e-05,7.844679105033738e-18,1.0202260996213545e-18,-1.176763176048525e-19,16.515751107533774,1.1230111762477544,0.00156161379363288,0.9164498468240102,0.09773041060097065,-0.00400403372040052,0.985859868923823,0.09179090812260764,-0.0029934513025209717,-0.06941000313187638,0.03679810771575129,-0.0010105871209031472,0.06941000313187638,0.03679810771575129,0.0010105871209031472
68.47912017012064,1.0,1500.0,0.0,113.0,1935.0,0.87197671990187,1687.0,248.0,9.970132307493742,2.191575673956595,9286.921148585014,11.600000000000001,0.002618510158013544,34.07692307692309,1.2523076923076928,11.279482109490631,130.0,31.435294117647057,3.0352941176470596,12.10941375385446,17.0,34.07692307692309,1.2523076923076928,11.279482109490631,130.0,0.4165394338595398,-0.006426314658536501,-0.003687533994546742,-9.109556815422245e-05,-0.004296431007047055,-0.025278472380086618,-0.02177908814836381,13.202687627700683,113.0,142500.0,94.0,1299.1297569274902,109.68881225307312,0.4285736083984375,-16.94013214111328,-32.204444885253906,-0.13493771851062775,-32.06950759887695,0.009224189445376396,0.009224189445376396,3.991660134728754e-18,17.287139892578125,0.850706934928894,0.951203465461731,-0.10049652308225632,0.10049652308225632,,,,,0.9085613826910655,0.9761757333292085,0.013145994503585579,-16.6223175684611,1.170454565953068,0.004270414834028304,-30.39779675801595,1.2719875591660788,-0.04238644813138649,-0.0675922812273105,0.35629334754332576,0.00758717656549941,-30.33020445505778,1.2344827340367244,-0.049973620880432494,0.009138900445153315,0.0001365143695828465,-5.514745510393691e-06,0.009138900445153315,0.0001365143695828465,-5.514745510393691e-06,5.0070525848555144e-18,6.453546757084506e-19,-7.445423792874538e-20,16.75290896097819,1.2078805850264331,-0.0036182403564459526,0.9043830792109172,0.08096805175414422,0.0006546690944039289,0.9655852536360423,0.0758941115575775,0.0016226026584892227,-0.061202175946285325,0.030198059227240757,-0.0009679326580400183,0.061202175946285325,0.030198059227240757,0.0009679326580400183
64.21803856869133,1.0,1500.0,0.0,98.0,2048.0,0.7105006429208945,1455.0,593.0,9.3774402392476,2.0343252180912264,10275.694330778697,24.400000000000002,0.004882734331225486,36.211594202898524,2.708695652173913,10.477102014349393,138.0,35.865,5.65,10.595032763301626,40.0,36.211594202898524,2.708695652173913,10.477102014349393,138.0,0.3907040850306109,-0.006437154800242065,-0.004016375704536889,-5.5549326889285314e-05,-0.00505600594096167,-0.03658642242713043,-0.020627902173764284,11.796152325269347,98.0,144000.0,95.0,1313.9272425174713,109.59510948574098,0.5738372802734375,-18.709983825683594,-31.209941864013672,-0.07007638365030289,-31.13986587524414,0.009325634688138962,0.009325634688138962,2.5456880398013452e-18,18.878719329833984,0.8963496685028076,0.9650107622146606,-0.06866103410720825,0.06866103410720825,,,,,1.119186775883039,1.7293443589940474,-0.016062492225008426,-17.07361338933309,1.0357685294444818,-0.037327528795490145,-30.926843706766764,1.066312218875593,-0.01547816979871752,0.020441640292604764,0.3863360677663159,-0.006720377822241873,-30.94728552500407,1.1443805787590746,-0.008757808715004818,0.009158973954617977,0.00011088822043266881,1.0280612777416938e-05,0.009158973954617977,0.00011088822043266881,1.0280612777416938e-05,3.190237823053051e-18,4.1408972681138085e-19,-4.7756117603255295e-20,17.1958163579305,1.0453700311155327,0.039110308043550666,0.9162492096424103,0.0762419114932952,-0.0013692894952581076,0.9842774093151092,0.08227999518356917,-0.0014373469405763108,-0.06802818818638721,0.028370632077050137,6.805665923636943e-05,0.06802818818638721,0.028370632077050137,-6.805665923636943e-05
70.75034219247324,1.0,1500.0,0.0,54.0,1841.0,0.43908011989777745,808.0,1033.0,10.139202669618653,1.9924366759814698,10062.256206879169,77.0,0.018691135061656473,33.49268292682929,3.4569105691056907,11.51061696582509,123.0,33.29565217391305,5.710144927536231,11.513492925941298,69.0,33.49268292682929,3.4569105691056907,11.51061696582509,123.0,0.4276029741655966,-0.007035919806531509,-0.003988512628345349,-0.00012524649695929617,-0.002180267965895248,-0.015200974421437233,-0.023877360787108566,13.706852562708525,54.0,145500.0,96.0,1326.7202098369598,109.6689406863565,0.4894859790802002,-17.177871704101562,-31.30888557434082,0.3070807456970215,-31.615966796875,0.009564351290464401,0.009564351290464401,1.6287027028901198e-18,17.24898338317871,0.9741368293762207,1.046040415763855,-0.0719035342335701,0.0719035342335701,,,,,1.585822695493698,3.3640387000346657,-0.014219731947736567,-17.44796225229899,1.1138085397683446,-0.00961925604186898,-31.114848136901855,0.9483970404095259,0.014129064557815806,-0.029673836504419644,0.2856467285244686,-0.0040452295361093,-31.085174242655437,0.9203310683920519,0.018174302776876424,0.009470095920066039,0.00012605982642887795,1.0650280916916026e-05,0.009470095920066039,0.00012605982642887795,1.0650280916916026e-05,2.0374367558674267e-18,2.616284367625034e-19,-3.016923194760268e-20,17.587258275349935,1.0794981716172383,0.010386425183797553,0.9106437921524048,0.06408854974190699,-0.00014482780346219414,0.9736249327659607,0.06134933640643634,-0.0008703653751411588,-0.06298114533225695,0.023107579252749474,0.0007255378551159619,0.06298114533225695,0.023107579252749474,-0.0007255378551159619
67.06842803955078,1.0,1500.0,0.0,104.0,1900.0,0.8161978255403264,1550.0,350.0,9.769134106630862,2.0876526009635836,8975.43762912541,5.0,0.0011238480557428637,34.75781250000001,1.7484375000000003,10.96042658762051,128.0,34.30833333333333,3.883333333333333,11.105082674263953,24.0,34.75781250000001,1.7484375000000003,10.96042658762051,128.0,0.4123676103587275,-0.006223478424846157,-0.004020553485664744,-0.0001173858204363039,-0.003305987510713879,-0.031982368066609805,-0.021073562755429254,12.782336409560285,104.0,147000.0,97.0,1341.2243428230286,109.60135102423824,0.2779131829738617,-18.661151885986328,-31.803537368774414,-0.19420085847377777,-31.609336853027344,0.009577385149896145,0.009577385149896145,1.0348321044204301e-18,18.822040557861328,0.8749326467514038,0.9382221698760986,-0.06328949332237244,0.06328949332237244,,,,,0.6930858502785365,0.3460356361594454,-0.009539633962813704,-17.274319299062093,0.8373949420131692,-0.0071065745709066475,-31.79383970896403,0.8941699085640711,0.0002307773034225594,0.03873051814734936,0.23709440315783847,-0.006053211952707799,-31.832570266723632,0.9733135163483148,0.006284007241119513,0.00946767342587312,8.223674876525214e-05,-3.776985227863007e-06,0.00946767342587312,8.223674876525214e-05,-3.776985227863007e-06,1.298836616239917e-18,1.6937822331010472e-19,-1.953577946667401e-20,17.378963152567547,0.8674070134096488,0.005421917907918019,0.9155470351378123,0.045169534885862665,-0.0008656710087921682,0.9883203665415446,0.05086159383206097,-0.0013020118165997508,-0.07277332035203775,0.023909313927063653,0.00043634052685688956,0.07277332035203775,0.023909313927063653,-0.00043634052685688956
63.85841702192258,1.0,1500.0,0.0,78.0,2088.0,0.5585824686060394,1166.0,922.0,9.737353867321575,2.5708364130342622,11689.147890507185,54.400000000000006,0.011136586963642319,34.89142857142858,2.738571428571429,10.972327747261444,140.0,33.4774193548387,4.109677419354838,11.404100155086377,62.0,34.89142857142858,2.738571428571429,10.972327747261444,140.0,0.39644248007628063,-0.006781272170685218,-0.0040260157304393696,-0.00015477075904118598,-0.00634995666903015,-0.040526274324431184,-0.021009529825814957,12.175994320693883,78.0,148500.0,98.0,1355.3372159004211,109.56682828291092,1.073634147644043,-16.893932342529297,-31.06574821472168,-0.3027726411819458,-30.762975692749023,0.009729876182973385,0.009729876182973385,6.592236571256668e-19,17.199417114257812,0.8797911405563354,0.9146411418914795,-0.03484995290637016,0.03484995290637016,,,,,1.0793075293302536,1.595269358534685,0.06632148066537663,-17.626231543223064,1.0049893229277185,0.05094155915189278,-32.0901907602946,0.8666316456132951,-0.006860102058384604,-0.019910231232643127,0.22215215079129455,-0.0013565099013925818,-32.07028058369954,0.852683776955215,-0.005503599105342274,0.00953684225678444,0.00011777167636041109,9.109529027418928e-06,0.00953684225678444,0.00011777167636041109,9.109529027418928e-06,8.265475608904832e-19,1.075739830565167e-19,-1.24078708749619e-20,17.746151860555013,0.9823415226359803,-0.0482894193078578,0.9056063195069631,0.05054696875983782,-0.0001485730835275128,0.9756934344768524,0.04774060487579022,-0.0002931394221652995,-0.07008710484951734,0.020468342867617517,0.00014456752915602587,0.07008710484951734,0.020468342867617517,-0.00014456752915602587
69.4157994478941,1.0,1500.0,0.0,80.0,2030.0,0.5868986242710985,1191.0,839.0,9.901348553920737,2.7103948923195986,11231.671117483567,42.0,0.009007463326756456,34.28529411764706,2.5058823529411756,11.10108036615258,136.0,33.31785714285716,5.232142857142856,11.397374840491691,56.0,34.28529411764706,2.5058823529411756,11.10108036615258,136.0,0.4106635274484253,-0.006128788512203345,-0.00410941647961659,-1.202844256419561e-07,-0.003830293417922317,-0.015162569389373557,-0.021463242468334472,12.675670756278649,80.0,150000.0,99.0,1369.222131729126,109.55125287857572,0.26711565256118774,-20.107635498046875,-31.798593521118164,0.3180330991744995,-32.11662673950195,0.009245295077562332,0.009245295077562332,4.217414215807938e-19,20.275909423828125,0.9888138175010681,1.047899842262268,-0.059086039662361145,0.059086039662361145,,,,,1.3968955477078755,2.5685655917500796,0.06494899505502785,-17.90497334798177,0.971011420122866,0.0014828436897123284,-31.895220692952474,1.105873735236242,-0.001372846321215337,-0.017674085001150766,0.271961630192084,0.010227080629320116,-31.877546564737955,1.064021954141173,-0.011599931727526071,0.009272801565627257,0.00024889836122750944,-2.5087805906180324e-05,0.009272801565627257,0.00024889836122750944,-2.5087805906180324e-05,5.282981628987989e-19,6.805546687582842e-20,-7.851044006923922e-21,18.02083574930827,0.9562353547221156,-0.0010087391956235187,0.9188105086485545,0.06466256687281997,0.0021831827646367707,0.9761289974053701,0.05809138179995144,0.0021901270836690995,-0.057318495710690816,0.02515578547698559,-6.9452004219174525e-06,0.057318495710690816,0.02515578547698559,6.9452004219174525e-06
70.08190298577149,1.0,1500.0,0.0,48.0,1893.0,0.3734789300074158,706.0,1187.0,10.008369750918238,2.308990956886755,11192.795449516978,100.60000000000001,0.02315198379821412,33.94687499999999,4.129687500000002,11.322146325752588,128.0,33.7275,6.310000000000002,11.362527483280186,80.0,33.94687499999999,4.129687500000002,11.322146325752588,128.0,0.4194981077054643,-0.006865266866078764,-0.005019543386026489,-0.00033309866892522374,-0.0030441810344827656,-0.012823275862068937,-0.02358923852168838,13.191867464018527,48.0,151500.0,100.0,1381.9251732826233,109.62966948501784,2.5809881687164307,-18.593000411987305,-35.525753021240234,0.1573735773563385,-35.683128356933594,0.009021835401654243,0.009021835401654243,2.698069287691909e-19,18.637596130371094,0.8788546323776245,1.0134254693984985,-0.1345709264278412,0.1345709264278412,,,,,1.2372857203086218,2.056538366350803,0.030574658098687563,-17.593546454111735,1.0654946617492258,-0.03600021273196047,-32.258093388875324,1.3277210904291774,-0.025482721721237084,-0.0201190451780955,0.2745535109377781,-0.006450968526626992,-32.23797429402669,1.312975387567947,-0.019031757189248145,0.009297564812004565,0.0001534907612499162,-1.5707364983367972e-05,0.009297564812004565,0.0001534907612499162,-1.5707364983367972e-05,3.3749592651879538e-19,4.3451125463105494e-20,-5.011603292910305e-21,17.69899476369222,1.0774317957055033,0.03708372572240069,0.9178948720296224,0.06432426186356575,-0.0015683469570783946,0.9757043699423472,0.058660747453714066,-0.0013871757949684995,-0.057809487295647465,0.030626371311751967,-0.0001811706412322518,0.057809487295647465,0.030626371311751967,0.0001811706412322518
66.9174018351237,1.0,1500.0,0.0,75.0,1933.0,0.5773491633562046,1116.0,817.0,9.760016834234914,2.081589801257256,10326.369441984869,65.8,0.014542079207920793,34.80615384615385,3.226153846153846,10.985392978553582,130.0,34.494545454545445,5.821818181818182,11.042381902900843,55.0,34.80615384615385,3.226153846153846,10.985392978553582,130.0,0.41083026069387313,-0.0065063041516240355,-0.003324586608019391,-0.0001802924573306862,-0.0017171375401793282,-0.03356454068685531,-0.0215576797998669,12.697025061241352,75.0,153000.0,101.0,1395.5322337150574,109.63559013803464,0.35330265760421753,-19.09066390991211,-34.96717071533203,-0.3645770847797394,-34.60259246826172,0.009498842991888523,0.009498842991888523,1.721361303759202e-19,19.26449203491211,0.8008238077163696,0.9017043113708496,-0.10088054090738297,0.10088054090738297,,,,,0.8999396522839864,0.8946466422545543,0.01032522672805954,-17.802365334828696,1.1897324968084846,-0.042227260475031184,-32.252194531758626,1.3833178861653246,-0.07841974540600068,-0.010206085940202078,0.22215111087215786,-0.006918276218206388,-32.241988054911296,1.2682942607799084,-0.07150147069945843,0.009559386658171814,0.00022046002334177362,1.749844312071116e-05,0.009559386658171814,0.00022046002334177362,1.749844312071116e-05,2.1612347785528672e-19,2.783257375031133e-20,-3.2115608660211553e-21,17.915354379018147,1.2124274381912516,0.04603903709980176,0.9277322014172872,0.06555106529451933,-0.002879080358681354,0.9777455031871796,0.04766227142721684,-0.0014786416749668087,-0.05001331176608801,0.02841481713965704,-0.0014004386236292357,0.05001331176608801,0.02841481713965704,0.0014004386236292357
65.98756131258878,1.0,1500.0,0.0,33.0,1966.0,0.25188640036344284,495.0,1471.0,10.132342380708101,1.9848031679648057,11791.741886721928,158.20000000000002,0.03574656543745481,33.52727272727274,5.265151515151516,11.475532055165106,132.0,33.13333333333334,6.634343434343432,11.560788697808112,99.0,33.52727272727274,5.265151515151516,11.475532055165106,132.0,0.4143434014527264,-0.007560582161968413,-0.004054393676486877,-0.000801651696917378,-0.011722534392559696,-0.029606665374927343,-0.023037963366956616,13.19528398297762,33.0,154500.0,102.0,1407.8416175842285,109.74245829237006,0.4108063578605652,-16.804462432861328,-36.863433837890625,0.011713016778230667,-36.875144958496094,0.00992062222212553,0.00992062222212553,1.099657912984087e-19,16.836116790771484,0.8378209471702576,0.9825389981269836,-0.1447179913520813,0.1447179913520813,,,,,1.6019251237312953,3.736712862141548,-0.061239344968944315,-17.80184160868327,0.9542591589672035,-0.0207641313020322,-32.69460830688477,1.6612950373377757,0.007623604168749369,0.07745444091657798,0.2808873778969092,0.0032231213643036374,-32.77206249237061,1.547561298030527,0.004400471399836454,0.00962644542256991,0.00015321448175726208,1.6511013281756122e-05,0.00962644542256991,0.00015321448175726208,1.6511013281756122e-05,1.375150381529014e-19,1.7788803347152196e-20,-2.0509319854922213e-21,17.902370770772297,0.9899340409914271,0.02122435903920407,0.942223866780599,0.07985652347192357,0.001065998453982528,0.9966784616311392,0.06048108687508838,0.0007046912350299081,-0.05445458771428093,0.03571486348523427,0.00036130929073097356,0.05445458771428093,0.03571486348523427,-0.00036130929073097356
69.37033860762041,1.0,1500.0,0.0,91.0,2011.0,0.6729333337646124,1353.0,658.0,9.683019725351521,2.2441556983154043,10211.267796835427,35.0,0.0073914512586585575,35.075555555555546,2.140740740740741,10.885286996247702,135.0,35.40909090909091,5.3181818181818175,10.844624297047671,44.0,35.075555555555546,2.140740740740741,10.885286996247702,135.0,0.4116552535811837,-0.005550815622668314,-0.003413243343448408,-0.00010847501416529126,-0.007355406538139026,-0.015367421067337312,-0.01999527553452855,12.756910906568212,91.0,156000.0,103.0,1422.0360887050629,109.70185724474617,0.6189378499984741,-17.456077575683594,-35.98783874511719,-0.14512676000595093,-35.84271240234375,0.009827084839344025,0.009827084839344025,6.965362882177707e-20,17.646255493164062,0.8360370397567749,0.9486047029495239,-0.11256767809391022,0.11256767809391022,,,,,0.5926436682542165,0.22403356196013652,-0.0018766108821576227,-18.01379763285319,0.9959028383743458,0.010228696150562848,-33.736362266540525,1.8620512612553688,-0.11582030528644478,0.08622817223270735,0.2444419334068651,0.004813356680984091,-33.822590319315594,1.8566550921130347,-0.12063371066389345,0.009963537380099297,9.905774321793935e-05,-6.601155152310554e-06,0.009963537380099297,9.905774321793935e-05,-6.601155152310554e-06,8.773055260093802e-20,1.1525894300716091e-20,-1.329458631692156e-21,18.105499426523846,0.9831680653492225,-0.008045241299672958,0.9280949374039967,0.06586120920106132,-0.0014356736081328253,0.9986811558405558,0.05303178186577322,0.001045291654525247,-0.07058620564639569,0.04102018210529569,-0.002480966839794321,0.07058620564639569,0.04102018210529569,0.002480966839794321
68.30381068862786,1.0,1500.0,0.0,119.0,1883.0,0.9423137979331323,1774.0,109.0,9.849614493604903,1.8336969131030307,8409.319410535047,2.8000000000000003,0.0006391818472355385,34.492913385826775,1.3622047244094486,11.156958081524916,127.0,34.75,5.324999999999997,10.991751306499125,8.0,34.492913385826775,1.3622047244094486,11.156958081524916,127.0,0.4167376249367372,-0.005746144264290075,-0.0036284129187573507,-2.1279880852713344e-06,-0.00433561902705036,-0.028162626208088362,-0.02055494451388678,13.159828635834845,119.0,157500.0,104.0,1436.857331752777,109.61422301257335,1.2708971500396729,-18.272615432739258,-34.56177520751953,0.26036232709884644,-34.82213592529297,0.010285033844411373,0.010285033844411373,4.4493802811157275e-20,18.356348037719727,0.9553925395011902,1.0368828773498535,-0.08149029314517975,0.08149029314517975,,,,,0.6272516697645187,0.32197588587635334,0.004410772255981321,-18.500147819519043,1.0418346546871706,-0.0608849144618421,-33.963073031107584,1.6940513602077236,0.03823624378582048,0.06111908126622438,0.24987201435896683,0.012505092986085525,-34.02419217427572,1.6565853534442678,0.02573115992731828,0.010124648983279864,0.00017815191221008788,1.897389096134348e-05,0.010124648983279864,0.00017815191221008788,1.897389096134348e-05,5.56159698222629e-20,7.185072174552358e-21,-8.281984396357549e-22,18.58283348083496,1.0635507760584415,0.06200176489366398,0.9260834217071533,0.06927764529952457,0.003566855238595162,0.9933853427569072,0.05441361443078473,0.002729685473627702,-0.06730191223323345,0.03774868097066466,0.0008371694458936577,0.06730191223323345,0.03774868097066466,-0.0008371694458936577
68.56550057729085,1.0,1500.0,0.0,12.0,1965.0,0.08636013760429145,169.0,1796.0,9.754207340500876,2.3776742899388665,12696.285793934941,236.0,0.05132666376685516,34.83333333333334,7.509090909090908,10.96803410923288,132.0,34.56666666666668,8.216666666666665,11.03541599668731,120.0,34.83333333333334,7.509090909090908,10.96803410923288,132.0,0.37969832866334013,-0.007002723096602928,-0.005122133781002302,-0.00042665650024036354,-0.0017751479289940838,-0.01025641025641026,-0.021390406991199897,12.16600258405163,12.0,159000.0,105.0,1448.4471876621246,109.77272858435036,0.5403116941452026,-17.041259765625,-34.58965301513672,0.02480465918779373,-34.61445617675781,0.010302223265171051,0.010302223265171051,2.8434947479621206e-20,17.181968688964844,0.9163198471069336,0.9854210615158081,-0.0691012367606163,0.0691012367606163,,,,,1.0432636092106502,1.9014842776192193,-0.037348350302396124,-18.35640157063802,1.341834571074701,0.07214523332402797,-33.78315092722575,1.246305216136192,-0.05936239452595417,-0.04536108262836933,0.25687197552398766,0.009685272766532041,-33.737789916992185,1.258943089439567,-0.06904766689550862,0.010193364384273687,0.00010782804075754244,-2.6779305252005582e-06,0.010193364384273687,0.00010782804075754244,-2.6779305252005582e-06,3.565731753223532e-20,4.560887456961977e-21,-5.262749260826238e-22,18.475634002685545,1.3530361449247597,-0.07231297392203359,0.9168849845727285,0.058949626325220696,0.0008247881630503766,0.9701261659463246,0.05601851234044327,0.00211302564459725,-0.05324118752032518,0.027091259081286873,-0.0012882365429726262,0.05324118752032518,0.027091259081286873,0.0012882365429726262
67.75515103744249,1.0,1500.0,0.0,59.0,1831.0,0.4799197123896776,878.0,953.0,10.004375732860515,2.0872460248306615,10085.256131330303,77.80000000000001,0.018621349928195308,33.96747967479674,3.5414634146341477,11.363517865151529,123.0,33.237500000000004,5.709375,11.565426520881102,64.0,33.96747967479674,3.5414634146341477,11.363517865151529,123.0,0.41419136472034146,-0.00613875366412834,-0.0036723159548787583,-0.000316331138778415,-0.004474539544962114,-0.030422535211267802,-0.02088196458836207,13.269221260326935,59.0,160500.0,106.0,1461.5327174663544,109.81622106841056,0.3871191143989563,-18.041065216064453,-36.80561065673828,-0.0836402177810669,-36.72196960449219,0.010490033775568008,0.010490033775568008,1.8010411887857344e-20,18.20215606689453,0.8539143204689026,0.9616469144821167,-0.1077326089143753,0.1077326089143753,,,,,0.9195095727841059,1.4121897765119384,1.2134398448695404e-05,-18.640009689331055,0.9900957496472723,0.035355864324347425,-35.0082888285319,1.7617584565296676,-0.10952959410738425,0.09120295830070972,0.263853925230375,-0.00783235469917965,-35.09949175516764,1.6591790977939933,-0.10169721949219747,0.010523965985824665,0.0001085396884564255,9.64703972765265e-06,0.010523965985824665,0.0001085396884564255,9.64703972765265e-06,2.2688555860546383e-20,2.978047793059168e-21,-3.43578761273091e-22,18.757310549418133,0.9820223870828704,-0.03541801164094591,0.9242117226123809,0.07688461547316801,-0.00370393604272202,0.9999994218349457,0.05790935730375348,-0.0017183141395433245,-0.07578770406544208,0.035508699267536095,-0.001985621789638138,0.07578770406544208,0.035508699267536095,0.001985621789638138
70.87806777954101,1.0,1500.0,0.0,75.0,1801.0,0.6190476397426095,1114.0,687.0,10.299133157805096,2.369735068498269,9728.329270645967,60.0,0.01503910166432725,32.97190082644627,2.712396694214875,11.626605951843294,121.0,32.71739130434782,5.769565217391304,11.622517225529567,46.0,32.97190082644627,2.712396694214875,11.626605951843294,121.0,0.4391908669627351,-0.0065159576730019365,-0.003400899550463826,-0.00033068068771900433,-0.0018327194322163346,-0.02256760398886007,-0.02240496897080858,14.163687329819124,75.0,162000.0,107.0,1474.8193535804749,109.84396130055282,1.0798513889312744,-17.909725189208984,-33.66110610961914,0.4535212814807892,-34.114627838134766,0.010596568696200848,0.010596568696200848,1.1484637824790891e-20,17.94164276123047,1.0367016792297363,1.0797295570373535,-0.04302789270877838,0.04302789270877838,,,,,0.7279081955552101,0.8778678970496975,-0.024189629951891858,-18.09116137822469,1.0160537453971856,0.009882193280009513,-35.64846572875977,1.3090740971502373,0.022510430969306928,0.0021306975434223813,0.2832543197183767,0.011246338127817014,-35.65059623718262,1.3641139546127072,0.01126411531340219,0.010365793605645497,0.00012212461429226672,-6.577293818466594e-06,0.010365793605645497,0.00012212461429226672,-6.577293818466594e-06,1.4386236840906035e-20,1.8631202940981828e-21,-2.148564797093792e-22,18.163303661346436,0.9839679096877637,-0.01145411248467001,0.9002590874830881,0.06133861119367038,0.002966009403627599,0.9804383436838786,0.062042748820913755,0.0024650055521454567,-0.0801792603606979,0.030119717223216873,0.0005010027156622739,0.0801792603606979,0.030119717223216873,-0.0005010027156622739
69.79883977602113,1.0,1500.0,0.0,106.0,1967.0,0.8072679610217731,1587.0,380.0,9.795705028891078,2.017219448080247,9493.92113867764,3.8000000000000003,0.000830310711008172,34.67121212121212,1.4439393939393945,11.038854950025302,132.0,34.269230769230774,4.615384615384617,11.183024467697557,26.0,34.67121212121212,1.4439393939393945,11.038854950025302,132.0,0.41325063007497426,-0.005184525087144515,-0.00290848805478492,-3.062681882525456e-05,-0.004308062575210602,-0.016991576413959198,-0.019948253376037933,12.745343212595898,106.0,163500.0,108.0,1489.5031297206879,109.76814800695288,1.1563125848770142,-17.197284698486328,-36.27955627441406,-0.08588278293609619,-36.19367218017578,0.010800267569720745,0.010800267569720745,7.328203880728245e-21,17.197105407714844,0.8803623914718628,0.9610334634780884,-0.08067110180854797,0.08067110180854797,,,,,1.7573862959941229,3.6905674796679904,0.07430320012158359,-18.49797306060791,1.2862554895810931,-0.00016098319489609385,-36.10115051269531,2.0114822479594197,-0.020750337288827827,-0.032657589639226596,0.18957173108095265,0.004086284809336651,-36.06849301656087,1.9814418059913577,-0.024836631664576236,0.010750537862380345,0.00010203033654799138,-6.62359640051979e-06,0.010750537862380345,0.00010203033654799138,-6.62359640051979e-06,9.187441103016206e-21,1.1905988332934478e-21,-1.3736182263673805e-22,18.59508647918701,1.306172010976049,-0.0015121014417881944,0.8911737620830535,0.06338353960056675,0.0006164925647391732,0.9728080411752065,0.04181504821282053,0.0009006817826174219,-0.08163428120315075,0.04279433568247995,-0.0002841877584263774,0.08163428120315075,0.04279433568247995,0.0002841877584263774
68.39807224273682,1.0,1500.0,0.0,68.0,1980.0,0.5111940031106564,1012.0,968.0,9.99406127113118,2.256780896702069,10926.782967096322,52.0,0.0115018801150188,33.992481203007536,2.772932330827068,11.318077255089598,133.0,33.400000000000006,4.529230769230768,11.51606044577731,65.0,33.992481203007536,2.772932330827068,11.318077255089598,133.0,0.41737019286541066,-0.006500340217989093,-0.0033395541776568122,-0.0002268420220572325,-0.0021965536830145863,-0.02810073849649707,-0.02154628012233457,13.186788788044831,68.0,165000.0,109.0,1503.1493401527405,109.76953226965043,0.2572564482688904,-19.161544799804688,-35.868858337402344,0.17739194631576538,-36.04624938964844,0.010729569010436535,0.010729569010436535,4.67505478160387e-21,19.121448516845703,0.9490910768508911,1.019116759300232,-0.07002567499876022,0.07002567499876022,,,,,1.210279295841853,2.4816736741257936,-0.04563871978785229,-18.637216250101726,0.7923666558047427,0.003247737778440194,-36.22533645629883,1.157480308612562,-0.011142689128871005,0.02124614603817463,0.24039931337408776,0.003296975727639559,-36.24658228556315,1.09874602385824,-0.014439668750868188,0.010868015140295029,0.00012120816427384464,-4.176338834147557e-06,0.010868015140295029,0.00012120816427384464,-4.176338834147557e-06,5.857637960278472e-21,7.587890228855412e-22,-8.750994984200449e-23,18.737451171875,0.7776351006455755,-0.0035024895418739642,0.9067826728026073,0.06129963957601544,0.0006654228729188439,0.9846943596998851,0.053149809062802165,0.0007258860367423664,-0.07791167671481768,0.023437563931025134,-6.0462144444858945e-05,0.07791167671481768,0.023437563931025134,6.0462144444858945e-05
66.17051894576461,1.0,1500.0,0.0,27.0,1942.0,0.20237297086307082,393.0,1549.0,9.810376853042392,1.8084516799687456,11375.581695193154,178.4,0.03932287074590019,34.632061068702285,6.013740458015269,11.139312294386569,131.0,34.47307692307691,7.2250000000000005,11.173862863070392,104.0,34.632061068702285,6.013740458015269,11.139312294386569,131.0,0.41061168857613206,-0.007169041965701788,-0.003991824919722486,-1.4398478229120205e-06,-0.006343984962406042,-0.034210526315789455,-0.022395294309919878,13.128215057703848,27.0,166500.0,110.0,1515.3294830322266,109.87709396825551,0.2722626030445099,-18.399154663085938,-35.43918228149414,0.18800504505634308,-35.6271858215332,0.010379202663898468,0.010379202663898468,2.977057961650117e-21,18.497379302978516,0.9673519730567932,1.0211580991744995,-0.05380609631538391,0.05380609631538391,,,,,1.3795650338133176,3.1798110305985,-0.09979018831213295,-18.717807133992512,0.968654031581046,0.010993012968239981,-36.636789067586264,1.3840330306653381,-0.00802578443414705,-0.00467660129070282,0.2312142138122277,0.003025152835087463,-36.63211263020833,1.2846051233741735,-0.011050869917311561,0.010636749335875113,0.00011842513851874569,-4.490064840362071e-06,0.010636749335875113,0.00011842513851874569,-4.490064840362071e-06,3.735634887994703e-21,4.86827495041417e-22,-5.615406300209183e-23,18.800716972351076,0.9369791917531112,-0.009424006766552013,0.9002796332041423,0.06595698293912258,0.000675727050747291,0.978948175907135,0.05092900245886481,0.0006622980911288662,-0.07866853183756271,0.027225499635339014,1.342909760748543e-05,0.07866853183756271,0.027225499635339014,-1.342909760748543e-05
67.94762675596935,1.0,1500.0,0.0,101.0,1857.0,0.8097382156871638,1503.0,354.0,9.580353825278902,2.0396178363080195,8765.79976054528,2.6,0.0005865631909037585,35.4608,1.6496000000000008,10.84202719179346,125.0,34.86666666666667,4.875000000000001,11.108334481692701,24.0,35.4608,1.6496000000000008,10.84202719179346,125.0,0.40135544460150646,-0.005299856836107993,-0.0034501662301415453,-2.467289394017146e-06,-0.005868241372946967,-0.02194746878267841,-0.019523558366064994,12.373847190484124,101.0,168000.0,111.0,1529.8747713565826,109.81290962202723,0.39702677726745605,-18.189184188842773,-35.25162887573242,0.044551827013492584,-35.296180725097656,0.010287398472428322,0.010287398472428322,1.8966982854479915e-21,18.230266571044922,0.9499874114990234,0.9897340536117554,-0.03974658250808716,0.03974658250808716,,,,,0.8293376609683036,0.7175318254947256,-0.031363114210734545,-18.792495409647625,0.9658514008336693,-0.005280231395207461,-36.95745951334636,1.2795503941378932,0.00271741550942156,0.002507486939430237,0.2891389981083677,0.0005420339850085243,-36.959967295328774,1.2178144430232734,0.002175389036321527,0.010077128528306882,0.0001461580579357614,7.692664380995333e-07,0.010077128528306882,0.0001461580579357614,7.692664380995333e-07,2.3793545983861496e-21,3.089044948841607e-22,-3.563555500841582e-23,18.873609987894692,0.972604196643552,0.00542381082944214,0.9023621658484141,0.07036677689809355,0.00041314729461414037,0.9805456538995106,0.06292510990204984,0.00012057879079832401,-0.0781834834565719,0.02575649508865186,0.00029256912124435555,0.0781834834565719,0.02575649508865186,-0.00029256912124435555
70.71017026901245,1.0,1500.0,0.0,24.0,1886.0,0.18578205490077926,350.0,1536.0,10.004389284978767,2.234929536424551,12153.176719660858,197.60000000000002,0.0457894980766557,33.979527559055136,6.226771653543307,11.256157022023507,127.0,33.92233009708739,7.574757281553398,11.227694951573113,103.0,33.979527559055136,6.226771653543307,11.256157022023507,127.0,0.42116441540371047,-0.007630392992402673,-0.0052222233579419025,-0.00041365827933372424,-0.0014594594594594585,-0.011459459459459453,-0.024441636555407407,13.585626192365828,24.0,169500.0,112.0,1541.7323710918427,109.94126034985011,0.34747081995010376,-18.209293365478516,-34.905364990234375,0.16091707348823547,-35.066280364990234,0.010775236412882805,0.010775236412882805,1.2196632729252343e-21,18.244945526123047,0.9873279333114624,1.0155174732208252,-0.028189580887556076,0.028189580887556076,,,,,1.4137459456920625,3.523029867340307,-0.10766966105568272,-18.76480229695638,0.9860114065783926,-0.02573715820991382,-36.373535792032875,1.2480915968330968,0.005277666340150895,0.08410821513583262,0.2613111364286466,-0.003431376860838577,-36.45764376322428,1.2049969631454422,0.008709072668905861,0.01050861186037461,0.00014467972957878892,1.3645486419272225e-05,0.01050861186037461,0.00014467972957878892,1.3645486419272225e-05,1.5223193054820431e-21,1.9458210558737464e-22,-2.2444545268468584e-23,18.86965077718099,0.9816335453418334,0.025059090891191797,0.9379904886086782,0.06382094593734307,-0.00033405173209407783,0.9984540740648905,0.05733783044486396,-0.0007485909774916247,-0.06046360085407893,0.025321490097029237,0.0004145369066279785,0.06046360085407893,0.025321490097029237,-0.0004145369066279785
72.0421749461781,1.0,1500.0,0.0,22.0,1848.0,0.17794320541540465,328.0,1520.0,10.195235889088025,2.185026566096462,11341.251831425094,184.20000000000002,0.04455732946298984,33.338709677419345,6.191935483870968,11.491009634321475,124.0,33.317647058823525,7.441176470588236,11.464869423230274,102.0,33.338709677419345,6.191935483870968,11.491009634321475,124.0,0.435641489999399,-0.0075965749410830735,-0.005410424424588795,-0.0002855577501477702,-0.0017922235722964749,-0.01069258809234508,-0.025101990779911983,14.467768117644608,22.0,171000.0,113.0,1553.5042445659637,110.0737256419766,0.26471608877182007,-19.216999053955078,-36.2398796081543,0.1308312714099884,-36.37071228027344,0.010413984768092632,0.010413984768092632,7.74647272539612e-22,19.346973419189453,0.9604374766349792,1.008662223815918,-0.04822484403848648,0.04822484403848648,,,,,0.773902257780234,0.7146998214881962,0.005049502992126091,-18.88875815073649,0.8765633994385758,-0.039015838911588364,-37.58602409362793,1.2179041798956618,-0.04519777308581741,-0.020404689386487006,0.23105638801656478,0.0013162742889961743,-37.56561965942383,1.2131465369595988,-0.046514060897741245,0.01083588870242238,0.0001844367757400571,-1.494357128263995e-05,0.01083588870242238,0.0001844367757400571,-1.494357128263995e-05,9.73273662036319e-22,1.2740660139469758e-22,-1.4695085363570408e-23,18.98335355122884,0.8539306707033207,0.035804443868566745,0.8991557757059733,0.05494176514718035,-0.0004272335230707771,0.9754539410273234,0.0509971956353008,0.0002922752675277981,-0.07629818220933278,0.02443421718685167,-0.0007195100834690549,0.07629818220933278,0.02443421718685167,0.0007195100834690549
67.02442169793045,1.0,1500.0,0.0,79.0,1989.0,0.5933381643188141,1180.0,809.0,9.574484478645891,2.4471071691331048,10881.705206407752,35.800000000000004,0.007589569641721433,35.466165413533844,2.655639097744361,10.754807601812203,133.0,34.525925925925925,4.98888888888889,11.116836263500614,54.0,35.466165413533844,2.655639097744361,10.754807601812203,133.0,0.3957343879041567,-0.005649383437730776,-0.0031642160598938564,-3.510696013007844e-05,-0.003559216661485886,-0.02604911408144254,-0.019161643259123843,11.950080620995509,79.0,172500.0,114.0,1567.4363255500793,110.05231739762219,0.34867191314697266,-19.31439208984375,-38.13320541381836,-0.6551798582077026,-37.47802734375,0.00959496945142746,0.00959496945142746,4.9270015561665915e-22,19.381942749023438,0.7750964164733887,0.8389900922775269,-0.06389366090297699,0.06389366090297699,,,,,2.6670492738485336,4.933426036572644,-0.16586402356956131,-18.81802355448405,0.9905072023009474,0.014745755985926489,-38.090999094645184,1.3634279817394594,-0.024019767922474507,-0.08252128002544244,0.276316016030887,-0.002549284299601435,-38.00847803751628,1.3490005412613773,-0.02147047745107342,0.009998244823267062,0.0002520024997726825,-2.751807942240622e-05,0.009998244823267062,0.0002520024997726825,-2.751807942240622e-05,6.18623420990094e-22,8.051121111712478e-23,-9.287463745648043e-24,18.917724927266438,0.989794087497917,-0.014382505575992894,0.8839150249958039,0.06442385460944332,-0.0007365447262900972,0.9620912770430247,0.0598522703290449,-0.0005384554852368095,-0.07817626626541217,0.027419585423052673,-0.00019808953816487408,0.07817626626541217,0.027419585423052673,0.00019808953816487408
70.32773195902506,1.0,1500.0,0.0,105.0,1871.0,0.8392299031729858,1570.0,301.0,9.85709498001069,1.8611131733374986,8606.73715467078,7.800000000000001,0.0017962417096536478,34.46349206349206,1.0952380952380953,11.094454448030719,126.0,33.96190476190476,3.0761904761904773,11.104368903702397,21.0,34.46349206349206,1.0952380952380953,11.094454448030719,126.0,0.41700108492342813,-0.0057381335169274855,-0.003166134922754539,0.0,-0.001592942041416499,-0.017987991667687907,-0.020125961822596232,13.062395598402823,105.0,174000.0,115.0,1581.8861544132233,109.99527337322367,0.3741488754749298,-20.647075653076172,-35.957801818847656,0.3243236541748047,-36.28212356567383,0.00925925001502037,0.00925925001502037,3.1553085678970734e-22,20.78802490234375,1.0164070129394531,1.049268126487732,-0.03286118805408478,0.03286118805408478,,,,,1.3171698465943336,2.8234458483813256,-0.03415012488574689,-19.012365690867107,0.9634269018596081,-0.011077120253718556,-37.79018071492513,1.074836651220156,0.011050545731694696,-0.0986686692883571,0.3086530124844038,0.011933020323316048,-37.69151204427083,1.0421158051307695,-0.0008824400429719711,0.00942808852220575,0.00011176486389151076,-9.819763496070662e-06,0.00942808852220575,0.00011176486389151076,-9.819763496070662e-06,3.945671985981638e-22,5.060739086090254e-23,-5.837006209076447e-24,19.10970827738444,0.9628615790726645,0.01014320959106015,0.8941246390342712,0.06934624132171432,0.002771596913873387,0.9587842524051666,0.0662262399238528,0.0025585356888436603,-0.06465963001052538,0.021221636163054353,0.0002130617968762971,0.06465963001052538,0.021221636163054353,-0.0002130617968762971
70.5583127339681,1.0,1500.0,0.0,24.0,1839.0,0.19209288713605993,353.0,1486.0,10.304552299102847,2.108179777401935,11565.899426727432,166.20000000000002,0.04063370984303946,32.98548387096774,5.199999999999998,11.685944141145603,124.0,32.582000000000015,6.373999999999998,11.76307391138992,100.0,32.98548387096774,5.199999999999998,11.685944141145603,124.0,0.41375732369712015,-0.007330603375762741,-0.005139792648583968,-0.00033733927725482834,-0.002525923956394571,-0.007870247274661,-0.02474718558043187,13.23342786353956,24.0,175500.0,116.0,1593.728615283966,110.11912462193565,0.2864713668823242,-19.129940032958984,-37.62373733520508,0.180851548910141,-37.804588317871094,0.009631756693124771,0.009631756693124771,2.0101551638450086e-22,19.14291763305664,0.9622316956520081,1.018953561782837,-0.05672190338373184,0.05672190338373184,,,,,2.337946049372355,7.732325111136809,0.1514591305221413,-19.11699701944987,0.9657408506980601,0.03716850492925127,-38.14504648844401,1.174613193334722,-0.04481229856361596,0.005745173245668411,0.2768523686001989,0.0010700937422682335,-38.150791803995766,1.2206841415201084,-0.04588238012803831,0.009565602615475654,0.00011760202247677736,8.503806770046366e-06,0.009565602615475654,0.00011760202247677736,8.503806770046366e-06,2.5221101561879223e-22,3.286479598421328e-23,-3.7905808374916034e-24,19.227819697062174,0.9794833095054969,-0.037271656210351264,0.9142405609289805,0.057589543490775996,-0.00045604956428520844,0.9812294741471609,0.059540090732109106,0.0002342120824056237,-0.06698892749845982,0.02394676238847555,-0.0006902622458865824,0.06698892749845982,0.02394676238847555,0.0006902622458865824
67.15254536504331,1.0,1500.0,0.0,115.0,1917.0,0.893805725121739,1713.0,204.0,9.96583412025564,1.7879258851387363,8974.637554890354,12.0,0.002730251183108846,34.071317829457385,1.5534883720930233,11.22869935703,129.0,32.92857142857142,3.0142857142857156,11.599978288081894,14.0,34.071317829457385,1.5534883720930233,11.22869935703,129.0,0.42116949905677326,-0.006225883888702135,-0.002891870376798195,-9.895125041906304e-05,-0.00514817950889072,-0.03572114027660165,-0.021215724528680566,13.257700070610468,115.0,177000.0,117.0,1608.412157535553,110.04642011112598,0.2806176543235779,-20.290672302246094,-35.8967170715332,-0.11514552682638168,-35.78157043457031,0.009633350186049938,0.009633350186049938,1.278897765447449e-22,20.386123657226562,0.94539475440979,0.955197274684906,-0.009802567772567272,0.009802567772567272,,,,,1.3648788770039877,2.528991829096513,-0.06543716460101737,-19.143408838907877,0.9981915956738269,0.0046559699783076825,-38.974890899658206,1.6585516774590856,0.03857359074644657,-0.030203257749478022,0.280099232053006,0.006851587882959548,-38.94468752543131,1.6410322128563728,0.031722025293132505,0.009535171370953322,8.270591010130606e-05,-2.407990976157161e-06,0.009535171370953322,8.270591010130606e-05,-2.407990976157161e-06,1.6044544931916962e-22,2.0952745781316665e-23,-2.416768884660277e-24,19.249100112915038,0.9746800104293516,-0.0057431374826745155,0.897552220026652,0.06843004204954924,0.0023365602079567466,0.9734807809193929,0.06020167020277387,0.0014723539087212673,-0.07592855465287963,0.03309341158492366,0.0008642062024773838,0.07592855465287963,0.03309341158492366,-0.0008642062024773838
66.62567945148633,1.0,1500.0,0.0,92.0,1928.0,0.7089009912299779,1366.0,562.0,9.666204242167016,2.359428642729851,10067.154974181758,30.0,0.006564838723795352,35.152307692307694,2.101538461538462,10.928517189294936,130.0,33.17368421052631,4.021052631578949,11.521852213689941,38.0,35.152307692307694,2.101538461538462,10.928517189294936,130.0,0.39702984239069367,-0.0054997156719232086,-0.0029840052373354574,-6.222571348521337e-05,-0.0035183946488294635,-0.03221404682274279,-0.019407839490645406,12.457341869478576,92.0,178500.0,118.0,1622.7362112998962,109.99939408328862,1.363284707069397,-19.610584259033203,-39.828155517578125,-0.17779500782489777,-39.650360107421875,0.00955879781395197,0.00955879781395197,8.147641312314662e-23,19.658428192138672,0.8621923923492432,0.9417686462402344,-0.07957629859447479,0.07957629859447479,,,,,0.6793822179238002,0.7591797934154959,0.011782308991944546,-19.474340184529623,0.992794230846202,0.020963720166776438,-39.321411768595375,1.5209919179356848,-0.07140274896504903,0.0016847319900989532,0.27070787399150176,-0.0024371905722660563,-39.32309659322103,1.4652442474626366,-0.06896556391731766,0.009683602768927813,0.00010635293241291374,1.773292258862309e-06,0.009683602768927813,0.00010635293241291374,1.773292258862309e-06,1.0233580597312116e-22,1.3362710005570005e-23,-1.5415826571559481e-24,19.551252365112305,0.9936294032411328,-0.01922263208034988,0.9038944045702616,0.06769666334542845,-0.0016579752106290148,0.9803605298201243,0.05837759900319058,-0.0005268607839726615,-0.07646611112480363,0.02820515456412288,-0.0011311144620859703,0.07646611112480363,0.02820515456412288,0.0011311144620859703
68.51332561786359,1.0,1500.0,0.0,13.0,1897.0,0.10136296619252544,192.0,1705.0,10.239967775951412,2.6304973148685615,12267.796647071329,225.4,0.05348075736724719,33.18582677165354,6.844094488188974,11.5165329721947,127.0,33.057894736842094,7.499999999999998,11.540618996094542,114.0,33.18582677165354,6.844094488188974,11.5165329721947,127.0,0.4224776018543348,-0.007085971906453107,-0.002438402123247007,-0.0013094228043942157,-0.005352676338169073,-0.02841420710355174,-0.02270832193376644,13.89932147655823,13.0,180000.0,119.0,1634.27295255661,110.14072020124492,0.5594228506088257,-19.581619262695312,-41.66785430908203,-0.2861381769180298,-41.381717681884766,0.00946964230388403,0.00946964230388403,5.1932590879653633e-23,19.621288299560547,0.8121168613433838,0.918592631816864,-0.10647577792406082,0.10647577792406082,,,,,2.008391069372495,5.160872728149197,0.05816118184796164,-19.350308481852213,0.8858281560626985,0.02482522915680027,-40.01845245361328,1.6197215808488983,-0.029952071108196685,0.005075050393740336,0.21564765423800014,-0.0026432251041802767,-40.02352752685547,1.572317789318428,-0.027308861856597155,0.009513486797610918,0.00012801468827367592,-1.1980785129465743e-05,0.009513486797610918,0.00012801468827367592,-1.1980785129465743e-05,6.506047464378956e-23,8.448510807575763e-24,-9.744507675153609e-25,19.456010500590008,0.8735565807091491,-0.024683680974602273,0.8977862338225047,0.05918811883979569,-0.0008722814357320661,0.9810975591341654,0.04629299953247453,-0.0005692654377361545,-0.08331134058535099,0.03056184720438109,-0.0003030161513171014,0.08331134058535099,0.03056184720438109,0.0003030161513171014
61.31903591156006,1.0,1500.0,0.0,40.0,1881.0,0.3181122264223079,598.0,1283.0,10.1470842417214,2.1859160751958386,11377.835578105152,167.20000000000002,0.03962085308056872,33.49206349206349,5.4603174603174605,11.491965545444012,126.0,32.8906976744186,6.834883720930232,11.656804010319284,86.0,33.49206349206349,5.4603174603174605,11.491965545444012,126.0,0.41633822769103124,-0.008702870930029957,-0.0035216773271656374,-0.0003068780892261282,-0.003467094703049765,-0.06433386837881276,-0.024252425501584497,12.763442147828076,40.0,181500.0,120.0,1646.8470432758331,110.21059954600791,0.2771221995353699,-19.260894775390625,-39.164302825927734,0.07402144372463226,-39.23832321166992,0.008947202004492283,0.008947202004492283,3.318763702902488e-23,19.47049331665039,0.937606155872345,0.9956943988800049,-0.05808819457888603,0.05808819457888603,,,,,1.5648391887545585,4.824419716944091,-0.09963588075788993,-19.174631754557293,1.0144759409645,-0.047871202886833296,-40.143768310546875,1.2423977174906902,-0.01163994573777582,0.024098425793151062,0.3253034728679519,-0.010634777513855827,-40.16786664326985,1.2443665086755695,-0.0010051748511251952,0.009399225997428099,0.00020290709578565122,-1.66571979826367e-05,0.009399225997428099,0.00020290709578565122,-1.66571979826367e-05,4.1521225478474616e-23,5.365211884306996e-24,-6.18808749873451e-25,19.26122678120931,1.0074919809685634,0.047856643388215464,0.9058726727962494,0.07001817051365399,-0.0020753458821866663,0.9851713756720225,0.06968203188047056,-0.0022809371667125945,-0.0792987197637558,0.024201424640224397,0.0002055914519360933,0.0792987197637558,0.024201424640224397,-0.0002055914519360933
62.95328008717504,1.0,1500.0,0.0,29.0,2059.0,0.20806160100192683,428.0,1631.0,9.786304938558905,2.315980533592196,12873.237525288489,216.0,0.04508076971240139,34.720289855072444,6.31594202898551,11.01352397122151,138.0,34.59816513761467,7.488073394495413,11.002047667665893,109.0,34.720289855072444,6.31594202898551,11.01352397122151,138.0,0.41123675863506987,-0.008903925065580227,-0.0026993927613965735,-0.001030342594188356,-0.006418400876232234,-0.04854326396495093,-0.0245546230825988,12.724614680338625,29.0,183000.0,121.0,1659.1543760299683,110.29715055080239,0.34074583649635315,-18.832717895507812,-40.43511962890625,0.04828006029129028,-40.4833984375,0.00866787787526846,0.00866787787526846,2.1140539826333145e-23,18.955711364746094,0.9147804975509644,0.9901679158210754,-0.07538741827011108,0.07538741827011108,,,,,2.705842848618825,9.18020975858742,-0.22485005758760776,-19.39512195587158,0.9926612843226427,-0.03637662512044056,-41.015106201171875,1.6546287142543616,0.02037218579726236,-0.031376828874150914,0.22015947293661914,0.0020716146504852514,-40.983729426066084,1.7027011726486976,0.018300576045596303,0.008969683417429526,0.00013297701514750917,-6.9188571496721505e-06,0.008969683417429526,0.00013297701514750917,-6.9188571496721505e-06,2.64814696262699e-23,3.42735859684902e-24,-3.9529496940072787e-25,19.486416308085122,0.9889936191502392,0.03730143079237848,0.8850709180037181,0.049312968560127256,0.0010197954395323723,0.9733279506365459,0.046704777843533454,0.0004407501857193008,-0.08825701866298914,0.032994869756803706,0.0005790486165194965,0.08825701866298914,0.032994869756803706,-0.0005790486165194965
53.674190600713096,1.0,1500.0,0.0,12.0,1804.0,0.09843891692200041,177.0,1627.0,9.850464800252489,2.160756914408125,11521.538093645819,233.4,0.05590954822018876,34.500826446281,8.04462809917355,11.176462397976906,121.0,34.26972477064221,8.526605504587154,11.212119814282053,109.0,34.500826446281,8.04462809917355,11.176462397976906,121.0,0.39224780442237456,-0.010542686411297663,-0.004000429132841843,-0.0005965567065103341,-0.011725888324873125,-0.08934010152284282,-0.025249224176065135,12.502354566123264,12.0,184500.0,122.0,1670.5200533866882,110.44464843505375,0.2883993089199066,-19.328048706054688,-45.53406524658203,0.26042863726615906,-45.79449462890625,0.009043289348483086,0.009043289348483086,1.343051783901239e-23,19.380855560302734,0.865784764289856,1.0353413820266724,-0.1695566177368164,0.1695566177368164,,,,,0.6358266308903694,0.43968873723345464,-0.002813621891353773,-19.76641127268473,0.8473391513754678,-0.01880060138638695,-41.96225827534993,1.8490849828398308,-0.03272850112999844,0.025981329381465912,0.2791922648701848,-0.007307449911407166,-41.98824005126953,1.7843786207645045,-0.025421071291234193,0.009029439960916838,0.00026507937133341865,2.308116191884165e-05,0.009029439960916838,0.00026507937133341865,2.308116191884165e-05,1.686889394402792e-23,2.190936371807309e-24,-2.5269607561159855e-25,19.862649981180827,0.8373349311828979,0.01692854909928626,0.884882797797521,0.07239174137783658,-0.0018002036813899596,0.9854963759581248,0.05927110347493586,-0.0015497157385405262,-0.1006135826309522,0.033816434596026075,-0.00025048874177709693,0.1006135826309522,0.033816434596026075,0.00025048874177709693
67.30383259001232,1.0,1500.0,0.0,105.0,2064.0,0.7572734217735904,1563.0,501.0,9.570848560615666,2.142420126988346,10706.415321587108,6.2,0.001256586947709769,35.49640287769784,1.9553956834532376,10.75300728769753,139.0,36.0764705882353,4.535294117647059,10.472884174245435,34.0,35.49640287769784,1.9553956834532376,10.75300728769753,139.0,0.40633485262814617,-0.005840213717149933,-0.002572704182984963,0.0,-0.007265110712148257,-0.02815080789946167,-0.01978495434383824,12.762223795081667,105.0,186000.0,123.0,1685.392729997635,110.36003460170438,0.3552403450012207,-20.10530662536621,-42.029239654541016,-0.28262650966644287,-41.746612548828125,0.008851096965372562,0.008851096965372562,8.548819365564066e-24,20.082788467407227,0.834259033203125,0.9202113151550293,-0.08595231175422668,0.08595231175422668,,,,,0.6086701030532519,0.4484248363009551,-0.017238785497206092,-19.725282287597658,0.8238681360178209,0.026927338664868926,-42.47724723815918,1.7076586673219065,-0.05466551563233124,0.006316415841380755,0.2837674009403198,-0.0036513308007207978,-42.48356348673503,1.7206814562599353,-0.051014185004821785,0.009174261676768462,0.00012942930439087895,-9.14986534365315e-06,0.009174261676768462,0.00012942930439087895,-9.14986534365315e-06,1.0720022192408572e-23,1.3943431510553759e-24,-1.6083371336290728e-25,19.8254825592041,0.8278681466074845,-0.026180327588380032,0.8782713353633881,0.06446416404534212,-0.001511460907334636,0.9813763538996378,0.060458659321788136,-0.0007745308393366213,-0.10310502549012503,0.032075391111130065,-0.0007369304691193736,0.10310502549012503,0.032075391111130065,0.0007369304691193736
70.38533329963684,1.0,1500.0,0.0,64.0,1935.0,0.49428497745984573,956.0,979.0,10.244425369404983,2.5379883180553477,11004.98814508782,45.800000000000004,0.010629902984728217,33.14307692307691,2.3599999999999994,11.56065335805597,130.0,32.1939393939394,4.12121212121212,11.882256178641452,66.0,33.14307692307691,2.3599999999999994,11.56065335805597,130.0,0.4231964383904066,-0.006532948853923473,-0.00303888493235736,-8.464859162851222e-05,-0.00456304746384196,-0.014178040334080242,-0.022479342301118154,13.269190649649024,64.0,187500.0,124.0,1698.5385768413544,110.38901474270887,0.5080326199531555,-19.400123596191406,-39.082176208496094,0.3110528886318207,-39.39323043823242,0.009099530056118965,0.009099530056118965,5.4874324192704256e-24,19.418132781982422,1.0106804370880127,1.046187400817871,-0.03550690785050392,0.03550690785050392,,,,,0.48087614874045054,0.21127812526242576,-0.006243649015702461,-19.53656972249349,1.058322908695619,-0.0034870313192493624,-41.252827707926436,1.6638709505836176,-0.013918991004001017,0.03640301910539468,0.2538966314820869,0.0054629993261365375,-41.28923060099284,1.640220098998959,-0.019382053328567284,0.00882365672538678,0.00011294459651826539,1.1322460861439373e-05,0.00882365672538678,0.00011294459651826539,1.1322460861439373e-05,6.85700926982695e-24,8.763200002379027e-25,-1.0107671926763752e-25,19.586187171936036,1.054301680692753,0.005677256090887131,0.9137171626091003,0.06246703267324825,0.0010077137835696785,0.9877228637536367,0.05361130361271585,0.0011575622341126084,-0.07400568813706437,0.03059979463410779,-0.00014984842961668506,0.07400568813706437,0.03059979463410779,0.00014984842961668506
67.87823847720497,1.0,1500.0,0.0,114.0,1891.0,0.897582296674085,1697.0,194.0,9.897369364746554,1.6969423408712951,8705.534100281195,9.8,0.0022487379531895366,34.31496062992125,1.7716535433070866,11.288229953994163,127.0,33.93846153846153,5.784615384615386,11.412393106167956,13.0,34.31496062992125,1.7716535433070866,11.288229953994163,127.0,0.42052325724358464,-0.006685858350944362,-0.002461855210051784,-4.887789198660742e-05,-0.002819783968163754,-0.03406480955088119,-0.02202494023289508,13.500893022723968,114.0,189000.0,125.0,1713.1743433475494,110.32152141077087,0.5506026744842529,-20.581817626953125,-42.88789367675781,-0.01842472329735756,-42.869468688964844,0.009179806336760521,0.009179806336760521,3.4935770149934556e-24,20.70870590209961,0.8823518753051758,0.9760720729827881,-0.09372016787528992,0.09372016787528992,,,,,0.9900997092326482,2.165428416132414,0.060463614246338705,-19.96533285776774,0.9717792226976184,0.01616823962320921,-42.31333592732747,2.1116860749217206,-0.06694047734787678,-0.12102197172741096,0.2825782725735569,0.00794214571725673,-42.19231414794922,1.9965438166903509,-0.07488264480607694,0.009170347514251867,8.404493042909778e-05,5.679826217975708e-06,0.009170347514251867,8.404493042909778e-05,5.679826217975708e-06,4.388257957146712e-24,5.679513348525909e-25,-6.552342085983764e-26,20.04897975921631,0.9721577193626826,-0.014374807440532053,0.8698569615681966,0.08103558435743048,0.0005185411026798389,0.9542044440905253,0.06018801155135525,0.0016891920526778063,-0.08434749009708563,0.036501790641691574,-0.0011706487197963467,0.08434749009708563,0.036501790641691574,0.0011706487197963467
71.01134121802545,1.0,1500.0,0.0,31.0,1952.0,0.23866951108086454,465.0,1487.0,10.110333623012034,2.1940482397222474,12168.517763197575,164.60000000000002,0.0373954925481643,33.60000000000001,5.546564885496185,11.504192886086974,131.0,33.532,7.150000000000002,11.478654430410323,100.0,33.60000000000001,5.546564885496185,11.504192886086974,131.0,0.42758572151773555,-0.008091212813885428,-0.003344169862985284,-0.0006922289224602442,-0.0039032668646584623,-0.009843020789138728,-0.025394526876082263,13.78683391490372,31.0,190500.0,126.0,1725.2857699394226,110.41649060067813,0.8758320808410645,-20.477371215820312,-40.76734924316406,-0.13702264428138733,-40.63032531738281,0.00918029248714447,0.00918029248714447,2.224188194674759e-24,20.701175689697266,0.9047621488571167,0.9507879018783569,-0.04602582007646561,0.04602582007646561,,,,,0.7561154430111249,0.8977989256631097,0.006155563683743192,-19.907482401529947,0.9761465961446925,-0.029168124087527152,-42.905203628540036,2.1926681419818417,-0.09366241302320408,-0.025436450292666755,0.2686280698879875,-0.007906593909451906,-42.879767100016274,2.163576641917641,-0.0857558185717409,0.009359915585567554,0.00011198593492687307,3.443307577900623e-06,0.009359915585567554,0.00011198593492687307,3.443307577900623e-06,2.7943054716304245e-24,3.622589185238559e-25,-4.17987694686885e-26,20.000379053751626,0.9901618111521461,0.02959086892336907,0.884089191754659,0.07071446590268506,-0.0030512118366059155,0.9745794792970022,0.05746043909655096,-0.001689190129947367,-0.09049028965334098,0.039230495461665085,-0.0013620218815275761,0.09049028965334098,0.039230495461665085,0.0013620218815275761
68.25163486599922,1.0,1500.0,0.0,64.0,2013.0,0.47490462627336816,955.0,1058.0,10.120367476347937,1.9333028519480229,11012.449597793197,89.4,0.019738585180605846,33.54962962962963,3.6177777777777784,11.467028380003875,135.0,33.29859154929577,5.856338028169014,11.491693796207887,71.0,33.54962962962963,3.6177777777777784,11.467028380003875,135.0,0.42825271981353785,-0.007824047082709104,-0.0030730893216288266,-0.0003146732322029862,-0.0030147134478856,-0.02987961724457269,-0.024276916925417245,13.60205260856829,64.0,192000.0,127.0,1738.5536005496979,110.43662958639482,0.6719040870666504,-21.76519775390625,-42.25361251831055,0.22702431678771973,-42.48063659667969,0.009087765589356422,0.009087765589356422,1.4243792805958635e-24,21.932357788085938,0.9546236991882324,1.0282930135726929,-0.07366931438446045,0.07366931438446045,,,,,0.46132255444924036,0.21415009651979772,0.006105653141046113,-20.093116315205894,0.9074255330632293,0.021117267460128708,-42.37534866333008,1.210723678243756,-0.04130123762187927,0.07814359615246455,0.21153347940905237,-0.005327086689342254,-42.45349222819011,1.1954377907723106,-0.03597415843450159,0.009240518820782502,0.00017246994684200768,3.565254064900279e-06,0.009240518820782502,0.00017246994684200768,3.565254064900279e-06,1.782598838428474e-24,2.2918743347806327e-25,-2.64371307697162e-26,20.175718625386555,0.8888829617274003,-0.01908174075592441,0.9204211850961049,0.04927724137011692,-0.0015820268396541145,0.9966413219769795,0.045152501826214116,-0.0011350630653050506,-0.07622013079623381,0.021444448068791463,-0.0004469620331177045,0.07622013079623381,0.021444448068791463,0.0004469620331177045
67.67353134155273,1.0,1500.0,0.0,35.0,1966.0,0.26051349057082224,512.0,1454.0,10.114595999662166,2.288581537536474,11853.70566460106,161.8,0.03648252536640361,33.59848484848485,5.527272727272726,11.421645803854366,132.0,33.64329896907217,7.113402061855668,11.337268441138496,97.0,33.59848484848485,5.527272727272726,11.421645803854366,132.0,0.4359656645652215,-0.008941733005400571,-0.004105962333466128,-0.0006179980403001477,-0.007455553431466313,-0.030281017013955285,-0.026305144968610767,14.129276123724901,35.0,193500.0,128.0,1750.8936457633972,110.5149935681177,0.38451457023620605,-20.441566467285156,-45.23431396484375,-0.17766326665878296,-45.0566520690918,0.009471498429775238,0.009471498429775238,9.028314858952043e-25,20.472003936767578,0.8280441761016846,0.9418706893920898,-0.11382650583982468,0.11382650583982468,,,,,3.170611218114694,9.479101036272377,0.004825993583385293,-20.11643320719401,0.8966345644493021,-0.014691935232669122,-44.586352030436196,1.6119244525197578,-0.040817449143252575,0.06058227767546972,0.30661918493657747,-0.0019505373279960837,-44.64693412780762,1.6908689996695507,-0.03886692187146879,0.00939541527380546,8.293586585118534e-05,-2.126863539152954e-06,0.00939541527380546,8.293586585118534e-05,-2.126863539152954e-06,1.1348347615720482e-24,1.494645048956525e-25,-1.723641277411447e-26,20.211665153503418,0.8827989934936168,0.014605766780118575,0.8833431680997212,0.06193675746892496,-0.0009045031232484057,0.9929767390092213,0.06562093223665984,-0.00042158566804830947,-0.1096335630863905,0.030337447258668108,-0.00048291700186665616,0.1096335630863905,0.030337447258668108,0.00048291700186665616
66.07436438167797,1.0,1500.0,0.0,17.0,2018.0,0.12023045423754443,242.0,1776.0,9.946680608085307,2.752732789770544,13342.76688767316,207.20000000000002,0.04459558348758125,34.16323529411764,6.514705882352941,11.213355290487836,136.0,33.65210084033613,7.32436974789916,11.350913267635082,119.0,34.16323529411764,6.514705882352941,11.213355290487836,136.0,0.37690161531655586,-0.008792253534431789,-0.004402126608912609,-0.001323560097466097,-0.005326876513317178,-0.01992390176409544,-0.022663314271990635,12.596038285986722,17.0,195000.0,129.0,1762.6781177520752,110.62711792705605,0.24390539526939392,-21.650962829589844,-42.78804016113281,-0.08015593886375427,-42.7078857421875,0.009653329849243164,0.009653329849243164,5.785299788979412e-25,21.826171875,0.8974764347076416,0.9627271294593811,-0.06525063514709473,0.06525063514709473,,,,,0.5475842307011286,0.39684063554325394,0.005794949426799512,-19.80918731689453,0.9559998604695273,-0.010188525139423307,-43.641143544514975,1.6006786123066177,0.05111481493651814,0.022258371983965238,0.31807372062324535,0.010155813378572997,-43.66340204874675,1.5186840310149265,0.04095899605247274,0.00926432286699613,0.000135819605868803,1.3231004570692402e-06,0.00926432286699613,0.000135819605868803,1.3231004570692402e-06,7.221363496522784e-25,9.276033711992067e-26,-1.0697461402368489e-26,19.890412712097167,0.9542764656319254,0.012214706047490507,0.8994059443473816,0.07781651522461216,0.0031234333061667843,0.9848007977008819,0.06796363596072495,0.0021775773555471095,-0.08539484286059935,0.0277835526171648,0.0009458553062563371,0.08539484286059935,0.0277835526171648,-0.0009458553062563371
70.12810590669706,1.0,1500.0,0.0,77.0,1940.0,0.5910340244127044,1146.0,794.0,10.16903077296516,1.9732716247746067,10138.596756754207,29.6,0.006822791812649825,33.372307692307686,2.575384615384616,11.484132766258313,130.0,32.74339622641509,5.19245283018868,11.655472476544045,53.0,33.372307692307686,2.575384615384616,11.484132766258313,130.0,0.4271453561193295,-0.006097821095350944,-0.002451091560302589,-6.471920148648933e-05,-0.0038070849338455283,-0.020349978659837918,-0.02239101982038274,13.533451225941441,77.0,196500.0,130.0,1776.2063636779785,110.62903726631673,0.3348780870437622,-19.585994720458984,-43.36021423339844,0.12728072702884674,-43.48749542236328,0.00994816329330206,0.00994816329330206,3.6935986139690323e-25,19.60480308532715,0.9346025586128235,1.0076074600219727,-0.07300485670566559,0.07300485670566559,,,,,1.4366892879207929,3.897215853295445,0.06211247529349681,-20.616200828552245,0.8179192796568432,0.006936478747410071,-43.773532231648765,1.555829390921467,0.012596614952215571,-0.033126718178391454,0.2552655969753323,-0.0032675153844149672,-43.74040552775065,1.5869473161076526,0.015864142056170063,0.009961037306735913,0.00010070306359039588,7.335502070035773e-06,0.009961037306735913,0.00010070306359039588,7.335502070035773e-06,4.629027656708812e-25,5.990510234768017e-26,-6.909796122740886e-27,20.693575286865233,0.8073802096016701,-0.003896526977403725,0.8922801077365875,0.056817425320885726,-0.0002209148762356144,0.9728059649467469,0.05538786407695308,-0.0007120003291842174,-0.08052585994203885,0.028555514592053903,0.0004910845694870796,0.08052585994203885,0.028555514592053903,-0.0004910845694870796
66.38096697085372,1.0,1500.0,0.0,107.0,2057.0,0.7741992562413375,1592.0,465.0,9.944441346633976,1.7148782742472202,9671.352584354441,20.8,0.0044136994440436275,34.14927536231883,2.118840579710145,11.252956354488642,138.0,33.2774193548387,4.26451612903226,11.482136858458265,31.0,34.14927536231883,2.118840579710145,11.252956354488642,138.0,0.42025141264574595,-0.006917831563803768,-0.0027522479465138423,-2.994340021568172e-05,-0.006020451382585988,-0.03877291704483559,-0.022518042161074843,13.36482543869532,107.0,198000.0,131.0,1790.9167129993439,110.55790510123657,0.14226064085960388,-21.330463409423828,-43.432861328125,-0.17559197545051575,-43.25727081298828,0.009601020254194736,0.009601020254194736,2.3508323681331993e-25,21.46103858947754,0.8794180154800415,0.9422041177749634,-0.06278610229492188,0.06278610229492188,,,,,1.2396283229192098,3.8906171536636576,-0.017472281783520883,-20.38096981048584,0.9777182935119838,-0.010752301327510726,-44.8192502339681,1.5251997321893707,-0.009705905256599702,-0.11604812070727348,0.27814634487022016,-0.0013256976929999803,-44.70320192972819,1.4805111937500544,-0.008380270375557714,0.00988864346096913,0.00018659935574615662,-1.7078626109442736e-05,0.00988864346096913,0.00018659935574615662,-1.7078626109442736e-05,2.9490741978982755e-25,3.8483364815158086e-26,-4.438422465886702e-27,20.451616732279458,0.9848956126441631,0.011529983588399573,0.8634941081206003,0.06727893863533668,-0.00022124929873645606,0.9548234462738037,0.060264323518888205,-0.00028282736777199985,-0.09132933691143989,0.02620596576157512,6.157936687862233e-05,0.09132933691143989,0.02620596576157512,-6.157936687862233e-05
69.47965838304206,1.0,1500.0,0.0,67.0,1957.0,0.510984785025048,999.0,958.0,10.179693282367205,1.7780338127621267,10106.198841068273,32.800000000000004,0.007509157509157509,33.34351145038168,2.491603053435114,11.496125656325056,131.0,33.315625,4.1312500000000005,11.500599767863502,64.0,33.34351145038168,2.491603053435114,11.496125656325056,131.0,0.4367602255800722,-0.00752564398738415,-0.0028667390414153834,-0.00014605052104329166,-0.00550715930709928,-0.02483228196655666,-0.024094171044890644,14.06102330116237,67.0,199500.0,132.0,1804.1050434112549,110.5811442236088,0.28068894147872925,-20.189208984375,-42.13434982299805,0.09944582730531693,-42.233795166015625,0.009804613888263702,0.009804613888263702,1.5035199513232215e-25,20.344615936279297,0.9625867009162903,1.0015013217926025,-0.038914650678634644,0.038914650678634644,,,,,1.9962917228539785,7.194829533254632,-0.18514662750305685,-20.311643155415855,0.9465097705957127,-0.011877802508293277,-44.31785062154134,1.86345673552127,0.02741779246770588,0.07553142880400023,0.2958576436348958,-0.003946278614714098,-44.3933822631836,1.8025845135720966,0.03136406072122285,0.009769069651762644,0.00015770646299545447,1.2428055334011353e-05,0.009769069651762644,0.00015770646299545447,1.2428055334011353e-05,1.8803259159996618e-25,2.4249596828037184e-26,-2.7967940841813606e-27,20.41580975850423,0.924264890357701,0.014016261116680823,0.9166619559129079,0.07483749073023487,-9.818208363483089e-05,0.9963120679060619,0.06394484880423786,-0.0008512180427025494,-0.07965010466674964,0.03197188885355237,0.0007530368251251578,0.07965010466674964,0.03197188885355237,-0.0007530368251251578
71.28011659262837,1.0,1500.0,0.0,69.0,2035.0,0.5038365979135585,1025.0,1010.0,10.181044759042818,1.917288175002622,10598.611917826136,36.0,0.007878840934955791,33.351824817518256,2.0291970802919703,11.458596208514892,137.0,33.30294117647059,3.5529411764705876,11.39227448723044,68.0,33.351824817518256,2.0291970802919703,11.458596208514892,137.0,0.43555353710980005,-0.0070340190072545805,-0.0030379514608852333,-4.432146929644276e-05,-0.00397440868553706,-0.014113997673516858,-0.023855608869098373,13.94509959858602,69.0,201000.0,133.0,1817.4826920032501,110.5925249711487,0.437684565782547,-18.052209854125977,-45.6605110168457,0.5314375758171082,-46.19194793701172,0.009993787854909897,0.009993787854909897,9.61682025516744e-26,18.11431312561035,0.9934887886047363,1.0953850746154785,-0.10189633071422577,0.10189633071422577,,,,,0.383186907072862,0.26424228808238215,-0.0012510721390451614,-20.455290412902833,1.1307252260387013,0.005702507774344896,-44.36152407328288,1.6948336196080787,-0.011594969650793284,0.08831842641035716,0.33382274748572066,0.01365547162937508,-44.449842580159505,1.7260683189335586,-0.0252504427255319,0.009810294397175312,0.00010535820221984149,1.8124154730551278e-06,0.009810294397175312,0.00010535820221984149,1.8124154730551278e-06,1.2038408207969517e-25,1.55571420535181e-26,-1.794283476144733e-27,20.530707041422527,1.1256599112576637,-0.004258570177802392,0.9245770653088887,0.07328559359018906,0.002717706093666136,0.9991330007712046,0.07215627855981765,0.0029575273775815513,-0.07455592304468155,0.02995113989526068,-0.00023981966616977337,0.07455592304468155,0.02995113989526068,0.00023981966616977337
69.15758066177368,1.0,1500.0,0.0,40.0,1943.0,0.3026740994751225,588.0,1355.0,10.087641883646885,1.7915652238100261,11064.943154042994,120.0,0.027207182696231805,33.66870229007634,4.804580152671753,11.460227557714145,131.0,33.70989010989012,6.463736263736262,11.40695158789551,91.0,33.66870229007634,4.804580152671753,11.460227557714145,131.0,0.4360642541022635,-0.008184251363793995,-0.0030031992241040294,-0.0005499563439681963,-0.003613853103563667,-0.02757236071607833,-0.025205675623478023,14.178899623126776,40.0,202500.0,134.0,1829.8736860752106,110.66337613408194,0.24489596486091614,-21.227231979370117,-44.105186462402344,-0.44826480746269226,-43.65692138671875,0.009866238571703434,0.009866238571703434,6.132465393934568e-26,21.232892990112305,0.8309242725372314,0.8829383850097656,-0.05201413482427597,0.05201413482427597,,,,,0.4800348828236262,0.3646609593563594,-0.0016961759401773445,-20.554300181070964,0.7851357377817089,-0.007234744367927789,-44.97118225097656,1.6986222153215453,-0.01589231225884556,-0.029890835781892142,0.2931742560470289,-0.010615219731086882,-44.941291427612306,1.645072152957655,-0.005277094347722349,0.00996522263934215,8.860330464297443e-05,2.431977246043418e-06,0.00996522263934215,8.860330464297443e-05,2.431977246043418e-06,7.683988558503125e-26,9.950154735567983e-27,-1.1477578768337534e-27,20.621075057983397,0.8000244732487575,0.00819497198628842,0.8964511573314666,0.07167085667491722,-0.0021937521334087213,0.9734980026880901,0.06361729139162618,-0.0023041064004611844,-0.07704685019950072,0.028447742863041036,0.00011035543975230949,0.07704685019950072,0.028447742863041036,-0.00011035543975230949
64.89261496067047,1.0,1500.0,0.0,16.0,2097.0,0.11320199860668041,237.0,1860.0,9.973575085157064,2.74047585716288,13928.2276453718,242.20000000000002,0.050399533877143333,34.082269503546115,7.104964539007092,11.240680026440339,141.0,33.888000000000005,7.8032,11.265958063743007,125.0,34.082269503546115,7.104964539007092,11.240680026440339,141.0,0.4033514741951471,-0.00823450774885696,-0.0034846036136626426,-0.0012687438466053417,-0.008548009367681514,-0.04121779859484768,-0.023600882569427967,14.133481197154495,16.0,204000.0,135.0,1841.7906787395477,110.76177241792206,0.19510473310947418,-20.900634765625,-42.94559097290039,-0.002503633499145508,-42.94308853149414,0.010497269220650196,0.010497269220650196,3.9043718324149474e-26,21.112743377685547,0.9454411268234253,0.979450523853302,-0.034009382128715515,0.034009382128715515,,,,,3.26021201411883,10.770080476850092,-0.012276486407662922,-20.488927141825357,0.8352613096350339,0.01674840797704398,-45.71440060933431,1.514858521502765,0.05197477330090178,0.0860916506499052,0.2711751157077297,-0.0035887448976978722,-45.80049235026042,1.517239261904716,0.055563527617492836,0.010310960188508033,0.00030927012987878156,3.061876637452957e-05,0.010310960188508033,0.00030927012987878156,3.061876637452957e-05,4.8905002670626883e-26,6.3575317943393724e-27,-7.331061411531092e-28,20.588674545288086,0.8221387709486052,-0.016115925654156104,0.9130073587099711,0.062305345078725295,0.0003751657430799243,0.9987905999024709,0.05918624927784686,-0.0007791149602981536,-0.08578323858479658,0.02661625753088119,0.001154281010849194,0.08578323858479658,0.02661625753088119,-0.001154281010849194
66.44820306239984,1.0,1500.0,0.0,39.0,1947.0,0.2975411699878557,579.0,1368.0,10.168417919320104,2.079454556404019,11901.20096086145,118.60000000000001,0.02708504613136019,33.425954198473306,5.007633587786259,11.544058290263926,131.0,33.37826086956522,6.386956521739131,11.51158359521678,92.0,33.425954198473306,5.007633587786259,11.544058290263926,131.0,0.43227291721379585,-0.008458137864677206,-0.003031470071174024,-0.0003637899964688178,-0.002623062510645539,-0.04660194174757311,-0.025696459682399458,14.437456676917671,39.0,205500.0,136.0,1854.167840719223,110.83139049606615,0.3491537272930145,-20.21010971069336,-45.02413558959961,0.03999151661992073,-45.06412887573242,0.010985123924911022,0.010985123924911022,2.4930708610625893e-26,20.326629638671875,0.924462616443634,0.9888651371002197,-0.06440255045890808,0.06440255045890808,,,,,0.469438765446345,0.6068709702932327,-0.011001059429531513,-20.456243324279786,0.8386808475777062,-0.00972445215346117,-45.418243916829425,1.4324043988279105,-0.05385577039538196,-0.025384710604945817,0.22859827723263956,-0.00321498808012788,-45.3928591410319,1.4068070111931632,-0.05064077918335821,0.010645326506346465,0.00022623423853638082,2.3461267708472013e-05,0.010645326506346465,0.00022623423853638082,2.3461267708472013e-05,3.12592399899493e-26,4.0360380747696634e-27,-4.656655901507748e-28,20.537651379903156,0.8549973556471242,0.008514546446327483,0.9015631894270579,0.055995107971637884,-0.0013681825329119879,0.9743850847085317,0.0502953528400013,-0.00070254713860451,-0.07282190037270388,0.023470097867215843,-0.0006656357266414928,0.07282190037270388,0.023470097867215843,0.0006656357266414928
68.1520810268893,1.0,1500.0,0.0,101.0,1993.0,0.7568785494535535,1508.0,485.0,9.79229716315975,1.785721043403487,9470.061525629606,10.4,0.002238003012696363,34.67910447761196,1.5238805970149254,11.115597593792407,134.0,35.26060606060605,3.048484848484849,10.835337020742607,33.0,34.67910447761196,1.5238805970149254,11.115597593792407,134.0,0.4191914961320218,-0.006987187989219603,-0.0025556412890046765,-0.00020187427202314256,-0.006461105424769609,-0.02650972364380781,-0.02280101350022248,13.41300290104869,101.0,207000.0,137.0,1868.6187460422516,110.77701132905122,0.24467557668685913,-20.389328002929688,-46.54227066040039,0.21692174673080444,-46.759193420410156,0.010263428092002869,0.010263428092002869,1.5892992686725153e-26,20.501392364501953,0.9402283430099487,1.0273723602294922,-0.08714408427476883,0.08714408427476883,,,,,0.49800145079692204,0.3766297462690078,0.003235683912562572,-20.640084648132323,1.0035878872728514,0.012776158198101479,-45.87823219299317,1.5533701762533279,-0.011984491401306417,0.03260764429966609,0.3281668930548878,-0.004635233472663918,-45.91084022521973,1.4634852869317705,-0.007349268453933499,0.010543703101575375,0.0002660280107803695,-2.873260672882748e-05,0.010543703101575375,0.0002660280107803695,-2.873260672882748e-05,1.9923960619332805e-26,2.5763536547213302e-27,-2.970978107367433e-28,20.71680285135905,1.015114144058514,-0.015199418964322548,0.9115340093771617,0.07993739631049494,-0.0009546332019852912,0.9872405389944713,0.07213244082679623,-0.0010279112450936056,-0.0757065299898386,0.024700731987431845,7.327736269380404e-05,0.0757065299898386,0.024700731987431845,-7.327736269380404e-05
70.49547633609257,1.0,1500.0,0.0,74.0,1933.0,0.5702641837273188,1102.0,831.0,10.177103824104723,1.8649028304025674,9912.958871819743,30.0,0.006912123865259665,33.38615384615385,2.1046153846153848,11.524003496140052,130.0,33.21428571428572,4.067857142857143,11.637051848585626,56.0,33.38615384615385,2.1046153846153848,11.524003496140052,130.0,0.43473385745091536,-0.007577519283357771,-0.003098261551038566,-0.00011945760843292267,-0.0038142470694319504,-0.016519386834986514,-0.024149524567629536,13.62843541915967,74.0,208500.0,138.0,1882.125244140625,110.77902527958533,0.6827499866485596,-21.812744140625,-50.138858795166016,0.005114041268825531,-50.14397430419922,0.010085651651024818,0.010085651651024818,1.0143210497186702e-26,21.928224563598633,0.8433224558830261,0.9811124801635742,-0.13779005408287048,0.13779005408287048,,,,,2.539352637032668,8.370593189467066,0.013422762416095935,-20.498622194925943,1.1062028638266714,0.021688744753964574,-46.172920354207356,1.7182354239932094,-0.07478605361615846,0.059276113162438075,0.20433697358280148,-0.004181232559468775,-46.23219655354818,1.7039740272342667,-0.07060484074644506,0.010032914765179157,8.222108086763108e-05,-4.811619343163748e-06,0.010032914765179157,8.222108086763108e-05,-4.811619343163748e-06,1.2713708980543107e-26,1.6439650079640106e-27,-1.8963878980238628e-28,20.56771952311198,1.093266383386142,-0.019186846910250445,0.9176330347855886,0.05247920336665661,-0.0018993024300945815,0.9928646624088288,0.04441597856701936,-0.0009101355168657836,-0.07523163755734762,0.027998861110454895,-0.0009891673524732442,0.07523163755734762,0.027998861110454895,0.0009891673524732442
70.45269572882005,1.0,1500.0,0.0,81.0,1988.0,0.6092166249017766,1211.0,777.0,10.071976113304807,1.7058173224258737,10033.786561042516,10.4,0.002318530408418049,33.72631578947368,2.5383458646616543,11.406975719069518,133.0,33.896153846153844,5.311538461538462,11.336306040721077,52.0,33.72631578947368,2.5383458646616543,11.406975719069518,133.0,0.4305998276587518,-0.006435208697335281,-0.0025633705054502205,-2.7894043203540484e-05,-0.0037886829427615245,-0.020053890748754907,-0.022960530772539012,13.788358798021314,81.0,210000.0,139.0,1895.9749157428741,110.76095904872167,0.21729013323783875,-20.671627044677734,-46.932403564453125,-0.07448261976242065,-46.8579216003418,0.009883538819849491,0.009883538819849491,6.480977670736598e-27,20.652969360351562,0.8867955207824707,0.9638674259185791,-0.07707193493843079,0.07707193493843079,,,,,0.40806120783090594,0.20492510257000762,0.0021112909206956756,-20.645707448323567,0.8571246730395573,0.0210772385984433,-46.285679753621416,1.598179912142315,0.02556694887901857,-0.00443989485502243,0.2909830152421423,-0.007378107538080059,-46.281239954630536,1.6347960172209504,0.032945084280115375,0.009967942722141743,0.00017518376771284328,-1.7648039839424502e-05,0.009967942722141743,0.00017518376771284328,-1.7648039839424502e-05,8.110971736417752e-27,1.0399738611006973e-27,-1.1992130425332547e-28,20.71027921040853,0.838863809675737,-0.021030444695766908,0.9088167369365692,0.06299774768487919,-0.0008649706575311227,0.9790995995203654,0.06317613171598119,-0.0016059533374858735,-0.07028285823762417,0.027532505593508814,0.0007409822547992717,0.07028285823762417,0.027532505593508814,-0.0007409822547992717
67.41807962636479,1.0,1500.0,0.0,122.0,1917.0,0.9476269285152165,1816.0,101.0,10.110186272290344,1.5099911975392355,8525.867202556221,5.6000000000000005,0.0012918704438497739,33.60310077519379,1.665116279069767,11.474116719819337,129.0,31.97142857142857,5.257142857142857,11.902557907716556,7.0,33.60310077519379,1.665116279069767,11.474116719819337,129.0,0.43104648743134416,-0.00723475459952086,-0.0023386745491848176,-8.197573561516211e-05,-0.005314009661835679,-0.03864734299516874,-0.023698669632271286,14.001790189399529,122.0,211500.0,140.0,1910.859482049942,110.68317790333066,0.455983430147171,-20.497791290283203,-48.11094284057617,-0.21925780177116394,-47.891685485839844,0.010163537226617336,0.010163537226617336,4.132229836730566e-27,20.654687881469727,0.8438863158226013,0.9322181940078735,-0.08833178877830505,0.08833178877830505,,,,,1.0972509935498238,3.055714794317104,0.07829081659123419,-20.650570551554363,0.778464876195036,0.0028143741662832148,-46.85099042256673,1.4303955324272892,-0.04961470030040869,-0.08255276655157408,0.2780516507988422,0.005863370617915855,-46.76843770345052,1.3715096298228848,-0.055478068214899416,0.009857678692787886,0.00019107571413815619,1.9965547285103507e-05,0.009857678692787886,0.00019107571413815619,1.9965547285103507e-05,5.181260689241763e-27,6.752033183640496e-28,-7.788441225856905e-29,20.735017267862954,0.7555169994152411,-0.0001828916080804329,0.8895621716976165,0.06681800870976003,0.0005398482316327842,0.9621597190697988,0.060209106402001625,0.001265535935411447,-0.07259753408531348,0.022115037792216213,-0.0007256862708472025,0.07259753408531348,0.022115037792216213,0.0007256862708472025
71.32376628451877,1.0,1500.0,0.0,18.0,1804.0,0.14674202822506255,264.0,1540.0,10.526179736801815,2.1050611086169018,11068.576712484528,198.60000000000002,0.05085266554002151,32.27603305785126,6.322314049586777,11.921699502256192,121.0,32.252427184466036,7.324271844660193,11.89128239404704,103.0,32.27603305785126,6.322314049586777,11.921699502256192,121.0,0.4529392036212588,-0.00924795414961602,-0.003460626852302988,-0.0011662843655328536,-0.0056560215467487355,-0.016313966910350124,-0.02791014395377164,15.129891354688978,18.0,213000.0,141.0,1922.2979516983032,110.80488319296168,0.20571547746658325,-20.84968376159668,-46.57569885253906,-0.027996137738227844,-46.54770278930664,0.010132254101336002,0.010132254101336002,2.6406901172189654e-27,20.901771545410156,0.9133008718490601,0.9739033579826355,-0.060602523386478424,0.060602523386478424,,,,,1.7044943844278653,6.135651875362083,0.020661392920672258,-21.21815128326416,0.7213836841171894,0.029912294296587403,-46.89684778849284,1.6460608811619413,-0.00010619879564419697,-0.05015986760457357,0.25798692183917915,0.004870875383643346,-46.84668731689453,1.5702518748179441,-0.004977077530806083,0.010001869158198435,0.0001677563031673254,1.5819133430288268e-05,0.010001869158198435,0.0001677563031673254,1.5819133430288268e-05,3.3045203181060716e-27,4.268985537373328e-28,-4.9231087489141984e-29,21.314166196187337,0.7428688776111929,-0.02709227997946489,0.900937141974767,0.06676872718405628,0.001159813393475057,0.9691371500492096,0.05598409163271798,0.0010554501822050168,-0.06820000347991785,0.02576814387933275,0.00010436155291500229,0.06820000347991785,0.02576814387933275,-0.00010436155291500229
67.70491571943889,1.0,1500.0,0.0,129.0,2078.0,0.9291128904575178,1930.0,148.0,9.93731100348233,1.6613045010805851,9676.648024474227,12.8,0.0026950772729186843,34.16834532374099,1.3093525179856116,11.249792737692575,139.0,33.019999999999996,1.4600000000000004,11.624542411939839,10.0,34.16834532374099,1.3093525179856116,11.249792737692575,139.0,0.42179778107179844,-0.006847800279992347,-0.0025037739774040166,-0.00016034803679546318,-0.0032436788556462486,-0.03372620126926545,-0.02212729876375185,13.346713384304557,129.0,214500.0,142.0,1937.594972372055,110.70425091855158,0.19996440410614014,-21.17043685913086,-47.879058837890625,-0.37343740463256836,-47.50562286376953,0.010297483764588833,0.010297483764588833,1.681235537534982e-27,21.288938522338867,0.82781583070755,0.8983860015869141,-0.07057014107704163,0.07057014107704163,,,,,1.6057144030928612,5.605440059309357,-0.05983379627427746,-20.921045621236164,0.9452723038259866,-0.010477682162444475,-47.367540995279946,1.5516494321504088,-0.05012260326686723,-0.04586863728861014,0.31904020623794593,-0.006413090296164243,-47.32167231241862,1.5333260035285987,-0.04370952432227069,0.010102807947744926,0.00016773643482830735,-3.6798237312225512e-06,0.010102807947744926,0.00016773643482830735,-3.6798237312225512e-06,2.1109059051552073e-27,2.7365126591314257e-28,-3.156980058811541e-29,21.01048577626546,0.9199319794039428,0.009863669508953848,0.8997499942779541,0.07221181810563027,-0.001919933606573188,0.9700651546319325,0.06931318068664598,-0.0013986513665043682,-0.07031516333421071,0.024583626389687648,-0.0005212809936090611,0.07031516333421071,0.024583626389687648,0.0005212809936090611
70.88584382193429,1.0,1500.0,0.0,14.0,1894.0,0.10371862989453912,196.0,1698.0,10.094195947752597,2.4102863572900444,12504.722216788577,238.60000000000002,0.05536219778179962,33.67031249999999,7.6843749999999975,11.382519406176012,128.0,33.90526315789473,8.514035087719298,11.2705896156148,114.0,33.67031249999999,7.6843749999999975,11.382519406176012,128.0,0.462822418251946,-0.009620028577924647,-0.003196903278109727,-0.0012043279157503035,-0.0036308623298033234,-0.02622289460413512,-0.029814071155981284,15.767888240452749,14.0,216000.0,143.0,1949.123778104782,110.81902669620408,0.17260432243347168,-22.28113555908203,-48.229183197021484,0.5937520265579224,-48.82293701171875,0.010070417076349258,0.010070417076349258,1.0733935581589044e-27,22.262466430664062,1.0229023694992065,1.109117865562439,-0.086215540766716,0.086215540766716,,,,,1.721106554567814,5.564101122081584,-0.056415684380308605,-21.055406188964845,0.7784960716505447,-0.0029672234421706046,-47.34926516215007,1.2616350432902526,0.017099262954662017,-0.013658287997047106,0.2773375620636714,-0.004203382473401689,-47.33560689290365,1.3260791474901827,0.02130264434984236,0.010167013884832462,0.00010122159267170174,4.5883538692471295e-07,0.010167013884832462,0.00010122159267170174,4.5883538692471295e-07,1.3438028243443377e-27,1.737324091292738e-28,-2.003597234030707e-29,21.14459711710612,0.7694066896252381,0.0025217270559410253,0.9120508511861165,0.056917188914638144,-0.000388755999895058,0.97698934674263,0.060422615649295436,-0.0009180679867609975,-0.06493850530435642,0.02172363169832696,0.0005293111593459432,0.06493850530435642,0.02172363169832696,-0.0005293111593459432
69.48412724545128,1.0,1500.0,0.0,38.0,1957.0,0.2917408340736397,570.0,1387.0,10.04898503627569,1.8061385222649147,11373.412719011718,117.0,0.02640845070422535,33.819847328244265,4.995419847328244,11.415166646133782,131.0,34.04301075268816,6.636559139784945,11.312662280119095,93.0,33.819847328244265,4.995419847328244,11.415166646133782,131.0,0.43856577656892903,-0.008101552518534486,-0.002724631408705105,-0.0007181781354662738,-0.004389380530973466,-0.0263362831858407,-0.025390135000053302,14.336319211817433,38.0,217500.0,144.0,1961.516616821289,110.88358779874467,0.4789782762527466,-20.771326065063477,-49.287559509277344,0.35079509019851685,-49.63835525512695,0.009952477179467678,0.009952477179467678,6.852326815928595e-28,20.782596588134766,0.962480902671814,1.0560916662216187,-0.09361080080270767,0.09361080080270767,,,,,1.8990329588452974,7.006122673783094,-0.1661092840756671,-20.96010971069336,0.7915446492755908,0.009074207513828541,-47.95362981160482,1.6226033968413816,0.025713890678229007,0.06005795982976755,0.2963225690729568,-0.005226414531336745,-48.01368802388509,1.63967188380087,0.030940288166051447,0.010205267649143934,0.0002087842311031179,-1.810043822306832e-05,0.010205267649143934,0.0002087842311031179,-1.810043822306832e-05,8.574772953029922e-28,1.1043636449573556e-28,-1.2732406690640738e-29,21.037763341267905,0.7970544292851526,-0.009364844164143312,0.9227950851122538,0.06599731622661337,-0.00045954839008404753,0.9931024511655172,0.06460864514706476,-0.001141807393847384,-0.07030734320481619,0.026607175962962894,0.0006822594198024339,0.07030734320481619,0.026607175962962894,-0.0006822594198024339
67.09331865663881,1.0,1500.0,0.0,54.0,2063.0,0.3911410682432141,806.0,1257.0,9.997020128381967,1.9495507727808281,12049.705359914,126.0,0.026854219948849106,34.0,4.317391304347824,11.310320598400498,138.0,33.77142857142859,6.345238095238094,11.317682201315503,84.0,34.0,4.317391304347824,11.310320598400498,138.0,0.421213944880618,-0.008230870280590923,-0.0030767757614902232,-0.0006298148356451965,-0.004782504205719814,-0.03018505167027174,-0.024647754448476267,13.206647761388151,54.0,219000.0,145.0,1974.5077228546143,110.91372166596751,0.5158646702766418,-21.436058044433594,-48.01484680175781,0.09127122908830643,-48.106117248535156,0.010206007398664951,0.010206007398664951,4.35643475638697e-28,21.548349380493164,0.9363229274749756,0.9999067783355713,-0.06358394026756287,0.06358394026756287,,,,,1.210430857539177,4.323205607859778,0.06990564386624516,-21.116501808166504,1.1911268935803094,-0.007380316016140904,-48.5110715230306,1.146306734933909,-0.020377720715073128,-0.04293064760665099,0.3066536321417574,-0.004496452015916817,-48.46814092000326,1.0793129565084163,-0.015881289947814087,0.010136996861547232,0.00011122373810004414,-1.7608923048148129e-06,0.010136996861547232,0.00011122373810004414,-1.7608923048148129e-06,5.467576525406447e-28,7.133898928004465e-29,-8.227683575864973e-30,21.225986671447753,1.173725126354139,0.0078111213624670415,0.8986629048983256,0.07008811921312298,-0.0010478315417042784,0.9706714550654093,0.06676803735968131,-0.000979373982804011,-0.07200856966276964,0.01705882556335361,-6.845613757150273e-05,0.07200856966276964,0.01705882556335361,6.845613757150273e-05
68.96769714355469,1.0,1500.0,0.0,92.0,1817.0,0.7539071657704034,1369.0,448.0,10.262765208147684,1.8818028367262234,9420.948370357952,12.8,0.0031689443454149336,33.10819672131147,1.6377049180327865,11.597770407130179,122.0,31.433333333333334,3.6133333333333324,12.18377464797721,30.0,33.10819672131147,1.6377049180327865,11.597770407130179,122.0,0.4299834295060604,-0.007179066753061477,-0.0025800181803682246,-2.681981151765349e-05,-0.005381907020191134,-0.026270029460372425,-0.023306653108219035,13.71736812865024,92.0,220500.0,146.0,1988.2821493148804,110.89975337553555,0.15716373920440674,-20.863109588623047,-52.60734558105469,0.05822061002254486,-52.665565490722656,0.010114176198840141,0.010114176198840141,2.7834899744307556e-28,20.949626922607422,0.8626193404197693,0.9926733374595642,-0.13005393743515015,0.13005393743515015,,,,,0.44469719380140305,0.25711006131897096,-0.0034161073910911597,-21.149025917053223,0.8624109531978529,0.027197678494904745,-48.83571866353353,1.5793580194173413,-0.015424676201366854,-0.008677210162083308,0.2507795634528768,0.00011370325081871049,-48.82704149881999,1.5839907816327354,-0.01553838388275242,0.010063949879258871,5.410901183255168e-05,1.7250520285959254e-06,0.010063949879258871,5.410901183255168e-05,1.7250520285959254e-06,3.4846455225800794e-28,4.496938458203877e-29,-5.186593716424857e-30,21.221936225891113,0.857024231597939,-0.0263505848681972,0.9059182425340017,0.05770234348342339,-3.633198138738625e-05,0.9781052748362223,0.05453583654624407,2.5931985280129724e-05,-0.07218704198797544,0.024928561270720625,-6.226333680752167e-05,0.07218704198797544,0.024928561270720625,6.226333680752167e-05
69.30092877060619,1.0,1500.0,0.0,67.0,1828.0,0.5449704275228305,996.0,832.0,10.262554392909397,1.6039120006305259,9699.591682568165,67.8,0.01664538937444761,33.11544715447155,3.1528455284552854,11.663891199931086,123.0,32.79285714285715,5.714285714285715,11.706113585538972,56.0,33.11544715447155,3.1528455284552854,11.663891199931086,123.0,0.4366901409379408,-0.007802640533383473,-0.002797283161697175,-0.00030616172021851476,-0.004270427042704304,-0.02712271227122729,-0.02480957283504783,14.145049476665823,67.0,222000.0,147.0,2001.3803596496582,110.92344287762528,0.17476430535316467,-22.80760955810547,-49.9710578918457,0.12661513686180115,-50.09767150878906,0.010229701176285744,0.010229701176285744,1.7708131392538574e-28,22.870285034179688,0.9236377477645874,1.0076310634613037,-0.08399324119091034,0.08399324119091034,,,,,2.0186459134022394,7.932751904326875,0.27807370101384515,-20.839791997273764,1.0484265862539637,0.005603059592581505,-49.53406778971354,1.378966271799471,0.01379778292340958,-0.0899080779403448,0.28328401208263093,-0.009657151419441477,-49.444159571329756,1.3999483944425988,0.023454937282474282,0.010639406957974036,0.00025662121191622964,1.3795779091828973e-05,0.010639406957974036,0.00025662121191622964,1.3795779091828973e-05,2.220417464392299e-28,2.887163740846486e-29,-3.329556706950168e-30,20.93015054066976,1.0644768183237556,-0.007472368607399549,0.8837353646755218,0.06193938314202094,-0.001573205696992819,0.9601576646169027,0.06226966344637438,-0.002125125891374674,-0.07642227734128634,0.02228288208524063,0.0005519193937966794,0.07642227734128634,0.02228288208524063,-0.0005519193937966794
73.3125417497423,1.0,1500.0,0.0,36.0,1892.0,0.2849979426572711,539.0,1353.0,10.477756847411833,1.979069846743655,11324.666007235193,143.6,0.034869603224709826,32.4267716535433,4.804724409448821,11.889217304496311,127.0,32.639560439560455,6.641758241758243,11.791750967202226,91.0,32.4267716535433,4.804724409448821,11.889217304496311,127.0,0.4599573887470201,-0.008492492945145145,-0.003127436174445535,-0.0007192930254277263,-0.004893741470072156,-0.0045232988886722576,-0.027517165201919592,14.801485675518485,36.0,223500.0,148.0,2013.529878616333,110.99909783985217,0.5807363986968994,-22.34560775756836,-51.482887268066406,0.10358735173940659,-51.58647537231445,0.010562854818999767,0.010562854818999767,1.1288007811737266e-28,22.433277130126953,0.9011210203170776,1.0027642250061035,-0.1016431599855423,0.1016431599855423,,,,,0.4848107213775317,0.38203576871500133,-0.00894443519720116,-21.550854937235513,0.8619702163557355,-0.0012471340124274573,-49.431997807820636,1.443346445092098,-0.043154692517237594,-0.00364069032172362,0.26854624542239613,0.010037648728380484,-49.428357187906904,1.5228137635675878,-0.053192327072940436,0.010040334612131118,0.00032220077850546064,1.8828907138248104e-05,0.010040334612131118,0.00032220077850546064,1.8828907138248104e-05,1.4166853627103712e-28,1.8385276018440645e-29,-2.1210659857832592e-30,21.62300796508789,0.868323055370391,0.0008656918671022548,0.9084679504235585,0.054431755238794906,0.0015364363275725014,0.9791825652122498,0.0582879385215756,0.0021855026251481995,-0.07071460336446762,0.023318175003313037,-0.0006490667898609841,0.07071460336446762,0.023318175003313037,0.0006490667898609841
70.49054172121245,1.0,1500.0,0.0,116.0,1957.0,0.8877083159329295,1737.0,220.0,9.962113345258729,1.7690853616780866,9550.628422774864,5.6000000000000005,0.0012535816618911176,34.100763358778615,0.830534351145038,11.281255735983068,131.0,34.04,2.5866666666666673,11.23293517039848,15.0,34.100763358778615,0.830534351145038,11.281255735983068,131.0,0.42577152781284294,-0.007228528999944691,-0.0026421070766237133,-5.0392564097121954e-05,-0.006011299435028148,-0.015819209039548126,-0.02185980158174224,13.704030207106921,116.0,225000.0,149.0,2028.323079109192,110.92907353734618,0.8727912902832031,-19.721538543701172,-49.86640930175781,0.435949444770813,-50.30236053466797,0.010537263937294483,0.010537263937294483,7.191645699844866e-29,19.9454402923584,0.9994979500770569,1.0757479667663574,-0.07625001668930054,0.07625001668930054,,,,,1.5668099522590637,5.518371558570053,0.13702607784043166,-21.089196395874023,0.9768749346679395,0.001175852638728774,-50.23455047607422,1.7516713462833338,-0.0029160021144355847,0.021225156138340633,0.23987539739066183,0.003106486235431358,-50.255775705973306,1.629040648737207,-0.006022498074574987,0.01031452715396881,0.0001365560300620015,-7.27073070868001e-07,0.01031452715396881,0.0001365560300620015,-7.27073070868001e-07,9.015664419248203e-29,1.165625049581502e-29,-1.3442792875620774e-30,21.15155162811279,0.9497398270965904,0.001477151346683445,0.9064471940199534,0.0678673736405037,0.000767846433684063,0.984593798716863,0.05239528526081163,0.0006794104851922848,-0.07814660451064508,0.02521185268654829,8.843495273285211e-05,0.07814660451064508,0.02521185268654829,-8.843495273285211e-05
66.71008442897423,1.0,1500.0,0.0,51.0,2018.0,0.37412735283806836,754.0,1264.0,10.033098773206097,1.7650117033929094,11788.529473405564,101.2,0.02197611292073833,33.860294117647065,4.241176470588236,11.339609738986633,136.0,33.94352941176471,5.882352941176471,11.27641941971277,85.0,33.860294117647065,4.241176470588236,11.339609738986633,136.0,0.4322487565576415,-0.008900025379892028,-0.0026729628252472747,-0.0007478706544158946,-0.0031526836894215835,-0.040020844189682415,-0.024984475641540903,13.765266145983212,51.0,226500.0,150.0,2041.2782504558563,110.95988503743585,0.2167680412530899,-21.260730743408203,-50.28977966308594,0.34153270721435547,-50.63131332397461,0.011145156808197498,0.011145156808197498,4.595976927489061e-29,21.373205184936523,0.9799834489822388,1.0559484958648682,-0.07596500217914581,0.07596500217914581,,,,,0.4881230374177297,0.37370793450273393,0.006787678397139394,-21.30444202423096,0.7112852747857477,0.012410963098783114,-50.15807596842448,1.2751632211042299,-0.01645673978845762,0.00865343976765871,0.19454045117814459,-0.0019276654847107185,-50.1667293548584,1.24636295404725,-0.014529085424504214,0.010893440681199233,0.00017309788374567363,1.630864755661761e-05,0.010893440681199233,0.00017309788374567363,1.630864755661761e-05,5.755554219637372e-29,7.417162606426108e-30,-8.554945645733694e-31,21.38258908589681,0.7200618931519445,-0.01149885795007721,0.9105052510897319,0.04818701030244859,-0.0004668777060588535,0.9819108148415884,0.04302449609522217,-0.00042057285319447874,-0.07140555729468663,0.019075844992803983,-4.630487606973437e-05,0.07140555729468663,0.019075844992803983,4.630487606973437e-05
71.94066208287289,1.0,1500.0,0.0,38.0,2006.0,0.2845260992475534,570.0,1436.0,10.225707449337081,2.192258704183752,11632.09640333036,99.4,0.022333063718882,33.21492537313433,4.129850746268656,11.535362335314975,134.0,33.19583333333335,5.695833333333333,11.470295721424497,96.0,33.21492537313433,4.129850746268656,11.535362335314975,134.0,0.43756141292686057,-0.008835458342519649,-0.0036288676094490403,-0.0008298476467508051,-0.00661010957935671,-0.004665959703075294,-0.026994615206111395,14.467807231355655,38.0,228000.0,151.0,2053.6364262104034,111.02257297837805,0.16975507140159607,-20.613277435302734,-49.04148864746094,0.03196713328361511,-49.073455810546875,0.010909052565693855,0.010909052565693855,2.9295272235825635e-29,20.531829833984375,0.9401410818099976,0.9870753288269043,-0.046934232115745544,0.046934232115745544,,,,,1.1494881421327592,4.174251687705829,-0.10027960636989695,-21.273547871907553,0.7243110959654665,-0.0015676046505117768,-50.911705017089844,1.3745224731919823,0.08662484649556507,-0.10787450969219207,0.2956055771110228,0.011708909415694852,-50.80383046468099,1.2902997402205134,0.0749159459675253,0.010816204237441222,0.00012040789857215316,-1.215663747872581e-06,0.010816204237441222,0.00012040789857215316,-1.215663747872581e-06,3.665638412259578e-29,4.747523019952905e-30,-5.473856423903412e-31,21.333902422587077,0.7402700970658788,-0.0009795306654481729,0.8802755653858185,0.07224045663693077,0.003914437503517649,0.956118122736613,0.06529074395925784,0.002592410155477705,-0.07584255523979663,0.020529169396118603,0.0013220276903191217,0.07584255523979663,0.020529169396118603,-0.0013220276903191217
69.1593269975218,1.0,1500.0,0.0,73.0,2010.0,0.5396436243686454,1084.0,926.0,10.036978674688754,1.9071750100834148,11084.11885729582,27.6,0.00603806606869394,33.85925925925926,2.410370370370371,11.294303706587892,135.0,33.63870967741937,4.251612903225807,11.329539335251976,62.0,33.85925925925926,2.410370370370371,11.294303706587892,135.0,0.4265191062988971,-0.007463881994938071,-0.0027350080616199237,-0.00041387083391829563,-0.003695046300458538,-0.022224220084509697,-0.023162337102451042,13.266291140463668,73.0,229500.0,152.0,2067.219801425934,111.01867340942395,0.24725747108459473,-23.680538177490234,-50.34083938598633,0.2541695535182953,-50.595008850097656,0.01034998893737793,0.01034998893737793,1.8688527535361665e-29,23.667709350585938,0.9707472324371338,1.0356074571609497,-0.06486023962497711,0.06486023962497711,,,,,1.5126838967204095,3.9169421449267228,0.01828937821910696,-21.448796780904136,1.112133071463641,-0.058565333263494244,-51.0762212117513,1.7488249656121255,0.0033023651768036046,0.02424853201955557,0.2073496511253031,-0.0015500028382518568,-51.10046984354655,1.6907176354845237,0.004852350084350399,0.010770534413556259,0.0002271684393078645,-2.1569742443034026e-05,0.010770534413556259,0.0002271684393078645,-2.1569742443034026e-05,2.3407563712669948e-29,3.028965843395684e-30,-3.492746594937624e-31,21.520465087890624,1.074000064996694,0.05534058380975553,0.9103172719478607,0.05710021758479615,-9.24052465479435e-05,0.9853629509607951,0.045717332147129995,-0.00034286572750206904,-0.0750456857184569,0.025707973523504523,0.0002504616627703801,0.0750456857184569,0.025707973523504523,-0.0002504616627703801
68.06354215668469,1.0,1500.0,0.0,82.0,1891.0,0.6435229178309391,1216.0,675.0,10.152924175225156,1.943940228212364,10489.26412596785,41.6,0.009707378541093013,33.47968749999999,2.7109374999999996,11.49777144117002,128.0,33.26521739130436,5.452173913043478,11.562279838699915,46.0,33.47968749999999,2.7109374999999996,11.49777144117002,128.0,0.4338214062225821,-0.008067790457479226,-0.003180252112427947,-0.000318103201872734,-0.0061022182497765505,-0.03126675875518025,-0.024294714951868246,13.944024823580648,82.0,231000.0,153.0,2080.8134026527405,111.01427917828092,0.37065523862838745,-20.965288162231445,-50.85784912109375,-0.4056510329246521,-50.45219802856445,0.010360704734921455,0.010360704734921455,1.1888399168623143e-29,21.044235229492188,0.8337090015411377,0.8912302255630493,-0.05752122029662132,0.05752122029662132,,,,,0.6102125018835067,0.5116626421742869,0.003857041373268767,-21.190758832295735,0.9293180716064371,0.012788557873684867,-52.36295051574707,1.8627228010778927,0.05308649913885603,-0.0007569765051205953,0.29372053939940673,0.0006739326625299943,-52.36219380696615,1.7893678240878235,0.05241256730840323,0.010127169173210859,0.00017012173698556407,5.045256166158209e-06,0.010127169173210859,0.00017012173698556407,5.045256166158209e-06,1.4896515969763452e-29,1.9497572043987755e-30,-2.24756511549074e-31,21.2571990331014,0.9265445464323476,-0.012043830523634572,0.8910097479820251,0.07372974866749481,0.0011115075218531367,0.979795386393865,0.06391470617820083,0.0001435232772444954,-0.08878566150863966,0.02740655244761899,0.0009679839280211224,0.08878566150863966,0.02740655244761899,-0.0009679839280211224
68.85190379862883,1.0,1500.0,0.0,98.0,1834.0,0.7975283223149867,1462.0,372.0,10.141651632217233,1.8230968224427786,9408.54481060583,15.0,0.003639716587401728,33.50569105691058,1.55609756097561,11.467859794351664,123.0,33.08,3.624000000000001,11.61625750290689,25.0,33.50569105691058,1.55609756097561,11.467859794351664,123.0,0.43452533901718426,-0.008313444747426664,-0.003415497087936403,-0.0001767422952633061,-0.005081397724950619,-0.027464069205095264,-0.024100263542561097,14.026769106039525,98.0,232500.0,154.0,2094.838779449463,110.98706128645495,0.1922360211610794,-20.189483642578125,-49.94496154785156,0.118416428565979,-50.063377380371094,0.010273760184645653,0.010273760184645653,7.62907870745817e-30,20.164508819580078,0.9591554999351501,1.0058653354644775,-0.04670985788106918,0.04670985788106918,,,,,2.985761984686057,8.691834988657709,-0.08829619041473107,-21.224304644266763,0.9535997571891369,-0.02292171855922202,-51.079039637247725,1.4074662562801714,0.05480042267694456,0.03326378551622232,0.26537059389827855,-0.0026888994216189626,-51.11230354309082,1.3549498340466954,0.05748933021961294,0.010306750796735287,9.5846243149591e-05,-8.316131285884097e-06,0.010306750796735287,9.5846243149591e-05,-8.316131285884097e-06,9.524382754611003e-30,1.2206692066287363e-30,-1.4077758053319057e-31,21.27625058492025,0.9820644902283461,0.025458224490698848,0.9224700232346853,0.06342894625715897,0.00044220375669941765,0.9872792541980744,0.057951732533431,-0.0005863110533811138,-0.06480923307438692,0.02085118312207751,0.0010285150413054409,0.06480923307438692,0.02085118312207751,-0.0010285150413054409
52.32018232345581,1.0,1500.0,0.0,8.0,2093.0,0.054015158363240445,113.0,1980.0,9.853804052851597,2.6833676322943556,13668.371037451383,235.60000000000002,0.04844746041538145,34.489361702127674,8.171631205673759,11.125611542774914,141.0,34.630075187969936,8.404511278195487,11.064988551106055,133.0,34.489361702127674,8.171631205673759,11.125611542774914,141.0,0.461618282406893,-0.01369442023599103,-0.005115377394327464,-0.00212237150430311,-0.01205985915492955,-0.1211267605633801,-0.03355742807188387,13.420410532251232,8.0,234000.0,155.0,2106.169541835785,111.1021669205416,0.3923775255680084,-20.377155303955078,-51.68550109863281,0.02592286467552185,-51.71142578125,0.009462781250476837,0.009462781250476837,4.845122146405731e-30,20.34497833251953,0.9194590449333191,0.9855624437332153,-0.06610333919525146,0.06610333919525146,,,,,2.2738673031330108,8.226588996296735,0.07470017281734902,-21.394137827555337,0.8570466012419533,0.0058734405823098286,-52.659349568684895,2.237508542113399,0.010334643744787647,-0.060622925373415154,0.3069647869889032,-0.010487104879818594,-52.59872652689616,2.2314715376030585,0.020821714984695136,0.010008423558125893,0.00032228792081274456,-3.321652007480924e-05,0.010008423558125893,0.00032228792081274456,-3.321652007480924e-05,6.078378408836465e-30,7.953607720760428e-31,-9.171910282356461e-32,21.47030086517334,0.8460091681628172,-0.007834162303682909,0.8851317683855693,0.07289980914579873,-0.0017877919787957714,0.9669158856074015,0.06681639537660572,-0.002273390980000265,-0.08178411821524302,0.03332461972267852,0.0004855985619600163,0.08178411821524302,0.03332461972267852,-0.0004855985619600163
70.71455982208252,1.0,1500.0,0.0,100.0,1811.0,0.8257837302420714,1495.0,316.0,10.321987817398858,1.7048300956034543,9198.752941727302,13.600000000000001,0.003387466374414666,32.908196721311484,1.2016393442622948,11.67610158143953,122.0,33.118181818181824,3.3,11.628795516368571,22.0,32.908196721311484,1.2016393442622948,11.67610158143953,122.0,0.4466550578787062,-0.008604275510567047,-0.003565091579438018,-0.00028181687460795914,-0.003989871338625825,-0.02025732274842609,-0.02544623075049302,14.529892803692277,100.0,235500.0,156.0,2120.1389336586,111.07762621650998,0.4751177430152893,-21.391735076904297,-55.81240463256836,-0.197750061750412,-55.614654541015625,0.010166745632886887,0.010166745632886887,3.0924610097251813e-30,21.554580688476562,0.8184197545051575,0.9369049668312073,-0.11848524212837219,0.11848524212837219,,,,,0.9314256186286608,2.1176241698099054,0.06392177733550214,-21.503789456685386,0.6526594282868636,0.01789516877544628,-52.658681360880536,1.2835378857005506,-0.007838975441732766,-0.04937689950068792,0.3654046152690984,-0.004120767625407198,-52.60930480957031,1.2417135843486844,-0.003718179908555816,0.009679327594737212,0.0002136644144008089,2.332665564883911e-05,0.009679327594737212,0.0002136644144008089,2.332665564883911e-05,3.8749170380600125e-30,4.994787753213867e-31,-5.761732485139288e-32,21.575720024108886,0.650640137733922,-0.018656641755406857,0.8925715625286103,0.08007763487041122,-0.0007758203549963346,0.969311793645223,0.07864403343738417,-0.0008935637150511193,-0.07674024701118469,0.018346569534180946,0.00011774488000636562,0.07674024701118469,0.018346569534180946,-0.00011774488000636562
66.39947002450215,1.0,1500.0,0.0,97.0,1926.0,0.7509359440426363,1446.0,480.0,9.906374447752736,1.9988714596920911,10600.139562378143,12.200000000000001,0.0027573113953803735,34.299224806201565,1.5751937984496127,11.124386404845184,129.0,33.412499999999994,2.156249999999999,11.475501929068033,32.0,34.299224806201565,1.5751937984496127,11.124386404845184,129.0,0.41945438331766954,-0.008476541913071846,-0.004035127682665254,-0.0001105604548951748,-0.0033833833833834133,-0.035822489155822736,-0.023288108575738046,13.204547117351263,97.0,237000.0,157.0,2134.282965183258,111.04431973932296,0.36403462290763855,-21.005950927734375,-53.382728576660156,-0.06298688054084778,-53.319740295410156,0.009657717309892178,0.009657717309892178,1.9746766606808074e-30,20.990398406982422,0.8868604898452759,0.966424822807312,-0.07956427335739136,0.07956427335739136,,,,,0.46127581745386126,0.534385221195039,0.0030393803113029252,-21.429940605163573,0.6894501783095063,0.007339275135214795,-52.357971064249675,1.4685496980767643,-0.006495346561553679,-0.004933186247944832,0.2313189720603716,-0.00988529392904514,-52.35303777058919,1.4997156066677448,0.003389966580707056,0.010034363127003114,0.00018308096166916958,-1.5579773376264015e-05,0.010034363127003114,0.00018308096166916958,-1.5579773376264015e-05,2.472398309711627e-30,3.183562991944084e-31,-3.6716239210817536e-32,21.513775634765626,0.6830698985722375,-0.010430135079830694,0.9111186742782593,0.04989900970716354,-0.0019249385403048767,0.9789831221103669,0.05025483952194154,-0.002143216915470106,-0.06786443882932265,0.02207195116251888,0.0002182783606618632,0.06786443882932265,0.02207195116251888,-0.0002182783606618632
68.27002522915224,1.0,1500.0,0.0,79.0,2064.0,0.5687619739426768,1173.0,891.0,9.839104498412514,2.106655414427363,11834.392356962855,45.2,0.009415882009832514,34.535251798561156,2.4776978417266178,11.052372858589534,139.0,35.243333333333325,4.586666666666668,10.85009593922631,60.0,34.535251798561156,2.4776978417266178,11.052372858589534,139.0,0.4287633068780042,-0.009127198172965959,-0.0040770057429635005,-0.00029148729475198725,-0.004661264723080822,-0.023122546153203725,-0.025428097023397798,13.4071271659164,79.0,238500.0,158.0,2148.150103330612,111.02576101652126,0.3857614994049072,-22.07615852355957,-51.86834716796875,0.053154442459344864,-51.92150115966797,0.009568708017468452,0.009568708017468452,1.2577403051255926e-30,22.10280990600586,0.9372851848602295,0.9914326667785645,-0.054147519171237946,0.054147519171237946,,,,,0.6067693615953128,0.774541097397401,-0.01957214336440353,-21.230492973327635,0.9646413614708934,0.006779004310209619,-52.98404630025228,1.50611437752511,0.009022870769226098,0.045655984555681546,0.34358159615288913,-0.004228883220071393,-53.029702250162764,1.52409845512626,0.013251755897938644,0.0094080975279212,0.00018185903506897556,5.7653512586076215e-06,0.0094080975279212,0.00018185903506897556,5.7653512586076215e-06,1.5764556337550014e-30,2.0462008577362595e-31,-2.3600542458799364e-32,21.304735946655274,0.9570336050869316,-0.00839233822764309,0.9170736054579417,0.07317977676156541,-0.0005512241924697754,0.9897636651992798,0.07361959341016992,-0.0009147319167819303,-0.07269005601604779,0.022381355441843696,0.0003635063187298994,0.07269005601604779,0.022381355441843696,-0.0003635063187298994
69.47103677669041,1.0,1500.0,0.0,71.0,1818.0,0.5809393260758289,1056.0,762.0,10.214465862954128,1.6276780254581396,9746.02870222758,51.400000000000006,0.012665713863289144,33.26393442622951,2.8245901639344266,11.622586654135224,122.0,33.2313725490196,5.423529411764707,11.612929573482642,51.0,33.26393442622951,2.8245901639344266,11.622586654135224,122.0,0.4388229793018129,-0.008709332485701996,-0.0038823313557467152,-0.0004992623450850727,-0.0028826095201972463,-0.025791769391238548,-0.025832419578751244,14.331015527557739,71.0,240000.0,159.0,2161.425060033798,111.03785388527285,0.20751111209392548,-21.015850067138672,-56.6983642578125,0.28684940934181213,-56.98521423339844,0.00934539083391428,0.00934539083391428,8.012574805656875e-31,20.964359283447266,0.9190739393234253,1.0413856506347656,-0.12231160700321198,0.12231160700321198,,,,,1.1323716292778652,3.2424439222128605,-0.09124181031915586,-21.321490732828774,0.9363163604220985,0.007311208892585078,-53.54449234008789,1.5884683119138172,-0.08943895757927461,-0.008059831087787945,0.27623946063415383,-0.0028577693834387023,-53.53643213907878,1.553792248350561,-0.08658117139432128,0.009579307275513808,9.938230415779256e-05,-7.894127997461132e-06,0.009579307275513808,9.938230415779256e-05,-7.894127997461132e-06,1.0056652057226427e-30,1.3050349199112229e-31,-1.5055194877215178e-32,21.393250465393066,0.9377553400460916,-0.006501497177447158,0.9032988091309865,0.06398594928760919,-0.001697830695066381,0.9782724539438884,0.05942903236065511,-0.0006135095345960929,-0.0749736384799083,0.021816306253449713,-0.001084321414900568,0.0749736384799083,0.021816306253449713,0.001084321414900568
66.64152445111957,1.0,1500.0,0.0,98.0,2097.0,0.7009470707601658,1469.0,628.0,9.779857581887134,1.8869083991785645,11307.823356829203,23.6,0.0048491822141859126,34.762857142857136,2.292857142857143,10.895591517859202,140.0,35.36190476190476,4.757142857142857,10.718742790606242,42.0,34.762857142857136,2.292857142857143,10.895591517859202,140.0,0.4218854780577515,-0.008116056776740165,-0.004246191728986827,-0.00021903337708361633,-0.004790975447909766,-0.03216987392169905,-0.022850532668510008,12.898088594818415,98.0,241500.0,160.0,2175.8416380882263,110.99153347032677,1.628735065460205,-19.78718376159668,-53.37318801879883,0.1327240765094757,-53.50591278076172,0.010060534812510014,0.010060534812510014,5.11225643497473e-31,19.840476989746094,0.9417282938957214,1.0088579654693604,-0.06712976098060608,0.06712976098060608,,,,,2.2104651764035226,7.91607455682229,0.1767330275858868,-21.3498130162557,0.9469698589476887,0.03132415746024821,-53.652645874023435,1.5186597137177875,-0.009194233420161908,0.0004888741920391718,0.31385776831152973,-0.005251063878033669,-53.65313466389974,1.488969597589664,-0.003943156241308944,0.009708883085598549,0.00019874680646752866,2.2071705420436128e-05,0.009708883085598549,0.00019874680646752866,2.2071705420436128e-05,6.407911228931293e-31,8.287189127764766e-32,-9.560092026040047e-33,21.43555539449056,0.9553739959289224,-0.03270418551130014,0.9083976864814758,0.07061101068426157,-0.0010215162567885634,0.9800463279088338,0.06769967099779095,-0.001130493755998304,-0.07164864130318165,0.021413374017882125,0.00010897868848483723,0.07164864130318165,0.021413374017882125,-0.00010897868848483723
62.06010627746582,1.0,1500.0,0.0,34.0,1960.0,0.2600274518139068,509.0,1451.0,10.068630939231092,1.849902704742579,11686.375520449574,165.8,0.037502827414612076,33.748091603053446,5.8625954198473265,11.445049431440884,131.0,33.77525773195877,7.088659793814431,11.408276549799913,97.0,33.748091603053446,5.8625954198473265,11.445049431440884,131.0,0.4347190052830506,-0.011492697998700048,-0.004194295193319643,-0.0013557828549760262,-0.002828520919269292,-0.06317030053034814,-0.02918334032246959,13.771363164563137,34.0,243000.0,161.0,2188.133575439453,111.05354934796298,0.4047400951385498,-20.709007263183594,-51.9256477355957,0.18140441179275513,-52.107051849365234,0.01022350788116455,0.01022350788116455,3.270664683775941e-31,20.829299926757812,0.9772599935531616,1.0195800065994263,-0.04232008755207062,0.04232008755207062,,,,,1.4392356658975283,4.554091209317233,0.025132282852330896,-21.24682362874349,0.6910907363585033,-0.007434615834271208,-53.65506019592285,1.4183723397334405,0.04316040904689122,-0.009429359932740529,0.20939930506263363,0.003179119857187665,-53.645630772908525,1.3873553143753212,0.03998125816744233,0.010069325535247723,0.00011821559796074236,9.07861595523753e-06,0.010069325535247723,0.00011821559796074236,9.07861595523753e-06,4.09207780173789e-31,5.261298187233682e-32,-6.069278226456841e-33,21.303279050191243,0.6900069131977089,0.007451410261753836,0.9113595247268677,0.05136409562858705,0.0014273859635078189,0.977966582775116,0.04558215601316828,0.0006928979621182803,-0.06660707257688045,0.020223963040145624,0.0007344876325899584,0.06660707257688045,0.020223963040145624,-0.0007344876325899584
70.96056480407715,1.0,1500.0,0.0,10.0,1934.0,0.07456042155134326,144.0,1790.0,10.32029559981974,2.2719051437537376,12450.504151032093,266.2,0.062216612910765204,32.912307692307685,7.350769230769233,11.749106534717685,130.0,32.81166666666666,7.9333333333333345,11.771383991175854,120.0,32.912307692307685,7.350769230769233,11.749106534717685,130.0,0.4273399751765244,-0.010084621110780182,-0.004610934795099889,-0.001443296711971676,-0.004602235371466135,-0.009467455621301777,-0.027686798272932547,14.76803675482677,10.0,244500.0,162.0,2199.3563120365143,111.16889003474066,0.3985176980495453,-20.804460525512695,-52.11777114868164,0.5186333656311035,-52.63640594482422,0.010311098769307137,0.010311098769307137,2.0840268816067286e-31,20.9412841796875,1.048291802406311,1.0933693647384644,-0.04507747292518616,0.04507747292518616,,,,,1.5998146747549375,5.786269184589144,0.11790208459497162,-21.144479433695476,0.8630660872954257,0.013094520356684668,-54.84326756795247,2.3115095337816305,0.03300567389330299,0.026939465353886288,0.31539830480435876,0.007349075556000298,-54.87020734151204,2.2301634616959927,0.025656614208116324,0.01032405834024151,0.00013833150420362102,-2.1233050374356642e-06,0.01032405834024151,0.00013833150420362102,-2.1233050374356642e-06,2.611423659829142e-31,3.406651352326088e-32,-3.928806948754004e-33,21.232705243428548,0.8839224383000632,-0.01304137598022903,0.9067509770393372,0.08145828130662972,0.0021335590668063883,0.9858508845170338,0.06888061316470505,0.001604222442469918,-0.07909991989533106,0.03184661068528109,0.0005293368945132385,0.07909991989533106,0.03184661068528109,-0.0005293368945132385
67.46229432553662,1.0,1500.0,0.0,49.0,1968.0,0.3699598136138968,728.0,1240.0,9.84847751697748,1.9858555208610469,11849.622634917221,82.4,0.018082865168539325,34.52121212121214,3.686363636363635,11.137780033216231,132.0,34.0698795180723,5.339759036144577,11.285498609584982,83.0,34.52121212121214,3.686363636363635,11.137780033216231,132.0,0.409808489483214,-0.008489037388808063,-0.003628128866007338,-0.0005196176908766613,-0.004888141730247028,-0.022449243501875122,-0.023671619156736278,12.832169611040412,49.0,246000.0,163.0,2212.1349852085114,111.20478706990502,1.3676183223724365,-22.855716705322266,-55.228816986083984,-0.3033472001552582,-54.92546844482422,0.009955091401934624,0.009955091401934624,1.32965972963602e-31,23.043914794921875,0.8416271209716797,0.9141924381256104,-0.07256536930799484,0.07256536930799484,,,,,1.3517586181561152,2.4470550366300254,-0.07054471707715346,-21.29438222249349,0.9262391381642818,-0.0033498931647135155,-54.599571990966794,1.5630819341705924,-0.012030735376545431,-0.018452221651872,0.3037959563712406,-0.006451839871613415,-54.581119283040366,1.595675565315446,-0.0055789052180355205,0.01014119346315662,0.00011942266721464386,-1.2224811741521006e-05,0.01014119346315662,0.00011942266721464386,-1.2224811741521006e-05,1.6655379779493931e-31,2.1549784441501738e-32,-2.485221484785978e-33,21.399215698242188,0.9156171424512817,0.0033780862810346072,0.9059282302856445,0.06517780451771717,-0.0013157562366184507,0.9760002334912617,0.06617377359950986,-0.0014007512666492333,-0.07007200978696346,0.022532435064067234,8.499392694705819e-05,0.07007200978696346,0.022532435064067234,-8.499392694705819e-05
64.26405227661132,1.0,1500.0,0.0,75.0,1975.0,0.569653322802561,1125.0,850.0,9.96531876324023,2.1791576479728394,11693.342793083415,29.200000000000003,0.0064860062194580185,34.10606060606061,2.989393939393939,11.205534728530363,132.0,33.09824561403509,4.60701754385965,11.580736327351893,57.0,34.10606060606061,2.989393939393939,11.205534728530363,132.0,0.41630905889029984,-0.008794737229719107,-0.00385738344425493,-0.000218113044489824,-0.004043172862772006,-0.0452287133801614,-0.024000093437583036,12.872482393088319,75.0,247500.0,164.0,2225.71990275383,111.1999761038099,0.27903321385383606,-20.394325256347656,-54.27400588989258,0.44868022203445435,-54.722686767578125,0.010307726450264454,0.010307726450264454,8.478245364592468e-32,20.34467315673828,1.0132005214691162,1.0780723094940186,-0.06487178802490234,0.06487178802490234,,,,,0.6352980067332585,0.5970649643988709,-0.023744061466584095,-21.06013189951579,0.9170670445686001,-0.01599218731329568,-55.239340718587236,1.6618866562381882,0.06783871931812349,-0.0044544566422700885,0.25838913280166165,0.004637082651240938,-55.234886169433594,1.5795066561663105,0.06320163951699902,0.010338093247264623,0.00012400404215431074,8.890696814712354e-06,0.010338093247264623,0.00012400404215431074,8.890696814712354e-06,1.0614652920993732e-31,1.3746233328987722e-32,-1.5852783644462215e-33,21.11832930246989,0.916174503138528,0.015549748625452275,0.9046061476071675,0.0659242586611684,0.002064772946418176,0.9789950668811798,0.056504461840453865,0.0010158226275205206,-0.07438891852895418,0.022688972601629418,0.0010489483547290283,0.07438891852895418,0.022688972601629418,-0.0010489483547290283
61.216987478322,1.0,1500.0,0.0,29.0,2078.0,0.20245905014404608,420.0,1658.0,10.041911013281547,2.5128962452344825,13369.838644658528,166.8,0.03519581363943282,33.85142857142858,5.658571428571432,11.310513566034027,140.0,33.35495495495495,6.641441441441442,11.43207335923567,111.0,33.85142857142858,5.658571428571432,11.310513566034027,140.0,0.4041685687335649,-0.010648588867319793,-0.004301591288788362,-0.0015983425328796228,-0.006473888649115269,-0.047475183426845265,-0.026846316717955083,12.188523029979377,29.0,249000.0,165.0,2238.0372457504272,111.2582020128574,0.19511358439922333,-21.766468048095703,-56.665504455566406,0.11967477202415466,-56.785179138183594,0.00991657841950655,0.00991657841950655,5.398689378538467e-32,21.787837982177734,0.9172160625457764,1.0059399604797363,-0.08872399479150772,0.08872399479150772,,,,,0.4355222011605899,0.2528691849889384,0.005468508137081291,-21.311305872599284,1.1085785806928086,-0.011407003095072844,-55.60000279744466,1.6059283423336583,-0.05565967326434644,0.04464262947440147,0.2971511278294764,-0.00044649445407250076,-55.644645309448244,1.6674742467635095,-0.05521314831013327,0.010012766377379497,0.00012598141599499244,-2.851307151779322e-06,0.010012766377379497,0.00012598141599499244,-2.851307151779322e-06,6.771547408847573e-32,8.778393538200493e-33,-1.0124240696020804e-33,21.40075594584147,1.1272816919076643,0.010052008199213914,0.9145011683305104,0.06174269974601879,-0.0007058107945757446,0.9897231499354044,0.06453860406186064,-9.940397222264372e-05,-0.07522198278456926,0.022867241716613806,-0.0006064077899340643,0.07522198278456926,0.022867241716613806,0.0006064077899340643
69.88256370189578,1.0,1500.0,0.0,86.0,2030.0,0.6345515766864419,1288.0,742.0,10.085301039802243,2.064756103653335,11027.73780869022,56.6,0.01235052806144715,33.6970588235294,2.3058823529411767,11.372151237086372,136.0,33.76,4.812000000000001,11.271814745424455,50.0,33.6970588235294,2.3058823529411767,11.372151237086372,136.0,0.43412989629651794,-0.008173661611260137,-0.0040006074000122835,-0.00035431313956314146,-0.0022184300341297034,-0.02264970524356205,-0.02417911921146063,14.034110542512805,86.0,250500.0,166.0,2251.8073058128357,111.24397693948191,0.6550469994544983,-20.68364906311035,-55.82550811767578,0.3470289707183838,-56.17253875732422,0.009852214716374874,0.009852214716374874,3.451202630998677e-32,20.779483795166016,0.9797157645225525,1.0551115274429321,-0.07539574801921844,0.07539574801921844,,,,,2.9063517277439437,8.540585362921256,0.08159775725660126,-21.16592966715495,1.0333885852987366,0.012123326014093862,-55.582037607828774,1.606667481727058,0.012887045379741183,0.04729681381334861,0.2926923526629177,0.002666174245374623,-55.62933489481608,1.5463509462960943,0.01022086732247144,0.009821888462950786,0.00013340772951138787,-4.0261012743393e-06,0.009821888462950786,0.00013340772951138787,-4.0261012743393e-06,4.3186093556083944e-32,5.573360838004796e-33,-6.428056623600662e-34,21.259431266784667,1.0541633612390438,-0.015134084954012873,0.9200071493784586,0.06929235087305317,0.0008732425225059324,0.9902042885621388,0.06334213755024089,0.0005735225884349267,-0.07019715346395969,0.021533492988389805,0.00029972163386419304,0.07019715346395969,0.021533492988389805,-0.00029972163386419304
57.879667108709164,1.0,1500.0,0.0,11.0,1916.0,0.08493802256407378,162.0,1754.0,10.11548099069109,2.196034551749556,12155.422785451663,251.8,0.05854724702380952,33.60000000000001,7.64375,11.4682022775259,128.0,33.46495726495726,8.054700854700855,11.495826358231099,117.0,33.60000000000001,7.64375,11.4682022775259,128.0,0.41525636055479304,-0.011492565911659041,-0.004050897312601108,-0.0013970507140312663,-0.0027988338192419817,-0.08396501457725941,-0.028323499754405342,13.721766817236341,11.0,252000.0,167.0,2263.147032737732,111.34937162927292,0.5807615518569946,-20.94046401977539,-52.750125885009766,0.6315951347351074,-53.38172149658203,0.010483668185770512,0.010483668185770512,2.195844459297554e-32,20.923885345458984,1.0862653255462646,1.1185662746429443,-0.032301101833581924,0.032301101833581924,,,,,1.067672001818816,2.2584845563014997,0.040012198431340684,-21.12121295928955,0.8421547278479946,-0.006746800457675121,-56.29229482014974,1.684187364082172,0.03221965955282422,0.052128413878381255,0.2641540972126493,0.002642529019806223,-56.34442303975423,1.535088219307204,0.02957713346725445,0.01029868759214878,0.0001496295057839761,7.927327005563289e-06,0.01029868759214878,0.0001496295057839761,7.927327005563289e-06,2.752383253966671e-32,3.587924232322953e-33,-4.1373551666457205e-34,21.224557558695476,0.8309023398027681,0.0028642635324236548,0.916085441907247,0.0710317998653828,0.0011522158101880467,0.9913503925005595,0.057787485360561795,0.000584940623918783,-0.07526496605326732,0.02140797212098077,0.0005672749678901638,0.07526496605326732,0.02140797212098077,-0.0005672749678901638
65.18108390359318,1.0,1500.0,0.0,102.0,2072.0,0.7360611560054066,1525.0,547.0,9.521611348698166,1.8085665991551765,11678.569929219015,34.800000000000004,0.007011605415860735,35.706474820143896,2.303597122302158,10.579119705934824,139.0,34.92972972972972,5.135135135135134,10.865513007687406,37.0,35.706474820143896,2.303597122302158,10.579119705934824,139.0,0.4013323301761361,-0.007890164635912694,-0.004052048949613591,-0.00019605363082118244,-0.005312919360741694,-0.03176771989752376,-0.02134280258993099,12.017813265373713,102.0,253500.0,168.0,2277.9401581287384,111.28474955559977,0.534204363822937,-20.700305938720703,-56.52618408203125,-0.07451826333999634,-56.451663970947266,0.009850429370999336,0.009850429370999336,1.4001257376662602e-32,20.754547119140625,0.8942074775695801,0.9638713598251343,-0.06966392695903778,0.06966392695903778,,,,,2.3039175142844517,6.549027720765223,-0.1587928696455763,-20.9704771677653,0.7402710278479246,-0.006192384068506646,-56.6007506052653,1.6384642574738564,0.022135406765711168,-0.012191517402728398,0.3083669258936244,0.0070477405714246205,-56.58855908711751,1.5776505533236151,0.015087699677974459,0.01022243450085322,0.00018935631638632955,-1.9968945006772924e-05,0.01022243450085322,0.00018935631638632955,-1.9968945006772924e-05,1.754598958709453e-32,2.278276901416653e-33,-2.627672547739064e-34,21.054268836975098,0.7174916546649378,0.010867895565520404,0.9034926255544027,0.07320709214819807,0.0019061972222418194,0.9773205101490021,0.06744616641156857,0.0015409321753148415,-0.07382789552211762,0.021733503443340702,0.0003652633446474907,0.07382789552211762,0.021733503443340702,-0.0003652633446474907
69.22595208740235,1.0,1500.0,0.0,125.0,2039.0,0.9126106413924382,1860.0,179.0,9.622285311115535,1.9021194520153073,10686.411358995108,3.6,0.0007438631291842301,35.325547445255474,1.2277372262773723,10.732193668415917,137.0,37.116666666666674,8.450000000000001,10.274444301406385,12.0,35.325547445255474,1.2277372262773723,10.732193668415917,137.0,0.41153181120430965,-0.006812038742558596,-0.0036971834737228367,-4.9746962231902035e-05,-0.005907795644209122,-0.013596580500712479,-0.021018363456094563,12.557429223670415,125.0,255000.0,169.0,2293.1865780353546,111.19897632510416,1.0784556865692139,-21.116966247558594,-54.69373321533203,0.2845078408718109,-54.978240966796875,0.00986003503203392,0.00986003503203392,8.907077752589535e-33,21.257495880126953,0.9966102242469788,1.0415911674499512,-0.04498106241226196,0.04498106241226196,,,,,0.8122860913475355,0.984283783297665,0.008904448834489249,-20.945580673217773,0.9113318214904701,0.01285270716377619,-57.585598882039385,2.027172414089184,-0.045787123869999634,-0.018421882887681325,0.2865039668909556,-0.0004908884576085676,-57.56717694600423,1.9223940678434734,-0.045296266108119085,0.009830714979519447,9.60081722501467e-05,9.06661256435027e-06,0.009830714979519447,9.60081722501467e-05,9.06661256435027e-06,1.1172382907761147e-32,1.456341409162549e-33,-1.6796481577778108e-34,21.009989166259764,0.9043421789335715,-0.009561851425086471,0.8936575472354888,0.0740713391347093,-0.0005651629806493262,0.976025108496348,0.06200020406206081,-0.00011014914486115323,-0.08236757380266985,0.025879452595449073,-0.0004550149670498507,0.08236757380266985,0.025879452595449073,0.0004550149670498507
66.62097381591796,1.0,1500.0,0.0,100.0,2040.0,0.7331140711300049,1495.0,545.0,9.79726776929607,1.8426938771780408,10988.404210362607,16.8,0.0035355023359569006,34.68467153284671,1.782481751824818,11.016014599594511,137.0,33.54054054054054,3.1297297297297306,11.316619000131512,37.0,34.68467153284671,1.782481751824818,11.016014599594511,137.0,0.4122027395581004,-0.007595823688482141,-0.003779822332777518,-0.00016805901915294743,-0.004171974522293029,-0.03266242038216593,-0.022260606134738816,12.995420876056926,100.0,256500.0,170.0,2307.803448677063,111.14464715226826,0.2630767226219177,-18.951953887939453,-59.9040641784668,0.5179766416549683,-60.42203903198242,0.009316785261034966,0.009316785261034966,5.692217150499707e-33,19.061298370361328,0.976963460445404,1.090773105621338,-0.1138097271323204,0.1138097271323204,,,,,2.9151292900244394,6.628778593431339,-0.05795096847186237,-20.658390871683757,0.7890318553102715,0.04135455639662064,-57.10664698282878,1.649962780268729,-0.06653777940387157,-0.03800736740231514,0.335142461298302,-0.004472308527176851,-57.06863950093587,1.5822600767509045,-0.06206553101672113,0.00997725510969758,0.00031243100990869084,-1.6850119744644176e-05,0.00997725510969758,0.00031243100990869084,-1.6850119744644176e-05,7.131123120259899e-33,9.178693044226492e-34,-1.0588136987384695e-34,20.738193957010903,0.7820448578864083,-0.04208597855785467,0.900910371541977,0.07750828693450419,-0.001650198879708708,0.9717974424362182,0.07265537010493592,-0.0009681706168627755,-0.07088707890361548,0.02093892212024036,-0.0006820270424922122,0.07088707890361548,0.02093892212024036,0.0006820270424922122
66.86557616506305,1.0,1500.0,0.0,112.0,1900.0,0.8807789999699817,1673.0,227.0,9.748561617946752,1.8579207735821344,10377.451737202005,9.200000000000001,0.00206047032474804,34.88281249999999,1.4671874999999999,10.978562810871844,128.0,33.775000000000006,3.837500000000002,11.535666420162356,16.0,34.88281249999999,1.4671874999999999,10.978562810871844,128.0,0.41365965717146935,-0.008172021304159964,-0.003983603761148582,-0.00016840635493166578,-0.0045986192731214525,-0.02884692189193844,-0.022689162608753928,12.844714432091706,112.0,258000.0,171.0,2322.484952688217,111.08791025809299,0.36053895950317383,-20.946224212646484,-58.41701126098633,-0.48918354511260986,-57.927825927734375,0.009657003916800022,0.009657003916800022,3.6321607292897554e-33,21.12744140625,0.7990493774414062,0.8745723962783813,-0.0755230188369751,0.0755230188369751,,,,,1.3515516648689905,3.7087568039948677,0.04036284188540015,-20.933638509114584,0.8037276366021616,0.005234568323256667,-57.52669054667155,1.7083811032753653,-0.037294202386602186,-0.06632346610228221,0.24146214624830645,0.00028161863662774675,-57.460366821289064,1.697747018500932,-0.037575783055933405,0.009669264561186235,9.445767063961012e-05,3.273452987461092e-06,0.009669264561186235,9.445767063961012e-05,3.273452987461092e-06,4.552636490839009e-33,5.892578444896232e-34,-6.796375244308722e-35,21.018615023295084,0.8354101207383212,-0.003492116026406851,0.8942001084486644,0.05620473287040047,-0.00028945265940751795,0.9657059371471405,0.052076834483082965,5.993677325986036e-05,-0.07150582956771055,0.022577321702050165,-0.0003493905887919329,0.07150582956771055,0.022577321702050165,0.0003493905887919329
68.79690431867327,1.0,1500.0,0.0,70.0,2050.0,0.5055689814659959,1036.0,1014.0,9.960451263141348,2.115791534881549,12293.445764198366,75.0,0.015926948396687193,34.12318840579712,3.3043478260869565,11.250533579728238,138.0,33.96176470588235,5.788235294117648,11.239653970311409,68.0,34.12318840579712,3.3043478260869565,11.250533579728238,138.0,0.4235566967018672,-0.00844259653553541,-0.003574089066367375,-0.00025033738137560763,-0.0034485972597632824,-0.02326405070370038,-0.024610797573727857,13.624366155766047,70.0,259500.0,172.0,2336.034609556198,111.08568295111861,3.79949951171875,-21.560745239257812,-57.986209869384766,-0.1354164183139801,-57.850791931152344,0.010372309945523739,0.010372309945523739,2.320963269846712e-33,21.642976760864258,0.8804823756217957,0.9503581523895264,-0.06987577676773071,0.06987577676773071,,,,,2.837318977713585,9.154317290939638,-0.32894803619093105,-21.196028391520183,0.8245441208020204,0.03542210766683062,-57.569997024536136,1.5173362027074153,-0.03186876596147343,0.02982713294525941,0.30150828635004356,-0.016007624472904804,-57.59982414245606,1.5002026898847611,-0.015861116606612186,0.010381634502361218,0.00029834211944674633,2.2634934091130278e-05,0.010381634502361218,0.00029834211944674633,2.2634934091130278e-05,2.904905100660122e-33,3.7421730000615e-34,-4.3164864363904444e-35,21.272450955708823,0.8106530350392487,-0.03396922526290639,0.917688928047816,0.06751909690691868,-0.0035535760265303805,0.9864347736040752,0.06596319411858628,-0.003495637726067713,-0.0687458640585343,0.01995649723315146,-5.7939207958296256e-05,0.0687458640585343,0.01995649723315146,5.7939207958296256e-05
68.9487496544333,1.0,1500.0,0.0,102.0,1906.0,0.7992033465625471,1523.0,383.0,9.967092779926924,2.0104862402369816,10344.54418839743,9.4,0.0021531977276892066,34.10625000000002,1.171875,11.223037868788841,128.0,32.800000000000004,3.0153846153846167,11.66384767508691,26.0,34.10625000000002,1.171875,11.223037868788841,128.0,0.4216999199319337,-0.0076198646926607175,-0.003503596154620374,-0.00015165775167530094,-0.0068824878919193306,-0.01825133826153466,-0.022879390097999122,13.19421384882246,102.0,261000.0,173.0,2350.3714532852173,111.04627723213233,0.6761943101882935,-22.143102645874023,-58.89588928222656,0.17161217331886292,-59.067501068115234,0.010727154091000557,0.010727154091000557,1.4752714915628797e-33,22.298107147216797,0.9364867210388184,1.0178425312042236,-0.08135584741830826,0.08135584741830826,,,,,0.7353548467159271,1.0492172512163431,0.0071787562863580056,-20.984316698710124,0.9036611613383551,0.022447462156166668,-58.63589363098144,1.3304490398271056,0.010099431802753637,0.05561727099120617,0.35673693196369244,-0.004589753515098462,-58.691510899861655,1.4713143474714019,0.014689178806260746,0.010746345172325771,0.0002644146811037743,2.4339891099956114e-05,0.010746345172325771,0.0002644146811037743,2.4339891099956114e-05,1.8503343802304345e-33,2.422153557403331e-34,-2.7928098865783364e-35,21.071941947937013,0.8984659331727604,-0.02166352701664557,0.9135966618855794,0.07082846070795817,-0.0006611924548038027,0.992228897412618,0.07857945819700327,-0.0010111540390201413,-0.07863224272926649,0.01969393922711751,0.0003499611499444814,0.07863224272926649,0.01969393922711751,-0.0003499611499444814
68.61461725369305,1.0,1500.0,0.0,71.0,2025.0,0.523711407891495,1060.0,965.0,9.923731265881758,2.0210526166778044,11469.585866843929,49.800000000000004,0.010698174006444683,34.2279411764706,2.58529411764706,11.142599547350397,136.0,33.96615384615385,4.621538461538464,11.179099110506797,65.0,34.2279411764706,2.58529411764706,11.142599547350397,136.0,0.4216050317627918,-0.008306108960829992,-0.004252519021519377,-0.0004317194749858707,-0.005528098114589108,-0.018744279699798715,-0.024120346104933677,13.181023249203276,71.0,262500.0,174.0,2364.0271248817444,111.03933505548547,0.1823529452085495,-20.205108642578125,-57.60555648803711,-0.3386033773422241,-57.26695251464844,0.00980553962290287,0.00980553962290287,9.383694059415924e-34,20.18353271484375,0.8537511825561523,0.9067819714546204,-0.05303078889846802,0.05303078889846802,,,,,0.9797883113225301,2.6521789692804356,0.06990946512731483,-20.992380905151368,0.9998253804028752,0.00359224313093133,-59.205722427368165,1.682178729670931,0.0035117288320052308,-0.15594118672112625,0.2750412316010294,0.001818789920466107,-59.049781545003256,1.669120057958308,0.0016928922082484923,0.010103259421885013,0.00027749169239519564,-2.901634083308706e-05,0.010103259421885013,0.00027749169239519564,-2.901634083308706e-05,1.177506301239216e-33,1.5317157481580047e-34,-1.766696346953017e-35,21.101622835795084,1.014866760915856,-0.0047317008420547065,0.8672975361347198,0.06330473666910988,0.000599802203385246,0.946012016137441,0.059944815920145104,0.00042318732905572494,-0.07871447664995988,0.022083158263373148,0.00017661526136191662,0.07871447664995988,0.022083158263373148,-0.00017661526136191662
60.34984277642292,1.0,1500.0,0.0,23.0,1866.0,0.18327310733917224,341.0,1525.0,10.103422276381233,2.1468964914753075,11785.658403329282,209.4,0.049826298005996285,33.62079999999999,6.814399999999999,11.491630483111374,125.0,33.37647058823527,7.78627450980392,11.516169868404498,102.0,33.62079999999999,6.814399999999999,11.491630483111374,125.0,0.4183091082601044,-0.010313861591629279,-0.005215325879103621,-0.0008309766150354073,-0.007634016278417097,-0.06466460847600368,-0.02733122789373079,13.516672356901255,23.0,264000.0,175.0,2375.827026128769,111.11920063901626,0.3685091733932495,-19.61043930053711,-58.249542236328125,-0.10466533899307251,-58.14487838745117,0.010335564613342285,0.010335564613342285,5.978169375648675e-34,19.638853073120117,0.897038996219635,0.9571079015731812,-0.06006886065006256,0.06006886065006256,,,,,1.0121211151281992,1.9866868485220808,0.04802412409936229,-20.594882202148437,0.8162521107044405,-0.013752633711121837,-59.6143985748291,2.0338512378901408,-0.04335763271446174,0.04447976810236772,0.28362072680252454,0.00224873250779241,-59.65887870788574,1.9776916189250748,-0.045606362382082634,0.009868932825823625,0.0002410125060239215,2.1124655614970377e-05,0.009868932825823625,0.0002410125060239215,2.1124655614970377e-05,7.497091150972661e-34,9.77810864581753e-35,-1.1278737162406365e-35,20.66766300201416,0.8421213476709889,0.015770434166353018,0.9075574199358623,0.06963066957236018,4.569476385400959e-05,0.9896382987499237,0.06134862341880963,0.0004903333603473641,-0.08208087682724,0.025692929902513092,-0.0004446378572366381,0.08208087682724,0.025692929902513092,0.0004446378572366381
62.52025888231066,1.0,1500.0,0.0,45.0,2007.0,0.3321370384497617,666.0,1341.0,9.925484276629064,1.7617630236448225,11720.658088510861,119.0,0.025739747361135143,34.24592592592594,4.709629629629629,11.219834864950498,135.0,34.0111111111111,6.10444444444444,11.266374537068732,90.0,34.24592592592594,4.709629629629629,11.219834864950498,135.0,0.4180119507934525,-0.009774671811316481,-0.004077508925956961,-0.0011387565256263904,-0.00768128403554034,-0.049527085124677954,-0.02589694451364035,12.911996988737501,45.0,265500.0,176.0,2388.502632856369,111.15750778239384,0.43737518787384033,-21.395978927612305,-60.392578125,-0.4157954752445221,-59.976783752441406,0.009088177233934402,0.009088177233934402,3.8168370447821794e-34,21.419612884521484,0.8121008276939392,0.8915448188781738,-0.07944396883249283,0.07944396883249283,,,,,2.3653492902716002,9.646599101757914,-0.24885362815339793,-20.626765251159668,1.1685792218446576,-0.019821348179698547,-59.86219202677409,1.350960109069988,-0.008693297049889043,-0.12942142200966675,0.23728293249922033,0.003771965634139945,-59.732770665486655,1.331979724543077,-0.012465279041325992,0.009841057037313779,0.0004172327235715936,-4.73614085933922e-05,0.009841057037313779,0.0004172327235715936,-4.73614085933922e-05,4.780837370359483e-34,6.175348084236814e-35,-7.122536018648813e-36,20.70389486948649,1.1517884553674953,0.019473682866080234,0.8734590868155162,0.054255901610481855,0.0008325582749321029,0.9519254048665364,0.051428437893789876,0.0008436714316634158,-0.07846632599830627,0.017302984430846744,-1.1113504811839503e-05,0.07846632599830627,0.017302984430846744,1.1113504811839503e-05
74.03067588806152,1.0,1500.0,0.0,12.0,1969.0,0.09176912382587052,180.0,1789.0,10.386537531359508,2.1468349089193577,12515.04216536545,252.0,0.058333333333333334,32.72727272727272,7.283333333333336,11.661386223559756,132.0,33.21666666666666,7.978333333333336,11.481528937467255,120.0,32.72727272727272,7.283333333333336,11.661386223559756,132.0,0.544861422038107,-0.012324039376252855,-0.003191527787513914,-0.0009389494781657687,-0.0021145975443383367,-0.01091405184174625,-0.037354674137059174,15.632130432971339,12.0,267000.0,177.0,2399.6969697475433,111.26404848862619,0.3605394959449768,-20.132305145263672,-57.992088317871094,0.38574257493019104,-58.377830505371094,0.00975140929222107,0.00975140929222107,2.4384695881634947e-34,20.168190002441406,1.009031057357788,1.0633034706115723,-0.05427230894565582,0.05427230894565582,,,,,1.9937929550806681,7.6111625113978265,-0.15143067425694964,-20.664512825012206,1.040475336836867,-0.002997092224731265,-59.47827326456706,1.8375682787342478,-0.046174137849563195,0.13930337205529214,0.30076216034473385,-0.007914660131772189,-59.617576599121094,1.7533026816468107,-0.038259507498565104,0.009542724862694741,0.0002900691019513204,3.075088116364146e-05,0.009542724862694741,0.0002900691019513204,3.075088116364146e-05,3.0552482368387095e-34,3.945021333551321e-35,-4.551052992674247e-36,20.737697029113768,1.0361303803725155,0.0020579578879142022,0.9373355706532797,0.0723222875080853,-0.002010622544336385,1.0097881456216176,0.06457716332756022,-0.0016656270281756788,-0.07245257285734018,0.022509130830406572,-0.0003449934599993611,0.07245257285734018,0.022509130830406572,0.0003449934599993611
64.70712797982353,1.0,1500.0,0.0,126.0,2095.0,0.896354200138204,1877.0,218.0,9.358291575983417,1.8581452876261082,11641.181285191153,21.8,0.004255485281486687,36.331914893617004,1.788652482269504,10.44917237391942,141.0,36.66666666666667,5.866666666666669,10.412732932122823,15.0,36.331914893617004,1.788652482269504,10.44917237391942,141.0,0.39552957199472366,-0.006612744415998712,-0.003163750802473581,-0.00023930582852220845,-0.009785470502193704,-0.032023403217942316,-0.019543298394604867,11.940823090292927,126.0,268500.0,178.0,2415.5637888908386,111.15417495279142,0.2281520664691925,-19.833816528320312,-59.58770751953125,0.10611791908740997,-59.693824768066406,0.009866422042250633,0.009866422042250633,1.5567289797242929e-34,19.900068283081055,0.9361461400985718,1.0029754638671875,-0.06682920455932617,0.06682920455932617,,,,,1.2609686255455017,2.8454713409540946,-0.03353984944679852,-20.953435707092286,0.8371753026419984,0.008553486061308816,-60.00960756937663,1.8625596012894061,0.09609949962713688,0.038164497415224714,0.24719965933804783,0.006594547841519747,-60.04777183532715,1.8301903077590693,0.08950491747150789,0.009739591957380373,9.674235957350532e-05,-3.37498434492969e-06,0.009739591957380373,9.674235957350532e-05,-3.37498434492969e-06,1.947586885730097e-34,2.517885287284936e-35,-2.9032019935547856e-36,21.041066869099936,0.8454274014949412,-0.007294198482798038,0.9147153576215108,0.06021374891203781,0.002726544209396476,0.9882529536883037,0.053357547562281886,0.00142454167494384,-0.07353759333491325,0.02414364455586463,0.0013020024101381457,0.07353759333491325,0.02414364455586463,-0.0013020024101381457
68.80429672613377,1.0,1500.0,0.0,82.0,1872.0,0.6512954149426795,1219.0,653.0,10.063519879482064,2.1004426380504717,10761.163475442663,45.400000000000006,0.01066929874036473,33.77142857142856,2.0952380952380953,11.368496728172936,126.0,33.20454545454545,4.277272727272727,11.508852933962892,44.0,33.77142857142856,2.0952380952380953,11.368496728172936,126.0,0.42765919588467666,-0.008197788624206078,-0.0036466356501774046,-0.0006489966241352589,-0.0030259250341119082,-0.024335821494502138,-0.024254078760466025,13.566872011607416,82.0,270000.0,179.0,2429.2776079177856,111.1441521215955,0.19764509797096252,-20.79233169555664,-59.567291259765625,0.1632971614599228,-59.730587005615234,0.009826049208641052,0.009826049208641052,9.935111801313188e-35,20.843534469604492,0.952424943447113,1.0153250694274902,-0.06290018558502197,0.06290018558502197,,,,,0.8038165017962455,1.9392941122224232,-0.02346121839540822,-20.76423225402832,0.7129458475877801,0.005893298224427134,-60.04997520446777,1.2291134250625995,0.040748481623191064,-0.004002389125525951,0.22398565140117563,0.012113162565632453,-60.045972951253255,1.1833850533627985,0.028635303807074127,0.009608922308931749,0.00016340679538304597,2.126480029010945e-06,0.009608922308931749,0.00016340679538304597,2.126480029010945e-06,1.2444499629469138e-34,1.6097419459469826e-35,-1.856679835273802e-36,20.837657483418784,0.7194110278638864,-0.005437597204766903,0.9100503524144491,0.0528654374851788,0.0031304104044386923,0.9791159749031066,0.048287673732911186,0.0026166995189611337,-0.06906561392048995,0.015470231414062048,0.0005137105929241569,0.06906561392048995,0.015470231414062048,-0.0005137105929241569
70.39191104204227,1.0,1500.0,0.0,78.0,2009.0,0.5801812341701501,1165.0,844.0,9.94926256625047,2.0968382627505617,11299.162458033517,19.0,0.004118794710600477,34.170370370370364,1.9022222222222227,11.155444117846928,135.0,33.99298245614036,3.9298245614035094,11.200688280302295,57.0,34.170370370370364,1.9022222222222227,11.155444117846928,135.0,0.42399464098292705,-0.007421622022044142,-0.003429314874576505,-0.00037510610450240385,-0.00529224585496572,-0.010986434433093259,-0.02230335490694214,13.1029889331205,78.0,271500.0,180.0,2443.057733297348,111.13122555379061,0.40359053015708923,-21.27829360961914,-60.424007415771484,0.20326858758926392,-60.62727737426758,0.009340993128716946,0.009340993128716946,6.337924026382437e-35,21.277122497558594,0.9535621404647827,1.0234946012496948,-0.06993246078491211,0.06993246078491211,,,,,0.5424772535761198,0.38949518354152723,0.002864509094941586,-20.922349484761558,0.9701033821689429,0.01976229038599243,-60.46339721679688,1.489563256663857,-0.017802062580926335,-0.0988065225382646,0.25920051849309955,0.0016657419511022762,-60.36459083557129,1.4390406032406404,-0.01946782418697525,0.009462882609417042,0.0001547959356878487,-1.4446540067471926e-05,0.009462882609417042,0.0001547959356878487,-1.4446540067471926e-05,7.944398916843071e-35,1.027398622728081e-35,-1.1851201460685027e-36,20.985254542032877,1.007218671305688,-0.020755045618178633,0.8900737384955089,0.060443218054825824,0.0002624292527475592,0.9587924798329671,0.05558523611412618,0.0003635102304918971,-0.06871873959898948,0.018221501330679606,-0.00010108014069356522,0.06871873959898948,0.018221501330679606,0.00010108014069356522
65.57079091279402,1.0,1500.0,0.0,46.0,2036.0,0.33661693952507915,685.0,1351.0,9.991196189857162,2.5035981129712983,12740.9149331886,126.0,0.027035145689396214,34.01897810218978,4.452554744525546,11.241395252015375,137.0,33.949450549450546,5.942857142857144,11.194073477930786,91.0,34.01897810218978,4.452554744525546,11.241395252015375,137.0,0.42600568314115356,-0.008680016347873654,-0.004040002022908182,-0.0008444485568334633,-0.005489021956087864,-0.039463929284288816,-0.025004127700611736,13.349405520077527,46.0,273000.0,181.0,2455.9021003246307,111.16078281944293,0.263996958732605,-20.544086456298828,-59.10047149658203,0.1519259214401245,-59.25239562988281,0.008904720656573772,0.008904720656573772,4.0467119101448747e-35,20.67617416381836,0.9639700055122375,1.0121792554855347,-0.04820931330323219,0.04820931330323219,,,,,2.557342456281185,8.137455085169256,-0.09534028855062311,-20.69908758799235,0.7963545256724976,0.005128526952826671,-60.719384638468426,1.3967597482463128,0.02573816131829615,0.06212020156284173,0.2573669520398236,0.0013899551772898926,-60.78150456746419,1.2955126406284303,0.02434821547868012,0.009263543194780748,0.00015928548676679514,-1.1001866895113225e-05,0.009263543194780748,0.00015928548676679514,-1.1001866895113225e-05,5.070332228215565e-35,6.547415670477124e-36,-7.552197901693755e-37,20.80067195892334,0.7965768453805421,-0.004725285870613256,0.92364129225413,0.062140455374911543,0.000748343860214617,0.9932762106259664,0.054954307446552206,0.00029421449370588666,-0.06963493501146635,0.016659635309248022,0.0004541285675810516,0.06963493501146635,0.016659635309248022,-0.0004541285675810516
68.28244784646783,1.0,1500.0,0.0,121.0,2091.0,0.862368684031796,1803.0,288.0,9.754543508382941,1.7934395675504282,11116.578961190959,19.200000000000003,0.0039081582804103565,34.842553191489365,1.3333333333333328,10.941423276513213,141.0,34.260000000000005,3.7700000000000005,11.10873872341936,20.0,34.842553191489365,1.3333333333333328,10.941423276513213,141.0,0.41370983367307007,-0.006882407995953494,-0.002999910451296065,-0.00029832071952626835,-0.004912317768856908,-0.02379040777519566,-0.021207689153149866,12.9542594524465,121.0,274500.0,182.0,2471.087121486664,111.084711507401,0.17461803555488586,-20.963157653808594,-61.84103012084961,-0.30940622091293335,-61.53162384033203,0.008979231119155884,0.008979231119155884,2.5765871897314883e-35,21.213478088378906,0.841761589050293,0.9143477082252502,-0.0725860670208931,0.0725860670208931,,,,,0.7695641974608104,0.9451921286714685,-0.027171791010889533,-20.427348581949868,0.9567823611911485,-0.04836460660906823,-61.50965461730957,1.625853226540799,-0.09107550004697981,-0.04847784886757533,0.2466193247966923,-0.009261847931365417,-61.46117655436198,1.5765120765058043,-0.0818136297953666,0.009079629244903723,0.0001266151654443757,6.180540456522401e-06,0.009079629244903723,0.0001266151654443757,6.180540456522401e-06,3.2336531082117435e-35,4.208875334093586e-36,-4.855364548987459e-37,20.510255559285483,0.9273348654674057,0.047911427363139567,0.8958594501018524,0.057810087169245204,-0.0028528436139905744,0.9696729620297749,0.052448048872605076,-0.001969114320561972,-0.07381350668147206,0.019326129109233755,-0.0008837288357441746,0.07381350668147206,0.019326129109233755,0.0008837288357441746
73.23222799558897,1.0,1500.0,0.0,74.0,1908.0,0.5752908910146677,1097.0,811.0,10.306621620501314,1.9454807697462027,10139.736150223616,45.400000000000006,0.010677328316086547,32.961240310077535,2.283720930232558,11.69543008861028,129.0,33.42909090909091,5.076363636363636,11.43832437115532,55.0,32.961240310077535,2.283720930232558,11.69543008861028,129.0,0.4479985201633188,-0.007291698786637959,-0.0035610474745071358,-0.0005445842744158829,-0.003484062268346948,-0.005707931801334313,-0.025081321833328913,14.557599909341077,74.0,276000.0,183.0,2484.3626792430878,111.09489057535234,0.4300047755241394,-21.116539001464844,-61.87905502319336,0.5287296772003174,-62.40778350830078,0.009287537075579166,0.009287537075579166,1.6450670358054772e-35,21.118915557861328,1.0137939453125,1.0929913520812988,-0.07919745147228241,0.07919745147228241,,,,,1.3905033032099405,4.082203962878555,0.08501425913894534,-20.32855307261149,1.038622432331727,0.01914078242521565,-60.771628824869794,1.5424261619693553,-0.06837299249328664,0.17565764139095943,0.22157686341164923,0.0021258138708596217,-60.94728660583496,1.4840941832696612,-0.07049879046515285,0.009079021991540988,0.00014549456655027252,1.1966504919051397e-05,0.009079021991540988,0.00014549456655027252,1.1966504919051397e-05,2.0625262670458785e-35,2.6646506821721572e-36,-3.074084974114665e-37,20.408125241597492,1.053199698576927,-0.020359029547126265,0.9543310105800629,0.053771591989227416,-0.00027021845933197374,1.0173576732476552,0.04708233503002215,0.0004695218582704767,-0.06302666043241818,0.018092718427377214,-0.0007397395153597266,0.06302666043241818,0.018092718427377214,0.0007397395153597266
71.52691325856678,1.0,1500.0,0.0,67.0,1885.0,0.533025055544261,1004.0,881.0,10.203887972607307,1.830298454358523,9912.59072095823,54.0,0.012866333095067906,33.30952380952382,2.9095238095238085,11.559965742348384,126.0,34.08135593220339,5.596610169491524,11.227780884904769,59.0,33.30952380952382,2.9095238095238085,11.559965742348384,126.0,0.44960987927306567,-0.00831137543447588,-0.0036941801307470703,-0.0012550206898083785,-0.0035714285714285943,-0.014942528735632175,-0.0262085284618766,14.571515328988273,67.0,277500.0,184.0,2497.447858810425,111.1134308654507,0.2941845953464508,-19.88827896118164,-62.274940490722656,-0.10504120588302612,-62.169898986816406,0.009677562862634659,0.009677562862634659,1.0504017776743818e-35,20.05617332458496,0.8854486346244812,0.9573523998260498,-0.071903757750988,0.071903757750988,,,,,0.6366263568401337,0.6096472684581004,0.024175406801819933,-20.861391448974608,1.131042585888801,0.013419382776382003,-61.78293253580729,1.4707067846081463,0.029617973217314263,-0.05725748551388581,0.29023900515955287,0.007377935943501421,-61.72567507425944,1.4262226532124913,0.0222400151847878,0.009257483358184496,0.0001917799336907244,1.6548506111666725e-06,0.009257483358184496,0.0001917799336907244,1.6548506111666725e-06,1.3154337605692597e-35,1.7016687283014508e-36,-1.9626796865061587e-37,20.946305656433104,1.1351234837230928,-0.009966146959214077,0.8993532419204712,0.06568375159002524,0.002004739068639137,0.9678140540917715,0.0619743178038158,0.0015840957241673415,-0.06846080645918846,0.017974851723102998,0.0004206416123568437,0.06846080645918846,0.017974851723102998,-0.0004206416123568437
66.11292607625326,1.0,1500.0,0.0,75.0,1802.0,0.6212703693993317,1119.0,683.0,10.118816275499034,1.6310250747725754,9441.611893705789,65.2,0.01605041603072227,33.57190082644628,3.6710743801652876,11.493634168686492,121.0,33.982608695652175,6.7434782608695665,11.385120393001367,46.0,33.57190082644628,3.6710743801652876,11.493634168686492,121.0,0.4382159633484967,-0.008141068307279795,-0.0032692770959429325,-0.0010716939306470853,-0.0033434922911438026,-0.04804589458587341,-0.024164449748906087,14.024805016049022,75.0,279000.0,185.0,2510.7972087860107,111.12008529549807,0.36510804295539856,-19.35223960876465,-62.277923583984375,0.5075733661651611,-62.78549575805664,0.0104554807767272,0.0104554807767272,6.692927194640762e-36,19.456594467163086,1.0160843133926392,1.0912930965423584,-0.07520889490842819,0.07520889490842819,,,,,1.199034226934115,2.875246777827665,0.042901465140937844,-20.90135529836019,0.9758821988529789,0.009012122148932057,-61.77609608968099,1.7276743523196711,-0.03958389570768628,0.09942654892802238,0.2667159770371381,0.01332858983215952,-61.87552235921224,1.776490463280961,-0.05291248020261144,0.009555512884010872,0.00043446119864976653,3.704413941525778e-05,0.009555512884010872,0.00043446119864976653,3.704413941525778e-05,8.396150708557358e-36,1.0930908356537938e-36,-1.2608676948736576e-37,21.001718203226726,0.9694435956273507,-0.007557736355418118,0.9354014615217845,0.0563335259859919,0.0023788439020829273,1.0014318724473317,0.05733035910129305,0.0028915876673909235,-0.06603043383608262,0.02170643075515845,-0.000512744630951106,0.06603043383608262,0.02170643075515845,0.000512744630951106
69.94240204493205,1.0,1500.0,0.0,48.0,1972.0,0.36509144949474426,719.0,1253.0,10.154673957540773,1.8864209811934511,11210.250135386328,61.2,0.01385744044923467,33.45757575757576,3.2803030303030303,11.473711240805239,132.0,33.02380952380953,4.814285714285714,11.582202996413919,84.0,33.45757575757576,3.2803030303030303,11.473711240805239,132.0,0.4247020539431282,-0.007677817693231995,-0.004005256603717094,-0.0010824144723555515,-0.004767093435031357,-0.015581585399073785,-0.024246382513303612,13.75445809071944,48.0,280500.0,186.0,2523.5081238746643,111.15478382899458,0.4131993055343628,-20.528392791748047,-62.349666595458984,-0.08929533511400223,-62.260372161865234,0.00921756774187088,0.00921756774187088,4.272400727051837e-36,20.76194190979004,0.8964583873748779,0.9609465599060059,-0.0644882470369339,0.0644882470369339,,,,,0.6169313574830692,0.41213874137948375,-0.0004063709526093949,-20.370536359151206,1.0758051473815544,0.004594307242829948,-62.15576095581055,1.6983233696408313,0.04697528028647326,-0.04965366745988528,0.2736652248297506,0.002473207693277664,-62.10610707600912,1.620866989954432,0.04450204274280618,0.009841294214129447,0.0006277108745144803,-6.712153719715362e-05,0.009841294214129447,0.0006277108745144803,-6.712153719715362e-05,5.350103846508591e-36,6.915498602664929e-37,-7.976509294800797e-38,20.46951586405436,1.0938557845640058,-0.0008666245372467835,0.9044946829477946,0.06671120461034248,0.0012122245200881583,0.9691315790017446,0.05950977700349921,0.0005232962273119033,-0.06463689530889193,0.020308035962403725,0.0006889279032575681,0.06463689530889193,0.020308035962403725,-0.0006889279032575681
72.31394882202149,1.0,1500.0,0.0,90.0,1928.0,0.6976166460705763,1345.0,583.0,10.122183162875501,1.9389485627610488,9682.836606373208,4.0,0.0009241717111039231,33.551937984496135,0.9720930232558144,11.5502795770912,129.0,33.271794871794874,2.774358974358975,11.614797900841657,39.0,33.551937984496135,0.9720930232558144,11.5502795770912,129.0,0.4298760190626921,-0.007235348775191791,-0.0036167503749762572,-0.00011655701941544073,-0.0028846153846154056,-0.005049911920140919,-0.025207273925673866,13.91761452687812,90.0,282000.0,187.0,2537.5292024612427,111.13172598229721,0.42494407296180725,-20.56908416748047,-62.134765625,0.44548413157463074,-62.58024978637695,0.009716412983834743,0.009716412983834743,2.7305995139576e-36,20.62510871887207,1.0119162797927856,1.0761315822601318,-0.06421531736850739,0.06421531736850739,,,,,0.5642650201916695,0.39158415884482184,-0.0038786515212297754,-20.53749631245931,0.7981145089267198,-0.02380713780013796,-61.802804438273114,1.3590268413142164,0.0030962450750953007,0.06809194063146909,0.30572385496467225,0.007049775165034352,-61.870896402994795,1.3952339075044613,-0.003953528483795226,0.009507988890012106,0.00016185484427091914,6.5302233873668305e-06,0.009507988890012106,0.00016185484427091914,6.5302233873668305e-06,3.418881530097491e-36,4.408701283017968e-37,-5.085235119776572e-38,20.631678962707518,0.7889813001612467,0.02368965827848492,0.9370431403319041,0.06427944696263169,0.0016123408470323426,0.9945997635523478,0.06569509372370634,0.0015215940019312393,-0.0575566394875447,0.017103576099104123,9.074611496076789e-05,0.0575566394875447,0.017103576099104123,-9.074611496076789e-05
52.84030997234842,1.0,1500.0,0.0,23.0,1920.0,0.1765737533086737,339.0,1581.0,9.923455861074762,2.213779701713949,12097.827700437492,216.0,0.048908613350240014,34.235658914728674,7.1751937984496115,11.230109638400295,129.0,33.7754716981132,7.801886792452831,11.336021956504421,106.0,34.235658914728674,7.1751937984496115,11.230109638400295,129.0,0.39633299379658526,-0.010220376845235697,-0.0030807797111816414,-0.0017234124134679573,-0.0020593741642150275,-0.10548274939823574,-0.024600096168832703,12.334552918998497,23.0,283500.0,188.0,2549.5473551750183,111.19620877978892,0.8339223861694336,-21.499195098876953,-62.905433654785156,0.23743213713169098,-63.14286422729492,0.010094547644257545,0.010094547644257545,1.7399836487328097e-36,21.5529842376709,0.9647958278656006,1.0316615104675293,-0.06686563789844513,0.06686563789844513,,,,,1.3080828731258711,2.035802809173777,0.03990989714960369,-20.424419085184734,0.8550216891974011,-0.010266695033190946,-62.42085647583008,1.0815795780019772,-0.05140005075626481,-0.04589933020373185,0.24657819599835504,0.00492388031324237,-62.37495714823405,1.070263321964525,-0.05632394572120959,0.009920623153448105,0.00022709323504253862,1.4340354169037932e-05,0.009920623153448105,0.00022709323504253862,1.4340354169037932e-05,2.1820102945800303e-36,2.832086649597435e-37,-3.26673807283618e-38,20.509932200113933,0.8311418479648974,0.010716739777595083,0.9105253299077352,0.05417211771564864,0.0005182949401379987,0.9700676659742992,0.05340267276958569,0.001065605089847436,-0.05954234215120475,0.012529887473582827,-0.0005473113986554737,0.05954234215120475,0.012529887473582827,0.0005473113986554737
66.8092999458313,1.0,1500.0,0.0,16.0,1890.0,0.12481804663251928,235.0,1655.0,10.245032427352934,2.136569384542434,11765.938630432354,220.60000000000002,0.05236173747923095,33.17322834645668,6.5496062992126,11.576077655121013,127.0,33.041441441441435,7.293693693693695,11.595488920227812,111.0,33.17322834645668,6.5496062992126,11.576077655121013,127.0,0.4257167366180743,-0.009951086201454603,-0.00265181536092048,-0.002067696268509104,-0.00577868852459015,-0.036393442622950745,-0.027669632752422884,14.775631629775372,16.0,285000.0,189.0,2561.0345301628113,111.28315399241487,0.2229909598827362,-20.525585174560547,-62.66267013549805,0.05204838514328003,-62.714717864990234,0.010544306598603725,0.010544306598603725,1.1067183531439203e-36,20.522035598754883,0.9339307546615601,0.99143385887146,-0.057503119111061096,0.057503119111061096,,,,,0.6280332530538241,0.503180309119314,0.008688051798054583,-20.597008514404298,0.9138171150954243,-0.015127264750547077,-63.424695841471355,1.523350552759596,-0.047641091352043405,-0.003549818694591522,0.24273342904516387,0.00450674614001965,-63.421145884195965,1.5205453379529794,-0.05214781119375106,0.01043971615533034,0.00015084728195591642,1.4665071853541068e-05,0.01043971615533034,0.00015084728195591642,1.4665071853541068e-05,1.3892817597581768e-36,1.8092893508198375e-37,-2.087116128584871e-38,20.685094579060873,0.8837288358325903,0.013595973981235368,0.9112136860688528,0.05516783277677553,0.0004925254056928203,0.9792734026908875,0.05320513079372689,0.0009841426726310254,-0.06805972506602605,0.018096829561696195,-0.0004916179879621336,0.06805972506602605,0.018096829561696195,0.0004916179879621336
71.10281457292272,1.0,1500.0,0.0,94.0,1831.0,0.7639247983314003,1398.0,433.0,9.953430523116369,1.5995258332154836,8812.824787292331,17.6,0.004193071901653404,34.12520325203253,1.4943089430894314,11.353154557442961,123.0,34.262068965517244,4.896551724137931,11.27108488071601,29.0,34.12520325203253,1.4943089430894314,11.353154557442961,123.0,0.42553406949104333,-0.007411034487184164,-0.0031885119886777297,-0.0002943226373552073,-0.0037199582027168574,-0.011647509578544076,-0.024399090190918224,13.854824101001025,94.0,286500.0,190.0,2575.0789501667023,111.25872470102438,0.469571590423584,-20.67694854736328,-63.12026596069336,0.627124547958374,-63.74739074707031,0.011164634488523006,0.011164634488523006,7.061724108231878e-37,20.754241943359375,1.053688645362854,1.119508981704712,-0.06582032889127731,0.06582032889127731,,,,,0.6218031644821167,0.42211931256834717,-0.003953811450052324,-20.497893969217937,1.0968542217783965,-0.04421218727799196,-63.60993537902832,1.7057080285056163,-0.020464287610418914,-0.030080230285724003,0.3169053388369469,0.006329114244498728,-63.57985521952311,1.583430626695802,-0.02679336683635957,0.01074196860815088,0.00022041292497495046,2.4913612533530442e-05,0.01074196860815088,0.00022041292497495046,2.4913612533530442e-05,8.852838544591543e-37,1.148113264330391e-37,-1.3243629984930433e-38,20.576164563496906,1.122766735700048,0.047256779060745026,0.9076044619083404,0.07794290022036225,0.0012152466678513104,0.9734117845694225,0.06989158653751615,0.0014000705007185905,-0.06580732154349486,0.018934542492912262,-0.00018482259386638607,0.06580732154349486,0.018934542492912262,0.00018482259386638607
71.65979245813881,1.0,1500.0,0.0,82.0,2048.0,0.5951522809546574,1218.0,830.0,10.112961148170463,1.7490983706096621,10359.679962086519,42.2,0.00910778262183278,33.57536231884058,2.22463768115942,11.444665327287332,138.0,33.70714285714285,4.942857142857141,11.387197556578695,56.0,33.57536231884058,2.22463768115942,11.444665327287332,138.0,0.4337548412981823,-0.007287678967942191,-0.003391586560386788,-0.0003177766914220027,-0.003866146848603022,-0.009811565951916805,-0.02487431470681387,13.972702108122007,82.0,288000.0,191.0,2588.9408819675446,111.24240109381162,0.3335546851158142,-20.18320083618164,-67.74673461914062,-0.021502673625946045,-67.72523498535156,0.010122895240783691,0.010122895240783691,4.4996083810962344e-37,20.179542541503906,0.8660919666290283,0.975318193435669,-0.10922619700431824,0.10922619700431824,,,,,2.709276258945465,9.613285061398173,0.26697770455257513,-20.73134771982829,0.9636484051323468,-0.042204010977230075,-64.26277720133463,1.5249100098196637,-0.055062360413478825,-0.12294136856993039,0.2441737580015183,0.004655461798984563,-64.13983624776205,1.5564979028309909,-0.059717821199714693,0.010695945440481107,0.00047819001349433957,-5.238282248725927e-05,0.010695945440481107,0.00047819001349433957,-5.238282248725927e-05,5.645705866739183e-37,7.323179038242581e-38,-8.446988985234314e-39,20.837050247192384,0.9440417663857078,0.04080809104164087,0.8844571550687154,0.05321272065506576,0.0004592044997931157,0.9528406818707784,0.05374703793487336,0.0010353443487334797,-0.06838354244828224,0.0182788439247695,-0.0005761382510850367,0.06838354244828224,0.0182788439247695,0.0005761382510850367
67.15844540982633,1.0,1500.0,0.0,37.0,1990.0,0.27667095604154485,550.0,1440.0,10.085756270552224,1.6791533462570796,11365.590778185935,146.6,0.032715911626869,33.69172932330826,5.568421052631578,11.38085640647727,133.0,33.63749999999999,7.189583333333334,11.345869081613673,96.0,33.69172932330826,5.568421052631578,11.38085640647727,133.0,0.43092149377021577,-0.008637783652893562,-0.002742165261074026,-0.0005787533916025846,-0.006045430155607263,-0.03605795027723139,-0.025715091731488473,14.097692959220169,37.0,289500.0,192.0,2601.355533838272,111.28813275778796,1.7924702167510986,-20.98082733154297,-63.24824523925781,0.3898155689239502,-63.6380615234375,0.010697598569095135,0.010697598569095135,2.865935619237116e-37,21.005617141723633,1.0095869302749634,1.0659003257751465,-0.05631337687373161,0.05631337687373161,,,,,2.2747154871622723,9.37398158891817,-0.1919424913749017,-20.58194096883138,0.9851446644601101,-0.04763541216314517,-64.6570452372233,1.7960214783687258,0.015242133389856655,0.14331595705201228,0.2057312387335487,0.00427685469198346,-64.80036112467448,1.74100989958497,0.010965240784032783,0.010267147018263737,0.00027812715560254433,2.7513731730991963e-05,0.010267147018263737,0.00027812715560254433,2.7513731730991963e-05,3.593457578207453e-37,4.6593087238973674e-38,-5.37447197241049e-39,20.68171418507894,0.987207381431904,0.04611142023784525,0.9391947706540426,0.05358117311343165,0.0012200387884697642,1.0113238215446472,0.044963478803104834,0.000950948176315007,-0.0721290530016025,0.02085076017679768,0.0002690884250488672,0.0721290530016025,0.02085076017679768,-0.0002690884250488672
70.56993747579641,1.0,1500.0,0.0,116.0,2082.0,0.8293342833429668,1726.0,356.0,10.050310852931268,1.8247852968553329,9908.201925088979,8.4,0.0017759736141063048,33.784285714285716,1.012857142857143,11.38525087161517,140.0,33.658333333333324,3.0333333333333328,11.366964716830537,24.0,33.784285714285716,1.012857142857143,11.38525087161517,140.0,0.42837147208384124,-0.006932154683561909,-0.0027209397958491035,-0.00013315788239846857,-0.005246422893481662,-0.01567113331819224,-0.023464671557660854,13.755600807884473,116.0,291000.0,193.0,2616.138109922409,111.23265965825888,0.288898766040802,-20.461946487426758,-64.5849609375,0.21007981896400452,-64.7950439453125,0.01018622424453497,0.01018622424453497,1.8291782241737712e-37,20.579086303710938,0.9598258137702942,1.0258018970489502,-0.06597593426704407,0.06597593426704407,,,,,0.5696480944752693,0.4244003296102123,-0.0017111693758588115,-20.73984603881836,0.6698176688641265,0.01202270711489374,-64.97536176045736,1.3402220662087563,0.011639749698831161,-0.13877567729602258,0.3069879026468007,-0.003171054009053946,-64.8365862528483,1.2613645248756458,0.014810749261876172,0.010638632128636043,0.00041789263104483846,-4.331254223164805e-05,0.010638632128636043,0.00041789263104483846,-4.331254223164805e-05,2.290114095381517e-37,2.9661213533520264e-38,-3.420419658931362e-39,20.81158555348714,0.6658032802083309,-0.010145025285120669,0.8810136834780375,0.07133925243045704,-0.00037811842060196655,0.9494501411914825,0.06769442938274682,-0.0006893188059661553,-0.06843644455075264,0.015112841158812881,0.0003112005478017735,0.06843644455075264,0.015112841158812881,-0.0003112005478017735
70.52990770339966,1.0,1500.0,0.0,16.0,1879.0,0.12581696876989606,236.0,1643.0,10.097277215314259,1.8254820682673405,11356.800680469261,222.60000000000002,0.052495047637015374,33.65396825396825,7.176190476190478,11.45609438976276,126.0,33.56727272727272,8.130909090909094,11.45095095414253,110.0,33.65396825396825,7.176190476190478,11.45609438976276,126.0,0.4254751431518536,-0.00873576822099471,-0.003022356034343315,-0.0009995323157174245,-0.006549324600900516,-0.0160458452722063,-0.026249675655729155,14.971104701351319,16.0,292500.0,194.0,2627.741671562195,111.31231169542951,0.3326089382171631,-20.032894134521484,-64.89342498779297,-0.4338265061378479,-64.4595947265625,0.010713551193475723,0.010713551193475723,1.1654229384994922e-37,20.267122268676758,0.8263915777206421,0.8843628764152527,-0.05797129124403,0.05797129124403,,,,,0.4488013202945391,0.31210112346619,-0.007745665467620837,-20.71196111043294,0.8889180946030755,0.01445683446423809,-65.55299606323243,1.9406040238440105,-0.053814539416081955,-0.011884802828232448,0.264548630093922,-0.008555122644736853,-65.54111150105794,1.8810474962530965,-0.045259394661601185,0.01035432992503047,0.00027185961050229553,2.9771725903032054e-05,0.01035432992503047,0.00027185961050229553,2.9771725903032054e-05,1.4616966963723308e-37,1.8991570871045765e-38,-2.190770945255514e-39,20.809172248840333,0.8916929261343101,-0.013967514038086397,0.9046293258666992,0.0647852481391078,-0.002281333103328473,0.9772939125696818,0.05784744203094521,-0.0018842959695716667,-0.07266459638873736,0.021957969114945484,-0.000397035935365317,0.07266459638873736,0.021957969114945484,0.000397035935365317
67.55765363905165,1.0,1500.0,0.0,54.0,1877.0,0.4253463018266442,798.0,1079.0,10.24959705932154,1.7700434820624646,10456.361524721648,108.80000000000001,0.026041168022977502,33.158730158730165,4.371428571428571,11.648919605513502,126.0,32.752777777777766,6.633333333333334,11.72866002594062,72.0,33.158730158730165,4.371428571428571,11.648919605513502,126.0,0.4323319492500802,-0.008417483768872247,-0.0029975445240280813,-0.00024168252661950032,-0.004106220801573667,-0.03589869682812909,-0.025845024299178707,14.110450711955151,54.0,294000.0,195.0,2640.596184492111,111.33849307464162,0.3969607353210449,-19.663841247558594,-66.63936614990234,-0.6444355249404907,-65.99493408203125,0.010211620479822159,0.010211620479822159,7.440504724072311e-38,19.670265197753906,0.7674617767333984,0.8394137024879456,-0.07195185124874115,0.07195185124874115,,,,,1.8306153138478598,4.43519262802635,0.0062629439143900845,-20.64442990620931,0.8747429913140148,0.00803575186893877,-65.7856377919515,1.9023904021822329,-0.006112836385858767,-0.03460723919173082,0.24698018087725493,-0.01271846421618218,-65.75103073120117,1.8588376054138276,0.0066055807043651155,0.01080971055974563,0.0002054609540141369,-1.615002519296745e-05,0.01080971055974563,0.0002054609540141369,-1.615002519296745e-05,9.317853180844592e-38,1.203270974214445e-38,-1.3877058492691217e-39,20.748690478007,0.89736746821397,-0.010177054315043491,0.9013762136300405,0.06041667274473794,-0.0025761591711882647,0.9724318504333496,0.054409998251694645,-0.0027883181715170975,-0.07105564884841442,0.021874328687926183,0.00021215819062725261,0.07105564884841442,0.021874328687926183,-0.00021215819062725261
72.071959904262,1.0,1500.0,0.0,105.0,2081.0,0.7568848388391828,1575.0,506.0,10.217689211443291,1.654814996947199,9607.64291331628,12.8,0.0027702030039388824,33.24172661870502,1.1035971223021586,11.529910318740065,139.0,33.03529411764707,3.394117647058824,11.571347359462537,34.0,33.24172661870502,1.1035971223021586,11.529910318740065,139.0,0.438023940894654,-0.006946937161012118,-0.002973170691145311,-0.0002852608292447323,-0.004849648112603965,-0.009724888035828536,-0.02387771886435833,14.112002189411236,105.0,295500.0,196.0,2655.0713460445404,111.2964442331196,0.5282784104347229,-21.11294937133789,-66.10604095458984,0.1673102080821991,-66.27335357666016,0.010361840948462486,0.010361840948462486,4.744470938440722e-38,21.23363494873047,0.9454629421234131,1.0166126489639282,-0.07114975154399872,0.07114975154399872,,,,,2.0655094335476556,4.922004108037101,0.06149063723636284,-20.86096477508545,0.8291618900700217,0.018871285732384377,-65.80117874145508,1.2998797358749419,0.025816441961339517,0.06371204430858295,0.31233587032278476,0.005821276030962147,-65.8648900349935,1.4444875472117256,0.01999516810670841,0.010199748165905475,0.00021245010838315888,1.3567112361363612e-05,0.010199748165905475,0.00021245010838315888,1.3567112361363612e-05,5.942091866750616e-38,7.706555278677001e-39,-8.886028070666467e-40,20.93585599263509,0.8353941502424065,-0.018658516006555357,0.9255305389563243,0.06072661259097877,0.0016329318848547136,0.993869415918986,0.06802363502280759,0.001265417747158092,-0.06833889360229174,0.01703474477977586,0.0003675110513827179,0.06833889360229174,0.01703474477977586,-0.0003675110513827179
68.22415243410596,1.0,1500.0,0.0,102.0,1920.0,0.7894113092726633,1515.0,405.0,9.93406573562032,1.6437194894977951,8980.068605735254,11.4,0.0025856203220684963,34.17829457364343,1.8713178294573642,11.328660148232387,129.0,33.91111111111111,4.4148148148148145,11.47591454055037,27.0,34.17829457364343,1.8713178294573642,11.328660148232387,129.0,0.4235383625153369,-0.007328576133579927,-0.002959588087427472,-0.00011757267959740127,-0.003565723049396161,-0.031235222697936275,-0.023485520323820168,13.783098204319028,102.0,297000.0,197.0,2669.382396697998,111.26169123141979,0.390427827835083,-21.45250701904297,-65.82652282714844,-0.27186790108680725,-65.55465698242188,0.010974997654557228,0.010974997654557228,3.035714138577782e-38,21.59398651123047,0.8609031438827515,0.9197474718093872,-0.058844368904829025,0.058844368904829025,,,,,0.8621936524907748,1.2560575958880398,-0.010787044460569271,-20.86139341990153,0.9681084094490239,-0.015811372360212027,-65.8218610127767,1.3331543073084993,0.001019696160340055,0.022310980409383774,0.3024174663158875,0.0009422988710599686,-65.8441727956136,1.4380389556668596,7.737597846522593e-05,0.010648496604214111,0.00016706968208767548,1.8154472336421453e-05,0.010648496604214111,0.00016706968208767548,1.8154472336421453e-05,3.7965729805408145e-38,4.8855058357339e-39,-5.63437666627284e-40,20.97011515299479,0.9667151472269138,0.017648951071122233,0.9208010534445444,0.061218196644568304,0.0003360424874488976,0.9849033852418264,0.06663248771301057,0.00020351602185155013,-0.06410233099013567,0.016720856657472895,0.00013252522949713772,0.06410233099013567,0.016720856657472895,-0.00013252522949713772
68.6226776420296,1.0,1500.0,0.0,77.0,1928.0,0.596250484376609,1149.0,779.0,10.296738252494197,1.573729459631509,9716.70616810518,27.8,0.006532261854410451,32.99069767441862,2.3581395348837213,11.699950533174203,129.0,32.55769230769231,4.015384615384617,11.80557656149445,52.0,32.99069767441862,2.3581395348837213,11.699950533174203,129.0,0.43838381528374054,-0.00792804872388607,-0.0027918485594253992,-0.0002723682912499765,-0.003144104803493471,-0.03332751091703085,-0.024991893439959598,14.208702232320762,77.0,298500.0,198.0,2682.918976545334,111.25941655694878,0.3913702964782715,-21.829082489013672,-66.6463394165039,0.10878876596689224,-66.755126953125,0.01113672461360693,0.01113672461360693,1.9328588962507e-38,21.769567489624023,0.9354649186134338,1.0041884183883667,-0.06872351467609406,0.06872351467609406,,,,,1.261843671898047,3.7281020612357056,0.11413376936326437,-20.668416659037273,1.1661132156899099,0.018782614176478262,-66.12143096923828,1.5270941654317165,-0.057144188801357534,-0.021291895831624667,0.260748054934425,0.0033957570915559014,-66.10013936360677,1.5075533483246117,-0.06053986512248711,0.011217669987430175,0.00014696396520795288,6.183009134715001e-06,0.011217669987430175,0.00014696396520795288,6.183009134715001e-06,2.4264356105567276e-38,3.156609894912054e-39,-3.6416045976427627e-40,20.727466265360516,1.159363560628633,-0.018209458246114755,0.9121916969617208,0.06041362418764538,0.0001859610284926026,0.9752892315387726,0.05802802659993366,0.0007524667115046885,-0.06309753718475501,0.01702584386351076,-0.0005665061313729389,0.06309753718475501,0.01702584386351076,0.0005665061313729389
72.99585936341104,1.0,1500.0,0.0,79.0,1811.0,0.6475279742414716,1172.0,639.0,10.45575410026141,1.6903773845698298,8957.482499309017,27.0,0.006811301715438951,32.49180327868853,1.79672131147541,11.849354292630991,122.0,32.69302325581397,4.348837209302326,11.760122039116775,43.0,32.49180327868853,1.79672131147541,11.849354292630991,122.0,0.451376948486901,-0.007274811983181873,-0.002300033457208681,-0.00021112228206693505,-0.002340202584701372,-0.011246943765281145,-0.025857462687805616,14.69990731380093,79.0,300000.0,199.0,2696.1379985809326,111.27026886528064,0.5226165056228638,-20.794498443603516,-67.5656509399414,-0.20395450294017792,-67.3616943359375,0.012261454947292805,0.012261454947292805,1.2303069810334313e-38,21.012405395507812,0.8619633913040161,0.9336574077606201,-0.07169404625892639,0.07169404625892639,,,,,1.2663507277766863,3.019639792389013,0.0169009077767774,-20.520656712849934,0.8643546660271285,-0.0009397326375006097,-67.45254720052084,1.8298068956503157,0.0005886260341373118,0.001619936153292656,0.2621997761016434,0.00676435811716537,-67.45416615804037,1.863484105120423,-0.00617572584990086,0.011913770840813716,0.00048680632995474343,5.376153253640401e-05,0.011913770840813716,0.00048680632995474343,5.376153253640401e-05,1.5437902974098107e-38,2.0132556856124337e-39,-2.3223033701483922e-40,20.617549578348797,0.8633138753618899,-0.0021580879627271345,0.9058547079563141,0.05901887734517556,0.0015752885312471617,0.9805477678775787,0.05910215833532772,0.0015123620712186694,-0.07469305917620658,0.021405302447124564,6.292564618309184e-05,0.07469305917620658,0.021405302447124564,-6.292564618309184e-05
73.76113672817455,1.0,1500.0,0.0,68.0,1890.0,0.5329699950806187,1007.0,883.0,10.379417547429718,1.6100081339756271,9541.774566567647,61.800000000000004,0.014861485186610235,32.743307086614166,2.6330708661417317,11.788873568227796,127.0,33.05084745762712,5.498305084745763,11.695069404413331,59.0,32.743307086614166,2.6330708661417317,11.788873568227796,127.0,0.4504988613516631,-0.00781018637984523,-0.003129186617197328,-0.0004685630948891349,-0.002238654781199356,-0.00405186385737439,-0.02666837576198667,14.800322017974658,68.0,301500.0,200.0,2709.319747686386,111.28254620277464,0.397976279258728,-21.860017776489258,-69.04488372802734,-0.4281140863895416,-68.61676788330078,0.012173596769571304,0.012173596769571304,7.857086094663107e-39,21.988353729248047,0.8008323907852173,0.8828869462013245,-0.08205459266901016,0.08205459266901016,,,,,0.6569922457138697,0.8421240395649515,-0.02525228389908663,-20.70212345123291,0.9261087345330751,0.0026091252073433095,-67.02161483764648,1.1186554793060917,-0.013664663142966214,-0.038751450801889104,0.2842970931395071,-0.0048309586229459585,-66.98286361694336,1.1501651388881606,-0.008833652449659293,0.012402089374760786,0.0002713350542193977,1.675765070488232e-05,0.012402089374760786,0.0002713350542193977,1.675765070488232e-05,9.838152927782997e-39,1.2678395220821647e-39,-1.4623908126835105e-40,20.796192423502603,0.9194492382548662,0.00018851563450477348,0.9058878441651662,0.06289538326420854,-0.0010667997287033264,0.9712092558542887,0.0648170948763792,-0.0010966783370802216,-0.06532141231000424,0.013118340129391635,2.987907165547615e-05,0.06532141231000424,0.013118340129391635,-2.987907165547615e-05
64.16645676749093,1.0,1500.0,0.0,56.0,1856.0,0.44929031717696805,833.0,1023.0,10.047034279261299,1.661058486986179,10216.623624192152,111.2,0.02630085146641438,33.824,4.543999999999999,11.451066973707428,125.0,33.162318840579715,6.594202898550721,11.622699025711643,69.0,33.824,4.543999999999999,11.451066973707428,125.0,0.41811516900023926,-0.008722221540201717,-0.0030844728461542417,-0.0005053390618877658,-0.004477955565787992,-0.052031771612755184,-0.025094329238292936,13.875074030101471,56.0,303000.0,201.0,2722.1907830238342,111.30740794861734,5.079669952392578,-20.162107467651367,-65.45541381835938,0.1791306436061859,-65.6345443725586,0.011885303072631359,0.011885303072631359,5.007315854510442e-39,20.3033447265625,0.9761707782745361,1.0204139947891235,-0.04424336552619934,0.04424336552619934,,,,,1.6956337203582128,2.941955254517138,0.0342898269582776,-20.933669789632162,1.0086847871697169,0.032815056144197025,-67.47317835489909,1.5977057661030478,0.018984070503143508,0.03634079458812873,0.26378462888263315,0.011426400149591249,-67.50951843261718,1.5004504957155036,0.007557693498420066,0.011699844741572936,0.0002251920273941467,-6.739207822104677e-06,0.011699844741572936,0.0002251920273941467,-6.739207822104677e-06,6.278303604292046e-39,8.140703091070236e-40,-9.389882506638911e-41,21.002601941426594,1.0242270889467722,-0.03506390929089551,0.920687061548233,0.06671654803042036,0.002798330518639784,0.9880890150864919,0.059292611597917246,0.002582004775725133,-0.06740195689102015,0.01715048354916678,0.00021632453540673807,0.06740195689102015,0.01715048354916678,-0.00021632453540673807
71.83635935576066,1.0,1500.0,0.0,46.0,1895.0,0.3598772258145745,681.0,1214.0,10.12736884633889,1.6986877193122925,10604.21154681417,109.4,0.025674724243135414,33.551181102362214,4.381102362204725,11.518208436122261,127.0,33.4716049382716,6.651851851851853,11.442517973794324,81.0,33.551181102362214,4.381102362204725,11.518208436122261,127.0,0.4320357436804584,-0.008067349966211022,-0.0032450399370474664,-0.0008699148510277265,-0.0022920570851953236,-0.010148479169669869,-0.02598698245318309,14.315672504080862,46.0,304500.0,202.0,2734.8119843006134,111.34220624598852,0.24961939454078674,-20.737272262573242,-65.43905639648438,0.3261911869049072,-65.76525115966797,0.012723676860332489,0.012723676860332489,3.198959804477766e-39,20.81558609008789,1.0127828121185303,1.0547386407852173,-0.04195577651262283,0.04195577651262283,,,,,0.9379536787668864,1.7131412257474912,-0.027898515384640134,-20.803416379292806,0.7964355223164321,0.004581075038210233,-66.75179977416992,1.1739719453780408,-0.026218718973228618,0.024814290956904492,0.2510216948906466,-0.0007037754469987323,-66.77661387125652,1.1662598382973852,-0.02551495273068047,0.012440008918444316,0.0002511021111831588,2.4931014280297765e-05,0.012440008918444316,0.0002511021111831588,2.4931014280297765e-05,4.007568713707766e-39,5.172671763123426e-40,-5.967034995709533e-41,20.89737866719564,0.7894220767736005,-0.003913672323089388,0.9303885738054911,0.05766206350036236,-0.00031025863197677267,0.9856014013290405,0.057221408657741536,-0.000149208313896352,-0.055212843045592305,0.013029482719749581,-0.00016104967413144744,0.055212843045592305,0.013029482719749581,0.00016104967413144744
66.9711466735264,1.0,1500.0,0.0,106.0,2023.0,0.7807775971727892,1579.0,444.0,10.008814556552514,1.6549074750217925,9680.5337222389,17.400000000000002,0.0037690074946930643,33.94558823529411,1.9249999999999996,11.319547368656398,136.0,33.12666666666667,3.746666666666668,11.489736819304651,30.0,33.94558823529411,1.9249999999999996,11.319547368656398,136.0,0.4247977943602806,-0.007943424558148185,-0.003305466368989282,-0.0001153819548086842,-0.003409581355200722,-0.03684567482582158,-0.024579748518588546,13.632284841596343,106.0,306000.0,203.0,2749.32310461998,111.30012310513656,0.423197478055954,-21.83053970336914,-69.43550109863281,-0.6752802729606628,-68.76022338867188,0.012093909084796906,0.012093909084796906,2.0414662534685022e-39,21.846221923828125,0.7552012801170349,0.8270349502563477,-0.07183367013931274,0.07183367013931274,,,,,2.5313530479868254,8.073824798484358,0.2572768189054443,-20.651911989847818,0.9454542233301519,-0.0010885749961161654,-67.2666025797526,1.4949898492258906,0.038044950932896,-0.006163006710509459,0.2481490628759004,-0.0005947708308663598,-67.26043980916342,1.4474155172197642,0.038639638049983424,0.012198170522848766,0.00037708761874222853,-3.0388828528603985e-05,0.012198170522848766,0.00037708761874222853,-3.0388828528603985e-05,2.5572132190642748e-39,3.3022904377786956e-40,-3.8089806180441223e-41,20.763008817036948,0.9432822885461335,0.0016523125704715905,0.9217383325099945,0.060317599658158985,0.0004266857570482462,0.9785866002241771,0.05627086609047704,-0.00013563130403123887,-0.05684827690323194,0.01657058681801241,0.0005623181666495153,0.05684827690323194,0.01657058681801241,-0.0005623181666495153
66.92250913732192,1.0,1500.0,0.0,34.0,1962.0,0.2552542646595617,500.0,1462.0,9.851956799518085,1.903203583302011,11487.62891753269,174.8,0.03840070298769772,34.48484848484848,6.3545454545454545,11.184982441987787,132.0,34.77755102040816,8.067346938775511,11.030351472994502,98.0,34.48484848484848,6.3545454545454545,11.184982441987787,132.0,0.4338578125616606,-0.008829762856104057,-0.002982382860113469,-0.0007573530004818025,-0.004211557296767881,-0.03776689520078366,-0.026315019067740423,13.921370005585986,34.0,307500.0,204.0,2761.842337846756,111.33872335367971,9.648996353149414,-20.97441864013672,-66.01395416259766,-0.10764127224683762,-65.90631103515625,0.012428044341504574,0.012428044341504574,1.3039362470235288e-39,21.102807998657227,0.9193727970123291,0.9554671049118042,-0.03609438240528107,0.03609438240528107,,,,,1.5020895699659984,3.073193563489761,-0.006450696357497916,-20.774867248535156,0.8921702176427744,-0.019202025925887264,-67.6476198832194,1.1463126603268434,-0.011412408168905394,-0.015680803234378496,0.2585753877214415,-0.011635882225098947,-67.63193868001302,1.0919161594244686,0.00022341311309614085,0.012542293562243382,0.00038400532733863074,3.510390380366337e-05,0.012542293562243382,0.00038400532733863074,3.510390380366337e-05,1.632691656752306e-39,2.106637707503812e-40,-2.4298725176479473e-41,20.861540222167967,0.8887696146972629,0.017695672838255044,0.9191014488538106,0.061145933900000185,-0.0025295362324020084,0.976301642258962,0.05912661299923072,-0.0026585528264454323,-0.05720020073155562,0.01227401998597503,0.00012901598656005263,0.05720020073155562,0.01227401998597503,-0.00012901598656005263
63.291518805161964,1.0,1500.0,0.0,53.0,1961.0,0.3995934136046297,783.0,1178.0,10.143701911113316,1.696867073346445,10894.182231621602,100.4,0.022711849070261955,33.48939393939395,3.9696969696969697,11.472390712775672,132.0,33.09113924050633,5.172151898734178,11.552904934412986,79.0,33.48939393939395,3.9696969696969697,11.472390712775672,132.0,0.427257219080981,-0.009209092390281698,-0.003049466909565801,-0.001032825538323578,-0.006211257128688376,-0.057227870071907314,-0.025670615504302188,13.852099148168826,53.0,309000.0,205.0,2774.7427158355713,111.36167625074722,0.3773747682571411,-19.281984329223633,-67.4979248046875,-0.07441713660955429,-67.42350769042969,0.012291637249290943,0.012291637249290943,8.29522448030969e-40,19.43541717529297,0.913827657699585,0.9630823731422424,-0.049254804849624634,0.049254804849624634,,,,,1.5078786239027977,3.990544900584656,-0.03085638460712522,-20.73945287068685,1.0545701509114593,0.03590318130306516,-68.72641143798828,1.3722432172471606,0.023447761917539774,0.07295818688968818,0.2531198766320111,8.752952776310368e-05,-68.79936879475912,1.3117210178801244,0.023360225011299526,0.012402215879410506,7.913602648311069e-05,-5.265042906807751e-06,0.012402215879410506,7.913602648311069e-05,-5.265042906807751e-06,1.039935633400331e-39,1.3580478862753246e-40,-1.565801115210795e-41,20.84804541269938,1.0718824202022916,-0.035111758069812496,0.9301822125911713,0.06163498745822141,0.00040611757982822634,0.9965840776761373,0.05769393215311825,1.7239254494242502e-05,-0.06640186334649721,0.014835230754221874,0.0003888789485638615,0.06640186334649721,0.014835230754221874,-0.0003888789485638615
70.95619126616931,1.0,1500.0,0.0,61.0,1832.0,0.4953412896556224,907.0,925.0,10.399636124770883,1.5691679523953885,9435.321599290799,37.4,0.009313676661022015,32.647154471544724,2.4455284552845526,11.819124696167744,123.0,32.39354838709677,4.1,11.88621133566908,62.0,32.647154471544724,2.4455284552845526,11.819124696167744,123.0,0.4450850512703423,-0.007960021899542293,-0.0032512771668510338,-0.0009438012068018082,-0.001285203397407239,-0.020831470719713956,-0.025618200299397584,14.452494047150722,61.0,310500.0,206.0,2787.525822877884,111.38910264136499,0.43414583802223206,-21.240917205810547,-69.41856384277344,-0.05820039287209511,-69.36036682128906,0.012449095025658607,0.012449095025658607,5.303872648515503e-40,21.393648147583008,0.8997633457183838,0.966729998588562,-0.06696668267250061,0.06696668267250061,,,,,1.2654645691315334,1.941294252251501,-0.002084740575349154,-20.81719201405843,0.8371192935953358,0.0013918608261302469,-68.1617795308431,1.4935272263048853,0.005443135941521545,0.01756333646674951,0.25583998692056,-0.00556462028615998,-68.1793431599935,1.4285405755022782,0.011007697218915778,0.012638802081346512,0.00024743459304485133,1.687688610047174e-05,0.012638802081346512,0.00024743459304485133,1.687688610047174e-05,6.639463760748641e-40,8.548732596158639e-41,-9.860642381696868e-42,20.896995480855306,0.8311229703346023,-0.002499926421746266,0.9282922685146332,0.0629686896427108,-0.0010227249116865848,0.9840099275112152,0.058475102088384426,-0.0012696347194200953,-0.05571765235314766,0.01594040328944903,0.00024690968466216286,0.05571765235314766,0.01594040328944903,-0.00024690968466216286
67.72910122249438,1.0,1500.0,0.0,92.0,2068.0,0.6637400408887386,1372.0,696.0,10.031391862310437,1.8743784358383653,10406.117828797596,20.0,0.004249713144362756,33.85755395683453,1.9381294964028775,11.296246929477036,139.0,33.17446808510638,3.4553191489361703,11.470280853443944,47.0,33.85755395683453,1.9381294964028775,11.296246929477036,139.0,0.42460274545364146,-0.007511563227846684,-0.0028222064278782726,-0.000375729758640484,-0.003971863009805352,-0.030410686372033816,-0.02368167417823879,13.2949955276799,92.0,312000.0,207.0,2801.6746950149536,111.3619652399847,0.35649573802948,-21.461069107055664,-69.40180969238281,-0.15295347571372986,-69.24885559082031,0.012489483691751957,0.012489483691751957,3.3778299482549715e-40,21.522748947143555,0.8831691741943359,0.9451011419296265,-0.061931975185871124,0.061931975185871124,,,,,0.4808146009842555,0.3383394992409499,-0.003385890895983541,-20.975174776713054,1.0736163537830006,0.014728790130445738,-69.19276301066081,1.6473930231227094,-0.015857566689224115,-0.04807166643440723,0.2607702802598649,0.005311825386641161,-69.14469197591146,1.6188536266843585,-0.021169381995617763,0.012109917619576057,0.00022977637985782152,1.9155251477597276e-05,0.012109917619576057,0.00022977637985782152,1.9155251477597276e-05,4.235633868992432e-40,5.508690167019285e-41,-6.353369397244389e-42,21.053414344787598,1.076235583664093,-0.015113429577650812,0.9065114895502726,0.062441297237836715,0.001092864514988426,0.9691238939762116,0.059150520502631906,0.001199666716498155,-0.06261241262157759,0.017760331072246498,-0.00010680221311242267,0.06261241262157759,0.017760331072246498,0.00010680221311242267
71.60621819129356,1.0,1500.0,0.0,78.0,2011.0,0.5754500070454227,1157.0,854.0,9.890431092523315,1.768473178187696,10215.688913390468,22.8,0.004916760113861813,34.34962962962962,1.5511111111111116,11.186065913905635,135.0,34.540350877192985,3.235087719298246,11.094111042107611,57.0,34.34962962962962,1.5511111111111116,11.186065913905635,135.0,0.424511887719942,-0.007337718877597637,-0.0032047964650713293,-0.0003234957965215405,-0.002872696817420454,-0.008375209380234486,-0.024111818864377185,13.699337622600812,78.0,313500.0,208.0,2815.365233898163,111.353225586979,0.5596863031387329,-21.467926025390625,-69.80213165283203,-0.12065131962299347,-69.68148040771484,0.011725390329957008,0.011725390329957008,2.1538798175751033e-40,21.520660400390625,0.889946699142456,0.9528616666793823,-0.06291499733924866,0.06291499733924866,,,,,0.562197728951772,0.38346624969847964,0.004969445762697914,-20.78105462392171,0.9093119996720745,-0.023769132128280985,-69.58789545694987,1.2597859427234355,-0.06661682977559669,-0.04578907204171022,0.24278832288442134,-0.0060837508068400286,-69.54210611979167,1.1949752402466158,-0.06053308947332891,0.012219560953478018,0.00023678875259475465,-2.4908063342759927e-05,0.012219560953478018,0.00023678875259475465,-2.4908063342759927e-05,2.7000643871144753e-40,3.498916675972787e-41,-4.0358296718619696e-42,20.86984666188558,0.9051836113975393,0.023584861458341863,0.9064518908659617,0.05848367060034726,-0.0019140842493967558,0.9696525573730469,0.05507820768543652,-0.0013750532179971685,-0.06320067395766577,0.012679257582116585,-0.0005390312535081196,0.06320067395766577,0.012679257582116585,0.0005390312535081196
69.91592370896112,1.0,1500.0,0.0,84.0,1881.0,0.6653655735010993,1251.0,630.0,10.127095909845147,1.8126071514096078,9470.822960544405,30.6,0.0071817499061209164,33.549606299212606,1.9748031496062994,11.497875043058777,127.0,33.63255813953489,4.04186046511628,11.463864372472795,43.0,33.549606299212606,1.9748031496062994,11.497875043058777,127.0,0.4345125170690577,-0.007527655619968736,-0.0034043954243866575,-0.00042205517060558116,-0.0017708250615421303,-0.024458032240133584,-0.024918012303671418,14.145193238806366,84.0,315000.0,209.0,2829.019604444504,111.3459940345137,0.33003485202789307,-19.869369506835938,-69.12364196777344,-0.19723327457904816,-68.92640686035156,0.012379816733300686,0.012379816733300686,1.3768037671684193e-40,19.914085388183594,0.8841201066970825,0.9350886940956116,-0.050968561321496964,0.050968561321496964,,,,,0.5880496869484584,0.9962414653822562,0.01754205273971939,-20.728536732991536,0.9664236510653644,-0.0039882146476765655,-68.92605260213216,1.2855988676590273,0.022654537417335387,0.034998298560579615,0.2600447260710914,-0.007408992479554276,-68.96105016072592,1.3297290541236075,0.030063546831007447,0.012355733507623276,0.000245611200744155,1.8647875226578003e-05,0.012355733507623276,0.000245611200744155,1.8647875226578003e-05,1.7237423790603267e-40,2.2244649758677137e-41,-2.5657718767499666e-42,20.838954416910806,0.9823512594374824,0.0025902651573574504,0.9348288416862488,0.05687234331971739,-0.0012326652932087624,0.987956025203069,0.05917665576697005,-0.001683510781925723,-0.05312716911236445,0.01476602141805273,0.00045084620145324636,0.05312716911236445,0.01476602141805273,-0.00045084620145324636
69.90956966082256,1.0,1500.0,0.0,48.0,1847.0,0.3898578115661391,720.0,1127.0,10.203200128194593,1.871355426483978,10529.714358404213,125.2,0.030304497264849687,33.31774193548386,4.358064516129032,11.623552382404284,124.0,33.415789473684214,6.515789473684209,11.542982401719877,76.0,33.31774193548386,4.358064516129032,11.623552382404284,124.0,0.43951285020014486,-0.007991449279072603,-0.0033499207797819787,-0.0009499234662706851,-0.0036486107213022875,-0.02537187763120971,-0.025743729362677152,14.6151737931775,48.0,316500.0,210.0,2841.5498123168945,111.38287938086069,0.2743351459503174,-21.362274169921875,-68.97583770751953,0.4060423970222473,-69.38188171386719,0.012040792033076286,0.012040792033076286,8.778434229762817e-41,21.409286499023438,1.0196290016174316,1.0718715190887451,-0.05224250257015228,0.05224250257015228,,,,,0.7443876514832178,1.1403924415730027,-0.020623959721924875,-20.90390459696452,0.8281814988371139,0.025528157778391222,-69.49676666259765,0.916984041401329,-0.007044030720980675,-0.026552599420150123,0.2597105149438141,0.012231144330591727,-69.4702143351237,0.9222185473282596,-0.01927511620441859,0.011962936880687872,0.00023876824099232575,-1.9474132804902482e-05,0.011962936880687872,0.00023876824099232575,-1.9474132804902482e-05,1.1002663901241906e-40,1.4260796109739492e-41,-1.644729414880564e-42,20.98545767466227,0.866347585907788,-0.025967823491081125,0.9189814726511637,0.05843437918396913,0.0026862481809961755,0.9739604671796163,0.058795240207269714,0.002772675950216875,-0.05497899266580741,0.009892621950535047,-8.642427598408899e-05,0.05497899266580741,0.009892621950535047,8.642427598408899e-05
65.63732006675319,1.0,1500.0,0.0,38.0,1801.0,0.31549059267080987,568.0,1233.0,10.328698175557287,1.6099175885622832,10204.920218391548,124.80000000000001,0.031348907309721175,32.900826446281,5.0,11.754267849221748,121.0,32.5542168674699,6.443373493975905,11.833558742038477,83.0,32.900826446281,5.0,11.754267849221748,121.0,0.43379383790078385,-0.009059475443310185,-0.003297403104814047,-0.0009175262798117224,-0.00306640967233222,-0.049202733485193946,-0.02641102899944421,14.298460561403934,38.0,318000.0,211.0,2853.7836635112762,111.43101142037338,0.20196926593780518,-21.127622604370117,-68.89986419677734,0.10838472843170166,-69.00824737548828,0.012254095636308193,0.012254095636308193,5.587397366802343e-41,21.23285675048828,0.9600780010223389,1.0046225786209106,-0.04454454407095909,0.04454454407095909,,,,,2.9945623045166334,7.527686626061528,0.045038346556720774,-20.38477414449056,0.8282450788947269,0.001330796391335598,-70.71373341878255,1.6112155822717356,0.002765571500888258,0.04492954798042774,0.24379160404234118,-0.0016590004925666902,-70.75866368611653,1.6507938175314318,0.004424561701046719,0.012285942056526741,0.00016006136630240746,-7.179123996959461e-06,0.012285942056526741,0.00016006136630240746,-7.179123996959461e-06,7.010317866431693e-41,9.108322302171412e-42,-1.0505713841018021e-42,20.49613691965739,0.806124360643807,-0.0006678796583609827,0.9249491194883982,0.054053796498274576,-0.00020494892016403732,0.9901847700277965,0.05541077789681247,-0.00037738238611531556,-0.0652356505393982,0.017906438712991107,0.00017243535055865152,0.0652356505393982,0.017906438712991107,-0.00017243535055865152
67.47822979197782,1.0,1500.0,0.0,85.0,1852.0,0.6849800219029112,1268.0,584.0,10.200854105848817,1.888176312229694,9587.339024340332,35.0,0.0084774499830451,33.295161290322575,2.3790322580645165,11.591583713356135,124.0,32.77948717948719,4.425641025641028,11.694494837125156,39.0,33.295161290322575,2.3790322580645165,11.591583713356135,124.0,0.43482318071099585,-0.0082055527352073,-0.002881333568846087,-0.0006753476062932751,-0.0034406912804399335,-0.03846032992930124,-0.024583182534546024,14.075619331979624,85.0,319500.0,212.0,2867.632104873657,111.41596561741542,0.305005818605423,-19.702552795410156,-70.25212097167969,0.07208061218261719,-70.32420349121094,0.012886409647762775,0.012886409647762775,3.5608395276957927e-41,19.860782623291016,0.9414914846420288,0.9965640306472778,-0.0550725981593132,0.0550725981593132,,,,,0.6103913987676303,0.7277002390861516,-0.004415453053820258,-20.773539861043293,0.6572123910416724,0.0158830381739261,-71.23970158894856,1.6531022388790608,0.06101008193511593,-0.013134324550628662,0.26666125056329226,-0.004395824634326048,-71.22656784057617,1.6509703282341444,0.06540593029527265,0.012566751893609762,0.0002532218314884689,2.730099610710794e-05,0.012566751893609762,0.0002532218314884689,2.730099610710794e-05,4.462140686964872e-41,5.785655064939407e-42,-6.672322385503145e-43,20.874913215637207,0.6628796894873956,-0.016064862600291094,0.9103713870048523,0.062120883868371335,-0.0001819867313372396,0.97693044145902,0.060856569448512685,-0.0010092715002405904,-0.06655905544757842,0.01816882790600534,0.0008272847622732446,0.06655905544757842,0.01816882790600534,-0.0008272847622732446
69.28098187079796,1.0,1500.0,0.0,52.0,1800.0,0.4290455112550855,772.0,1028.0,10.296767325194262,1.8040850307827294,9732.009823658538,71.8,0.01798687308983416,32.9900826446281,3.4347107438016526,11.659113062820834,121.0,32.62608695652174,5.304347826086956,11.725838786644918,69.0,32.9900826446281,3.4347107438016526,11.659113062820834,121.0,0.43605820034818144,-0.008000518471247284,-0.003242924413177952,-0.0006391274429379587,-0.0036574372182872033,-0.02555054732775282,-0.025054614538821355,14.043007827297153,52.0,321000.0,213.0,2880.3461813926697,111.44493744317707,0.3408030867576599,-19.422517776489258,-70.61283874511719,-0.9294098615646362,-69.68342590332031,0.013281034305691719,0.013281034305691719,2.2699633823597712e-41,19.348407745361328,0.7203242778778076,0.7649174928665161,-0.04459317773580551,0.04459317773580551,,,,,0.46467600216468175,0.4337358949167972,0.0023439369523883197,-20.57343921661377,0.9190015086745342,0.005634924408061328,-71.26730855305989,1.499847385718355,0.03860667465261168,0.014121462653080622,0.31138895450126913,0.002413930207722977,-71.28142954508463,1.509862910068796,0.036192730828309275,0.012944738970448573,0.0001731632622588101,1.4327987572706447e-05,0.012944738970448573,0.0001731632622588101,1.4327987572706447e-05,2.8452477829088e-41,3.685332542649663e-42,-4.250828759782929e-43,20.643129094441733,0.9368066693661588,-0.0063337739768370175,0.9197817405064901,0.07153383118104983,0.0010603822245613492,0.9832302908102671,0.07177592279160447,0.0005501266448728394,-0.06344854831695557,0.01642076728673876,0.0005102560404808301,0.06344854831695557,0.01642076728673876,-0.0005102560404808301
65.58803015488844,1.0,1500.0,0.0,13.0,2060.0,0.09135061625512164,188.0,1872.0,10.08417933126863,2.0658340658560532,13010.617573348694,263.2,0.05660458514344703,33.694202898550735,7.602898550724636,11.357073107257223,138.0,33.809599999999996,8.208,11.306921858622392,125.0,33.694202898550735,7.602898550724636,11.357073107257223,138.0,0.45185744522634613,-0.010269607057279221,-0.003727231563966264,-0.0008787809574785661,-0.005050505050505041,-0.049335459861775545,-0.028818460068500074,14.399161959926913,13.0,322500.0,214.0,2892.016453266144,111.51388839291685,0.2781592607498169,-19.810161590576172,-74.5753173828125,0.30535638332366943,-74.88067626953125,0.01253992784768343,0.01253992784768343,1.4461400151832112e-41,20.030094146728516,0.9534437656402588,1.0497347116470337,-0.09629105031490326,0.09629105031490326,,,,,0.44396941463152567,0.34926426882751266,0.008158361951554309,-20.67531197865804,0.9207172415738091,0.009194887307648137,-71.86132151285807,1.551466919332806,-0.06950690722438871,-0.06275134980678558,0.24932381602996478,0.0010455297316539526,-71.79857076009115,1.4859906990440312,-0.07055249919615365,0.01259160873790582,0.0003084214695972092,-2.7609631021375573e-05,0.01259160873790582,0.0003084214695972092,-2.7609631021375573e-05,1.8149057190549301e-41,2.3555881258742207e-42,-2.7173406207467365e-43,20.75443147023519,0.9129075083714748,-0.006814650301143455,0.9003461758295696,0.06177219580479466,-0.0003816805373840364,0.9656340658664704,0.05693635986561478,0.0002467983556668555,-0.06528788146873316,0.01542579074868705,-0.0006284817332221602,0.06528788146873316,0.01542579074868705,0.0006284817332221602
71.10618548923068,1.0,1500.0,0.0,99.0,2094.0,0.7070950623370151,1480.0,614.0,9.937881773335764,1.7319712107723453,10182.292404523083,8.4,0.0017551190973673213,34.18571428571429,1.1342857142857141,11.257228739752025,140.0,33.65365853658536,2.9414634146341467,11.381706238510608,41.0,34.18571428571429,1.1342857142857141,11.257228739752025,140.0,0.42025418369064643,-0.006847280699554675,-0.002518374228475569,-0.0001761277244370793,-0.003830816499967351,-0.009988886709812383,-0.02353324894595335,13.41649315151114,99.0,324000.0,215.0,2906.600522041321,111.47042654917473,0.31637585163116455,-21.661487579345703,-72.5799789428711,-0.03819650411605835,-72.54178619384766,0.012990030460059643,0.012990030460059643,9.223346492185946e-42,21.971397399902344,0.9034591913223267,0.9712059497833252,-0.06774675101041794,0.06774675101041794,,,,,0.5448212519288063,0.7698948057894575,0.010041683285732272,-20.84856808980306,0.7730156218411225,-0.02199660694771476,-72.24126536051432,1.9126021325325173,-0.11305746347938488,0.006385192523399989,0.21785287583267698,-0.002604902246438623,-72.24765065511068,1.8647059014183798,-0.11045253528768814,0.012911978084594012,0.00015392078695128627,1.5519460967769742e-05,0.012911978084594012,0.00015392078695128627,1.5519460967769742e-05,1.1566177394690607e-41,1.4945495258696326e-42,-1.7241270793930217e-43,20.92321033477783,0.7708327070432965,0.023210833573897794,0.9150693794091542,0.05652542505319231,-0.001649526719654514,0.9814593434333801,0.0500903577017559,-0.000599785084453937,-0.06638996837039789,0.019247608522334946,-0.0010497412514832438,0.06638996837039789,0.019247608522334946,0.0010497412514832438
72.20889077437552,1.0,1500.0,0.0,95.0,2022.0,0.7025596088242906,1420.0,602.0,9.917539760893026,1.7957843842974062,9928.071973019172,21.8,0.004682734029299309,34.230882352941165,1.35,11.257510177488431,136.0,34.90731707317073,3.9365853658536585,10.95333401102399,41.0,34.230882352941165,1.35,11.257510177488431,136.0,0.42876395975635917,-0.006781917566876112,-0.002480088330675526,-0.00039864832825317663,-0.003482966766113956,-0.006161104558384778,-0.023531466411241316,13.65755426322309,95.0,325500.0,216.0,2920.909246444702,111.43790256277046,0.5804232954978943,-20.534671783447266,-73.51300811767578,-0.17862993478775024,-73.33438110351562,0.012412368319928646,0.012412368319928646,5.882650953235582e-42,20.718963623046875,0.8668409585952759,0.9393010139465332,-0.07245997339487076,0.07245997339487076,,,,,0.6549685135483742,0.7811257147432091,0.014848070856063595,-20.875917053222658,0.8977727265194576,-0.011993902968086624,-73.37675857543945,2.375385542367309,0.016333433836534347,-0.0509307232995828,0.2823163688942441,0.0038034088437231034,-73.32582829793294,2.339341442347439,0.012530016872589068,0.0126201664408048,0.0001976277142920782,-1.983599109498533e-05,0.0126201664408048,0.0001976277142920782,-1.983599109498533e-05,7.369381913935402e-42,9.560992422776968e-43,-1.1027049866574212e-43,20.963723373413085,0.8851220812539465,0.009675408894811272,0.8942014654477437,0.0707772416404266,0.001127818482073302,0.9683420658111572,0.06452039545071968,0.0008736735588981568,-0.07414060470958551,0.024762198842510224,0.00025414501019526927,0.07414060470958551,0.024762198842510224,-0.00025414501019526927
69.04426002502441,1.0,1500.0,0.0,78.0,1975.0,0.5883328648775416,1161.0,814.0,10.1626604517952,1.779688244816151,10475.25513271206,96.60000000000001,0.02172250955700472,33.436090225563916,3.246616541353383,11.558304601553232,133.0,33.0109090909091,6.349090909090909,11.608625143485447,55.0,33.436090225563916,3.246616541353383,11.558304601553232,133.0,0.43039397722742107,-0.007699026113886757,-0.002868219321230917,-0.0007507629800774733,-0.0021877384889341218,-0.028016620028830878,-0.024600534832183406,13.969274576937341,78.0,327000.0,217.0,2934.707073688507,111.42509006495418,0.3490855097770691,-20.72756576538086,-74.7533187866211,0.20970596373081207,-74.96302795410156,0.012408575043082237,0.012408575043082237,3.751275988997535e-42,20.863380432128906,0.9418835639953613,1.0277745723724365,-0.08589103072881699,0.08589103072881699,,,,,1.5455211410919825,2.539390173248808,0.04792672309514808,-20.886667188008627,0.7373808801891502,-0.020782405781135608,-72.77986221313476,1.9766247130036556,0.0037975968985742054,-0.0051715999841690065,0.26595869984339254,0.006686322452361649,-72.77469075520834,1.90219763523826,-0.002888738273644316,0.012239027085403602,0.00011826566240136811,3.9078543859804045e-06,0.012239027085403602,0.00011826566240136811,3.9078543859804045e-06,4.699768209550193e-42,6.095698501482438e-43,-7.029561528823212e-44,20.97927443186442,0.7249601145819806,0.021385228090211497,0.9141178647677104,0.06778996181623141,0.00160832855937475,0.9788066367308299,0.06040375783949486,0.001517767145052876,-0.06468877829611301,0.01999674073980073,9.056104054970819e-05,0.06468877829611301,0.01999674073980073,-9.056104054970819e-05
71.58420063899113,1.0,1500.0,0.0,39.0,1844.0,0.3141232477524769,579.0,1265.0,10.430710211002626,1.7759637671188184,10640.977155269384,142.6,0.035293535293535294,32.58387096774195,4.991935483870968,11.884336984070687,124.0,32.470588235294116,7.047058823529412,11.884937936212676,85.0,32.58387096774195,4.991935483870968,11.884336984070687,124.0,0.44449291828478577,-0.008624967111616932,-0.0036937594440416286,-0.00018917846779694392,-0.004729493891797577,-0.013961605584642206,-0.02760495427560459,14.917591228459465,39.0,328500.0,218.0,2947.064788579941,111.46684025168294,1.988200306892395,-21.81460952758789,-72.80293273925781,-0.026109442114830017,-72.77682495117188,0.01196212787181139,0.01196212787181139,2.3920164786024627e-42,21.83502197265625,0.9147143959999084,0.9741007089614868,-0.059386346489191055,0.059386346489191055,,,,,0.4745219796895981,0.33238987205789705,0.010192120002294667,-20.798591740926106,0.9041182869625417,-0.005895753378862013,-73.59707616170247,1.8143685539930934,0.07403997775577645,-0.031633414700627326,0.2714896905915541,0.012788769167674938,-73.56544240315755,1.8378207113737415,0.06125124378650084,0.01223090688387553,0.00018949231780869912,-1.9716176393963308e-05,0.01223090688387553,0.00018949231780869912,-1.9716176393963308e-05,2.9939208789787825e-42,3.879535115165649e-43,-4.473431021952267e-44,20.895809364318847,0.9012763048189363,0.0048277217368526545,0.903370475769043,0.06208800049867173,0.0036702708752454857,0.9727305750052134,0.06161882081546239,0.0029092814818902934,-0.06936010370651881,0.019548978050866698,0.000760988040813748,0.06936010370651881,0.019548978050866698,-0.000760988040813748
63.356565146610656,1.0,1500.0,0.0,29.0,2037.0,0.21247715959475977,432.0,1605.0,9.992818230692247,2.2532300504756804,12653.78033864606,207.20000000000002,0.0447980627864741,34.00882352941179,6.72941176470588,11.299214872135549,136.0,33.96635514018693,7.999999999999998,11.29256402952373,107.0,34.00882352941179,6.72941176470588,11.299214872135549,136.0,0.42592409986631996,-0.010087424427626529,-0.0035372985587923253,-0.0008674650593378834,-0.00413652802893309,-0.05352622061482848,-0.026848796274683753,13.484300411982007,29.0,330000.0,219.0,2959.4301397800446,111.5079540362209,0.2827419936656952,-20.111581802368164,-75.05937194824219,0.020185280591249466,-75.07955932617188,0.012763009406626225,0.012763009406626225,1.524612729185401e-42,20.14075469970703,0.9048755168914795,0.9846285581588745,-0.07975306361913681,0.07975306361913681,,,,,1.1314238394300142,3.542084720193254,0.09115696226197963,-20.97703609466553,0.8865092682367381,-0.007321204757265752,-73.71299235026042,2.106441943025213,0.05609611536690201,0.08068276730676492,0.2884644866896458,0.009408793240387795,-73.79367548624674,2.0157846455258803,0.046687306710691,0.012117500292758147,0.00026545722705671287,1.9015573603292597e-05,0.012117500292758147,0.00026545722705671287,1.9015573603292597e-05,1.9102967765164015e-42,2.4768379683937793e-43,-2.8566848671502703e-44,21.04703483581543,0.8807191560942993,0.00869826846181037,0.930217440923055,0.07380455161431795,0.002752881426699823,0.9983537375926972,0.0653658426405676,0.0021462104874802744,-0.06813631740709146,0.02123094709836046,0.0006066681719794314,0.06813631740709146,0.02123094709836046,-0.0006066681719794314
72.39926260870857,1.0,1500.0,0.0,37.0,1907.0,0.2863279375105716,546.0,1361.0,10.183138182875402,1.930521211104908,11538.160760509072,149.8,0.03506882666916378,33.371875,5.523437499999998,11.55620986693683,128.0,33.57362637362638,7.573626373626374,11.440255422562409,91.0,33.371875,5.523437499999998,11.55620986693683,128.0,0.4442042896535655,-0.00802237567762901,-0.002915032959696548,-0.0006177820200379827,-0.0024453024453024393,-0.013090641662070211,-0.02621544151776279,14.937298901041265,37.0,331500.0,220.0,2971.8406941890717,111.54702896699402,0.3583156168460846,-20.793376922607422,-73.16230773925781,0.6647670269012451,-73.82707214355469,0.012786577455699444,0.012786577455699444,9.72501134241423e-43,20.84177017211914,1.069300889968872,1.132483959197998,-0.06318307667970657,0.06318307667970657,,,,,0.5150786101818084,0.4790704541671565,-0.0013218530492071945,-20.78294677734375,0.9385871907895396,0.004310865052152629,-73.72267710367838,1.604312981421779,-0.04262673586971309,0.10873516487578551,0.25777344228056004,0.0060887243403940205,-73.83141199747722,1.4967321208859288,-0.04871549680580301,0.012646732913951079,0.0001271483463684673,2.225448229288865e-06,0.012646732913951079,0.0001271483463684673,2.225448229288865e-06,1.2195967634506992e-42,1.5786414836896956e-43,-1.8209709877228328e-44,20.881273078918458,0.9337725183172721,-0.006822457064245919,0.9399270673592885,0.06609720788630172,0.0010096875525952825,1.004871678352356,0.05897531020157842,0.0013950711230149393,-0.06494461024800936,0.01524459210910048,-0.00038538349583098585,0.06494461024800936,0.01524459210910048,0.00038538349583098585
70.48956814679232,1.0,1500.0,0.0,88.0,1922.0,0.6832782608482394,1313.0,609.0,10.230826075214726,1.9593010918851455,9717.179384544468,17.400000000000002,0.00406352171882298,33.193798449612416,1.6852713178294578,11.643047386370204,129.0,32.54634146341463,3.6097560975609757,11.814362146100176,41.0,33.193798449612416,1.6852713178294578,11.643047386370204,129.0,0.4349698366595186,-0.0071030690422988095,-0.003209344514345862,-0.0003054321456057467,-0.003345471096950414,-0.02105901987558806,-0.024369947057100324,14.229758318446786,88.0,333000.0,221.0,2985.551008462906,111.5372000197187,1.7709221839904785,-20.53677749633789,-72.95030212402344,0.4656730890274048,-73.41597747802734,0.013581683859229088,0.013581683859229088,6.20775219695894e-43,20.732994079589844,1.0328922271728516,1.0883125066757202,-0.05542028695344925,0.05542028695344925,,,,,1.6916077504555385,4.130077448772035,-0.007129135366541705,-20.771348762512208,1.088343604206829,0.05618194860133792,-74.35557556152344,1.5378517644640124,0.02319186574492681,0.05445732139050961,0.2393720124774622,-0.0010728182505248536,-74.4100326538086,1.4427256822673522,0.024264685914037878,0.01324335408086578,0.00016849433615988705,5.017504618151519e-06,0.01324335408086578,0.00016849433615988705,5.017504618151519e-06,7.77019998468111e-43,1.0094910435477876e-43,-1.16396620161281e-44,20.87585474650065,1.0635396570966946,-0.05350219930239363,0.9252313057581584,0.0618682224201614,0.00013163333740062166,0.9925959626833598,0.055368383350769164,-0.00023672816750737973,-0.06736466127137343,0.0150707683001404,0.000368361555462553,0.06736466127137343,0.0150707683001404,-0.000368361555462553
67.27386008368597,1.0,1500.0,0.0,54.0,1902.0,0.4188333738759444,796.0,1106.0,10.177662664508283,1.7449260837300589,10338.02545152907,65.60000000000001,0.015344311377245509,33.4,3.4609375,11.507946759310606,128.0,32.68378378378378,4.9783783783783795,11.723986968068496,74.0,33.4,3.4609375,11.507946759310606,128.0,0.4235904818927393,-0.007719880510478776,-0.00315223875832357,-0.0006316813481090207,-0.002391304347826088,-0.036038647342995424,-0.02359212004039333,13.597286441880533,54.0,334500.0,222.0,2998.42249417305,111.55866147951022,0.2415887862443924,-18.631282806396484,-76.23113250732422,-0.41272619366645813,-75.81840515136719,0.013549238443374634,0.013549238443374634,3.951661669395984e-43,18.66851234436035,0.807499885559082,0.88404780626297,-0.07654790580272675,0.07654790580272675,,,,,0.523588915169239,0.5661278832027125,-0.0017954958658727648,-20.720448875427245,1.0164614432588668,0.019911731469618246,-74.65257619222005,1.803737273974178,-0.006387407177678924,-0.05854653560866912,0.2608010429929769,0.009345340230258741,-74.5940305074056,1.7596792881668626,-0.015732658479580077,0.013120957463979722,0.00042813322148972844,-1.314634061496212e-05,0.013120957463979722,0.00042813322148972844,-1.314634061496212e-05,4.959662364733636e-43,6.434786689745448e-44,-7.422049797251455e-45,20.81549701690674,1.0269645451746023,-0.018910042886872192,0.9006169656912486,0.06478315736955825,0.002113666537075834,0.9663282851378123,0.06019463606102107,0.0021571916653396247,-0.06571131634215514,0.018011595727551767,-4.352385611236959e-05,0.06571131634215514,0.018011595727551767,4.352385611236959e-05
70.71344034295333,1.0,1500.0,0.0,38.0,2049.0,0.27793572774590475,569.0,1480.0,10.195512252109536,2.0919970398149292,12219.570124954567,159.4,0.03490409039152142,33.33430656934306,5.1138686131386875,11.482531324075008,137.0,33.46666666666666,6.8565656565656585,11.429798838650365,99.0,33.33430656934306,5.1138686131386875,11.482531324075008,137.0,0.4445397368443773,-0.008759203471321227,-0.0035468127127253777,-0.0011895890823183945,-0.0031166039763567935,-0.015618842915994953,-0.02724292930018888,14.139174383233263,38.0,336000.0,223.0,3010.8001799583435,111.59823964294063,1.807349443435669,-19.59132194519043,-74.28205871582031,0.14586113393306732,-74.42791748046875,0.012479816563427448,0.012479816563427448,2.5223372357846707e-43,19.725643157958984,0.9544638991355896,1.0132722854614258,-0.05880841612815857,0.05880841612815857,,,,,1.3575380871693292,4.085264091419093,0.04375877269648341,-20.96528714497884,0.7526279503995315,0.009786372030935284,-75.1628023783366,1.4449077405792168,0.011874611995644428,0.001657609889904658,0.22368630699127617,0.005732876011009876,-75.16446024576823,1.4385739053621331,0.006141722003399616,0.012854664990057548,0.0004739623797854128,-5.2349161858089536e-05,0.012854664990057548,0.0004739623797854128,-5.2349161858089536e-05,3.160862236028679e-43,4.1029871205408304e-44,-4.7319931902083275e-45,21.064223098754884,0.7460304365094292,-0.011277885564310154,0.91231609582901,0.052838737853377914,0.001495120522708051,0.9803349852561951,0.051267436798897774,0.0013151058233089035,-0.06801889600853125,0.01477016309051735,0.00018001365930140522,0.06801889600853125,0.01477016309051735,-0.00018001365930140522
69.39089321699299,1.0,1500.0,0.0,61.0,2059.0,0.4393918526139899,904.0,1155.0,10.163662886543806,1.9756959082649812,11590.01469311503,102.80000000000001,0.022287746075795683,33.423188405797106,3.666666666666666,11.519649567241435,138.0,33.37662337662337,5.844155844155843,11.459832730156648,77.0,33.423188405797106,3.666666666666666,11.519649567241435,138.0,0.43482571470050846,-0.008036156016085174,-0.0031782192751261358,-0.0004537595708990647,-0.00336033274956219,-0.024518388791593806,-0.025914551249156127,14.071020181626633,61.0,337500.0,224.0,3023.9685213565826,111.60830465543144,0.34028753638267517,-20.386444091796875,-73.90245056152344,0.2589590549468994,-74.16140747070312,0.012260186485946178,0.012260186485946178,1.6114932339735396e-43,20.637840270996094,0.9862090945243835,1.0388370752334595,-0.0526280403137207,0.0526280403137207,,,,,0.7924518465995789,1.9632465199259665,0.04073165694916738,-21.022738711039224,0.9138574609900931,0.024985614899666705,-75.62766240437826,1.7354473629741995,0.05331688224274941,-0.06787289281686147,0.28418228261623585,0.011923774662484588,-75.55978953043619,1.6733055442374671,0.041393180736844094,0.012153060641139746,0.00017733850062255803,9.60025729174319e-06,0.012153060641139746,0.00017733850062255803,9.60025729174319e-06,2.013665893234762e-43,2.6126231871222017e-44,-3.012402015744323e-45,21.093217213948567,0.8810463531746646,-0.02315594139565939,0.8961516042550405,0.06919950927684193,0.003241404078826195,0.9646751880645752,0.06434746640083937,0.0027019600449202114,-0.06852357623477777,0.017264429462062,0.0005394438308590128,0.06852357623477777,0.017264429462062,-0.0005394438308590128
68.86250069800843,1.0,1500.0,0.0,94.0,2068.0,0.6813399856570067,1409.0,659.0,10.050048078657182,2.028502977300783,10829.35997316334,23.400000000000002,0.005016507310380312,33.801449275362316,2.0608695652173914,11.355696274035529,138.0,33.777272727272724,4.195454545454546,11.348031785766501,44.0,33.801449275362316,2.0608695652173914,11.355696274035529,138.0,0.4287374434973409,-0.0068777390761107565,-0.0031068086687746272,-0.00029576676504332306,-0.0034219199214641626,-0.02799242689853471,-0.023920948582863383,13.77228302154561,94.0,339000.0,225.0,3038.1489901542664,111.58109793120673,8.026738166809082,-20.714702606201172,-77.1364517211914,0.2956636846065521,-77.43211364746094,0.012125187553465366,0.012125187553465366,1.0229478789571165e-43,20.814449310302734,0.9647571444511414,1.0470060110092163,-0.08224882930517197,0.08224882930517197,,,,,0.7265278572837511,1.3862474297945355,0.04925724923345483,-21.08938020070394,0.7497114084674081,-0.007424910209069789,-75.6576316833496,2.1444954200660975,-0.07128757056722969,0.004139146953821182,0.24926249447951884,-0.0036954075877075106,-75.66177037556966,2.10088189785844,-0.06759218718769446,0.012315345369279385,0.00014580033049513237,-4.148250808307494e-06,0.012315345369279385,0.00014580033049513237,-4.148250808307494e-06,1.2849906917858573e-43,1.6604647704332107e-44,-1.9150559435700513e-45,21.17368278503418,0.7930405163988175,0.00743355586610959,0.9148718516031901,0.06267399749894136,-0.001407128101726545,0.9809212068716685,0.056713191567192865,-0.000839401338999482,-0.06604935303330421,0.02101089982995054,-0.0005677266964260006,0.06604935303330421,0.02101089982995054,0.0005677266964260006
69.41266765291729,1.0,1500.0,0.0,63.0,1922.0,0.49117888368867146,944.0,978.0,9.944849490302595,1.847057558747168,10625.49311226113,72.4,0.016429154942361805,34.161240310077524,3.1209302325581394,11.23296723625993,129.0,34.112121212121224,5.330303030303029,11.207594971485769,66.0,34.161240310077524,3.1209302325581394,11.23296723625993,129.0,0.4237842127809678,-0.007162877224284897,-0.0031866995073906424,-0.0007263092918352752,-0.0019784545266210898,-0.021048270147089366,-0.023616422780770405,13.317536116305552,63.0,340500.0,226.0,3051.2612483501434,111.5931977912782,0.6530750393867493,-21.50041961669922,-76.95907592773438,0.12464059889316559,-77.0837173461914,0.012458761222660542,0.012458761222660542,6.58610278232664e-44,21.50090789794922,0.9332004189491272,1.0084214210510254,-0.07522113621234894,0.07522113621234894,,,,,0.9616397390762965,1.7241603256632738,-0.05497078815344576,-21.005146280924478,0.9181764701147127,0.008763130196475214,-75.70407689412436,1.7353580200801144,-0.014447366037675064,0.012432787815729778,0.2744297504830134,0.00012808670854408914,-75.71650975545248,1.6930860900060642,-0.01457546857890906,0.012415310150633256,0.00026452343691771974,2.2168531060815134e-05,0.012415310150633256,0.00026452343691771974,2.2168531060815134e-05,8.19759601630018e-44,1.0621250765919321e-44,-1.2242267117694249e-45,21.095600382486978,0.9048010500509033,-0.008450488810810397,0.9197034855683645,0.06599978354940726,-5.259330864108481e-06,0.9828365365664165,0.06248838171019444,2.6571896503155634e-05,-0.06313306552668413,0.017027615509437946,-3.1832884064769886e-05,0.06313306552668413,0.017027615509437946,3.1832884064769886e-05
67.88973798908171,1.0,1500.0,0.0,61.0,1998.0,0.45601096845186784,911.0,1087.0,10.148373023806288,1.7116707398940267,10833.33771548645,95.60000000000001,0.021311694680993358,33.47611940298508,3.7641791044776123,11.475760860000996,134.0,33.23013698630137,5.920547945205478,11.50935208855351,73.0,33.47611940298508,3.7641791044776123,11.475760860000996,134.0,0.43216543911014127,-0.008040389195032154,-0.003167432910481628,-0.0007796859454242743,-0.004681036359677808,-0.0314391465273244,-0.02486862446886525,13.799388272921625,61.0,342000.0,227.0,3064.4061036109924,111.60400692225446,0.2272520512342453,-21.580913543701172,-74.39060974121094,-0.365171879529953,-74.02543640136719,0.012323363684117794,0.012323363684117794,4.203895392974451e-44,21.624279022216797,0.8558277487754822,0.8969351053237915,-0.041107334196567535,0.041107334196567535,,,,,0.4087264597415924,0.3031957313273649,-0.0023907043246989604,-21.032093620300294,0.9625779805359373,0.003804335631306191,-76.2648094177246,1.8062204660037533,0.0028236482512057474,-0.08083378424247106,0.3140073139014668,0.008483476404751234,-76.18397572835286,1.8247264385115711,-0.0056598090488988,0.012316030915826559,0.00016313840263027098,-1.3872486921452422e-05,0.012316030915826559,0.00016313840263027098,-1.3872486921452422e-05,5.236185261693733e-44,6.705603203501477e-45,-7.721949490839998e-46,21.137776565551757,0.9509318415668266,-0.0021587401529045876,0.8971658845742544,0.07132272910468812,0.0019873250843552904,0.9615438063939412,0.07139395639886027,0.0019293901254655822,-0.06437791846692562,0.018309965714687085,5.793652110821395e-05,0.06437791846692562,0.018309965714687085,-5.793652110821395e-05
70.14155077726944,1.0,1500.0,0.0,115.0,1961.0,0.8748492220673069,1715.0,246.0,10.031358436937476,1.7334789357251366,9401.701877381833,10.4,0.0023271425374804208,33.85606060606062,1.4424242424242426,11.365997748774694,132.0,35.31764705882353,5.6352941176470575,10.915540931369984,17.0,33.85606060606062,1.4424242424242426,11.365997748774694,132.0,0.4316990440893961,-0.006435069945210007,-0.0029979055214192345,-0.00018968197558171158,-0.0033458321315258466,-0.021828670320161708,-0.02321373780798095,13.812124919403232,115.0,343500.0,228.0,3079.169832468033,111.55604227412037,0.36680084466934204,-20.249515533447266,-75.64619445800781,-0.042152561247348785,-75.60404205322266,0.012072227895259857,0.012072227895259857,2.6624670822171524e-44,20.377544403076172,0.916944682598114,0.970456600189209,-0.053511880338191986,0.053511880338191986,,,,,1.2399497494101523,4.239461652429379,0.025060337447085804,-20.83355770111084,0.7816511632492107,0.006609646178724242,-76.96475067138672,1.8259260265167916,-0.03252775639925221,-0.029281376302242278,0.24059502396296198,-0.010430875311173649,-76.93546905517579,1.7230014672718232,-0.02209693645608621,0.01220848597586155,7.444747543335306e-05,-3.3659895714187587e-06,0.01220848597586155,7.444747543335306e-05,-3.3659895714187587e-06,3.3257483553308993e-44,4.310495715265521e-45,-4.950527166513492e-46,20.903706741333007,0.7736142702801957,-0.0051689708060503724,0.9048969904581706,0.06269960289808907,-0.002472120530082892,0.9733481029669444,0.05459878002349147,-0.0023664422374679124,-0.06845113672316075,0.017132736606463417,-0.00010567832825181096,0.06845113672316075,0.017132736606463417,0.00010567832825181096
66.84741118374993,1.0,1500.0,0.0,68.0,1979.0,0.5144394599349772,1018.0,961.0,10.109859911429568,1.800239346803601,10924.294255270952,93.80000000000001,0.02098434004474273,33.609022556390975,3.8030075187969916,11.46144806458514,133.0,33.23692307692308,6.363076923076923,11.51702227538969,65.0,33.609022556390975,3.8030075187969916,11.46144806458514,133.0,0.4280153859181293,-0.007934730036144387,-0.003321179313574914,-0.0008324943934989746,-0.003968253968253998,-0.035694928377855505,-0.024793234262447828,13.444559690123143,68.0,345000.0,229.0,3092.495368242264,111.5603934424302,0.2557877004146576,-22.24431037902832,-76.0998306274414,0.046862632036209106,-76.14669036865234,0.01275780238211155,0.01275780238211155,1.6815581571897805e-44,22.35135841369629,0.9352242946624756,0.9907444715499878,-0.05552021041512489,0.05552021041512489,,,,,0.5520288601517678,0.6994596253794289,0.005228647039384802,-21.114056332906088,1.0609733715800767,-0.017631197665238463,-77.92564188639322,1.677532981998108,-0.024751252884063272,0.0696969265739123,0.2155919765055709,-0.0011003484582741859,-77.99533869425456,1.6517555316791348,-0.023650870148144876,0.012477941034982601,0.00020821393873861723,2.2721338449449508e-05,0.012477941034982601,0.00020821393873861723,2.2721338449449508e-05,2.1206316760115564e-44,2.842790662982242e-45,-3.2483937704704377e-46,21.231150118509927,1.0621677823833322,0.01664863688264141,0.9203565001487732,0.0525275970684115,-0.0003695518739761943,0.9958970348040262,0.04904930641875984,-0.00025027299484236886,-0.07554053515195847,0.01632317946271077,-0.00011928021509999902,0.07554053515195847,0.01632317946271077,0.00011928021509999902
70.80216778241672,1.0,1500.0,0.0,104.0,1861.0,0.8334533196418985,1551.0,310.0,10.081559543110854,1.8294021306707664,9156.80409202913,9.200000000000001,0.002182888055806008,33.71679999999999,1.5952000000000002,11.487319834634336,125.0,35.028571428571425,5.942857142857145,11.105031946373893,21.0,33.71679999999999,1.5952000000000002,11.487319834634336,125.0,0.43535159539323515,-0.006871996761224672,-0.0032193409805114427,-0.00024134950865061834,-0.0029736673089274493,-0.019165061014772132,-0.02400758417923881,14.08056832942516,104.0,346500.0,230.0,3106.836895942688,111.52822359374733,0.5922940373420715,-20.129852294921875,-75.79885864257812,-0.019509926438331604,-75.77935028076172,0.012119940482079983,0.012119940482079983,1.1210387714598537e-44,20.201231002807617,0.9270204901695251,0.9755786657333374,-0.048558205366134644,0.048558205366134644,,,,,2.1335462614893914,9.45066234114098,-0.1781418862312337,-21.084615325927736,0.867131239514425,-0.02442636712639678,-77.27484792073568,1.8291066514171297,0.06920133087871168,0.011933762331803639,0.24591162973132533,-0.0015419456200286776,-77.28678181966146,1.8465305906442144,0.07074320520522155,0.012601842203487952,0.000362065049733662,-3.7190523019290774e-05,0.012601842203487952,0.000362065049733662,-3.7190523019290774e-05,1.3592595103950725e-44,1.8144876276035455e-45,-2.041936583165195e-46,21.142753028869627,0.8960873661099594,0.026961711251297624,0.9176581760247549,0.05691114306121804,0.00045176105318926664,0.9827416876951853,0.05637791733313026,-0.0003616956105089292,-0.06508352210124334,0.018628654958772806,0.0008134548321316608,0.06508352210124334,0.018628654958772806,-0.0008134548321316608
70.12906572188454,1.0,1500.0,0.0,87.0,1995.0,0.6511760202403357,1299.0,696.0,10.01638450449228,2.008136049342946,10494.009632488254,20.8,0.004577464788732394,33.910447761194014,1.929850746268657,11.357216838925867,134.0,33.92765957446808,4.123404255319149,11.257447776729315,47.0,33.910447761194014,1.929850746268657,11.357216838925867,134.0,0.4292783018538217,-0.00713808844087829,-0.003721994934203367,-0.0004195152139918195,-0.003156057962218369,-0.019664668841514417,-0.023928046995748804,13.882567152508324,87.0,348000.0,231.0,3120.915295124054,111.50574978555042,0.31163662672042847,-20.230266571044922,-77.07662200927734,-0.08176688104867935,-76.99485778808594,0.01191616803407669,0.01191616803407669,7.006492321624085e-45,20.272132873535156,0.9043421745300293,0.9615410566329956,-0.05719885230064392,0.05719885230064392,,,,,0.9272021134694417,1.7760573488361011,0.03807093524296371,-21.343576431274414,0.9820959239664597,-0.013477852453246383,-77.68879674275716,2.1300271397658164,-0.052408503955675055,0.041342918574810025,0.22458074405236952,0.011202823436167408,-77.73014017740886,2.153526308382176,-0.06361139656041236,0.011820403890063365,0.00015735401985970013,3.958976432863254e-06,0.011820403890063365,0.00015735401985970013,3.958976432863254e-06,8.641340530003039e-45,1.2577038623956049e-45,-1.374800050650156e-46,21.430086135864258,0.9816609043417648,0.013174088831339968,0.9232712944348653,0.05206749672631683,0.0020157477746948586,0.989339554309845,0.050642186617037205,0.002529234933906167,-0.06606825950245063,0.020987676536982844,-0.000513487377176029,0.06606825950245063,0.020987676536982844,0.000513487377176029
71.5748277936663,1.0,1500.0,0.0,70.0,1829.0,0.5710878899714594,1044.0,785.0,10.359999928807058,1.948675310894715,9822.900456480811,36.0,0.008930786405358472,32.77235772357724,2.5853658536585367,11.802145631825365,123.0,33.12075471698113,5.056603773584905,11.663859915760087,53.0,32.77235772357724,2.5853658536585367,11.802145631825365,123.0,0.450671710371334,-0.007608120438603708,-0.0034581926790373946,-0.0008740386705498402,-0.0025810264998522413,-0.019702492365284277,-0.02565430276108796,14.904181650795659,70.0,349500.0,232.0,3134.150428056717,111.5134732753406,0.2477138340473175,-22.32843017578125,-76.43571472167969,-0.08485521376132965,-76.35086059570312,0.012035476975142956,0.012035476975142956,4.203895392974451e-45,22.36431312561035,0.9132454991340637,0.960801362991333,-0.04755585640668869,0.04755585640668869,,,,,0.413969707985719,0.31135280694927264,0.007938047142925198,-21.224899419148763,0.7622187229147922,0.00902959719648378,-78.27044169108073,1.8737766670715288,0.04742467962992866,0.05326938492556413,0.2686927852675139,-0.006936730705491699,-78.32371063232422,1.9181695010193076,0.05436140321385935,0.011963623948395253,0.00017024130940934996,1.5692902652254193e-05,0.011963623948395253,0.00017024130940934996,1.5692902652254193e-05,5.5117739596776135e-45,9.526997618613126e-46,-9.975873383402497e-47,21.301451428731283,0.7542291034427548,-0.007318555261190072,0.9234682182470958,0.05905635810277224,-0.000915041370307006,0.9919780512650808,0.06068751250739336,-0.0015613356342040019,-0.06850983723998069,0.01909468927071843,0.0006462952716729818,0.06850983723998069,0.01909468927071843,-0.0006462952716729818
62.26629949020127,1.0,1500.0,0.0,59.0,1936.0,0.45575227918491423,882.0,1054.0,10.07592384921216,1.9308959157654995,11275.999163544031,123.2,0.02809834420471651,33.72769230769232,4.684615384615387,11.422845253263576,130.0,33.0,6.543661971830987,11.649945662822654,71.0,33.72769230769232,4.684615384615387,11.422845253263576,130.0,0.4190066234789918,-0.008640418808499478,-0.003083949661016628,-0.0005924961785569558,-0.002529012480840821,-0.06323626012699818,-0.024479013040870797,13.276249925596217,59.0,351000.0,233.0,3147.2404906749725,111.52627231378904,3.822174549102783,-22.22173309326172,-78.77027893066406,0.5634902119636536,-79.33377075195312,0.012122385203838348,0.012122385203838348,2.802596928649634e-45,22.486083984375,1.0343512296676636,1.1076946258544922,-0.07334341108798981,0.07334341108798981,,,,,1.109326149026553,2.777931843469868,-0.000742188019800247,-21.239977327982583,0.977598539558097,0.0026623383247288213,-78.62374572753906,2.263156075771196,-0.016772274233738824,0.056440185631314914,0.1950902090226432,0.004059124010323948,-78.68018595377605,2.233500997784662,-0.0208314244288339,0.011817667757471402,0.00019281248063028334,2.8052869707639217e-06,0.011817667757471402,0.00019281248063028334,2.8052869707639217e-06,3.5032461608120427e-45,7.006492321624085e-46,-7.014285972704887e-47,21.337017885843913,0.9632711698600916,0.0007480536472541099,0.9241448203722636,0.051316170806514114,0.0008285314275637346,0.9927530030409495,0.04399524569560153,0.0009184796632463137,-0.06860818179945151,0.021765266001435614,-8.994735304982905e-05,0.06860818179945151,0.021765266001435614,8.994735304982905e-05
57.02713060379028,1.0,1500.0,0.0,16.0,2003.0,0.11310996580745318,226.0,1777.0,9.977070469873723,2.0641430162600383,12610.850624875682,241.20000000000002,0.05245530859901701,34.06074074074074,7.8,11.270718684974366,135.0,34.07394957983193,8.396638655462182,11.25221851367709,119.0,34.06074074074074,7.8,11.270718684974366,135.0,0.4310118375591708,-0.011361793647955021,-0.0034355174474687724,-0.001366441871825402,-0.008609271523178818,-0.08907284768211958,-0.02846442624325055,13.433198072490548,16.0,352500.0,234.0,3158.9086792469025,111.58917075248833,0.5075494050979614,-21.432498931884766,-77.53108978271484,-0.21426863968372345,-77.31681823730469,0.01225451659411192,0.01225451659411192,1.401298464324817e-45,21.505992889404297,0.880927562713623,0.9313227534294128,-0.05039523169398308,0.05039523169398308,,,,,0.6423169612884522,0.8420178443479331,0.002287542773566057,-21.20533218383789,0.7764431137538765,-0.00038288188590582776,-79.47122497558594,1.692768840132786,0.06011746314264298,0.03961130268871784,0.20159841003768006,-0.005061394419599827,-79.51083628336589,1.7088139234806772,0.06517887645887085,0.0121856774824361,0.00024994385523484093,2.024999785509453e-05,0.0121856774824361,0.00024994385523484093,2.024999785509453e-05,2.2887874917305345e-45,6.752778964568668e-46,-6.515492303534756e-47,21.28868668874105,0.7652179001357755,-0.0007854546535270658,0.9156372050444285,0.0464234670117839,-0.00040179923325943796,0.9889568448066711,0.04578971938390069,-0.0011475343990644275,-0.07331965217987696,0.01696464448959761,0.0007457352271334628,0.07331965217987696,0.01696464448959761,-0.0007457352271334628
70.50413643230091,1.0,1500.0,0.0,44.0,1961.0,0.3332872286798905,653.0,1308.0,10.335526489647087,2.084400774006519,11494.346725967947,135.20000000000002,0.031166436145689258,32.86363636363637,4.712121212121211,11.654573861307277,132.0,32.87500000000002,6.661363636363634,11.583584725616472,88.0,32.86363636363637,4.712121212121211,11.654573861307277,132.0,0.4463126532697389,-0.008619743339475969,-0.003385416516815676,-0.0008865649614915454,-0.003200745804847735,-0.022249844623990038,-0.026744733256678154,14.741227720769444,44.0,354000.0,235.0,3171.430743455887,111.62154517498578,0.21890708804130554,-21.19151496887207,-78.92449188232422,-0.25376784801483154,-78.67072296142578,0.012290542013943195,0.012290542013943195,1.401298464324817e-45,21.11814308166504,0.8620911836624146,0.9223122596740723,-0.0602211132645607,0.0602211132645607,,,,,0.4550744170943896,0.3304990717019275,-0.0065280840148915316,-21.283845965067545,0.8493832883578523,0.0012548406344240254,-79.0236915588379,1.7869064337675462,0.04924490719669153,0.01114513905098041,0.26865450184081224,0.0029029840004689425,-79.03483606974284,1.7934780114131883,0.04634192512351121,0.01222425935169061,0.0001338355544892003,9.140192434702909e-07,0.01222425935169061,0.0001338355544892003,9.140192434702909e-07,1.401298464324817e-45,0.0,-2.0184226683780937e-62,21.369951184590658,0.8585039431547327,-0.002404071014370765,0.917159354686737,0.06183876371407629,0.0012206020821983858,0.9825095017751058,0.06093763141155324,0.000661042614428653,-0.06535014559825261,0.01760954182668377,0.000559558885977984,0.06535014559825261,0.01760954182668377,-0.000559558885977984
65.62367787080653,1.0,1500.0,0.0,17.0,2036.0,0.12552763700615133,255.0,1781.0,9.972728747773786,2.300394118752241,12902.209833221586,232.0,0.050066899736717164,34.07205882352941,7.407352941176469,11.29253398786814,136.0,34.09243697478992,8.248739495798318,11.259026913016525,119.0,34.07205882352941,7.407352941176469,11.29253398786814,136.0,0.4298161434017703,-0.010408646375857486,-0.0033675946416823984,-0.0014822546912940928,-0.004471228615863132,-0.0401244167962674,-0.028313266757767328,13.93423436527585,17.0,355500.0,236.0,3183.3663082122803,111.67423588133727,0.6038925647735596,-22.518692016601562,-78.59912109375,-0.347974956035614,-78.25114440917969,0.012210163287818432,0.012210163287818432,1.401298464324817e-45,22.577138900756836,0.8481169939041138,0.9010078310966492,-0.05289079248905182,0.05289079248905182,,,,,3.091659958163897,10.157963386442997,0.059582468260647246,-21.333606084187824,0.7892824375347695,-0.027015590985969076,-79.49552866617839,2.0247940620404066,0.0066041566638735,-0.03260583368440469,0.20206528542657137,0.000283158870540292,-79.46292343139649,1.997949196593381,0.006320959309716336,0.01209771263723572,0.00014435001635826306,8.161629325356862e-06,0.01209771263723572,0.00014435001635826306,8.161629325356862e-06,1.401298464324817e-45,0.0,-2.0184226683780937e-62,21.433299255371093,0.7963368924904044,0.0260196486357452,0.9064589182535807,0.05115415324399889,0.00023661386449555174,0.9726121266682942,0.04577885846977942,6.462901797520242e-05,-0.0661532108982404,0.019321897039256204,0.00017198546477764534,0.0661532108982404,0.019321897039256204,-0.00017198546477764534
71.97033834894863,1.0,1500.0,0.0,109.0,1995.0,0.818433678628907,1632.0,363.0,10.2557589960457,1.712497014307465,9431.228504505441,2.6,0.0005857966834895457,33.122388059701485,0.4044776119402984,11.661571037226574,134.0,31.68799999999999,0.45600000000000007,12.029491691101821,25.0,33.122388059701485,0.4044776119402984,11.661571037226574,134.0,0.43356141088580186,-0.0065260129250775305,-0.0029481943435190733,-3.6498835964726006e-05,-0.003792366412213778,-0.010454961832061085,-0.02391848456559016,13.999099164227864,109.0,357000.0,237.0,3197.8672938346863,111.63690272209749,0.27884039282798767,-20.266122817993164,-77.7876205444336,0.10103899240493774,-77.88865661621094,0.01248634047806263,0.01248634047806263,0.0,20.360544204711914,0.9568817615509033,1.0030521154403687,-0.046170420944690704,0.046170420944690704,,,,,0.6278701037168503,1.0818486394885392,0.024191889057435228,-21.47350158691406,0.7763763443581588,0.015086175496374565,-79.96217371622721,2.1944114097930454,0.017803529054093898,-0.011152032328148683,0.19510703253305808,0.001510607249396663,-79.95102157592774,2.173236890333672,0.01629288856922346,0.01224886222432057,0.00017631200703289413,1.8102281185092538e-05,0.01224886222432057,0.00017631200703289413,1.8102281185092538e-05,9.341989762165447e-47,3.4954525000772882e-46,-1.7457778420954353e-47,21.53858954111735,0.7621224300173299,-0.013666050267034532,0.9099188148975372,0.050267479637144494,0.0006085865091826552,0.9774558385213216,0.04431511380487682,0.0003412863303874872,-0.06753702685236931,0.020959731678627424,0.00026729905333482,0.06753702685236931,0.020959731678627424,-0.00026729905333482
66.54768897391655,1.0,1500.0,0.0,37.0,2049.0,0.2687539269274468,550.0,1499.0,10.118630869668676,1.9443970759957279,12048.400785037293,174.4,0.037914691943127965,33.57518248175184,5.483211678832116,11.413841198195163,137.0,33.394000000000005,6.9479999999999995,11.404945957389037,100.0,33.57518248175184,5.483211678832116,11.413841198195163,137.0,0.4266159567299729,-0.008427249244639562,-0.00297875349692036,-0.0008378251190692921,-0.004026964697534159,-0.04002128791910609,-0.024988404068350373,13.9353633614428,37.0,358500.0,238.0,3210.3434591293335,111.67029464729845,0.21499326825141907,-21.909032821655273,-78.4967041015625,-0.03204294294118881,-78.46466064453125,0.012797893024981022,0.012797893024981022,0.0,21.9072265625,0.9241861701011658,0.972648024559021,-0.04846184700727463,0.04846184700727463,,,,,0.6064757814009984,1.2129981010041115,0.02883783307038371,-21.328215471903484,0.5789664635858325,0.0007362947050273752,-80.91157302856445,1.9597609095473112,0.007410440243392012,-0.02636550689737002,0.2608799119360352,0.0046930676092030044,-80.88520736694336,2.0263069345604454,0.0027173730767497606,0.012643062385420005,0.00014907671161327213,1.2042127690537749e-05,0.012643062385420005,0.00014907671161327213,1.2042127690537749e-05,0.0,0.0,0.0,21.41017786661784,0.5910322995283387,-0.0014473148129546152,0.900860458612442,0.05679385935035417,0.0012099971097621462,0.9740172783533733,0.05967681564446584,0.0010732725809625464,-0.07315682210028171,0.01940722738481388,0.0001367254760758657,0.07315682210028171,0.01940722738481388,-0.0001367254760758657
63.88045205010308,1.0,1500.0,0.0,9.0,2067.0,0.06325512981240763,130.0,1937.0,10.135576865085083,2.4313731790435,13595.900010611493,236.4,0.050742680518588476,33.51654676258992,7.6863309352517994,11.441852839243364,139.0,33.45538461538462,8.087692307692311,11.449201281830419,130.0,33.51654676258992,7.6863309352517994,11.441852839243364,139.0,0.4221377217082272,-0.009693350658770349,-0.0029194949204588588,-0.00222046669079234,-0.009668109668109645,-0.04906204906204898,-0.02578841519014058,14.171434393672023,9.0,360000.0,239.0,3221.7680428028107,111.73988791781989,0.6256798505783081,-21.70485496520996,-81.09815216064453,-0.2251938283443451,-80.87295532226562,0.013109472580254078,0.013109472580254078,0.0,21.748674392700195,0.8599042296409607,0.9280465245246887,-0.06814229488372803,0.06814229488372803,,,,,0.7988566343983015,1.5134004965539953,0.02166501630068619,-21.15668601989746,1.0777677057351687,-0.02924196966763151,-81.23807144165039,2.2510572041847348,0.08143790375536815,0.0025668925295273463,0.27335527812695765,-0.0051081493869838315,-81.2406379699707,2.227004442432422,0.08654596924914577,0.013058734871447087,0.00019532922069501592,1.2898526348181534e-05,0.013058734871447087,0.00019532922069501592,1.2898526348181534e-05,0.0,0.0,0.0,21.233758163452148,1.075269245392532,0.02765195377676551,0.9073619325955709,0.06692879444220805,-0.0002455711629950581,0.9805964489777883,0.06294711267082256,-0.0011793008635651641,-0.07323450669646263,0.021543201420276242,0.0009337290889429184,0.07323450669646263,0.021543201420276242,-0.0009337290889429184
69.3594225247701,1.0,1500.0,0.0,48.0,1935.0,0.36960685712294816,715.0,1220.0,10.329412430401373,1.7463960570480692,11001.83805627841,108.0,0.025256068472007856,32.89384615384616,4.280000000000001,11.66225954646454,130.0,32.846341463414646,6.2024390243902445,11.62804733115257,82.0,32.89384615384616,4.280000000000001,11.66225954646454,130.0,0.4442568612648409,-0.00852254534830237,-0.0036833299889925254,-0.0007120084538059374,-0.003047916075985262,-0.027105188545506174,-0.0265121529172204,14.297997068202532,48.0,361500.0,240.0,3234.526994228363,111.76286382678354,0.15106715261936188,-21.035186767578125,-82.01274871826172,0.01361510157585144,-82.0263671875,0.012218200601637363,0.012218200601637363,0.0,21.13770294189453,0.9073073863983154,0.983090877532959,-0.07578342407941818,0.07578342407941818,,,,,0.38276060471932094,0.2500881475750404,-0.011114707708491375,-21.33809502919515,0.9689159116035566,0.016360683674542076,-80.73025995890299,1.7487854402821146,0.024686865546681435,-0.041538061449925105,0.20215387480422337,-0.003901368260251005,-80.68872248331705,1.742806223487063,0.028588217118957277,0.012417714421947798,0.00033288347762164635,-3.4959889426247545e-05,0.012417714421947798,0.00033288347762164635,-3.4959889426247545e-05,0.0,0.0,0.0,21.419101778666178,0.9499351087127035,-0.014031687514801,0.9058647493521372,0.04837398747695191,-0.0005058889394342328,0.9705732345581055,0.04602751962370147,-0.0008856283013892449,-0.06470847750703494,0.01668477713426183,0.00037974041779924696,0.06470847750703494,0.01668477713426183,-0.00037974041779924696
66.67684430147695,1.0,1500.0,0.0,113.0,2022.0,0.8345109272970593,1687.0,335.0,9.937476235960084,1.7822101342871324,10425.170545978617,33.0,0.007094638173453154,34.20147058823531,1.9882352941176482,11.284434222798799,136.0,33.23478260869565,4.45217391304348,11.540070090812993,23.0,34.20147058823531,1.9882352941176482,11.284434222798799,136.0,0.42058356364079075,-0.006660308181759264,-0.002817912435354507,-0.0003105133641336028,-0.0039284280552847614,-0.0385387394620632,-0.02236589835675273,13.291576379288308,113.0,363000.0,241.0,3249.600298643112,111.70604586403213,0.36889562010765076,-20.71531867980957,-82.9380111694336,-0.5801180601119995,-82.35789489746094,0.012516898103058338,0.012516898103058338,0.0,20.777904510498047,0.7719504833221436,0.8475621342658997,-0.07561173290014267,0.07561173290014267,,,,,0.5567868396639823,0.6243792168145658,0.024346859983528025,-21.50187981923421,1.129575829062051,0.011942403706348649,-81.86019948323568,1.7332661482684535,0.026414637411795876,0.06664668247103692,0.27205372590904325,-0.010828743049578624,-81.92684631347656,1.7680028763269042,0.03724337738003222,0.012364160642027855,0.0001806735989315979,1.6315022402663484e-05,0.012364160642027855,0.0001806735989315979,1.6315022402663484e-05,0.0,0.0,0.0,21.57630011240641,1.139834552805675,-0.011174815329614727,0.9219838281472524,0.06044246244068373,-0.002002227412447668,0.9951257646083832,0.06187518518384822,-0.0024636597071129233,-0.07314193720618883,0.016891755584603863,0.0004614315653536839,0.07314193720618883,0.016891755584603863,-0.0004614315653536839
71.9838073664698,1.0,1500.0,0.0,116.0,2071.0,0.8405994592433133,1740.0,331.0,10.109545639710248,1.6869789654662022,9749.401565774548,14.4,0.0030821917808219177,33.6115107913669,0.8978417266187052,11.443488589483412,139.0,33.79999999999999,3.2434782608695643,11.31239799801264,23.0,33.6115107913669,0.8978417266187052,11.443488589483412,139.0,0.43331330494910225,-0.005869856280912498,-0.0028329119914978127,-0.00022922058636963541,-0.005001720775496118,-0.011517723987610456,-0.021940605845573835,13.982502404385967,116.0,364500.0,242.0,3264.3629565238953,111.66037749311528,0.35850322246551514,-20.146465301513672,-78.02510833740234,-0.05083365738391876,-77.97427368164062,0.012555675581097603,0.012555675581097603,0.0,20.08399772644043,0.9371496438980103,0.9683880805969238,-0.0312383770942688,0.0312383770942688,,,,,0.34603295077880225,0.15784578694080248,-6.881170927881961e-05,-21.416102981567384,1.0891796053933516,0.010597333388281085,-81.41192728678385,1.938420447232503,0.042069170551919215,0.04336001475652059,0.24610641067564512,-0.016087059791016503,-81.45528717041016,1.932975556937765,0.05815628272407928,0.012537432741373778,8.654741294944283e-05,1.4156316540660784e-06,0.012537432741373778,8.654741294944283e-05,1.4156316540660784e-06,0.0,0.0,0.0,21.480383745829265,1.110933688903717,-0.014079606731954098,0.92445916334788,0.057896238281318985,-0.0030175821667120825,0.9899062852064768,0.05618804591068161,-0.003671445557485061,-0.06544710919260979,0.018425319084563477,0.0006538642162210578,0.06544710919260979,0.018425319084563477,-0.0006538642162210578
67.06274065375328,1.0,1500.0,0.0,64.0,2095.0,0.4516803850441653,946.0,1149.0,9.814881333161697,1.674644636715352,11174.478911380998,121.80000000000001,0.024963108706345303,34.60425531914895,3.730496453900709,11.148794777293293,141.0,34.35844155844158,5.836363636363638,11.139797016340468,77.0,34.60425531914895,3.730496453900709,11.148794777293293,141.0,0.41578177463076244,-0.007731565142078088,-0.0036074769533244178,-0.0007614575629290188,-0.004961411245865534,-0.03071063445925651,-0.02382171384354744,13.40713293892237,64.0,366000.0,243.0,3277.9588911533356,111.6548474685796,0.23388122022151947,-21.297605514526367,-81.3072738647461,-0.05536185950040817,-81.25191497802734,0.012388579547405243,0.012388579547405243,0.0,21.334840774536133,0.9086053967475891,0.9673920273780823,-0.05878659337759018,0.05878659337759018,,,,,0.5717334667841594,0.8107987220905571,-0.02491012338934276,-21.62436860402425,0.8264782780603379,0.017479851354614374,-82.02541631062826,2.040971880649608,0.10816051750480357,0.04621159409483274,0.2718487675492802,-0.005662540663800335,-82.07162780761719,2.000146659595352,0.11382292852518723,0.012769410541901985,0.00023005115678944275,-1.563059437493758e-05,0.012769410541901985,0.00023005115678944275,-1.563059437493758e-05,0.0,0.0,0.0,21.704817390441896,0.8320951436739153,-0.01888203053373715,0.9225322028001149,0.06646373601103482,-0.0001338819375425512,0.9905316909154256,0.062295367676747274,-0.001306147517033501,-0.06799947520097097,0.019189038524680527,0.0011722658181747441,0.06799947520097097,0.019189038524680527,-0.0011722658181747441
64.13416642853709,1.0,1500.0,0.0,66.0,2097.0,0.47175423970508795,989.0,1108.0,9.743469122823816,1.7056208724549136,11188.168909525328,113.4,0.02322818517001229,34.87142857142858,4.12,10.992478820313874,140.0,34.72972972972972,6.151351351351352,10.977742501391825,74.0,34.87142857142858,4.12,10.992478820313874,140.0,0.4133659232066553,-0.007467837144653462,-0.0035443718684886817,-0.0008659550133159182,-0.006130935112658411,-0.047036070012571776,-0.02258284072023752,13.096957740775073,66.0,367500.0,244.0,3291.665949344635,111.6455939501299,0.3555397391319275,-21.735198974609375,-81.27910614013672,0.10325030982494354,-81.38235473632812,0.012697730213403702,0.012697730213403702,0.0,21.97219467163086,0.9468464255332947,1.0036473274230957,-0.05680098757147789,0.05680098757147789,,,,,0.5905324434240659,0.653284958503403,-0.015008929776270212,-21.554565620422363,0.7454932796722769,-0.025346985966530088,-82.0491449991862,2.0560940831005814,-0.09436379030628549,0.0540432167549928,0.2722588672401214,-0.007103973459680307,-82.10318806966146,1.9502611292357934,-0.08725978354855828,0.012885434677203496,0.00026722561062992087,9.439705360319882e-06,0.012885434677203496,0.00026722561062992087,9.439705360319882e-06,0.0,0.0,0.0,21.635586293538413,0.734023879616715,0.025352222582654117,0.9272508482138316,0.07044802570913326,-0.002333136063661706,0.9923119723796845,0.06264646703660752,-0.0016273559664725405,-0.0650611249729991,0.017838729859332752,-0.0007057817833077509,0.0650611249729991,0.017838729859332752,0.0007057817833077509
60.40748770340629,1.0,1500.0,0.0,46.0,2014.0,0.3367032673648207,678.0,1336.0,10.103673084241999,1.9947174020001237,12108.062124898915,179.4,0.03923026459654494,33.624999999999986,6.051470588235296,11.420460682643984,136.0,33.06,7.706666666666668,11.518989572604644,90.0,33.624999999999986,6.051470588235296,11.420460682643984,136.0,0.417251530374658,-0.008943419217184174,-0.0033864990086819977,-0.0004880631456190842,-0.0032027972027972107,-0.07239160839160906,-0.025198299662020984,13.211138944149202,46.0,369000.0,245.0,3304.476727962494,111.66669653852324,0.3280726373195648,-21.351791381835938,-87.71269989013672,0.3057982325553894,-88.01850128173828,0.012629826553165913,0.012629826553165913,0.0,21.539093017578125,0.9348502159118652,1.049950361251831,-0.11510016769170761,0.11510016769170761,,,,,0.9382184475660325,1.8090818472972718,0.030246225831505973,-21.352390352884928,0.9611527453320291,0.028295735071711205,-83.5028559366862,2.5518903651507916,-0.13400608355529348,-0.05426814345022043,0.24929102380937962,0.002048769784683114,-83.4485870361328,2.508104284217159,-0.136054878956217,0.01240743910893798,0.00016787093798621184,6.744270321723402e-06,0.01240743910893798,0.00016787093798621184,6.744270321723402e-06,0.0,0.0,0.0,21.427125549316408,0.9566558475131621,-0.026392167614352747,0.8933574736118317,0.06393994860329501,-0.0006887594372597815,0.9676940123240153,0.05676118611025767,0.000465516704605969,-0.07433652890225252,0.02283919841172519,-0.0011542767112260389,0.07433652890225252,0.02283919841172519,0.0011542767112260389
67.5192757491227,1.0,1500.0,0.0,91.0,1893.0,0.7172324511979684,1357.0,536.0,10.29895940316377,1.650522219400185,9261.182681776327,38.0,0.009073976789722528,32.974803149606295,2.026771653543307,11.727597257707203,127.0,30.57777777777777,3.4555555555555553,12.461655597053658,36.0,32.974803149606295,2.026771653543307,11.727597257707203,127.0,0.42920776971693125,-0.007084790897980178,-0.0027996808836438245,-0.0003576519399248362,-0.0026315789473684388,-0.038567493112947944,-0.02336538349969706,13.798286419982485,91.0,370500.0,246.0,3318.403062582016,111.65008982113152,1.8307709693908691,-22.48612403869629,-86.13214111328125,-0.5758780241012573,-85.55626678466797,0.013386583887040615,0.013386583887040615,0.0,22.50282859802246,0.7574623823165894,0.8464874625205994,-0.0890251100063324,0.0890251100063324,,,,,0.7652131726344427,1.4544540194957378,0.01952581375141164,-21.482284100850425,0.983939771374497,-0.05344359256799491,-82.78315582275391,2.123435939874714,-0.04037045488367918,0.10930889348189037,0.2968191720877916,-0.001622703939974647,-82.89246470133463,2.0994244893123146,-0.03874773104013057,0.013102472542474668,0.00029478526571800434,3.2525383002301564e-05,0.013102472542474668,0.00029478526571800434,3.2525383002301564e-05,0.0,0.0,0.0,21.5605562210083,0.9839702284292856,0.05081812441680477,0.93922518491745,0.07134093146875448,-0.0006090407376825283,1.0052125771840414,0.06853392652673113,-0.00035619799366784277,-0.06598739537099997,0.019269725219369743,-0.00025284299844496633,0.06598739537099997,0.019269725219369743,0.00025284299844496633
71.54269671696488,1.0,1500.0,0.0,93.0,1958.0,0.7068826168591351,1384.0,574.0,10.217922947634314,1.848248278352377,9860.142492262663,31.0,0.007062146892655367,33.254545454545465,1.5833333333333335,11.606674393924832,132.0,32.88717948717947,3.964102564102566,11.615675202764013,39.0,33.254545454545465,1.5833333333333335,11.606674393924832,132.0,0.4378615683775893,-0.00717017075443988,-0.0031109605366782837,-0.0003982833431999932,-0.002968580715059611,-0.01571686529433015,-0.024524699986066257,14.380412321120481,93.0,372000.0,247.0,3332.51247382164,111.62748914586955,0.18145965039730072,-20.953022003173828,-81.84756469726562,-0.06653124839067459,-81.78103637695312,0.013187876902520657,0.013187876902520657,0.0,21.090408325195312,0.9135367274284363,0.9646288752555847,-0.05109211429953575,0.05109211429953575,,,,,0.4716720183690389,0.42577960825525896,-0.015025857671084233,-21.369613202412925,1.0201602678481403,0.06028479935727775,-83.38543039957682,1.9295531661478913,0.018667741718230876,-0.015776176874836286,0.20049979866665074,-0.0005595756709177841,-83.36965408325196,1.9758621470845692,0.019227369263920654,0.013409103732556105,0.00010019111141706178,-5.355705657315725e-07,0.013409103732556105,0.00010019111141706178,-5.355705657315725e-07,0.0,0.0,0.0,21.45253060658773,1.0145058959730389,-0.05856028886737806,0.9091102659702301,0.04497579274671815,0.0001520281373724891,0.9763322393099467,0.04650728722219057,-0.00013138242770357946,-0.06722196998695533,0.018279127646607635,0.00028341105819013827,0.06722196998695533,0.018279127646607635,-0.00028341105819013827
71.11827002631293,1.0,1500.0,0.0,126.0,2012.0,0.934864101743559,1880.0,132.0,10.055081141189161,1.7253723705245216,9225.985547386863,7.4,0.0016228070175438596,33.77777777777776,0.8207407407407408,11.417355562152466,135.0,35.22222222222222,4.555555555555555,10.825675620504818,9.0,33.77777777777776,0.8207407407407408,11.417355562152466,135.0,0.43004846432338967,-0.006181074544265488,-0.003026961972939152,-0.00011596748396457719,-0.00437450826121162,-0.01464463676894843,-0.023277022448742253,13.85846582693232,126.0,373500.0,248.0,3347.6248495578766,111.57164162206779,0.3005632162094116,-20.680423736572266,-82.69064331054688,-0.27660852670669556,-82.41403198242188,0.013473034836351871,0.013473034836351871,0.0,20.628719329833984,0.8619746565818787,0.9157770872116089,-0.05380243808031082,0.05380243808031082,,,,,1.1103513926267623,2.7355396858897967,0.06039139250494348,-21.73234157562256,1.1661664000374747,0.04034206275812705,-83.3634422302246,2.160893707895132,0.07029774531108908,0.009659506132205327,0.24763232351026943,0.009038108999989063,-83.37310180664062,2.095302703789459,0.06125965563951534,0.012794813948373,0.0003242781315273722,1.0211485229821868e-05,0.012794813948373,0.0003242781315273722,1.0211485229821868e-05,0.0,0.0,0.0,21.80687370300293,1.1650826816136688,-0.04126830901929933,0.9180805762608846,0.06402321535866841,0.0027456837050508767,0.9821773111820221,0.056811918134310094,0.0020794051242484434,-0.06409672604252895,0.01945314205182839,0.0006662791398031721,0.06409672604252895,0.01945314205182839,-0.0006662791398031721
67.53011349933904,1.0,1500.0,0.0,82.0,1919.0,0.6398355805661508,1227.0,692.0,10.01940529534416,2.1798667767786055,10445.072669342217,55.6,0.012716128442045558,33.89457364341086,2.872868217054265,11.3602999644131,129.0,33.9659574468085,5.429787234042553,11.25495821767029,47.0,33.89457364341086,2.872868217054265,11.3602999644131,129.0,0.42973194259177644,-0.007199299764519003,-0.003402310858997154,-0.0007067751588039575,-0.00263518414054317,-0.03719880731727008,-0.023266766149277723,13.759373497069596,82.0,375000.0,249.0,3361.3161084651947,111.56344357366262,0.47434312105178833,-20.802444458007812,-81.8232421875,0.09970267862081528,-81.92294311523438,0.013505576178431511,0.013505576178431511,0.0,21.033313751220703,0.9569106698036194,1.0031616687774658,-0.04625096172094345,0.04625096172094345,,,,,0.32115264907479285,0.13051263559521414,-0.0036424327496692066,-21.199397087097168,0.7933428175551726,-0.012082071696822929,-83.15290883382161,2.036090951544641,0.07037987629484374,-0.014662045985460281,0.22354063227852616,0.005936475661692023,-83.13824717203777,2.0400236940529126,0.06444345713988063,0.013438569630185764,6.382504061689649e-05,5.198793860772985e-07,0.013438569630185764,6.382504061689649e-05,5.198793860772985e-07,0.0,0.0,0.0,21.28631852467855,0.7819952885874148,0.01263546248829526,0.9177589337031047,0.054132395719424756,0.002068208534274652,0.9765872577826182,0.05189024124719197,0.0013763298712529692,-0.058828315262993175,0.018890002026005135,0.0006918800594875649,0.058828315262993175,0.018890002026005135,-0.0006918800594875649
68.96176176804762,1.0,1500.0,0.0,104.0,1829.0,0.8487645811121663,1552.0,277.0,10.113528444168907,1.7590385915814573,9055.944057689909,13.4,0.00324298160696999,33.59349593495934,1.7317073170731712,11.531886742342053,123.0,33.000000000000014,5.3578947368421055,11.607594877069152,19.0,33.59349593495934,1.7317073170731712,11.531886742342053,123.0,0.4295870918646011,-0.00689773878440879,-0.0031597928753922294,-0.00010582294817621948,-0.0027356394795303297,-0.028232307204062466,-0.024519085486099795,13.828850348074429,104.0,376500.0,250.0,3375.568980693817,111.53675192340874,0.2770594358444214,-20.534698486328125,-84.21183776855469,0.5649660229682922,-84.77680206298828,0.01272524893283844,0.01272524893283844,0.0,20.691314697265625,1.0403556823730469,1.1094502210617065,-0.06909459829330444,0.06909459829330444,,,,,2.1908746689558027,8.696036466311105,0.2085309832658333,-21.373165194193522,1.0037672980888854,0.007391096460939216,-83.57016143798828,1.5847099035357322,0.0716046427725703,-0.020817849164207775,0.266108197183781,0.011579669518883163,-83.54934412638346,1.561442962759883,0.060024992165232556,0.013088150105128685,0.0003047207781455664,-3.309757267440976e-05,0.013088150105128685,0.0003047207781455664,-3.309757267440976e-05,0.0,0.0,0.0,21.454394658406574,1.0013448316852454,-0.006725833201170193,0.9156078080336253,0.06329437153859574,0.003320378177821026,0.9750681459903717,0.06123687354404258,0.0026705411305284294,-0.05946032690505187,0.01451809586896606,0.0006498363088646524,0.05946032690505187,0.01451809586896606,-0.0006498363088646524
70.53616619110107,1.0,1500.0,0.0,72.0,2054.0,0.5208698988945193,1069.0,985.0,10.291087034703848,2.0577219060771554,11673.79443419089,83.4,0.018303120747926085,33.01884057971015,3.131884057971014,11.646140997371562,138.0,32.584848484848486,5.775757575757576,11.715297075101159,66.0,33.01884057971015,3.131884057971014,11.646140997371562,138.0,0.43612589001113006,-0.007656824320290218,-0.0029150964584051457,-0.0006987547432375803,-0.002723807753091024,-0.018964395277493794,-0.0251668266934325,14.061888173689226,72.0,378000.0,251.0,3389.036468744278,111.53612641414225,0.24850359559059143,-21.907896041870117,-80.84088897705078,-0.02257545292377472,-80.81831359863281,0.013482790440320969,0.013482790440320969,0.0,22.039751052856445,0.9445452690124512,0.9747573137283325,-0.03021205961704254,0.03021205961704254,,,,,0.414653434852759,0.28671063727354357,0.0017312710986651734,-21.44839185078939,0.9644771615883122,-0.003637131806607527,-84.35359725952148,2.119982024209791,0.08605308829743649,-0.0427780436972777,0.27792503538349483,-0.0010039052506442604,-84.31081822713216,2.0552068588548007,0.08705699780626641,0.01311186496168375,0.000313369563581718,3.508398095943462e-05,0.01311186496168375,0.000313369563581718,3.508398095943462e-05,0.0,0.0,0.0,21.547815640767414,0.9403691094932599,0.005785406789471375,0.9068604826927185,0.06987502200017588,0.0006431995960443232,0.970126473903656,0.0642004040395492,-0.00024825624947556665,-0.0632660049945116,0.01895797723713453,0.0008914554303095539,0.0632660049945116,0.01895797723713453,-0.0008914554303095539
68.78846415077767,1.0,1500.0,0.0,82.0,1976.0,0.6224977196151046,1230.0,746.0,10.226276640172044,1.8403868469460851,10509.865516442109,77.80000000000001,0.017749589341120642,33.2060606060606,2.6954545454545453,11.645218156342041,132.0,32.412,5.355999999999999,11.857532959448674,50.0,33.2060606060606,2.6954545454545453,11.645218156342041,132.0,0.4319142533343904,-0.007570125509910045,-0.0034189568231566114,-0.00040443788797998447,-0.00375495670470182,-0.028485878449462074,-0.024702888464287923,13.999182375660899,82.0,379500.0,252.0,3402.645915031433,111.53085260018725,0.670677661895752,-21.243751525878906,-81.55400085449219,0.4637799859046936,-82.01778411865234,0.013063590042293072,0.013063590042293072,0.0,21.333541870117188,1.0488767623901367,1.086913824081421,-0.03803708404302597,0.03803708404302597,,,,,0.6185946663220724,0.5622135231209541,0.008597991192035864,-20.968519020080567,0.9805947390990086,-0.005128294421780053,-85.12785263061524,2.036989005799708,-0.0179044611064148,-0.001411234587430954,0.26590777832146956,0.003027912488702409,-85.12644170125326,2.055375300071639,-0.020932439649195854,0.013088883087038993,0.00022167186408901597,8.334113374037164e-06,0.013088883087038993,0.00022167186408901597,8.334113374037164e-06,0.0,0.0,0.0,21.050409825642905,0.9796006397749514,0.007299631562195591,0.912050312757492,0.06172991543145564,0.0006106717833157005,0.9795669873555501,0.06132737603417358,0.000695823694893182,-0.06751668316622575,0.01847181914183853,-8.515055157716474e-05,0.06751668316622575,0.01847181914183853,8.515055157716474e-05
70.88534641265869,1.0,1500.0,0.0,66.0,1887.0,0.5210270574810965,983.0,904.0,10.340869172098966,1.6855852385634718,10326.530778349637,116.60000000000001,0.027941528876108315,32.85826771653542,3.3007874015748033,11.752417110228727,127.0,32.37049180327868,6.193442622950821,11.759183089131486,61.0,32.85826771653542,3.3007874015748033,11.752417110228727,127.0,0.4376772078101251,-0.007483130570085834,-0.0030899864463143916,-0.0005502444881255959,-0.004517244887577613,-0.016848102553667737,-0.02447753118650302,14.188252930780703,66.0,381000.0,253.0,3415.8468976020813,111.53895693260179,0.3996847867965698,-19.71721649169922,-85.6898193359375,-0.15771763026714325,-85.5321044921875,0.013665505684912205,0.013665505684912205,0.0,19.79814910888672,0.8766951560974121,0.9432588815689087,-0.06656371057033539,0.06656371057033539,,,,,1.818610242009163,6.164587644339208,-0.13327059966571084,-21.088115819295247,0.9731956990394771,0.026786584397975415,-84.78079223632812,1.8554334057904964,0.024192451926839446,0.055988574090103306,0.20954940369516983,0.004318334140273038,-84.83678080240885,1.8415805191285406,0.01987410938912439,0.01334186460201939,0.00033356169312867936,3.4771477378846485e-05,0.01334186460201939,0.00033356169312867936,3.4771477378846485e-05,0.0,0.0,0.0,21.17430845896403,0.9642065919091783,-0.025985439839432398,0.9312197665373484,0.05164727977421726,0.0012909950085556053,0.9930343627929688,0.04859073828517698,0.0010099773810092493,-0.061814583465456964,0.01664265242984335,0.00028101888478001326,0.061814583465456964,0.01664265242984335,-0.00028101888478001326
69.84365323384603,1.0,1500.0,0.0,60.0,1852.0,0.4800335855763516,889.0,963.0,10.273976362289876,1.6017127834093852,10027.418569251782,131.8,0.0318757860114153,33.078399999999995,3.9791999999999983,11.72385606339183,125.0,32.77538461538461,6.836923076923075,11.722123905216263,65.0,33.078399999999995,3.9791999999999983,11.72385606339183,125.0,0.4368688663481127,-0.007532164282329604,-0.0029829968420326293,-0.0007673570340359723,-0.004232272473478534,-0.023673925181462965,-0.024592434904511063,14.16031129672669,60.0,382500.0,254.0,3428.721657514572,111.5576119052103,0.28802573680877686,-20.902122497558594,-83.84326934814453,-0.019902341067790985,-83.8233642578125,0.013085990212857723,0.013085990212857723,0.0,20.991117477416992,0.9271941184997559,0.9754102230072021,-0.04821609705686569,0.04821609705686569,,,,,0.5150530993938446,0.4097560987817222,-0.0018094189506484273,-21.30455144246419,0.975663115490624,0.029789237424449805,-85.13718007405599,1.7104914518573915,0.02525402574040792,-0.013361783946553867,0.2613328026784209,0.011507697720847223,-85.1238182067871,1.6835511609588432,0.013746378286531918,0.013336986986299355,0.0002877277963141196,-2.676378459036702e-05,0.013336986986299355,0.0002877277963141196,-2.676378459036702e-05,0.0,0.0,0.0,21.378533617655435,0.9644141474133113,-0.03075259020914711,0.9154428978761037,0.06304704562377852,0.0028942673437056922,0.9767554799715678,0.06047267733840527,0.0026685185904497363,-0.06131258135040601,0.015150947623212006,0.00022574787642454713,0.06131258135040601,0.015150947623212006,-0.00022574787642454713
71.90670738845576,1.0,1500.0,0.0,122.0,1933.0,0.9403004852608123,1817.0,116.0,10.248980934662752,1.7378306897434221,8936.875453667495,4.0,0.0009280311818477101,33.15538461538462,0.43538461538461554,11.617928855483473,130.0,29.55,1.5500000000000003,12.840828878014527,8.0,33.15538461538462,0.43538461538461554,11.617928855483473,130.0,0.4340045516847973,-0.0064804878398585335,-0.002760765966288429,-6.449578458949048e-05,-0.005393601921607089,-0.009651708701823362,-0.024147383288593487,14.023913292649652,122.0,384000.0,255.0,3443.5046937465668,111.51429550752383,0.24703003466129303,-20.63153076171875,-81.06810760498047,0.13726292550563812,-81.20536804199219,0.013037496246397495,0.013037496246397495,0.0,20.827533721923828,0.9896582961082458,1.011627197265625,-0.021968841552734375,0.021968841552734375,,,,,0.550930858651797,0.7139577832833045,0.011382313896471975,-21.355628458658853,0.9683482871682574,-0.007295488436043997,-85.45520350138347,2.7135510563676144,0.1896490909631606,-0.030931109562516212,0.27986374722084784,0.015292943224261156,-85.42427190144856,2.5714863605906073,0.17435617245344412,0.012701229751110077,0.0002627244603591582,5.424946745457676e-06,0.012701229751110077,0.0002627244603591582,5.424946745457676e-06,0.0,0.0,0.0,21.46263173421224,0.947686905562628,0.004937664367200392,0.9120443562666575,0.07803607653888303,0.005166903128215545,0.9729868253072103,0.06416938408718525,0.0035131732932187133,-0.06094246202458938,0.023427518782393044,0.0016537291085859317,0.06094246202458938,0.023427518782393044,-0.0016537291085859317
70.91486317027699,1.0,1500.0,0.0,110.0,2027.0,0.8102782234997756,1642.0,385.0,10.22821243819475,1.8980482680244108,9876.936457876844,10.0,0.0022141528651138075,33.20882352941176,1.2617647058823536,11.541099807568418,136.0,33.53076923076923,4.230769230769233,11.455342642461135,26.0,33.20882352941176,1.2617647058823536,11.541099807568418,136.0,0.43909850126213384,-0.006905452974577291,-0.0035450674759102546,-0.00010390546928285126,-0.005942472460220242,-0.015079559363525175,-0.025205987681760505,14.123551020538658,110.0,385500.0,256.0,3458.0991094112396,111.47742959444372,0.16823962330818176,-21.0319766998291,-83.33724975585938,0.2284640520811081,-83.56571197509766,0.012423370033502579,0.012423370033502579,0.0,21.113433837890625,0.9920669794082642,1.0320632457733154,-0.039996352046728134,0.039996352046728134,,,,,1.5790184398492177,5.052471204504159,0.09870201461970218,-21.06482760111491,1.1322983533636481,-0.03887853993722353,-85.59710845947265,2.124403604417108,0.011400148521145107,-0.02917479146271944,0.29809550815963415,0.002013418291829059,-85.56793314615885,1.9385292501967712,0.0093867419691602,0.01264634138594071,0.00022777308190436476,-2.4764623919769387e-05,0.01264634138594071,0.00022777308190436476,-2.4764623919769387e-05,0.0,0.0,0.0,21.169568951924642,1.1183742468646147,0.03801732259544525,0.9141335447629293,0.0794159090817684,0.0006374269491838361,0.9733203947544098,0.06817033559347291,0.00045413439212834284,-0.05918685452391704,0.017260601193293312,0.00018329081955356682,0.05918685452391704,0.017260601193293312,-0.00018329081955356682
70.48317160172896,1.0,1500.0,0.0,110.0,1951.0,0.8399825394997781,1638.0,313.0,10.223163801391712,1.7797378986890793,9307.645494678653,8.0,0.0018376441402122479,33.232061068702286,0.9221374045801519,11.556223283395065,131.0,32.06666666666666,2.0761904761904755,11.899292627233276,21.0,33.232061068702286,0.9221374045801519,11.556223283395065,131.0,0.43322482989279654,-0.0069398990824044125,-0.0031645118828533885,-0.000199433401388686,-0.0027018858800773914,-0.01866537717601561,-0.025031597157715503,13.854244254526822,110.0,387000.0,257.0,3472.598996400833,111.44390711426952,0.1970341056585312,-20.264774322509766,-87.09672546386719,-0.07428514212369919,-87.0224380493164,0.012967744842171669,0.012967744842171669,0.0,20.18695640563965,0.8953590989112854,0.9629038572311401,-0.06754472851753235,0.06754472851753235,,,,,0.3668728311856588,0.2759885221000898,-0.00474843284046823,-21.435551516215007,1.1348352870168987,0.014202300804741148,-86.09517186482748,1.801952955370836,-0.021590108733553808,-0.02194130520025889,0.2945118483779444,0.005599989359980832,-86.0732302347819,1.7480804232030926,-0.027190026611054588,0.012726936272035043,0.0001594471892210169,1.776487202910864e-05,0.012726936272035043,0.0001594471892210169,1.776487202910864e-05,0.0,0.0,0.0,21.546891276041666,1.1450620985502051,-0.016419697762596712,0.9143693288167317,0.07088075619457626,0.0011378652924822783,0.9750040411949158,0.06750467813675935,0.0012773548005287443,-0.06063471101224423,0.015363934435371597,-0.0001394890182474429,0.06063471101224423,0.015363934435371597,0.0001394890182474429
66.43898733338314,1.0,1500.0,0.0,67.0,1861.0,0.5327711419798647,991.0,870.0,10.070702728671897,1.7794074078430233,10263.444827342699,95.4,0.022611993363356245,33.751999999999995,3.8495999999999984,11.41438897021946,125.0,32.80344827586207,6.427586206896552,11.636465260029047,58.0,33.751999999999995,3.8495999999999984,11.41438897021946,125.0,0.41880731688045175,-0.007433849895188058,-0.0034286089795548913,-0.0008241348048010712,-0.0015710843373493938,-0.04179277108433774,-0.022735835857344094,13.631626036716192,67.0,388500.0,258.0,3485.777059316635,111.45291089733747,1.631447196006775,-23.73150634765625,-87.70016479492188,-0.6879183650016785,-87.01224517822266,0.013409455306828022,0.013409455306828022,0.0,23.818355560302734,0.7560232877731323,0.8204491138458252,-0.06442581117153168,0.06442581117153168,,,,,0.4353200887640317,0.3812914075016769,-0.0025958140746372457,-21.453269322713215,1.123302697053733,-0.033533616962368826,-85.5615005493164,1.7107337422454525,0.03360428009203174,0.05248828598608573,0.2630822098575497,-0.002590975005830223,-85.61398874918619,1.7091777074584966,0.036195297156348054,0.01319527653977275,0.00014613736658646806,7.274599996570221e-06,0.01319527653977275,0.00014613736658646806,7.274599996570221e-06,0.0,0.0,0.0,21.529234886169434,1.093783840473208,0.03751818621914389,0.9385155042012533,0.06157951665733003,-0.00017900098285102682,0.9920965393384298,0.06082473747997571,-0.0005970804259032116,-0.05358104389160871,0.015234050444429326,0.000418079590986384,0.05358104389160871,0.015234050444429326,-0.000418079590986384
70.47275786704205,1.0,1500.0,0.0,94.0,2084.0,0.672959417146631,1402.0,682.0,10.055665906706555,1.9593617090837563,10674.272635443273,25.6,0.005409745995520054,33.80142857142857,2.2314285714285718,11.312472087418872,140.0,33.77826086956522,5.43913043478261,11.194328074865437,46.0,33.80142857142857,2.2314285714285718,11.312472087418872,140.0,0.42859490963819397,-0.006628047567175111,-0.0033025584027709647,-0.0001774105386711877,-0.003432574430823147,-0.017429071803852985,-0.023590788733632236,13.671247985300274,94.0,390000.0,259.0,3499.972395181656,111.42945028278092,0.23737846314907074,-21.090473175048828,-89.13831329345703,0.2591201961040497,-89.39743041992188,0.01335396058857441,0.01335396058857441,0.0,21.084394454956055,0.9577509760856628,1.0400363206863403,-0.08228534460067749,0.08228534460067749,,,,,0.4885571961601575,0.601932070633977,0.00996452694276018,-20.97638727823893,0.7642694808915859,-0.026309316972471516,-87.10437698364258,1.6869353032981245,0.010532065997268638,0.05269168751935164,0.25267057862629394,0.007130874505264475,-87.15706888834636,1.7165590075180939,0.0034011789901113513,0.012963496738423903,0.00027253522617318626,-4.792281191328093e-06,0.012963496738423903,0.00027253522617318626,-4.792281191328093e-06,0.0,0.0,0.0,21.06977787017822,0.7738448487559253,0.023727557444333146,0.92799973487854,0.057411455967916136,0.0017739671753828888,0.9921343803405762,0.058105298480624186,0.0016434147042347451,-0.06413463192681472,0.015086010978837392,0.00013055072494423092,0.06413463192681472,0.015086010978837392,-0.00013055072494423092
69.96953352836714,1.0,1500.0,0.0,73.0,1944.0,0.5618109547084754,1092.0,852.0,10.219877672535821,1.8238620206915235,10268.630705989272,76.60000000000001,0.01771753712356016,33.256923076923094,3.0184615384615383,11.543616025616377,130.0,33.23859649122807,5.726315789473685,11.40070036274481,57.0,33.256923076923094,3.0184615384615383,11.543616025616377,130.0,0.4385489374837968,-0.007246055994541287,-0.004110037377855145,-0.00045462048568421765,-0.0018885306310456032,-0.024320589590050814,-0.024457501963040727,14.048201775224124,73.0,391500.0,260.0,3513.3213653564453,111.43301716160549,0.2562628984451294,-20.70404815673828,-88.92694091796875,0.002156496047973633,-88.9291000366211,0.012206531129777431,0.012206531129777431,0.0,20.91849136352539,0.9053673148155212,0.9804894924163818,-0.07512218505144119,0.07512218505144119,,,,,0.6428189218044281,1.0142690310140758,-0.0018201242365747236,-21.589942296346027,1.0603523907813817,0.014086266539917163,-87.65593439737955,2.1109913293861213,-0.07492853149821223,-0.023699092989166577,0.2477606424571908,-0.001966550118301285,-87.63223622639974,2.041079513984682,-0.07296201304943555,0.013093909745415052,0.00042423190286750874,-4.142665524901745e-05,0.013093909745415052,0.00042423190286750874,-4.142665524901745e-05,0.0,0.0,0.0,21.678363800048828,1.063148309142228,-0.012600220880731806,0.9092576583226522,0.06350104982524021,-0.0009895766537234697,0.9745298326015472,0.05718581503007493,-0.00045314080457933674,-0.06527216341346502,0.01757289686211015,-0.0005364333757005613,0.06527216341346502,0.01757289686211015,0.0005364333757005613
66.62668715851217,1.0,1500.0,0.0,79.0,2024.0,0.5810449087656667,1176.0,848.0,10.010622807075507,1.8076050661839318,10637.698478160259,83.60000000000001,0.01811170328003813,33.93970588235294,2.980882352941176,11.32563181610582,136.0,33.09473684210527,4.989473684210526,11.509309371615394,57.0,33.93970588235294,2.980882352941176,11.32563181610582,136.0,0.41902298447904873,-0.007424145941926855,-0.0036090020785293875,-0.0004663763406339288,-0.001864115771400544,-0.03957158041043289,-0.023015353739860366,13.511261593973902,79.0,393000.0,261.0,3527.0954008102417,111.42312734430726,0.25347900390625,-20.83712387084961,-88.92660522460938,0.1762603521347046,-89.10286712646484,0.012272411026060581,0.012272411026060581,0.0,20.923919677734375,0.9464351534843445,1.0200539827346802,-0.07361884415149689,0.07361884415149689,,,,,1.6645224263270697,3.9538417769575536,0.07139098109207115,-21.165136019388836,0.9068431220325348,0.00622158326349522,-86.44170608520508,1.5965767590326727,-0.027903248550361054,0.04176477181414763,0.2399069738210794,0.007741177018247014,-86.4834711710612,1.5902528720945326,-0.03564439886005869,0.012102803960442544,0.00010090938524695805,4.6667349716443325e-06,0.012102803960442544,0.00010090938524695805,4.6667349716443325e-06,0.0,0.0,0.0,21.249559593200683,0.9121341070668555,-0.0060349584288808475,0.9371956864992778,0.055637424915411994,0.001545600816856084,0.9894863843917847,0.05436954043296543,0.001757637120460093,-0.05229071366290251,0.013699264676009895,-0.00021203691605996343,0.05229071366290251,0.013699264676009895,0.00021203691605996343
68.80760609019886,1.0,1500.0,0.0,22.0,2052.0,0.1564681004540892,321.0,1731.0,10.006793663383016,2.3345430012262267,13036.265896075534,208.0,0.04436670790495286,33.972463768115944,6.7913043478260855,11.27774316613468,138.0,33.99655172413792,7.87758620689655,11.244329284783639,116.0,33.972463768115944,6.7913043478260855,11.27774316613468,138.0,0.4301228310444089,-0.00864635198586548,-0.003909468589347313,-0.0011826579423250014,-0.002222889756683686,-0.028116551516972003,-0.025249055843158816,14.212633443557008,22.0,394500.0,262.0,3539.178160429001,111.4665558266727,0.13373622298240662,-22.102733612060547,-88.95110321044922,-0.25903359055519104,-88.69207000732422,0.01245982013642788,0.01245982013642788,0.0,22.203062057495117,0.8538683652877808,0.9209246635437012,-0.06705637276172638,0.06705637276172638,,,,,2.871676955123742,8.435306748925317,0.17177631608039584,-21.677731132507326,0.7836994998878181,0.02341946144655674,-87.42327473958333,1.8418397229362242,0.029022783697383436,-0.05651262799898783,0.22468395164195687,0.0028216287394254172,-87.36676177978515,1.8143638737712338,0.026201150149473697,0.01240322608500719,0.00012982069442986179,1.1989388519585026e-05,0.01240322608500719,0.00012982069442986179,1.1989388519585026e-05,0.0,0.0,0.0,21.77776730855306,0.7724492897119888,-0.02302918906206611,0.9101115842660268,0.05452920921591716,0.0009648138079149911,0.967130821943283,0.05113382312476607,0.0006391917638173844,-0.05701923730472724,0.015849507588006344,0.0003256221161999893,0.05701923730472724,0.015849507588006344,-0.0003256221161999893
67.38174936326884,1.0,1500.0,0.0,59.0,1835.0,0.47895272043218035,878.0,957.0,10.334426256189024,1.6686137500837566,9850.708469482146,121.0,0.02991791118583721,32.881300813008146,4.066666666666667,11.726113617257433,123.0,31.575000000000003,6.534375,12.050863628541533,64.0,32.881300813008146,4.066666666666667,11.726113617257433,123.0,0.42245164271079294,-0.007439654905432596,-0.0033641855199882755,-0.0005171891136171153,-0.0019741921252895097,-0.03617514061983043,-0.02362857550290114,13.693936646565476,59.0,396000.0,263.0,3552.153456926346,111.48167014796036,0.3671989142894745,-21.330181121826172,-86.95359802246094,0.42199647426605225,-87.37559509277344,0.012692149728536606,0.012692149728536606,0.0,21.45406723022461,1.0238909721374512,1.0766371488571167,-0.052746303379535675,0.052746303379535675,,,,,2.730234082539876,9.568895702036794,0.1284281683843314,-21.145326805114745,1.1093870823661192,0.04640733975589773,-87.38536020914714,2.187226084259554,-0.0021414208332591377,0.17484882498780888,0.24430096308399357,0.011503833620182273,-87.56020940144857,2.1842238030773236,-0.01364519503278194,0.012303510432442029,0.0003132748200423945,2.3577723225311017e-05,0.012303510432442029,0.0003132748200423945,2.3577723225311017e-05,0.0,0.0,0.0,21.216272163391114,1.1172542242439114,-0.04550545960830572,0.9640947858492533,0.05817948318881706,0.002614988739684078,1.01984410683314,0.05555572097418811,0.0026349623290794853,-0.05574932557841142,0.018817701008472743,-1.9974286385187306e-05,0.05574932557841142,0.018817701008472743,1.9974286385187306e-05
65.95392417907715,1.0,1500.0,0.0,18.0,2025.0,0.13040259683364014,264.0,1761.0,10.232236615235822,2.1448652383755324,12734.840465796222,218.20000000000002,0.048310676172342026,33.210294117647074,7.004411764705883,11.532426677453138,136.0,33.37457627118645,7.755932203389832,11.4488107629849,118.0,33.210294117647074,7.004411764705883,11.532426677453138,136.0,0.45873303603754695,-0.010242402694338742,-0.003990858177844893,-0.001141798470937832,-0.0018669778296382727,-0.05818747569039283,-0.027747500215436708,15.168670397812072,18.0,397500.0,264.0,3563.886783361435,111.53552965144436,0.3967561721801758,-21.46095848083496,-87.87274932861328,0.34496212005615234,-88.21771240234375,0.012008855119347572,0.012008855119347572,0.0,21.4975643157959,1.000938892364502,1.0580062866210938,-0.057067424058914185,0.057067424058914185,,,,,0.29797032723824185,0.0966093487060444,-0.0011574559899935981,-21.33355147043864,1.2910764189322113,-0.014144807079344447,-87.8215108235677,2.104276139829723,-0.04117308076682196,-0.03923384733498096,0.2708637771212688,0.004263473119798042,-87.7822779337565,2.0563223034490146,-0.04543650524236772,0.012160340355088313,0.00019953714206292112,-1.959545399011591e-05,0.012160340355088313,0.00019953714206292112,-1.959545399011591e-05,0.0,0.0,0.0,21.414981333414712,1.3011329676845,0.015546407901139743,0.9163120905558269,0.06587968994685255,0.0006780538198281948,0.9710481822490692,0.0614173997074831,0.000971667612752591,-0.05473609467347463,0.017531353453243644,-0.00029361335865249856,0.05473609467347463,0.017531353453243644,0.00029361335865249856
71.96959292093912,1.0,1500.0,0.0,60.0,1920.0,0.464683158616045,892.0,1028.0,10.315219574525525,1.7877919460392688,10752.28103310099,116.4,0.02739081325301205,32.94263565891475,3.9085271317829453,11.725802683339133,129.0,32.91014492753623,6.86376811594203,11.63088939607192,69.0,32.94263565891475,3.9085271317829453,11.725802683339133,129.0,0.4423172271907641,-0.007659183268724022,-0.0036236898160024377,-0.0003358157892191317,-0.0016717496893708305,-0.013825821755337139,-0.025495669713113036,14.46857691118441,60.0,399000.0,265.0,3576.953231573105,111.54744671473497,4.873044013977051,-20.34899139404297,-87.81049346923828,-0.2526188790798187,-87.55787658691406,0.012547050602734089,0.012547050602734089,0.0,20.39419174194336,0.8737921118736267,0.9222968816757202,-0.048504769802093506,0.048504769802093506,,,,,2.299309702714284,9.573571197820334,-0.010668586272418948,-21.279897689819336,0.9912119675644984,0.008840591040283964,-89.40361099243164,2.048654805083704,0.0007941206782516438,0.08704513323803743,0.2779647129991801,-0.013804593099668647,-89.49065526326497,2.07334049675871,0.0145986232396908,0.012462586537003517,0.00016997245122615193,1.6438564465891726e-05,0.012462586537003517,0.00016997245122615193,1.6438564465891726e-05,0.0,0.0,0.0,21.366351954142253,0.982550792803369,-0.007108524140049618,0.9333568235238393,0.06278984274887608,-0.002921088956487076,0.9998095631599426,0.06341482583233765,-0.003144402498663226,-0.0664527423058947,0.017823801000037554,0.000223313922164041,0.0664527423058947,0.017823801000037554,-0.000223313922164041
65.8981106596173,1.0,1500.0,0.0,53.0,1972.0,0.3978458723364165,784.0,1188.0,9.902443391964173,1.7290090131745424,10998.264261857883,170.0,0.03727089362448478,34.29473684210526,5.6796992481203,11.230787280963643,133.0,34.425,8.317499999999999,11.064473412525283,80.0,34.29473684210526,5.6796992481203,11.230787280963643,133.0,0.4251284044442378,-0.007791612480887835,-0.004280951385244836,-0.000987913585968229,-0.0029019510990368072,-0.04445542109162793,-0.023925070931682543,13.828660351168395,53.0,400500.0,266.0,3589.896947622299,111.56309104228289,0.3815850615501404,-21.441858291625977,-86.55464935302734,-0.2897647023200989,-86.26488494873047,0.01249876618385315,0.01249876618385315,0.0,21.482545852661133,0.8792513608932495,0.9138715267181396,-0.034620217978954315,0.034620217978954315,,,,,0.3333911011616389,0.1528651206158825,0.00021823646627092645,-21.224639256795246,0.9990544877831188,-0.04719954290167219,-89.19552281697591,2.4547152211585326,-0.06135276140970343,-0.06279410595695177,0.19387364902382728,-0.010665862510877939,-89.132728322347,2.4680776349010976,-0.050686928958064544,0.012962409853935241,0.0003851230724208302,1.4344991513168151e-05,0.012962409853935241,0.0003851230724208302,1.4344991513168151e-05,0.0,0.0,0.0,21.323004913330077,1.00878237678621,0.04597925476821003,0.9050682942072551,0.04678129738382709,-0.0027880363390098474,0.9655185500780742,0.04460943593986805,-0.002452384298449782,-0.06045026853680611,0.020924759748582676,-0.0003356519808891215,0.06045026853680611,0.020924759748582676,0.0003356519808891215
69.06839100973947,1.0,1500.0,0.0,70.0,2002.0,0.5213740905168808,1043.0,959.0,10.015792333091685,2.1539023851166217,11275.69028161397,145.8,0.032043956043956046,33.95522388059702,4.377611940298508,11.299144197934206,134.0,34.040625,8.112499999999997,11.24818651329423,64.0,33.95522388059702,4.377611940298508,11.299144197934206,134.0,0.4302131993072357,-0.007396357500022002,-0.0036943758444252166,-0.000855882016679054,-0.002927842840952037,-0.02546278806195709,-0.023410165355377634,13.637823937208081,70.0,402000.0,267.0,3603.389739513397,111.56162087931298,0.24799710512161255,-21.87445068359375,-87.78324127197266,0.34162044525146484,-88.12486267089844,0.013047813437879086,0.013047813437879086,0.0,21.938983917236328,1.0111209154129028,1.0587260723114014,-0.04760526493191719,0.04760526493191719,,,,,0.36415601819753646,0.23785917665610268,-0.010658776153446703,-21.279289372762044,0.7920322494838427,-0.008841431207200132,-89.16120681762695,2.8106803271609224,0.005281426723597718,0.02142205076913039,0.28936934982257806,0.0031740011914619753,-89.18262888590495,2.7246109618644163,0.0021074271705996297,0.012657471435765425,0.0003063488693382274,3.2087146108752165e-05,0.012657471435765425,0.0003063488693382274,3.2087146108752165e-05,0.0,0.0,0.0,21.354017321268717,0.8129240118145357,0.011762362725212189,0.9269951164722443,0.0755381275149453,0.0008452404460333981,0.9849664052327474,0.06629188390974694,0.0007319062649872088,-0.057971293479204176,0.023168259129955873,0.00011333236771245295,0.057971293479204176,0.023168259129955873,-0.00011333236771245295
67.8178448147244,1.0,1500.0,0.0,63.0,2079.0,0.45239942031867053,940.0,1139.0,10.023737568546911,1.7682971408025512,11571.854790662303,122.4,0.025965210012728043,33.9136690647482,4.0503597122302155,11.283776149413562,139.0,33.7,6.410526315789473,11.24107461060614,76.0,33.9136690647482,4.0503597122302155,11.283776149413562,139.0,0.4244233061000451,-0.007543382767347858,-0.003506913827473317,-0.001125227187595546,-0.002602384655261803,-0.03143597719025424,-0.02379172294333569,13.558183315478738,63.0,403500.0,268.0,3616.6639800071716,111.56690315454738,3.4916014671325684,-21.51739501953125,-90.92249298095703,0.6061341762542725,-91.52862548828125,0.013307246379554272,0.013307246379554272,0.0,21.668977737426758,1.0467984676361084,1.1203258037567139,-0.0735272765159607,0.0735272765159607,,,,,1.9634295920530955,8.05857121085642,0.17202466480989215,-21.333680152893066,1.0529851609697947,0.043977776464817105,-89.64862721761068,1.9832365545242319,0.022481366285892108,0.02261142134666443,0.3131324006840244,7.850545996155475e-05,-89.67123870849609,2.004647188046603,0.022402835290081694,0.01335028074681759,0.00018358589200990477,1.3033321771658614e-05,0.01335028074681759,0.00018358589200990477,1.3033321771658614e-05,0.0,0.0,0.0,21.41377092997233,1.0553250320660095,-0.040581245973988815,0.9259764711062114,0.07204337251182717,0.0003015200208636031,0.9852030118306477,0.07251976981767165,1.5470368976162808e-05,-0.05922654295961062,0.017076004640557037,0.00028605005798138384,0.05922654295961062,0.017076004640557037,-0.00028605005798138384
72.88788298840792,1.0,1500.0,0.0,106.0,1973.0,0.8050386485392899,1588.0,385.0,10.114616259333282,1.7537523660063494,9344.133920142867,12.600000000000001,0.002841806125670982,33.58939393939394,0.8121212121212121,11.49051660973505,132.0,33.292307692307695,3.592307692307693,11.447661465435306,26.0,33.58939393939394,0.8121212121212121,11.49051660973505,132.0,0.43170316025267946,-0.0061577783427239855,-0.0032124087217925896,-0.00027946840623202887,-0.0044476416864756806,-0.0034530213937195003,-0.022800365948632564,13.867499722171008,106.0,405000.0,269.0,3631.0344519615173,111.53846248448988,4.946638584136963,-21.87847137451172,-90.71463012695312,0.2988748550415039,-91.01350402832031,0.013872996903955936,0.013872996903955936,0.0,21.94666290283203,0.9836233258247375,1.0498676300048828,-0.06624431908130646,0.06624431908130646,,,,,0.5219523107012113,0.8414630568951438,0.029670240175604688,-21.28744773864746,1.0673541581638417,-0.012352055092409208,-91.08440704345703,2.5745317318831296,-0.006384545518239021,0.037905289729436235,0.28149843643492334,-0.0034903780007123713,-91.12231216430663,2.5474268678233902,-0.0028941509853582445,0.013716674068321784,0.00018262369765688967,1.5867219096229707e-05,0.013716674068321784,0.00018262369765688967,1.5867219096229707e-05,0.0,0.0,0.0,21.3927401860555,1.0542895969309485,0.010729297727047558,0.9202394624551137,0.06980852093376229,-0.0007389607631059804,0.9888132174809774,0.06561578259325816,-0.0008119059086376657,-0.06857376682261626,0.021495255204134887,7.29451148674426e-05,0.06857376682261626,0.021495255204134887,-7.29451148674426e-05
70.86743595725612,1.0,1500.0,0.0,114.0,2096.0,0.8116305929156754,1701.0,395.0,10.058495741892475,1.8426076596138836,10291.25457960046,15.200000000000001,0.003190730089424409,33.78581560283686,1.0539007092198582,11.39128828006341,141.0,32.67407407407407,3.2814814814814817,11.638209746404618,27.0,33.78581560283686,1.0539007092198582,11.39128828006341,141.0,0.4248169458997687,-0.006411062991624586,-0.0036546592349462866,-0.00024859526353985026,-0.0034807041688170535,-0.013762257010149737,-0.02265696069875676,13.563080478750944,114.0,406500.0,270.0,3645.824387073517,111.4974164529892,0.18536755442619324,-20.94634437561035,-91.25321960449219,0.009433403611183167,-91.26264953613281,0.013112504966557026,0.013112504966557026,0.0,20.967180252075195,0.9167295694351196,0.9821765422821045,-0.0654468983411789,0.0654468983411789,,,,,0.8426869576176007,1.270609428139086,-0.047508028089933915,-21.267432022094727,0.829315020156687,-0.01670671575459231,-90.63293838500977,1.732264762338047,-0.0659658956050309,0.0013357105354468027,0.2647748806277391,-0.0014332971381266005,-90.63427403767903,1.828874204044634,-0.06453260479036885,0.013526056241244078,0.00034502348764443364,-3.8797833290660074e-05,0.013526056241244078,0.00034502348764443364,-3.8797833290660074e-05,0.0,0.0,0.0,21.32795976003011,0.8224815630414121,0.014665495010052815,0.9187205533186594,0.05667458797483759,-0.0007930128009486668,0.9802857279777527,0.06160604360576971,-0.0003468055215905845,-0.06156518906354904,0.015130171449102302,-0.0004462075429047559,0.06156518906354904,0.015130171449102302,0.0004462075429047559
69.02808678668478,1.0,1500.0,0.0,46.0,1831.0,0.3698097052572509,677.0,1154.0,10.144507654999384,1.714025252522335,10432.602409195912,110.2,0.026738486921919737,33.50731707317074,4.492682926829266,11.504245164865196,123.0,33.07792207792208,6.641558441558442,11.534783211219477,77.0,33.50731707317074,4.492682926829266,11.504245164865196,123.0,0.42495953107563406,-0.007797209475151132,-0.00391045183550946,-0.0009494428243330664,-0.003226264923251855,-0.023422399090392294,-0.024196793961893535,13.740886644622494,46.0,408000.0,271.0,3658.2362518310547,111.52915555844268,0.17081356048583984,-20.92766571044922,-89.11795043945312,-0.31968551874160767,-88.79826354980469,0.01261877454817295,0.01261877454817295,0.0,21.055490493774414,0.8649096488952637,0.9068849682807922,-0.041975341737270355,0.041975341737270355,,,,,0.6351477319995562,1.4982837928947095,0.03072977679656265,-21.26956081390381,0.8089671518359326,0.004621754392766548,-90.46557871500652,2.1999499692568327,-0.030115170420472598,-0.03232084661722183,0.3077658272965993,-0.006814480321823692,-90.43325729370117,2.2284734047873056,-0.02330066142012977,0.01284961582471927,9.783838548529047e-05,-8.169424464228163e-06,0.01284961582471927,9.783838548529047e-05,-8.169424464228163e-06,0.0,0.0,0.0,21.357657368977865,0.7888126575872844,-0.004207937815563609,0.9155723730723063,0.06993653385295974,-0.0016637333242991554,0.9725874781608581,0.07064723613596152,-0.0015640385821876302,-0.05701510173579057,0.018597864485235274,-9.969458050271503e-05,0.05701510173579057,0.018597864485235274,9.969458050271503e-05
71.07030473152797,1.0,1500.0,0.0,96.0,1841.0,0.7795767241051352,1435.0,406.0,10.091900235523264,2.0786386838688893,9544.252377416216,25.6,0.006129974618073847,33.679032258064524,1.474193548387097,11.454560957043661,124.0,33.128571428571426,4.628571428571429,11.443235695881144,28.0,33.679032258064524,1.474193548387097,11.454560957043661,124.0,0.42858857388639165,-0.00679169369460532,-0.0032722992019901284,-0.00020014437201022406,-0.0015854495538778351,-0.014605353466026141,-0.02355222527250604,13.612689234258118,96.0,409500.0,272.0,3672.2891252040863,111.51082772581044,0.13363799452781677,-22.51595687866211,-92.79132080078125,-0.2576379179954529,-92.53368377685547,0.011976624839007854,0.011976624839007854,0.0,22.666044235229492,0.8514725565910339,0.9217729568481445,-0.07030034065246582,0.07030034065246582,,,,,2.1389923532803854,6.5223301883670075,0.008444261610574242,-21.188090324401855,0.850417169897697,0.017032253702437793,-91.29924672444662,2.578818095299683,-0.08513576011105815,-0.03988518168528875,0.21778029728749937,0.0011933165974293502,-91.25936177571614,2.6217054481180906,-0.08632914338414065,0.012290444597601891,0.00015426497429447302,-8.85798242585458e-06,0.012290444597601891,0.00015426497429447302,-8.85798242585458e-06,0.0,0.0,0.0,21.28375377655029,0.8359096408042661,-0.013129909205622431,0.9098468840122222,0.04912123735487744,-0.00034641194529211165,0.9709120213985443,0.04950374310012759,0.00027859355504305947,-0.06106515644739072,0.02164575582760421,-0.0006250042924129123,0.06106515644739072,0.02164575582760421,0.0006250042924129123
68.27862335653866,1.0,1500.0,0.0,34.0,1957.0,0.25559193813560593,500.0,1457.0,10.080434564658683,2.253352972529797,12121.427828560629,161.20000000000002,0.03621658054369804,33.719696969696976,5.393939393939395,11.370575882413988,132.0,33.524489795918356,7.012244897959184,11.411221594662546,98.0,33.719696969696976,5.393939393939395,11.370575882413988,132.0,0.4237900047580519,-0.008433326921019554,-0.005046483954758898,-0.0006965888613682414,-0.005932040698790587,-0.019043962372816237,-0.02450969664382941,13.104908990201826,34.0,411000.0,273.0,3684.6464791297913,111.54394385674321,0.226581409573555,-21.10708236694336,-93.6912612915039,-0.10415205359458923,-93.58711242675781,0.012520981021225452,0.012520981021225452,0.0,21.199214935302734,0.8800687789916992,0.95622318983078,-0.07615438103675842,0.07615438103675842,,,,,0.2981828565398852,0.17813598821833335,-0.0023218007619442075,-21.35841032663981,0.8216858308325868,-0.001285555100148668,-92.56906611124674,2.0537518334905402,0.05048749879151742,-0.04713456307848295,0.21343150341990072,0.0016941926884439069,-92.52193145751953,2.1172132788249813,0.04879326910543237,0.011928388476371765,0.00021702337409775215,1.918497900411195e-05,0.011928388476371765,0.00021702337409775215,1.918497900411195e-05,0.0,0.0,0.0,21.416201972961424,0.795370557534349,0.0006524087059345951,0.9006706754366557,0.04538745164316932,0.0008872923782059967,0.9693812270959218,0.048156142156078746,0.0003856684527752317,-0.06871055501202743,0.017779070196576895,0.0005016240621766773,0.06871055501202743,0.017779070196576895,-0.0005016240621766773
70.53805768489838,1.0,1500.0,0.0,96.0,1866.0,0.7684825744315014,1433.0,433.0,10.47553649196434,1.864114878598889,9338.143472840271,19.8,0.004884065120868278,32.43200000000001,1.5392000000000003,11.847137609989401,125.0,31.717241379310344,3.606896551724138,11.988149067233048,29.0,32.43200000000001,1.5392000000000003,11.847137609989401,125.0,0.44769609447151726,-0.007377777863950011,-0.0033211320378046037,-0.00035426039417277923,-0.0019414703783012218,-0.02506780870806587,-0.025181801880214336,14.432116460802275,96.0,412500.0,274.0,3698.5193767547607,111.53111772039577,0.19680368900299072,-22.925369262695312,-88.13501739501953,0.07869902998209,-88.21371459960938,0.012019189074635506,0.012019189074635506,0.0,23.00164794921875,0.9689161777496338,0.9977998733520508,-0.02888375148177147,0.02888375148177147,,,,,0.3849789286653201,0.2662227865086884,0.0001188967298214793,-21.51441027323405,0.7975468395396332,-0.03579896665918923,-91.80736770629883,2.06794270062793,0.09470517134109714,-0.024338019639253618,0.3038532845612869,0.013278145521249344,-91.78302892049153,1.9717490258205466,0.0814270274127307,0.01219037864357233,0.00019832606720315783,-2.1653439646568402e-05,0.01219037864357233,0.00019832606720315783,-2.1653439646568402e-05,0.0,0.0,0.0,21.607554372151693,0.791596794103966,0.03494022356654916,0.9146548410256704,0.07505600913711054,0.003787854874094268,0.9743926207224528,0.06896878692743177,0.0030203339520497824,-0.05973779372870922,0.016621351937605267,0.0007675217068831844,0.05973779372870922,0.016621351937605267,-0.0007675217068831844
68.74502645220075,1.0,1500.0,0.0,14.0,1993.0,0.10419345089826404,207.0,1786.0,9.968095506308224,2.430388431459241,12887.192619132651,259.0,0.05669629175605271,34.09104477611941,7.614925373134327,11.24424525261849,134.0,34.05666666666666,8.385,11.21814610016403,120.0,34.09104477611941,7.614925373134327,11.24424525261849,134.0,0.42313013076063277,-0.009253616223451479,-0.005214303885747895,-0.0009817495047634557,-0.00409874243129948,-0.02645551932929666,-0.02525639427240277,14.78327747133717,14.0,414000.0,275.0,3710.127922296524,111.5864489501858,0.19390219449996948,-19.573883056640625,-93.4804458618164,-0.4441065490245819,-93.03633880615234,0.012303617782890797,0.012303617782890797,0.0,19.706037521362305,0.8131324648857117,0.8790172338485718,-0.06588469445705414,0.06588469445705414,,,,,1.2274008770783742,4.163215458376085,-0.008895071747570876,-21.27232812245687,1.1710034192869163,-0.021365260123145408,-92.3869130452474,2.8712459964557264,0.006345928391573075,-0.04152403722206752,0.30247135510004336,0.005463893063474158,-92.34538930257162,2.802047499453087,0.000881974980883035,0.01198175847530365,0.0002070939710052364,2.1431192722548497e-05,0.01198175847530365,0.0002070939710052364,2.1431192722548497e-05,0.0,0.0,0.0,21.36434580485026,1.1344193913889669,0.021281895621599205,0.9090684870878856,0.07613428057479828,0.001330082554440578,0.9706279734770457,0.06842019950414742,0.0012286260873244587,-0.06155948589245478,0.023133396270117006,0.00010145694945625052,0.06155948589245478,0.023133396270117006,-0.00010145694945625052
69.9924369580818,1.0,1500.0,0.0,33.0,1833.0,0.26809019094666925,491.0,1342.0,10.347393902844358,1.6648173021875474,10670.447448012168,161.4,0.03993665561439105,32.856910569105686,5.5739837398373995,11.73876856667083,123.0,32.99333333333333,7.257777777777778,11.636727452932469,90.0,32.856910569105686,5.5739837398373995,11.73876856667083,123.0,0.45227529366600255,-0.00918105404497511,-0.004226746794572837,-0.0008709522116584174,-0.0018231349538977337,-0.027158424140821393,-0.02744316333824583,14.814840036082348,33.0,415500.0,276.0,3722.2541971206665,111.62590677482699,0.2174948751926422,-20.656631469726562,-94.77177429199219,-0.034773580729961395,-94.73699951171875,0.012618009932339191,0.012618009932339191,0.0,20.674911499023438,0.895044207572937,0.9720475077629089,-0.07700332999229431,0.07700332999229431,,,,,0.3498498847087224,0.19305070801063298,-0.001492933065395349,-21.351943969726562,0.8254835476703014,0.018868699460989912,-93.05126444498698,2.019356818791697,-0.11694975822202466,-0.032906370051205155,0.2035616487106822,-0.006136215758718161,-93.01835784912109,2.02132851209721,-0.11081355925528937,0.012524749307582775,0.0001082681006035101,1.4001435213763664e-07,0.012524749307582775,0.0001082681006035101,1.4001435213763664e-07,0.0,0.0,0.0,21.42846597035726,0.8411977387157153,-0.01945021590083314,0.9082238177458445,0.04807291076350815,-0.002219202773059187,0.9724929054578145,0.04647472053320843,-0.0014034649156224818,-0.06426907877127329,0.016229660876256893,-0.0008157366358398459,0.06426907877127329,0.016229660876256893,0.0008157366358398459
71.0810879794034,1.0,1500.0,0.0,22.0,1958.0,0.1676525491734222,328.0,1630.0,10.339440239322368,1.993637622603067,11706.584779306588,189.0,0.043908558684137164,32.85801526717555,5.835114503816793,11.735647026631687,131.0,32.70642201834862,6.9174311926605485,11.758591812296906,109.0,32.85801526717555,5.835114503816793,11.735647026631687,131.0,0.4334044690354372,-0.008466354605822672,-0.004260277238699733,-0.0005593773279327337,-0.004931921331316176,-0.012586989409984865,-0.025874960191564142,14.486779181608892,22.0,417000.0,277.0,3734.0314390659332,111.67554606993679,0.501959502696991,-22.44434356689453,-95.50261688232422,-0.18056689202785492,-95.32205200195312,0.012580311857163906,0.012580311857163906,0.0,22.522327423095703,0.8598200082778931,0.9387320280075073,-0.07891196012496948,0.07891196012496948,,,,,0.5273873612284661,1.058414739559684,0.00794997989998775,-21.5228977839152,0.8991496856032839,-0.009201934525910511,-94.08000946044922,2.6289912089535195,-0.16742832069269448,0.011965031052629154,0.2538070771579266,-0.00030823216438956725,-94.09197489420573,2.6163273281123427,-0.16712010673208744,0.012637792279322942,0.00013841408258060585,-2.4077110614080637e-06,0.012637792279322942,0.00013841408258060585,-2.4077110614080637e-06,0.0,0.0,0.0,21.59663060506185,0.884105609342482,0.009886941708234273,0.9124864339828491,0.061738466225197436,-0.0013440499714139852,0.9827140549818675,0.05804213832351151,-7.068958377947493e-05,-0.07022762211660544,0.02097395438392063,-0.001273360736543794,0.07022762211660544,0.02097395438392063,0.001273360736543794
69.04300032721625,1.0,1500.0,0.0,108.0,1972.0,0.8185349842431061,1614.0,358.0,9.992966021135693,1.7363660695137835,9943.070512642062,17.6,0.003921044423651027,34.00454545454546,1.9575757575757582,11.348848814874831,132.0,33.65,6.725000000000001,11.283308330209465,24.0,34.00454545454546,1.9575757575757582,11.348848814874831,132.0,0.4233481687556368,-0.006841247942525103,-0.00294100049091731,-0.00018162388572163306,-0.003963800904977408,-0.02340874811463067,-0.023418036634114573,13.394937303217823,108.0,418500.0,278.0,3748.56636428833,111.6426813159683,24.337738037109375,-22.235633850097656,-94.71428680419922,-0.1926805078983307,-94.5216064453125,0.012575747445225716,0.012575747445225716,0.0,22.409164428710938,0.8664107918739319,0.9359681606292725,-0.06955742835998535,0.06955742835998535,,,,,1.200467014312744,4.309600575185002,0.15414831780220437,-21.61239522298177,1.0112643775550259,-0.018809173210576468,-93.35166091918946,1.7177540722600728,0.004125940919056835,0.013532328605651855,0.22351715221861232,-0.004994175638651289,-93.36519368489583,1.6663338470646125,0.009120112027689163,0.012709216400980949,0.00019638731663353096,-4.847538351880459e-06,0.012709216400980949,0.00019638731663353096,-4.847538351880459e-06,0.0,0.0,0.0,21.69088497161865,1.0159242385738407,0.02198158196267828,0.921601821978887,0.054982008674588155,-0.0009781765725641923,0.9830841441949209,0.051187840791302244,-0.0011452680832817388,-0.06148231228192647,0.013656841134868945,0.00016709034547657484,0.06148231228192647,0.013656841134868945,-0.00016709034547657484
70.21947428944347,1.0,1500.0,0.0,91.0,1916.0,0.7053022013813885,1351.0,565.0,10.101752257309732,1.7496011775030946,9746.499165242638,46.6,0.010738811817301932,33.638759689922466,2.4031007751937987,11.437812472552967,129.0,33.46842105263158,6.189473684210527,11.428888206646802,38.0,33.638759689922466,2.4031007751937987,11.437812472552967,129.0,0.4329148150598332,-0.007221032649499143,-0.003289530823996661,-0.0005389325345165085,-0.0021334112661649846,-0.02186015927522482,-0.023462847322316623,13.905906700226394,91.0,420000.0,279.0,3762.5804963111877,111.62551881926927,0.31363096833229065,-20.40234375,-92.79322814941406,0.28296178579330444,-93.07618713378906,0.012563173659145832,0.012563173659145832,0.0,20.42803382873535,0.989618718624115,1.044645071029663,-0.05502630025148392,0.05502630025148392,,,,,0.49122486213843025,0.6741081183049096,-0.0016925880389165942,-21.54192396799723,0.8222719501752237,0.02297052122461936,-93.88502858479818,2.398194425037393,-0.15394845183884606,-0.0013974066823720932,0.22055251568518638,0.006420510719728156,-93.88363189697266,2.359101278509174,-0.16036889539809482,0.012572960245112579,8.507649341087933e-05,-1.7240166962482174e-06,0.012572960245112579,8.507649341087933e-05,-1.7240166962482174e-06,0.0,0.0,0.0,21.620404052734376,0.8376410130241889,-0.022936749484834255,0.9167777756849925,0.056234423878857284,0.00025353833486027594,0.9796942273775736,0.05036900968403355,0.0014639429574017815,-0.06291645628710588,0.018702573885755823,-0.0012104065626760206,0.06291645628710588,0.018702573885755823,0.0012104065626760206
67.05929393683914,1.0,1500.0,0.0,113.0,1952.0,0.8660128729517158,1690.0,262.0,9.850747885922097,1.6519856622134323,9434.798875414743,17.2,0.003807499889316864,34.48396946564886,1.9893129770992377,11.145580955585217,131.0,33.92222222222223,5.522222222222222,11.187233032403075,18.0,34.48396946564886,1.9893129770992377,11.145580955585217,131.0,0.41821979691028494,-0.006414194278542403,-0.0027930503446498074,-0.000374178892038224,-0.003053827273246218,-0.03680575375306796,-0.02178639435015577,13.263188955001384,113.0,421500.0,280.0,3777.325801372528,111.58687975679616,0.3431474566459656,-20.369998931884766,-97.4954833984375,0.30519339442253113,-97.80067443847656,0.012672489508986473,0.012672489508986473,0.0,20.558212280273438,0.9594055414199829,1.04986572265625,-0.09046018123626709,0.09046018123626709,,,,,0.7263818621635437,1.7410905007796416,-0.04939121723307656,-21.4597593943278,0.955404127629089,0.011576620914514727,-94.40582478841146,2.5381273103092314,-0.11877470599928554,0.012284375230471293,0.21730668474295922,0.0031158669274694017,-94.41810913085938,2.521369864702953,-0.12189061522351069,0.01254635841275255,0.00012245463497983594,1.2571003507652653e-05,0.01254635841275255,0.00012245463497983594,1.2571003507652653e-05,0.0,0.0,0.0,21.531037203470866,0.936416928200353,-0.00999177968807076,0.9183480362097423,0.05431666741932166,-0.0001806929989306872,0.9828085919221242,0.0496790068376806,0.000713269981049036,-0.06446055062115193,0.0200836872505504,-0.0008939633852448942,0.06446055062115193,0.0200836872505504,0.0008939633852448942
56.20762923668171,1.0,1500.0,0.0,29.0,2032.0,0.20831905520585797,423.0,1609.0,9.809669546822928,2.1291559511964384,12707.507906686522,223.4,0.047093047767612466,34.62627737226277,7.401459854014602,11.109863278865081,137.0,34.56851851851851,8.433333333333335,11.078014514908192,108.0,34.62627737226277,7.401459854014602,11.109863278865081,137.0,0.4162201451171582,-0.009731325609704935,-0.0043287436323895855,-0.0006998860422617159,-0.006578073089701031,-0.09142857142857225,-0.0251889142617317,12.884704623829082,29.0,423000.0,281.0,3789.5683674812317,111.62221102271616,0.48635685443878174,-22.32162857055664,-92.51347351074219,-0.06445657461881638,-92.44902038574219,0.013120479881763458,0.013120479881763458,0.0,22.429458618164062,0.9206129908561707,0.965126633644104,-0.04451362416148186,0.04451362416148186,,,,,0.3083682735761007,0.1500538816134069,0.000985232986783285,-21.05712146759033,0.9138545655824605,-0.00587004214956128,-94.22472203572592,2.527710191054295,0.05361817119119052,-0.012840087587634722,0.28929649848337446,-0.001376561655583189,-94.21188201904297,2.494890610802318,0.05499475667951639,0.012787396926432848,0.000137303705140078,1.238656434353757e-05,0.012787396926432848,0.000137303705140078,1.238656434353757e-05,0.0,0.0,0.0,21.145237032572428,0.924635470340538,0.007234352714359732,0.9170114735762278,0.07041247949837352,0.00021457864392186162,0.9770469804604848,0.06632863755178268,-0.00032056503752052746,-0.06003551830848058,0.02029463351773046,0.0005351431626366571,0.06003551830848058,0.02029463351773046,-0.0005351431626366571
70.20118618011475,1.0,1500.0,0.0,42.0,1841.0,0.3381027051447322,622.0,1219.0,10.063111401360285,1.2781673139315934,10141.648177980336,128.6,0.030712648070309514,33.76774193548387,4.922580645161287,11.398044222060769,124.0,33.34878048780487,7.114634146341459,11.452345232198407,82.0,33.76774193548387,4.922580645161287,11.398044222060769,124.0,0.4189124161506187,-0.007152746823765697,-0.0038847475355291094,-0.0006876065352406069,-0.002152521525215247,-0.016605166051660476,-0.022779689845375446,13.577681078803643,42.0,424500.0,282.0,3801.97199511528,111.652584644335,0.2350955605506897,-22.124906539916992,-96.3441390991211,0.15378542244434357,-96.4979248046875,0.012186536565423012,0.012186536565423012,0.0,22.21864891052246,0.9405709505081177,1.0148921012878418,-0.0743211880326271,0.0743211880326271,,,,,2.7883149310946465,9.109793652954831,-0.027617000369924934,-21.181097666422527,0.9108395591158536,0.01611492424308293,-94.7271484375,2.129131045122927,-0.02461224005404983,-0.08173191423217456,0.27915078153718087,0.0024282661557728014,-94.64541727701823,2.1258634018487546,-0.027040515937844626,0.012575017319371303,0.00036976283358720825,-4.111362581821917e-05,0.012575017319371303,0.00036976283358720825,-4.111362581821917e-05,0.0,0.0,0.0,21.281916364034018,0.8969005717292471,-0.01638110906581895,0.900502371788025,0.06503027181257273,0.0004207704170659713,0.9612854222456614,0.06364186795678994,0.0005465856913862432,-0.06078305579721928,0.017021498918875715,-0.00012581432207142427,0.06078305579721928,0.017021498918875715,0.00012581432207142427
67.17449018690321,1.0,1500.0,0.0,9.0,1873.0,0.06639591904420643,124.0,1749.0,10.132421599216245,1.8444615779887623,11747.852691095697,259.40000000000003,0.06137320777930251,33.54444444444445,7.809523809523813,11.420986598408659,126.0,33.54529914529916,8.288888888888893,11.399259247007079,117.0,33.54444444444445,7.809523809523813,11.420986598408659,126.0,0.4349274689380775,-0.00961863484895379,-0.0039379252861938795,-0.0024171465935515575,-0.007264640474425486,-0.04210526315789468,-0.027671202364103635,15.925580634965009,9.0,426000.0,283.0,3813.270923137665,111.71511507749767,0.3484981060028076,-20.36699104309082,-91.87106323242188,0.7114894390106201,-92.58255004882812,0.012387462891638279,0.012387462891638279,0.0,20.490665435791016,1.101799488067627,1.1420215368270874,-0.040222108364105225,0.040222108364105225,,,,,1.278352785607179,3.6137312900693765,-0.10819114232819134,-20.94300905863444,1.0001062203639581,0.030930269812053043,-95.7176747639974,2.865119512331437,0.008306076847542462,-0.023112424338857334,0.24555530925623104,0.006821700129181449,-95.69456253051757,2.818031590039903,0.001484330530562519,0.012276541162282228,0.00016175903854671227,1.0794692686256182e-05,0.012276541162282228,0.00016175903854671227,1.0794692686256182e-05,0.0,0.0,0.0,21.033269945780436,0.9918122435041717,-0.030167572649488543,0.9083122074604034,0.06347161117218253,0.0016542613837822286,0.9747546931107839,0.055847652645457324,0.0015497872375937775,-0.06644247981409232,0.022590678340599538,0.00010447251601134543,0.06644247981409232,0.022590678340599538,-0.00010447251601134543
65.52904616461859,1.0,1500.0,0.0,36.0,2022.0,0.2671401442740119,540.0,1482.0,10.085466710271731,1.9845956912652958,12000.441091150169,171.60000000000002,0.03770599868160844,33.711111111111116,6.035555555555554,11.347540965121018,135.0,33.747474747474755,7.587878787878787,11.286730384129875,99.0,33.711111111111116,6.035555555555554,11.347540965121018,135.0,0.43482348889759703,-0.008522101093270595,-0.0036577078418412543,-0.0011018772925403704,-0.0033580705009276413,-0.04719851576994461,-0.024748821577564122,13.689763857416539,36.0,427500.0,284.0,3825.6631093025208,111.74533349799849,0.289390504360199,-22.425350189208984,-95.1487808227539,0.1866832971572876,-95.33546447753906,0.012139142490923405,0.012139142490923405,0.0,22.418785095214844,0.9628202319145203,1.02232027053833,-0.059500016272068024,0.059500016272068024,,,,,0.7639211570223172,1.5786570941740674,-0.03848932906239399,-21.463852055867513,0.8421099995775928,0.003542753056239251,-95.75292485555013,1.5679896266413813,0.021575460974979897,-0.10215423045059045,0.23795472556458996,0.0001099299825935121,-95.65077107747396,1.587451220668677,0.02146550773646348,0.01232263275111715,0.00010655353926411281,-7.60224487247186e-06,0.01232263275111715,0.00010655353926411281,-7.60224487247186e-06,0.0,0.0,0.0,21.539112345377603,0.8128454497823008,-0.0027535698437721697,0.8934131681919097,0.053695709323207476,0.0002882252678324728,0.9567491312821707,0.05416632005979374,2.5679073291283896e-05,-0.06333596520125866,0.01278608456839065,0.0002625458224265288,0.06333596520125866,0.01278608456839065,-0.0002625458224265288
68.51140551871441,1.0,1500.0,0.0,94.0,1891.0,0.7451136771615631,1409.0,482.0,9.916988080872434,1.6387721870908,9710.563688770113,56.6,0.013004917053444235,34.269291338582676,2.8472440944881896,11.285250345327293,127.0,34.15151515151515,7.848484848484849,11.183242423744193,33.0,34.269291338582676,2.8472440944881896,11.285250345327293,127.0,0.42241859469094933,-0.006949079190466847,-0.0033177465899282385,-0.0005460613621411451,-0.002686422488402706,-0.02841514920722867,-0.02288565887811947,13.563707140380805,94.0,429000.0,285.0,3839.7408249378204,111.72629079905337,0.3106018304824829,-18.21854019165039,-94.62641143798828,-0.08519458770751953,-94.54121398925781,0.01263965293765068,0.01263965293765068,0.0,18.261531829833984,0.9100252389907837,0.9605098962783813,-0.050484657287597656,0.050484657287597656,,,,,1.5083838445444901,6.452422547481352,-0.16480832545623375,-21.40713030497233,0.9144333058523091,0.023435178932809983,-94.94740676879883,1.9419151302819195,-0.06251090859146659,0.0884927298873663,0.26840619799650667,0.005867138567139226,-95.0358990987142,1.9281083778238026,-0.0683780029432646,0.012058122952779134,0.0002408841659399754,1.6068297545026523e-05,0.012058122952779134,0.0002408841659399754,1.6068297545026523e-05,0.0,0.0,0.0,21.482090504964194,0.9214698883105185,-0.026851737220772942,0.9443014164765676,0.06234661905014903,0.0008786373196772513,1.000013490517934,0.060621922880819926,0.0013322965719543103,-0.05571206373473008,0.015112957695512979,-0.0004536577165789802,0.05571206373473008,0.015112957695512979,0.0004536577165789802
71.14798780282338,1.0,1500.0,0.0,96.0,2078.0,0.6926527433953629,1439.0,639.0,10.221610049895869,1.6936525434101306,10510.956604941495,43.2,0.009349030470914127,33.24316546762591,1.5553956834532379,11.50220669747954,139.0,32.72093023255814,3.948837209302326,11.562020564049524,43.0,33.24316546762591,1.5553956834532379,11.50220669747954,139.0,0.4346399872287189,-0.007282503672122554,-0.003076785607926285,-0.00023135906920411173,-0.0036555702272569658,-0.012898742094655673,-0.024586746937476853,13.75562172068708,96.0,430500.0,286.0,3853.986315011978,111.7025242988342,0.16041727364063263,-22.009368896484375,-95.18305969238281,0.11738508939743042,-95.30044555664062,0.011981457471847534,0.011981457471847534,0.0,21.965076446533203,0.9527065753936768,1.0065312385559082,-0.05382470041513443,0.05382470041513443,,,,,0.4712673688928286,0.7153732649951805,-0.019033520939750602,-21.146455574035645,0.8191396391766154,-0.014631222989057648,-96.34536412556966,2.7332705135241344,0.0043937284238367205,-0.05531652693947156,0.2571140667490267,0.005580332959785613,-96.29004745483398,2.7324279377665253,-0.0011866127158399273,0.012314414791762828,0.00019137454070844762,-1.4735868115711875e-05,0.012314414791762828,0.00019137454070844762,-1.4735868115711875e-05,0.0,0.0,0.0,21.235060183207192,0.8306932726748164,0.01541339717266648,0.9044119517008463,0.061630112514865054,0.0013473200188064745,0.9673750440279643,0.058483907160860084,0.0012668517593281633,-0.06296309232711791,0.021671128972272632,8.046902111162863e-05,0.06296309232711791,0.021671128972272632,-8.046902111162863e-05
67.01096971829732,1.0,1500.0,0.0,48.0,1867.0,0.377960001201592,705.0,1162.0,10.163908425490568,1.9896775880536417,11036.450450245033,98.80000000000001,0.023457903984044827,33.42698412698413,4.163492063492066,11.548785716899175,126.0,33.05897435897436,5.92820512820513,11.62079448751896,78.0,33.42698412698413,4.163492063492066,11.548785716899175,126.0,0.4268719460040968,-0.008214571583895283,-0.003673803193094441,-0.0015215792949797593,-0.00500958116616483,-0.03394470298384908,-0.024719050235093316,13.770222132165445,48.0,432000.0,287.0,3866.6086513996124,111.72581425938391,0.33801180124282837,-20.484899520874023,-97.53811645507812,0.08960345387458801,-97.62772369384766,0.01167748961597681,0.01167748961597681,0.0,20.465869903564453,0.9306424856185913,1.000135064125061,-0.06949253380298615,0.06949253380298615,,,,,0.3479098707437515,0.22130389633661454,0.004565218551803347,-21.071913146972655,0.8420618172919337,-0.022541386452611844,-95.94549204508463,1.8934341663750105,-0.035880429752676586,-0.021087243718405566,0.20465110007586526,-0.007191046090740651,-95.92440465291341,1.8516137771980177,-0.028689363031948183,0.01198807501544555,0.0001409707929225767,-1.2082731282883756e-05,0.01198807501544555,0.0001409707929225767,-1.2082731282883756e-05,0.0,0.0,0.0,21.145197995503743,0.8485327639638764,0.01934498032685484,0.9178892135620117,0.05036593736641961,-0.0017600213858124038,0.9752558370431265,0.046276439033866,-0.0016235090999370178,-0.05736661925911903,0.014540782550168538,-0.00013651211017761295,0.05736661925911903,0.014540782550168538,0.00013651211017761295
69.61155399523284,1.0,1500.0,0.0,19.0,2000.0,0.13664250122593022,273.0,1727.0,10.372108784937957,2.304642698320194,12747.814202357587,212.20000000000002,0.047954802259887006,32.77777777777777,6.570370370370367,11.709763248802668,135.0,32.69827586206897,7.5137931034482754,11.712560647708258,116.0,32.77777777777777,6.570370370370367,11.709763248802668,135.0,0.4393370405848989,-0.00948982527665332,-0.0046347151235153206,-0.0016820081436017824,-0.004927330733782335,-0.02183622828784116,-0.027089298740215415,14.724154950470957,19.0,433500.0,288.0,3878.2623014450073,111.77686456083221,2.141885280609131,-22.280691146850586,-94.7387924194336,-0.16550090909004211,-94.57328796386719,0.011863690800964832,0.011863690800964832,0.0,22.504470825195312,0.8998911380767822,0.9426767826080322,-0.04278566315770149,0.04278566315770149,,,,,0.9034303203225136,2.446243231161287,-0.05575639880340015,-21.19903704325358,0.7817732772136192,0.0028124655446703133,-96.8753786722819,2.3887491012881825,0.04627596098801663,-0.0031560756266117095,0.23301599013990804,0.0049672245200271725,-96.87222213745117,2.369207334612245,0.04130878554568319,0.011903993071367342,6.264301295133669e-05,2.989600784454849e-06,0.011903993071367342,6.264301295133669e-05,2.989600784454849e-06,0.0,0.0,0.0,21.2814608891805,0.7642088020445442,-0.00145962919886623,0.9171277066071828,0.0566002331392614,0.0015367884657141407,0.9792698820432028,0.052599875948837735,0.0011219606516225766,-0.062142157057921095,0.018780640753982756,0.0004148301130805067,0.062142157057921095,0.018780640753982756,-0.0004148301130805067
65.76503503733667,1.0,1500.0,0.0,29.0,1880.0,0.22943597277982475,431.0,1449.0,10.206868366418812,1.5250684364141605,10672.820568580442,178.0,0.04242944317315027,33.29523809523808,6.093650793650793,11.545924069100266,126.0,33.265979381443294,7.38556701030928,11.504852858772464,97.0,33.29523809523808,6.093650793650793,11.545924069100266,126.0,0.4385768575011592,-0.009032319883552468,-0.004038032264179404,-0.00085290576336078,-0.003572257016933417,-0.04769195082347501,-0.026445628410559065,14.190048953403176,29.0,435000.0,289.0,3890.2524025440216,111.81793749822833,0.35055381059646606,-20.379627227783203,-96.75946807861328,-0.09140708297491074,-96.66806030273438,0.012562730349600315,0.012562730349600315,0.0,20.33716583251953,0.9025553464889526,0.9591169357299805,-0.05656159669160843,0.05656159669160843,,,,,0.4212547058860461,0.37967349897436475,-0.009585277180915702,-21.142926851908367,0.9646725730255137,-0.017209930335055888,-96.42710444132487,1.8999060258344012,-0.08022738786639888,0.01979276773830255,0.2760147709628381,-0.007906866556777307,-96.44689712524413,1.8510611122214893,-0.0723205311810196,0.012065642233937978,0.00019720766806621384,1.9025081381184914e-05,0.012065642233937978,0.00019720766806621384,1.9025081381184914e-05,0.0,0.0,0.0,21.223646926879884,0.9789405846256651,0.01580969245070402,0.9283110837141673,0.0653885335780296,-0.0022736482413380048,0.9844276746114095,0.06249014876137042,-0.001795876065934209,-0.05611660809566577,0.014264804802622657,-0.000477773050992055,0.05611660809566577,0.014264804802622657,0.000477773050992055
72.10870607020492,1.0,1500.0,0.0,59.0,1815.0,0.4840902536684751,878.0,937.0,10.384868302349188,1.48480535377936,9695.1991422391,100.0,0.02505637684790779,32.71311475409835,3.9147540983606564,11.815212465388118,122.0,32.73968253968255,6.987301587301589,11.707866678568818,63.0,32.71311475409835,3.9147540983606564,11.815212465388118,122.0,0.4473034445344126,-0.00712625625521606,-0.003118817698258147,-0.0005381762853801268,-0.000986994890849975,-0.017371110078959588,-0.024765289713769723,14.686109374741326,59.0,436500.0,290.0,3903.0220172405243,111.83641754309392,0.252613365650177,-20.489208221435547,-98.37187194824219,-0.22021803259849548,-98.15165710449219,0.012408308684825897,0.012408308684825897,0.0,20.551639556884766,0.8643558025360107,0.9298275709152222,-0.06547180563211441,0.06547180563211441,,,,,0.38472280353307725,0.4106908925151151,-0.0072519385874337755,-21.32331549326579,0.9297531735847727,-0.008887742650388728,-98.00602060953776,2.227863334591348,-0.07769858219201638,-0.07758462006847064,0.23833774306533753,-0.0024103563026140707,-97.92843653361003,2.2805892196552957,-0.07528824514488348,0.012708836514502764,0.00013587609699967316,-6.165166278769041e-06,0.012708836514502764,0.00013587609699967316,-6.165166278769041e-06,0.0,0.0,0.0,21.416661961873373,0.9113953154184503,0.009025600887379165,0.8972039977709453,0.05246409043367338,-0.0010487314856490204,0.9622345586617788,0.05456870974331265,-0.0005508149823835096,-0.06503056002159914,0.017601850797432653,-0.0004979171140639473,0.06503056002159914,0.017601850797432653,0.0004979171140639473
67.16506419230983,1.0,1500.0,0.0,97.0,2099.0,0.6889905210926272,1446.0,653.0,9.738180510203172,2.097245030475728,11630.012286738529,45.800000000000004,0.009305160503860219,34.90780141843974,2.326241134751773,10.943588291899186,141.0,34.17272727272726,5.063636363636363,11.062895320994855,44.0,34.90780141843974,2.326241134751773,10.943588291899186,141.0,0.40962837931099483,-0.006940980948156258,-0.003174486131574219,-0.0003824695861978528,-0.004956896551724136,-0.02748171368861049,-0.021739734383565756,12.712420312000651,97.0,438000.0,291.0,3917.638789176941,111.80203780145328,1.4703238010406494,-21.638301849365234,-98.40209197998047,-0.13126420974731445,-98.27082824707031,0.01204578299075365,0.01204578299075365,0.0,21.71987533569336,0.8865747451782227,0.9502948522567749,-0.06372009962797165,0.06372009962797165,,,,,0.6660696640610695,1.3843723808323773,0.007305250930971769,-21.316912587483724,1.207464642459858,0.0006786554355644492,-97.31298141479492,2.272064223712094,0.08096378143955715,-0.06606350913643837,0.3144696302425631,0.01800061477735656,-97.24691797892253,2.1429741635329482,0.06296323409202755,0.011827396042644978,0.00024024312498441185,-1.1765987542898869e-06,0.011827396042644978,0.00024024312498441185,-1.1765987542898869e-06,0.0,0.0,0.0,21.417377344767253,1.2135777614624812,-0.0006761434213475942,0.9080495218435923,0.07877450230494482,0.004650767109417921,0.9650942583878835,0.07098421519376552,0.004072243525533681,-0.057044748589396475,0.016889497964960754,0.0005785241482719315,0.057044748589396475,0.016889497964960754,-0.0005785241482719315
71.68501782658124,1.0,1500.0,0.0,99.0,1830.0,0.8086667500369987,1479.0,351.0,9.996623410807501,1.910607969820541,9515.974697607713,10.200000000000001,0.0024387911247130832,34.00325203252032,1.0910569105691057,11.330841857478132,123.0,33.74166666666667,3.941666666666667,11.341792257719716,24.0,34.00325203252032,1.0910569105691057,11.330841857478132,123.0,0.42612283837797515,-0.00617071820430981,-0.0032107754903867055,-0.0001901808265666164,-0.003165982249304571,-0.01049145582196318,-0.022148899789759955,13.619509024992423,99.0,439500.0,292.0,3931.7931933403015,111.78105723984368,0.21371421217918396,-22.110376358032227,-96.1078872680664,0.3606168031692505,-96.468505859375,0.011514825746417046,0.011514825746417046,0.0,22.15793228149414,1.0136828422546387,1.0607786178588867,-0.04709579795598984,0.04709579795598984,,,,,1.05659618973732,3.366088145466076,0.0006058736823424426,-21.18566608428955,1.113119006442821,-0.036488560813419856,-97.04661458333334,1.8988761107923362,-0.023782032933726174,0.006468971135715643,0.2596645148419811,-0.00111874365543033,-97.05308303833007,1.8547927940097446,-0.0226633158886364,0.011821154101441304,0.00015261334388252853,-1.6213384341941955e-05,0.011821154101441304,0.00015261334388252853,-1.6213384341941955e-05,0.0,0.0,0.0,21.25709489186605,1.1188274966161185,0.03709174040559902,0.9285809596379598,0.061586945946995396,-0.000339902547893616,0.9814766307671865,0.058469976700722785,-0.00025170503124116186,-0.05289567398528258,0.014336721584066736,-8.819765505588995e-05,0.05289567398528258,0.014336721584066736,8.819765505588995e-05
61.65112085053415,1.0,1500.0,0.0,66.0,1834.0,0.5329582985401268,977.0,857.0,9.829088347086197,1.9515090717509247,10692.099736958766,140.4,0.03275323099892689,34.56935483870967,4.766129032258065,11.161410602740396,124.0,33.52413793103448,7.358620689655168,11.373492777981712,58.0,34.56935483870967,4.766129032258065,11.161410602740396,124.0,0.40725654686851764,-0.008287867835335102,-0.0034103444331055406,-0.0009990024312617658,-0.0021761954758041475,-0.06268970125035762,-0.022799237899621794,12.933991957701268,66.0,441000.0,293.0,3945.0881159305573,111.78457541143617,0.332119345664978,-21.06487464904785,-96.14844512939453,0.18074309825897217,-96.32918548583984,0.012292645871639252,0.012292645871639252,0.0,21.141475677490234,0.9776673316955566,1.021089792251587,-0.04342234879732132,0.04342234879732132,,,,,0.514663876593113,0.547786492382344,0.007001263536388523,-21.16742966969808,0.9327785303655792,0.012296360936658686,-97.63369013468424,1.8643088479808452,-0.007594801719247417,-0.013841431215405464,0.2653914452012186,0.0012373850354562264,-97.61984939575196,1.8969270971305823,-0.008832179187267388,0.01194164998208483,0.00027894113439378673,3.1317825801048845e-05,0.01194164998208483,0.00027894113439378673,3.1317825801048845e-05,0.0,0.0,0.0,21.257997639973958,0.9368280412765958,-0.012164653739887055,0.9222184101740519,0.05905401399047809,0.0002876057110320607,0.9768673916657765,0.06005632208097313,0.0002684005110361701,-0.054648980808754764,0.014656986212673693,1.9205879996032624e-05,0.054648980808754764,0.014656986212673693,-1.9205879996032624e-05
68.13970402308873,1.0,1500.0,0.0,14.0,1853.0,0.107916599881483,199.0,1654.0,10.172554588949824,1.6861978715735395,11216.891277106008,234.8,0.05622874658748024,33.406400000000005,7.283200000000001,11.517088494208181,125.0,33.39099099099099,8.059459459459461,11.508711363930548,111.0,33.406400000000005,7.283200000000001,11.517088494208181,125.0,0.43575355238881863,-0.009302248633709926,-0.0033548256411427523,-0.0014967119269755009,-0.0025346724055475833,-0.030224772835963608,-0.026021406545307144,13.95010723244752,14.0,442500.0,294.0,3956.511911869049,111.8409371326684,0.17426186800003052,-22.265567779541016,-96.1691665649414,0.2449270486831665,-96.41409301757812,0.012943108566105366,0.012943108566105366,0.0,22.380035400390625,0.9948500394821167,1.0363421440124512,-0.04149217903614044,0.04149217903614044,,,,,0.47616697003444036,0.4913329481308002,-0.002303839250321666,-21.3554173151652,1.0283695200897087,-0.021844090768306675,-98.57668863932291,2.4905085792277717,-0.15188541942761827,0.04658121578395367,0.21905298900681217,-0.0022730347983232458,-98.6232696533203,2.4672062677341544,-0.1496124505201067,0.012775110670675834,0.0002716991852686098,2.7741512306473578e-05,0.012775110670675834,0.0002716991852686098,2.7741512306473578e-05,0.0,0.0,0.0,21.45024077097575,1.047827687651785,0.02357427874979852,0.9309363385041555,0.054575695505285016,-0.0015894719437842262,0.9906899333000183,0.05017698802676873,-0.0005250302782578715,-0.05975358933210373,0.018615172493171087,-0.0010644410439540066,0.05975358933210373,0.018615172493171087,0.0010644410439540066
72.48341482193743,1.0,1500.0,0.0,61.0,1826.0,0.4973487382761264,908.0,918.0,10.171403812045956,1.724374332660961,10069.39708256905,74.2,0.01805528518590617,33.41138211382115,3.1626016260162597,11.584235802892985,123.0,33.11612903225806,6.148387096774193,11.599930909615688,62.0,33.41138211382115,3.1626016260162597,11.584235802892985,123.0,0.43061123760562553,-0.007662007316666308,-0.0038665633855711062,-0.0004716849419572651,-0.0022241510252793773,-0.0033850493653032458,-0.025743160776781692,13.969272333758054,61.0,444000.0,295.0,3969.518004179001,111.85237087539818,0.4211485981941223,-19.496484756469727,-95.55047607421875,-0.09750669449567795,-95.45297241210938,0.012581354938447475,0.012581354938447475,0.0,19.528165817260742,0.9261400699615479,0.9577155709266663,-0.03157544136047363,0.03157544136047363,,,,,0.9717771271864574,2.9010465455009804,0.06429006981107098,-21.07659149169922,0.9354502036848131,0.022245081645894234,-98.32485911051432,2.2095382133508616,0.04950488878702084,0.052722740049163504,0.2719289030328622,0.0004301262288059081,-98.37758178710938,2.1305843326748843,0.04907484892611047,0.012520402669906616,0.00010862059062450117,-7.231341254326743e-06,0.012520402669906616,0.00010862059062450117,-7.231341254326743e-06,0.0,0.0,0.0,21.171155484517417,0.9355342663693891,-0.023294823957365138,0.9367293059825897,0.06782644815627512,0.0005641424218327264,0.9919769863287607,0.062072098874225816,0.00010071024878798237,-0.05524767289559047,0.016522876986946173,0.0004634329255616466,0.05524767289559047,0.016522876986946173,-0.0004634329255616466
70.76914874927418,1.0,1500.0,0.0,37.0,1858.0,0.29786242747848757,553.0,1305.0,10.318316817708565,1.8769342022076092,11180.785918147058,160.8,0.03937316356513222,32.935483870967744,5.3274193548387085,11.69680658629625,124.0,32.75172413793104,7.351724137931036,11.695882618953828,87.0,32.935483870967744,5.3274193548387085,11.69680658629625,124.0,0.43698512241783416,-0.008535829860941032,-0.0038414767870590854,-0.0010936485523821058,-0.002157360406091366,-0.015228426395939056,-0.02588492923487321,14.0820439040514,37.0,445500.0,296.0,3981.659314393997,111.8880257759583,0.26827168464660645,-20.591400146484375,-98.73483276367188,0.13410377502441406,-98.86893463134766,0.012238411232829094,0.012238411232829094,0.0,20.660900115966797,0.9553130865097046,1.0104548931121826,-0.05514170974493027,0.05514170974493027,,,,,0.27279020349184674,0.09008517213977503,-0.00104928210261667,-21.029339027404784,0.7239074751440282,0.014780075955842036,-99.16762822469076,2.056182843575314,-0.04502196349079009,-0.0736750740557909,0.24249856707954318,-0.0018107902213052587,-99.09395294189453,1.9631727778271093,-0.04321117973963972,0.01253748886908094,0.0002470971691376812,-2.4664485091561358e-05,0.01253748886908094,0.0002470971691376812,-2.4664485091561358e-05,0.0,0.0,0.0,21.11983674367269,0.7174309207824789,-0.01313560706489782,0.9050556262334187,0.061926060996716804,-0.0006481598428677601,0.9631778299808502,0.05539241882682857,-0.0004048077893071724,-0.058122196296850843,0.014892682552380222,-0.00024335144027586884,0.058122196296850843,0.014892682552380222,0.00024335144027586884
72.19858694076538,1.0,1500.0,0.0,80.0,1945.0,0.6116983764801424,1189.0,756.0,10.037278487366038,2.213395025735559,10962.2172898086,66.4,0.01497384088038968,33.85038167938931,2.679389312977099,11.335004179603493,131.0,33.9607843137255,6.411764705882353,11.248478256792659,51.0,33.85038167938931,2.679389312977099,11.335004179603493,131.0,0.43112702508633693,-0.006866922430594077,-0.0033088259360482607,-0.0007148787967396901,-0.001606758323670698,-0.007950969024349825,-0.02302290806737518,13.691640686159426,80.0,447000.0,297.0,3995.306570291519,111.88127672700332,0.3405933082103729,-21.512035369873047,-99.09941101074219,0.08012298494577408,-99.17953491210938,0.011657916009426117,0.011657916009426117,0.0,21.604145050048828,0.9430768489837646,0.997998058795929,-0.05492120236158371,0.05492120236158371,,,,,0.40696197201808293,0.5113976818881364,0.00876362627088294,-21.258582560221353,0.8100984725059689,0.00659832811196524,-99.51688079833984,2.0381525776245626,0.03769781772499264,-0.040396673853198686,0.25982543213069353,-0.00612361325786032,-99.47648417154947,2.0331571725565034,0.04382136496606757,0.012154550446818272,0.00021732987989286613,-2.2636576699667196e-05,0.012154550446818272,0.00021732987989286613,-2.2636576699667196e-05,0.0,0.0,0.0,21.337162017822266,0.7994472600817191,-0.006349771094402296,0.9123996555805206,0.06013921687621842,-0.0009670590001828837,0.9708383043607076,0.05891816503347497,-0.0013876652691070068,-0.05843864493072033,0.015658621557828073,0.00042060524208659876,0.05843864493072033,0.015658621557828073,-0.00042060524208659876
71.37353897094727,1.0,1500.0,0.0,54.0,2044.0,0.39422371318526456,805.0,1239.0,10.222353685785947,1.8230289878137305,11569.955249666262,118.60000000000001,0.02603846491613243,33.24671532846716,4.14890510948905,11.52129271343024,137.0,32.90843373493975,6.621686746987952,11.563283575371662,83.0,33.24671532846716,4.14890510948905,11.52129271343024,137.0,0.43158556001449566,-0.007916797690256118,-0.0038268232296733568,-0.0006700944984305239,-0.003279292557111288,-0.009236059936133611,-0.02493648551405387,13.818644254610808,54.0,448500.0,298.0,4008.3189611434937,111.89229309038117,0.6421278715133667,-22.05343246459961,-107.05775451660156,0.045444272458553314,-107.10319519042969,0.012017596513032913,0.012017596513032913,0.0,22.086130142211914,0.8778318166732788,0.9902783632278442,-0.11244650930166245,0.11244650930166245,,,,,0.3599408075213432,0.27855378652843943,-0.002983902648373103,-21.171353658040363,0.9041421685734039,-0.0133417683262974,-100.36615600585938,2.5034966068399336,-0.041800690545917264,-0.0904662843172749,0.2753321098092935,-0.006459342673818713,-100.27568995157877,2.448997541676419,-0.0353413362259043,0.012006069719791412,0.0001984528466248826,6.1258768975663606e-06,0.012006069719791412,0.0001984528466248826,6.1258768975663606e-06,0.0,0.0,0.0,21.25516497294108,0.9047963758895258,0.013813569574918104,0.897646830479304,0.06736926232695377,-0.001643738531827669,0.9595579842726389,0.06228955961899393,-0.001462402134238713,-0.061911160002152126,0.01852201879779637,-0.00018133620200088074,0.061911160002152126,0.01852201879779637,0.00018133620200088074
67.04687591097247,1.0,1500.0,0.0,67.0,1814.0,0.5539343814313047,1004.0,810.0,9.981546875045762,1.7037889877146373,9799.13067626674,111.60000000000001,0.026874729085392284,34.037704918032794,3.8360655737704916,11.386628035036583,122.0,33.77090909090909,6.709090909090908,11.346323167802241,55.0,34.037704918032794,3.8360655737704916,11.386628035036583,122.0,0.4243287305211403,-0.0077581820385682,-0.0037942545420716033,-0.0008050672136341546,-0.001589313572542898,-0.03861154446177881,-0.023631122279568328,13.755590682947043,67.0,450000.0,299.0,4021.6171028614044,111.89528701770796,0.3801153004169464,-21.24172019958496,-97.9679183959961,0.20750026404857635,-98.1754150390625,0.012249586172401905,0.012249586172401905,0.0,21.338397979736328,0.9849618673324585,1.0271339416503906,-0.042171962559223175,0.042171962559223175,,,,,0.7147657712300618,1.0202765388765263,0.000488775325431422,-21.485111045837403,0.912099296458769,0.01828949560180264,-100.7211171468099,2.432100569601169,0.05244289648546297,0.0170968072488904,0.2851470076243926,-0.0023438014143930827,-100.73821385701497,2.332719307976239,0.05478666515584084,0.012161955982446671,7.798385869429949e-05,1.981007028474478e-06,0.012161955982446671,7.798385869429949e-05,1.981007028474478e-06,0.0,0.0,0.0,21.55802370707194,0.9139198952507728,-0.016340207788385464,0.921066306034724,0.07185828136646875,-2.8502118998568848e-05,0.9838750342528025,0.06464177346736388,-0.0005305015338011204,-0.0628087275971969,0.017835815772854084,0.0005020005875023657,0.0628087275971969,0.017835815772854084,-0.0005020005875023657
67.01425052511281,1.0,1500.0,0.0,29.0,1871.0,0.23025729989984378,430.0,1441.0,10.26590973463766,2.0636457266169095,11428.92784304743,219.20000000000002,0.05254830512537757,33.1063492063492,6.307936507936508,11.616778269358528,126.0,33.1360824742268,7.754639175257733,11.53877279391112,97.0,33.1063492063492,6.307936507936508,11.616778269358528,126.0,0.44441478412870344,-0.009452321004558131,-0.004816212369305797,-0.000801818318441567,-0.003825393100211209,-0.03999061253226948,-0.027609996873439513,14.424925731476522,29.0,451500.0,300.0,4033.598165035248,111.9347990371903,0.21579009294509888,-21.383773803710938,-99.77778625488281,0.1982751190662384,-99.97605895996094,0.01247146911919117,0.01247146911919117,0.0,21.431978225708008,0.9720116257667542,1.0252234935760498,-0.05321178212761879,0.05321178212761879,,,,,0.8297338306903839,1.8433691021216831,-0.032304645526130694,-21.20745417277018,0.795328616247207,0.0021695757601768698,-101.56444574991862,2.2122602565235,-0.04349951993371311,0.002536104867855708,0.1949195601415594,0.003579614022218349,-101.56698176066081,2.1920688008835585,-0.047079089273994214,0.012478298073013623,7.594292910377143e-05,-1.1540849893059044e-06,0.012478298073013623,7.594292910377143e-05,-1.1540849893059044e-06,0.0,0.0,0.0,21.287521743774413,0.7916791606422481,-0.0038523333489038016,0.9141212304433187,0.048432469322759054,0.0005476236608587818,0.9805805365244548,0.044474101580244334,0.0008163367017888004,-0.06645929403603076,0.016416574501317692,-0.00026871257930894397,0.06645929403603076,0.016416574501317692,0.00026871257930894397
71.1824447956491,1.0,1500.0,0.0,94.0,2041.0,0.6853590990134092,1398.0,643.0,9.964245430725452,1.8312282127314485,10892.030799928532,56.400000000000006,0.012075019268647768,34.093430656934316,2.527007299270073,11.300467364031318,137.0,33.65116279069768,7.023255813953489,11.3788645503278,43.0,34.093430656934316,2.527007299270073,11.300467364031318,137.0,0.42225211789798145,-0.006294058170240267,-0.002970299529961755,-0.0002814201529262124,-0.0024086378737541683,-0.012236987818383192,-0.021997993575550937,13.380804106222753,94.0,453000.0,301.0,4047.806880235672,111.91245368248036,0.20543012022972107,-21.036041259765625,-103.49756622314453,-0.008891120553016663,-103.48867797851562,0.012373260222375393,0.012373260222375393,0.0,21.089664459228516,0.9009061455726624,0.9779757261276245,-0.07706958800554276,0.07706958800554276,,,,,0.3581275910139084,0.29229468337787257,0.0029444574646742797,-20.943074417114257,0.8104033520083278,0.0059301476059559375,-101.38618698120118,2.671391421082157,0.06080973861745485,-0.07800353144605955,0.2759385919266672,-0.0027883642424598298,-101.30818328857421,2.638970382503726,0.06359797425742358,0.012592428115506966,0.00016071146577766827,-1.441519272340719e-05,0.012592428115506966,0.00016071146577766827,-1.441519272340719e-05,0.0,0.0,0.0,21.058817291259764,0.8140098587175253,-0.006694164000311157,0.9002370715141297,0.06740320499757509,-6.343414043560296e-05,0.9621667822202047,0.06312883265941323,-0.0006270010558861618,-0.06192971306542556,0.02002409017513315,0.0005635671433604218,0.06192971306542556,0.02002409017513315,-0.0005635671433604218
72.91606757424094,1.0,1500.0,0.0,55.0,1923.0,0.42513963877818406,817.0,1106.0,10.295245182889836,1.6869042713552072,10792.197411987974,113.4,0.026619718309859156,33.0232558139535,3.807751937984495,11.67407182274135,129.0,33.0054054054054,6.467567567567567,11.61411041835948,74.0,33.0232558139535,3.807751937984495,11.67407182274135,129.0,0.4414184613171814,-0.0071486108364466165,-0.004025230555917345,-0.0008719718001047778,-0.0019687461547926613,-0.006201550387596893,-0.024563525967907538,14.307273099310523,55.0,454500.0,302.0,4060.6026129722595,111.92919951044344,0.17149853706359863,-20.408344268798828,-98.09500122070312,0.2464984655380249,-98.34149932861328,0.012552610598504543,0.012552610598504543,0.0,20.33647918701172,1.0003798007965088,1.0363030433654785,-0.03592320531606674,0.03592320531606674,,,,,2.1725259040792784,8.391500032849471,0.040699016573829544,-21.204400253295898,0.9471005302751354,-0.0010532001499600214,-102.21549021402994,2.1578494380667017,0.01972963123088302,-0.034266546616951624,0.26030369759937017,0.008908740493227565,-102.1812235514323,2.090451961859964,0.010820895015731828,0.012273164403935274,0.00010863086426975279,1.5261395522560166e-06,0.012273164403935274,0.00010863086426975279,1.5261395522560166e-06,0.0,0.0,0.0,21.297427622477212,0.961179663894666,-0.0017220994654438516,0.9063070138295491,0.0644248081021924,0.0021943738648835635,0.9722154180208842,0.05919956290784133,0.0020272952696107254,-0.06590840481221676,0.015712267980331714,0.00016707972653450697,0.06590840481221676,0.015712267980331714,-0.00016707972653450697
70.7772446982881,1.0,1500.0,0.0,117.0,2030.0,0.8589720969231792,1743.0,287.0,9.887467096564434,1.662926447272341,9172.246885321632,10.8,0.0022952352616143154,34.34598540145986,0.8686131386861315,11.157124886420924,137.0,33.36,3.520000000000002,11.328336508232544,20.0,34.34598540145986,0.8686131386861315,11.157124886420924,137.0,0.41904181280712705,-0.0058138664007283585,-0.003190812061386581,-0.0001708524669090926,-0.004871582435791178,-0.010737365368682718,-0.021055581987471834,13.026665429198065,117.0,456000.0,303.0,4075.626522064209,111.8846384798396,0.5438305735588074,-21.63541030883789,-101.76834106445312,-0.1784399449825287,-101.58990478515625,0.011921362951397896,0.011921362951397896,0.0,21.73550796508789,0.882030725479126,0.9397135972976685,-0.057682812213897705,0.057682812213897705,,,,,0.9376071696480115,2.0379468679787545,-0.03601010855167146,-21.401664797465006,0.7821316374290741,0.00776392010613512,-102.10145670572916,2.327930537010918,0.01152484965934748,0.005391491701205572,0.2688524245749815,-0.002566200116850246,-102.10684814453126,2.3384822628236375,0.014091045307506387,0.012548905114332836,0.00023752045472037666,-2.435793783163489e-05,0.012548905114332836,0.00023752045472037666,-2.435793783163489e-05,0.0,0.0,0.0,21.481617546081544,0.7736836133174433,-0.007507185463911225,0.9184860428174336,0.0622015608484013,-0.0003877274053911218,0.9812671542167664,0.06143825072123485,-0.0005784672014705514,-0.06278111586968103,0.01752008894222717,0.00019074151493418532,0.06278111586968103,0.01752008894222717,-0.00019074151493418532
69.36581281774184,1.0,1500.0,0.0,85.0,1895.0,0.6725685341443494,1274.0,621.0,10.004965018171887,1.6421489115043184,9844.480757956955,39.800000000000004,0.009227487712139479,33.96220472440946,2.456692913385827,11.385448332886337,127.0,32.747619047619054,5.633333333333333,11.633693229858082,42.0,33.96220472440946,2.456692913385827,11.385448332886337,127.0,0.41832131887441587,-0.006321264306068567,-0.0035901491939676084,-0.0007361892456980694,-0.002315341987398479,-0.022895316177028932,-0.02156552726041455,13.435187831419801,85.0,457500.0,304.0,4089.5414402484894,111.87073335346892,0.7073031663894653,-22.89631462097168,-100.98236846923828,0.11652398109436035,-101.09889221191406,0.012224494479596615,0.012224494479596615,0.0,23.040311813354492,0.9549515247344971,1.0064570903778076,-0.05150552839040756,0.05150552839040756,,,,,2.556603046754996,8.688316817803864,0.13228585910014765,-21.482126681009927,0.7704355250987686,-0.0315919339325324,-101.46800003051757,2.0270001507125057,0.0076242092586623275,0.06370153371244669,0.23886381905118975,0.009472202137112622,-101.53170115152994,2.0463316471806015,-0.0018480107834645356,0.012009317831446728,0.0002463415977783771,2.433100779508676e-05,0.012009317831446728,0.0002463415977783771,2.433100779508676e-05,0.0,0.0,0.0,21.573176193237305,0.7765916744291702,0.030491073829047845,0.9385027269522349,0.0543131523934428,0.002213683687937787,0.9944458623727163,0.05400728252771804,0.002143269505463659,-0.05594312188525995,0.015247472141742772,7.041523417455997e-05,0.05594312188525995,0.015247472141742772,-7.041523417455997e-05
70.97065934267911,1.0,1500.0,0.0,44.0,2045.0,0.32075793281681897,655.0,1390.0,10.06783837952357,1.8235808568552336,11889.514899293898,158.4,0.03425901894627563,33.74890510948904,5.046715328467152,11.348226896723133,137.0,33.759139784946235,7.152688172043011,11.223714411304519,93.0,33.74890510948904,5.046715328467152,11.348226896723133,137.0,0.43111382688756467,-0.007651647087806409,-0.003986452870032758,-0.000825307838669744,-0.0028012048192771074,-0.015783132530120446,-0.02453361369827058,14.29939621843787,44.0,459000.0,305.0,4102.185386657715,111.89157893567887,0.19560983777046204,-20.550519943237305,-104.20099639892578,0.16344857215881348,-104.36444854736328,0.012105557136237621,0.012105557136237621,0.0,20.585906982421875,0.9438509941101074,1.0170280933380127,-0.07317706197500229,0.07317706197500229,,,,,0.2963864247004191,0.16560638072043155,0.004972646538752464,-21.252718671162924,0.8199775940208776,0.041565911841472604,-102.56392364501953,1.9165425654170998,0.003786321688814177,0.048749028518795964,0.2697361171561158,0.005078700260239526,-102.61267267862955,1.8841362264021628,-0.001292395671294863,0.01206854342793425,6.827284352877126e-05,-5.631078577479583e-06,0.01206854342793425,6.827284352877126e-05,-5.631078577479583e-06,0.0,0.0,0.0,21.334372901916502,0.8157128539779696,-0.042120537423716846,0.9296049336592357,0.06342040928525591,0.0012231711285795642,0.9910395602385204,0.06104960173141205,0.0011474302931542477,-0.06143464048703511,0.01399662689609921,7.57415415315142e-05,0.06143464048703511,0.01399662689609921,-7.57415415315142e-05
70.03947038235872,1.0,1500.0,0.0,92.0,2091.0,0.656306184525979,1372.0,719.0,9.894371524364374,1.9670529170191562,10666.234793430667,52.0,0.010819358328825267,34.33,2.1828571428571433,11.189602409268542,140.0,34.25000000000001,5.3625,11.261150188140855,48.0,34.33,2.1828571428571433,11.189602409268542,140.0,0.42175563936801724,-0.006698948349048699,-0.003364710754834701,-0.0004997980997054602,-0.005260927900571997,-0.013614857707789038,-0.022337866997132937,13.090926680830623,92.0,460500.0,306.0,4116.596963882446,111.86424224675449,0.1707727015018463,-20.461149215698242,-103.52677917480469,0.32074040174484253,-103.84751892089844,0.01208727341145277,0.01208727341145277,0.0,20.65013885498047,0.9858617186546326,1.0526375770568848,-0.06677594780921936,0.06677594780921936,,,,,1.2716665332516035,4.937874782234427,-0.009215622951377084,-21.1701566696167,0.8034670708995575,-0.03689948899859933,-103.56773961385092,2.7676369793105344,-0.04388909260343369,0.038655557110905646,0.22649544031824387,0.0014934135880632067,-103.60639521280925,2.7448128722307445,-0.045382468082481836,0.012072445638477803,5.519360401953564e-05,3.157192229959055e-06,0.012072445638477803,5.519360401953564e-05,3.157192229959055e-06,0.0,0.0,0.0,21.239970397949218,0.8183518488726278,0.04044863538561688,0.92252569993337,0.05629227789888098,8.76081931312256e-05,0.9887561519940694,0.051295525993127894,0.0003381658051249781,-0.06623044982552528,0.02021307644365976,-0.0002505574777341107,0.06623044982552528,0.02021307644365976,0.0002505574777341107
70.87944354749706,1.0,1500.0,0.0,73.0,1988.0,0.5437378953221219,1080.0,908.0,9.954164144199037,1.9013575405506247,10850.20029640578,79.0,0.017276822814153873,34.12388059701493,3.0268656716417914,11.229654961421716,134.0,34.370491803278696,6.101639344262294,11.061662460043559,61.0,34.12388059701493,3.0268656716417914,11.229654961421716,134.0,0.4287401333243816,-0.006712615476988629,-0.003906380067658756,-0.0005685041652841578,-0.003495934959349619,-0.012068654019873509,-0.022974695087588697,13.40440428492487,73.0,462000.0,307.0,4130.225158452988,111.85830851242167,0.6941878795623779,-21.049819946289062,-101.27417755126953,0.5460776090621948,-101.82025146484375,0.01224429439753294,0.01224429439753294,0.0,21.262449264526367,1.05471670627594,1.1040339469909668,-0.049317359924316406,0.049317359924316406,,,,,0.4485480407873789,0.5240395708959465,-0.0022842746953147435,-21.255375607808432,0.7258489914278671,-0.0004618707302545058,-103.71638717651368,2.7015596484022826,-0.0731649854954899,-0.025784810011585554,0.20492712157567888,0.0002490933110172983,-103.69060185750325,2.6952159739236308,-0.07341404491589731,0.012086518077800671,0.00017877243323514045,1.6407364641665065e-05,0.012086518077800671,0.00017877243323514045,1.6407364641665065e-05,0.0,0.0,0.0,21.329843203226726,0.7235898288391892,0.002809669655872445,0.9098222156365713,0.050379684824163905,-0.00040506302183277045,0.9741272568702698,0.04649446352958712,5.189606026890532e-05,-0.06430504669745764,0.019706397129943973,-0.00045695901580063554,0.06430504669745764,0.019706397129943973,0.00045695901580063554
66.15724699837821,1.0,1500.0,0.0,14.0,1977.0,0.10555963251476994,208.0,1769.0,9.982515592128202,2.0218212285928403,12335.91070831132,229.20000000000002,0.051014957264957264,34.03636363636363,7.503030303030302,11.35440473682641,132.0,33.932203389830505,8.23220338983051,11.366352746585731,118.0,34.03636363636363,7.503030303030302,11.35440473682641,132.0,0.4161958928597513,-0.009046353794109127,-0.00402303842388165,-0.002234899452686329,-0.008807339449541285,-0.03486238532110085,-0.02516016663522892,14.45049515091308,14.0,463500.0,308.0,4141.947580814362,111.90387878082943,0.6589306592941284,-19.632129669189453,-105.3493423461914,0.310152530670166,-105.65949249267578,0.012286469340324402,0.012286469340324402,0.0,19.624835968017578,0.9754997491836548,1.0504992008209229,-0.07499952614307404,0.07499952614307404,,,,,0.4261973922451337,0.4213331599744377,-0.007854193478855883,-20.873175811767577,0.8165949094339777,0.015089597267091966,-104.63839365641276,2.7477144816091172,-0.058039878022018605,0.03398428844908873,0.24300097698456227,0.00808535646626496,-104.67237777709961,2.727141256002209,-0.06612530327479432,0.011961614526808263,0.00021306723775811715,1.4262845339843808e-05,0.011961614526808263,0.00021306723775811715,1.4262845339843808e-05,0.0,0.0,0.0,20.96167952219645,0.8153974569174421,-0.016831878984597856,0.9186691959698995,0.05934012722829548,0.0014305121641402828,0.9876600722471873,0.05488288268166053,0.0018310487867064513,-0.06899088509380817,0.019894760828392966,-0.00040053842844103686,0.06899088509380817,0.019894760828392966,0.00040053842844103686
71.71024213518415,1.0,1500.0,0.0,112.0,1840.0,0.9113294780555329,1676.0,164.0,10.245598070762398,1.8075249646823757,8920.825304627295,15.4,0.003776731410633706,33.151219512195134,0.8764227642276425,11.650140748516018,123.0,32.690909090909095,4.363636363636365,11.80653648507703,11.0,33.151219512195134,0.8764227642276425,11.650140748516018,123.0,0.438691828431421,-0.006623741546840767,-0.003345680074122774,-0.0003376778878748252,-0.0014055742431523344,-0.014368092263335009,-0.02384731214748193,13.923287078350132,112.0,465000.0,309.0,4156.395819187164,111.87577416313941,0.7186145782470703,-22.827653884887695,-105.3463134765625,-0.4056831896305084,-104.94062805175781,0.011973803862929344,0.011973803862929344,0.0,22.93757438659668,0.8211169242858887,0.8883199095726013,-0.06720297783613205,0.06720297783613205,,,,,0.8015140876173973,1.718458481573994,-0.04030398591540683,-21.34582436879476,0.8848704709476183,-0.00621481525221663,-104.49649073282878,2.531508171555507,-0.05402869202270978,-0.04281366504728794,0.2376732222473864,-0.011654786806184803,-104.45367711385092,2.465178369589386,-0.04237385241685399,0.012219200562685727,0.00011997300392066379,-6.724232486610149e-06,0.012219200562685727,0.00011997300392066379,-6.724232486610149e-06,0.0,0.0,0.0,21.4394437789917,0.8953850448327054,0.005035047775115516,0.9054276863733928,0.06040974366184885,-0.002869693508933212,0.9702804903189342,0.05388606548523313,-0.002643052423093175,-0.06485280146201451,0.01795717472432284,-0.00022664063665041786,0.06485280146201451,0.01795717472432284,0.00022664063665041786
65.2144643219424,1.0,1500.0,0.0,71.0,1904.0,0.5570997607450692,1060.0,844.0,9.985518846814918,1.7526823655106654,10553.424044616579,88.60000000000001,0.020345366032883255,34.021874999999994,4.271875,11.386518648130112,128.0,34.336842105263166,7.164912280701754,11.186887613330576,57.0,34.021874999999994,4.271875,11.386518648130112,128.0,0.43114043499836613,-0.008613877900019147,-0.0035403228120004598,-0.0005332945738799271,-0.0019033401754058612,-0.05165142750513181,-0.025857512541515627,14.033650192231098,71.0,466500.0,310.0,4169.813603639603,111.87550436135025,0.15742428600788116,-20.463212966918945,-104.2182846069336,0.10334381461143494,-104.32162475585938,0.011790826916694641,0.011790826916694641,0.0,20.4976863861084,0.9430780410766602,1.0032743215560913,-0.06019624322652817,0.06019624322652817,,,,,1.2465227271119754,4.284795657048948,0.12712702588390595,-21.29460900624593,0.9274311671702782,0.005465956657164022,-104.10940882364909,2.139690935628281,-0.05585138238178875,-0.002586899573604266,0.24406445307758895,-0.0009557992642594143,-104.1068219502767,2.0971259745702477,-0.05489554060446776,0.012060958022872607,0.00014260152100916033,1.6626281388209036e-06,0.012060958022872607,0.00014260152100916033,1.6626281388209036e-06,0.0,0.0,0.0,21.374799982706705,0.924725561070479,-0.006510006201281022,0.9195912480354309,0.059038890793476115,-0.0005354587705567806,0.9794211943944295,0.05529755577480267,-0.0002172792581085472,-0.05982993443806966,0.01515634662346331,-0.0003181782759336522,0.05982993443806966,0.01515634662346331,0.0003181782759336522
68.1761765687362,1.0,1500.0,0.0,46.0,1804.0,0.37561736874409263,677.0,1127.0,10.22598157021631,1.6190045384193277,10293.876721420727,123.4,0.030431565967940815,33.23770491803278,4.126229508196721,11.666277474432187,122.0,32.9,6.005263157894736,11.710667740437938,76.0,33.23770491803278,4.126229508196721,11.666277474432187,122.0,0.4307864404150846,-0.008518794856499996,-0.0045482346056250934,-0.0010520481492383301,-0.005412408233770011,-0.027062041168849936,-0.02583466354147642,14.056290600778766,46.0,468000.0,311.0,4182.502882480621,111.89472264569763,0.16918697953224182,-20.192441940307617,-104.52970886230469,0.2028263956308365,-104.73253631591797,0.011803691275417805,0.011803691275417805,0.0,20.341014862060547,0.9650046825408936,1.0256867408752441,-0.06068199872970581,0.06068199872970581,,,,,0.3467898671825727,0.27565425587293557,0.0013219255394611976,-21.064789136250813,1.161442757293212,0.007471204254863903,-105.34412790934245,2.686812325010475,0.07055817838505558,0.030994953215122224,0.2846484762204617,0.013643048836272606,-105.37512283325195,2.6398911827180305,0.05691512874819983,0.011499756171057621,0.0001451879109817812,-5.19171104382113e-06,0.011499756171057621,0.0001451879109817812,-5.19171104382113e-06,0.0,0.0,0.0,21.132173665364583,1.1337076733294986,-0.007379608663489635,0.9203637520472209,0.06901635779453648,0.0035613971239202027,0.9869315803050995,0.06382552646841498,0.0030632526511212357,-0.0665678193171819,0.01935450735653604,0.0004981453976986551,0.0665678193171819,0.01935450735653604,-0.0004981453976986551
68.63860492706299,1.0,1500.0,0.0,60.0,1894.0,0.46784717622093386,886.0,1008.0,10.21310732757893,1.6185830101851963,10614.918826201365,99.0,0.02324489316741019,33.27343750000001,4.0546875,11.583921389650103,128.0,33.41764705882353,6.588235294117646,11.516818113779452,68.0,33.27343750000001,4.0546875,11.583921389650103,128.0,0.44299026411440284,-0.008248320172952009,-0.003923467588376682,-0.0006326665328998135,-0.003958828186856716,-0.03212306300192307,-0.02586287166853135,14.378287440295974,60.0,469500.0,312.0,4195.400689840317,111.90826209686061,0.23150764405727386,-19.833988189697266,-102.20378112792969,-0.12155894935131073,-102.08222198486328,0.012403161264955997,0.012403161264955997,0.0,19.86331558227539,0.9132978320121765,0.9523088932037354,-0.03901112452149391,0.03901112452149391,,,,,0.34115146497885385,0.17337106046193446,-0.005351724136658066,-21.434799512227375,0.9963646807624049,0.023898826743392703,-105.73067092895508,3.0713605592382565,0.03575065196952988,0.025374032805363336,0.23497155305372897,-0.006657198610175838,-105.75604502360027,3.012327437072659,0.04240784438221432,0.012059566068152587,0.00028872341163468387,3.2337541972702034e-05,0.012059566068152587,0.00028872341163468387,3.2337541972702034e-05,0.0,0.0,0.0,21.52847385406494,1.0015440639607178,-0.025245837507577057,0.9188411633173624,0.061512782875602204,-0.0011211221289714364,0.9856627424558003,0.05312358752070231,-0.001511986051438544,-0.06682158857584,0.021942200592496453,0.0003908629345814305,0.06682158857584,0.021942200592496453,-0.0003908629345814305
70.37139411502415,1.0,1500.0,0.0,90.0,1938.0,0.691383033015284,1339.0,599.0,9.955206387695913,1.7007355684535526,10023.292166313033,45.800000000000004,0.010322289835474419,34.130769230769225,2.484615384615384,11.31792253049739,130.0,35.295,6.465000000000001,10.891776299869415,40.0,34.130769230769225,2.484615384615384,11.31792253049739,130.0,0.4340432793385979,-0.007223978428160819,-0.00396534737376917,-0.0006438947103004945,-0.0017330765812472273,-0.0190786550140721,-0.024186971969752,13.781308915013243,90.0,471000.0,313.0,4209.473376274109,111.89048080329985,0.5392428636550903,-21.31256866455078,-98.80752563476562,0.15062262117862701,-98.95814514160156,0.01202999148517847,0.01202999148517847,0.0,21.387313842773438,0.9999778270721436,1.0140737295150757,-0.01409598346799612,0.01409598346799612,,,,,0.3822787885864576,0.33801621041441215,0.0019779995000932544,-21.369867515563964,0.8229680127762788,0.003933657687551726,-104.02400410970053,2.2434219057003317,-0.02523719185053503,-0.06293126940727234,0.30493316515644403,0.008672161208045105,-103.96107279459635,2.2160509422677155,-0.03390936761331896,0.012240056165804465,0.00010262641369812018,-1.0277887182652389e-05,0.012240056165804465,0.00010262641369812018,-1.0277887182652389e-05,0.0,0.0,0.0,21.465521176656086,0.8115912562641959,-0.0018384061480262812,0.9143106877803803,0.07163996814111272,0.00181161205018055,0.965679242213567,0.06933193225173472,0.0019760709848499207,-0.051368556637316945,0.015928091728560093,-0.00016446023644906357,0.051368556637316945,0.015928091728560093,0.00016446023644906357
70.88003761427743,1.0,1500.0,0.0,112.0,1992.0,0.8432680370745307,1679.0,313.0,10.01859180255671,1.5975680849665241,9292.7910585802,17.6,0.003900709219858156,33.92481203007518,1.1849624060150377,11.364871218281715,133.0,31.952380952380953,4.904761904761905,11.918154901750789,21.0,33.92481203007518,1.1849624060150377,11.364871218281715,133.0,0.4229045375683611,-0.006692500242081049,-0.003568651982237631,-0.0002613781798664147,-0.002156224572823449,-0.012693246541904043,-0.022857176919437068,13.320535493459987,112.0,472500.0,314.0,4224.1781051158905,111.85607903884463,0.20375728607177734,-22.238121032714844,-108.62662506103516,-0.3541390895843506,-108.2724838256836,0.011941246688365936,0.011941246688365936,0.0,22.309181213378906,0.8212430477142334,0.9000176787376404,-0.0787746012210846,0.0787746012210846,,,,,0.3986275856693586,0.5468113199080974,0.010576299873819868,-21.31588389078776,0.8393327132856644,-0.0026799822543162356,-105.45069071451823,2.3604273927835755,0.033198840997377056,0.001314041515191396,0.22420470287358318,0.004455292745347288,-105.4520044962565,2.3501198774778764,0.02874350203025388,0.011947324903060993,9.635703440757327e-05,-7.268964821624315e-06,0.011947324903060993,9.635703440757327e-05,-7.268964821624315e-06,0.0,0.0,0.0,21.398674519856772,0.858184374571106,0.0015300415514300813,0.9205974499384563,0.053497008168238123,0.001295732417546848,0.9802770455678304,0.050636262951463784,0.0010061059300440639,-0.05967958805461725,0.01702479211263065,0.0002896293823724334,0.05967958805461725,0.01702479211263065,-0.0002896293823724334
48.602588752905525,1.0,1500.0,0.0,12.0,1802.0,0.09875354420350071,177.0,1625.0,9.91186126374812,2.0334082400769504,11502.871811837362,234.60000000000002,0.056576472290551294,34.2694214876033,7.796694214876032,11.281384083846463,121.0,33.730275229357794,8.124770642201835,11.414648575315896,109.0,34.2694214876033,7.796694214876032,11.281384083846463,121.0,0.3613743508863613,-0.010455533757139578,-0.0042631697637010866,-0.001230623629059614,-0.0026452527161076977,-0.1092111478507327,-0.023169365546325996,11.484652925675874,12.0,474000.0,315.0,4235.543860912323,111.9100676478184,0.14659059047698975,-20.54343032836914,-108.88697052001953,0.3012445569038391,-109.18821716308594,0.01239918265491724,0.01239918265491724,0.0,20.759998321533203,0.9657872915267944,1.0486212968826294,-0.08283405750989914,0.08283405750989914,,,,,0.41162930776675544,0.5709412207801343,-0.009039245971848369,-21.32327175140381,0.8431816641970363,-0.0033935610524005702,-104.9723004659017,2.007631112013583,-0.05909568947865025,-0.037669902791579564,0.22206010725658235,0.003304785422077439,-104.9346305847168,2.019060248349766,-0.062400542907372764,0.012183699135979017,0.00019688470518002574,2.099691089387707e-05,0.012183699135979017,0.00019688470518002574,2.099691089387707e-05,0.0,0.0,0.0,21.41662178039551,0.8307128081109435,0.0057847681777490586,0.9179496427377065,0.050890599658288765,0.0003794719565564396,0.9714566727479299,0.050310390747093654,0.0007461874185334979,-0.053507028395930925,0.014324740126531262,-0.0003667169860724733,0.053507028395930925,0.014324740126531262,0.0003667169860724733
70.07077713012696,1.0,1500.0,0.0,30.0,1860.0,0.23657641622839093,440.0,1420.0,10.250408429598236,1.8302615696749267,11366.004875942777,200.60000000000002,0.048390987600714044,33.163199999999996,6.2144,11.605896708012066,125.0,33.29473684210526,7.905263157894735,11.519384636675717,95.0,33.163199999999996,6.2144,11.605896708012066,125.0,0.4490558548819618,-0.008791221086302998,-0.004831347797161225,-0.001098070609180045,-0.0032768102658111745,-0.02364802933088904,-0.026773739331049706,14.700833868744526,30.0,475500.0,316.0,4247.53848695755,111.94719046338618,0.2701118588447571,-21.333295822143555,-104.95751190185547,-0.1127123087644577,-104.84480285644531,0.012168674729764462,0.012168674729764462,0.0,21.385608673095703,0.9051644206047058,0.9544360637664795,-0.049271564930677414,0.049271564930677414,,,,,0.36484985848267876,0.25567070152597854,0.007390679825134619,-21.320395787556965,0.8046360105253697,-0.030001994844803367,-106.05975011189778,2.5922562544427024,-0.048797459756172716,-0.011126261142392953,0.23724451810398123,5.163600392747417e-05,-106.04862416585287,2.5754938750128096,-0.04884914444869197,0.012153084669262171,7.877696157693373e-05,-5.4135149939443075e-06,0.012153084669262171,7.877696157693373e-05,-5.4135149939443075e-06,0.0,0.0,0.0,21.393034489949546,0.7923493210457492,0.031189202466716283,0.9183938960234325,0.05723790126542111,-0.0002573980903201307,0.977448825041453,0.053774807443957795,1.0514842787609213e-05,-0.05905492895593246,0.018324385886093246,-0.00026791332386956094,0.05905492895593246,0.018324385886093246,0.00026791332386956094
72.07792026394016,1.0,1500.0,0.0,91.0,1835.0,0.7373563778242511,1353.0,482.0,10.1426910236609,1.9081786641966485,9711.865438525467,34.0,0.008182518290335002,33.509677419354844,1.6612903225806455,11.537536421610415,124.0,33.46060606060606,5.248484848484849,11.510022271810447,33.0,33.509677419354844,1.6612903225806455,11.537536421610415,124.0,0.43532860691379266,-0.00724267403360104,-0.0039119225316625655,-0.0004010170861265671,-0.0027847171197648984,-0.00963997060984568,-0.02401784695704396,14.148606704638,91.0,477000.0,317.0,4261.433777332306,111.93415759205018,0.6025149822235107,-22.597122192382812,-103.17405700683594,0.178788959980011,-103.35284423828125,0.011601275764405727,0.011601275764405727,0.0,22.668508529663086,0.9838842153549194,1.0201172828674316,-0.03623312711715698,0.03623312711715698,,,,,0.3684179668625196,0.2675302885238349,0.006737409918273775,-21.221056365966795,1.0871345158515446,-0.003995258471326079,-106.54145965576171,2.973090991620896,0.015469557239165129,-0.016225319107373556,0.22139097031011098,0.008497379327377307,-106.52523473103841,2.888799611253824,0.0069721922062950985,0.011948495544493199,0.00021151997364445303,-2.2678173771822404e-05,0.011948495544493199,0.00021151997364445303,-2.2678173771822404e-05,0.0,0.0,0.0,21.289633178710936,1.0858416978586678,0.003350988776320364,0.9162485440572102,0.06053500959513738,0.0020490163690653823,0.9762629608313242,0.049995342899607394,0.0019182108798467242,-0.06001442385216554,0.02063806404080132,0.00013080488007776738,0.06001442385216554,0.02063806404080132,-0.00013080488007776738
69.39294101880944,1.0,1500.0,0.0,115.0,2072.0,0.8275063955242371,1714.0,358.0,9.514611684267406,1.8807473292254038,10489.542274094443,27.0,0.005437847418029485,35.72086330935253,1.5035971223021574,10.689454402136837,139.0,35.68333333333333,6.124999999999997,10.655275991651843,24.0,35.72086330935253,1.5035971223021574,10.689454402136837,139.0,0.40281491798054747,-0.006482950643979833,-0.003372266831795214,-0.00035663823835402645,-0.0026572668112798494,-0.01344902386117144,-0.020978181926195653,12.386308134371903,115.0,478500.0,318.0,4276.646545886993,111.8867306114392,0.1770005226135254,-22.13309669494629,-106.21765899658203,-0.1830844283103943,-106.03457641601562,0.011866853572428226,0.011866853572428226,0.0,22.233015060424805,0.8857884407043457,0.938709020614624,-0.0529206246137619,0.0529206246137619,,,,,0.3652529011170069,0.22460628243272318,0.004401747642024866,-21.169941012064616,0.9170192442523665,0.026839435564663422,-107.25642267862956,2.170276381601506,-0.037721245652178104,-0.06553416041036447,0.25707157827312194,-0.006116839677294318,-107.19088846842448,2.160456835778318,-0.03160440786529071,0.011694852697352568,0.0001332452065276339,3.5657190010197386e-06,0.011694852697352568,0.0001332452065276339,3.5657190010197386e-06,0.0,0.0,0.0,21.255771764119466,0.9394705560177302,-0.027195283170537377,0.9029716451962789,0.05930379432216549,-0.0015183857205977825,0.965283747514089,0.057766773383284536,-0.001374813393835792,-0.06231210567057133,0.01529113214019532,-0.00014357153860825066,0.06231210567057133,0.01529113214019532,0.00014357153860825066
72.13895376338515,1.0,1500.0,0.0,86.0,1890.0,0.679466321305677,1284.0,606.0,10.043412105214989,1.6995135916780735,9884.720176897092,65.0,0.015128240934692548,33.83149606299213,2.1291338582677173,11.397633070834058,127.0,33.165853658536584,6.175609756097562,11.488729685208952,41.0,33.83149606299213,2.1291338582677173,11.397633070834058,127.0,0.42476288454874844,-0.0070344873372438065,-0.00369733554793827,-0.00043101555619101076,-0.001307686459362881,-0.005230745837451523,-0.024023950221011066,13.556461341644967,86.0,480000.0,319.0,4290.384021997452,111.87809705121195,0.20838181674480438,-21.250289916992188,-106.95098114013672,-0.3362041711807251,-106.61477661132812,0.011233028955757618,0.011233028955757618,0.0,21.317230224609375,0.8504931926727295,0.9051042199134827,-0.05461092293262482,0.05461092293262482,,,,,0.44414916386206943,0.48036968363099924,-0.0058924896333851515,-21.303006807963055,0.8381392143451135,-0.019341722346253417,-107.53516337076823,2.2852023821139507,-0.1336583359222898,-0.04761880499621232,0.2600780232505725,-0.0008178821966897314,-107.48754425048828,2.296657125862088,-0.1328404818016095,0.011682509755094847,0.0003209895637180133,-3.341181458567651e-05,0.011682509755094847,0.0003209895637180133,-3.341181458567651e-05,0.0,0.0,0.0,21.39252897898356,0.8398950643219057,0.02063076413910894,0.9073576052983602,0.05891992688641015,-0.0010342193259811124,0.9693232278029124,0.05839822604798485,-0.0001737195074359584,-0.061965628154575826,0.01593985705259303,-0.0008604999374726717,0.061965628154575826,0.01593985705259303,0.0008604999374726717
69.90195097364821,1.0,1500.0,0.0,111.0,1914.0,0.867477522165417,1660.0,254.0,9.784359330791686,1.7029665888585401,9186.429313082395,18.6,0.004185418541854185,34.71875000000001,1.1843749999999997,11.059816663675408,128.0,35.635294117647064,4.870588235294118,10.801042480953416,17.0,34.71875000000001,1.1843749999999997,11.059816663675408,128.0,0.41871715690596956,-0.00680990152716439,-0.0037211150183241795,-0.0002925535483762605,-0.002291497033849034,-0.01600558334302674,-0.023091011936207516,13.12991946142118,111.0,481500.0,320.0,4305.058730363846,111.84516406337286,0.5037060976028442,-20.749313354492188,-107.39791107177734,0.4493354558944702,-107.84724426269531,0.011740603484213352,0.011740603484213352,0.0,20.83395767211914,1.0201926231384277,1.0810927152633667,-0.060900017619132996,0.060900017619132996,,,,,0.4647097498178482,0.3309984130242007,-0.000380293499508488,-21.047802225748697,1.0214777152767922,0.011091561153017694,-108.1975321451823,1.8395804942282008,0.019102014662560916,0.05754965009788672,0.21649327994875994,0.002061868110905765,-108.25508193969726,1.8693047611097164,0.017040100776580334,0.011354194798817238,0.00020319258727192,2.1192211206086193e-05,0.011354194798817238,0.00020319258727192,2.1192211206086193e-05,0.0,0.0,0.0,21.10533873240153,1.0068186183398722,-0.012441753943319932,0.9279072364171346,0.04769136493757979,0.0006711658036483102,0.9928646405537923,0.04835843281599618,0.0004693853709270354,-0.06495738799373309,0.013286102657292104,0.0002017795210818175,0.06495738799373309,0.013286102657292104,-0.0002017795210818175
66.42203845007946,1.0,1500.0,0.0,59.0,1829.0,0.4785222518178303,875.0,954.0,9.81211589259219,1.653775729917428,10247.028002104831,86.4,0.02028264237757641,34.63252032520324,3.9365853658536585,11.154820432640022,123.0,34.35624999999999,6.378124999999999,11.214597883004311,64.0,34.63252032520324,3.9365853658536585,11.154820432640022,123.0,0.41443589811585824,-0.008104715848429013,-0.0042667927714220896,-0.0009503889173156112,-0.002548530528142291,-0.03296822470447914,-0.02411246222084707,13.052019096957075,59.0,483000.0,321.0,4318.075346708298,111.85538954714967,0.1654200553894043,-20.841854095458984,-110.2300033569336,-0.07592146098613739,-110.15408325195312,0.011493058875203133,0.011493058875203133,0.0,20.867969512939453,0.8882924318313599,0.9629995822906494,-0.07470721006393433,0.07470721006393433,,,,,1.7122346813480058,5.241629565682202,-0.06475397604657496,-21.021393648783366,1.1065667870382918,0.01732694182433084,-108.23586858113607,2.223335081715302,-0.14332788825963103,-0.028778120937446753,0.21319604419978222,-0.004222840087714134,-108.2070910135905,2.2075008968099996,-0.13910504299753354,0.011477867296586433,0.00013086756068697952,-1.0344355643724082e-05,0.011477867296586433,0.00013086756068697952,-1.0344355643724082e-05,0.0,0.0,0.0,21.11273473103841,1.124636976451755,-0.01934967210746344,0.9114106674989064,0.05035930352891543,-0.0018458093631519702,0.9735923926035563,0.04773234682681749,-0.0009467063676794028,-0.06218172771235307,0.015178568043288522,-0.000899102646563289,0.06218172771235307,0.015178568043288522,0.000899102646563289
71.12670631408692,1.0,1500.0,0.0,110.0,2048.0,0.8016724927634146,1641.0,407.0,10.029283928748491,1.9913652633408374,10463.973741427595,18.2,0.0038910505836575876,33.894202898550716,1.0782608695652172,11.237109797916396,138.0,32.88571428571429,3.8142857142857154,11.542203411134945,28.0,33.894202898550716,1.0782608695652172,11.237109797916396,138.0,0.42457047330590425,-0.006501977860326138,-0.004087922429473317,-0.00031430341023218876,-0.002340501366282541,-0.009979802780087931,-0.023052194764873284,13.23400348143975,110.0,484500.0,322.0,4332.802516937256,111.82138999090138,0.4968287944793701,-22.235401153564453,-105.89374542236328,0.1440882384777069,-106.03783416748047,0.010827540419995785,0.010827540419995785,0.0,22.397878646850586,0.9684345722198486,1.0118391513824463,-0.04340449348092079,0.04340449348092079,,,,,0.3605856254696846,0.384320633532986,0.008510689511978056,-21.564319356282553,0.8423592017129582,0.006947590591380527,-108.12439295450847,1.9698983103970467,0.059005569271306374,-0.03593322411179543,0.34983444929742585,-0.002971622730720297,-108.08846028645833,1.8836451713717743,0.06197716837067542,0.011071053644021353,0.00022283986561482232,-2.2664928893757003e-05,0.011071053644021353,0.00022283986561482232,-2.2664928893757003e-05,0.0,0.0,0.0,21.6398806254069,0.8136122305989058,-0.0055317132968929076,0.9130422015984853,0.08075081025551158,-0.00014203731157094582,0.9719818731149038,0.07759233855269046,-0.0006570423670420089,-0.058939656739433605,0.013446222415621803,0.0005150067933873433,0.058939656739433605,0.013446222415621803,-0.0005150067933873433
71.96895019729416,1.0,1500.0,0.0,77.0,1944.0,0.5925686999600815,1151.0,793.0,9.971922929467928,1.5866756484130586,9997.142895568195,53.2,0.012010656070799658,34.0723076923077,2.4000000000000004,11.328094994709454,130.0,33.46415094339623,5.618867924528302,11.469545687088686,53.0,34.0723076923077,2.4000000000000004,11.328094994709454,130.0,0.4202312633785085,-0.006395085740156534,-0.003591816205264733,-0.0004370585574136995,-0.0020006724949562936,-0.004774714189643572,-0.022706825368189607,13.21119271986033,77.0,486000.0,323.0,4346.469752550125,111.81488142528958,0.41838985681533813,-22.661388397216797,-111.77842712402344,-0.15318027138710022,-111.625244140625,0.011561761610209942,0.011561761610209942,0.0,22.662691116333008,0.8655413389205933,0.945654571056366,-0.08011315762996674,0.08011315762996674,,,,,0.35848563437660536,0.37852709885230373,0.011204389458702457,-21.13319314320882,1.060117219530956,-0.011601228894327695,-108.1094139099121,2.0408723075445567,-0.07017246369392437,0.06848249410589537,0.3258172874092581,-0.011699835508564562,-108.17789611816406,1.9570604117521542,-0.05847259962783871,0.01138199083507061,0.0002984145121780222,2.4790719184647133e-05,0.01138199083507061,0.0002984145121780222,2.4790719184647133e-05,0.0,0.0,0.0,21.22438227335612,1.0527904855024732,0.012464337035996611,0.9380697131156921,0.07630634897806471,-0.0029400081337492873,0.995239528020223,0.07288666496303194,-0.0026105357754615107,-0.057169819499055544,0.013532685742840299,-0.00032947325252319603,0.057169819499055544,0.013532685742840299,0.00032947325252319603
66.21102325121562,1.0,1500.0,0.0,48.0,1803.0,0.39194125734179175,706.0,1097.0,9.837898018809197,1.5345855221119287,10385.511979645144,158.20000000000002,0.037529060112919295,34.55245901639345,5.7655737704918035,11.248611383197801,122.0,34.77297297297297,8.510810810810812,11.150539755765392,74.0,34.55245901639345,5.7655737704918035,11.248611383197801,122.0,0.4266389431494352,-0.008064731950499055,-0.003917613157060153,-0.0005786234722090762,-0.003487417943107234,-0.04026258205689306,-0.02455747216600018,13.53865015886741,48.0,487500.0,324.0,4359.175466537476,111.83307571402368,0.4529283046722412,-20.557510375976562,-112.54842376708984,0.11438776552677155,-112.66281127929688,0.01181760709732771,0.01181760709732771,0.0,20.62848472595215,0.9209038019180298,1.0057740211486816,-0.08487015217542648,0.08487015217542648,,,,,0.36654424369335176,0.25830959508930595,0.0024008953067431527,-21.21135450998942,0.7872150844300744,0.02125762031393975,-110.1661481221517,2.3658641863809087,-0.11232422519976415,-0.07453269598384699,0.1752496415142085,-0.008582671696902383,-110.09161529541015,2.3386116192716,-0.10374152297039876,0.011982351603607336,0.00017846807519302608,1.060212977868663e-05,0.011982351603607336,0.00017846807519302608,1.060212977868663e-05,0.0,0.0,0.0,21.290662956237792,0.7896595584795787,-0.0171697881781357,0.8950018644332886,0.04428747799065166,-0.002587931705131171,0.96313023964564,0.03964995935965249,-0.0019453365359874005,-0.06812836751341819,0.016060901692367353,-0.0006425970570661858,0.06812836751341819,0.016060901692367353,0.0006425970570661858
72.23026397011496,1.0,1500.0,0.0,66.0,1866.0,0.52483700234165,979.0,887.0,10.256905585985912,1.9692054178006262,10509.253903751569,100.80000000000001,0.024152968802415298,33.12222222222223,3.096825396825397,11.650133921703913,126.0,32.983333333333334,6.1499999999999995,11.653511339263678,60.0,33.12222222222223,3.096825396825397,11.650133921703913,126.0,0.4398445655305872,-0.007183982440838533,-0.0038760920024799275,-0.0007652454024390957,-0.0019521668029435816,-0.008667211774325412,-0.025162303490659562,14.084016470240416,66.0,489000.0,325.0,4372.376951217651,111.83848178136144,0.5505739450454712,-22.47439193725586,-107.23651123046875,0.13582521677017212,-107.3723373413086,0.011798367835581303,0.011798367835581303,0.0,22.583404541015625,0.9649048447608948,1.0105934143066406,-0.045688554644584656,0.045688554644584656,,,,,0.4444743235905965,0.3319935162258973,0.0042036746646193675,-21.34365634918213,0.8751175046503925,-0.008160939709893154,-109.72928975423177,2.5693888398675493,0.1356090711141762,-0.04601122724513213,0.21520445000500935,0.0003275927624461129,-109.683278910319,2.526285143092169,0.1352814399625908,0.012054691463708878,0.00013676228092482782,1.8743916235456408e-06,0.012054691463708878,0.00013676228092482782,1.8743916235456408e-06,0.0,0.0,0.0,21.4394167582194,0.8663652257410001,0.008752226696926178,0.9067118763923645,0.05451729306195982,0.0010915585168874114,0.969598772128423,0.04876363894859665,7.135010136908633e-05,-0.06288689337670803,0.017899380481753872,0.0010202074881323993,0.06288689337670803,0.017899380481753872,-0.0010202074881323993
70.13387044270833,1.0,1500.0,0.0,33.0,1916.0,0.2522992575957078,483.0,1433.0,10.15848742523028,2.083303031075431,11696.581702758647,165.8,0.03841519925857275,33.45736434108527,5.573643410852713,11.49013227126182,129.0,33.13333333333333,7.2562500000000005,11.543960406689266,96.0,33.45736434108527,5.573643410852713,11.49013227126182,129.0,0.4227528187785094,-0.00848446966031358,-0.004342541821038721,-0.0009926726282968401,-0.0029986190570132102,-0.01767607023081472,-0.025548055421738866,14.419356784539092,33.0,490500.0,326.0,4384.650464057922,111.86752604814257,0.28395938873291016,-22.41439437866211,-106.75955963134766,0.11923305690288544,-106.87879180908203,0.011607052758336067,0.011607052758336067,0.0,22.480016708374023,0.9668012857437134,1.0067558288574219,-0.039954595267772675,0.039954595267772675,,,,,1.1485495110352835,4.329292694326463,0.1105319496853333,-21.080477396647137,0.8332350168660816,-0.004973424926350146,-108.30509541829427,1.7671469678092444,-0.0506180030220168,-0.0007472200940052668,0.27210154572888867,0.0035034821340783145,-108.30434773763021,1.6752776719796214,-0.054121482093816654,0.011536441712329785,0.00016520344398090268,-1.269742096458335e-05,0.011536441712329785,0.00016520344398090268,-1.269742096458335e-05,0.0,0.0,0.0,21.171147028605144,0.8511629368786083,0.005004975315725899,0.9288759926954905,0.06509666072024173,0.00048486933161866376,0.9798267463843028,0.06100446999503507,0.000782445633371614,-0.050950752571225166,0.011447059583569601,-0.00029757764683549444,0.050950752571225166,0.011447059583569601,0.00029757764683549444
64.18814960479736,1.0,1500.0,0.0,50.0,1882.0,0.39677253978798094,746.0,1136.0,9.861561268947959,1.6573570799146602,10887.440811937384,149.6,0.034447821681864235,34.466666666666676,5.341269841269841,11.2686750449944,126.0,33.702631578947376,7.607894736842105,11.392748876405445,76.0,34.466666666666676,5.341269841269841,11.2686750449944,126.0,0.4050511117249896,-0.008043932265139532,-0.0034286058937508333,-0.0009470274508126133,-0.0025705329153605043,-0.0475485893416932,-0.02344955648096253,13.297622270399721,50.0,492000.0,327.0,4397.520516395569,111.88122901658869,0.34387391805648804,-22.391254425048828,-110.50969696044922,-0.3868681490421295,-110.1228256225586,0.012499570846557617,0.012499570846557617,0.0,22.48480224609375,0.831676721572876,0.8917157649993896,-0.060039013624191284,0.060039013624191284,,,,,0.42483205695947013,0.48180673860259765,-0.00030641017421600275,-21.184918149312338,0.8780275069299205,-0.004966728626288961,-109.65898564656575,2.66336417626038,-0.034436298238816686,0.05114042361577352,0.2398879570948776,0.00018514853563404113,-109.71012598673502,2.6311427142185835,-0.03462146423814772,0.011996288038790225,0.00026060702040327775,2.7735593901725302e-05,0.011996288038790225,0.00026060702040327775,2.7735593901725302e-05,0.0,0.0,0.0,21.243843777974448,0.8909384091929231,0.005124275199032224,0.9332175453503927,0.058725776589126547,-0.00011464995192209053,0.9915505985418955,0.054239310806925393,4.580748890078094e-05,-0.05833302903920412,0.018125268930038824,-0.0001604571329373797,0.05833302903920412,0.018125268930038824,0.0001604571329373797
66.52488356370192,1.0,1500.0,0.0,39.0,2003.0,0.29070426040189407,582.0,1421.0,10.16349365034955,2.270986699436082,12425.700184783645,184.0,0.04107142857142857,33.43283582089552,5.7611940298507465,11.49501864213553,134.0,33.246315789473684,7.5094736842105245,11.50468180450414,95.0,33.43283582089552,5.7611940298507465,11.49501864213553,134.0,0.43016131894123266,-0.00851761586642967,-0.004270841001442297,-0.0008849585204298125,-0.003273405698778834,-0.03975576662143846,-0.025080898843300337,13.857302256040553,39.0,493500.0,328.0,4409.8672914505005,111.90812951599666,0.4186211824417114,-21.241779327392578,-109.58859252929688,0.27124637365341187,-109.8598403930664,0.011967108584940434,0.011967108584940434,0.0,21.34644317626953,0.9854247570037842,1.0412914752960205,-0.05586674436926842,0.05586674436926842,,,,,0.33234408448139824,0.27923308968471533,0.012615553472808525,-21.253885142008464,0.8981380318975068,-0.0051188442412680064,-111.08239186604818,1.8780780952227347,0.04049123863755262,0.0360919031004111,0.2417358364443923,0.005045325271743824,-111.11848398844401,1.9000233713475911,0.035445834320038526,0.012341459064433973,0.00018438463243189256,-1.8799184169931334e-05,0.012341459064433973,0.00018438463243189256,-1.8799184169931334e-05,0.0,0.0,0.0,21.337936464945475,0.8870269686036714,0.005646085049604593,0.9224920749664307,0.05472039950530046,0.0014675540574002445,0.988169527053833,0.05503390669131392,0.0011439007301882096,-0.06567743495106697,0.0132260458804545,0.0003236513298928952,0.06567743495106697,0.0132260458804545,-0.0003236513298928952
68.43153789354407,1.0,1500.0,0.0,115.0,1953.0,0.880855437979433,1720.0,233.0,9.824571795203775,1.8588953655379135,9864.049256949003,22.6,0.004986980890595349,34.593893129771004,1.2259541984732831,11.125755187823353,131.0,33.29999999999999,2.6250000000000018,11.416280214884075,16.0,34.593893129771004,1.2259541984732831,11.125755187823353,131.0,0.4163766307946389,-0.006524586316173903,-0.0033881335961809854,-0.0003268640005046862,-0.002368847421643686,-0.02650427398178695,-0.021917004290179162,13.124106752097525,115.0,495000.0,329.0,4424.69980430603,111.87199626927816,0.1321224570274353,-21.413257598876953,-111.03926849365234,-0.11169769614934921,-110.92757415771484,0.011372123844921589,0.011372123844921589,0.0,21.548423767089844,0.8941792845726013,0.9550491571426392,-0.06086993217468262,0.06086993217468262,,,,,0.3002716893951098,0.15426324040291844,0.002121372943592807,-21.06891549428304,0.9344097769202189,-0.0011058119963746086,-109.95151112874349,1.9161694563416876,-0.0785928558587204,-0.005907839412490527,0.28820549486194197,0.006997520020759948,-109.94560419718424,1.9358352250287696,-0.08559032775403412,0.01152954607581099,0.00010536085225248088,-8.917744328434957e-06,0.01152954607581099,0.00010536085225248088,-8.917744328434957e-06,0.0,0.0,0.0,21.14202340443929,0.9595990919340335,0.0007334338942404381,0.9233871440092722,0.06421309417274959,0.0010645814281416773,0.9786441187063853,0.06465142649004693,0.001574988532251971,-0.0552569758767883,0.013052977502390544,-0.0005104063420625886,0.0552569758767883,0.013052977502390544,0.0005104063420625886
71.57097495685925,1.0,1500.0,0.0,44.0,1830.0,0.36006189335346706,658.0,1172.0,10.360413635299405,1.5015248803321848,10460.668652785993,115.80000000000001,0.02869604004559647,32.80813008130082,4.021138211382113,11.79806335570957,123.0,32.607594936708864,5.90886075949367,11.791433008837638,79.0,32.80813008130082,4.021138211382113,11.79806335570957,123.0,0.44045057130613574,-0.00798878858882031,-0.0038547053894969377,-0.0011819879699160763,-0.002440147329650086,-0.017065684468999344,-0.02594367947170242,15.003864297909898,44.0,496500.0,330.0,4437.164705753326,111.89577870666533,0.20033544301986694,-21.2016658782959,-111.50442504882812,-0.010234907269477844,-111.49418640136719,0.01121591217815876,0.01121591217815876,0.0,21.30853271484375,0.9153192639350891,0.9777207374572754,-0.06240161880850792,0.06240161880850792,,,,,0.3380912552277247,0.16092127767616504,0.002393083239556411,-21.41589781443278,0.8090667064708202,-0.014102984588588616,-110.33019739786783,2.4262300400709234,0.03537216950311615,0.08438412919640541,0.20495453714124875,0.0021284980539883072,-110.41458104451497,2.3913643080755853,0.03324369572691726,0.011209608210871616,0.00010510508490403394,5.083070970549335e-06,0.011209608210871616,0.00010510508490403394,5.083070970549335e-06,0.0,0.0,0.0,21.491666094462076,0.8107175091839884,0.014382001475841948,0.942659976085027,0.05054746168518102,0.0007798301099537367,0.9988056600093842,0.04566708365986735,0.00047450745861572514,-0.056145688394705455,0.016474634884557436,0.0003053211529342445,0.056145688394705455,0.016474634884557436,-0.0003053211529342445
71.58441567671926,1.0,1500.0,0.0,95.0,1927.0,0.7373256580690687,1420.0,507.0,10.109161259735506,2.0238913820763647,10271.372735211233,46.800000000000004,0.010789874118135288,33.6232558139535,2.165891472868218,11.465669746303089,129.0,33.45294117647059,6.900000000000001,11.455691870334277,34.0,33.6232558139535,2.165891472868218,11.465669746303089,129.0,0.43268528562663955,-0.00668843156541566,-0.0033064703726208926,-0.0005694853571146951,-0.001700251889168771,-0.012538483067450349,-0.02311482795243954,13.699207071413026,95.0,498000.0,331.0,4451.168997764587,111.88072172728099,0.22987160086631775,-19.975584030151367,-113.75884246826172,-0.19534531235694885,-113.5634994506836,0.010997745208442211,0.010997745208442211,0.0,19.912155151367188,0.8625227808952332,0.9366837739944458,-0.07416103035211563,0.07416103035211563,,,,,0.41419053127368294,0.5457131802340885,-0.013273746282425824,-21.297617403666177,0.9594283410507977,0.023421146872312098,-110.48963241577148,2.0453779803618146,-0.025592120789046918,-0.04640577261646588,0.21136699030241288,0.0025034673006436485,-110.44322764078775,1.9735005132178542,-0.028095551725222077,0.011313707133134206,0.00011740252748243386,-9.989679207791359e-06,0.011313707133134206,0.00011740252748243386,-9.989679207791359e-06,0.0,0.0,0.0,21.378672663370768,0.9607084264967184,-0.02479441115535349,0.9156296372413635,0.05276894054559918,0.00044575387299124517,0.9696433186531067,0.04718453645478843,0.000559657566804622,-0.05401366998751958,0.013406795824539224,-0.00011390313854206824,0.05401366998751958,0.013406795824539224,0.00011390313854206824
70.25287682939283,1.0,1500.0,0.0,101.0,1890.0,0.7983564860827151,1508.0,382.0,10.012236164729407,1.6652567597187693,9604.247563372619,19.8,0.004592049724013173,33.95118110236219,1.7700787401574807,11.326831115822463,127.0,34.50769230769231,5.507692307692308,10.985829835231339,26.0,33.95118110236219,1.7700787401574807,11.326831115822463,127.0,0.4307924396235992,-0.006654284201508538,-0.0030232060878119444,-0.0005289726328496894,-0.001232625229478101,-0.021400472069236984,-0.02317370598703105,13.657510705383274,101.0,499500.0,332.0,4465.510798692703,111.85730424081176,0.21386978030204773,-22.088817596435547,-109.46742248535156,0.30189773440361023,-109.76931762695312,0.011935269460082054,0.011935269460082054,0.0,22.1656494140625,1.002174735069275,1.048173427581787,-0.045998673886060715,0.045998673886060715,,,,,0.7572893182436625,1.565314372747604,-0.01780936344712145,-21.428287251790366,0.8409849916222637,-0.009592453019902433,-111.13286412556967,2.02027808239445,0.01246294609299156,0.03757736862947544,0.24252171939114953,0.006858333571916564,-111.17044118245443,2.0349506474315535,0.005604612628399675,0.0111353797527651,0.00034135191353634433,3.670763506142776e-05,0.0111353797527651,0.00034135191353634433,3.670763506142776e-05,0.0,0.0,0.0,21.50470193227132,0.8261167840034322,0.009389833189355812,0.9317417045434316,0.05422029517742426,0.0016401539257291174,0.9883869071801503,0.05393786100894951,0.0015244981868646076,-0.05664521480600039,0.013880426418242294,0.00011565641513523426,0.05664521480600039,0.013880426418242294,-0.00011565641513523426
69.6410080649636,1.0,1500.0,0.0,55.0,1989.0,0.4122939277516682,820.0,1169.0,9.999609520757453,1.8029167321817663,11313.60981445057,126.80000000000001,0.02806178904970566,33.97443609022558,4.457142857142856,11.352338081269673,133.0,34.06923076923078,6.971794871794871,11.242035678613153,78.0,33.97443609022558,4.457142857142856,11.352338081269673,133.0,0.43169877996536477,-0.008018893518229212,-0.003466310545452809,-0.0009499576893417947,-0.0017006392473766694,-0.023640091665661635,-0.024561129358137052,13.961402125329062,55.0,501000.0,333.0,4478.3789935112,111.87083556927797,0.154088094830513,-22.337688446044922,-115.23286437988281,-0.11493559926748276,-115.11792755126953,0.011871381662786007,0.011871381662786007,0.0,22.415977478027344,0.8741196393966675,0.9540753364562988,-0.07995569705963135,0.07995569705963135,,,,,0.39081931561231614,0.4353273470850211,-0.013131970654472771,-20.765103912353517,0.7701920033762687,-0.01879058006210186,-111.46948725382487,2.404941379615032,-0.15221011254094857,-0.05675185198585193,0.2624439323710499,-0.0030489206164909573,-111.41273574829101,2.356127310296132,-0.14916117565252465,0.011986948549747467,0.00011847536703678074,-5.851170924535109e-06,0.011986948549747467,0.00011847536703678074,-5.851170924535109e-06,0.0,0.0,0.0,20.842588424682617,0.759632243862721,0.018418780741622186,0.9111998120943705,0.06329617354712294,-0.0016233442622642076,0.9671658635139465,0.05933467965386612,-0.0006886054994797576,-0.05596605117122332,0.01562558430305406,-0.0009347383881835161,0.05596605117122332,0.01562558430305406,0.0009347383881835161
68.16214574616531,1.0,1500.0,0.0,58.0,1837.0,0.46839113782549363,860.0,977.0,9.856506627724904,1.4846857260466255,10566.503075147859,142.0,0.03321482035928144,34.4774193548387,4.782258064516129,11.20805605601258,124.0,34.38181818181819,8.009090909090908,11.114629855387959,66.0,34.4774193548387,4.782258064516129,11.20805605601258,124.0,0.4203691876368114,-0.007748278922563892,-0.0031231675070613352,-0.0012247626324758158,-0.001106145251396646,-0.0287821229050281,-0.023292033550329307,13.36767213142481,58.0,502500.0,334.0,4491.478796958923,111.87851990757056,0.4917203187942505,-21.3294734954834,-111.44633483886719,0.31576552987098694,-111.76210021972656,0.01130860298871994,0.01130860298871994,0.0,21.43482208251953,0.9955265522003174,1.0504499673843384,-0.0549234002828598,0.0549234002828598,,,,,1.095295420785745,2.5580666287293043,-0.05901028971054136,-21.22783794403076,0.727320427637694,-0.023682635671171848,-110.80579350789388,1.832799463807937,0.023037297097146067,0.060795891533295315,0.2671427321202714,-0.0038463237868400267,-110.8665891011556,1.7816161003067927,0.026883581244245194,0.011550730715195337,0.0002200251604186462,-2.3057543826978743e-05,0.011550730715195337,0.0002200251604186462,-2.3057543826978743e-05,0.0,0.0,0.0,21.29066276550293,0.7264556601665362,0.021371799422317643,0.9436571677525838,0.06238520215659503,-0.0006153959586172381,0.9936348458131155,0.05985823748589132,-0.0008735530103274152,-0.04997768041988214,0.012159457181031426,0.0002581580536848189,0.04997768041988214,0.012159457181031426,-0.0002581580536848189
70.00601891411675,1.0,1500.0,0.0,45.0,1914.0,0.346459728553946,663.0,1251.0,10.008720119760271,1.8995354199936556,11089.941846980686,96.2,0.021950440377857892,33.97364341085271,3.9813953488372067,11.361384912870538,129.0,33.70238095238095,5.828571428571428,11.4180236128825,84.0,33.97364341085271,3.9813953488372067,11.361384912870538,129.0,0.4215612825691334,-0.007106225969755543,-0.004226169463179806,-0.001139985566303626,-0.004229214780600483,-0.013856812933025374,-0.02310020440741582,13.365359423669092,45.0,504000.0,335.0,4504.059450864792,111.89905584022223,0.42571210861206055,-20.905231475830078,-115.99630737304688,-0.11184737086296082,-115.88446044921875,0.011207947507500648,0.011207947507500648,0.0,21.051746368408203,0.8747078776359558,0.9550954699516296,-0.08038762956857681,0.08038762956857681,,,,,1.6712017824252448,5.655752149061887,0.2196941651080687,-20.806040382385255,0.8241544953966754,0.016717136794654013,-111.77044397989908,2.361935185114224,-0.12331779403601427,0.06652533759673436,0.24308914464633785,-0.0029357673096842467,-111.83696899414062,2.3080906667835603,-0.12038206242612974,0.011239993075529734,8.01589708487275e-05,-7.601340484699087e-06,0.011239993075529734,8.01589708487275e-05,-7.601340484699087e-06,0.0,0.0,0.0,20.89628340403239,0.8358415993072605,-0.013840552935743525,0.9405799825986226,0.05870622141521197,-0.0013911785087543235,0.9948164284229278,0.05414520209534763,-0.0006558917520839384,-0.05423646035293738,0.01527690338091923,-0.0007352872464693955,0.05423646035293738,0.01527690338091923,0.0007352872464693955
69.16120128631592,1.0,1500.0,0.0,40.0,1897.0,0.3121077731539757,592.0,1305.0,10.324312040108516,1.5238448304531056,10696.516122859985,176.8,0.042294627051337255,32.91496062992126,4.938582677165353,11.705402082609462,127.0,32.41149425287357,6.783908045977011,11.81687503584257,87.0,32.91496062992126,4.938582677165353,11.705402082609462,127.0,0.42851396390452534,-0.008211324197728973,-0.004001472323493614,-0.0006381394572319038,-0.0023056653491436044,-0.02437417654808958,-0.02451230752528786,13.834521603123216,40.0,505500.0,336.0,4516.369906425476,111.92617311545298,0.20360812544822693,-21.111343383789062,-110.41284942626953,0.009699016809463501,-110.42254638671875,0.011141017079353333,0.011141017079353333,0.0,21.217151641845703,0.9408015012741089,0.9821566343307495,-0.04135517403483391,0.04135517403483391,,,,,1.3343110337853432,5.275186887288099,-0.14684395452959262,-21.176317977905274,0.8148231518227752,0.01577660939319572,-112.62728474934896,2.432208486166504,0.0026912192746748245,-0.027920365830262504,0.21443453866907936,0.005919808938320277,-112.59936396280925,2.343416834944545,-0.0032285713645557454,0.011085965515424808,6.04661848927321e-05,-4.2470789476152326e-06,0.011085965515424808,6.04661848927321e-05,-4.2470789476152326e-06,0.0,0.0,0.0,21.27763729095459,0.7985110653862494,-0.01735606082156751,0.9167159656683604,0.05563766820055417,0.0013697232897740075,0.9737900853157043,0.047614643994847994,0.001315125793185419,-0.057074115797877314,0.015764286301855026,5.459613658827713e-05,0.057074115797877314,0.015764286301855026,-5.459613658827713e-05
66.12362908114906,1.0,1500.0,0.0,119.0,1961.0,0.9077816033777478,1780.0,181.0,9.652460264722544,1.9000143064119404,10284.425318370566,20.6,0.004432395214734487,35.209090909090925,1.6651515151515155,10.896021919532842,132.0,32.12307692307692,3.7384615384615403,11.97473502782403,13.0,35.209090909090925,1.6651515151515155,10.896021919532842,132.0,0.40536107204045596,-0.006315165612677903,-0.0035741107933082014,-0.0004145898061087227,-0.0021986713065485775,-0.036106717283559804,-0.020168779628800423,12.479646852945276,119.0,507000.0,337.0,4531.412572860718,111.88564092276567,0.3997099995613098,-20.57931137084961,-112.71626281738281,0.34831392765045166,-113.0645751953125,0.011158907786011696,0.011158907786011696,0.0,20.58469009399414,1.0006697177886963,1.0574769973754883,-0.05680729076266289,0.05680729076266289,,,,,0.49818161527315774,0.715221982224889,0.00043243474769379684,-21.236661211649576,0.833657971994593,-0.008326113131207565,-112.14454981486003,2.647689260098508,-0.030697494354077676,0.0009746249765157699,0.2459231486196038,0.0025776873880352957,-112.14552434285481,2.5586750850895195,-0.03327520792688466,0.011228362812350194,0.00012343153172232081,-8.836104529386802e-06,0.011228362812350194,0.00012343153172232081,-8.836104529386802e-06,0.0,0.0,0.0,21.322054799397787,0.824367109236936,0.00788771445812133,0.9284225881099701,0.062437246553141285,0.0004293648764341845,0.9801740924517314,0.05476351176029105,0.000577076391065192,-0.05175149403512478,0.017086704185165686,-0.00014771080935359313,0.05175149403512478,0.017086704185165686,0.00014771080935359313
71.2927788220919,1.0,1500.0,0.0,104.0,1807.0,0.8626597176919859,1558.0,249.0,10.219087918322943,1.7346699355428192,8757.276885662852,22.0,0.0054671968190854875,33.25619834710745,1.115702479338843,11.623103975165078,121.0,31.376470588235293,3.6823529411764704,12.162123963582845,17.0,33.25619834710745,1.115702479338843,11.623103975165078,121.0,0.4344928124657247,-0.006560687094863514,-0.003541888022586979,-0.0005130467900596788,-0.0015268154991018776,-0.018578393636130484,-0.022592752210411782,14.15987672788438,104.0,508500.0,338.0,4545.534598112106,111.86802982672158,1.8914153575897217,-21.85008430480957,-111.28836822509766,-0.48165321350097656,-110.80671691894531,0.011778222396969795,0.011778222396969795,0.0,21.938983917236328,0.8321011066436768,0.8715561032295227,-0.03945503383874893,0.03945503383874893,,,,,0.4065854196747144,0.3528843841752128,0.014468953649910193,-20.998613103230795,0.9575286729993171,-0.008916472540017619,-113.22721430460612,2.4530486344514966,-0.03817611711308792,0.009487551761170228,0.19404739460547504,-0.004469064258047286,-113.23670196533203,2.471065195148743,-0.033707072392716066,0.01153628583997488,0.00017765331255354658,1.88653101446363e-05,0.01153628583997488,0.00017765331255354658,1.88653101446363e-05,0.0,0.0,0.0,21.087321917215984,0.9752965220339465,0.00765443108105667,0.9253269970417023,0.0443043074701511,-0.001151918953862707,0.9820996940135955,0.043523142901145326,-0.0010033329681506955,-0.056772691073517005,0.01644332782100411,-0.0001485857209221787,0.056772691073517005,0.01644332782100411,0.0001485857209221787
70.97740588468663,1.0,1500.0,0.0,68.0,1816.0,0.5564849504346084,1010.0,806.0,10.264059506391089,1.6273492601319568,9761.427772574096,57.400000000000006,0.014210031192751398,33.10983606557377,3.1163934426229507,11.679491386861018,122.0,33.037037037037045,6.148148148148148,11.63190471432052,54.0,33.10983606557377,3.1163934426229507,11.679491386861018,122.0,0.44164190040869944,-0.007864199311393748,-0.0036719469935169212,-0.0007032710335866915,-0.0016029470330545558,-0.01919553962564721,-0.024957491010021565,14.310560003676981,68.0,510000.0,339.0,4558.589244365692,111.87671726079463,0.3221335709095001,-22.319826126098633,-114.0954360961914,0.10461859405040741,-114.20005798339844,0.01186442095786333,0.01186442095786333,0.0,22.331201553344727,0.9437761306762695,1.0035932064056396,-0.05981701612472534,0.05981701612472534,,,,,0.38658377528190613,0.43068381035272163,-0.001197506396205604,-21.225087547302245,1.021012296963475,0.001954772660676989,-112.97250340779622,1.9328035534191692,0.035381630291797486,-0.015203498552242916,0.2350648455591254,0.005212399269038765,-112.95730031331381,1.8878094021952276,0.030169209277672707,0.011838192430635294,0.00010908009215562287,1.0057917078158897e-05,0.011838192430635294,0.00010908009215562287,1.0057917078158897e-05,0.0,0.0,0.0,21.312929407755533,1.0304329034283666,-0.0017930774455345493,0.9239562590916951,0.056161652480318826,0.0014484114853770807,0.9765934030214946,0.05296171396061365,0.0011718789250221955,-0.05263715994854768,0.012685340901134542,0.00027653314794794125,0.05263715994854768,0.012685340901134542,-0.00027653314794794125
66.0346160556959,1.0,1500.0,0.0,69.0,2084.0,0.4952539235879882,1032.0,1052.0,9.99922956787354,1.787858329545782,11565.09765347891,108.0,0.022695750851090657,33.98999999999998,3.702857142857143,11.334966883243943,140.0,33.08732394366197,5.876056338028167,11.529193566634174,71.0,33.98999999999998,3.702857142857143,11.334966883243943,140.0,0.4151500214298375,-0.007655230697937027,-0.0036453913372812194,-0.0006332764748939632,-0.0036679357414802017,-0.03758937691521994,-0.02275162243572191,13.093714828198006,69.0,511500.0,340.0,4572.1654732227325,111.87259144395414,0.4693673551082611,-20.696205139160156,-110.2620849609375,0.1595449000597,-110.421630859375,0.011999753303825855,0.011999753303825855,0.0,20.71071434020996,0.9836018085479736,1.0160728693008423,-0.03247108310461044,0.03247108310461044,,,,,0.39630379031101864,0.2624764525645844,0.00028335020791435183,-21.450267155965168,0.8502950870415996,0.00376768950227963,-114.76087646484375,2.794964932776038,0.02684859126242854,0.014376086990038554,0.23310556264078705,-0.00018224065441708743,-114.77525304158529,2.771098833452668,0.027030883721172308,0.011834832342962424,0.00011978387040979592,1.0736180144103738e-05,0.011834832342962424,0.00011978387040979592,1.0736180144103738e-05,0.0,0.0,0.0,21.5171537399292,0.8547374215318336,-0.005303140795138413,0.9207837541898092,0.056699323073954665,0.00021453903567403724,0.9832402884960174,0.05248900713298906,-4.143525283781262e-05,-0.06245653629302979,0.018476391000227528,0.0002559749084266865,0.06245653629302979,0.018476391000227528,-0.0002559749084266865
69.28731883122371,1.0,1500.0,0.0,65.0,2036.0,0.47489830506259656,966.0,1070.0,9.961250450879803,1.9841803905269466,11635.561882680977,93.60000000000001,0.02003338898163606,34.1036496350365,3.436496350364964,11.273567273158898,137.0,33.24166666666667,5.863888888888889,11.487189594967212,72.0,34.1036496350365,3.436496350364964,11.273567273158898,137.0,0.4123539135444421,-0.0071541622847388865,-0.003977952516609161,-0.0004997217259877352,-0.0021270339149186473,-0.01905508723779657,-0.022550097194796014,13.256387579676556,65.0,513000.0,341.0,4585.674067497253,111.87014001629265,0.13834501802921295,-20.91949462890625,-114.46736907958984,0.16925254464149475,-114.6366195678711,0.012550282292068005,0.012550282292068005,0.0,20.973928451538086,0.9604873657226562,1.0186583995819092,-0.0581711046397686,0.0581711046397686,,,,,1.9764853020509083,8.591089639629342,-0.0026079341222235283,-20.761832745869956,0.7912831018094529,-0.01708122949313742,-113.57498677571614,1.872012074712042,-0.007604814132670912,0.08048685149600109,0.2457566577880637,0.0068398041288069015,-113.65547332763671,1.898226376290724,-0.014444621492411129,0.012243740322689215,0.0001794608158391599,1.902578230760767e-05,0.012243740322689215,0.0001794608158391599,1.902578230760767e-05,0.0,0.0,0.0,20.839178975423177,0.7906919029610034,0.018204659535170926,0.9455399870872497,0.05521213799837704,0.0015377645100051198,0.9983019510904948,0.05578933638980396,0.0015584869565104275,-0.052761972323060034,0.012551290108039223,-2.072315344025386e-05,0.052761972323060034,0.012551290108039223,2.072315344025386e-05
61.70613454182943,1.0,1500.0,0.0,15.0,1805.0,0.1222742583644495,220.0,1585.0,10.330400531315357,2.326568920041402,11685.361921482734,224.0,0.056278578965881114,32.89421487603307,7.042975206611566,11.642915531170637,121.0,32.858490566037744,7.643396226415093,11.63602178165166,106.0,32.89421487603307,7.042975206611566,11.642915531170637,121.0,0.44204795360673066,-0.011523837813713413,-0.004806577279626242,-0.0013394384739537054,-0.0037505648441030215,-0.07591504744690476,-0.0287105811360854,15.085319350988904,15.0,514500.0,342.0,4597.173579692841,111.91659202791648,0.16316530108451843,-22.34728240966797,-115.7666015625,-0.11612345278263092,-115.65047454833984,0.012155493721365929,0.012155493721365929,0.0,22.241790771484375,0.8910713791847229,0.9536685943603516,-0.06259718537330627,0.06259718537330627,,,,,0.5765321845809619,1.0778805898500348,0.0450687865294657,-21.213583056132,0.9593810899844185,0.019274229785889968,-114.19817530314127,2.3791530706690684,0.02911854745018654,0.0032755383600791294,0.3197429802543246,0.005566778517969459,-114.20145034790039,2.319374703598423,0.023551682927322896,0.012321103891978661,0.0001438205900658887,-1.3706319083825414e-05,0.012321103891978661,0.0001438205900658887,-1.3706319083825414e-05,0.0,0.0,0.0,21.29989439646403,0.9679787106352485,-0.02008421009984561,0.9265834093093872,0.07616603690747327,0.0014943201629417813,0.980713411172231,0.07268050500763801,0.0012636409850751548,-0.05413000887880723,0.015387695508483252,0.00023067847383234617,0.05413000887880723,0.015387695508483252,-0.00023067847383234617
63.93981383397029,1.0,1500.0,0.0,52.0,1853.0,0.41918369754384727,776.0,1077.0,10.15091572063511,1.6042977203598758,10461.774403004625,140.6,0.03386482971241389,33.48225806451614,4.758064516129031,11.546303242875899,124.0,32.42777777777778,6.788888888888889,11.773528361347887,72.0,33.48225806451614,4.758064516129031,11.546303242875899,124.0,0.4155201405255315,-0.008518629708035748,-0.0037657866403486588,-0.0011464850586008343,-0.0013943731490621886,-0.04995064165844072,-0.02399145554196492,13.016651159238222,52.0,516000.0,343.0,4609.899482250214,111.93302630280493,0.44441235065460205,-21.05168914794922,-115.58954620361328,-0.026706963777542114,-115.56283569335938,0.012096267193555832,0.012096267193555832,0.0,20.971651077270508,0.914198100566864,0.9739504456520081,-0.05975227430462837,0.05975227430462837,,,,,0.5135141268372536,0.8745848555291331,-0.018740661414101887,-21.052986907958985,1.0215605948610873,-0.024422421736499462,-114.59882278442383,2.9743388937845423,0.01707958692438603,0.02959244934221109,0.2412896240216924,-0.0022086463934919043,-114.62841491699218,2.871275706186937,0.01928834501442606,0.012166601978242398,5.400774168088982e-05,-1.9532956754803745e-06,0.012166601978242398,5.400774168088982e-05,-1.9532956754803745e-06,0.0,0.0,0.0,21.169795036315918,1.0386170582131902,0.022502073854439763,0.9320259511470794,0.0645064349834173,-0.0002991802169961219,0.9867222150166829,0.05472363041534756,-0.0005013923889007544,-0.05469625908881426,0.018956317999257857,0.00020221488486076256,0.05469625908881426,0.018956317999257857,-0.00020221488486076256
72.81839069953331,1.0,1500.0,0.0,52.0,1889.0,0.40607905250117377,767.0,1122.0,10.112072150936116,1.9360826672287665,11173.442078281902,120.2,0.028157796101949024,33.61259842519685,4.157480314960631,11.439486199374347,127.0,33.32266666666666,6.986666666666666,11.441763525375402,75.0,33.61259842519685,4.157480314960631,11.439486199374347,127.0,0.42766248782603017,-0.0073306372604312895,-0.0040467278448705025,-0.0004918306915444224,-0.0017077798861480035,-0.0020240354206198614,-0.024346614812104136,13.878276235112331,52.0,517500.0,344.0,4622.63883638382,111.94904432655784,0.21526584029197693,-19.766460418701172,-113.2840805053711,0.024956554174423218,-113.30903625488281,0.011977903544902802,0.011977903544902802,0.0,19.688461303710938,0.9429126977920532,0.985640287399292,-0.042727552354335785,0.042727552354335785,,,,,0.8111462275187175,2.699110015037302,0.0244085178425633,-21.037548637390138,1.021737176957148,-0.012426957670387652,-114.71307042439778,2.344447039487024,0.005227564386322054,-0.0014625312139590581,0.21536424964360823,0.006776476434294192,-114.71160837809245,2.3466627508662423,-0.001548941912452099,0.011747401300817728,0.0001473916196794287,9.930453307765053e-07,0.011747401300817728,0.0001473916196794287,9.930453307765053e-07,0.0,0.0,0.0,21.103961690266928,1.0275564707028275,0.01151811983747102,0.9266381243864695,0.050167134896616165,0.0015940531342392645,0.9796375830968221,0.048433463429289364,0.0015298253304435727,-0.05299945833782355,0.01541289237250693,6.422820243077112e-05,0.05299945833782355,0.01541289237250693,-6.422820243077112e-05
69.43521494865418,1.0,1500.0,0.0,80.0,1964.0,0.6054843038118931,1189.0,775.0,9.944506223346862,1.6592021790856646,10568.209813786416,68.8,0.01525228340870799,34.172727272727286,2.6742424242424243,11.298822360464543,132.0,33.9653846153846,5.573076923076922,11.270372426818163,52.0,34.172727272727286,2.6742424242424243,11.298822360464543,132.0,0.423474259736636,-0.007295359023468749,-0.003493865089047158,-0.0007287257521635702,-0.003221071515942289,-0.020614857702030615,-0.023387756286020196,13.526262151097573,80.0,519000.0,345.0,4636.4881637096405,111.93816994126641,0.31535452604293823,-21.33419418334961,-116.31105041503906,-0.25077322125434875,-116.0602798461914,0.011870209127664566,0.011870209127664566,0.0,21.422060012817383,0.8649275302886963,0.9234383702278137,-0.058510810136795044,0.058510810136795044,,,,,0.32141667753458025,0.11898493818756808,0.0019106376787711736,-20.94450397491455,0.6876050421458197,-0.003199404418401538,-115.1774159749349,1.6032199323931562,0.0477641953244511,0.022639024754365286,0.21594110049071136,-0.0036330370901689114,-115.20005493164062,1.5836423995959112,0.05139715854530523,0.012023755845924218,0.00010283189473481458,4.944799507287394e-06,0.012023755845924218,0.00010283189473481458,4.944799507287394e-06,0.0,0.0,0.0,21.018644777933755,0.6936846127521223,0.0028104614495431356,0.9311503370602926,0.05008867312123119,-0.00041064667091754117,0.9851171195507049,0.04881808582613367,-0.0008215563315836257,-0.05396679403881232,0.010567112364816755,0.00041090934987991263,0.05396679403881232,0.010567112364816755,-0.00041090934987991263
70.55100297927856,1.0,1500.0,0.0,80.0,2006.0,0.5954820548463494,1194.0,812.0,9.97470394448743,1.8741175030627746,10853.187756755224,64.8,0.014087569024740206,34.07259259259259,2.777777777777777,11.261921038790701,135.0,33.90909090909092,6.127272727272727,11.280116702590814,55.0,34.07259259259259,2.777777777777777,11.261921038790701,135.0,0.4257487700800464,-0.00699111321516436,-0.0038006191993963994,-0.00031398140989665163,-0.0035126504544338278,-0.01244575452386801,-0.023421860366710987,13.262447071440093,80.0,520500.0,346.0,4650.2754778862,111.92885291961139,0.8047647476196289,-21.409210205078125,-114.46721649169922,-0.17584852874279022,-114.29136657714844,0.01180123258382082,0.01180123258382082,0.0,21.48356819152832,0.8956447243690491,0.9403916597366333,-0.04474691301584244,0.04474691301584244,,,,,0.33129320467511814,0.1732079374061292,0.002203025344813091,-21.12248446146647,0.7972967662228692,-0.0033758628089904617,-116.08940099080404,2.0093558058462695,0.035851458421144546,-0.035606291020909946,0.2618871904415081,-0.007502590979266088,-116.0537946065267,2.099729451930682,0.04335397926135529,0.011892221743861835,8.374912584398755e-05,3.4761487675188585e-06,0.011892221743861835,8.374912584398755e-05,3.4761487675188585e-06,0.0,0.0,0.0,21.22094300587972,0.7976913238316516,0.002876286405874721,0.9146804889043172,0.05487952770787703,-0.0013324900119005283,0.971993068854014,0.059045915802396515,-0.0016899263500769935,-0.057312584668397906,0.013831372257403532,0.0003574382973725076,0.057312584668397906,0.013831372257403532,-0.0003574382973725076
65.46742189847507,1.0,1500.0,0.0,78.0,1874.0,0.6216181164318797,1164.0,710.0,9.999662446806816,1.760960783659215,10212.096308841668,68.60000000000001,0.016022796281590135,33.97936507936507,3.3301587301587308,11.414984732246301,126.0,32.620833333333344,5.966666666666666,11.697072023555942,48.0,33.97936507936507,3.3301587301587308,11.414984732246301,126.0,0.4158879752127367,-0.007555455998978091,-0.0036193193544627076,-0.0006608448673785279,-0.002435412209972038,-0.04383741977949679,-0.022944625590087794,13.293276282953398,78.0,522000.0,347.0,4663.98135137558,111.92154527934443,0.5553379058837891,-20.32162857055664,-116.31616973876953,0.0045066773891448975,-116.3206787109375,0.01151870284229517,0.01151870284229517,0.0,20.512466430664062,0.9252645373344421,0.9810096621513367,-0.055745065212249756,0.055745065212249756,,,,,0.4075251651306947,0.46635041165369934,0.013898667847288068,-21.16813367207845,0.8043340707228603,-0.004229075227085676,-116.82107086181641,2.361264951834974,-0.1114612413858254,-0.006647533923387528,0.16797243680654794,-0.0012508295153219003,-116.81442337036133,2.3102983065519687,-0.11021048404748615,0.011614425045748552,0.00010270166081822018,-8.093049797386164e-06,0.011614425045748552,0.00010270166081822018,-8.093049797386164e-06,0.0,0.0,0.0,21.2496187210083,0.7997153493010662,0.004643865209797552,0.9184691488742829,0.044093506860296,-0.0009239553609600067,0.978498105208079,0.03771174060509545,-0.0002812871147979237,-0.06002895012497902,0.014778319311114422,-0.0006426671754001104,0.06002895012497902,0.014778319311114422,0.0006426671754001104
71.019185549253,1.0,1500.0,0.0,77.0,2033.0,0.5658881088973281,1150.0,883.0,10.078487361749577,2.12097383254563,11352.565840446714,73.0,0.01591315342023804,33.730882352941194,2.5279411764705877,11.418065927976581,136.0,33.57288135593221,5.213559322033897,11.348372270580159,59.0,33.730882352941194,2.5279411764705877,11.418065927976581,136.0,0.430235566929044,-0.007239083353558102,-0.004055479036793461,-0.0002471026132365607,-0.0028426657506011852,-0.012435589144623832,-0.024195290242744145,13.6731888249075,77.0,523500.0,348.0,4677.630411148071,111.9156397547691,0.1391463577747345,-20.33257293701172,-116.72884368896484,-0.4497085213661194,-116.27913665771484,0.011893007904291153,0.011893007904291153,0.0,20.37318229675293,0.825261116027832,0.8785226345062256,-0.053261447697877884,0.053261447697877884,,,,,0.33658523162206017,0.2185254349143501,-0.002698089800634166,-21.069945271809896,0.9476200715951969,-0.006230367251046657,-116.18810399373372,1.9166902720646333,0.06745459330625883,0.09576201190551122,0.24658345886174543,-0.00804858336326676,-116.28386611938477,1.8396106369003498,0.07550322264267409,0.011932662998636564,0.00012119301102982118,8.496470973144044e-06,0.011932662998636564,0.00012119301102982118,8.496470973144044e-06,0.0,0.0,0.0,21.15841439565023,0.949979727705808,0.004836986486584881,0.9472285509109497,0.05970047339311221,-0.0012475488713639112,1.0015920758247376,0.05567701828685941,-0.0018113217178786446,-0.05436352975666523,0.012179697770963036,0.0005637730793971526,0.05436352975666523,0.012179697770963036,-0.0005637730793971526
67.51106196436389,1.0,1500.0,0.0,58.0,1902.0,0.4506437427666408,857.0,1045.0,9.860201418501775,1.5317847075108333,10571.46709632579,70.4,0.015965166908563134,34.45,3.778125000000001,11.19860272168894,128.0,34.46857142857143,5.951428571428572,11.136540973326643,70.0,34.45,3.778125000000001,11.19860272168894,128.0,0.42209398960188865,-0.007965153247882205,-0.004349114395267685,-0.0005385894133520159,-0.0032518501906257167,-0.03005158107198942,-0.02443509545594233,13.46450626362699,58.0,525000.0,349.0,4690.562884569168,111.92686526538736,0.3576154410839081,-21.846664428710938,-120.69862365722656,-0.06929366290569305,-120.62933349609375,0.011648092418909073,0.011648092418909073,0.0,22.040721893310547,0.8852736949920654,0.9644372463226318,-0.0791635662317276,0.0791635662317276,,,,,1.3044796670476595,3.6762119513780585,0.003837071924374015,-21.030584398905436,1.124163476234632,0.007530190761681247,-116.46363372802735,2.1021916488302654,-0.01966964161568104,0.04555416988829772,0.27551237097701836,-0.004255501252160855,-116.50918782552084,2.0213291704927183,-0.015414214850265843,0.01179223001624147,6.866749876322336e-05,-4.432552822506251e-06,0.01179223001624147,6.866749876322336e-05,-4.432552822506251e-06,0.0,0.0,0.0,21.131340789794923,1.0993176116575967,-0.004102258395830812,0.936645652850469,0.06624385238905993,-0.0009846802813325234,0.9902544796466828,0.06207193846728843,-0.0009583492963279904,-0.05360882220168908,0.013048260388846808,-2.6333150562639637e-05,0.05360882220168908,0.013048260388846808,2.6333150562639637e-05
68.91917396659282,1.0,1500.0,0.0,67.0,1979.0,0.5034204971465068,996.0,983.0,9.848066447246124,1.8654327792290624,11095.559988576571,123.0,0.02680673001481998,34.49924812030076,3.8676691729323305,11.16854611384855,133.0,33.76666666666667,7.075757575757577,11.298533012806022,66.0,34.49924812030076,3.8676691729323305,11.16854611384855,133.0,0.4103966217380049,-0.00714475006398051,-0.003745814719398773,-0.0006273687009798526,-0.0034166193450691127,-0.01794434980124934,-0.021974381924509567,12.849459301170906,67.0,526500.0,350.0,4704.115206480026,111.92327927571463,8.099547386169434,-21.60548210144043,-120.85070037841797,-0.05212872475385666,-120.79856872558594,0.011973404325544834,0.011973404325544834,0.0,21.668020248413086,0.890242874622345,0.968220055103302,-0.07797712087631226,0.07797712087631226,,,,,0.7837141027053197,1.6058130468414948,0.06878550954337115,-21.31409435272217,1.0401248315398737,-0.012165223610679116,-117.85327275594075,2.549530169078149,-0.12483764410814158,0.07294395702580611,0.23687079323435928,-0.0028307801185049413,-117.92621688842773,2.561341801515233,-0.12200681794604412,0.011810624257971842,0.00011359940576767603,1.2320454322522285e-05,0.011810624257971842,0.00011359940576767603,1.2320454322522285e-05,0.0,0.0,0.0,21.407181294759116,1.0536060963141813,0.012828762406634072,0.9358757754166921,0.05418462441065578,-0.0013492476157802912,0.9964228173096975,0.05336980661599158,-0.0006366342670793106,-0.06054703580836455,0.016264278815825615,-0.000712612013563563,0.06054703580836455,0.016264278815825615,0.000712612013563563
71.10194853661766,1.0,1500.0,0.0,71.0,1880.0,0.5626246552969472,1057.0,823.0,10.056183813590698,1.699374525772761,10360.144983062215,87.2,0.020477174525643436,33.79682539682541,3.458730158730158,11.436210349481582,126.0,33.30909090909091,7.287272727272727,11.503486945102976,55.0,33.79682539682541,3.458730158730158,11.436210349481582,126.0,0.424703389041826,-0.0070416700460705995,-0.0036358672722178165,-0.00044656183408050973,-0.0018600368324125246,-0.012891344383057075,-0.023505016647737888,13.693404196665702,71.0,528000.0,351.0,4717.345710992813,111.92734905343137,0.6076803207397461,-19.927230834960938,-118.4549560546875,0.18737415969371796,-118.642333984375,0.01173144206404686,0.01173144206404686,0.0,20.054914474487305,0.960271954536438,1.0221478939056396,-0.06187589839100838,0.06187589839100838,,,,,0.7834336144228776,1.700691456670604,0.04437879394404218,-21.238826433817547,0.8359482418370503,0.0339406358254237,-118.1781229654948,1.846456959877944,-0.07076850526191995,0.05103411351641019,0.2827638268522237,-0.00848917474802398,-118.22915751139323,1.793249402677213,-0.06227938744329102,0.011936229839920997,0.00011532135525716216,-1.1315632681958208e-05,0.011936229839920997,0.00011532135525716216,-1.1315632681958208e-05,0.0,0.0,0.0,21.29844004313151,0.8309142630834601,-0.032851892795923966,0.9312615394592285,0.0659635140092994,-0.002243507637728325,0.9915465851624806,0.06385958962084981,-0.0019166629624711808,-0.06028503527243932,0.011354159921962726,-0.0003268446172437348,0.06028503527243932,0.011354159921962726,0.0003268446172437348
72.2927827835083,1.0,1500.0,0.0,12.0,1846.0,0.0975523912758545,180.0,1666.0,10.5133764808305,1.7052602701525919,11089.885676313423,245.4,0.06121227238712896,32.330645161290334,7.0532258064516125,11.82444234188305,124.0,32.76785714285715,7.764285714285713,11.665361637935677,112.0,32.330645161290334,7.0532258064516125,11.82444234188305,124.0,0.5390796979116446,-0.012774464789278968,-0.0060657221030839025,-0.0008532181718274035,-0.008839406207827239,-0.013495276653171394,-0.03673181929513667,15.443287094234186,12.0,529500.0,352.0,4728.558389425278,111.97916074889729,1.15065336227417,-20.37856674194336,-116.71255493164062,-0.10943914204835892,-116.60311889648438,0.012000114656984806,0.012000114656984806,0.0,20.51813507080078,0.9086319208145142,0.9552557468414307,-0.0466238334774971,0.0466238334774971,,,,,0.5911121472716332,1.1736050869428505,0.017520342337939306,-21.093210728963218,1.0354743224680627,0.013598951057544693,-117.25921630859375,2.0607871525050783,-0.02786280681877407,-0.09552170671522617,0.24995361922072284,0.004541873432140601,-117.16369450887045,2.0105959005710354,-0.03240473050296623,0.011742791223029295,0.00012409844530444667,1.0831660701912514e-05,0.011742791223029295,0.00012409844530444667,1.0831660701912514e-05,0.0,0.0,0.0,21.179466438293456,1.050390376390844,-0.014559541475256179,0.9072587629159291,0.05949032653817305,0.0008820964841874364,0.9585185329119364,0.05620546449265835,0.001017790933339531,-0.05125976577401161,0.012815999787265716,-0.00013569581329623542,0.05125976577401161,0.012815999787265716,0.00013569581329623542
68.68937179020473,1.0,1500.0,0.0,28.0,2014.0,0.20333787718501328,409.0,1605.0,10.064596986751523,2.191763884664692,12545.800109860773,186.20000000000002,0.04083691551890517,33.77481481481481,6.231111111111111,11.390414545017158,135.0,33.74392523364485,7.590654205607478,11.35527926923169,107.0,33.77481481481481,6.231111111111111,11.390414545017158,135.0,0.4296518380753294,-0.007966833312501753,-0.0044442773612556295,-0.0006350928851546913,-0.003749115774581457,-0.027352039613298684,-0.025510802634429477,14.163188248464497,28.0,531000.0,353.0,4740.871679544449,112.00471894042572,0.19865259528160095,-20.237873077392578,-118.7455825805664,0.06113501638174057,-118.80671691894531,0.0117702167481184,0.0117702167481184,0.0,20.366409301757812,0.9352264404296875,0.9937629103660583,-0.05853637680411339,0.05853637680411339,,,,,0.31924532502889635,0.16468964627378463,0.003216810768120014,-21.11253547668457,1.0057809165983242,-0.0056857922716318805,-118.09935913085937,1.809931420429477,-0.04830257767962532,0.004942970102032026,0.1800259626223352,0.0028002657344330727,-118.10430170694987,1.8316597598224285,-0.051102833647083686,0.011767532490193845,9.039686264828606e-05,-1.8554224785005344e-07,0.011767532490193845,9.039686264828606e-05,-1.8554224785005344e-07,0.0,0.0,0.0,21.193444188435873,0.985023223823024,0.006142001210382787,0.9259802281856537,0.040264769577374925,0.0003794668381152913,0.9810874760150909,0.04051453775558935,0.0006335330221623548,-0.05510724522173405,0.011576554394635261,-0.0002540674213904279,0.05510724522173405,0.011576554394635261,0.0002540674213904279
71.7775466305086,1.0,1500.0,0.0,87.0,1946.0,0.668394147797081,1300.0,646.0,10.247860122366081,1.9846856717356367,10370.646455181479,54.2,0.012479852636426434,33.15267175572519,2.2198473282442746,11.596658686073969,131.0,33.45454545454547,5.413636363636363,11.401701791264674,44.0,33.15267175572519,2.2198473282442746,11.596658686073969,131.0,0.4433216877592249,-0.006630643603757794,-0.0031582188401730387,-0.0005326900204724176,-0.002084146436656007,-0.016423386152525237,-0.023491008920224918,14.201438981366369,87.0,532500.0,354.0,4754.68909406662,111.99470448330831,0.5609083771705627,-20.675308227539062,-118.28998565673828,-0.2828044891357422,-118.0071792602539,0.01154389139264822,0.01154389139264822,0.0,20.85757064819336,0.8653468489646912,0.9166094660758972,-0.05126264691352844,0.05126264691352844,,,,,0.45744793911774956,0.38301643041443967,0.001731037225023128,-21.251414744059243,0.9325193003116656,-0.007995186233944409,-118.9312510172526,2.5752225376541653,-0.020993075938323173,0.015472546095649402,0.2208587731164634,0.0034721471120637594,-118.94672393798828,2.5515476353219064,-0.024465175200088975,0.011681574707229933,8.21215085641223e-05,-7.227828541772933e-06,0.011681574707229933,8.21215085641223e-05,-7.227828541772933e-06,0.0,0.0,0.0,21.33712781270345,0.9352664888245024,0.008266650954130301,0.9251743038495381,0.053291681148330675,0.0006985272130658316,0.9834754586219787,0.04964189021875177,0.0007818215150588842,-0.058301166817545894,0.016221760073708937,-8.329381053651821e-05,0.058301166817545894,0.016221760073708937,8.329381053651821e-05
69.36378349304199,1.0,1500.0,0.0,50.0,1806.0,0.4082738995109158,737.0,1069.0,10.056039639589994,1.5877367455964222,10411.008286524027,158.20000000000002,0.03836081474296799,33.803278688524586,5.313114754098359,11.405147853391863,122.0,33.738888888888894,8.350000000000001,11.297083941352122,72.0,33.803278688524586,5.313114754098359,11.405147853391863,122.0,0.4298486198388039,-0.008045080000540829,-0.0033471865164296775,-0.0007269127555233882,-0.002352630187681732,-0.024848004229447596,-0.024377565496966132,13.957777774443775,50.0,534000.0,355.0,4767.236000776291,112.01459292408516,0.25838714838027954,-20.77578353881836,-116.28909301757812,-0.09911321103572845,-116.18997955322266,0.011332646012306213,0.011332646012306213,0.0,21.00379180908203,0.9203128814697266,0.9578769207000732,-0.0375639870762825,0.0375639870762825,,,,,0.36633291020989417,0.1921333421282826,0.003478953946750596,-21.233171908060708,0.8806086289798087,-0.0064445559254472685,-118.6951904296875,2.3826491836451265,-0.04949907381356664,0.03650950553516547,0.17522221705892455,0.005418150659828752,-118.7316993713379,2.3967991623440112,-0.054917198240553966,0.011304496663312118,6.704865340177908e-05,6.422959889665024e-07,0.011304496663312118,6.704865340177908e-05,6.422959889665024e-07,0.0,0.0,0.0,21.31696147918701,0.8879047553374569,0.009308279289949723,0.9333824773629507,0.040385089899749364,0.0009353332047467453,0.9881319602330526,0.039102426149070175,0.0012121693310933803,-0.054749493549267454,0.015128113842713085,-0.0002768344157794942,0.054749493549267454,0.015128113842713085,0.0002768344157794942
70.63344297409057,1.0,1500.0,0.0,40.0,1988.0,0.29760554655852944,591.0,1397.0,10.120013793288742,1.782430970315916,11605.15077909163,148.20000000000002,0.032934797102093426,33.58059701492539,4.89402985074627,11.438593299398383,134.0,33.24468085106385,6.76595744680851,11.452210947499278,94.0,33.58059701492539,4.89402985074627,11.438593299398383,134.0,0.42261930392932784,-0.007863683782471357,-0.004146147710722332,-0.0006881037350322508,-0.003191142950179096,-0.012894822533376725,-0.024335558960767244,13.896741878852989,40.0,535500.0,356.0,4779.884603261948,112.03199333192218,0.18205970525741577,-22.024700164794922,-117.30846405029297,0.21199429035186768,-117.52046203613281,0.011239324696362019,0.011239324696362019,0.0,22.170801162719727,0.9833370447158813,1.0272303819656372,-0.04389330372214317,0.04389330372214317,,,,,0.9135355864961942,1.9775320897320317,-0.05852442386086715,-20.96483414967855,0.9260877838687245,-0.01518034759962743,-119.33595174153646,2.4730135724513604,0.10175900740406332,-0.0023201824476321536,0.3200945371236211,-0.007226922487357308,-119.33363164265951,2.5755767909845213,0.108985934825047,0.011431781388819218,0.0001791080941638144,-8.999219410809484e-06,0.011431781388819218,0.0001791080941638144,-8.999219410809484e-06,0.0,0.0,0.0,21.045159530639648,0.9393443891492513,0.016400106597662712,0.9229973673820495,0.06703334528986765,-0.0008552842994155616,0.9794043719768524,0.07150408723318527,-0.0016175643355483185,-0.05640700031071901,0.016560023049850832,0.0007622804782779136,0.05640700031071901,0.016560023049850832,-0.0007622804782779136
66.50722540241398,1.0,1500.0,0.0,73.0,2023.0,0.539734357647553,1091.0,932.0,9.955004950269425,1.655535421241438,11325.385637343452,103.0,0.022182977257064095,34.141176470588235,3.954411764705882,11.289621989217434,136.0,33.84126984126985,6.866666666666667,11.309338882136638,63.0,34.141176470588235,3.954411764705882,11.289621989217434,136.0,0.4223743216325191,-0.007723160719237716,-0.0038394804371593566,-0.0003958004373974914,-0.0030915894511760714,-0.037491090520313956,-0.02356177749783542,13.266808628097394,73.0,537000.0,357.0,4793.403108358383,112.02896728289322,0.2709506154060364,-20.375091552734375,-120.12535095214844,0.21687887609004974,-120.34223175048828,0.011341468431055546,0.011341468431055546,0.0,20.468852996826172,0.9688481092453003,1.028419017791748,-0.05957091599702835,0.05957091599702835,,,,,0.4588124801715215,0.5047817840589582,0.016577061477041605,-21.083990224202473,1.013712102021724,0.02569078354204347,-119.0710947672526,2.4409378111058593,-0.04427808988611125,-0.019407655795415243,0.24083075557533767,-0.003657703617125653,-119.051687113444,2.4468668599594046,-0.040620376535992174,0.011431341711431741,0.00019327561335673904,1.4570647347158813e-05,0.011431341711431741,0.00019327561335673904,1.4570647347158813e-05,0.0,0.0,0.0,21.169560813903807,1.0200626250432068,-0.027415983562873163,0.9231985370318095,0.05489996748305401,-0.0010068417125867625,0.9756644864877065,0.05393027357191379,-0.0008221122791557863,-0.05246596361200015,0.01538484945307845,-0.00018472893368680574,0.05246596361200015,0.01538484945307845,0.00018472893368680574
68.09536514282226,1.0,1500.0,0.0,80.0,1950.0,0.612231202237895,1193.0,757.0,9.825410144898335,2.0618660474694073,11273.48037163158,82.80000000000001,0.01827491833671758,34.58625954198474,3.369465648854961,11.249132881506103,131.0,34.0,7.074509803921567,11.262572873908878,51.0,34.58625954198474,3.369465648854961,11.249132881506103,131.0,0.4136795766309898,-0.0068935398203625155,-0.003652463738633991,-0.0006654378599502708,-0.002787094713304602,-0.02574668583293423,-0.022326680923430268,13.059974577426482,80.0,538500.0,358.0,4807.209470033646,112.01925011939016,0.1459568440914154,-23.00656509399414,-116.8910903930664,0.41540956497192383,-117.30650329589844,0.011227251961827278,0.011227251961827278,0.0,23.12267303466797,1.0342282056808472,1.0725302696228027,-0.0383022278547287,0.0383022278547287,,,,,0.7447339211901028,1.9834637863888378,0.0036457844749838712,-21.134331385294598,1.005238476054897,0.0016056294170720812,-119.91042633056641,3.243463029873993,-0.03846260045340944,0.04852133182187875,0.2467923123949139,0.009536555058864655,-119.9589480082194,3.16929034971527,-0.04799926723866109,0.01118341569478313,0.00014083348576566913,-7.065875586267607e-06,0.01118341569478313,0.00014083348576566913,-7.065875586267607e-06,0.0,0.0,0.0,21.214886220296226,0.9985834317919451,-0.0006594181591201705,0.9347934524218241,0.06339800799944069,0.0018933348979249802,0.9908276975154877,0.05493508634505629,0.0021241846153547627,-0.05603425564865271,0.01989807760193181,-0.00023084884639974312,0.05603425564865271,0.01989807760193181,0.00023084884639974312
67.71410596472586,1.0,1500.0,0.0,117.0,2067.0,0.8457174610929599,1748.0,319.0,9.548915506145262,1.7948303480686247,10410.495697498462,32.6,0.006588254314700295,35.59856115107915,1.8417266187050363,10.774619202885233,139.0,34.518181818181816,6.790909090909091,10.998292330244832,22.0,35.59856115107915,1.8417266187050363,10.774619202885233,139.0,0.4030556882212445,-0.006363521795545695,-0.003193607947047212,-0.000539827765380795,-0.004556853956565787,-0.02275225441545296,-0.01998091739106182,12.34506985862075,117.0,540000.0,359.0,4822.56102848053,111.9736996195444,0.46911776065826416,-20.52761459350586,-117.7853775024414,0.5085089802742004,-118.29388427734375,0.011467281728982925,0.011467281728982925,0.0,20.681344985961914,1.0513930320739746,1.093801736831665,-0.04240875318646431,0.04240875318646431,,,,,0.9031041408578555,1.8809822601207857,0.013713107089842502,-20.793186378479003,0.9205147061278035,-0.027747563498966506,-119.77523600260416,1.9861770585281757,0.07783204482845953,-0.027477012760937215,0.2651577428351782,0.011461048310123248,-119.74775873819986,1.9808512708234605,0.06637105294674513,0.011352806289990743,0.00014992643745013827,1.429421402455943e-05,0.011352806289990743,0.00014992643745013827,1.429421402455943e-05,0.0,0.0,0.0,20.885606002807616,0.9329876191115895,0.028087957125484068,0.921321443716685,0.06019247900133708,0.0030429918588334628,0.9738875110944112,0.0591988806685963,0.002554808575266301,-0.05256606675684452,0.012637397504735245,0.00048818448776000303,0.05256606675684452,0.012637397504735245,-0.00048818448776000303
65.78287263350053,1.0,1500.0,0.0,66.0,2016.0,0.48639689532205727,980.0,1036.0,9.836478374834105,1.7550667750757218,11649.405461979846,120.60000000000001,0.025668312617061127,34.54705882352942,4.454411764705884,11.179408679951624,136.0,33.8,7.265714285714287,11.30507274904128,70.0,34.54705882352942,4.454411764705884,11.179408679951624,136.0,0.4085532847122782,-0.007655191810369368,-0.0035625178735387464,-0.0006775717889779411,-0.0030332025643479265,-0.03720218160941569,-0.022820246785536825,12.95744189258549,66.0,541500.0,360.0,4836.284249305725,111.96612359534808,0.17418310046195984,-21.36593246459961,-118.8760757446289,0.1492500603199005,-119.02532958984375,0.011454727500677109,0.011454727500677109,0.0,21.407852172851562,0.9685182571411133,1.0133942365646362,-0.04487597942352295,0.04487597942352295,,,,,1.099725234011809,3.053845364283275,-0.050436538620308086,-20.880403073628745,0.8731315201072035,-0.029688283731462525,-120.62857666015626,2.174324531171454,0.027548431634110106,0.05577661246061325,0.22987540639953688,0.005096613469060194,-120.68435389200846,2.1656926751391636,0.02245178392387466,0.011488829149554174,8.49337603145862e-05,5.471270253779977e-06,0.011488829149554174,8.49337603145862e-05,5.471270253779977e-06,0.0,0.0,0.0,20.97563139597575,0.8662258701920003,0.030141933131402832,0.936175403992335,0.05317153800973627,0.0013546967665531038,0.9924733857313792,0.051482842222034905,0.0011426523742208857,-0.056297983850042026,0.013642246985418428,0.00021204573244221238,0.056297983850042026,0.013642246985418428,-0.00021204573244221238
67.18919874746588,1.0,1500.0,0.0,79.0,2025.0,0.5843172809930911,1183.0,842.0,9.76766958954443,1.7407711049121073,11293.341762800126,99.60000000000001,0.02102862933873828,34.82647058823531,3.3147058823529414,11.079022594691669,136.0,34.35438596491228,6.382456140350877,11.116524489367679,57.0,34.82647058823531,3.3147058823529414,11.079022594691669,136.0,0.41178569389739955,-0.007692633154862078,-0.0037269252522847515,-0.0004505038764901826,-0.0043880837359098635,-0.028019323671497808,-0.023256993266395035,13.06767575697384,79.0,543000.0,361.0,4850.101437568665,111.95642132223189,0.36504894495010376,-22.037242889404297,-124.33472442626953,-0.06977219879627228,-124.26495361328125,0.011772905476391315,0.011772905476391315,0.0,22.10851287841797,0.8888267278671265,0.9642922282218933,-0.07546555995941162,0.07546555995941162,,,,,0.8782881572842598,2.7304935463799893,-0.09692271320321287,-20.911532147725424,0.7383141128224128,0.015147475008174885,-121.46464360555014,2.018962971698596,-0.04747252840884211,0.038518076514204344,0.25038695842794173,-0.005940512450074202,-121.5031613667806,1.935046188998005,-0.04153206626883307,0.011470581715305647,0.00017081524941010433,1.6715520116457917e-05,0.011470581715305647,0.00017081524941010433,1.6715520116457917e-05,0.0,0.0,0.0,20.985755983988444,0.7353763340344289,-0.014032865445791937,0.9292767067750295,0.06030398021768073,-0.0015164691561188885,0.9885473350683848,0.05595776124140869,-0.0013287213673448621,-0.059270635495583215,0.011991401447895914,-0.00018774551464797743,0.059270635495583215,0.011991401447895914,0.00018774551464797743
69.24292233305157,1.0,1500.0,0.0,106.0,1826.0,0.866418534302735,1582.0,244.0,9.955367253725795,1.8878406157335128,9602.905733282603,18.400000000000002,0.004381578320712483,34.141463414634146,1.9479674796747974,11.30837959261916,123.0,36.11764705882353,7.776470588235295,10.564488661459736,17.0,34.141463414634146,1.9479674796747974,11.30837959261916,123.0,0.43052613553781444,-0.006937836744492955,-0.0035504657993432466,-0.0003032973225701692,-0.0016483516483516549,-0.02682317682317707,-0.02329301318567335,13.644739762074726,106.0,544500.0,362.0,4864.293050765991,111.93815716227384,0.25606483221054077,-20.29755973815918,-119.41132354736328,-0.4244387149810791,-118.98688507080078,0.012232472188770771,0.012232472188770771,0.0,20.504240036010742,0.8431767225265503,0.8836183547973633,-0.040441617369651794,0.040441617369651794,,,,,0.707754896581173,2.017277165402012,0.011738137749994408,-20.93589553833008,0.8314867750462873,0.0171197706653229,-121.38114980061849,2.6934268794311906,-0.03005333074074985,0.019997249046961468,0.1895162118460172,-0.005163210736498555,-121.4011464436849,2.695741403313294,-0.024890062037242613,0.012028426645944517,0.0001797447110786087,1.9243950266659915e-05,0.012028426645944517,0.0001797447110786087,1.9243950266659915e-05,0.0,0.0,0.0,21.01773109436035,0.8202502889611681,-0.01721177233737417,0.9279836972554525,0.04515009330071735,-0.0012461512186901353,0.9844795207182566,0.04287427431134383,-0.0011621398708313983,-0.05649581414957841,0.016754962494316395,-8.401020167931876e-05,0.05649581414957841,0.016754962494316395,8.401020167931876e-05
71.5516325343739,1.0,1500.0,0.0,88.0,1967.0,0.6700712710618258,1318.0,649.0,10.089104206719565,2.0265527098938567,10716.072208940966,60.6,0.013627777278042638,33.68787878787879,2.2363636363636377,11.456864312790051,132.0,33.663636363636364,5.686363636363638,11.428108206337402,44.0,33.68787878787879,2.2363636363636377,11.456864312790051,132.0,0.43271395069250634,-0.007242831519888897,-0.0036038786191539434,-0.0002950427230921166,-0.002114803625377653,-0.013595166163142025,-0.023502125272324512,14.023818017627075,88.0,546000.0,363.0,4878.155431985855,111.92755286555683,0.39098039269447327,-21.28728485107422,-121.19074249267578,-0.05190083384513855,-121.13883972167969,0.011857899837195873,0.011857899837195873,0.0,21.431339263916016,0.9165698289871216,0.9682965278625488,-0.05172675848007202,0.05172675848007202,,,,,1.299565797050794,4.779099804521242,-0.15027329110197535,-21.20874849955241,0.6419849045999739,-0.004550179384971445,-120.5756327311198,2.2436550713868915,-0.035552632265012166,-0.01727138434847196,0.3108996287833752,-0.01067851245635344,-120.55836181640625,2.0985188329543014,-0.02487406661698519,0.012034199697275956,7.964183129172958e-05,-5.0378679499876965e-06,0.012034199697275956,7.964183129172958e-05,-5.0378679499876965e-06,0.0,0.0,0.0,21.308776919047038,0.6353470703224254,0.004454528078751383,0.9269740164279938,0.07644770233708185,-0.0024992771620745338,0.976111888885498,0.07036206350691149,-0.0024143885187100445,-0.04913787717620532,0.012992632695832505,-8.488773006750981e-05,0.04913787717620532,0.012992632695832505,8.488773006750981e-05
70.76675327007587,1.0,1500.0,0.0,91.0,1828.0,0.7395996156257555,1351.0,477.0,10.299282716545147,1.9307007741546387,9704.356994926868,57.0,0.014040792196275496,33.0048780487805,2.063414634146342,11.635903751082227,123.0,32.0625,6.03125,11.888739578766227,32.0,33.0048780487805,2.063414634146342,11.635903751082227,123.0,0.43943269469067237,-0.007724363192422566,-0.004372879726996778,-0.0004473452006226233,-0.001777514442304849,-0.018012146348689178,-0.02465010826572551,14.021506824345725,91.0,547500.0,364.0,4891.885327100754,111.92003969653224,0.5620204210281372,-21.645156860351562,-120.03800201416016,0.11885292828083038,-120.15685272216797,0.011168223805725574,0.011168223805725574,0.0,21.689380645751953,0.962906002998352,1.0064427852630615,-0.04353681206703186,0.04353681206703186,,,,,3.2619047010938327,10.233994375965993,0.2501323471311998,-20.896771494547526,1.092365041702889,-0.020199043520034595,-121.94308166503906,2.1999904156875316,0.06562649023546346,-0.0038512170314788817,0.2669619174483605,0.0022444374983647515,-121.9392303466797,2.1559669055925132,0.06338208021391177,0.011484913093348344,0.0002081000135794935,-2.347939835241866e-05,0.011484913093348344,0.0002081000135794935,-2.347939835241866e-05,0.0,0.0,0.0,21.001982498168946,1.0968800134598378,0.018847370253786404,0.9235224246978759,0.06272055251960272,0.0009626739149761838,0.9791155159473419,0.05983761643141361,0.000499019301905621,-0.05559310670942068,0.013529925690690333,0.0004636540606999161,0.05559310670942068,0.013529925690690333,-0.0004636540606999161
66.05347808419842,1.0,1500.0,0.0,73.0,1809.0,0.605321556281473,1095.0,714.0,9.855612815055832,1.6262365715583353,10010.519445401662,95.2,0.02282535724561235,34.469421487603306,3.7834710743801647,11.255254606913336,121.0,34.57499999999999,7.099999999999999,11.167107169205105,48.0,34.469421487603306,3.7834710743801647,11.255254606913336,121.0,0.42301658512814483,-0.008271637476767155,-0.004087674942973297,-0.0004372806824844932,-0.0024287882846682845,-0.04178944548620453,-0.02448205565326394,13.660613001847391,73.0,549000.0,365.0,4905.291918516159,111.91994464746787,0.556084156036377,-22.05126953125,-122.00484466552734,-0.28661102056503296,-121.71823120117188,0.011419487185776234,0.011419487185776234,0.0,22.223554611206055,0.8648179769515991,0.9159135818481445,-0.051095664501190186,0.051095664501190186,,,,,0.3692351331313451,0.19611181097781247,0.0014283575324778655,-20.906148274739582,0.7757498357182635,-0.004219375966785496,-122.43295135498047,2.0387751481732463,-0.057303426740430374,-0.019419933358828228,0.2709238954247851,-0.011238162314003384,-122.41353174845378,1.9988648640778774,-0.04606519281134637,0.011445262220998604,0.000146196972009014,5.209745551242723e-06,0.011445262220998604,0.000146196972009014,5.209745551242723e-06,0.0,0.0,0.0,20.998023351033527,0.7780741107024355,0.005904883192696156,0.9191875914732616,0.06261508535052465,-0.002725924413912307,0.9755930423736572,0.06061914616078322,-0.0025118469263741023,-0.05640544220805168,0.01224945253039658,-0.0002140792494886303,0.05640544220805168,0.01224945253039658,0.0002140792494886303
69.23187208175659,1.0,1500.0,0.0,120.0,2022.0,0.8842476315175731,1787.0,235.0,9.752343445978893,2.050389787131945,10380.766133782641,7.800000000000001,0.0016459863256520638,34.84411764705883,1.1426470588235293,11.01075160959097,136.0,33.75,5.050000000000001,11.134724897725292,16.0,34.84411764705883,1.1426470588235293,11.01075160959097,136.0,0.4127498036899286,-0.007043525460725428,-0.004488477874256227,-0.00011330468755255613,-0.003203187250996047,-0.015808764940239153,-0.022877680531323243,12.88004052395196,120.0,550500.0,366.0,4920.483698606491,111.87924474902837,0.28427183628082275,-21.799179077148438,-121.27742767333984,-0.35227376222610474,-120.92515563964844,0.011015389114618301,0.011015389114618301,0.0,21.833967208862305,0.8577268123626709,0.9018639326095581,-0.0441371351480484,0.0441371351480484,,,,,1.9435175970196723,5.5357582998408486,0.06493332663486744,-21.04287338256836,0.8165035889343654,-0.002137938808147821,-121.6603993733724,2.3700612012558278,0.0026387724913580447,0.015275302901864051,0.24147707107640218,0.003082887688289099,-121.67567494710286,2.3594428123917797,-0.0004441410866645338,0.011173819843679666,0.0001445050418683443,-7.200729437545814e-06,0.011173819843679666,0.0001445050418683443,-7.200729437545814e-06,0.0,0.0,0.0,21.137978998819985,0.8126607497373891,0.0026775966894635045,0.9336070199807485,0.05553182840844689,0.0007535835394471875,0.9833674371242523,0.053622373892644064,0.0006872631551426382,-0.04976041984433929,0.014550426433869227,6.632112832667512e-05,0.04976041984433929,0.014550426433869227,-6.632112832667512e-05
70.25335591013838,1.0,1500.0,0.0,82.0,2098.0,0.5854190732385556,1228.0,870.0,9.950839468619012,1.825820091481861,11258.644765657595,64.60000000000001,0.013512948165502239,34.14714285714289,2.6242857142857146,11.299737856160599,140.0,33.8551724137931,5.593103448275863,11.306086029340278,58.0,34.14714285714289,2.6242857142857146,11.299737856160599,140.0,0.42180361347796824,-0.007307503358737986,-0.003972248018570004,-0.00021140383301275769,-0.003415213946117301,-0.013629160063391465,-0.02393465382174319,13.412039860946578,82.0,552000.0,367.0,4934.454515695572,111.86646836933886,0.69429612159729,-20.485931396484375,-122.46038818359375,0.15657413005828857,-122.61695861816406,0.011152194812893867,0.011152194812893867,0.0,20.480884552001953,0.9623719453811646,1.0148239135742188,-0.05245189368724823,0.05245189368724823,,,,,0.5003746231396993,0.48610050282646833,0.014542939453422022,-20.671650886535645,0.8965338442427946,0.02830820433687751,-122.8452138264974,2.3020748879962953,0.048903756995622105,0.061220444614688556,0.2188851105833767,-0.002725817796021071,-122.9064343770345,2.284238620951675,0.05162955889845213,0.011099380223701398,7.67063776504413e-05,-6.020328110796988e-07,0.011099380223701398,7.67063776504413e-05,-6.020328110796988e-07,0.0,0.0,0.0,20.754297955830893,0.892590248028061,-0.027746696175139526,0.9383716682593027,0.05107214089990517,-0.00021904903206067345,0.9936149656772614,0.04866163289059699,-0.0006063844391183358,-0.05524329245090485,0.014170975664263865,0.0003873386773569843,0.05524329245090485,0.014170975664263865,-0.0003873386773569843
68.09867534997328,1.0,1500.0,0.0,53.0,2031.0,0.3911201976229561,794.0,1237.0,10.069717249450196,1.643776060275428,11656.321887449774,135.8,0.029587345853849843,33.748529411764686,4.726470588235295,11.386955404726885,136.0,33.51325301204819,7.045783132530124,11.351240107865339,83.0,33.748529411764686,4.726470588235295,11.386955404726885,136.0,0.4263591908761626,-0.008390829663996114,-0.004237868303688439,-0.00041865101232887607,-0.0031934645376903202,-0.028716425300161053,-0.02524899404161388,13.808868480828252,53.0,553500.0,368.0,4947.493610858917,111.87482865771882,0.6332995891571045,-20.502042770385742,-121.40788269042969,-0.4512050449848175,-120.95668029785156,0.01152143906801939,0.01152143906801939,0.0,20.588851928710938,0.8387168049812317,0.8789135217666626,-0.04019675403833389,0.04019675403833389,,,,,0.8429911668101947,1.5036327530634683,-0.02148064725324764,-20.815886561075846,0.7986365069853723,0.0002323630123968924,-123.67640101114908,1.7264759209529539,-0.013910226111148378,0.025616665184497834,0.2898264319088176,-0.005478213377736173,-123.70201848347982,1.7571685343011825,-0.008431994954786182,0.011326106172055006,0.00018575626745464795,1.973127998055258e-05,0.011326106172055006,0.00018575626745464795,1.973127998055258e-05,0.0,0.0,0.0,20.88790136973063,0.7959285720331529,-0.0022297805090242275,0.9276774287223816,0.06339498953153928,-0.0012086206336440583,0.9856949428717295,0.06463201202915204,-0.0012273041769713222,-0.0580175019800663,0.010758892686188237,1.8683420670313126e-05,0.0580175019800663,0.010758892686188237,-1.8683420670313126e-05
70.81804260253907,1.0,1500.0,0.0,100.0,1904.0,0.7880324922223082,1500.0,404.0,10.012296765809989,1.8027590542844012,9580.935089768753,15.8,0.0036641929499072355,33.95275590551181,1.3448818897637793,11.34922336858812,127.0,32.970370370370375,4.259259259259259,11.575799188600136,27.0,33.95275590551181,1.3448818897637793,11.34922336858812,127.0,0.42498990219325,-0.006290771733152468,-0.0035860319857481298,-0.00031116334299302156,-0.0018908662653755654,-0.014603506935357303,-0.021961855302884567,13.297364400746348,100.0,555000.0,369.0,4961.7736439704895,111.85516305735388,0.198893204331398,-21.29499053955078,-122.76018524169922,-0.15398910641670227,-122.60619354248047,0.011809202842414379,0.011809202842414379,0.0,21.479042053222656,0.8970856666564941,0.9453096389770508,-0.04822397232055664,0.04822397232055664,,,,,0.5228727236390114,0.6505575331789212,-0.006085765205978428,-21.11334972381592,0.8789508937295963,-0.017490812562596433,-123.06661885579427,2.3217552686248664,-0.10764596364123719,-0.020808842840294044,0.2528905022393105,-0.006768107776829485,-123.04581019083659,2.2840654570594667,-0.10087790993084386,0.011586915981024504,0.0001935246613788381,1.4420883218292403e-05,0.011586915981024504,0.0001935246613788381,1.4420883218292403e-05,0.0,0.0,0.0,21.186230023701984,0.8832289415448059,0.018290748214296746,0.9233319699764252,0.059556704881716646,-0.0020689771623579882,0.9752373993396759,0.05676941734673119,-0.0015216123142815594,-0.05190542930116256,0.013739914400120975,-0.0005473647540118183,0.05190542930116256,0.013739914400120975,0.0005473647540118183
70.00190437446206,1.0,1500.0,0.0,118.0,2083.0,0.8429825576888837,1755.0,328.0,9.875582424811777,1.807629789666381,10464.867880317779,24.0,0.0049813200498132005,34.41428571428572,1.334285714285715,11.148169389747313,140.0,33.74545454545455,4.990909090909091,11.26257387945508,22.0,34.41428571428572,1.334285714285715,11.148169389747313,140.0,0.4205545914904405,-0.006625797005110529,-0.0035324968190184975,-0.0005106771327215053,-0.0032194264366553435,-0.01692121744863214,-0.02201839852050473,13.278521410483547,118.0,556500.0,370.0,4976.750146150589,111.81995954336607,0.38363364338874817,-21.22301483154297,-127.81216430664062,-0.32321304082870483,-127.48895263671875,0.011180061846971512,0.011180061846971512,0.0,21.320873260498047,0.8322055339813232,0.9080719947814941,-0.0758664608001709,0.0758664608001709,,,,,0.6842990895112355,1.630750552738724,0.014256171548989767,-20.60618521372477,0.7911741020357572,0.0039796190611913265,-124.79441731770834,2.994152818078411,-0.1166652963742238,-0.01865704928835233,0.2928050812659225,-0.009097297791312886,-124.77576014200847,3.0268428580402764,-0.10756801142708165,0.011626977163056532,0.0002493908032285883,-2.668628487756713e-05,0.011626977163056532,0.0002493908032285883,-2.668628487756713e-05,0.0,0.0,0.0,20.700080108642577,0.7755736930600916,-0.0031902283529555596,0.9154888530572255,0.06506404250762285,-0.0026297667533059935,0.9758573293685913,0.06562082112239989,-0.0020448679123094794,-0.06036849574496349,0.018263300495435293,-0.0005848978468951449,0.06036849574496349,0.018263300495435293,0.0005848978468951449
69.07326816377186,1.0,1500.0,0.0,84.0,1980.0,0.6310673368054978,1249.0,731.0,9.966369145824116,1.6926252997758309,10601.971022998001,64.60000000000001,0.014237228368669282,34.11578947368421,2.7218045112781954,11.262745387661326,133.0,33.77959183673469,5.791836734693876,11.29534040846188,49.0,34.11578947368421,2.7218045112781954,11.262745387661326,133.0,0.4242432757523739,-0.006981594671069064,-0.003334194803427612,-0.0005803761979173726,-0.0030797946803546657,-0.02432726707108433,-0.022602384725011006,13.456652733027124,84.0,558000.0,371.0,4990.651597499847,111.80904719526798,0.7791255712509155,-19.282711029052734,-124.1496353149414,0.4708572328090668,-124.62049102783203,0.011227883398532867,0.011227883398532867,0.0,19.525766372680664,1.0285520553588867,1.084878921508789,-0.05632694810628891,0.05632694810628891,,,,,0.3636197403073311,0.1568057598809234,0.004279553316724175,-20.83460744222005,0.871329362621902,0.013844506387849165,-126.30993881225587,3.448229758926812,-0.041278043923042046,0.006493820995092392,0.25126212639331097,-0.0020984476496433424,-126.31643244425456,3.416919819383971,-0.03917952761368907,0.011021273241688808,9.672552565476506e-05,5.190033627232302e-06,0.011021273241688808,9.672552565476506e-05,5.190033627232302e-06,0.0,0.0,0.0,20.91619504292806,0.8542961832995215,-0.012379083856194652,0.9138036628564199,0.06115674706258129,-0.0006324346789528888,0.9814411918322246,0.05578071029029974,-0.00046465293451465725,-0.06763753096262613,0.02071159159629394,-0.00016778229805200476,0.06763753096262613,0.02071159159629394,0.00016778229805200476
69.83361211504256,1.0,1500.0,0.0,70.0,1974.0,0.5309000666241898,1047.0,927.0,9.923430653630291,1.97913629747722,11251.898520320567,62.0,0.013714993584922355,34.24696969696969,3.0378787878787867,11.226236170615591,132.0,34.32903225806454,5.732258064516127,11.165730792607,62.0,34.24696969696969,3.0378787878787867,11.226236170615591,132.0,0.4256232788245328,-0.007418857755706381,-0.003464343958810736,-0.0003254372637668556,-0.004321391824899485,-0.01706107941259007,-0.023947567338938137,13.463849049299665,70.0,559500.0,372.0,5004.081536054611,111.80872972767924,2.7043848037719727,-20.13173484802246,-129.5456085205078,0.2201133817434311,-129.76571655273438,0.010735679417848587,0.010735679417848587,0.0,20.308673858642578,0.9431251287460327,1.0285444259643555,-0.08541937172412872,0.08541937172412872,,,,,0.6020773867766063,1.0033991781910847,0.008844337301604329,-20.75258560180664,1.007043700628367,-0.009115847544091393,-125.12035268147787,2.469978807431971,-0.09435555836779962,-0.06723841944088539,0.23440666672735838,-0.006238725822464515,-125.05311381022135,2.408317607764059,-0.08811675040952356,0.010938023372242848,0.00015715916220807163,-1.6014298032534296e-05,0.010938023372242848,0.00015715916220807163,-1.6014298032534296e-05,0.0,0.0,0.0,20.864590072631835,1.0077131285911445,0.010208084055525783,0.9072432974974315,0.05676572181322453,-0.00184601121007137,0.9651280303796133,0.0519272486235653,-0.001380653866671384,-0.05788474008440971,0.014418978486886008,-0.0004653589230225528,0.05788474008440971,0.014418978486886008,0.0004653589230225528
66.21974380493164,1.0,1500.0,0.0,75.0,2027.0,0.5551328543450883,1125.0,902.0,9.985036253932597,1.7875518215348383,11609.219947947753,99.60000000000001,0.021510020732550105,34.047058823529426,3.949999999999999,11.305115226104036,136.0,33.521311475409846,7.088524590163933,11.380837190157987,61.0,34.047058823529426,3.949999999999999,11.305115226104036,136.0,0.4208631761822072,-0.00830446778338916,-0.004068918015717594,-0.0005118877712541574,-0.002923622524003132,-0.0362598391142638,-0.02478666948079806,13.192092554445608,75.0,561000.0,373.0,5017.680523633957,111.80464705905723,2.9725818634033203,-20.66897964477539,-131.75927734375,-0.043123356997966766,-131.71615600585938,0.010691944509744644,0.010691944509744644,0.0,20.659847259521484,0.8754443526268005,0.9704975485801697,-0.09505323320627213,0.09505323320627213,,,,,1.0413553724686304,2.6192717223893838,0.005553080428296379,-21.08234831492106,0.8277103017192879,-0.002033182299043992,-126.37449391682942,2.7166464702182553,-0.10318584845248675,-0.035392889256278676,0.22126460003098852,0.0024007048229951053,-126.3391009012858,2.6760071377157972,-0.10558645993106178,0.010751877694080274,5.774899931061853e-05,-1.7259785857829962e-06,0.010751877694080274,5.774899931061853e-05,-1.7259785857829962e-06,0.0,0.0,0.0,21.156024932861328,0.8217288370018728,0.0049129346056159965,0.9085792164007823,0.05357988844455753,-3.9206078903840164e-05,0.9721790174643199,0.04882471270556587,0.000529326175290817,-0.0635997990767161,0.01597348683008998,-0.0005685304342308081,0.0635997990767161,0.01597348683008998,0.0005685304342308081
67.52521129954945,1.0,1500.0,0.0,110.0,1885.0,0.8735236706840258,1646.0,239.0,9.927861729020124,1.900027173438164,9826.380142858708,14.200000000000001,0.003291456121644801,34.23968253968253,2.0857142857142863,11.28422321027474,126.0,34.72500000000001,7.387500000000001,11.005898166865665,16.0,34.23968253968253,2.0857142857142863,11.28422321027474,126.0,0.4244911881148969,-0.0069174443385697434,-0.003522517994356519,-0.00028136392021405965,-0.003409563409563442,-0.034356994356994436,-0.023027912812554018,13.503932306711388,110.0,562500.0,374.0,5032.218114614487,111.77973354660375,0.20792795717716217,-21.817529678344727,-127.34638214111328,-0.583418607711792,-126.7629623413086,0.010609552264213562,0.010609552264213562,0.0,21.855979919433594,0.7885671854019165,0.8516548871994019,-0.06308770924806595,0.06308770924806595,,,,,0.4075836802522341,0.31836541509475386,0.015566697073592756,-20.63294480641683,0.9024406241780054,0.015482811933100039,-124.98301951090495,2.1790922005498894,0.02130162257108917,0.016434630006551744,0.25693074279984834,-0.007810319124724098,-124.99945475260417,2.110775542279654,0.02911201791052794,0.010788051784038544,0.00020887304839878792,1.4506170611094911e-05,0.010788051784038544,0.00020887304839878792,1.4506170611094911e-05,0.0,0.0,0.0,20.707503700256346,0.8860978707626922,-0.013324826233113981,0.9302215894063314,0.060583851042528655,-0.0014763343320937901,0.9836765229701996,0.056757696901401984,-0.0017197244424576276,-0.0534549447397391,0.01280366107212275,0.0002433908148124845,0.0534549447397391,0.01280366107212275,-0.0002433908148124845
68.5839496794201,1.0,1500.0,0.0,84.0,1910.0,0.6590223751225665,1258.0,652.0,10.164156956159518,1.6344379237200612,10180.730775516226,26.200000000000003,0.0061194936235810715,33.448437500000004,2.553125,11.508202624339571,128.0,33.090909090909086,5.345454545454545,11.573468211064913,44.0,33.448437500000004,2.553125,11.508202624339571,128.0,0.4340188027155801,-0.007798552578535596,-0.0035770748453566345,-0.00018731604894981442,-0.0015001190570680212,-0.029081673148662834,-0.024566275665328995,13.492153639123279,84.0,564000.0,375.0,5045.865905761719,111.77467069744874,0.18908825516700745,-19.43804931640625,-124.45337677001953,-0.4099384546279907,-124.04344177246094,0.010178708471357822,0.010178708471357822,0.0,19.49799346923828,0.8459435105323792,0.8906385898590088,-0.04469509422779083,0.04469509422779083,,,,,1.0405014589428903,3.582004125911125,-0.12681944556907243,-20.558275667826333,0.7509752209496952,0.010218634939565546,-125.05423355102539,2.3942014753103367,-0.06308377003908254,-0.019143120696147282,0.18750792970742258,-0.0071521348149015335,-125.03509063720703,2.390187750942723,-0.05593168366870089,0.010369596847643455,0.00015737302587100915,-1.6990262762259317e-05,0.010369596847643455,0.00015737302587100915,-1.6990262762259317e-05,0.0,0.0,0.0,20.656530062357586,0.7712045837647235,-0.010494577155362785,0.9242098689079284,0.04300312971255229,-0.0018332094716548533,0.975842821598053,0.041021639162940216,-0.0015647761681188653,-0.05163295281430085,0.014261168070537757,-0.0002684336673629951,0.05163295281430085,0.014261168070537757,0.0002684336673629951
66.65834779005785,1.0,1500.0,0.0,52.0,2041.0,0.3772638337772166,769.0,1272.0,9.981184272217941,1.9076920147408958,12209.506941958709,132.4,0.028392520157831534,34.03795620437956,4.683211678832119,11.276534650429426,137.0,33.924705882352946,6.741176470588235,11.233143553018408,85.0,34.03795620437956,4.683211678832119,11.276534650429426,137.0,0.42492101098406754,-0.008927110916608003,-0.003958190109946669,-0.0010112569456200643,-0.002945990180032741,-0.03454614125645244,-0.025928293321396796,13.561832625620571,52.0,565500.0,376.0,5058.791471004486,111.78559212042653,0.3273678421974182,-21.46982192993164,-123.23042297363281,0.1624467670917511,-123.39286804199219,0.010502170771360397,0.010502170771360397,0.0,21.428956985473633,0.9768754243850708,1.0156545639038086,-0.03877914696931839,0.03877914696931839,,,,,0.41788075417280196,0.29663966568079186,-0.0006433752175830947,-20.67104981740316,0.8076942690537259,-0.012543333518226361,-125.98391469319661,2.2264728336353627,0.045228058981553625,0.024922045320272444,0.2619696079115437,0.007558252739495247,-126.00883712768555,2.1407941103067,0.037669752755343136,0.010097797804822525,0.00019818134030589608,1.1733595957281206e-05,0.010097797804822525,0.00019818134030589608,1.1733595957281206e-05,0.0,0.0,0.0,20.753572718302408,0.8161889769823123,0.011662768575054322,0.9299770851929983,0.06189572313670485,0.0019429991985189313,0.9854110519091288,0.056984787415679826,0.0016488578348721774,-0.05543394659956296,0.01293580235577359,0.0002941425123124561,0.05543394659956296,0.01293580235577359,-0.0002941425123124561
64.52751425038214,1.0,1500.0,0.0,23.0,1997.0,0.1684565856156991,336.0,1661.0,10.070436784241231,2.2881495842167405,12552.764808471504,225.4,0.04984520123839009,33.74626865671641,6.84179104477612,11.402466412939411,134.0,33.52072072072072,7.93873873873874,11.437544971421339,111.0,33.74626865671641,6.84179104477612,11.402466412939411,134.0,0.4161570525528437,-0.008838360225415696,-0.005669711084525571,-0.0010731538078933458,-0.005918481295365726,-0.03975432719151308,-0.025397966306328602,13.210684343856062,23.0,567000.0,377.0,5070.672374725342,111.8194902171553,0.23421452939510345,-18.74552345275879,-124.33596801757812,0.2000315934419632,-124.53600311279297,0.010276072658598423,0.010276072658598423,0.0,18.796457290649414,0.9800945520401001,1.0236949920654297,-0.04360049217939377,0.04360049217939377,,,,,0.424361319343249,0.32047503873497113,-0.009450357204284518,-20.463732274373374,0.9531257957808289,-0.006063836832862729,-127.2563466389974,2.492805544376134,-0.043546000683265716,-0.021553749963641167,0.27268262603892396,-0.00041593613809552286,-127.2347920735677,2.4429018533275992,-0.04313012654576871,0.01059356921662887,0.00014170243062235275,-6.277586547896311e-06,0.01059356921662887,0.00014170243062235275,-6.277586547896311e-06,0.0,0.0,0.0,20.547891934712727,0.9336011190956103,0.0076562964213435,0.9145587146282196,0.06349060762670718,-0.0002818725928581537,0.9752697030703227,0.059986697391613726,-9.240897266700107e-05,-0.060710992043217026,0.014524880119726602,-0.00018946471664478472,0.060710992043217026,0.014524880119726602,0.00018946471664478472
70.03155658119603,1.0,1500.0,0.0,76.0,2007.0,0.5667905300080025,1137.0,870.0,10.08459543173208,1.861409687951935,11129.975975805424,82.4,0.018247851891221543,33.69850746268658,3.2358208955223895,11.392271861374,134.0,33.45862068965517,6.53793103448276,11.336961964817192,58.0,33.69850746268658,3.2358208955223895,11.392271861374,134.0,0.43018396533588077,-0.007764949529511038,-0.003474460450518043,-0.00043500259734829044,-0.0020795266684068624,-0.018933263725746188,-0.02458632354628129,13.638665683055455,76.0,568500.0,378.0,5084.322531461716,111.81430691741723,0.2540299892425537,-20.2429256439209,-130.60494995117188,0.017360392957925797,-130.622314453125,0.01050096470862627,0.01050096470862627,0.0,20.41753578186035,0.9059679508209229,0.9838102459907532,-0.07784231007099152,0.07784231007099152,,,,,0.5271653175354004,0.7581004587635018,0.007087867855362677,-20.617999903361003,0.9134852592553144,-0.02399670237030911,-127.11814448038737,2.6478358060706326,0.027184035117691307,0.045168007165193556,0.26881174584266515,0.015513412017909789,-127.16331253051757,2.55481004563614,0.011670666992733484,0.010083439170072477,0.00027012887713233976,2.0145312639510534e-05,0.010083439170072477,0.00027012887713233976,2.0145312639510534e-05,0.0,0.0,0.0,20.71395975748698,0.9387194867486546,0.02659008548044903,0.931671820084254,0.06496159573889317,0.003521858134179543,0.9899026393890381,0.058468898458106475,0.0033839812400741224,-0.05823082843174537,0.015261845489351434,0.00013787549805389408,0.05823082843174537,0.015261845489351434,-0.00013787549805389408
66.46192741394043,1.0,1500.0,0.0,10.0,1967.0,0.07341062029887475,144.0,1823.0,10.07247110045515,2.4106146914080866,12721.510338717471,271.40000000000003,0.060931255893314176,33.74393939393939,7.7500000000000036,11.372358468287043,132.0,33.68852459016394,8.242622950819674,11.372357266957014,122.0,33.74393939393939,7.7500000000000036,11.372358468287043,132.0,0.42559721720645605,-0.009103007890954393,-0.0029930464195466193,-0.0014006048857368991,-0.002095612311722332,-0.04557956777996063,-0.02472843097423582,14.59020455851836,10.0,570000.0,379.0,5095.74470448494,111.85803705949465,0.4343211352825165,-19.988313674926758,-123.57327270507812,-0.1256585568189621,-123.44761657714844,0.010221144184470177,0.010221144184470177,0.0,20.102771759033203,0.9194403290748596,0.9525834321975708,-0.03314312919974327,0.03314312919974327,,,,,0.44995386004447935,0.24454829917246135,0.0009233818436093273,-20.471357599894205,1.0320437034216121,0.016287760156413335,-126.29355367024739,2.016772953866905,0.018353818017200707,0.05114395879209042,0.28206422372125095,0.0037185723867445577,-126.34469833374024,1.9599593355016647,0.014635237544214854,0.010161931005616983,0.00012764915123747453,-5.513538624076417e-06,0.010161931005616983,0.00012764915123747453,-5.513538624076417e-06,0.0,0.0,0.0,20.567979876200358,1.0336544586247696,-0.01602777899040974,0.9397760272026062,0.06409169734723617,0.0009665443846858254,0.9911008576552073,0.06142399755768337,0.0008121620295973199,-0.05132483970373869,0.011708420740005956,0.00015438098058485843,0.05132483970373869,0.011708420740005956,-0.00015438098058485843
70.16791878676996,1.0,1500.0,0.0,123.0,2035.0,0.9001075536194068,1831.0,204.0,9.964136751981712,1.9170088173753292,10353.463472320243,16.6,0.0035527780155808577,34.1051094890511,1.0218978102189775,11.254840788638015,137.0,32.971428571428575,5.44285714285714,11.557270692758749,14.0,34.1051094890511,1.0218978102189775,11.254840788638015,137.0,0.4240239991925214,-0.007091373970125569,-0.0036606224091685737,-0.00029598396880380307,-0.0047826317745102796,-0.013546366579967167,-0.023262946199560902,13.285767148121515,123.0,571500.0,380.0,5110.841448307037,111.82111708617158,0.23012971878051758,-21.25833511352539,-130.53314208984375,0.09671564400196075,-130.62985229492188,0.010536816902458668,0.010536816902458668,0.0,21.415098190307617,0.9275335073471069,1.0012428760528564,-0.07370936125516891,0.07370936125516891,,,,,0.5211038410663604,1.0597632829393697,-0.03249496338232209,-20.756606356302896,0.6980765944352547,0.008538138163633614,-127.7493039449056,3.0759402271133345,-0.19488182704361018,0.013701209550102551,0.19878294109916922,0.0006281202648651361,-127.76300582885742,3.088949107707168,-0.19550992564709158,0.010309127066284418,0.00012766434901978846,1.2104773274451818e-05,0.010309127066284418,0.00012766434901978846,1.2104773274451818e-05,0.0,0.0,0.0,20.85516274770101,0.7085434836332472,-0.008737564935568034,0.9252606232961019,0.04534366374497055,-0.0009519016915089276,0.982971207300822,0.043432295323846785,0.0001391540512492174,-0.057710591206947964,0.01799752536291675,-0.0010910555438549813,0.057710591206947964,0.01799752536291675,0.0010910555438549813
69.25521087646484,1.0,1500.0,0.0,63.0,1807.0,0.5227040577603754,944.0,863.0,10.317225132590638,1.6064685506596812,9921.834081127461,75.60000000000001,0.018961625282167043,32.95041322314049,2.9801652892561985,11.706593251762982,121.0,31.975862068965526,5.2620689655172415,11.942048763308344,58.0,32.95041322314049,2.9801652892561985,11.706593251762982,121.0,0.43138861734274836,-0.008687954874964158,-0.004045465537180568,-0.00047390583482485594,-0.0015888047138047099,-0.02331649831649842,-0.02597321624219934,13.844964388085481,63.0,573000.0,381.0,5123.767690181732,111.83176807527677,0.4398922920227051,-22.147140502929688,-126.3073501586914,0.09865489602088928,-126.406005859375,0.01043736469000578,0.01043736469000578,0.0,22.29269027709961,0.9549220204353333,1.0016230344772339,-0.04670108109712601,0.04670108109712601,,,,,0.42818623830874764,0.22475906037756316,-0.004804872747125304,-20.915180333455403,1.1628235760778796,-0.058738242585348294,-127.96112467447917,1.876880806632794,0.05467168109966299,-0.029853324964642526,0.21772965702468056,0.004751307807357215,-127.93127187093098,1.779705487087625,0.04992029107320088,0.010410669166594744,9.370802792136022e-05,-7.073493577018072e-06,0.010410669166594744,9.370802792136022e-05,-7.073493577018072e-06,0.0,0.0,0.0,20.989435958862305,1.1616717773475578,0.06086146489399017,0.9167785962422689,0.05292471795279638,0.001403595820417365,0.9734636306762695,0.04772413973056348,0.0010415422505345674,-0.05668503244717916,0.010680880610317944,0.0003620549472871447,0.05668503244717916,0.010680880610317944,-0.0003620549472871447
67.84983343007613,1.0,1500.0,0.0,98.0,1881.0,0.7766216326885114,1460.0,421.0,9.694347606510034,1.892001380186606,10372.100271787767,44.6,0.01001571973950146,35.06299212598425,2.2362204724409445,11.006431911808495,127.0,35.27586206896552,6.268965517241382,10.865756471714919,29.0,35.06299212598425,2.2362204724409445,11.006431911808495,127.0,0.41398868095097313,-0.007761907798529768,-0.003702074060915339,-0.0005763324742820724,-0.0022564236337550684,-0.02665971044737209,-0.023473615246277085,13.15461095775963,98.0,574500.0,382.0,5138.090151548386,111.81197352616944,0.8290846347808838,-21.545612335205078,-128.22206115722656,-0.12467878311872482,-128.09738159179688,0.010399355553090572,0.010399355553090572,0.0,21.694604873657227,0.8980176448822021,0.9526944160461426,-0.05467680096626282,0.05467680096626282,,,,,0.43948118189970653,0.431778524767555,0.006861951406858644,-20.419346872965495,0.986852892855876,-0.015817446597292947,-127.85725657145183,1.8388233553101605,0.025655265697785527,-0.06004912815988064,0.26376637066335384,-0.006610584500203277,-127.79720687866211,1.7768648570619687,0.0322657312514156,0.010579586122184991,9.081467154150211e-05,-1.6151572079364209e-06,0.010579586122184991,9.081467154150211e-05,-1.6151572079364209e-06,0.0,0.0,0.0,20.5167179107666,0.9944652583943231,0.01683821290963436,0.9129421393076579,0.06043943276850573,-0.001189348535887806,0.9668241620063782,0.05792139936013106,-0.0014466374548975003,-0.053882032011946045,0.010591038054258227,0.00025728981158757396,0.053882032011946045,0.010591038054258227,-0.00025728981158757396
69.88470945105088,1.0,1500.0,0.0,113.0,1850.0,0.9163809320018104,1695.0,155.0,9.91569010365671,1.7927897114885438,9638.838479198686,18.2,0.0042847725774555045,34.25483870967742,1.437096774193548,11.274032444124462,124.0,34.618181818181824,9.000000000000002,10.999165776928134,11.0,34.25483870967742,1.437096774193548,11.274032444124462,124.0,0.42340901628722777,-0.007405365453527514,-0.003336028396231371,-0.0003411342241268333,-0.0027072269683676054,-0.018240591087508792,-0.02382817414256624,13.535640672321035,113.0,576000.0,383.0,5152.67550110817,111.78658541103967,0.7274429798126221,-21.4460506439209,-126.60855865478516,-0.417588472366333,-126.19097137451172,0.01083614956587553,0.01083614956587553,0.0,21.535343170166016,0.8462420701980591,0.8877091407775879,-0.04146708548069,0.04146708548069,,,,,2.2235916793346404,9.017227269754516,0.16269561361285284,-20.51532974243164,0.7913369070714013,0.0032719689561216854,-128.5178456624349,2.2099610644528265,-0.012638629238647852,0.00928379949182272,0.27129636219692854,0.003241033968541591,-128.52712936401366,2.2154819078485026,-0.015879723333540933,0.010475389069567125,0.0002402289474316561,2.449312256659475e-05,0.010475389069567125,0.0002402289474316561,2.449312256659475e-05,0.0,0.0,0.0,20.580769093831382,0.778280630241457,9.050379870822368e-05,0.9259082317352295,0.05989473103765891,0.0006838312934052099,0.9820721169312795,0.05948480548237851,0.0007101127250043285,-0.056163886189460756,0.013010033582138385,-2.628113987448367e-05,0.056163886189460756,0.013010033582138385,2.628113987448367e-05
62.122211599349974,1.0,1500.0,0.0,80.0,2080.0,0.5754087360637921,1196.0,884.0,9.541270992115473,1.9542607326183028,12041.003093492047,88.4,0.017850652235370138,35.627338129496394,4.164028776978417,10.773201720732821,139.0,35.64406779661019,6.847457627118646,10.690629280788643,59.0,35.627338129496394,4.164028776978417,10.773201720732821,139.0,0.40558362868490544,-0.007895775355989025,-0.0034433366052753385,-0.000336578410076569,-0.004471991212929589,-0.05485642554526867,-0.022983171419525415,12.477122201074948,80.0,577500.0,384.0,5166.632972955704,111.77492247327692,0.3539755940437317,-20.359451293945312,-130.41021728515625,0.07488471269607544,-130.485107421875,0.010862709954380989,0.010862709954380989,0.0,20.466087341308594,0.9318899512290955,0.996557891368866,-0.06466788798570633,0.06466788798570633,,,,,0.5773461163043976,1.2671443499133703,-0.004897150161932005,-20.68102830251058,0.9404728032149094,-0.017130206981144976,-128.60112406412762,2.539279322561413,-0.023679552937505358,-0.06275644352038702,0.23148629880255908,-0.007531912480631185,-128.53836771647136,2.4758821477789468,-0.016147780710118218,0.01114427000284195,0.00015717168565616835,-2.932780576627662e-06,0.01114427000284195,0.00015717168565616835,-2.932780576627662e-06,0.0,0.0,0.0,20.763279024759928,0.9480938019622228,0.015394145469113487,0.9118177076180776,0.0564300719605643,-0.0016959922730060994,0.9660417020320893,0.05144432590249891,-0.0016680111078850239,-0.054224000436564286,0.014508799682774742,-2.79807801605991e-05,0.054224000436564286,0.014508799682774742,2.79807801605991e-05
65.62492845496352,1.0,1500.0,0.0,49.0,1901.0,0.38341571880801917,728.0,1173.0,10.146151260451068,1.9183811413360305,11309.256248485333,129.0,0.030090972708187544,33.49218750000001,4.870312499999999,11.475316595938438,128.0,33.248101265822804,6.764556962025318,11.458168655180227,79.0,33.49218750000001,4.870312499999999,11.475316595938438,128.0,0.43066809019531455,-0.008622852738706216,-0.0037365006417184534,-0.0009217060228200837,-0.0009729729729729717,-0.0481081081081085,-0.025238002018859847,13.814665494645494,49.0,579000.0,385.0,5179.359301805496,111.78988872198224,0.4335278272628784,-20.89117431640625,-128.18368530273438,-0.046692170202732086,-128.13699340820312,0.010400893166661263,0.010400893166661263,0.0,20.894901275634766,0.9208562970161438,0.9697737693786621,-0.04891742765903473,0.04891742765903473,,,,,1.1583920235435168,4.240923284841779,-0.11254767667133371,-20.71050745646159,0.8764622998311008,-0.020703261633205298,-128.4821024576823,2.1310932736534824,-0.08550485307567933,0.028994489274919034,0.2265790510290495,0.002993116821592326,-128.51109771728517,2.109518846970029,-0.08849794177775178,0.01042806850746274,0.0001285595917165442,-5.933466482414646e-06,0.01042806850746274,0.0001285595917165442,-5.933466482414646e-06,0.0,0.0,0.0,20.793200492858887,0.8685361424655659,0.02162528075153427,0.9342705766359966,0.0516801111473287,0.000204736584418326,0.986338589588801,0.04965069291484143,0.0006562506529327262,-0.05206801667809487,0.012148658083070845,-0.0004515132380937435,0.05206801667809487,0.012148658083070845,0.0004515132380937435
66.42690954403001,1.0,1500.0,0.0,49.0,1909.0,0.3838568729332728,732.0,1177.0,10.072810663225676,1.947030050926545,11059.5095448754,103.2,0.023897739903668024,33.73749999999999,4.367187500000001,11.408757774821188,128.0,33.587341772151895,6.245569620253165,11.38997116050084,79.0,33.73749999999999,4.367187500000001,11.408757774821188,128.0,0.4280666726636201,-0.009027802327633143,-0.004768311859459625,-0.0003337388117034172,-0.004470998925886171,-0.03523093447905499,-0.02659556337459369,13.585732494925226,49.0,580500.0,386.0,5192.078095197678,111.80494386956995,0.25296151638031006,-21.611635208129883,-128.52806091308594,-0.09181016683578491,-128.43624877929688,0.01023526769131422,0.01023526769131422,0.0,21.550636291503906,0.9112797975540161,0.9599628448486328,-0.04868307337164879,0.04868307337164879,,,,,0.40321193138758343,0.33217387745367843,0.002999359336127425,-20.576854133605956,0.7986103520908102,-0.002217367254984706,-129.7237330118815,2.3818514531231685,0.0762347364584809,-0.039140495285391805,0.2556256827536704,0.013233071773647605,-129.6845926920573,2.3503864122202147,0.0630017748398857,0.009991145351280768,0.00017516156309431866,7.441018742233689e-07,0.009991145351280768,0.00017516156309431866,7.441018742233689e-07,0.0,0.0,0.0,20.64214998881022,0.8031590210360608,0.0029103195309239517,0.9145538787047068,0.05838677611000636,0.003313118557510963,0.9714805682500204,0.055504552851509174,0.0028788706351970538,-0.056926708792646726,0.013861587893276885,0.0004342469203392581,0.056926708792646726,0.013861587893276885,-0.0004342469203392581
68.01076254443588,1.0,1500.0,0.0,107.0,1949.0,0.8214275605239106,1600.0,349.0,9.742172488276589,1.9266891077913446,10272.033309605364,15.600000000000001,0.0034137161363735832,34.88396946564885,1.8351145038167938,11.012616973648907,131.0,34.75833333333334,5.641666666666668,10.972974587237415,24.0,34.88396946564885,1.8351145038167938,11.012616973648907,131.0,0.41410758803031633,-0.007240870526726518,-0.0036930757137729783,-0.00014501709969268274,-0.003100173227405798,-0.025088107042590277,-0.02312993933773345,12.982876098969435,107.0,582000.0,387.0,5206.721662521362,111.77858885549985,0.2974684238433838,-20.69133758544922,-128.071044921875,0.13946954905986786,-128.21051025390625,0.010573548264801502,0.010573548264801502,0.0,20.68050765991211,0.9652628302574158,1.0106573104858398,-0.04539460688829422,0.04539460688829422,,,,,0.5155322968959808,0.5055482502128215,-0.0017050730306924593,-20.424934260050456,0.9788962131122053,8.028685980357469e-05,-129.3637252807617,2.487131389317678,-0.03216394545371448,0.04200585161646207,0.29572065122442487,-0.0018746454189961471,-129.4057309468587,2.4667409477191096,-0.03028938709297116,0.010674771821747224,0.00018120729647167963,1.1221509016594194e-05,0.010674771821747224,0.00018120729647167963,1.1221509016594194e-05,0.0,0.0,0.0,20.512007013956705,0.9757309831066776,-0.001197971093642002,0.935911770661672,0.06677949334384466,-0.0005201945713285304,0.9892176171143849,0.06512202599152139,-0.00041035525127833185,-0.053305845831831296,0.014309948293708458,-0.00010983898108607425,0.053305845831831296,0.014309948293708458,0.00010983898108607425
73.06507757938269,1.0,1500.0,0.0,66.0,1851.0,0.5282085457060043,977.0,874.0,10.272074488329926,1.7156560035199047,10031.503828124416,79.60000000000001,0.019256822140507064,33.06880000000002,2.9999999999999996,11.675630730154188,125.0,32.877966101694916,6.213559322033898,11.65670809285464,59.0,33.06880000000002,2.9999999999999996,11.675630730154188,125.0,0.4389475780210039,-0.007790646638859024,-0.0039012193958283255,-0.0004478003730315042,-0.0016627562990921107,-0.0034275221870855867,-0.025527831010972474,14.218886551672352,66.0,583500.0,388.0,5219.83291053772,111.78518738062267,0.5212994813919067,-21.061933517456055,-135.93966674804688,-0.2842090129852295,-135.65545654296875,0.010431130416691303,0.010431130416691303,0.0,21.221920013427734,0.8311086893081665,0.9177135229110718,-0.08660484105348587,0.08660484105348587,,,,,1.362207221488158,4.980043627814846,-0.09016543086100215,-20.270283126831053,0.8525282673244576,-0.01586470810802101,-130.1099385579427,3.084017258334593,-0.08883750160225794,-0.04623888432979584,0.2826441844272583,-0.004352253745076917,-130.06369959513347,2.9762521701229634,-0.08448524178068778,0.01061291874696811,0.00013505256939962972,-1.2651739747691635e-05,0.01061291874696811,0.00013505256939962972,-1.2651739747691635e-05,0.0,0.0,0.0,20.36555423736572,0.8630040164313203,0.018202566331432093,0.9146869917710622,0.06984167854805996,-0.001379635562090531,0.9698273003101349,0.06214257658983572,-0.000955698659873543,-0.05514032766222954,0.017145684638096362,-0.0004239355828260806,0.05514032766222954,0.017145684638096362,0.0004239355828260806
69.66270889670162,1.0,1500.0,0.0,118.0,1993.0,0.8828572855960818,1759.0,234.0,9.954028977418895,1.9625816987148106,10190.974083919062,16.8,0.0036716496197220037,34.146268656716444,1.0432835820895523,11.257026389630711,134.0,33.9875,3.8499999999999996,11.18635019811138,16.0,34.146268656716444,1.0432835820895523,11.257026389630711,134.0,0.4251900486315921,-0.00782914673972043,-0.004106993763573084,-0.00031951441900653137,-0.0038883958287109104,-0.017350787663634473,-0.024008772576724402,13.48769920384997,118.0,585000.0,389.0,5234.734234571457,111.75352439795661,0.3574685752391815,-21.830528259277344,-131.34669494628906,-0.06091263145208359,-131.28578186035156,0.009941690601408482,0.009941690601408482,0.0,21.75113296508789,0.9075092077255249,0.9667900204658508,-0.05928083509206772,0.05928083509206772,,,,,1.1922971536715825,4.282184280781895,-0.0582600069191883,-20.725934664408367,0.9609562097652052,-0.04532414904160508,-129.61294860839843,2.7267700797895493,0.008154361372663977,-0.08813443047304949,0.23539888501356757,-0.005611557201860481,-129.52481384277343,2.6615816880630137,0.013766119663126068,0.010139052787174781,0.00011273187201548691,-1.103576164986876e-05,0.010139052787174781,0.00011273187201548691,-1.103576164986876e-05,0.0,0.0,0.0,20.793129666646323,0.9485045179569034,0.041601819217668645,0.9107599059740702,0.056786204209556906,-0.0010719221346370655,0.9608030656973521,0.05122718221344353,-0.0012170706097621184,-0.050043150472144284,0.015448158228667241,0.00014514848879964304,0.050043150472144284,0.015448158228667241,-0.00014514848879964304
68.86363374864733,1.0,1500.0,0.0,111.0,1852.0,0.8929741331352742,1653.0,199.0,9.927301139217766,2.00696169719742,9684.118479012684,4.6000000000000005,0.0010744149110104172,34.2512,1.2640000000000002,11.255790760338003,125.0,33.24285714285715,4.128571428571429,11.508934860131232,14.0,34.2512,1.2640000000000002,11.255790760338003,125.0,0.4214710548810227,-0.007540311318506604,-0.003817214499340355,-8.25541287308214e-05,-0.003580413034575592,-0.02344819516761268,-0.02397812291384729,13.57713459910972,111.0,586500.0,390.0,5249.299079179764,111.72920253795948,1.0725913047790527,-20.800277709960938,-128.42013549804688,0.23876410722732544,-128.65890502929688,0.011087389662861824,0.011087389662861824,0.0,20.89432144165039,0.9909030199050903,1.0330346822738647,-0.042131632566452026,0.042131632566452026,,,,,0.5998680025339127,1.2681608698291937,-0.02153122666415173,-20.649708875020345,0.8411519321536585,-0.01072897948200322,-131.27146809895834,2.443725340818347,0.06660441397559819,0.0027667911102374396,0.209314007442279,0.0034975832284690265,-131.27423502604168,2.4512454074331136,0.06310673290418399,0.010444476890067259,0.00034029908535166645,3.834766635176044e-05,0.010444476890067259,0.00034029908535166645,3.834766635176044e-05,0.0,0.0,0.0,20.739331754048667,0.8205737786146287,0.00792044829473583,0.9224663217862447,0.047141221800081845,0.0012014844393703297,0.980649197101593,0.04595130111073572,0.0007706413014446823,-0.05818286786476771,0.014296653488386588,0.0004308442053725917,0.05818286786476771,0.014296653488386588,-0.0004308442053725917
67.88403383890788,1.0,1500.0,0.0,60.0,2076.0,0.42853454123279855,889.0,1187.0,9.839781668827197,1.928908640418698,11979.142876548038,107.60000000000001,0.02225623629669466,34.53285714285713,4.13,11.067677823508522,140.0,33.467499999999994,6.639999999999998,11.317999971541251,80.0,34.53285714285713,4.13,11.067677823508522,140.0,0.399658397151249,-0.007308331814407125,-0.00380810585205669,-0.00015467104540631285,-0.002344072697232554,-0.019413465510119837,-0.022477487803649998,12.337858023296029,60.0,588000.0,391.0,5262.623998165131,111.73133406547996,0.22447919845581055,-20.119163513183594,-137.96420288085938,-0.05981968715786934,-137.90438842773438,0.011373333632946014,0.011373333632946014,0.0,20.207788467407227,0.8732480406761169,0.9666365385055542,-0.09338851273059845,0.09338851273059845,,,,,0.6088760808110237,1.0969518821462847,-0.004703510374460661,-20.68328151702881,0.9749236327199239,-0.0034667268610898755,-130.85371373494465,2.3664535332325163,-0.10021658145280639,0.03303750616808732,0.22054443833893378,-0.002414105231723475,-130.88675231933593,2.3830813545725293,-0.09780253748739472,0.011252745892852545,8.22237853590419e-05,2.1662154919709353e-06,0.011252745892852545,8.22237853590419e-05,2.1662154919709353e-06,0.0,0.0,0.0,20.775906308492026,0.9730452851965307,0.002506769963180223,0.9333934267361959,0.049281440478899985,-0.0010357698158374611,0.9873574475447336,0.04913939938310679,-0.0005382210712412064,-0.053964023292064664,0.013531296475497376,-0.0004975495766744726,0.053964023292064664,0.013531296475497376,0.0004975495766744726
67.52595092029107,1.0,1500.0,0.0,41.0,2005.0,0.30483766302693655,611.0,1394.0,10.04275314326394,1.619723109015834,11665.6029748033,168.4,0.03715634791050704,33.82238805970149,5.482089552238808,11.327005071024386,134.0,33.65591397849462,7.365591397849462,11.28653226004222,93.0,33.82238805970149,5.482089552238808,11.327005071024386,134.0,0.4257225865851808,-0.008639767640861534,-0.004076147793059086,-0.0006290178202765586,-0.0025915853463445784,-0.031738921772516505,-0.02554011639364167,13.781524803852726,41.0,589500.0,392.0,5275.095503091812,111.75153125748818,0.17950226366519928,-23.10206413269043,-132.06103515625,-0.575584888458252,-131.48544311523438,0.011495240963995457,0.011495240963995457,0.0,23.219837188720703,0.796626091003418,0.8511102199554443,-0.05448411405086517,0.05448411405086517,,,,,0.3562061021725337,0.19668660830786794,0.0022194063636962165,-20.518221600850424,1.0228448406916284,-0.004378580384047057,-131.9532730102539,2.103052162050058,-0.011798757652814898,0.014909197638432185,0.25634977393359,-0.0032060128215024943,-131.9681818644206,2.10059524742629,-0.008592707853559626,0.011454861269642909,5.463098438938784e-05,9.69135928670657e-07,0.011454861269642909,5.463098438938784e-05,9.69135928670657e-07,0.0,0.0,0.0,20.60293629964193,1.0265093308955133,0.003626875829643249,0.9251206556955973,0.05793103273005754,-0.0007005117361219524,0.9833307425181071,0.05735068163705062,-0.0007170917194863089,-0.0582100714246432,0.012060715790072006,1.6579139683484372e-05,0.0582100714246432,0.012060715790072006,-1.6579139683484372e-05
62.30150477091471,1.0,1500.0,0.0,15.0,1881.0,0.1131236839775031,212.0,1669.0,10.302870909978454,2.229167534170394,11867.233203517411,226.20000000000002,0.054001145912910616,32.98267716535432,7.074015748031496,11.63409826986439,127.0,32.92142857142857,7.692857142857145,11.627385023331906,112.0,32.98267716535432,7.074015748031496,11.63409826986439,127.0,0.43956847987714814,-0.011639268474938532,-0.0037458325423088417,-0.001157258902139457,-0.0020242914979757085,-0.06621682411156092,-0.02896266876950447,14.014633832366767,15.0,591000.0,393.0,5286.574831724167,111.79261030288885,0.3485155403614044,-21.577892303466797,-135.59693908691406,0.030869100242853165,-135.6278076171875,0.011881863698363304,0.011881863698363304,0.0,21.60047721862793,0.9107203483581543,0.9869638085365295,-0.07624351978302002,0.07624351978302002,,,,,1.1168234745661418,4.141487604760749,-0.1306313524654631,-20.639968872070312,0.7081381909121374,-0.04248490635889897,-131.78903096516927,2.2439204818784266,-0.07507847668198868,0.040378590921560924,0.30679288724035203,-0.0007892418971846714,-131.82940826416015,2.172963641734838,-0.07428931383720284,0.011667322025944789,0.00010568110425720817,7.133242426578608e-06,0.011667322025944789,0.00010568110425720817,7.133242426578608e-06,0.0,0.0,0.0,20.722540537516277,0.7202595521645643,0.040842623599246196,0.9336399455865224,0.07203915578419864,-0.0005447622533635082,0.9890848815441131,0.06898324784932203,-0.00018422191214644053,-0.05544493931035201,0.01229381157238784,-0.0003605412735756018,0.05544493931035201,0.01229381157238784,0.0003605412735756018
67.77614528376881,1.0,1500.0,0.0,82.0,1936.0,0.6310157715765643,1221.0,715.0,9.63812773737923,1.6320002303683623,10523.134594007593,68.60000000000001,0.014970974641002138,35.24769230769231,2.9753846153846144,10.950091600808753,130.0,34.45416666666667,6.491666666666666,11.15413972669316,48.0,35.24769230769231,2.9753846153846144,10.950091600808753,130.0,0.4041766437742399,-0.0072226841031136566,-0.0036388969923929373,-0.00042698112937360834,-0.0028706672774469586,-0.02296533821957567,-0.0218426165309384,12.635249004207594,82.0,592500.0,394.0,5300.495191812515,111.78200876688153,0.3089825510978699,-21.440502166748047,-133.4287109375,-0.3346187472343445,-133.09408569335938,0.011807429604232311,0.011807429604232311,0.0,21.54244613647461,0.8448477983474731,0.9046155214309692,-0.0597677156329155,0.0597677156329155,,,,,0.8650584464271863,1.668083375299061,0.020705820187445604,-20.191846783955892,1.0143905191946312,0.0023205872770148757,-133.08588460286458,2.393087058459596,-0.07352638456791928,-0.11378353871405125,0.2598286770072351,0.002889780109298643,-132.97210083007812,2.3536582547599227,-0.07641628040487275,0.011729457570860783,0.00020714528741829706,-1.6197109920230745e-05,0.011729457570860783,0.00020714528741829706,-1.6197109920230745e-05,0.0,0.0,0.0,20.29006881713867,1.007827362396255,-0.0019720559125487275,0.8943870842456818,0.06127551170941771,0.00028449262474745214,0.9544084588686625,0.058454618908018445,0.0006550968687844431,-0.060021372884511946,0.01330129798007672,-0.0003706047993082884,0.060021372884511946,0.01330129798007672,0.0003706047993082884
72.41445469856262,1.0,1500.0,0.0,32.0,1991.0,0.23982570867509495,477.0,1514.0,10.224196873022454,2.1785137007005217,12427.591961738537,156.20000000000002,0.035323383084577116,33.248120300751886,5.260150375939849,11.554783767417332,133.0,33.203960396039605,6.845544554455446,11.498290904783312,101.0,33.248120300751886,5.260150375939849,11.554783767417332,133.0,0.4377551605141407,-0.00784898348519499,-0.0038479320506282287,-0.0008509527645429881,-0.00308758664146187,-0.0068893089687040564,-0.02575586492640539,14.467946898343786,32.0,594000.0,395.0,5312.640501260757,111.80880766523468,0.262134850025177,-22.19353485107422,-131.85572814941406,-0.1842736005783081,-131.67144775390625,0.011558019556105137,0.011558019556105137,0.0,22.305614471435547,0.8889800906181335,0.9386868476867676,-0.04970674216747284,0.04970674216747284,,,,,0.35424670577049255,0.2102564117664763,-0.006537240272899635,-20.677475674947104,0.8132573666578526,-0.029145454432197637,-133.29667180379232,2.1928673662861007,0.03765250132797782,0.022616879207392533,0.24088881667294532,0.005228246586424227,-133.31928736368815,2.118896565815206,0.032424388711526704,0.011589470443626244,0.000161160538053003,-1.5248559224725154e-05,0.011589470443626244,0.000161160538053003,-1.5248559224725154e-05,0.0,0.0,0.0,20.751069513956704,0.8198571727913874,0.031015852269393962,0.925003057718277,0.05841642890595699,0.0014219298511246102,0.9850429097811381,0.05402307743547893,0.0011718182463004044,-0.06003986559808254,0.012172763670646347,0.0002501119205829716,0.06003986559808254,0.012172763670646347,-0.0002501119205829716
70.16229521553471,1.0,1500.0,0.0,106.0,2075.0,0.7640640001129448,1585.0,490.0,9.928676855449007,2.00281722419379,10864.78488599962,28.200000000000003,0.005926610903282754,34.231654676258984,1.5726618705035975,11.175293035604891,139.0,33.12121212121212,4.963636363636366,11.464973199086046,33.0,34.231654676258984,1.5726618705035975,11.175293035604891,139.0,0.4195255141534902,-0.006847228722040845,-0.0032319479386564874,-0.00024145686765413336,-0.004198706212620552,-0.013377273282070118,-0.022455167928492833,13.093607878524136,106.0,595500.0,396.0,5327.342029094696,111.78182229482205,0.28472501039505005,-19.76697540283203,-136.9388427734375,0.1624492108821869,-137.10128784179688,0.011321729980409145,0.011321729980409145,0.0,19.815956115722656,0.9376333951950073,1.016251564025879,-0.07861825823783875,0.07861825823783875,,,,,0.3862749204039574,0.27891441601141465,0.0018216560262196207,-20.217304102579753,0.8035008565068065,-0.005487069033409077,-133.51414642333984,3.3709140814024656,-0.19090952634545813,-0.05851827375590801,0.2822326864147641,-0.00018006096675876024,-133.45562845865885,3.3097693139561954,-0.19072926895769202,0.011409220440934101,0.00031429978596834854,-2.8089217394093248e-05,0.011409220440934101,0.00031429978596834854,-2.8089217394093248e-05,0.0,0.0,0.0,20.29880167643229,0.8153705849647304,0.007659363030591578,0.9081032296021779,0.06881187726305536,-0.0010607728570931855,0.9669549226760864,0.06305778117433346,-4.108869724468351e-05,-0.05885168742388487,0.018545633785512602,-0.0010196836315120273,0.05885168742388487,0.018545633785512602,0.0010196836315120273
70.14838949350211,1.0,1500.0,0.0,65.0,2074.0,0.4674498520806338,969.0,1105.0,10.230207786735027,1.7532057544793254,11388.438424869759,87.0,0.018850754030161208,33.202877697841714,3.2316546762589935,11.563090340238496,139.0,33.002702702702706,5.421621621621623,11.567935761130528,74.0,33.202877697841714,3.2316546762589935,11.563090340238496,139.0,0.4366350356359427,-0.008150161081254863,-0.0034607758490289835,-0.0003920085904523347,-0.004042070530006216,-0.01979789647349975,-0.025215390249491584,14.112341503063487,65.0,597000.0,397.0,5340.5278787612915,111.7867022797887,0.4314279556274414,-18.968896865844727,-129.60324096679688,-0.31741732358932495,-129.28582763671875,0.011039087548851967,0.011039087548851967,0.0,19.07745361328125,0.8772107362747192,0.9095621109008789,-0.03235132247209549,0.03235132247209549,,,,,0.7631087929010392,1.9757130243532417,-0.0030004435505829982,-20.283201599121092,0.9755206606490741,0.0067982980221083155,-132.82148818969728,2.455422232248379,-0.008077064318966825,0.040493618696928024,0.2279285234346394,-0.006014101068024116,-132.8619812011719,2.510406345754132,-0.002063008648930625,0.011303686785201232,0.00025881389326593707,-2.7108480853419357e-05,0.011303686785201232,0.00025881389326593707,-2.7108480853419357e-05,0.0,0.0,0.0,20.363111368815105,0.9593235172104528,-0.006991174886701972,0.9354863206545512,0.048718337412441325,-0.0012934336805503022,0.9890319883823395,0.05092807490288274,-0.0013462812802417824,-0.053545659966766836,0.01424314448219993,5.2847352305695966e-05,0.053545659966766836,0.01424314448219993,-5.2847352305695966e-05
68.65940447935124,1.0,1500.0,0.0,97.0,2089.0,0.6898844162800197,1441.0,648.0,9.787622940065807,1.7366772994095259,11135.48187717133,50.2,0.010256619810395554,34.712056737588625,2.341843971631206,11.044540858112613,141.0,34.23181818181819,5.881818181818184,11.045260332728922,44.0,34.712056737588625,2.341843971631206,11.044540858112613,141.0,0.4135290413945929,-0.007299386479978331,-0.003327759628095854,-0.00031472265648682966,-0.00510963323895436,-0.01880555738460538,-0.022844971217147625,12.948632854731233,97.0,598500.0,398.0,5355.029205083847,111.76409634364056,0.30301418900489807,-22.555814743041992,-137.02145385742188,-0.08098934590816498,-136.94046020507812,0.010560649447143078,0.010560649447143078,0.0,22.518962860107422,0.8884711265563965,0.9622021913528442,-0.07373107969760895,0.07373107969760895,,,,,0.435498401025931,0.41694254167704464,0.011688018663971782,-20.642232767740886,0.79753136327252,-0.02799826039620814,-133.84627278645834,2.8621803601379616,-0.08607822710998196,-0.030245853029191493,0.2114316348465168,-0.009723810741762836,-133.81602732340494,2.775632594117444,-0.07635445430360606,0.011085967409114043,0.0002772819891623084,-2.40762702482564e-05,0.011085967409114043,0.0002772819891623084,-2.40762702482564e-05,0.0,0.0,0.0,20.71465473175049,0.7781736676642067,0.027855287324864714,0.916299287478129,0.054635492620006394,-0.002520400186269273,0.9733081142107646,0.046984723444078266,-0.0021527964493324317,-0.05700882561504841,0.015572728036598609,-0.000367603842189764,0.05700882561504841,0.015572728036598609,0.000367603842189764
69.13969495819836,1.0,1500.0,0.0,82.0,2038.0,0.6006641453097011,1224.0,814.0,10.21343552241298,2.0602419096784295,11114.619636704523,93.2,0.020453847166747138,33.259854014598545,3.045255474452554,11.548997044695536,137.0,32.78181818181818,6.247272727272728,11.6096153899812,55.0,33.259854014598545,3.045255474452554,11.548997044695536,137.0,0.4342847540596588,-0.008953958073529215,-0.0035841770578942727,-0.000561246183900254,-0.0031471090509880687,-0.023940798568756774,-0.026250442320573664,13.976099329263246,82.0,600000.0,399.0,5368.8087866306305,111.7566342638456,0.282747358083725,-21.47072982788086,-133.9470672607422,0.044613197445869446,-133.99168395996094,0.01066255196928978,0.01066255196928978,0.0,21.596145629882812,0.9346861243247986,0.9898241758346558,-0.05513805150985718,0.05513805150985718,,,,,0.41292610615491865,0.27045244198244,-0.002194445784948566,-20.570782089233397,1.0078267482970107,0.033139976696655554,-134.4201237996419,1.7761383792555518,-0.04786978818152738,-0.06635324855645498,0.27534750093197147,0.006981001298737877,-134.35377044677733,1.7829358886099291,-0.05485063495572073,0.010482451412826777,0.00010150944436660525,6.957346981637539e-06,0.010482451412826777,0.00010150944436660525,6.957346981637539e-06,0.0,0.0,0.0,20.643282318115233,1.0063619797754377,-0.033434452655185604,0.907315214474996,0.06035686471774988,0.0012854403993311464,0.9654275973637899,0.06044033772832191,0.0015303838239760857,-0.05811240573724111,0.009927805461877694,-0.00024494161959882427,0.05811240573724111,0.009927805461877694,0.00024494161959882427
